ST_CASE,PER_NO,AGE,SEXNAME,PBPTYPENAME,YEAR,MONTHNAME,DAY_WEEKNAME,HOURNAME,LGT_CONDNAME,WEATHER,RUR_URBNAME,FUNC_SYSNAME,TYP_INTNAME,REL_ROADNAME,WRK_ZONENAME,LATITUDE,LONGITUD,PEDLOCNAME,BIKELOCNAME,PEDPOSNAME,BIKEPOSNAME,PEDDIRNAME,BIKEDIRNAME,VSPD_LIM,VSPD_LIMNAME,VTRAFCON,VTRAFCONNAME,VTRAFWAY,VTRAFWAYNAME,GEOID,NAMELSAD,MEDIAN_INCOME,TOTAL_POPULATION,PCT_WHITE,PCT_BLACK,PCT_HISPANIC,PCT_TRANSIT_WALK_COMMUTE
410001,1,66,Female,Persons on Personal Conveyances,2015,January,Thursday,6:00am-6:59am,Dark - Lighted,Clear,Urban,Major Collector,Not an Intersection,On Roadway,None / Unknown,45.0962,-123.4242972,Not At Intersection,Not a Cyclist,Travel Lane,Not a Cyclist,Not Applicable,Not a Cyclist,45,45 MPH,0,No Controls,1,"Two-Way, Not Divided",41071030502,Census Tract 305.02,49134.0,5033,84.68110470892111,0.13908205841446453,6.218954897675342,9.751037344398341
410003,1,64,Male,Pedestrian,2015,January,Thursday,6:00pm-6:59pm,Dark - Not Lighted,Clear,Urban,Principal Arterial - Other,T-Intersection,On Roadway,None / Unknown,45.47661667,-122.5346667,At Intersection,Not a Cyclist,Intersection Area,Not a Cyclist,Northbound,Not a Cyclist,35,35 MPH,0,No Controls,1,"Two-Way, Not Divided",41051008904,Census Tract 89.04,65137.0,4908,54.013854930725344,6.438467807660962,18.887530562347187,4.925053533190578
410006,1,64,Male,Pedestrian,2015,January,Monday,5:00pm-5:59pm,Dark - Lighted,Cloudy,Urban,Principal Arterial - Other,Not an Intersection,On Roadway,None / Unknown,44.95018333,-122.9934333,Not At Intersection,Not a Cyclist,Sidewalk / Shared-Use Path / Driveway Access,Not a Cyclist,Not Applicable,Not a Cyclist,30,30 MPH,0,No Controls,5,"Two-Way, Not Divided With a Continuous Left-Turn Lane",41047000703,Census Tract 7.03,56500.0,2626,52.513328255902515,1.4470677837014472,34.84386900228485,3.308823529411765
410006,2,63,Female,Pedestrian,2015,January,Monday,5:00pm-5:59pm,Dark - Lighted,Cloudy,Urban,Principal Arterial - Other,Not an Intersection,On Roadway,None / Unknown,44.95018333,-122.9934333,Not At Intersection,Not a Cyclist,Sidewalk / Shared-Use Path / Driveway Access,Not a Cyclist,Not Applicable,Not a Cyclist,30,30 MPH,0,No Controls,5,"Two-Way, Not Divided With a Continuous Left-Turn Lane",41047000703,Census Tract 7.03,56500.0,2626,52.513328255902515,1.4470677837014472,34.84386900228485,3.308823529411765
410008,1,50,Male,Pedestrian,2015,January,Sunday,5:00pm-5:59pm,Dark - Not Lighted,Cloudy,Urban,Principal Arterial - Other,Not an Intersection,On Roadway,None / Unknown,44.587275,-123.2539444,Not At Intersection,Not a Cyclist,Travel Lane,Not a Cyclist,Not Applicable,Not a Cyclist,50,50 MPH,0,No Controls,1,"Two-Way, Not Divided",41003000600,Census Tract 6,52371.0,4634,82.75787656452309,1.251618472162279,9.06344410876133,3.2149712092130516
410011,1,31,Female,Pedestrian,2015,January,Wednesday,2:00am-2:59am,Dark - Lighted,Clear,Urban,Principal Arterial - Other,Not an Intersection,On Roadway,None / Unknown,45.44081944,-122.7495528,Not At Intersection,Not a Cyclist,Travel Lane,Not a Cyclist,Not Applicable,Not a Cyclist,35,35 MPH,0,No Controls,5,"Two-Way, Not Divided With a Continuous Left-Turn Lane",41067030600,Census Tract 306,103406.0,5762,72.59632072197154,1.423116973273169,13.033668864977438,4.212598425196851
410014,1,80,Female,Pedestrian,2015,January,Thursday,7:00pm-7:59pm,Dark - Not Lighted,Cloudy,Urban,Minor Arterial,Four-Way Intersection,On Roadway,None / Unknown,45.50880833,-122.7705222,At Intersection,Not a Cyclist,Crosswalk Area,Not a Cyclist,Southbound,Not a Cyclist,35,35 MPH,2,Traffic control signal (on colors) with Pedestrian Signal,1,"Two-Way, Not Divided",41067030103,Census Tract 301.03,94063.0,4411,77.2840625708456,2.811153933348447,10.043074132849695,10.451786918408631
410014,2,54,Female,Pedestrian,2015,January,Thursday,7:00pm-7:59pm,Dark - Not Lighted,Cloudy,Urban,Minor Arterial,Four-Way Intersection,On Roadway,None / Unknown,45.50880833,-122.7705222,At Intersection,Not a Cyclist,Crosswalk Area,Not a Cyclist,Southbound,Not a Cyclist,35,35 MPH,2,Traffic control signal (on colors) with Pedestrian Signal,1,"Two-Way, Not Divided",41067030103,Census Tract 301.03,94063.0,4411,77.2840625708456,2.811153933348447,10.043074132849695,10.451786918408631
410024,1,52,Male,Pedestrian,2015,February,Thursday,6:00pm-6:59pm,Dark - Not Lighted,Rain,Urban,Minor Arterial,Not an Intersection,On Roadway,None / Unknown,45.47650278,-122.8033417,Not At Intersection,Not a Cyclist,Travel Lane,Not a Cyclist,Not Applicable,Not a Cyclist,30,30 MPH,0,No Controls,5,"Two-Way, Not Divided With a Continuous Left-Turn Lane",41067031100,Census Tract 311,57399.0,3257,62.020264046668714,0.0,34.72520724593184,12.904997254255903
410025,1,22,Female,Pedestrian,2015,February,Thursday,3:00am-3:59am,Dark - Lighted,Rain,Urban,Interstate,Not an Intersection,On Roadway,None / Unknown,45.50509167,-122.5651194,Not At Intersection,Not a Cyclist,Travel Lane,Not a Cyclist,Not Applicable,Not a Cyclist,55,55 MPH,0,No Controls,3,"Two-Way,  Divided, Positive  Median Barrier",41051008201,Census Tract 82.01,59423.0,3392,52.41745283018868,5.866745283018868,23.732311320754718,18.684210526315788
410026,1,58,Male,Pedestrian,2015,February,Thursday,11:00pm-11:59pm,Dark - Lighted,Rain,Urban,Principal Arterial - Other,T-Intersection,On Roadway,None / Unknown,45.51889722,-122.9928722,At Intersection,Not a Cyclist,Crosswalk Area,Not a Cyclist,Unknown Initial Direction of Travel,Not a Cyclist,30,30 MPH,0,No Controls,4,One-Way Trafficway,41067032501,Census Tract 325.01,60927.0,3124,56.33802816901409,2.5288092189500637,32.4583866837388,19.71595655806182
410029,1,78,Female,Pedestrian,2015,February,Monday,10:00am-10:59am,Daylight,Rain,Urban,Minor Arterial,L-Intersection,On Roadway,None / Unknown,44.03790278,-123.0912389,At Intersection,Not a Cyclist,Crosswalk Area,Not a Cyclist,Not Applicable,Not a Cyclist,98,Not Reported,20,Stop Sign,1,"Two-Way, Not Divided",41039004700,Census Tract 47,66127.0,3964,80.22199798183652,0.17658930373360243,8.097880928355197,15.004299226139295
410030,1,90,Female,Pedestrian,2015,February,Monday,3:00pm-3:59pm,Daylight,Clear,Urban,Principal Arterial - Other,Four-Way Intersection,On Roadway,None / Unknown,45.43403056,-122.7649083,At Intersection,Not a Cyclist,Crosswalk Area,Not a Cyclist,Southbound,Not a Cyclist,98,Not Reported,2,Traffic control signal (on colors) with Pedestrian Signal,1,"Two-Way, Not Divided",41067030700,Census Tract 307,42852.0,1486,62.58411843876177,5.3162853297442805,18.10228802153432,12.216216216216216
410032,1,60,Male,Bicyclist,2015,February,Tuesday,5:00pm-5:59pm,Dusk,Clear,Urban,Minor Arterial,Not an Intersection,On Roadside,None / Unknown,44.61743333,-123.1314944,Not a Pedestrian,Not At Intersection,Not a Pedestrian,Bicycle Lane / Paved Shoulder / Parking Lane,Not a Pedestrian,With Traffic,40,40 MPH,0,No Controls,1,"Two-Way, Not Divided",41043030700,Census Tract 307,85486.0,3983,85.53853878985689,0.3012804418779814,5.397941250313834,0.75
410040,1,33,Female,Pedestrian,2015,February,Saturday,7:00pm-7:59pm,Dark - Not Lighted,Clear,Urban,Principal Arterial - Other,Not an Intersection,On Roadway,None / Unknown,45.499625,-122.9228444,Not At Intersection,Not a Cyclist,Travel Lane,Not a Cyclist,Not Applicable,Not a Cyclist,45,45 MPH,0,No Controls,5,"Two-Way, Not Divided With a Continuous Left-Turn Lane",41067032412,Census Tract 324.12,116331.0,4441,52.7358702994821,0.24769196126998425,27.8766043683855,7.658556043079377
410041,1,26,Female,Pedestrian,2015,February,Sunday,4:00pm-4:59pm,Daylight,Clear,Urban,Principal Arterial - Other,Four-Way Intersection,On Roadway,None / Unknown,44.0457,-122.9347111,At Intersection,Not a Cyclist,Crosswalk Area,Not a Cyclist,Southbound,Not a Cyclist,40,40 MPH,2,Traffic control signal (on colors) with Pedestrian Signal,5,"Two-Way, Not Divided With a Continuous Left-Turn Lane",41039001903,Census Tract 19.03,69208.0,2918,80.26045236463331,0.0,11.925976696367375,4.125083166999334
410041,2,4,Male,Pedestrian,2015,February,Sunday,4:00pm-4:59pm,Daylight,Clear,Urban,Principal Arterial - Other,Four-Way Intersection,On Roadway,None / Unknown,44.0457,-122.9347111,At Intersection,Not a Cyclist,Crosswalk Area,Not a Cyclist,Southbound,Not a Cyclist,40,40 MPH,2,Traffic control signal (on colors) with Pedestrian Signal,5,"Two-Way, Not Divided With a Continuous Left-Turn Lane",41039001903,Census Tract 19.03,69208.0,2918,80.26045236463331,0.0,11.925976696367375,4.125083166999334
410041,3,5,Female,Pedestrian,2015,February,Sunday,4:00pm-4:59pm,Daylight,Clear,Urban,Principal Arterial - Other,Four-Way Intersection,On Roadway,None / Unknown,44.0457,-122.9347111,At Intersection,Not a Cyclist,Crosswalk Area,Not a Cyclist,Southbound,Not a Cyclist,40,40 MPH,2,Traffic control signal (on colors) with Pedestrian Signal,5,"Two-Way, Not Divided With a Continuous Left-Turn Lane",41039001903,Census Tract 19.03,69208.0,2918,80.26045236463331,0.0,11.925976696367375,4.125083166999334
410041,4,8,Male,Pedestrian,2015,February,Sunday,4:00pm-4:59pm,Daylight,Clear,Urban,Principal Arterial - Other,Four-Way Intersection,On Roadway,None / Unknown,44.0457,-122.9347111,At Intersection,Not a Cyclist,Crosswalk Area,Not a Cyclist,Southbound,Not a Cyclist,40,40 MPH,2,Traffic control signal (on colors) with Pedestrian Signal,5,"Two-Way, Not Divided With a Continuous Left-Turn Lane",41039001903,Census Tract 19.03,69208.0,2918,80.26045236463331,0.0,11.925976696367375,4.125083166999334
410042,1,43,Male,Pedestrian,2015,February,Tuesday,8:00pm-8:59pm,Dark - Not Lighted,Not Reported,Urban,Minor Arterial,Not an Intersection,On Roadway,None / Unknown,42.42476944,-123.2799917,Not At Intersection,Not a Cyclist,Travel Lane,Not a Cyclist,Not Applicable,Not a Cyclist,45,45 MPH,0,No Controls,1,"Two-Way, Not Divided",41033361302,Census Tract 3613.02,61250.0,3246,85.85951940850278,0.18484288354898337,11.367837338262476,0.0
410044,1,58,Male,Pedestrian,2015,February,Wednesday,6:00pm-6:59pm,Dark - Not Lighted,Rain,Urban,Principal Arterial - Other,Not an Intersection,On Roadway,None / Unknown,46.00975,-123.9131944,Not At Intersection,Not a Cyclist,Travel Lane,Not a Cyclist,Not Applicable,Not a Cyclist,40,40 MPH,0,No Controls,5,"Two-Way, Not Divided With a Continuous Left-Turn Lane",41007950900,Census Tract 9509,40739.0,4763,87.33991182028133,2.0785219399538106,9.741759395339072,31.206975676916016
410049,1,51,Male,Pedestrian,2015,March,Sunday,1:00am-1:59am,Dark - Unknown Lighting,Not Reported,Urban,Principal Arterial - Other,Not an Intersection,On Roadway,None / Unknown,45.49743333,-122.9017611,Not At Intersection,Not a Cyclist,Travel Lane,Not a Cyclist,Not Applicable,Not a Cyclist,45,45 MPH,0,No Controls,5,"Two-Way, Not Divided With a Continuous Left-Turn Lane",41067031615,Census Tract 316.15,94750.0,4496,66.16992882562278,0.2001779359430605,17.304270462633454,1.128158844765343
410051,1,35,Female,Pedestrian,2015,March,Saturday,11:00pm-11:59pm,Dark - Not Lighted,Clear,Urban,Principal Arterial - Other,Not an Intersection,On Roadway,None / Unknown,43.21328056,-123.3037278,Not At Intersection,Not a Cyclist,Travel Lane,Not a Cyclist,Not Applicable,Not a Cyclist,55,55 MPH,0,No Controls,5,"Two-Way, Not Divided With a Continuous Left-Turn Lane",41019120001,Census Tract 1200.01,46280.0,2363,88.10833685992382,0.0,4.104951333051206,4.062229904926534
410054,1,61,Male,Persons on Personal Conveyances,2015,March,Wednesday,10:00am-10:59am,Daylight,Rain,Urban,Minor Arterial,T-Intersection,On Roadway,None / Unknown,45.52388056,-122.6702778,At Intersection,Not a Cyclist,Crosswalk Area,Not a Cyclist,Eastbound,Not a Cyclist,30,30 MPH,2,Traffic control signal (on colors) with Pedestrian Signal,5,"Two-Way, Not Divided With a Continuous Left-Turn Lane",41051005103,Census Tract 51.03,26696.0,2885,75.28596187175043,5.511265164644714,8.630849220103986,35.55370524562864
410055,1,69,Female,Pedestrian,2015,January,Tuesday,7:00pm-7:59pm,Dark - Lighted,"Fog, Smog, Smoke",Rural,Major Collector,Not an Intersection,On Roadway,None / Unknown,42.69519722,-123.3953139,Not At Intersection,Not a Cyclist,Travel Lane,Not a Cyclist,Not Applicable,Not a Cyclist,35,35 MPH,0,No Controls,1,"Two-Way, Not Divided",41033360100,Census Tract 3601,43942.0,1889,86.65960825833776,2.170460561143462,1.4822657490735838,0.0
410060,1,18,Male,Pedestrian,2015,March,Thursday,11:00pm-11:59pm,Dark - Not Lighted,Clear,Rural,Principal Arterial - Other,Four-Way Intersection,On Roadway,None / Unknown,43.11133889,-123.5157333,Not At Intersection,Not a Cyclist,Travel Lane,Not a Cyclist,Not Applicable,Not a Cyclist,55,55 MPH,0,No Controls,1,"Two-Way, Not Divided",41019170000,Census Tract 1700,62344.0,4059,88.05124414880513,0.4927322000492732,2.094111850209411,0.6807351940095302
410063,1,42,Male,Pedestrian,2015,March,Tuesday,8:00pm-8:59pm,Dark - Not Lighted,Cloudy,Urban,Interstate,Not an Intersection,On Shoulder,None / Unknown,43.81113333,-123.039925,Not At Intersection,Not a Cyclist,Paved Shoulder / Bicycle Lane / Parking Lane,Not a Cyclist,Not Applicable,Not a Cyclist,65,65 MPH,0,No Controls,3,"Two-Way,  Divided, Positive  Median Barrier",41039001201,Census Tract 12.01,71979.0,4245,84.45229681978799,0.7538280329799765,2.87396937573616,5.957683741648108
410065,1,51,Male,Pedestrian,2015,January,Friday,7:00pm-7:59pm,Dark - Lighted,Cloudy,Urban,Minor Arterial,Not an Intersection,On Roadway,None / Unknown,42.19764722,-121.7571361,Not At Intersection,Not a Cyclist,Travel Lane,Not a Cyclist,Not Applicable,Not a Cyclist,45,45 MPH,0,No Controls,5,"Two-Way, Not Divided With a Continuous Left-Turn Lane",41035971500,Census Tract 9715,48034.0,5086,52.00550530869052,0.8257963035784506,31.911128588281557,0.0
410067,1,54,Male,Pedestrian,2015,January,Monday,5:00pm-5:59pm,Dark - Lighted,"Fog, Smog, Smoke",Urban,Principal Arterial - Other,Not an Intersection,On Roadway,None / Unknown,45.42752778,-122.634225,Not At Intersection,Not a Cyclist,Travel Lane,Not a Cyclist,Not Applicable,Not a Cyclist,40,40 MPH,0,No Controls,5,"Two-Way, Not Divided With a Continuous Left-Turn Lane",41005021400,Census Tract 214,84432.0,5139,87.31270675228645,0.0,4.436660828955049,5.470999588646648
410079,1,29,Male,Pedestrian,2015,April,Saturday,0:00am-0:59am,Dark - Not Lighted,"Fog, Smog, Smoke",Urban,Major Collector,Not an Intersection,On Roadway,None / Unknown,44.65921667,-123.0596528,Not At Intersection,Not a Cyclist,Travel Lane,Not a Cyclist,Not Applicable,Not a Cyclist,98,Not Reported,0,No Controls,1,"Two-Way, Not Divided",41043020101,Census Tract 201.01,105000.0,5472,90.13157894736842,0.4934210526315789,6.213450292397661,2.536104262064107
410080,1,44,Female,Pedestrian,2015,April,Sunday,11:00pm-11:59pm,Dark - Not Lighted,Cloudy,Urban,Minor Arterial,Not an Intersection,On Roadway,None / Unknown,45.50048333,-122.8030889,Not At Intersection,Not a Cyclist,Travel Lane,Not a Cyclist,Not Applicable,Not a Cyclist,35,35 MPH,0,No Controls,1,"Two-Way, Not Divided",41067031302,Census Tract 313.02,87076.0,4818,42.258198422581984,3.4246575342465753,41.739310917393105,20.387393302692054
410082,1,65,Male,Pedestrian,2015,April,Tuesday,10:00am-10:59am,Daylight,Rain,Trafficway Not in State Inventory,Trafficway Not in State Inventory,Not an Intersection,Outside Trafficway,None / Unknown,42.36530556,-122.8586806,Non-Trafficway Location,Not a Cyclist,Non-Trafficway - Parking Lot/Other,Not a Cyclist,Not Applicable,Not a Cyclist,0,No Statutory Limit/Non-Trafficway or Driveway Access,0,No Controls,0,Non-Trafficway or Driveway Access,41029001200,Census Tract 12,71855.0,4368,69.73443223443223,1.1446886446886446,26.098901098901102,0.32080659945004586
410101,1,14,Male,Persons on Personal Conveyances,2015,April,Tuesday,8:00pm-8:59pm,Dark - Not Lighted,Clear,Urban,Principal Arterial - Other,Not an Intersection,On Roadway,None / Unknown,42.35855833,-122.9040611,Not At Intersection,Not a Cyclist,Travel Lane,Not a Cyclist,Not Applicable,Not a Cyclist,50,50 MPH,0,No Controls,5,"Two-Way, Not Divided With a Continuous Left-Turn Lane",41029000901,Census Tract 9.01,100259.0,3082,87.83257624918885,0.0,10.966904607397794,2.43531202435312
410106,1,49,Female,Pedestrian,2015,April,Saturday,8:00pm-8:59pm,Daylight,Clear,Urban,Principal Arterial - Other,Not an Intersection,On Roadway,None / Unknown,45.49173333,-122.4817444,Not At Intersection,Not a Cyclist,Travel Lane,Not a Cyclist,Not Applicable,Not a Cyclist,40,40 MPH,0,No Controls,5,"Two-Way, Not Divided With a Continuous Left-Turn Lane",41051009803,Census Tract 98.03,49185.0,7899,52.0065831117863,6.114698063045955,30.522850993796684,9.956709956709958
410109,1,64,Male,Pedestrian,2015,April,Sunday,9:00pm-9:59pm,Dark - Not Lighted,Clear,Urban,Principal Arterial - Other,Not an Intersection,On Roadway,None / Unknown,42.23937222,-122.7733444,Not At Intersection,Not a Cyclist,Travel Lane,Not a Cyclist,Not Applicable,Not a Cyclist,45,45 MPH,0,No Controls,1,"Two-Way, Not Divided",41029001702,Census Tract 17.02,48466.0,4447,81.74049921295256,0.29233190915223745,13.020013492241961,4.191077061739523
410125,1,36,Male,Pedestrian,2015,May,Saturday,0:00am-0:59am,Dark - Lighted,Cloudy,Urban,Principal Arterial - Other,Not an Intersection,On Roadside,None / Unknown,44.9735,-123.0200306,Not At Intersection,Not a Cyclist,Paved Shoulder / Bicycle Lane / Parking Lane,Not a Cyclist,Not Applicable,Not a Cyclist,55,55 MPH,0,No Controls,1,"Two-Way, Not Divided",41047000400,Census Tract 4,53686.0,5341,59.42707358172626,0.03744617112900206,30.81819883916869,4.233870967741935
410126,1,60,Male,Pedestrian,2015,May,Sunday,4:00am-4:59am,Dark - Not Lighted,"Fog, Smog, Smoke",Rural,Principal Arterial - Other,Not an Intersection,On Roadway,None / Unknown,43.59740833,-121.5634833,Not At Intersection,Not a Cyclist,Travel Lane,Not a Cyclist,Not Applicable,Not a Cyclist,55,55 MPH,0,No Controls,1,"Two-Way, Not Divided",41035970100,Census Tract 9701,56962.0,3486,95.69707401032701,0.4016064257028112,2.5530694205393,2.5267249757045676
410129,1,55,Male,Pedestrian,2015,June,Tuesday,0:00am-0:59am,Dark - Lighted,Cloudy,Urban,Principal Arterial - Other Freeways and Expressways,Not an Intersection,On Roadway,Construction,44.91694444,-122.9931389,Not At Intersection,Not a Cyclist,Travel Lane,Not a Cyclist,Not Applicable,Not a Cyclist,50,50 MPH,28,Other Regulatory Sign,1,"Two-Way, Not Divided",41047001000,Census Tract 10,55648.0,4534,68.68107631230701,1.0807234230260256,21.08513453903838,5.51301684532925
410130,1,55,Male,Pedestrian,2015,June,Wednesday,5:00pm-5:59pm,Daylight,Cloudy,Urban,Major Collector,Four-Way Intersection,On Roadway,None / Unknown,45.532325,-122.6021778,At Intersection,Not a Cyclist,Crosswalk Area,Not a Cyclist,Eastbound,Not a Cyclist,35,35 MPH,20,Stop Sign,1,"Two-Way, Not Divided",41051002802,Census Tract 28.02,121736.0,3176,80.41561712846348,0.34634760705289674,9.130982367758186,12.908496732026146
410137,1,45,Male,Pedestrian,2015,June,Tuesday,1:00pm-1:59pm,Daylight,Clear,Rural,Local,Not an Intersection,On Roadway,None / Unknown,43.98372778,-122.9910639,Not At Intersection,Not a Cyclist,Travel Lane,Not a Cyclist,Not Applicable,Not a Cyclist,98,Not Reported,0,No Controls,1,"Two-Way, Not Divided",41039001700,Census Tract 17,77188.0,5046,93.12326595323029,0.5747126436781609,1.6250495441934205,1.8435475834578976
410143,1,22,Male,Bicyclist,2015,May,Wednesday,12:00pm-12:59pm,Daylight,Clear,Urban,Minor Arterial,Four-Way Intersection,On Roadway,None / Unknown,45.49332778,-122.62265,Not a Pedestrian,At Intersection,Not a Pedestrian,Bicycle Lane / Paved Shoulder / Parking Lane,Not a Pedestrian,With Traffic,25,25 MPH,2,Traffic control signal (on colors) with Pedestrian Signal,1,"Two-Way, Not Divided",41051000902,Census Tract 9.02,84699.0,5324,65.43951915852743,4.338842975206612,12.340345604808414,25.899280575539567
410152,1,36,Male,Pedestrian,2015,June,Sunday,2:00pm-2:59pm,Daylight,Clear,Urban,Principal Arterial - Other,Not an Intersection,On Roadside,None / Unknown,45.52304722,-122.6675972,Not At Intersection,Not a Cyclist,Sidewalk / Shared-Use Path / Driveway Access,Not a Cyclist,Not Applicable,Not a Cyclist,35,35 MPH,0,No Controls,1,"Two-Way, Not Divided",41051005103,Census Tract 51.03,26696.0,2885,75.28596187175043,5.511265164644714,8.630849220103986,35.55370524562864
410152,2,35,Female,Pedestrian,2015,June,Sunday,2:00pm-2:59pm,Daylight,Clear,Urban,Principal Arterial - Other,Not an Intersection,On Roadside,None / Unknown,45.52304722,-122.6675972,Not At Intersection,Not a Cyclist,Sidewalk / Shared-Use Path / Driveway Access,Not a Cyclist,Not Applicable,Not a Cyclist,35,35 MPH,0,No Controls,1,"Two-Way, Not Divided",41051005103,Census Tract 51.03,26696.0,2885,75.28596187175043,5.511265164644714,8.630849220103986,35.55370524562864
410156,1,60,Female,Persons on Personal Conveyances,2015,June,Thursday,11:00pm-11:59pm,Dark - Not Lighted,Clear,Urban,Interstate,Not an Intersection,On Roadway,None / Unknown,44.12270278,-123.0480306,Not At Intersection,Not a Cyclist,Travel Lane,Not a Cyclist,Not Applicable,Not a Cyclist,65,65 MPH,0,No Controls,3,"Two-Way,  Divided, Positive  Median Barrier",41039000300,Census Tract 3,89250.0,2588,87.71251931993818,0.0,3.9799072642967546,4.828226555246054
410160,1,37,Male,Bicyclist,2015,June,Saturday,10:00am-10:59am,Daylight,Clear,Rural,Local,Not an Intersection,On Roadway,None / Unknown,45.53203611,-122.2040889,Not a Pedestrian,Not At Intersection,Not a Pedestrian,Travel Lane,Not a Pedestrian,With Traffic,98,Not Reported,0,No Controls,1,"Two-Way, Not Divided",41051010500,Census Tract 105,108971.0,3863,81.12865648459746,0.2847527828112866,12.451462593838986,1.6901408450704223
410167,1,77,Male,Pedestrian,2015,January,Thursday,5:00am-5:59am,Dark - Lighted,Clear,Urban,Minor Arterial,T-Intersection,On Roadway,None / Unknown,44.93945833,-123.0167222,At Intersection,Not a Cyclist,Crosswalk Area,Not a Cyclist,Northbound,Not a Cyclist,30,30 MPH,0,No Controls,1,"Two-Way, Not Divided",41047000600,Census Tract 6,54216.0,4569,68.35193696651346,1.4226307725979426,22.368133070693805,10.546541417591802
410168,1,58,Male,Pedestrian,2015,January,Monday,9:00am-9:59am,Daylight,Cloudy,Urban,Minor Arterial,Not an Intersection,On Roadway,None / Unknown,44.07148611,-123.0422583,Not At Intersection,Not a Cyclist,Travel Lane,Not a Cyclist,Not Applicable,Not a Cyclist,35,35 MPH,2,Traffic control signal (on colors) with Pedestrian Signal,1,"Two-Way, Not Divided",41039002103,Census Tract 21.03,57864.0,4362,72.07702888583218,3.943145346171481,14.51169188445667,8.915054667788057
410187,1,35,Female,Pedestrian,2015,June,Monday,11:00pm-11:59pm,Dark - Not Lighted,Cloudy,Urban,Minor Arterial,Not an Intersection,On Roadway,None / Unknown,44.04101389,-123.0423278,Not At Intersection,Not a Cyclist,Travel Lane,Not a Cyclist,Not Applicable,Not a Cyclist,45,45 MPH,0,No Controls,1,"Two-Way, Not Divided",41039003600,Census Tract 36,66875.0,3934,82.10472801220132,0.6354855109303508,7.168276563294357,10.508664058133036
410209,1,60,Female,Pedestrian,2015,July,Saturday,9:00pm-9:59pm,Dark - Lighted,Clear,Urban,Major Collector,T-Intersection,On Roadway,None / Unknown,45.49028889,-122.6013028,At Intersection,Not a Cyclist,Crosswalk Area,Not a Cyclist,Not Applicable,Not a Cyclist,30,30 MPH,0,No Controls,1,"Two-Way, Not Divided",41051000802,Census Tract 8.02,79400.0,4650,73.91397849462365,1.7419354838709675,12.946236559139784,22.55892255892256
410233,1,56,Female,Pedestrian,2015,August,Friday,1:00pm-1:59pm,Daylight,Clear,Urban,Minor Arterial,T-Intersection,On Roadway,None / Unknown,45.52693056,-122.6645528,Intersection-Related,Not a Cyclist,Travel Lane,Not a Cyclist,Not Applicable,Not a Cyclist,30,30 MPH,0,No Controls,1,"Two-Way, Not Divided",41051002303,Census Tract 23.03,55673.0,3710,68.4366576819407,7.52021563342318,9.326145552560646,33.648840511121634
410241,1,54,Female,Pedestrian,2015,August,Saturday,8:00pm-8:59pm,Dark - Not Lighted,Clear,Urban,Principal Arterial - Other,Not an Intersection,On Roadway,None / Unknown,45.39911111,-122.274775,Not At Intersection,Not a Cyclist,Travel Lane,Not a Cyclist,Not Applicable,Not a Cyclist,40,40 MPH,0,No Controls,5,"Two-Way, Not Divided With a Continuous Left-Turn Lane",41005023404,Census Tract 234.04,94583.0,6563,86.37818071004114,0.5332927015084565,6.536644827060796,1.2544226439369572
410243,1,59,Male,Pedestrian,2015,August,Monday,8:00am-8:59am,Daylight,Clear,Urban,Principal Arterial - Other,Four-Way Intersection,On Roadway,None / Unknown,45.526425,-122.5790806,At Intersection,Not a Cyclist,Crosswalk Area,Not a Cyclist,Eastbound,Not a Cyclist,35,35 MPH,2,Traffic control signal (on colors) with Pedestrian Signal,1,"Two-Way, Not Divided",41051001703,Census Tract 17.03,64988.0,3979,67.83111334506158,4.724805227444081,6.333249560191002,10.912951167728238
410244,1,47,Female,Pedestrian,2015,August,Friday,3:00pm-3:59pm,Daylight,Clear,Urban,Interstate,Not an Intersection,On Roadway,None / Unknown,45.60149722,-121.1774556,Not At Intersection,Not a Cyclist,Travel Lane,Not a Cyclist,Not Applicable,Not a Cyclist,50,50 MPH,0,No Controls,3,"Two-Way,  Divided, Positive  Median Barrier",41065970200,Census Tract 9702,50294.0,2986,69.75887474882786,0.4018754186202277,21.768251841929,3.6005434782608696
410253,1,78,Female,Pedestrian,2015,September,Friday,4:00pm-4:59pm,Daylight,Clear,Urban,Principal Arterial - Other,T-Intersection,On Roadway,None / Unknown,44.04583889,-122.9807778,At Intersection,Not a Cyclist,Crosswalk Area,Not a Cyclist,Eastbound,Not a Cyclist,98,Not Reported,2,Traffic control signal (on colors) with Pedestrian Signal,5,"Two-Way, Not Divided With a Continuous Left-Turn Lane",41039001902,Census Tract 19.02,64224.0,5960,69.56375838926175,0.8389261744966443,18.036912751677853,6.128663875142749
410254,1,64,Female,Pedestrian,2015,July,Friday,2:00pm-2:59pm,Daylight,Clear,Rural,Minor Arterial,Not an Intersection,On Roadway,Construction,45.59696111,-123.5060472,Not At Intersection,Not a Cyclist,Travel Lane,Not a Cyclist,Not Applicable,Not a Cyclist,55,55 MPH,50,Person,1,"Two-Way, Not Divided",41057960300,Census Tract 9603,51844.0,2931,81.20095530535653,0.0,12.555441828727396,1.9448946515397085
410267,1,34,Male,Pedestrian,2015,September,Sunday,2:00am-2:59am,Dark - Lighted,Cloudy,Urban,Major Collector,T-Intersection,On Roadway,None / Unknown,45.51931667,-122.6358944,At Intersection,Not a Cyclist,Crosswalk Area,Not a Cyclist,Not Applicable,Not a Cyclist,30,30 MPH,0,No Controls,1,"Two-Way, Not Divided",41051002001,Census Tract 20.01,77075.0,2419,82.76147168251343,0.0,8.185200496072758,27.210460772104604
410270,1,27,Male,Pedestrian,2015,October,Thursday,7:00pm-7:59pm,Dark - Lighted,Clear,Urban,Principal Arterial - Other,T-Intersection,On Roadway,None / Unknown,45.53364167,-122.9312111,At Intersection,Not a Cyclist,Crosswalk Area,Not a Cyclist,Northbound,Not a Cyclist,45,45 MPH,2,Traffic control signal (on colors) with Pedestrian Signal,1,"Two-Way, Not Divided",41067032608,Census Tract 326.08,90060.0,2219,66.33618747183417,0.0,12.708427219468229,7.297096053611318
410271,1,29,Male,Pedestrian,2015,September,Friday,0:00am-0:59am,Dark - Lighted,Clear,Urban,Principal Arterial - Other,Not an Intersection,On Roadway,None / Unknown,45.33055278,-122.5756278,Not At Intersection,Not a Cyclist,Travel Lane,Not a Cyclist,Not Applicable,Not a Cyclist,55,55 MPH,0,No Controls,2,"Two-Way,  Divided, Unprotected (Painted > 4 Feet ) Median",41005022603,Census Tract 226.03,82781.0,3580,78.12849162011173,2.8770949720670393,12.76536312849162,4.273058884835852
410273,1,60,Male,Pedestrian,2015,October,Sunday,8:00pm-8:59pm,Dark - Not Lighted,Clear,Urban,Principal Arterial - Other,Not an Intersection,On Roadway,None / Unknown,42.18063333,-121.8013583,Not At Intersection,Not a Cyclist,Travel Lane,Not a Cyclist,Not Applicable,Not a Cyclist,55,55 MPH,0,No Controls,1,"Two-Way, Not Divided",41035970902,Census Tract 9709.02,43929.0,2906,88.19683413626979,0.0,2.3743977976600137,0.8204193254329991
410276,1,46,Female,Pedestrian,2015,October,Monday,8:00am-8:59am,Daylight,Clear,Urban,Principal Arterial - Other,Four-Way Intersection,On Roadway,None / Unknown,45.52192778,-122.4771444,At Intersection,Not a Cyclist,Crosswalk Area,Not a Cyclist,Not Applicable,Not a Cyclist,35,35 MPH,2,Traffic control signal (on colors) with Pedestrian Signal,3,"Two-Way,  Divided, Positive  Median Barrier",41051009606,Census Tract 96.06,50540.0,5369,35.59322033898305,2.2723039672192216,39.50456323337679,18.70109546165884
410278,1,59,Male,Pedestrian,2015,September,Saturday,1:00am-1:59am,Dark - Not Lighted,Not Reported,Urban,Minor Arterial,Not an Intersection,On Shoulder,None / Unknown,42.49703889,-123.3618833,Not At Intersection,Not a Cyclist,Paved Shoulder / Bicycle Lane / Parking Lane,Not a Cyclist,Not Applicable,Not a Cyclist,98,Not Reported,0,No Controls,1,"Two-Way, Not Divided",41033360400,Census Tract 3604,77045.0,4530,85.23178807947019,0.02207505518763797,6.004415011037527,0.0
410286,1,27,Male,Pedestrian,2015,November,Sunday,1:00am-1:59am,Dark - Lighted,Cloudy,Urban,Minor Arterial,Not an Intersection,On Roadway,None / Unknown,45.577125,-122.6975,Not At Intersection,Not a Cyclist,Travel Lane,Not a Cyclist,Not Applicable,Not a Cyclist,35,35 MPH,0,No Controls,1,"Two-Way, Not Divided",41051003902,Census Tract 39.02,139393.0,3748,67.50266808964781,4.188900747065102,10.805763073639273,8.79560219890055
410291,1,80,Male,Pedestrian,2015,October,Friday,6:00am-6:59am,Dawn,Clear,Urban,Minor Arterial,Not an Intersection,On Roadway,None / Unknown,45.84959722,-119.3043611,Not At Intersection,Not a Cyclist,Travel Lane,Not a Cyclist,Not Applicable,Not a Cyclist,30,30 MPH,0,No Controls,1,"Two-Way, Not Divided",41059951000,Census Tract 9510,62868.0,6492,48.93715341959334,0.15403573629081946,44.03881700554529,3.374849337083166
410301,1,51,Male,Pedestrian,2015,November,Sunday,6:00pm-6:59pm,Dark - Not Lighted,Clear,Urban,Principal Arterial - Other,Not an Intersection,On Roadway,None / Unknown,44.07504167,-121.302975,At Intersection,Not a Cyclist,Crosswalk Area,Not a Cyclist,Westbound,Not a Cyclist,45,45 MPH,0,No Controls,1,"Two-Way, Not Divided",41017001601,Census Tract 16.01,64363.0,4643,88.64958001292268,0.021537798836958864,2.067628688348051,0.6797281087564974
410308,1,54,Female,Bicyclist,2015,November,Thursday,9:00pm-9:59pm,Dark - Not Lighted,Clear,Urban,Principal Arterial - Other,Not an Intersection,On Roadway,None / Unknown,44.093,-123.1626,Not a Pedestrian,Not At Intersection,Not a Pedestrian,Travel Lane,Not a Pedestrian,Not applicable,55,55 MPH,0,No Controls,5,"Two-Way, Not Divided With a Continuous Left-Turn Lane",41039002600,Census Tract 26,61015.0,6094,66.65572694453562,0.7056120774532327,23.843124384640628,6.220735785953177
410313,1,65,Male,Pedestrian,2015,November,Monday,5:00pm-5:59pm,Dark - Not Lighted,Cloudy,Urban,Minor Arterial,T-Intersection,On Roadway,None / Unknown,44.2535,-121.1874056,At Intersection,Not a Cyclist,Crosswalk Area,Not a Cyclist,Eastbound,Not a Cyclist,35,35 MPH,2,Traffic control signal (on colors) with Pedestrian Signal,1,"Two-Way, Not Divided",41017000901,Census Tract 9.01,63656.0,5234,73.61482613679786,0.0,21.57050057317539,3.204327923429047
410319,1,62,Female,Pedestrian,2015,August,Thursday,9:00pm-9:59pm,Dark - Lighted,Clear,Urban,Minor Arterial,Four-Way Intersection,On Roadway,None / Unknown,44.96225278,-123.0249389,At Intersection,Not a Cyclist,Crosswalk Area,Not a Cyclist,Northbound,Not a Cyclist,30,30 MPH,0,No Controls,5,"Two-Way, Not Divided With a Continuous Left-Turn Lane",41047000400,Census Tract 4,53686.0,5341,59.42707358172626,0.03744617112900206,30.81819883916869,4.233870967741935
410319,2,70,Male,Pedestrian,2015,August,Thursday,9:00pm-9:59pm,Dark - Lighted,Clear,Urban,Minor Arterial,Four-Way Intersection,On Roadway,None / Unknown,44.96225278,-123.0249389,At Intersection,Not a Cyclist,Crosswalk Area,Not a Cyclist,Northbound,Not a Cyclist,30,30 MPH,0,No Controls,5,"Two-Way, Not Divided With a Continuous Left-Turn Lane",41047000400,Census Tract 4,53686.0,5341,59.42707358172626,0.03744617112900206,30.81819883916869,4.233870967741935
410322,1,44,Female,Pedestrian,2015,August,Sunday,9:00pm-9:59pm,Dark - Not Lighted,Clear,Urban,Principal Arterial - Other,Not an Intersection,On Roadway,None / Unknown,45.42551667,-122.6338917,Not At Intersection,Not a Cyclist,Travel Lane,Not a Cyclist,Not Applicable,Not a Cyclist,40,40 MPH,0,No Controls,5,"Two-Way, Not Divided With a Continuous Left-Turn Lane",41005021400,Census Tract 214,84432.0,5139,87.31270675228645,0.0,4.436660828955049,5.470999588646648
410325,1,44,Female,Bicyclist,2015,September,Tuesday,7:00pm-7:59pm,Dusk,Clear,Rural,Major Collector,Not an Intersection,On Roadway,None / Unknown,45.33070833,-123.0592083,Not a Pedestrian,Not At Intersection,Not a Pedestrian,Travel Lane,Not a Pedestrian,With Traffic,98,Not Reported,0,No Controls,1,"Two-Way, Not Divided",41071030302,Census Tract 303.02,112035.0,2131,83.90427029563585,0.0,8.399812294697325,2.4061597690086622
410325,2,60,Male,Bicyclist,2015,September,Tuesday,7:00pm-7:59pm,Dusk,Clear,Rural,Major Collector,Not an Intersection,On Roadway,None / Unknown,45.33070833,-123.0592083,Not a Pedestrian,Not At Intersection,Not a Pedestrian,Travel Lane,Not a Pedestrian,With Traffic,98,Not Reported,0,No Controls,1,"Two-Way, Not Divided",41071030302,Census Tract 303.02,112035.0,2131,83.90427029563585,0.0,8.399812294697325,2.4061597690086622
410326,1,39,Male,Persons on Personal Conveyances,2015,September,Saturday,0:00am-0:59am,Dark - Lighted,Clear,Urban,Principal Arterial - Other,Not an Intersection,On Roadway,None / Unknown,45.50356667,-122.5787056,Not At Intersection,Not a Cyclist,Travel Lane,Not a Cyclist,Not Applicable,Not a Cyclist,35,35 MPH,0,No Controls,5,"Two-Way, Not Divided With a Continuous Left-Turn Lane",41051000701,Census Tract 7.01,90966.0,4927,69.96143697990664,6.190379541303024,12.15749949259184,7.730577879831611
410328,1,78,Male,Pedestrian,2015,October,Monday,11:00am-11:59am,Daylight,Clear,Urban,Minor Arterial,T-Intersection,On Roadway,None / Unknown,44.10345,-123.1467306,At Intersection,Not a Cyclist,Crosswalk Area,Not a Cyclist,Northbound,Not a Cyclist,98,Not Reported,20,Stop Sign,1,"Two-Way, Not Divided",41039002403,Census Tract 24.03,81490.0,4005,82.57178526841447,0.0,5.218476903870163,0.5717552887364208
410331,1,34,Male,Pedestrian,2015,November,Sunday,0:00am-0:59am,Dark - Not Lighted,Not Reported,Rural,Principal Arterial - Other,Not an Intersection,On Roadway,None / Unknown,44.564,-123.2242389,Not At Intersection,Not a Cyclist,Other/Unknown,Not a Cyclist,Not Applicable,Not a Cyclist,98,Not Reported,0,No Controls,5,"Two-Way, Not Divided With a Continuous Left-Turn Lane",41043030700,Census Tract 307,85486.0,3983,85.53853878985689,0.3012804418779814,5.397941250313834,0.75
410336,1,39,Male,Pedestrian,2015,November,Wednesday,5:00pm-5:59pm,Dark - Not Lighted,Clear,Rural,Major Collector,Not an Intersection,On Roadway,None / Unknown,45.38523611,-122.4535889,Not At Intersection,Not a Cyclist,Travel Lane,Not a Cyclist,Not Applicable,Not a Cyclist,45,45 MPH,0,No Controls,1,"Two-Way, Not Divided",41005023202,Census Tract 232.02,110685.0,9132,81.44984669294789,0.17520805957074026,8.136224266316251,0.6623978803267829
410350,1,61,Male,Pedestrian,2015,December,Friday,6:00pm-6:59pm,Dark - Not Lighted,Clear,Rural,Minor Arterial,Not an Intersection,On Roadway,None / Unknown,46.16211667,-123.8386333,Not At Intersection,Not a Cyclist,Travel Lane,Not a Cyclist,Not Applicable,Not a Cyclist,98,Not Reported,0,No Controls,1,"Two-Way, Not Divided",41007950600,Census Tract 9506,98419.0,3755,83.83488681757656,0.21304926764314247,6.897470039946738,0.0
410353,1,38,Male,Bicyclist,2015,December,Saturday,8:00pm-8:59pm,Dark - Lighted,Rain,Urban,Principal Arterial - Other,T-Intersection,On Roadway,None / Unknown,45.57080278,-122.6220806,Not a Pedestrian,At Intersection,Not a Pedestrian,Bicycle Lane / Paved Shoulder / Parking Lane,Not a Pedestrian,With Traffic,45,45 MPH,0,No Controls,1,"Two-Way, Not Divided",41051003603,Census Tract 36.03,101875.0,1735,70.43227665706053,12.44956772334294,7.1469740634005765,5.92755214050494
410369,1,60,Male,Pedestrian,2015,December,Monday,7:00pm-7:59pm,Dark - Lighted,Rain,Urban,Principal Arterial - Other,Not an Intersection,On Roadway,None / Unknown,44.61155,-124.0507611,Not At Intersection,Not a Cyclist,Travel Lane,Not a Cyclist,Not Applicable,Not a Cyclist,45,45 MPH,0,No Controls,5,"Two-Way, Not Divided With a Continuous Left-Turn Lane",41041951200,Census Tract 9512,81288.0,2258,84.10097431355182,0.0,5.181576616474756,0.3436426116838488
410390,1,43,Male,Pedestrian,2015,September,Saturday,1:00am-1:59am,Dark - Not Lighted,Not Reported,Urban,Minor Arterial,Not an Intersection,On Roadway,None / Unknown,42.40405,-122.8853583,Not At Intersection,Not a Cyclist,Travel Lane,Not a Cyclist,Not Applicable,Not a Cyclist,98,Not Reported,0,No Controls,1,"Two-Way, Not Divided",41029001100,Census Tract 11,78326.0,5524,87.25561187545256,0.25343953656770457,5.684286748732802,1.5270326042096576
410393,1,68,Male,Pedestrian,2015,September,Friday,7:00am-7:59am,Daylight,Not Reported,Urban,Minor Arterial,Not an Intersection,On Roadway,None / Unknown,44.99699722,-123.035225,Not At Intersection,Not a Cyclist,Travel Lane,Not a Cyclist,Not Applicable,Not a Cyclist,30,30 MPH,0,No Controls,3,"Two-Way,  Divided, Positive  Median Barrier",41047001402,Census Tract 14.02,76266.0,5888,74.52445652173914,0.8491847826086956,12.85665760869565,2.132435465768799
410395,1,81,Male,Pedestrian,2015,September,Tuesday,4:00pm-4:59pm,Daylight,Not Reported,Urban,Major Collector,Not an Intersection,On Roadway,None / Unknown,43.34107222,-124.3099444,Not At Intersection,Not a Cyclist,Travel Lane,Not a Cyclist,Not Applicable,Not a Cyclist,98,Not Reported,0,No Controls,1,"Two-Way, Not Divided",41011000502,Census Tract 5.02,62036.0,2635,82.35294117647058,0.0,7.6280834914611,3.7773359840954273
410396,1,58,Male,Pedestrian,2015,November,Sunday,3:00am-3:59am,Dark - Lighted,Cloudy,Urban,Principal Arterial - Other,Not an Intersection,On Roadway,None / Unknown,45.50388333,-122.4163556,Not At Intersection,Not a Cyclist,Travel Lane,Not a Cyclist,Not Applicable,Not a Cyclist,35,35 MPH,0,No Controls,5,"Two-Way, Not Divided With a Continuous Left-Turn Lane",41051010001,Census Tract 100.01,43214.0,5876,68.46494213750852,3.1994554118447924,16.21851599727706,9.595254710397768
410402,1,38,Male,Pedestrian,2015,November,Friday,9:00pm-9:59pm,Dark - Not Lighted,Clear,Urban,Principal Arterial - Other,Not an Intersection,On Roadway,None / Unknown,43.10759722,-123.5308667,Not At Intersection,Not a Cyclist,Travel Lane,Not a Cyclist,Not Applicable,Not a Cyclist,55,55 MPH,0,No Controls,1,"Two-Way, Not Divided",41019170000,Census Tract 1700,62344.0,4059,88.05124414880513,0.4927322000492732,2.094111850209411,0.6807351940095302
410413,1,29,Female,Pedestrian,2015,December,Tuesday,5:00pm-5:59pm,Dark - Lighted,Clear,Urban,Principal Arterial - Other,T-Intersection,On Roadway,None / Unknown,44.92495556,-123.0159167,At Intersection,Not a Cyclist,Crosswalk Area,Not a Cyclist,Unknown Initial Direction of Travel,Not a Cyclist,40,40 MPH,20,Stop Sign,5,"Two-Way, Not Divided With a Continuous Left-Turn Lane",41047001000,Census Tract 10,55648.0,4534,68.68107631230701,1.0807234230260256,21.08513453903838,5.51301684532925
410414,1,52,Male,Bicyclist,2015,December,Wednesday,6:00pm-6:59pm,Dark - Not Lighted,Clear,Urban,Major Collector,Not an Intersection,On Roadway,None / Unknown,44.86374722,-123.215275,Not a Pedestrian,Not At Intersection,Not a Pedestrian,Travel Lane,Not a Pedestrian,With Traffic,98,Not Reported,0,No Controls,1,"Two-Way, Not Divided",41053020303,Census Tract 203.03,63460.0,5063,73.27671341102113,0.9085522417539009,17.440252814536837,10.251132153149445
410415,1,63,Male,Pedestrian,2015,December,Thursday,1:00am-1:59am,Dark - Not Lighted,Not Reported,Urban,Principal Arterial - Other,Not an Intersection,On Roadway,None / Unknown,43.40465833,-124.2233389,Not At Intersection,Not a Cyclist,Travel Lane,Not a Cyclist,Not Applicable,Not a Cyclist,98,Not Reported,0,No Controls,3,"Two-Way,  Divided, Positive  Median Barrier",41011000300,Census Tract 3,55792.0,3591,74.12976886661097,2.199944305207463,11.166805903648008,0.27932960893854747
410008,1,53,Male,Pedestrian,2016,January,Friday,8:00pm-8:59pm,Dark - Not Lighted,"Fog, Smog, Smoke",Urban,Interstate,Not an Intersection,On Roadway,None / Unknown,44.00465556,-123.0194722,Not At Intersection,Not a Cyclist,Travel Lane,Not a Cyclist,Not Applicable,Not a Cyclist,65,65 MPH,0,No Controls,3,"Two-Way,  Divided, Positive  Median Barrier",41039003600,Census Tract 36,66875.0,3934,82.10472801220132,0.6354855109303508,7.168276563294357,10.508664058133036
410010,1,33,Male,Pedestrian,2016,January,Sunday,4:00am-4:59am,Dark - Not Lighted,Cloudy,Urban,Principal Arterial - Other,Not an Intersection,On Roadway,None / Unknown,45.23972222,-123.1460806,Not At Intersection,Not a Cyclist,Travel Lane,Not a Cyclist,Not Applicable,Not a Cyclist,55,55 MPH,0,No Controls,1,"Two-Way, Not Divided",41071030602,Census Tract 306.02,77414.0,6596,79.44208611279564,0.0,13.993329290479078,0.0
410013,1,68,Male,Pedestrian,2016,January,Sunday,5:00pm-5:59pm,Dark - Lighted,Cloudy,Urban,Interstate,Not an Intersection,On Roadway,None / Unknown,45.50111667,-122.6740333,Not At Intersection,Not a Cyclist,Travel Lane,Not a Cyclist,Not Applicable,Not a Cyclist,55,55 MPH,0,No Controls,3,"Two-Way,  Divided, Positive  Median Barrier",41051005701,Census Tract 57.01,,763,72.08387942332897,1.5727391874180863,2.7522935779816518,36.69527896995708
410014,1,84,Female,Persons on Personal Conveyances,2016,January,Tuesday,7:00am-7:59am,Dawn,Rain,Urban,Principal Arterial - Other,T-Intersection,On Roadway,None / Unknown,45.50438056,-122.5029917,At Intersection,Not a Cyclist,Crosswalk Area,Not a Cyclist,Unknown Initial Direction of Travel,Not a Cyclist,35,35 MPH,0,No Controls,5,"Two-Way, Not Divided With a Continuous Left-Turn Lane",41051009101,Census Tract 91.01,59167.0,6261,52.61140392908481,7.538731831975723,19.05446414310813,6.99121522693997
410020,1,12,Female,Pedestrian,2016,January,Friday,5:00pm-5:59pm,Dark - Lighted,Rain,Urban,Minor Arterial,Four-Way Intersection,On Roadway,None / Unknown,44.91941944,-123.3138861,At Intersection,Not a Cyclist,Crosswalk Area,Not a Cyclist,Southbound,Not a Cyclist,25,25 MPH,0,No Controls,1,"Two-Way, Not Divided",41053020203,Census Tract 202.03,42246.0,3554,80.24760832864378,1.2661789532920653,6.86550365785031,3.4324942791762014
410022,1,50,Male,Pedestrian,2016,January,Sunday,8:00am-8:59am,Dawn,"Fog, Smog, Smoke",Rural,Interstate,Not an Intersection,On Roadside,None / Unknown,45.09369167,-117.9517444,Not At Intersection,Not a Cyclist,Unpaved Right-of-Way,Not a Cyclist,Not Applicable,Not a Cyclist,65,65 MPH,0,No Controls,3,"Two-Way,  Divided, Positive  Median Barrier",41061970200,Census Tract 9702,62638.0,3557,89.82288445319088,2.3053134664042734,4.301377565364071,3.7365421152628246
410027,1,58,Male,Pedestrian,2016,February,Monday,8:00am-8:59am,Daylight,Clear,Urban,Minor Arterial,Four-Way Intersection,On Roadway,None / Unknown,42.31286667,-122.8773361,At Intersection,Not a Cyclist,Crosswalk Area,Not a Cyclist,Northbound,Not a Cyclist,35,35 MPH,2,Traffic control signal (on colors) with Pedestrian Signal,1,"Two-Way, Not Divided",41029000701,Census Tract 7.01,84986.0,5170,77.25338491295938,0.0,15.415860735009671,1.7857142857142856
410029,1,68,Female,Pedestrian,2016,February,Saturday,6:00pm-6:59pm,Dark - Not Lighted,Rain,Urban,Minor Arterial,T-Intersection,On Roadway,None / Unknown,44.92546389,-123.0106833,At Intersection,Not a Cyclist,Crosswalk Area,Not a Cyclist,Unknown Initial Direction of Travel,Not a Cyclist,25,25 MPH,0,No Controls,1,"Two-Way, Not Divided",41047001000,Census Tract 10,55648.0,4534,68.68107631230701,1.0807234230260256,21.08513453903838,5.51301684532925
410045,1,29,Male,Pedestrian,2016,March,Wednesday,4:00pm-4:59pm,Dusk,Rain,Urban,Minor Arterial,Four-Way Intersection,On Roadway,None / Unknown,45.46148056,-122.7968306,At Intersection,Not a Cyclist,Crosswalk Area,Not a Cyclist,Northbound,Not a Cyclist,40,40 MPH,2,Traffic control signal (on colors) with Pedestrian Signal,5,"Two-Way, Not Divided With a Continuous Left-Turn Lane",41067031011,Census Tract 310.11,58482.0,3409,61.71897917277794,1.642710472279261,23.555294807861543,5.748316934230968
410051,1,8,Male,Pedestrian,2016,March,Friday,7:00pm-7:59pm,Dark - Not Lighted,Rain,Urban,Principal Arterial - Other,Not an Intersection,On Roadway,None / Unknown,44.98364722,-123.0266056,Not At Intersection,Not a Cyclist,Travel Lane,Not a Cyclist,Not Applicable,Not a Cyclist,35,35 MPH,0,No Controls,5,"Two-Way, Not Divided With a Continuous Left-Turn Lane",41047001402,Census Tract 14.02,76266.0,5888,74.52445652173914,0.8491847826086956,12.85665760869565,2.132435465768799
410054,1,34,Female,Pedestrian,2016,March,Friday,12:00pm-12:59pm,Daylight,Cloudy,Urban,Principal Arterial - Other,Four-Way Intersection,On Roadway,None / Unknown,45.52628056,-122.5421861,At Intersection,Not a Cyclist,Crosswalk Area,Not a Cyclist,Northbound,Not a Cyclist,35,35 MPH,4,Flashing Traffic Control Signal,5,"Two-Way, Not Divided With a Continuous Left-Turn Lane",41051008100,Census Tract 81,48106.0,7983,53.71414255292497,15.620693974696229,9.658023299511461,20.721649484536083
410056,1,17,Male,Bicyclist,2016,March,Saturday,3:00pm-3:59pm,Daylight,Clear,Urban,Local,T-Intersection,On Roadway,None / Unknown,45.49326667,-122.5174361,Not a Pedestrian,At Intersection,Not a Pedestrian,Travel Lane,Not a Pedestrian,With Traffic,25,25 MPH,0,No Controls,1,"Two-Way, Not Divided",41051009102,Census Tract 91.02,73523.0,6765,55.06282335550628,10.317812269031782,4.848484848484849,6.215772179627602
410057,1,58,Male,Pedestrian,2016,March,Saturday,11:00pm-11:59pm,Dark - Not Lighted,Cloudy,Urban,Major Collector,Four-Way Intersection,On Roadway,None / Unknown,45.55248333,-122.6033556,At Intersection,Not a Cyclist,Crosswalk Area,Not a Cyclist,Unknown Initial Direction of Travel,Not a Cyclist,98,Not Reported,0,No Controls,3,"Two-Way,  Divided, Positive  Median Barrier",41051002901,Census Tract 29.01,108017.0,4550,76.28571428571429,1.7802197802197803,4.087912087912088,5.961791831357049
410065,1,90,Male,Pedestrian,2016,March,Wednesday,12:00pm-12:59pm,Daylight,Clear,Urban,Principal Arterial - Other,Not an Intersection,On Roadway,None / Unknown,45.95843056,-118.3872944,Not At Intersection,Not a Cyclist,Travel Lane,Not a Cyclist,Not Applicable,Not a Cyclist,50,50 MPH,0,No Controls,5,"Two-Way, Not Divided With a Continuous Left-Turn Lane",41059950100,Census Tract 9501,51494.0,4705,82.35919234856536,0.0,9.054197662061636,1.2800819252432156
410077,1,80,Female,Pedestrian,2016,January,Monday,3:00pm-3:59pm,Daylight,Cloudy,Urban,Local,T-Intersection,On Roadway,None / Unknown,45.51589444,-122.7863667,Intersection-Related,Not a Cyclist,Sidewalk / Shared-Use Path / Driveway Access,Not a Cyclist,Eastbound,Not a Cyclist,30,30 MPH,0,No Controls,1,"Two-Way, Not Divided",41067030104,Census Tract 301.04,133224.0,4011,69.88282223884318,3.0914983794564943,3.4156070805285466,8.979033728350046
410078,1,65,Male,Pedestrian,2016,January,Friday,6:00pm-6:59pm,Dark - Lighted,Not Reported,Urban,Principal Arterial - Other,Four-Way Intersection,On Roadway,None / Unknown,42.43646389,-123.2979444,At Intersection,Not a Cyclist,Crosswalk Area,Not a Cyclist,Southbound,Not a Cyclist,45,45 MPH,2,Traffic control signal (on colors) with Pedestrian Signal,5,"Two-Way, Not Divided With a Continuous Left-Turn Lane",41033360500,Census Tract 3605,47190.0,5911,86.02605312129927,0.33835222466587717,8.89866350871257,5.555555555555555
410078,2,53,Female,Pedestrian,2016,January,Friday,6:00pm-6:59pm,Dark - Lighted,Not Reported,Urban,Principal Arterial - Other,Four-Way Intersection,On Roadway,None / Unknown,42.43646389,-123.2979444,At Intersection,Not a Cyclist,Crosswalk Area,Not a Cyclist,Southbound,Not a Cyclist,45,45 MPH,2,Traffic control signal (on colors) with Pedestrian Signal,5,"Two-Way, Not Divided With a Continuous Left-Turn Lane",41033360500,Census Tract 3605,47190.0,5911,86.02605312129927,0.33835222466587717,8.89866350871257,5.555555555555555
410079,1,51,Female,Pedestrian,2016,February,Monday,6:00am-6:59am,Dark - Not Lighted,Clear,Urban,Principal Arterial - Other,Not an Intersection,On Roadway,None / Unknown,45.42985278,-122.6346,Not At Intersection,Not a Cyclist,Travel Lane,Not a Cyclist,Not Applicable,Not a Cyclist,40,40 MPH,0,No Controls,1,"Two-Way, Not Divided",41005021400,Census Tract 214,84432.0,5139,87.31270675228645,0.0,4.436660828955049,5.470999588646648
410085,1,52,Female,Pedestrian,2016,January,Wednesday,6:00pm-6:59pm,Dark - Lighted,Rain,Urban,Local,Not an Intersection,On Roadway,None / Unknown,44.97710833,-124.011975,Not At Intersection,Not a Cyclist,Travel Lane,Not a Cyclist,Not Applicable,Not a Cyclist,25,25 MPH,0,No Controls,1,"Two-Way, Not Divided",41041950304,Census Tract 9503.04,51818.0,3389,83.85954558866922,0.29507229271171437,10.298023015638831,5.823148813803019
410087,1,10,Male,Pedestrian,2016,March,Monday,4:00pm-4:59pm,Daylight,Cloudy,Urban,Major Collector,Four-Way Intersection,On Roadway,None / Unknown,45.52208056,-122.4964889,At Intersection,Not a Cyclist,Crosswalk Area,Not a Cyclist,Southbound,Not a Cyclist,35,35 MPH,2,Traffic control signal (on colors) with Pedestrian Signal,6,Entrance/Exit Ramp,41051009301,Census Tract 93.01,53929.0,5287,43.767732173255155,1.929260450160772,31.09513902023832,10.154525386313466
410100,1,45,Male,Pedestrian,2016,April,Monday,10:00pm-10:59pm,Dark - Lighted,Clear,Urban,Principal Arterial - Other,T-Intersection,On Roadway,None / Unknown,45.52458889,-122.5790528,At Intersection,Not a Cyclist,Crosswalk Area,Not a Cyclist,Unknown Initial Direction of Travel,Not a Cyclist,35,35 MPH,2,Traffic control signal (on colors) with Pedestrian Signal,5,"Two-Way, Not Divided With a Continuous Left-Turn Lane",41051001704,Census Tract 17.04,90741.0,2750,82.2909090909091,3.418181818181818,4.3999999999999995,7.34375
410105,1,41,Female,Pedestrian,2016,February,Monday,5:00am-5:59am,Dark - Not Lighted,Not Reported,Urban,Principal Arterial - Other Freeways and Expressways,Four-Way Intersection,On Roadway,None / Unknown,45.42133333,-122.7450667,At Intersection,Not a Cyclist,Crosswalk Area,Not a Cyclist,Eastbound,Not a Cyclist,40,40 MPH,2,Traffic control signal (on colors) with Pedestrian Signal,3,"Two-Way,  Divided, Positive  Median Barrier",41067030700,Census Tract 307,42852.0,1486,62.58411843876177,5.3162853297442805,18.10228802153432,12.216216216216216
410106,1,61,Male,Pedestrian,2016,February,Sunday,6:00am-6:59am,Dark - Not Lighted,Rain,Urban,Principal Arterial - Other Freeways and Expressways,Not an Intersection,On Roadway,None / Unknown,44.04617222,-123.0164639,Not At Intersection,Not a Cyclist,Travel Lane,Not a Cyclist,Not Applicable,Not a Cyclist,55,55 MPH,0,No Controls,4,One-Way Trafficway,41039003302,Census Tract 33.02,45333.0,3571,78.85746289554747,0.784094091290955,8.569028283394008,11.166253101736972
410110,1,63,Male,Persons on Personal Conveyances,2016,April,Saturday,12:00pm-12:59pm,Daylight,Cloudy,Urban,Principal Arterial - Other,Not an Intersection,On Roadway,None / Unknown,42.30144444,-122.8492139,Not At Intersection,Not a Cyclist,Travel Lane,Not a Cyclist,Not Applicable,Not a Cyclist,45,45 MPH,0,No Controls,5,"Two-Way, Not Divided With a Continuous Left-Turn Lane",41029000701,Census Tract 7.01,84986.0,5170,77.25338491295938,0.0,15.415860735009671,1.7857142857142856
410116,1,68,Male,Pedestrian,2016,April,Friday,4:00am-4:59am,Dark - Lighted,Cloudy,Urban,Major Collector,Not an Intersection,On Roadway,None / Unknown,45.54251667,-122.414725,Not At Intersection,Not a Cyclist,Travel Lane,Not a Cyclist,Not Applicable,Not a Cyclist,98,Not Reported,0,No Controls,1,"Two-Way, Not Divided",41051010200,Census Tract 102,95268.0,7520,45.71808510638298,9.654255319148936,32.726063829787236,3.4812454032851186
410124,1,46,Female,Pedestrian,2016,March,Saturday,8:00pm-8:59pm,Dark - Not Lighted,Cloudy,Urban,Major Collector,Not an Intersection,On Roadway,None / Unknown,42.41467222,-122.8491639,Not At Intersection,Not a Cyclist,Travel Lane,Not a Cyclist,Not Applicable,Not a Cyclist,45,45 MPH,0,No Controls,1,"Two-Way, Not Divided",41029001301,Census Tract 13.01,68333.0,5767,67.79954915900815,0.1387203051846714,27.709380960638114,0.5323505323505323
410151,1,81,Male,Pedestrian,2016,June,Wednesday,1:00pm-1:59pm,Daylight,Clear,Urban,Principal Arterial - Other,Not an Intersection,On Roadway,None / Unknown,45.51999167,-122.9755639,At Intersection,Not a Cyclist,Crosswalk Area,Not a Cyclist,Northbound,Not a Cyclist,30,30 MPH,0,No Controls,4,One-Way Trafficway,41067032501,Census Tract 325.01,60927.0,3124,56.33802816901409,2.5288092189500637,32.4583866837388,19.71595655806182
410171,1,57,Female,Pedestrian,2016,January,Thursday,5:00pm-5:59pm,Dark - Not Lighted,Not Reported,Urban,Minor Arterial,Four-Way Intersection,On Roadway,None / Unknown,45.44793889,-122.595225,At Intersection,Not a Cyclist,Crosswalk Area,Not a Cyclist,Northbound,Not a Cyclist,35,35 MPH,0,No Controls,1,"Two-Way, Not Divided",41005021602,Census Tract 216.02,69042.0,4863,77.35965453423812,1.2543697306189596,11.001439440674481,8.274582560296846
410184,1,18,Male,Pedestrian,2016,June,Wednesday,3:00am-3:59am,Dark - Lighted,Clear,Urban,Principal Arterial - Other,Not an Intersection,On Roadway,None / Unknown,44.92629722,-123.0427611,Not At Intersection,Not a Cyclist,Travel Lane,Not a Cyclist,Not Applicable,Not a Cyclist,98,Not Reported,0,No Controls,1,"Two-Way, Not Divided",41047001200,Census Tract 12,62803.0,3833,72.71067049308635,2.321941038351161,19.87998956430994,5.155210643015521
410188,1,20,Male,Pedestrian,2016,July,Friday,2:00am-2:59am,Dark - Lighted,Clear,Urban,Minor Arterial,Four-Way Intersection,On Roadway,None / Unknown,44.99689722,-123.0266472,At Intersection,Not a Cyclist,Crosswalk Area,Not a Cyclist,Westbound,Not a Cyclist,35,35 MPH,0,No Controls,5,"Two-Way, Not Divided With a Continuous Left-Turn Lane",41047001402,Census Tract 14.02,76266.0,5888,74.52445652173914,0.8491847826086956,12.85665760869565,2.132435465768799
410201,1,44,Female,Pedestrian,2016,July,Friday,10:00pm-10:59pm,Dark - Lighted,Rain,Urban,Principal Arterial - Other,T-Intersection,On Roadway,None / Unknown,45.53366111,-122.4772583,At Intersection,Not a Cyclist,Crosswalk Area,Not a Cyclist,Westbound,Not a Cyclist,40,40 MPH,0,No Controls,5,"Two-Way, Not Divided With a Continuous Left-Turn Lane",41051009605,Census Tract 96.05,64583.0,6255,41.183053557154274,11.91047162270184,27.865707434052755,6.273644388398488
410219,1,77,Male,Bicyclist,2016,May,Monday,4:00pm-4:59pm,Daylight,Clear,Urban,Minor Arterial,Not an Intersection,On Roadway,None / Unknown,45.46628889,-122.7475528,Not a Pedestrian,Not At Intersection,Not a Pedestrian,Bicycle Lane / Paved Shoulder / Parking Lane,Not a Pedestrian,With Traffic,35,35 MPH,0,No Controls,1,"Two-Way, Not Divided",41067030502,Census Tract 305.02,97981.0,4082,73.3219010289074,1.6413522782949534,7.496325330720236,2.3552894211576847
410220,1,38,Female,Pedestrian,2016,March,Wednesday,6:00pm-6:59pm,Dark - Not Lighted,Not Reported,Urban,Minor Arterial,Not an Intersection,On Roadway,None / Unknown,45.443575,-122.3728278,Not At Intersection,Not a Cyclist,Travel Lane,Not a Cyclist,Not Applicable,Not a Cyclist,98,Not Reported,0,No Controls,1,"Two-Way, Not Divided",41005023300,Census Tract 233,123421.0,5519,76.57184272513136,0.07247689798876608,13.60753759739083,2.322040350209364
410227,1,25,Female,Bicyclist,2016,July,Saturday,8:00am-8:59am,Daylight,Clear,Urban,Principal Arterial - Other,Four-Way Intersection,On Roadway,None / Unknown,45.46866944,-122.5790639,Not a Pedestrian,At Intersection,Not a Pedestrian,Bicycle Lane / Paved Shoulder / Parking Lane,Not a Pedestrian,With Traffic,98,Not Reported,2,Traffic control signal (on colors) with Pedestrian Signal,1,"Two-Way, Not Divided",41051008600,Census Tract 86,60268.0,4070,60.63882063882063,1.6461916461916464,12.702702702702704,17.85209609043806
410230,1,58,Male,Pedestrian,2016,August,Friday,5:00am-5:59am,Dark - Lighted,Clear,Urban,Principal Arterial - Other,T-Intersection,On Roadway,None / Unknown,45.400375,-122.2782139,At Intersection,Not a Cyclist,Crosswalk Area,Not a Cyclist,Not Applicable,Not a Cyclist,40,40 MPH,2,Traffic control signal (on colors) with Pedestrian Signal,5,"Two-Way, Not Divided With a Continuous Left-Turn Lane",41005023404,Census Tract 234.04,94583.0,6563,86.37818071004114,0.5332927015084565,6.536644827060796,1.2544226439369572
410232,1,49,Female,Bicyclist,2016,August,Friday,3:00pm-3:59pm,Daylight,Clear,Urban,Major Collector,T-Intersection,On Roadway,None / Unknown,45.4642,-122.54805,Not a Pedestrian,At Intersection,Not a Pedestrian,Travel Lane,Not a Pedestrian,With Traffic,35,35 MPH,0,No Controls,1,"Two-Way, Not Divided",41051008902,Census Tract 89.02,70508.0,4412,58.79419764279239,11.899365367180417,7.683590208522212,5.0423728813559325
410240,1,31,Female,Pedestrian,2016,August,Monday,10:00pm-10:59pm,Dark - Lighted,Cloudy,Urban,Minor Arterial,Not an Intersection,On Roadway,Construction,45.51530833,-122.691575,Not At Intersection,Not a Cyclist,Travel Lane,Not a Cyclist,Not Applicable,Not a Cyclist,50,50 MPH,0,No Controls,3,"Two-Way,  Divided, Positive  Median Barrier",41051005500,Census Tract 55,40714.0,2694,64.84780994803266,3.0066815144766146,8.314773570898293,33.309352517985616
410240,2,45,Male,Pedestrian,2016,August,Monday,10:00pm-10:59pm,Dark - Lighted,Cloudy,Urban,Minor Arterial,Not an Intersection,On Roadway,Construction,45.51530833,-122.691575,Not At Intersection,Not a Cyclist,Travel Lane,Not a Cyclist,Not Applicable,Not a Cyclist,50,50 MPH,0,No Controls,3,"Two-Way,  Divided, Positive  Median Barrier",41051005500,Census Tract 55,40714.0,2694,64.84780994803266,3.0066815144766146,8.314773570898293,33.309352517985616
410244,1,28,Male,Pedestrian,2016,April,Monday,10:00pm-10:59pm,Dark - Not Lighted,Clear,Urban,Principal Arterial - Other,Not an Intersection,On Roadway,None / Unknown,44.10161111,-123.1706611,Not At Intersection,Not a Cyclist,Travel Lane,Not a Cyclist,Not Applicable,Not a Cyclist,55,55 MPH,0,No Controls,5,"Two-Way, Not Divided With a Continuous Left-Turn Lane",41039002501,Census Tract 25.01,74056.0,5651,67.54556715625553,4.5655636170589275,17.713678994868165,4.156577885391444
410250,1,15,Female,Pedestrian,2016,August,Friday,3:00pm-3:59pm,Daylight,Cloudy,Urban,Minor Arterial,Not an Intersection,On Roadway,None / Unknown,45.51203333,-122.6183556,At Intersection,Not a Cyclist,Crosswalk Area,Not a Cyclist,Not Applicable,Not a Cyclist,25,25 MPH,0,No Controls,3,"Two-Way,  Divided, Positive  Median Barrier",41051001400,Census Tract 14,107847.0,6056,76.45310435931307,3.418097754293263,12.764200792602379,11.755763871294654
410259,1,36,Male,Bicyclist,2016,August,Saturday,8:00pm-8:59pm,Dusk,Clear,Urban,Principal Arterial - Other,Not an Intersection,On Roadway,None / Unknown,44.08668889,-121.3010972,Not a Pedestrian,Not At Intersection,Not a Pedestrian,Travel Lane,Not a Pedestrian,Not applicable,45,45 MPH,0,No Controls,3,"Two-Way,  Divided, Positive  Median Barrier",41017001101,Census Tract 11.01,95158.0,7107,82.62276628675953,0.0,8.287603770930069,5.572380375529982
410266,1,63,Female,Pedestrian,2016,August,Sunday,10:00pm-10:59pm,Dark - Not Lighted,Clear,Urban,Principal Arterial - Other,Not an Intersection,On Roadway,None / Unknown,44.06236667,-123.1736194,Not At Intersection,Not a Cyclist,Travel Lane,Not a Cyclist,Not Applicable,Not a Cyclist,55,55 MPH,0,No Controls,5,"Two-Way, Not Divided With a Continuous Left-Turn Lane",41039002504,Census Tract 25.04,63333.0,3383,68.54862548034289,0.325155187703222,21.312444575820276,2.9428095502498612
410270,1,52,Female,Bicyclist,2016,August,Tuesday,5:00pm-5:59pm,Daylight,Clear,Rural,Major Collector,Not an Intersection,On Roadway,None / Unknown,42.17875278,-120.3743361,Not a Pedestrian,Not At Intersection,Not a Pedestrian,Travel Lane,Not a Pedestrian,With Traffic,98,Not Reported,0,No Controls,1,"Two-Way, Not Divided",41037960200,Census Tract 9602,57553.0,5435,76.85372585096596,0.38638454461821525,12.253909843606255,10.639336261591021
410273,1,65,Male,Pedestrian,2016,August,Monday,8:00pm-8:59pm,Dark - Lighted,Clear,Urban,Minor Arterial,Four-Way Intersection,On Roadway,None / Unknown,45.57354722,-122.6954972,At Intersection,Not a Cyclist,Crosswalk Area,Not a Cyclist,Not Applicable,Not a Cyclist,30,30 MPH,97,Not Reported,1,"Two-Way, Not Divided",41051003902,Census Tract 39.02,139393.0,3748,67.50266808964781,4.188900747065102,10.805763073639273,8.79560219890055
410278,1,54,Male,Pedestrian,2016,September,Tuesday,4:00am-4:59am,Dark - Not Lighted,Cloudy,Urban,Principal Arterial - Other,Not an Intersection,On Roadway,None / Unknown,44.9563,-122.9592722,Not At Intersection,Not a Cyclist,Travel Lane,Not a Cyclist,Not Applicable,Not a Cyclist,55,55 MPH,0,No Controls,1,"Two-Way, Not Divided",41047001603,Census Tract 16.03,80870.0,7973,38.580208202684055,1.3545716794180358,52.75304151511351,0.0
410283,1,53,Male,Bicyclist,2016,September,Friday,4:00pm-4:59pm,Daylight,Clear,Urban,Principal Arterial - Other Freeways and Expressways,Not an Intersection,On Roadway,None / Unknown,45.419675,-122.5722556,Not a Pedestrian,Not At Intersection,Not a Pedestrian,Travel Lane,Not a Pedestrian,Facing Traffic,55,55 MPH,0,No Controls,1,"Two-Way, Not Divided",41005022108,Census Tract 221.08,72345.0,3665,69.44065484311051,2.1828103683492497,16.75306957708049,14.954221770091555
410297,1,61,Female,Pedestrian,2016,September,Saturday,6:00pm-6:59pm,Daylight,Cloudy,Urban,Major Collector,Not an Intersection,On Roadway,None / Unknown,45.51224444,-122.8479361,Not At Intersection,Not a Cyclist,Travel Lane,Not a Cyclist,Not Applicable,Not a Cyclist,98,Not Reported,0,No Controls,1,"Two-Way, Not Divided",41067031623,Census Tract 316.23,93079.0,4458,39.210408254822795,6.0789591745177205,26.087931807985644,29.225210758731436
410299,1,61,Male,Pedestrian,2016,September,Sunday,9:00pm-9:59pm,Dark - Lighted,Cloudy,Urban,Principal Arterial - Other,Not an Intersection,On Roadway,None / Unknown,45.50408056,-122.5360194,Not At Intersection,Not a Cyclist,Travel Lane,Not a Cyclist,Not Applicable,Not a Cyclist,98,Not Reported,0,No Controls,1,"Two-Way, Not Divided",41051009002,Census Tract 90.02,60685.0,4581,51.21152586771447,10.805500982318271,19.82099978170705,14.221014492753623
410301,1,91,Female,Pedestrian,2016,September,Tuesday,2:00pm-2:59pm,Daylight,Clear,Urban,Major Collector,Not an Intersection,On Roadway,None / Unknown,45.67845278,-121.5672111,Not At Intersection,Not a Cyclist,Sidewalk / Shared-Use Path / Driveway Access,Not a Cyclist,Not Applicable,Not a Cyclist,40,40 MPH,0,No Controls,1,"Two-Way, Not Divided",41027950201,Census Tract 9502.01,95848.0,3452,72.94322132097335,0.0,20.538818076477405,3.8300418910831837
410307,1,83,Male,Pedestrian,2016,September,Wednesday,6:00am-6:59am,Dark - Not Lighted,Clear,Urban,Principal Arterial - Other,Not an Intersection,On Roadway,None / Unknown,42.41802778,-123.3697722,Not At Intersection,Not a Cyclist,Travel Lane,Not a Cyclist,Not Applicable,Not a Cyclist,45,45 MPH,0,No Controls,1,"Two-Way, Not Divided",41033361101,Census Tract 3611.01,51954.0,6699,77.66830870279146,0.16420361247947454,14.64397671294223,0.0
410310,1,56,Male,Pedestrian,2016,September,Friday,9:00pm-9:59pm,Dark - Not Lighted,Cloudy,Urban,Principal Arterial - Other,T-Intersection,On Roadway,None / Unknown,45.53171944,-122.4772583,At Intersection,Not a Cyclist,Crosswalk Area,Not a Cyclist,Westbound,Not a Cyclist,35,35 MPH,0,No Controls,5,"Two-Way, Not Divided With a Continuous Left-Turn Lane",41051009605,Census Tract 96.05,64583.0,6255,41.183053557154274,11.91047162270184,27.865707434052755,6.273644388398488
410320,1,21,Male,Bicyclist,2016,September,Saturday,3:00am-3:59am,Dark - Lighted,Clear,Urban,Principal Arterial - Other,Not an Intersection,On Roadway,None / Unknown,45.52635278,-122.4572917,Not a Pedestrian,Not At Intersection,Not a Pedestrian,Sidewalk  / Crosswalk / Driveway Access,Not a Pedestrian,Not applicable,40,40 MPH,4,Flashing Traffic Control Signal,5,"Two-Way, Not Divided With a Continuous Left-Turn Lane",41051009603,Census Tract 96.03,65986.0,3697,56.07249120908845,4.57127400595077,22.937516905599136,7.68277571251549
410334,1,54,Male,Pedestrian,2016,December,Monday,7:00pm-7:59pm,Dark - Lighted,Cloudy,Urban,Principal Arterial - Other,Not an Intersection,On Roadway,None / Unknown,42.35253611,-122.8729778,Not At Intersection,Not a Cyclist,Travel Lane,Not a Cyclist,Not Applicable,Not a Cyclist,35,35 MPH,0,No Controls,1,"Two-Way, Not Divided",41029001200,Census Tract 12,71855.0,4368,69.73443223443223,1.1446886446886446,26.098901098901102,0.32080659945004586
410339,1,24,Male,Pedestrian,2016,November,Monday,2:00am-2:59am,Dark - Not Lighted,Rain,Urban,Minor Arterial,Not an Intersection,On Roadway,None / Unknown,45.49803611,-122.4268722,Not At Intersection,Not a Cyclist,Travel Lane,Not a Cyclist,Not Applicable,Not a Cyclist,30,30 MPH,0,No Controls,5,"Two-Way, Not Divided With a Continuous Left-Turn Lane",41051010001,Census Tract 100.01,43214.0,5876,68.46494213750852,3.1994554118447924,16.21851599727706,9.595254710397768
410343,1,51,Male,Pedestrian,2016,December,Wednesday,6:00pm-6:59pm,Dark - Lighted,Cloudy,Urban,Principal Arterial - Other,Not an Intersection,On Roadway,None / Unknown,45.50435,-122.5036306,Not At Intersection,Not a Cyclist,Travel Lane,Not a Cyclist,Not Applicable,Not a Cyclist,35,35 MPH,0,No Controls,5,"Two-Way, Not Divided With a Continuous Left-Turn Lane",41051009101,Census Tract 91.01,59167.0,6261,52.61140392908481,7.538731831975723,19.05446414310813,6.99121522693997
410344,1,65,Male,Pedestrian,2016,December,Wednesday,9:00pm-9:59pm,Dark - Lighted,Clear,Urban,Major Collector,T-Intersection,On Roadway,None / Unknown,45.50457222,-122.5742528,At Intersection,Not a Cyclist,Crosswalk Area,Not a Cyclist,Southbound,Not a Cyclist,35,35 MPH,0,No Controls,5,"Two-Way, Not Divided With a Continuous Left-Turn Lane",41051008301,Census Tract 83.01,64886.0,4114,40.37433155080214,10.646572678658242,7.073407875546913,22.07916070577015
410346,1,73,Male,Pedestrian,2016,December,Saturday,5:00pm-5:59pm,Dark - Not Lighted,Cloudy,Rural,Principal Arterial - Other,T-Intersection,On Roadway,None / Unknown,42.13762778,-121.6983361,At Intersection,Not a Cyclist,Crosswalk Area,Not a Cyclist,Unknown Initial Direction of Travel,Not a Cyclist,55,55 MPH,0,No Controls,1,"Two-Way, Not Divided",41035970800,Census Tract 9708,66029.0,2697,83.31479421579533,0.18539117538005193,5.302187615869484,0.7456503728251864
410352,1,52,Male,Pedestrian,2016,October,Wednesday,8:00pm-8:59pm,Dark - Lighted,Rain,Urban,Principal Arterial - Other,Not an Intersection,On Roadway,None / Unknown,45.515675,-122.4124833,Not At Intersection,Not a Cyclist,Travel Lane,Not a Cyclist,Not Applicable,Not a Cyclist,40,40 MPH,0,No Controls,5,"Two-Way, Not Divided With a Continuous Left-Turn Lane",41051010405,Census Tract 104.05,68825.0,5872,60.3882833787466,5.415531335149864,21.576975476839237,10.900621118012422
410357,1,84,Female,Pedestrian,2016,December,Thursday,5:00pm-5:59pm,Dark - Unknown Lighting,Not Reported,Urban,Minor Arterial,Not an Intersection,On Roadway,None / Unknown,45.47648056,-122.8194833,Not At Intersection,Not a Cyclist,Travel Lane,Not a Cyclist,Not Applicable,Not a Cyclist,30,30 MPH,0,No Controls,1,"Two-Way, Not Divided",41067031202,Census Tract 312.02,55781.0,4246,51.41309467734339,0.4710315591144607,33.39613754121526,18.220338983050848
410360,1,59,Male,Pedestrian,2016,December,Saturday,10:00am-10:59am,Daylight,Cloudy,Rural,Principal Arterial - Other,Not an Intersection,On Roadway,None / Unknown,46.17516389,-123.5376833,Not At Intersection,Not a Cyclist,Travel Lane,Not a Cyclist,Not Applicable,Not a Cyclist,55,55 MPH,0,No Controls,1,"Two-Way, Not Divided",41007951200,Census Tract 9512,61685.0,3358,89.69624776652769,0.02977963073257892,4.10958904109589,4.124579124579125
410360,2,62,Female,Pedestrian,2016,December,Saturday,10:00am-10:59am,Daylight,Cloudy,Rural,Principal Arterial - Other,Not an Intersection,On Roadway,None / Unknown,46.17516389,-123.5376833,Not At Intersection,Not a Cyclist,Travel Lane,Not a Cyclist,Not Applicable,Not a Cyclist,55,55 MPH,0,No Controls,1,"Two-Way, Not Divided",41007951200,Census Tract 9512,61685.0,3358,89.69624776652769,0.02977963073257892,4.10958904109589,4.124579124579125
410367,1,79,Male,Pedestrian,2016,October,Friday,7:00pm-7:59pm,Dark - Not Lighted,Not Reported,Rural,Minor Arterial,Not an Intersection,On Roadway,None / Unknown,42.62740833,-122.8071472,Not At Intersection,Not a Cyclist,Travel Lane,Not a Cyclist,Not Applicable,Not a Cyclist,98,Not Reported,0,No Controls,1,"Two-Way, Not Divided",41029002702,Census Tract 27.02,42763.0,4282,84.42316674451192,0.42036431574030825,6.258757589911257,4.011259676284307
410373,1,46,Male,Bicyclist,2016,October,Thursday,6:00am-6:59am,Dark - Not Lighted,Rain,Rural,Minor Collector,Not an Intersection,On Roadway,None / Unknown,44.80967222,-122.8370167,Not a Pedestrian,Not At Intersection,Not a Pedestrian,Travel Lane,Not a Pedestrian,With Traffic,55,55 MPH,0,No Controls,1,"Two-Way, Not Divided",41047010702,Census Tract 107.02,81382.0,7385,78.40216655382532,0.09478672985781991,10.31821259309411,4.726785115655381
410381,1,38,Male,Pedestrian,2016,October,Saturday,7:00pm-7:59pm,Dark - Not Lighted,Cloudy,Urban,Principal Arterial - Other,T-Intersection,On Roadway,None / Unknown,44.02152778,-121.3160139,Intersection-Related,Not a Cyclist,Travel Lane,Not a Cyclist,Not Applicable,Not a Cyclist,98,Not Reported,0,No Controls,5,"Two-Way, Not Divided With a Continuous Left-Turn Lane",41017002002,Census Tract 20.02,76305.0,9173,69.97710672626185,1.2318761582906357,20.244194919873543,1.7759304742112223
410382,1,36,Male,Pedestrian,2016,October,Monday,6:00pm-6:59pm,Dark - Not Lighted,Rain,Urban,Local,Not an Intersection,On Roadway,None / Unknown,42.47224722,-122.8316889,Not At Intersection,Not a Cyclist,Travel Lane,Not a Cyclist,Not Applicable,Not a Cyclist,55,55 MPH,0,No Controls,1,"Two-Way, Not Divided",41029001402,Census Tract 14.02,65000.0,920,85.21739130434783,0.0,0.0,0.0
410384,1,55,Male,Pedestrian,2016,October,Thursday,8:00pm-8:59pm,Daylight,Cloudy,Urban,Principal Arterial - Other,Not an Intersection,On Roadway,None / Unknown,42.28248611,-122.8262056,Not At Intersection,Not a Cyclist,Travel Lane,Not a Cyclist,Not Applicable,Not a Cyclist,35,35 MPH,0,No Controls,5,"Two-Way, Not Divided With a Continuous Left-Turn Lane",41029001602,Census Tract 16.02,58459.0,5841,81.71545968156137,0.9929806539976032,12.960109570279062,5.3355704697986575
410385,1,43,Male,Pedestrian,2016,October,Friday,8:00pm-8:59pm,Dark - Not Lighted,Clear,Urban,Principal Arterial - Other,Not an Intersection,On Roadway,None / Unknown,44.54480833,-123.2659167,Not At Intersection,Not a Cyclist,Travel Lane,Not a Cyclist,Not Applicable,Not a Cyclist,35,35 MPH,0,No Controls,5,"Two-Way, Not Divided With a Continuous Left-Turn Lane",41003000101,Census Tract 1.01,60409.0,3997,86.1646234676007,0.7755816862646986,8.006004503377532,5.263157894736842
410386,1,55,Male,Bicyclist,2016,October,Saturday,11:00am-11:59am,Daylight,Cloudy,Urban,Minor Arterial,T-Intersection,On Roadway,None / Unknown,45.58329167,-122.7689611,Not a Pedestrian,Intersection-Related,Not a Pedestrian,Bicycle Lane / Paved Shoulder / Parking Lane,Not a Pedestrian,With Traffic,35,35 MPH,0,No Controls,1,"Two-Way, Not Divided",41051004300,Census Tract 43,109375.0,1027,86.6601752677702,0.3894839337877313,9.444985394352482,2.6737967914438503
410387,1,56,Male,Persons on Personal Conveyances,2016,October,Saturday,8:00pm-8:59pm,Dark - Not Lighted,Clear,Urban,Principal Arterial - Other,Not an Intersection,On Roadway,None / Unknown,45.42689722,-122.6337444,Not At Intersection,Not a Cyclist,Travel Lane,Not a Cyclist,Not Applicable,Not a Cyclist,40,40 MPH,0,No Controls,5,"Two-Way, Not Divided With a Continuous Left-Turn Lane",41005021400,Census Tract 214,84432.0,5139,87.31270675228645,0.0,4.436660828955049,5.470999588646648
410390,1,31,Male,Pedestrian,2016,November,Sunday,10:00pm-10:59pm,Dark - Lighted,Clear,Rural,Interstate,Not an Intersection,On Roadway,None / Unknown,44.98804444,-117.8955972,Not At Intersection,Not a Cyclist,Travel Lane,Not a Cyclist,Not Applicable,Not a Cyclist,70,70 MPH,0,No Controls,2,"Two-Way,  Divided, Unprotected (Painted > 4 Feet ) Median",41001950500,Census Tract 9505,56977.0,2661,80.87185268695978,0.4509582863585118,12.326193160465989,10.05524861878453
410391,1,53,Male,Pedestrian,2016,November,Thursday,9:00pm-9:59pm,Dark - Lighted,Cloudy,Urban,Principal Arterial - Other Freeways and Expressways,Not an Intersection,On Roadway,None / Unknown,45.516,-122.6964139,Not At Intersection,Not a Cyclist,Travel Lane,Not a Cyclist,Not Applicable,Not a Cyclist,50,50 MPH,0,No Controls,3,"Two-Way,  Divided, Positive  Median Barrier",41051004602,Census Tract 46.02,193846.0,2127,80.06582040432534,0.7052186177715092,5.7357780912082745,10.475352112676056
410393,1,91,Male,Pedestrian,2016,November,Monday,7:00pm-7:59pm,Unknown,Unknown,Rural,Minor Collector,T-Intersection,On Roadway,None / Unknown,42.16577222,-123.6514083,At Intersection,Not a Cyclist,Intersection Area,Not a Cyclist,Not Applicable,Not a Cyclist,25,25 MPH,0,No Controls,1,"Two-Way, Not Divided",41033361601,Census Tract 3616.01,37317.0,4917,86.82123245881635,0.12202562538133008,7.463900752491356,4.031117397454031
410401,1,77,Male,Pedestrian,2016,November,Friday,8:00pm-8:59pm,Dark - Not Lighted,Cloudy,Rural,Interstate,Not an Intersection,On Roadway,None / Unknown,45.27013889,-122.7777639,Not At Intersection,Not a Cyclist,Travel Lane,Not a Cyclist,Not Applicable,Not a Cyclist,65,65 MPH,0,No Controls,2,"Two-Way,  Divided, Unprotected (Painted > 4 Feet ) Median",41005022800,Census Tract 228,76161.0,4069,84.54165642664046,0.0,9.166871467190955,6.367583212735166
410407,1,31,Male,Pedestrian,2016,November,Monday,8:00pm-8:59pm,Dark - Not Lighted,Cloudy,Rural,Principal Arterial - Other,Not an Intersection,On Shoulder,None / Unknown,42.39776667,-122.3094611,Not At Intersection,Not a Cyclist,Other/Unknown,Not a Cyclist,Not Applicable,Not a Cyclist,55,55 MPH,0,No Controls,1,"Two-Way, Not Divided",41029002600,Census Tract 26,63125.0,2662,85.01126972201352,0.0,4.695717505634861,4.390243902439024
410407,2,59,Male,Pedestrian,2016,November,Monday,8:00pm-8:59pm,Dark - Not Lighted,Cloudy,Rural,Principal Arterial - Other,Not an Intersection,On Shoulder,None / Unknown,42.39776667,-122.3094611,Not At Intersection,Not a Cyclist,Other/Unknown,Not a Cyclist,Not Applicable,Not a Cyclist,55,55 MPH,0,No Controls,1,"Two-Way, Not Divided",41029002600,Census Tract 26,63125.0,2662,85.01126972201352,0.0,4.695717505634861,4.390243902439024
410407,3,66,Female,Pedestrian,2016,November,Monday,8:00pm-8:59pm,Dark - Not Lighted,Cloudy,Rural,Principal Arterial - Other,Not an Intersection,On Shoulder,None / Unknown,42.39776667,-122.3094611,Not At Intersection,Not a Cyclist,Other/Unknown,Not a Cyclist,Not Applicable,Not a Cyclist,55,55 MPH,0,No Controls,1,"Two-Way, Not Divided",41029002600,Census Tract 26,63125.0,2662,85.01126972201352,0.0,4.695717505634861,4.390243902439024
410407,4,42,Male,Pedestrian,2016,November,Monday,8:00pm-8:59pm,Dark - Not Lighted,Cloudy,Rural,Principal Arterial - Other,Not an Intersection,On Shoulder,None / Unknown,42.39776667,-122.3094611,Not At Intersection,Not a Cyclist,Other/Unknown,Not a Cyclist,Not Applicable,Not a Cyclist,55,55 MPH,0,No Controls,1,"Two-Way, Not Divided",41029002600,Census Tract 26,63125.0,2662,85.01126972201352,0.0,4.695717505634861,4.390243902439024
410408,1,70,Male,Pedestrian,2016,November,Tuesday,6:00pm-6:59pm,Dark - Not Lighted,Rain,Urban,Principal Arterial - Other,Not an Intersection,On Roadway,None / Unknown,45.44198889,-122.7472,Not At Intersection,Not a Cyclist,Travel Lane,Not a Cyclist,Not Applicable,Not a Cyclist,35,35 MPH,0,No Controls,5,"Two-Way, Not Divided With a Continuous Left-Turn Lane",41067030600,Census Tract 306,103406.0,5762,72.59632072197154,1.423116973273169,13.033668864977438,4.212598425196851
410409,1,55,Male,Pedestrian,2016,November,Tuesday,6:00pm-6:59pm,Dark - Lighted,Rain,Urban,Principal Arterial - Other,Not an Intersection,On Roadway,None / Unknown,44.07055,-123.1183806,Not At Intersection,Not a Cyclist,Travel Lane,Not a Cyclist,Not Applicable,Not a Cyclist,40,40 MPH,0,No Controls,5,"Two-Way, Not Divided With a Continuous Left-Turn Lane",41039004100,Census Tract 41,70813.0,4358,82.7902707664066,0.5507113354749885,11.58788435061955,3.0973451327433628
410411,1,38,Male,Pedestrian,2016,November,Wednesday,8:00pm-8:59pm,Dark - Not Lighted,Clear,Rural,Principal Arterial - Other,Not an Intersection,On Roadway,None / Unknown,42.423025,-123.3430333,Not At Intersection,Not a Cyclist,Travel Lane,Not a Cyclist,Not Applicable,Not a Cyclist,55,55 MPH,0,No Controls,1,"Two-Way, Not Divided",41033360704,Census Tract 3607.04,60156.0,3228,73.3271375464684,0.8674101610904585,8.45724907063197,0.264026402640264
410413,1,75,Male,Pedestrian,2016,November,Friday,5:00pm-5:59pm,Dark - Lighted,Cloudy,Urban,Minor Arterial,Four-Way Intersection,On Roadway,None / Unknown,45.51915,-122.4990528,At Intersection,Not a Cyclist,Crosswalk Area,Not a Cyclist,Southbound,Not a Cyclist,98,Not Reported,4,Flashing Traffic Control Signal,5,"Two-Way, Not Divided With a Continuous Left-Turn Lane",41051009701,Census Tract 97.01,68183.0,4833,60.769708255741776,18.18746120422098,15.64245810055866,4.676616915422885
410419,1,60,Male,Pedestrian,2016,November,Wednesday,6:00am-6:59am,Dark - Not Lighted,Clear,Urban,Principal Arterial - Other,Not an Intersection,On Roadway,None / Unknown,44.11577778,-121.2909861,Not At Intersection,Not a Cyclist,Travel Lane,Not a Cyclist,Not Applicable,Not a Cyclist,55,55 MPH,0,No Controls,5,"Two-Way, Not Divided With a Continuous Left-Turn Lane",41017001200,Census Tract 12,118469.0,8470,84.72255017709564,0.5548996458087367,9.397874852420307,1.6836613706426369
410422,1,25,Male,Pedestrian,2016,November,Sunday,5:00pm-5:59pm,Not Reported,Not Reported,Urban,Minor Arterial,Not an Intersection,On Roadside,None / Unknown,42.21383889,-121.7556222,Not At Intersection,Not a Cyclist,Sidewalk / Shared-Use Path / Driveway Access,Not a Cyclist,Not Applicable,Not a Cyclist,98,Not Reported,0,No Controls,3,"Two-Way,  Divided, Positive  Median Barrier",41035971600,Census Tract 9716,24853.0,2804,61.019971469329526,1.7118402282453637,17.76034236804565,16.334283000949668
410422,2,28,Female,Pedestrian,2016,November,Sunday,5:00pm-5:59pm,Not Reported,Not Reported,Urban,Minor Arterial,Not an Intersection,On Roadside,None / Unknown,42.21383889,-121.7556222,Not At Intersection,Not a Cyclist,Sidewalk / Shared-Use Path / Driveway Access,Not a Cyclist,Not Applicable,Not a Cyclist,98,Not Reported,0,No Controls,3,"Two-Way,  Divided, Positive  Median Barrier",41035971600,Census Tract 9716,24853.0,2804,61.019971469329526,1.7118402282453637,17.76034236804565,16.334283000949668
410423,1,61,Female,Pedestrian,2016,August,Wednesday,10:00pm-10:59pm,Dark - Not Lighted,Not Reported,Urban,Principal Arterial - Other,T-Intersection,On Roadway,None / Unknown,45.45424722,-122.5791583,At Intersection,Not a Cyclist,Crosswalk Area,Not a Cyclist,Westbound,Not a Cyclist,98,Not Reported,2,Traffic control signal (on colors) with Pedestrian Signal,5,"Two-Way, Not Divided With a Continuous Left-Turn Lane",41005021601,Census Tract 216.01,83116.0,6461,67.94613836867359,0.061909921064850645,25.739049682711656,7.833192448577064
410430,1,56,Male,Pedestrian,2016,December,Friday,9:00pm-9:59pm,Dark - Lighted,Cloudy,Urban,Principal Arterial - Other,T-Intersection,On Roadway,None / Unknown,44.98406389,-124.0072528,At Intersection,Not a Cyclist,Crosswalk Area,Not a Cyclist,Unknown Initial Direction of Travel,Not a Cyclist,30,30 MPH,0,No Controls,3,"Two-Way,  Divided, Positive  Median Barrier",41041950304,Census Tract 9503.04,51818.0,3389,83.85954558866922,0.29507229271171437,10.298023015638831,5.823148813803019
410433,1,22,Male,Pedestrian,2016,December,Tuesday,8:00pm-8:59pm,Dark - Not Lighted,Clear,Rural,Principal Arterial - Other,Not an Intersection,On Roadway,None / Unknown,44.26208889,-121.1422667,Not At Intersection,Not a Cyclist,Travel Lane,Not a Cyclist,Not Applicable,Not a Cyclist,55,55 MPH,0,No Controls,1,"Two-Way, Not Divided",41017000701,Census Tract 7.01,66344.0,3579,78.73707739592065,0.0,11.28806929309863,0.5717916137229987
410434,1,50,Female,Pedestrian,2016,December,Tuesday,5:00pm-5:59pm,Dark - Lighted,Clear,Urban,Major Collector,Four-Way Intersection,On Roadway,None / Unknown,45.50100833,-122.42585,At Intersection,Not a Cyclist,Crosswalk Area,Not a Cyclist,Unknown Initial Direction of Travel,Not a Cyclist,25,25 MPH,0,No Controls,1,"Two-Way, Not Divided",41051010001,Census Tract 100.01,43214.0,5876,68.46494213750852,3.1994554118447924,16.21851599727706,9.595254710397768
410440,1,53,Male,Pedestrian,2016,December,Saturday,5:00pm-5:59pm,Dark - Lighted,Rain,Urban,Minor Arterial,Four-Way Intersection,On Roadway,None / Unknown,45.50450556,-122.4678667,At Intersection,Not a Cyclist,Crosswalk Area,Not a Cyclist,Unknown Initial Direction of Travel,Not a Cyclist,35,35 MPH,2,Traffic control signal (on colors) with Pedestrian Signal,1,"Two-Way, Not Divided",41051009803,Census Tract 98.03,49185.0,7899,52.0065831117863,6.114698063045955,30.522850993796684,9.956709956709958
410441,1,37,Male,Pedestrian,2016,December,Tuesday,7:00pm-7:59pm,Dark - Not Lighted,Clear,Rural,Principal Arterial - Other,Not an Intersection,On Roadway,None / Unknown,44.31756667,-124.1038944,Not At Intersection,Not a Cyclist,Travel Lane,Not a Cyclist,Not Applicable,Not a Cyclist,40,40 MPH,0,No Controls,1,"Two-Way, Not Divided",41041951700,Census Tract 9517,57708.0,1998,84.03403403403404,0.45045045045045046,7.257257257257257,12.447552447552447
410442,1,44,Male,Bicyclist,2016,September,Thursday,12:00pm-12:59pm,Daylight,Not Reported,Rural,Principal Arterial - Other,Not an Intersection,On Roadway,None / Unknown,42.28056667,-123.6155611,Not a Pedestrian,Not At Intersection,Not a Pedestrian,Travel Lane,Not a Pedestrian,Not applicable,98,Not Reported,0,No Controls,1,"Two-Way, Not Divided",41033361500,Census Tract 3615,46563.0,2392,92.34949832775919,0.0,1.5468227424749164,0.0
410444,1,57,Male,Pedestrian,2016,November,Tuesday,4:00am-4:59am,Dark - Not Lighted,Not Reported,Urban,Interstate,Not an Intersection,On Roadway,None / Unknown,45.12428611,-122.9076806,Not At Intersection,Not a Cyclist,Travel Lane,Not a Cyclist,Not Applicable,Not a Cyclist,98,Not Reported,0,No Controls,3,"Two-Way,  Divided, Positive  Median Barrier",41047010303,Census Tract 103.03,70946.0,4410,39.54648526077097,0.36281179138321995,55.75963718820862,3.598400710795202
410446,1,26,Male,Pedestrian,2016,December,Wednesday,6:00pm-6:59pm,Dark - Lighted,Not Reported,Urban,Principal Arterial - Other,Not an Intersection,On Roadway,None / Unknown,44.08256111,-121.3012972,Not At Intersection,Not a Cyclist,Travel Lane,Not a Cyclist,Not Applicable,Not a Cyclist,45,45 MPH,0,No Controls,5,"Two-Way, Not Divided With a Continuous Left-Turn Lane",41017001101,Census Tract 11.01,95158.0,7107,82.62276628675953,0.0,8.287603770930069,5.572380375529982
410006,1,66,Female,Pedestrian,2017,January,Thursday,3:00pm-3:59pm,Daylight,Clear,Urban,Major Collector,Four-Way Intersection,On Roadway,None / Unknown,45.42095,-122.6664472,At Intersection,Not a Cyclist,Crosswalk Area,Not a Cyclist,Westbound,Not a Cyclist,20,20 MPH,0,No Controls,1,"Two-Way, Not Divided",41005020102,Census Tract 201.02,137955.0,2499,81.59263705482192,0.0,3.241296518607443,5.780346820809249
410008,1,43,Female,Pedestrian,2017,January,Wednesday,5:00pm-5:59pm,Dark - Lighted,Clear,Urban,Local,Not an Intersection,On Roadway,None / Unknown,45.51404722,-122.5596444,Not At Intersection,Not a Cyclist,Crosswalk Area,Not a Cyclist,Not Applicable,Not a Cyclist,98,Not Reported,0,No Controls,1,"Two-Way, Not Divided",41051008201,Census Tract 82.01,59423.0,3392,52.41745283018868,5.866745283018868,23.732311320754718,18.684210526315788
410010,1,39,Female,Person on Personal Conveyances,2017,January,Saturday,10:00am-10:59am,Daylight,Snow,Urban,Local,Four-Way Intersection,On Roadway,None / Unknown,42.23736111,-121.7731028,At Intersection,Not a Cyclist,Intersection Area,Not a Cyclist,Not Derived/Unknown Initial Direction of Travel,Not a Cyclist,25,25 MPH,0,No Controls,1,"Two-Way, Not Divided",41035972000,Census Tract 9720,65000.0,4193,84.2356308132602,0.333889816360601,7.87025995707131,8.011204481792717
410014,1,43,Male,Pedestrian,2017,January,Tuesday,6:00pm-6:59pm,Dark - Not Lighted,Rain,Urban,Principal Arterial - Other,T-Intersection,On Roadway,None / Unknown,45.41639444,-122.7894778,At Intersection,Not a Cyclist,Crosswalk Area,Not a Cyclist,Not Derived/Unknown Initial Direction of Travel,Not a Cyclist,40,40 MPH,2,Traffic control signal (on colors) with Pedestrian Signal,5,"Two-Way, Not Divided With a Continuous Left-Turn Lane",41067030801,Census Tract 308.01,85950.0,6622,72.3044397463002,1.7668378133494411,12.745394140742977,10.353154240869303
410017,1,15,Male,Pedestrian,2017,January,Thursday,10:00pm-10:59pm,Dark - Lighted,Clear,Urban,Principal Arterial - Other,Not an Intersection,On Roadway,None / Unknown,46.04942222,-123.9140361,Not At Intersection,Not a Cyclist,Travel Lane,Not a Cyclist,Not Applicable,Not a Cyclist,55,55 MPH,0,No Controls,3,"Two-Way,  Divided, Positive  Median Barrier",41007950700,Census Tract 9507,91389.0,2616,85.3211009174312,0.3058103975535168,9.900611620795106,3.0807660283097418
410021,1,57,Female,Pedestrian,2017,February,Friday,8:00pm-8:59pm,Dark - Not Lighted,Rain,Urban,Principal Arterial - Other,Not an Intersection,On Roadway,None / Unknown,43.14336667,-123.3856917,Not At Intersection,Not a Cyclist,Travel Lane,Not a Cyclist,Not Applicable,Not a Cyclist,50,50 MPH,0,No Controls,5,"Two-Way, Not Divided With a Continuous Left-Turn Lane",41019150002,Census Tract 1500.02,62963.0,2619,79.07598319969455,0.0,3.512791141657121,3.2125205930807246
410024,1,53,Male,Bicyclist,2017,February,Monday,9:00am-9:59am,Daylight,Rain,Urban,Minor Arterial,T-Intersection,On Roadway,None / Unknown,45.57931389,-122.6819722,Not a Pedestrian,At Intersection,Not a Pedestrian,Bicycle Lane / Paved Shoulder / Parking Lane,Not a Pedestrian,With Traffic,98,Not Reported,0,No Controls,1,"Two-Way, Not Divided",41051003801,Census Tract 38.01,80608.0,2743,71.23587313160773,5.796573095151294,13.889901567626687,18.01801801801802
410026,1,50,Male,Pedestrian,2017,February,Monday,9:00pm-9:59pm,Dark - Not Lighted,Cloudy,Urban,Principal Arterial - Other Freeways and Expressways,Not an Intersection,On Roadway,None / Unknown,45.52587222,-122.825575,Not At Intersection,Not a Cyclist,Travel Lane,Not a Cyclist,Not Applicable,Not a Cyclist,55,55 MPH,0,No Controls,3,"Two-Way,  Divided, Positive  Median Barrier",41067031403,Census Tract 314.03,84914.0,4656,65.12027491408935,3.2860824742268044,18.878865979381445,8.35567470956211
410027,1,79,Female,Pedestrian,2017,February,Thursday,6:00pm-6:59pm,Dark - Not Lighted,Rain,Urban,Major Collector,Not an Intersection,On Roadway,None / Unknown,45.16239167,-122.5738972,Not At Intersection,Not a Cyclist,Travel Lane,Not a Cyclist,Not Applicable,Not a Cyclist,40,40 MPH,0,No Controls,1,"Two-Way, Not Divided",41005023902,Census Tract 239.02,76250.0,6068,81.60843770599868,0.0,13.529993408042188,3.9546191247974067
410034,1,39,Male,Pedestrian,2017,January,Monday,12:00pm-12:59pm,Daylight,Cloudy,Urban,Principal Arterial - Other,Four-Way Intersection,On Roadway,None / Unknown,45.33195833,-122.5750667,At Intersection,Not a Cyclist,Crosswalk Area,Not a Cyclist,Westbound,Not a Cyclist,55,55 MPH,2,Traffic control signal (on colors) with Pedestrian Signal,5,"Two-Way, Not Divided With a Continuous Left-Turn Lane",41005022302,Census Tract 223.02,89306.0,6421,80.75066189067124,1.027877277682604,12.350101230337954,3.5313001605136436
410035,1,26,Male,Pedestrian,2017,January,Saturday,4:00am-4:59am,Dark - Not Lighted,Rain,Urban,Interstate,Not an Intersection,On Roadway,None / Unknown,45.37358889,-122.7260083,Not At Intersection,Not a Cyclist,Travel Lane,Not a Cyclist,Not Applicable,Not a Cyclist,55,55 MPH,0,No Controls,3,"Two-Way,  Divided, Positive  Median Barrier",41005022702,Census Tract 227.02,174763.0,6882,82.38884045335658,0.13077593722755013,7.076431269979658,2.197802197802198
410038,1,50,Male,Pedestrian,2017,March,Wednesday,9:00am-9:59am,Daylight,Cloudy,Urban,Principal Arterial - Other,Not an Intersection,On Shoulder,None / Unknown,44.05269444,-123.3195694,Not At Intersection,Not a Cyclist,Paved Shoulder / Bicycle Lane / Parking Lane,Not a Cyclist,Not Applicable,Not a Cyclist,55,55 MPH,0,No Controls,1,"Two-Way, Not Divided",41039000903,Census Tract 9.03,65792.0,5385,72.44196843082636,0.0,12.961931290622097,0.6100422336931018
410039,1,24,Male,Pedestrian,2017,March,Friday,3:00am-3:59am,Dark - Not Lighted,Cloudy,Urban,Major Collector,Not an Intersection,On Roadway,None / Unknown,43.78296111,-123.0694444,Not At Intersection,Not a Cyclist,Travel Lane,Not a Cyclist,Not Applicable,Not a Cyclist,45,45 MPH,0,No Controls,1,"Two-Way, Not Divided",41039001202,Census Tract 12.02,63090.0,4145,76.38118214716526,0.28950542822677927,10.735826296743065,9.923213230950974
410042,1,33,Female,Pedestrian,2017,March,Sunday,0:00am-0:59am,Dark - Lighted,Rain,Urban,Principal Arterial - Other,T-Intersection,On Roadway,None / Unknown,45.50451944,-122.4699111,At Intersection,Not a Cyclist,Crosswalk Area,Not a Cyclist,Not Derived/Unknown Initial Direction of Travel,Not a Cyclist,98,Not Reported,0,No Controls,5,"Two-Way, Not Divided With a Continuous Left-Turn Lane",41051009803,Census Tract 98.03,49185.0,7899,52.0065831117863,6.114698063045955,30.522850993796684,9.956709956709958
410047,1,15,Male,Pedestrian,2017,March,Friday,6:00am-6:59am,Daylight,Clear,Urban,Minor Arterial,Four-Way Intersection,On Roadside,None / Unknown,42.4224,-123.3613278,Intersection-Related,Not a Cyclist,Sidewalk / Shared-Use Path / Driveway Access,Not a Cyclist,Not Derived/Unknown Initial Direction of Travel,Not a Cyclist,35,35 MPH,0,No Controls,5,"Two-Way, Not Divided With a Continuous Left-Turn Lane",41033361101,Census Tract 3611.01,51954.0,6699,77.66830870279146,0.16420361247947454,14.64397671294223,0.0
410051,1,37,Male,Pedestrian,2017,March,Thursday,11:00pm-11:59pm,Dark - Not Lighted,Cloudy,Urban,Minor Arterial,Not an Intersection,On Roadway,None / Unknown,45.51915833,-122.5105,Not At Intersection,Not a Cyclist,Travel Lane,Not a Cyclist,Not Applicable,Not a Cyclist,35,35 MPH,0,No Controls,5,"Two-Way, Not Divided With a Continuous Left-Turn Lane",41051009301,Census Tract 93.01,53929.0,5287,43.767732173255155,1.929260450160772,31.09513902023832,10.154525386313466
410053,1,22,Male,Pedestrian,2017,March,Saturday,10:00pm-10:59pm,Dark - Lighted,Clear,Urban,Minor Arterial,Not an Intersection,On Shoulder,None / Unknown,45.52018056,-123.0854556,Not At Intersection,Not a Cyclist,Paved Shoulder / Bicycle Lane / Parking Lane,Not a Cyclist,Not Applicable,Not a Cyclist,35,35 MPH,0,No Controls,5,"Two-Way, Not Divided With a Continuous Left-Turn Lane",41067033102,Census Tract 331.02,75202.0,4419,59.696763973749725,0.0678886625933469,36.637248246209545,4.698905109489051
410057,1,55,Male,Bicyclist,2017,April,Monday,8:00pm-8:59pm,Dark - Lighted,Clear,Urban,Principal Arterial - Other,Four-Way Intersection,On Roadway,None / Unknown,45.84958611,-119.2901694,Not a Pedestrian,At Intersection,Not a Pedestrian,Sidewalk  / Crosswalk / Driveway Access,Not a Pedestrian,With Traffic,25,25 MPH,2,Traffic control signal (on colors) with Pedestrian Signal,1,"Two-Way, Not Divided",41059951000,Census Tract 9510,62868.0,6492,48.93715341959334,0.15403573629081946,44.03881700554529,3.374849337083166
410061,1,44,Male,Pedestrian,2017,March,Tuesday,6:00am-6:59am,Dark - Not Lighted,Cloudy,Rural,Principal Arterial - Other,Not an Intersection,On Roadway,None / Unknown,45.8864,-123.6136722,Not At Intersection,Not a Cyclist,Travel Lane,Not a Cyclist,Not Applicable,Not a Cyclist,55,55 MPH,0,No Controls,1,"Two-Way, Not Divided",41007951200,Census Tract 9512,61685.0,3358,89.69624776652769,0.02977963073257892,4.10958904109589,4.124579124579125
410076,1,48,Male,Pedestrian,2017,January,Tuesday,1:00pm-1:59pm,Daylight,Cloudy,Rural,Principal Arterial - Other,Not an Intersection,On Roadway,None / Unknown,44.01910833,-123.9115778,Not At Intersection,Not a Cyclist,Travel Lane,Not a Cyclist,Not Applicable,Not a Cyclist,55,55 MPH,0,No Controls,1,"Two-Way, Not Divided",41039000500,Census Tract 5,51319.0,2033,90.11313330054107,0.0,1.6232169208066896,0.5681818181818182
410083,1,38,Female,Pedestrian,2017,April,Wednesday,0:00am-0:59am,Dark - Lighted,Clear,Rural,Principal Arterial - Other,Not an Intersection,On Roadway,None / Unknown,44.56406944,-123.2079917,Not At Intersection,Not a Cyclist,Travel Lane,Not a Cyclist,Not Applicable,Not a Cyclist,55,55 MPH,0,No Controls,5,"Two-Way, Not Divided With a Continuous Left-Turn Lane",41043030700,Census Tract 307,85486.0,3983,85.53853878985689,0.3012804418779814,5.397941250313834,0.75
410086,1,45,Male,Pedestrian,2017,May,Friday,4:00am-4:59am,Dark - Lighted,Cloudy,Urban,Principal Arterial - Other,Not an Intersection,On Roadway,None / Unknown,45.46811667,-122.5790694,Not At Intersection,Not a Cyclist,Travel Lane,Not a Cyclist,Not Applicable,Not a Cyclist,98,Not Reported,0,No Controls,5,"Two-Way, Not Divided With a Continuous Left-Turn Lane",41051008600,Census Tract 86,60268.0,4070,60.63882063882063,1.6461916461916464,12.702702702702704,17.85209609043806
410093,1,35,Male,Pedestrian,2017,April,Wednesday,4:00am-4:59am,Dark - Lighted,Rain,Urban,Minor Arterial,Four-Way Intersection,On Roadway,None / Unknown,45.4798,-122.5686194,At Intersection,Not a Cyclist,Crosswalk Area,Not a Cyclist,Not Derived/Unknown Initial Direction of Travel,Not a Cyclist,35,35 MPH,2,Traffic control signal (on colors) with Pedestrian Signal,1,"Two-Way, Not Divided",41051000602,Census Tract 6.02,65361.0,5664,60.02824858757062,3.56638418079096,13.82415254237288,13.577185368877867
410095,1,30,Female,Pedestrian,2017,April,Sunday,9:00pm-9:59pm,Dark - Lighted,Clear,Urban,Principal Arterial - Other,Not an Intersection,On Roadway,None / Unknown,45.56265,-122.5855417,Not At Intersection,Not a Cyclist,Travel Lane,Not a Cyclist,Not Applicable,Not a Cyclist,35,35 MPH,0,No Controls,5,"Two-Way, Not Divided With a Continuous Left-Turn Lane",41051007600,Census Tract 76,63016.0,3530,53.59773371104816,4.3342776203966,26.572237960339944,5.993340732519423
410103,1,49,Male,Person on Personal Conveyances,2017,May,Friday,4:00pm-4:59pm,Daylight,Cloudy,Urban,Principal Arterial - Other,Not an Intersection,On Roadway,None / Unknown,45.59122222,-122.6668444,Not At Intersection,Not a Cyclist,Travel Lane,Not a Cyclist,Not Applicable,Not a Cyclist,55,55 MPH,0,No Controls,5,"Two-Way, Not Divided With a Continuous Left-Turn Lane",41051007202,Census Tract 72.02,84154.0,3308,48.70012091898428,11.910519951632406,23.518742442563482,7.27362691736764
410107,1,49,Female,Pedestrian,2017,May,Sunday,10:00pm-10:59pm,Dark - Lighted,Clear,Urban,Principal Arterial - Other,Not an Intersection,On Roadway,None / Unknown,45.42603611,-122.7795806,Not At Intersection,Not a Cyclist,Travel Lane,Not a Cyclist,Not Applicable,Not a Cyclist,35,35 MPH,0,No Controls,5,"Two-Way, Not Divided With a Continuous Left-Turn Lane",41067030801,Census Tract 308.01,85950.0,6622,72.3044397463002,1.7668378133494411,12.745394140742977,10.353154240869303
410115,1,62,Female,Pedestrian,2017,January,Tuesday,1:00pm-1:59pm,Daylight,Rain,Urban,Principal Arterial - Other,Four-Way Intersection,On Roadway,None / Unknown,43.41185,-124.224025,At Intersection,Not a Cyclist,Crosswalk Area,Not a Cyclist,Eastbound,Not a Cyclist,98,Not Reported,2,Traffic control signal (on colors) with Pedestrian Signal,1,"Two-Way, Not Divided",41011000401,Census Tract 4.01,73556.0,3084,74.12451361867704,0.03242542153047989,7.652399481193256,3.284182305630027
410115,2,56,Female,Pedestrian,2017,January,Tuesday,1:00pm-1:59pm,Daylight,Rain,Urban,Principal Arterial - Other,Four-Way Intersection,On Roadway,None / Unknown,43.41185,-124.224025,At Intersection,Not a Cyclist,Crosswalk Area,Not a Cyclist,Eastbound,Not a Cyclist,98,Not Reported,2,Traffic control signal (on colors) with Pedestrian Signal,1,"Two-Way, Not Divided",41011000401,Census Tract 4.01,73556.0,3084,74.12451361867704,0.03242542153047989,7.652399481193256,3.284182305630027
410118,1,48,Male,Pedestrian,2017,May,Tuesday,12:00pm-12:59pm,Daylight,Clear,Urban,Minor Arterial,T-Intersection,On Roadway,Construction,45.43465,-122.5381361,At Intersection,Not a Cyclist,Intersection Area,Not a Cyclist,Not Derived/Unknown Initial Direction of Travel,Not a Cyclist,98,Not Reported,50,Person,1,"Two-Way, Not Divided",41005022205,Census Tract 222.05,116076.0,4057,68.57283707172788,0.2957850628543258,9.021444417056939,5.015673981191222
410118,2,26,Male,Pedestrian,2017,May,Tuesday,12:00pm-12:59pm,Daylight,Clear,Urban,Minor Arterial,T-Intersection,On Roadway,Construction,45.43465,-122.5381361,At Intersection,Not a Cyclist,Intersection Area,Not a Cyclist,Not Derived/Unknown Initial Direction of Travel,Not a Cyclist,98,Not Reported,50,Person,1,"Two-Way, Not Divided",41005022205,Census Tract 222.05,116076.0,4057,68.57283707172788,0.2957850628543258,9.021444417056939,5.015673981191222
410118,3,61,Male,Pedestrian,2017,May,Tuesday,12:00pm-12:59pm,Daylight,Clear,Urban,Minor Arterial,T-Intersection,On Roadway,Construction,45.43465,-122.5381361,At Intersection,Not a Cyclist,Intersection Area,Not a Cyclist,Not Derived/Unknown Initial Direction of Travel,Not a Cyclist,98,Not Reported,50,Person,1,"Two-Way, Not Divided",41005022205,Census Tract 222.05,116076.0,4057,68.57283707172788,0.2957850628543258,9.021444417056939,5.015673981191222
410125,1,54,Female,Pedestrian,2017,June,Friday,12:00pm-12:59pm,Daylight,Clear,Urban,Major Collector,Not an Intersection,On Shoulder,None / Unknown,45.423375,-122.7516917,Not At Intersection,Not a Cyclist,Paved Shoulder / Bicycle Lane / Parking Lane,Not a Cyclist,Not Applicable,Not a Cyclist,25,25 MPH,0,No Controls,1,"Two-Way, Not Divided",41067030700,Census Tract 307,42852.0,1486,62.58411843876177,5.3162853297442805,18.10228802153432,12.216216216216216
410133,1,72,Female,Pedestrian,2017,March,Friday,10:00am-10:59am,Daylight,Cloudy,Urban,Major Collector,Not an Intersection,On Roadside,None / Unknown,44.95877778,-122.9886833,Not At Intersection,Not a Cyclist,Unpaved Right-of-Way,Not a Cyclist,Not Applicable,Not a Cyclist,25,25 MPH,0,No Controls,1,"Two-Way, Not Divided",41047001607,Census Tract 16.07,48151.0,4844,30.099091659785298,0.0,44.426094137076795,14.608233731739709
410138,1,54,Male,Pedestrian,2017,June,Thursday,10:00pm-10:59pm,Dark - Not Lighted,Clear,Urban,Major Collector,Not an Intersection,On Roadway,None / Unknown,42.39487778,-122.8557139,Not At Intersection,Not a Cyclist,Travel Lane,Not a Cyclist,Not Applicable,Not a Cyclist,45,45 MPH,0,No Controls,1,"Two-Way, Not Divided",41029001301,Census Tract 13.01,68333.0,5767,67.79954915900815,0.1387203051846714,27.709380960638114,0.5323505323505323
410147,1,26,Female,Pedestrian,2017,June,Thursday,3:00pm-3:59pm,Daylight,Clear,Urban,Local,Four-Way Intersection,On Roadway,None / Unknown,45.520275,-122.5814694,At Intersection,Not a Cyclist,Other/Unknown,Not a Cyclist,Not Derived/Unknown Initial Direction of Travel,Not a Cyclist,98,Not Reported,0,No Controls,1,"Two-Way, Not Divided",41051001704,Census Tract 17.04,90741.0,2750,82.2909090909091,3.418181818181818,4.3999999999999995,7.34375
410160,1,25,Male,Pedestrian,2017,June,Thursday,1:00am-1:59am,Dark - Lighted,Clear,Urban,Local,Not an Intersection,On Roadway,None / Unknown,42.37805278,-122.8997944,Not At Intersection,Not a Cyclist,Travel Lane,Not a Cyclist,Not Applicable,Not a Cyclist,25,25 MPH,0,No Controls,1,"Two-Way, Not Divided",41029001100,Census Tract 11,78326.0,5524,87.25561187545256,0.25343953656770457,5.684286748732802,1.5270326042096576
410168,1,23,Male,Pedestrian,2017,July,Monday,10:00pm-10:59pm,Dark - Not Lighted,Clear,Urban,Minor Arterial,Not an Intersection,On Roadway,None / Unknown,45.5013,-122.5376583,Not At Intersection,Not a Cyclist,Travel Lane,Not a Cyclist,Not Applicable,Not a Cyclist,35,35 MPH,0,No Controls,5,"Two-Way, Not Divided With a Continuous Left-Turn Lane",41051008400,Census Tract 84,47172.0,4626,59.92217898832685,1.599654128837008,16.472114137483786,5.926860025220681
410176,1,32,Male,Pedestrian,2017,July,Tuesday,3:00am-3:59am,Dark - Not Lighted,Cloudy,Urban,Principal Arterial - Other,Not an Intersection,On Roadway,None / Unknown,46.01623889,-123.91135,Not At Intersection,Not a Cyclist,Travel Lane,Not a Cyclist,Not Applicable,Not a Cyclist,40,40 MPH,0,No Controls,3,"Two-Way,  Divided, Positive  Median Barrier",41007950700,Census Tract 9507,91389.0,2616,85.3211009174312,0.3058103975535168,9.900611620795106,3.0807660283097418
410196,1,51,Male,Pedestrian,2017,July,Friday,0:00am-0:59am,Dark - Lighted,Clear,Urban,Principal Arterial - Other,Not an Intersection,On Roadway,None / Unknown,45.49748611,-122.6110972,Not At Intersection,Not a Cyclist,Travel Lane,Not a Cyclist,Not Applicable,Not a Cyclist,98,Not Reported,0,No Controls,2,"Two-Way, Divided, Unprotected Median",41051000802,Census Tract 8.02,79400.0,4650,73.91397849462365,1.7419354838709675,12.946236559139784,22.55892255892256
410205,1,23,Male,Pedestrian,2017,July,Monday,2:00am-2:59am,Dark - Not Lighted,Clear,Urban,Interstate,Not an Intersection,On Roadway,None / Unknown,45.44995833,-122.5716306,Not At Intersection,Not a Cyclist,Travel Lane,Not a Cyclist,Not Applicable,Not a Cyclist,55,55 MPH,0,No Controls,3,"Two-Way,  Divided, Positive  Median Barrier",41005022206,Census Tract 222.06,101887.0,6691,68.4651023763264,1.883126587953968,6.770288447167837,3.194797851286401
410207,1,24,Male,Pedestrian,2017,July,Saturday,5:00pm-5:59pm,Daylight,Clear,Urban,Minor Arterial,Not an Intersection,On Roadway,None / Unknown,45.48664444,-122.53785,Not At Intersection,Not a Cyclist,Travel Lane,Not a Cyclist,Not Applicable,Not a Cyclist,35,35 MPH,0,No Controls,5,"Two-Way, Not Divided With a Continuous Left-Turn Lane",41051008500,Census Tract 85,71927.0,4503,58.60537419498112,2.2207417277370642,17.832556073728625,7.63582966226138
410211,1,6,Male,Pedestrian,2017,July,Monday,9:00pm-9:59pm,Dusk,Clear,Urban,Interstate,Not an Intersection,On Roadway,None / Unknown,44.59990556,-123.0621556,Not At Intersection,Not a Cyclist,Travel Lane,Not a Cyclist,Not Applicable,Not a Cyclist,55,55 MPH,0,No Controls,3,"Two-Way,  Divided, Positive  Median Barrier",41043020101,Census Tract 201.01,105000.0,5472,90.13157894736842,0.4934210526315789,6.213450292397661,2.536104262064107
410213,1,36,Male,Pedestrian,2017,July,Sunday,6:00pm-6:59pm,Daylight,Clear,Urban,Minor Arterial,Not an Intersection,On Roadway,None / Unknown,45.39634722,-122.7986861,Not At Intersection,Not a Cyclist,Sidewalk / Shared-Use Path / Driveway Access,Not a Cyclist,Not Applicable,Not a Cyclist,45,45 MPH,0,No Controls,2,"Two-Way, Divided, Unprotected Median",41067031914,Census Tract 319.14,48622.0,4658,83.19021039072564,1.15929583512237,7.084585659081151,4.79317137229153
410223,1,53,Male,Bicyclist,2017,August,Sunday,9:00pm-9:59pm,Dark - Lighted,Clear,Rural,Principal Arterial - Other,Not an Intersection,On Roadway,None / Unknown,43.74666944,-122.4850833,Not a Pedestrian,Not At Intersection,Not a Pedestrian,Travel Lane,Not a Pedestrian,Not applicable,35,35 MPH,0,No Controls,5,"Two-Way, Not Divided With a Continuous Left-Turn Lane",41039001500,Census Tract 15,31529.0,5000,93.89999999999999,0.0,3.84,7.225433526011561
410226,1,14,Female,Pedestrian,2017,July,Monday,5:00pm-5:59pm,Daylight,Clear,Urban,Principal Arterial - Other,Not an Intersection,On Roadway,None / Unknown,44.88745833,-123.0332472,Not At Intersection,Not a Cyclist,Travel Lane,Not a Cyclist,Not Applicable,Not a Cyclist,40,40 MPH,0,No Controls,5,"Two-Way, Not Divided With a Continuous Left-Turn Lane",41047002102,Census Tract 21.02,61863.0,7489,76.21845373214046,1.0281746561623715,11.1897449592736,5.325633622072505
410232,1,41,Female,Bicyclist,2017,August,Monday,1:00am-1:59am,Dark - Lighted,Clear,Urban,Major Collector,Four-Way Intersection,On Roadway,None / Unknown,45.51510833,-122.6658278,Not a Pedestrian,At Intersection,Not a Pedestrian,Bicycle Lane / Paved Shoulder / Parking Lane,Not a Pedestrian,With Traffic,98,Not Reported,0,No Controls,1,"Two-Way, Not Divided",41051001101,Census Tract 11.01,58000.0,2994,73.44689378757515,2.571810287241149,10.754843019372078,17.35763097949886
410246,1,34,Male,Pedestrian,2017,September,Tuesday,2:00pm-2:59pm,Daylight,"Fog, Smog, Smoke",Urban,Minor Arterial,Not an Intersection,On Roadside,None / Unknown,45.84633889,-122.820875,Not At Intersection,Not a Cyclist,Paved Shoulder / Bicycle Lane / Parking Lane,Not a Cyclist,Not Applicable,Not a Cyclist,40,40 MPH,0,No Controls,1,"Two-Way, Not Divided",41009970800,Census Tract 9708,78730.0,8135,78.19299323909034,0.19668100799016594,14.701905347264905,2.054253357914143
410252,1,67,Male,Pedestrian,2017,October,Saturday,2:00am-2:59am,Dark - Lighted,Cloudy,Urban,Principal Arterial - Other,T-Intersection,On Roadway,None / Unknown,45.53398056,-122.5790417,At Intersection,Not a Cyclist,Other/Unknown,Not a Cyclist,Not Applicable,Not a Cyclist,35,35 MPH,2,Traffic control signal (on colors) with Pedestrian Signal,1,"Two-Way, Not Divided",41051002902,Census Tract 29.02,79587.0,6370,77.73940345368916,0.0,9.340659340659341,15.173674588665447
410255,1,60,Male,Pedestrian,2017,October,Thursday,7:00pm-7:59pm,Dark - Not Lighted,Rain,Urban,Minor Arterial,Not an Intersection,On Roadway,None / Unknown,44.58892778,-123.2485778,Not At Intersection,Not a Cyclist,Travel Lane,Not a Cyclist,Not Applicable,Not a Cyclist,35,35 MPH,0,No Controls,1,"Two-Way, Not Divided",41003000600,Census Tract 6,52371.0,4634,82.75787656452309,1.251618472162279,9.06344410876133,3.2149712092130516
410265,1,61,Male,Pedestrian,2017,October,Sunday,3:00pm-3:59pm,Daylight,Cloudy,Rural,Principal Arterial - Other,Not an Intersection,On Roadside,None / Unknown,42.99903333,-123.7175306,Not At Intersection,Not a Cyclist,Other/Unknown,Not a Cyclist,Not Applicable,Not a Cyclist,55,55 MPH,0,No Controls,1,"Two-Way, Not Divided",41019170000,Census Tract 1700,62344.0,4059,88.05124414880513,0.4927322000492732,2.094111850209411,0.6807351940095302
410269,1,57,Male,Pedestrian,2017,October,Wednesday,6:00am-6:59am,Dark - Not Lighted,"Fog, Smog, Smoke",Urban,Minor Arterial,Not an Intersection,On Roadway,None / Unknown,44.92705833,-123.0038472,Not At Intersection,Not a Cyclist,Travel Lane,Not a Cyclist,Not Applicable,Not a Cyclist,40,40 MPH,0,No Controls,1,"Two-Way, Not Divided",41047001000,Census Tract 10,55648.0,4534,68.68107631230701,1.0807234230260256,21.08513453903838,5.51301684532925
410271,1,55,Male,Pedestrian,2017,October,Friday,7:00pm-7:59pm,Dark - Lighted,Clear,Urban,Principal Arterial - Other,T-Intersection,On Roadway,None / Unknown,45.56550833,-122.6613944,At Intersection,Not a Cyclist,Intersection Area,Not a Cyclist,Not Derived/Unknown Initial Direction of Travel,Not a Cyclist,30,30 MPH,0,No Controls,2,"Two-Way, Divided, Unprotected Median",41051003601,Census Tract 36.01,100164.0,4341,70.28334485141673,10.181985717576596,9.790370882285188,11.684782608695652
410276,1,13,Female,Pedestrian,2017,October,Monday,7:00am-7:59am,Daylight,Not Reported,Rural,Major Collector,Not an Intersection,Off Roadway-Location Unknown,None / Unknown,42.499025,-123.16805,Not At Intersection,Not a Cyclist,Other/Unknown,Not a Cyclist,Not Applicable,Not a Cyclist,98,Not Reported,0,No Controls,1,"Two-Way, Not Divided",41029002902,Census Tract 29.02,60357.0,3893,91.78011816080144,0.0,1.8237862830721807,0.0
410278,1,67,Male,Bicyclist,2017,October,Thursday,4:00pm-4:59pm,Daylight,Clear,Urban,Minor Arterial,Y-Intersection,On Roadway,None / Unknown,45.36216944,-122.5992611,Not a Pedestrian,At Intersection,Not a Pedestrian,Bicycle Lane / Paved Shoulder / Parking Lane,Not a Pedestrian,With Traffic,25,25 MPH,2,Traffic control signal (on colors) with Pedestrian Signal,1,"Two-Way, Not Divided",41005022400,Census Tract 224,79327.0,4440,85.85585585585585,0.9234234234234233,5.923423423423423,6.706204379562044
410284,1,27,Male,Pedestrian,2017,November,Saturday,7:00pm-7:59pm,Dark - Lighted,Rain,Urban,Principal Arterial - Other,T-Intersection,On Roadway,None / Unknown,45.39797222,-122.7988889,Intersection-Related,Not a Cyclist,Travel Lane,Not a Cyclist,Not Derived/Unknown Initial Direction of Travel,Not a Cyclist,45,45 MPH,2,Traffic control signal (on colors) with Pedestrian Signal,1,"Two-Way, Not Divided",41067031914,Census Tract 319.14,48622.0,4658,83.19021039072564,1.15929583512237,7.084585659081151,4.79317137229153
410286,1,25,Female,Pedestrian,2017,November,Wednesday,1:00am-1:59am,Dark - Lighted,Cloudy,Urban,Interstate,Not an Intersection,On Roadway,None / Unknown,45.55463611,-122.678675,Not At Intersection,Not a Cyclist,Travel Lane,Not a Cyclist,Not Applicable,Not a Cyclist,55,55 MPH,0,No Controls,3,"Two-Way,  Divided, Positive  Median Barrier",41051003502,Census Tract 35.02,104679.0,3156,71.13434727503169,10.709759188846641,5.323193916349809,10.791037951531779
410287,1,24,Male,Pedestrian,2017,November,Sunday,9:00pm-9:59pm,Dark - Lighted,Cloudy,Urban,Major Collector,Not an Intersection,On Roadway,None / Unknown,45.59372778,-122.7354611,Not At Intersection,Not a Cyclist,Travel Lane,Not a Cyclist,Not Applicable,Not a Cyclist,35,35 MPH,0,No Controls,1,"Two-Way, Not Divided",41051004103,Census Tract 41.03,89730.0,4159,50.5890839144025,14.42654484251022,15.700889636931956,6.666666666666667
410288,1,79,Male,Bicyclist,2017,November,Saturday,3:00pm-3:59pm,Daylight,Rain,Urban,Local,Four-Way Intersection,On Roadway,None / Unknown,44.92563611,-122.978075,Not a Pedestrian,At Intersection,Not a Pedestrian,Travel Lane,Not a Pedestrian,Unknown,25,25 MPH,20,Stop Sign,1,"Two-Way, Not Divided",41047001801,Census Tract 18.01,49316.0,6320,45.56962025316456,0.0,50.52215189873418,4.245880861850444
410293,1,40,Male,Pedestrian,2017,November,Sunday,7:00pm-7:59pm,Dark - Lighted,Rain,Urban,Minor Arterial,Not an Intersection,On Roadway,None / Unknown,45.51912778,-122.5136278,Not At Intersection,Not a Cyclist,Travel Lane,Not a Cyclist,Not Applicable,Not a Cyclist,98,Not Reported,0,No Controls,1,"Two-Way, Not Divided",41051009202,Census Tract 92.02,37417.0,5885,54.27357689039932,9.481733220050977,16.176720475785896,4.448818897637795
410294,1,14,Male,Person on Personal Conveyances,2017,November,Tuesday,6:00pm-6:59pm,Dark - Not Lighted,Clear,Urban,Local,T-Intersection,On Roadway,None / Unknown,42.40586389,-123.3716833,At Intersection,Not a Cyclist,Intersection Area,Not a Cyclist,Not Derived/Unknown Initial Direction of Travel,Not a Cyclist,40,40 MPH,0,No Controls,1,"Two-Way, Not Divided",41033361000,Census Tract 3610,68314.0,5410,87.8003696857671,1.0905730129390019,5.489833641404806,2.5053304904051172
410296,1,83,Male,Pedestrian,2017,November,Friday,4:00pm-4:59pm,Dark - Lighted,Rain,Urban,Minor Arterial,Four-Way Intersection,On Roadway,None / Unknown,45.29686667,-122.7977139,At Intersection,Not a Cyclist,Crosswalk Area,Not a Cyclist,Not Derived/Unknown Initial Direction of Travel,Not a Cyclist,35,35 MPH,0,No Controls,1,"Two-Way, Not Divided",41005022708,Census Tract 227.08,114722.0,4520,72.12389380530973,0.0,23.495575221238937,5.163043478260869
410299,1,31,Male,Bicyclist,2017,November,Monday,11:00am-11:59am,Daylight,Rain,Urban,Minor Arterial,Four-Way Intersection,On Roadway,None / Unknown,44.06414444,-121.3088944,Not a Pedestrian,At Intersection,Not a Pedestrian,Travel Lane,Not a Pedestrian,With Traffic,98,Not Reported,2,Traffic control signal (on colors) with Pedestrian Signal,1,"Two-Way, Not Divided",41017001602,Census Tract 16.02,78895.0,1884,91.66666666666666,1.1146496815286624,3.715498938428875,4.919423240033927
410304,1,69,Male,Pedestrian,2017,November,Friday,5:00pm-5:59pm,Dusk,Cloudy,Rural,Minor Arterial,Not an Intersection,On Roadway,None / Unknown,44.17446667,-121.3238972,Not At Intersection,Not a Cyclist,Travel Lane,Not a Cyclist,Not Applicable,Not a Cyclist,55,55 MPH,0,No Controls,1,"Two-Way, Not Divided",41017000602,Census Tract 6.02,99286.0,2929,92.69375213383407,0.0,5.121201775349949,3.063457330415755
410305,1,63,Female,Pedestrian,2017,November,Thursday,6:00pm-6:59pm,Dark - Lighted,Clear,Urban,Minor Arterial,Not an Intersection,On Roadway,None / Unknown,45.45165833,-122.8054056,Not At Intersection,Not a Cyclist,Travel Lane,Not a Cyclist,Not Applicable,Not a Cyclist,35,35 MPH,0,No Controls,1,"Two-Way, Not Divided",41067031010,Census Tract 310.10,72644.0,2436,70.64860426929393,0.9441707717569787,6.814449917898194,11.213991769547325
410311,1,13,Male,Bicyclist,2017,December,Wednesday,6:00pm-6:59pm,Dark - Not Lighted,Clear,Rural,Major Collector,Not an Intersection,On Roadway,None / Unknown,43.85240833,-123.0403139,Not a Pedestrian,Not At Intersection,Not a Pedestrian,Travel Lane,Not a Pedestrian,Not applicable,55,55 MPH,0,No Controls,1,"Two-Way, Not Divided",41039001201,Census Tract 12.01,71979.0,4245,84.45229681978799,0.7538280329799765,2.87396937573616,5.957683741648108
410326,1,38,Female,Bicyclist,2017,December,Saturday,3:00pm-3:59pm,Daylight,Clear,Rural,Minor Collector,Not an Intersection,On Roadway,None / Unknown,44.032325,-121.0669194,Not a Pedestrian,Not At Intersection,Not a Pedestrian,Travel Lane,Not a Pedestrian,With Traffic,55,55 MPH,0,No Controls,1,"Two-Way, Not Divided",41017001200,Census Tract 12,118469.0,8470,84.72255017709564,0.5548996458087367,9.397874852420307,1.6836613706426369
410331,1,62,Female,Pedestrian,2017,December,Sunday,4:00pm-4:59pm,Dusk,Cloudy,Urban,Principal Arterial - Other,Four-Way Intersection,On Roadway,None / Unknown,42.42339167,-123.3199361,At Intersection,Not a Cyclist,Crosswalk Area,Not a Cyclist,Eastbound,Not a Cyclist,30,30 MPH,2,Traffic control signal (on colors) with Pedestrian Signal,5,"Two-Way, Not Divided With a Continuous Left-Turn Lane",41033361202,Census Tract 3612.02,70222.0,3991,75.82059634176898,0.6765221748935104,13.680781758957655,1.3522215067611076
410343,1,61,Male,Pedestrian,2017,September,Monday,6:00am-6:59am,Dark - Lighted,Cloudy,Urban,Principal Arterial - Other,T-Intersection,On Roadway,None / Unknown,45.58466389,-122.6826167,At Intersection,Not a Cyclist,Crosswalk Area,Not a Cyclist,Northbound,Not a Cyclist,98,Not Reported,2,Traffic control signal (on colors) with Pedestrian Signal,5,"Two-Way, Not Divided With a Continuous Left-Turn Lane",41051003801,Census Tract 38.01,80608.0,2743,71.23587313160773,5.796573095151294,13.889901567626687,18.01801801801802
410351,1,37,Male,Pedestrian,2017,September,Friday,9:00pm-9:59pm,Dark - Lighted,Clear,Urban,Principal Arterial - Other,Not an Intersection,On Roadway,None / Unknown,45.49743333,-122.9016194,Not At Intersection,Not a Cyclist,Travel Lane,Not a Cyclist,Not Applicable,Not a Cyclist,55,55 MPH,0,No Controls,5,"Two-Way, Not Divided With a Continuous Left-Turn Lane",41067031615,Census Tract 316.15,94750.0,4496,66.16992882562278,0.2001779359430605,17.304270462633454,1.128158844765343
410353,1,87,Male,Pedestrian,2017,September,Saturday,6:00am-6:59am,Dark - Lighted,Cloudy,Urban,Principal Arterial - Other,Four-Way Intersection,On Roadway,None / Unknown,45.52438611,-122.6617611,At Intersection,Not a Cyclist,Crosswalk Area,Not a Cyclist,Not Derived/Unknown Initial Direction of Travel,Not a Cyclist,30,30 MPH,2,Traffic control signal (on colors) with Pedestrian Signal,4,One-Way Trafficway,41051002101,Census Tract 21.01,74107.0,1704,70.18779342723005,3.5798122065727704,10.387323943661972,20.30134813639968
410356,1,38,Male,Pedestrian,2017,September,Saturday,9:00pm-9:59pm,Dark - Lighted,Rain,Urban,Principal Arterial - Other,Not an Intersection,On Roadside,None / Unknown,45.99229444,-123.9210139,Not At Intersection,Not a Cyclist,Sidewalk / Shared-Use Path / Driveway Access,Not a Cyclist,Not Applicable,Not a Cyclist,35,35 MPH,0,No Controls,3,"Two-Way,  Divided, Positive  Median Barrier",41007950900,Census Tract 9509,40739.0,4763,87.33991182028133,2.0785219399538106,9.741759395339072,31.206975676916016
410356,2,41,Male,Pedestrian,2017,September,Saturday,9:00pm-9:59pm,Dark - Lighted,Rain,Urban,Principal Arterial - Other,Not an Intersection,On Roadside,None / Unknown,45.99229444,-123.9210139,Not At Intersection,Not a Cyclist,Sidewalk / Shared-Use Path / Driveway Access,Not a Cyclist,Not Applicable,Not a Cyclist,35,35 MPH,0,No Controls,3,"Two-Way,  Divided, Positive  Median Barrier",41007950900,Census Tract 9509,40739.0,4763,87.33991182028133,2.0785219399538106,9.741759395339072,31.206975676916016
410357,1,39,Female,Pedestrian,2017,April,Tuesday,9:00pm-9:59pm,Dark - Not Lighted,Cloudy,Urban,Principal Arterial - Other,Four-Way Intersection,On Roadway,None / Unknown,44.05200278,-121.302525,At Intersection,Not a Cyclist,Crosswalk Area,Not a Cyclist,Not Derived/Unknown Initial Direction of Travel,Not a Cyclist,98,Not Reported,0,No Controls,1,"Two-Way, Not Divided",41017001502,Census Tract 15.02,96875.0,2411,87.51555371215264,1.4102032351721276,3.6499377851513892,7.867494824016563
410367,1,56,Male,Bicyclist,2017,October,Sunday,4:00pm-4:59pm,Daylight,Clear,Urban,Minor Arterial,Not an Intersection,On Roadway,None / Unknown,45.51913889,-122.4476611,Not a Pedestrian,Not At Intersection,Not a Pedestrian,Sidewalk  / Crosswalk / Driveway Access,Not a Pedestrian,Facing Traffic,35,35 MPH,0,No Controls,5,"Two-Way, Not Divided With a Continuous Left-Turn Lane",41051010101,Census Tract 101.01,59922.0,5525,59.49321266968326,2.0271493212669682,21.14027149321267,15.595238095238095
410370,1,69,Female,Pedestrian,2017,November,Wednesday,7:00am-7:59am,Dawn,"Fog, Smog, Smoke",Urban,Principal Arterial - Other,Not an Intersection,On Roadway,None / Unknown,45.47089167,-122.8782083,Not At Intersection,Not a Cyclist,Travel Lane,Not a Cyclist,Not Applicable,Not a Cyclist,30,30 MPH,0,No Controls,1,"Two-Way, Not Divided",41067031708,Census Tract 317.08,72445.0,3082,56.78131083711876,0.0,30.564568462037638,2.6722925457102673
410371,1,57,Male,Pedestrian,2017,November,Friday,10:00pm-10:59pm,Dark - Lighted,Rain,Urban,Minor Arterial,Four-Way Intersection,On Roadway,None / Unknown,42.31859722,-122.889875,At Intersection,Not a Cyclist,Crosswalk Area,Not a Cyclist,Westbound,Not a Cyclist,35,35 MPH,0,No Controls,1,"Two-Way, Not Divided",41029000202,Census Tract 2.02,55093.0,3996,67.16716716716716,1.926926926926927,24.924924924924923,1.3466042154566744
410375,1,77,Female,Pedestrian,2017,November,Tuesday,6:00am-6:59am,Dark - Not Lighted,Rain,Urban,Major Collector,Not an Intersection,On Roadway,None / Unknown,44.58890278,-123.0687083,Not At Intersection,Not a Cyclist,Travel Lane,Not a Cyclist,Not Applicable,Not a Cyclist,45,45 MPH,0,No Controls,1,"Two-Way, Not Divided",41043020200,Census Tract 202,58295.0,1725,83.1304347826087,0.0,6.724637681159421,7.814269535673839
410377,1,22,Female,Pedestrian,2017,June,Thursday,0:00am-0:59am,Dark - Not Lighted,Clear,Urban,Principal Arterial - Other,Not an Intersection,On Roadway,None / Unknown,42.4257,-123.3271361,Not At Intersection,Not a Cyclist,Travel Lane,Not a Cyclist,Not Applicable,Not a Cyclist,98,Not Reported,0,No Controls,1,"Two-Way, Not Divided",41033361202,Census Tract 3612.02,70222.0,3991,75.82059634176898,0.6765221748935104,13.680781758957655,1.3522215067611076
410383,1,55,Male,Pedestrian,2017,November,Tuesday,7:00pm-7:59pm,Dark - Lighted,Rain,Urban,Principal Arterial - Other,Not an Intersection,On Roadway,None / Unknown,45.50456944,-122.4788472,Not At Intersection,Not a Cyclist,Travel Lane,Not a Cyclist,Not Applicable,Not a Cyclist,35,35 MPH,0,No Controls,5,"Two-Way, Not Divided With a Continuous Left-Turn Lane",41051009803,Census Tract 98.03,49185.0,7899,52.0065831117863,6.114698063045955,30.522850993796684,9.956709956709958
410386,1,75,Female,Pedestrian,2017,November,Thursday,4:00pm-4:59pm,Not Reported,Not Reported,Urban,Minor Arterial,Four-Way Intersection,On Roadway,None / Unknown,45.55356944,-122.557775,At Intersection,Not a Cyclist,Crosswalk Area,Not a Cyclist,Not Applicable,Not a Cyclist,35,35 MPH,20,Stop Sign,5,"Two-Way, Not Divided With a Continuous Left-Turn Lane",41051007900,Census Tract 79,60278.0,4303,52.87009063444109,11.294445735533348,11.48036253776435,9.863945578231291
410392,1,55,Female,Pedestrian,2017,December,Tuesday,6:00am-6:59am,Dark - Not Lighted,Cloudy,Urban,Major Collector,Not an Intersection,On Roadway,None / Unknown,42.40715278,-123.3024361,Not At Intersection,Not a Cyclist,Travel Lane,Not a Cyclist,Not Applicable,Not a Cyclist,45,45 MPH,0,No Controls,1,"Two-Way, Not Divided",41033361302,Census Tract 3613.02,61250.0,3246,85.85951940850278,0.18484288354898337,11.367837338262476,0.0
410395,1,60,Female,Pedestrian,2017,December,Wednesday,7:00am-7:59am,Dark - Lighted,Cloudy,Urban,Principal Arterial - Other,Not an Intersection,On Roadway,None / Unknown,45.55123333,-122.5816417,Not At Intersection,Not a Cyclist,Travel Lane,Not a Cyclist,Not Applicable,Not a Cyclist,35,35 MPH,0,No Controls,1,"Two-Way, Not Divided",41051002901,Census Tract 29.01,108017.0,4550,76.28571428571429,1.7802197802197803,4.087912087912088,5.961791831357049
410398,1,25,Female,Pedestrian,2017,December,Saturday,5:00am-5:59am,Dark - Not Lighted,"Fog, Smog, Smoke",Rural,Major Collector,Not an Intersection,On Roadway,None / Unknown,42.544325,-122.9252222,Not At Intersection,Not a Cyclist,Travel Lane,Not a Cyclist,Not Applicable,Not a Cyclist,98,Not Reported,0,No Controls,1,"Two-Way, Not Divided",41029002800,Census Tract 28,75063.0,4751,79.89896863818143,0.0,9.597979372763628,0.8114856429463172
410401,1,64,Female,Pedestrian,2017,August,Friday,3:00pm-3:59pm,Daylight,Clear,Urban,Principal Arterial - Other,Not an Intersection,On Roadway,None / Unknown,44.55171667,-124.0721722,Not At Intersection,Not a Cyclist,Travel Lane,Not a Cyclist,Not Applicable,Not a Cyclist,98,Not Reported,0,No Controls,1,"Two-Way, Not Divided",41041951200,Census Tract 9512,81288.0,2258,84.10097431355182,0.0,5.181576616474756,0.3436426116838488
410404,1,28,Male,Pedestrian,2017,November,Thursday,3:00am-3:59am,Dark - Not Lighted,Not Reported,Rural,Interstate,Not an Intersection,On Roadway,None / Unknown,45.82991944,-119.7963111,Unknown / Insufficient Information,Not a Cyclist,Other/Unknown,Not a Cyclist,Not Applicable,Not a Cyclist,98,Not Reported,0,No Controls,3,"Two-Way,  Divided, Positive  Median Barrier",41049970101,Census Tract 9701.01,54976.0,5148,33.48873348873349,0.9906759906759907,63.53923853923854,6.186069167072577
410405,1,29,Male,Pedestrian,2017,November,Friday,Unknown Hours,Unknown,Not Reported,Urban,Interstate,Not an Intersection,On Roadway,None / Unknown,45.54498333,-122.3865528,Not At Intersection,Not a Cyclist,Other/Unknown,Not a Cyclist,Not Applicable,Not a Cyclist,98,Not Reported,0,No Controls,3,"Two-Way,  Divided, Positive  Median Barrier",41051010200,Census Tract 102,95268.0,7520,45.71808510638298,9.654255319148936,32.726063829787236,3.4812454032851186
410408,1,63,Male,Pedestrian,2017,December,Sunday,4:00pm-4:59pm,Dusk,Cloudy,Urban,Principal Arterial - Other,T-Intersection,On Roadway,None / Unknown,45.00165278,-123.9868306,At Intersection,Not a Cyclist,Crosswalk Area,Not a Cyclist,Not Derived/Unknown Initial Direction of Travel,Not a Cyclist,45,45 MPH,4,Flashing Traffic Control Signal,1,"Two-Way, Not Divided",41041950303,Census Tract 9503.03,60717.0,2159,72.48726262158407,0.0,11.44048170449282,1.9746121297602257
410002,1,63,Male,Pedestrian,2018,January,Tuesday,7:00am-7:59am,Dawn,"Fog, Smog, Smoke",Urban,Major Collector,Not an Intersection,On Roadway,None / Unknown,42.32195556,-122.8678667,Not At Intersection,Not a Cyclist,Travel Lane,Not a Cyclist,Not Applicable,Not a Cyclist,35,35 MPH,97,Not Reported,1,"Two-Way, Not Divided",41029000100,Census Tract 1,36525.0,2306,51.127493495229835,0.6071118820468344,33.26105810928014,15.94090202177294
410006,1,56,Male,Pedestrian,2018,January,Friday,6:00pm-6:59pm,Dark - Lighted,Rain,Rural,Minor Arterial,Not an Intersection,On Shoulder,None / Unknown,45.27196944,-122.7690722,Not At Intersection,Not a Cyclist,Paved Shoulder / Bicycle Lane / Parking Lane,Not a Cyclist,Not Applicable,Not a Cyclist,98,Not Reported,97,Not Reported,1,"Two-Way, Not Divided",41005022800,Census Tract 228,76161.0,4069,84.54165642664046,0.0,9.166871467190955,6.367583212735166
410007,1,70,Male,Pedestrian,2018,January,Saturday,10:00am-10:59am,Daylight,Not Reported,Urban,Principal Arterial - Other,Not an Intersection,On Roadway,None / Unknown,44.54106111,-123.3508917,Not At Intersection,Not a Cyclist,Paved Shoulder / Bicycle Lane / Parking Lane,Not a Cyclist,Not Applicable,Not a Cyclist,40,40 MPH,97,Not Reported,1,"Two-Way, Not Divided",41003010800,Census Tract 108,71313.0,4259,86.61657666118808,0.0,5.658605306409956,4.247572815533981
410009,1,28,Female,Pedestrian,2018,January,Monday,5:00pm-5:59pm,Dark - Not Lighted,Cloudy,Urban,Principal Arterial - Other,Not an Intersection,On Roadway,None / Unknown,43.95896111,-124.1047389,Not At Intersection,Not a Cyclist,Travel Lane,Not a Cyclist,Not Applicable,Not a Cyclist,45,45 MPH,97,Not Reported,2,"Two-Way, Divided, Unprotected Median",41039000702,Census Tract 7.02,55227.0,2471,83.083771752327,0.0,8.943747470659652,0.700280112044818
410012,1,26,Male,Pedestrian,2018,January,Friday,0:00am-0:59am,Dark - Lighted,Rain,Urban,Minor Arterial,Four-Way Intersection,On Roadway,None / Unknown,44.04059722,-123.1177667,Intersection-Related,Not a Cyclist,Travel Lane,Not a Cyclist,Not Derived/Unknown Initial Direction of Travel,Not a Cyclist,30,30 MPH,3,Traffic control signal(on colors) not known whether or not Pedestrian Signal,5,"Two-Way, Not Divided With a Continuous Left-Turn Lane",41039004403,Census Tract 44.03,51366.0,5164,72.44384198295894,0.17428350116189,15.453137103020914,5.773420479302832
410015,1,28,Male,Pedestrian,2018,January,Sunday,0:00am-0:59am,Dark - Not Lighted,Clear,Urban,Principal Arterial - Other,Not an Intersection,On Roadway,None / Unknown,45.41771667,-122.4446694,Not At Intersection,Not a Cyclist,Travel Lane,Not a Cyclist,Not Applicable,Not a Cyclist,45,45 MPH,97,Not Reported,2,"Two-Way, Divided, Unprotected Median",41005023202,Census Tract 232.02,110685.0,9132,81.44984669294789,0.17520805957074026,8.136224266316251,0.6623978803267829
410021,1,41,Male,Pedestrian,2018,January,Sunday,7:00pm-7:59pm,Dark - Not Lighted,Cloudy,Urban,Principal Arterial - Other,Not an Intersection,On Roadway,None / Unknown,45.39458889,-122.6154944,Not At Intersection,Not a Cyclist,Travel Lane,Not a Cyclist,Not Applicable,Not a Cyclist,40,40 MPH,97,Not Reported,5,"Two-Way, Not Divided With a Continuous Left-Turn Lane",41005021802,Census Tract 218.02,49397.0,4506,80.89214380825565,0.37727474478473144,11.162893919218819,11.345522737927801
410022,1,25,Male,Bicyclist,2018,February,Friday,12:00pm-12:59pm,Daylight,Clear,Rural,Principal Arterial - Other,Not an Intersection,On Roadway,None / Unknown,42.14608889,-124.3532194,Not a Pedestrian,Not At Intersection,Not a Pedestrian,Travel Lane,Not a Pedestrian,With Traffic,55,55 MPH,97,Not Reported,1,"Two-Way, Not Divided",41015950301,Census Tract 9503.01,68771.0,4730,84.29175475687104,0.021141649048625793,8.372093023255815,3.0938647089669638
410030,1,53,Female,Pedestrian,2018,February,Thursday,0:00am-0:59am,Dark - Unknown Lighting,Not Reported,Urban,Minor Arterial,Four-Way Intersection,On Roadway,None / Unknown,45.51915,-122.5107333,At Intersection,Not a Cyclist,Crosswalk Area,Not a Cyclist,Not Derived/Unknown Initial Direction of Travel,Not a Cyclist,35,35 MPH,2,Traffic control signal (on colors) with Pedestrian Signal,5,"Two-Way, Not Divided With a Continuous Left-Turn Lane",41051009202,Census Tract 92.02,37417.0,5885,54.27357689039932,9.481733220050977,16.176720475785896,4.448818897637795
410034,1,78,Male,Pedestrian,2018,February,Wednesday,9:00am-9:59am,Daylight,Cloudy,Urban,Minor Arterial,Four-Way Intersection,On Roadway,None / Unknown,45.52122778,-122.6894889,At Intersection,Not a Cyclist,Crosswalk Area,Not a Cyclist,Not Derived/Unknown Initial Direction of Travel,Not a Cyclist,20,20 MPH,2,Traffic control signal (on colors) with Pedestrian Signal,1,"Two-Way, Not Divided",41051005201,Census Tract 52.01,43865.0,2218,68.8458070333634,8.836789900811542,9.107303877366997,48.950524737631184
410035,1,62,Male,Pedestrian,2018,February,Thursday,7:00pm-7:59pm,Dark - Lighted,Clear,Urban,Principal Arterial - Other,T-Intersection,On Roadway,None / Unknown,44.04566944,-122.9178417,At Intersection,Not a Cyclist,Crosswalk Area,Not a Cyclist,Northbound,Not a Cyclist,45,45 MPH,0,No Controls,5,"Two-Way, Not Divided With a Continuous Left-Turn Lane",41039001803,Census Tract 18.03,53688.0,4194,81.99809251311397,1.2160228898426324,5.197901764425369,1.2042147516307076
410043,1,54,Male,Pedestrian,2018,March,Wednesday,8:00pm-8:59pm,Dark - Lighted,Clear,Urban,Principal Arterial - Other,Not an Intersection,On Roadway,None / Unknown,45.38901667,-122.6112167,Intersection-Related,Not a Cyclist,Travel Lane,Not a Cyclist,Not Derived/Unknown Initial Direction of Travel,Not a Cyclist,40,40 MPH,97,Not Reported,1,"Two-Way, Not Divided",41005021700,Census Tract 217,78116.0,6080,79.73684210526316,2.861842105263158,10.328947368421053,9.583463827121829
410048,1,61,Female,Pedestrian,2018,March,Thursday,6:00am-6:59am,Dark - Lighted,Cloudy,Urban,Major Collector,T-Intersection,On Roadway,None / Unknown,45.50063889,-122.9168556,At Intersection,Not a Cyclist,Crosswalk Area,Not a Cyclist,Northbound,Not a Cyclist,35,35 MPH,20,Stop Sign,1,"Two-Way, Not Divided",41067032412,Census Tract 324.12,116331.0,4441,52.7358702994821,0.24769196126998425,27.8766043683855,7.658556043079377
410058,1,20,Male,Pedestrian,2018,March,Wednesday,9:00pm-9:59pm,Dark - Lighted,Rain,Urban,Principal Arterial - Other,Not an Intersection,On Roadway,None / Unknown,45.556825,-122.5352861,Not At Intersection,Not a Cyclist,Travel Lane,Not a Cyclist,Not Applicable,Not a Cyclist,35,35 MPH,97,Not Reported,5,"Two-Way, Not Divided With a Continuous Left-Turn Lane",41051009502,Census Tract 95.02,63516.0,3471,57.56266205704408,13.48314606741573,15.471045808124458,7.7797725912627165
410059,1,36,Female,Bicyclist,2018,March,Wednesday,11:00pm-11:59pm,Dark - Not Lighted,Rain,Urban,Principal Arterial - Other,Not an Intersection,On Roadway,None / Unknown,44.04974722,-123.2008639,Not a Pedestrian,Not At Intersection,Not a Pedestrian,Unknown,Not a Pedestrian,Unknown,55,55 MPH,97,Not Reported,1,"Two-Way, Not Divided",41039002504,Census Tract 25.04,63333.0,3383,68.54862548034289,0.325155187703222,21.312444575820276,2.9428095502498612
410065,1,42,Male,Pedestrian,2018,March,Saturday,8:00pm-8:59pm,Dark - Not Lighted,Rain,Urban,Interstate,Not an Intersection,On Roadway,None / Unknown,44.87079167,-123.0018861,Not At Intersection,Not a Cyclist,Travel Lane,Not a Cyclist,Not Applicable,Not a Cyclist,65,65 MPH,97,Not Reported,3,"Two-Way,  Divided, Positive  Median Barrier",41047002002,Census Tract 20.02,76750.0,5075,77.26108374384236,3.5073891625615765,11.133004926108374,5.519620526088832
410066,1,62,Female,Pedestrian,2018,March,Thursday,4:00pm-4:59pm,Daylight,Clear,Urban,Major Collector,Not an Intersection,On Roadway,None / Unknown,45.53814167,-122.9194528,Not At Intersection,Not a Cyclist,Sidewalk / Shared-Use Path / Driveway Access,Not a Cyclist,Not Applicable,Not a Cyclist,98,Not Reported,20,Stop Sign,5,"Two-Way, Not Divided With a Continuous Left-Turn Lane",41067032612,Census Tract 326.12,148324.0,3259,79.31880945075176,0.27615833077631174,1.718318502608162,16.749792186201166
410084,1,49,Female,Pedestrian,2018,April,Tuesday,4:00am-4:59am,Dark - Not Lighted,Cloudy,Rural,Interstate,Not an Intersection,On Roadway,None / Unknown,45.76130833,-119.1933444,Not At Intersection,Not a Cyclist,Travel Lane,Not a Cyclist,Not Applicable,Not a Cyclist,70,70 MPH,97,Not Reported,2,"Two-Way, Divided, Unprotected Median",41059951300,Census Tract 9513,64712.0,3734,55.35618639528656,0.0,38.6448848419925,2.6168224299065423
410098,1,47,Male,Pedestrian,2018,May,Friday,7:00am-7:59am,Daylight,Clear,Urban,Minor Arterial,T-Intersection,On Roadway,None / Unknown,45.49718889,-122.8083833,At Intersection,Not a Cyclist,Crosswalk Area,Not a Cyclist,Southbound,Not a Cyclist,98,Not Reported,2,Traffic control signal (on colors) with Pedestrian Signal,5,"Two-Way, Not Divided With a Continuous Left-Turn Lane",41067031402,Census Tract 314.02,73897.0,2887,50.710079667474886,3.567717353654312,30.65465881537929,20.876149269875608
410101,1,37,Male,Pedestrian,2018,May,Monday,3:00am-3:59am,Dark - Not Lighted,Clear,Urban,Principal Arterial - Other,Not an Intersection,On Roadway,None / Unknown,45.37104722,-122.5856639,Not At Intersection,Not a Cyclist,Travel Lane,Not a Cyclist,Not Applicable,Not a Cyclist,98,Not Reported,97,Not Reported,3,"Two-Way,  Divided, Positive  Median Barrier",41005022301,Census Tract 223.01,76605.0,4469,87.44685611993734,0.11188185276348177,3.132691877377489,2.1972406745017885
410115,1,43,Male,Pedestrian,2018,April,Tuesday,8:00pm-8:59pm,Dark - Not Lighted,Cloudy,Urban,Principal Arterial - Other,Not an Intersection,On Roadway,None / Unknown,45.00284722,-123.9855667,Not At Intersection,Not a Cyclist,Travel Lane,Not a Cyclist,Not Applicable,Not a Cyclist,45,45 MPH,97,Not Reported,1,"Two-Way, Not Divided",41041950304,Census Tract 9503.04,51818.0,3389,83.85954558866922,0.29507229271171437,10.298023015638831,5.823148813803019
410144,1,32,Male,Bicyclist,2018,June,Wednesday,7:00pm-7:59pm,Daylight,Rain,Urban,Principal Arterial - Other,Not an Intersection,On Roadway,None / Unknown,44.55384722,-123.2649556,Not a Pedestrian,Not At Intersection,Not a Pedestrian,Sidewalk  / Crosswalk / Driveway Access,Not a Pedestrian,With Traffic,25,25 MPH,97,Not Reported,3,"Two-Way,  Divided, Positive  Median Barrier",41003000101,Census Tract 1.01,60409.0,3997,86.1646234676007,0.7755816862646986,8.006004503377532,5.263157894736842
410158,1,53,Female,Bicyclist,2018,July,Thursday,7:00am-7:59am,Daylight,Clear,Urban,Minor Arterial,Four-Way Intersection,On Roadway,None / Unknown,44.92792222,-122.9985778,Not a Pedestrian,At Intersection,Not a Pedestrian,Sidewalk  / Crosswalk / Driveway Access,Not a Pedestrian,With Traffic,45,45 MPH,2,Traffic control signal (on colors) with Pedestrian Signal,1,"Two-Way, Not Divided",41047000702,Census Tract 7.02,42776.0,5456,61.18035190615836,3.262463343108504,24.596774193548388,13.592233009708737
410159,1,44,Male,Pedestrian,2018,July,Thursday,11:00am-11:59am,Daylight,Clear,Urban,Principal Arterial - Other,Not an Intersection,On Roadway,None / Unknown,44.93942778,-123.0422139,Not At Intersection,Not a Cyclist,Travel Lane,Not a Cyclist,Not Applicable,Not a Cyclist,35,35 MPH,97,Not Reported,4,One-Way Trafficway,41047000200,Census Tract 2,51630.0,4225,65.37278106508876,0.5680473372781065,16.023668639053255,26.73956262425447
410167,1,32,Male,Person on Personal Conveyances,2018,July,Wednesday,1:00am-1:59am,Dark - Lighted,Clear,Urban,Principal Arterial - Other,Not an Intersection,On Roadway,None / Unknown,45.42056667,-122.7853639,Not At Intersection,Not a Cyclist,Travel Lane,Not a Cyclist,Not Applicable,Not a Cyclist,35,35 MPH,0,No Controls,1,"Two-Way, Not Divided",41067030801,Census Tract 308.01,85950.0,6622,72.3044397463002,1.7668378133494411,12.745394140742977,10.353154240869303
410172,1,92,Male,Pedestrian,2018,August,Thursday,2:00pm-2:59pm,Daylight,Clear,Rural,Major Collector,Not an Intersection,On Roadway,None / Unknown,44.84690833,-122.8777139,Not At Intersection,Not a Cyclist,Travel Lane,Not a Cyclist,Not Applicable,Not a Cyclist,35,35 MPH,97,Not Reported,1,"Two-Way, Not Divided",41047010801,Census Tract 108.01,108102.0,6539,84.43187031656217,0.0,7.921700565835755,0.48828125
410197,1,31,Male,Pedestrian,2018,September,Friday,5:00am-5:59am,Dawn,Clear,Urban,Principal Arterial - Other,Not an Intersection,On Roadway,None / Unknown,44.85122778,-123.2159917,Not At Intersection,Not a Cyclist,Travel Lane,Not a Cyclist,Not Applicable,Not a Cyclist,30,30 MPH,0,No Controls,5,"Two-Way, Not Divided With a Continuous Left-Turn Lane",41053020304,Census Tract 203.04,60242.0,7471,74.95649846071476,0.6290991835095704,16.048721723999464,7.397737162750218
410206,1,75,Female,Pedestrian,2018,June,Wednesday,10:00am-10:59am,Daylight,Clear,Urban,Minor Arterial,Not an Intersection,On Roadway,None / Unknown,42.43407222,-123.1700417,Not At Intersection,Not a Cyclist,Travel Lane,Not a Cyclist,Not Applicable,Not a Cyclist,25,25 MPH,0,No Controls,1,"Two-Way, Not Divided",41029002901,Census Tract 29.01,50213.0,3128,85.48593350383632,0.0,7.4808184143222505,0.0
410218,1,60,Male,Pedestrian,2018,September,Tuesday,3:00pm-3:59pm,Daylight,Cloudy,Urban,Major Collector,Four-Way Intersection,On Roadway,None / Unknown,44.05611111,-123.0024028,At Intersection,Not a Cyclist,Crosswalk Area,Not a Cyclist,Westbound,Not a Cyclist,35,35 MPH,2,Traffic control signal (on colors) with Pedestrian Signal,1,"Two-Way, Not Divided",41039003301,Census Tract 33.01,65913.0,3165,62.78041074249605,0.1579778830963665,17.44075829383886,5.10688836104513
410219,1,62,Female,Pedestrian,2018,September,Tuesday,9:00am-9:59am,Daylight,Rain,Urban,Major Collector,Four-Way Intersection,On Roadway,None / Unknown,45.15123611,-122.5762833,At Intersection,Not a Cyclist,Crosswalk Area,Not a Cyclist,Not Derived/Unknown Initial Direction of Travel,Not a Cyclist,25,25 MPH,97,Not Reported,1,"Two-Way, Not Divided",41005023902,Census Tract 239.02,76250.0,6068,81.60843770599868,0.0,13.529993408042188,3.9546191247974067
410231,1,59,Male,Pedestrian,2018,October,Friday,5:00pm-5:59pm,Daylight,Clear,Urban,Interstate,Not an Intersection,On Roadside,None / Unknown,44.80332778,-117.8112861,Not At Intersection,Not a Cyclist,Paved Shoulder / Bicycle Lane / Parking Lane,Not a Cyclist,Not Applicable,Not a Cyclist,55,55 MPH,97,Not Reported,3,"Two-Way,  Divided, Positive  Median Barrier",41001950500,Census Tract 9505,56977.0,2661,80.87185268695978,0.4509582863585118,12.326193160465989,10.05524861878453
410237,1,44,Female,Pedestrian,2018,October,Wednesday,Unknown Hours,Dark - Not Lighted,Cloudy,Urban,Principal Arterial - Other,T-Intersection,On Roadway,None / Unknown,45.50411111,-122.5210278,Intersection-Related,Not a Cyclist,Other/Unknown,Not a Cyclist,Not Derived/Unknown Initial Direction of Travel,Not a Cyclist,98,Not Reported,97,Not Reported,1,"Two-Way, Not Divided",41051009203,Census Tract 92.03,46026.0,3081,58.81207400194742,4.414151249594288,21.648815319701395,0.7119741100323626
410239,1,50,Male,Bicyclist,2018,May,Tuesday,8:00am-8:59am,Daylight,Not Reported,Urban,Major Collector,Not an Intersection,On Roadway,None / Unknown,45.53918611,-122.7084667,Not a Pedestrian,Not At Intersection,Not a Pedestrian,Travel Lane,Not a Pedestrian,Not applicable,30,30 MPH,97,Not Reported,8,Not Reported,41051004300,Census Tract 43,109375.0,1027,86.6601752677702,0.3894839337877313,9.444985394352482,2.6737967914438503
410247,1,67,Male,Bicyclist,2018,August,Thursday,5:00am-5:59am,Dark - Not Lighted,Clear,Urban,Principal Arterial - Other,Not an Intersection,On Roadside,None / Unknown,45.85406944,-122.8261528,Not a Pedestrian,Not At Intersection,Not a Pedestrian,Bicycle Lane / Paved Shoulder / Parking Lane,Not a Pedestrian,With Traffic,35,35 MPH,0,No Controls,1,"Two-Way, Not Divided",41009970800,Census Tract 9708,78730.0,8135,78.19299323909034,0.19668100799016594,14.701905347264905,2.054253357914143
410256,1,28,Male,Bicyclist,2018,October,Monday,9:00pm-9:59pm,Dark - Unknown Lighting,Not Reported,Urban,Principal Arterial - Other,Not an Intersection,On Roadway,None / Unknown,45.519975,-123.0176222,Not a Pedestrian,Not At Intersection,Not a Pedestrian,Travel Lane,Not a Pedestrian,With Traffic,98,Not Reported,97,Not Reported,1,"Two-Way, Not Divided",41067032901,Census Tract 329.01,91136.0,6727,44.9531737773153,1.010851791288836,46.70729894455181,6.9700827498408655
410260,1,38,Male,Pedestrian,2018,October,Tuesday,8:00pm-8:59pm,Dark - Not Lighted,Clear,Urban,Principal Arterial - Other,Not an Intersection,On Roadway,None / Unknown,42.39664722,-122.9288639,Not At Intersection,Not a Cyclist,Travel Lane,Not a Cyclist,Not Applicable,Not a Cyclist,60,60 MPH,97,Not Reported,3,"Two-Way,  Divided, Positive  Median Barrier",41029001002,Census Tract 10.02,73157.0,4674,73.0423620025674,0.47068891741548996,20.817287120239627,2.126821583300512
410263,1,27,Female,Pedestrian,2018,November,Tuesday,8:00pm-8:59pm,Dark - Lighted,Clear,Urban,Minor Arterial,Not an Intersection,On Roadway,None / Unknown,45.56193611,-122.5220528,Not At Intersection,Not a Cyclist,Travel Lane,Not a Cyclist,Not Applicable,Not a Cyclist,45,45 MPH,97,Not Reported,1,"Two-Way, Not Divided",41051007300,Census Tract 73,40893.0,1362,56.093979441997064,10.719530102790015,14.170337738619676,22.18045112781955
410274,1,72,Male,Pedestrian,2018,November,Saturday,3:00pm-3:59pm,Daylight,Cloudy,Rural,Principal Arterial - Other,Not an Intersection,On Roadway,None / Unknown,46.09925833,-123.0643528,Not At Intersection,Not a Cyclist,Travel Lane,Not a Cyclist,Not Applicable,Not a Cyclist,55,55 MPH,97,Not Reported,1,"Two-Way, Not Divided",41009970201,Census Tract 9702.01,63281.0,3344,84.688995215311,0.17942583732057416,2.511961722488038,3.571428571428571
410275,1,31,Male,Pedestrian,2018,November,Sunday,6:00am-6:59am,Dark - Not Lighted,"Fog, Smog, Smoke",Rural,Major Collector,Not an Intersection,On Roadway,None / Unknown,43.75633611,-123.0669583,Not At Intersection,Not a Cyclist,Travel Lane,Not a Cyclist,Not Applicable,Not a Cyclist,55,55 MPH,0,No Controls,1,"Two-Way, Not Divided",41039001400,Census Tract 14,73773.0,2514,89.22036595067621,0.0,9.029435163086715,2.0518358531317493
410279,1,77,Male,Pedestrian,2018,November,Friday,10:00pm-10:59pm,Dark - Lighted,Rain,Urban,Principal Arterial - Other,Not an Intersection,On Roadway,None / Unknown,45.48653333,-122.7971694,Not At Intersection,Not a Cyclist,Travel Lane,Not a Cyclist,Not Applicable,Not a Cyclist,30,30 MPH,0,No Controls,1,"Two-Way, Not Divided",41067030401,Census Tract 304.01,68513.0,4449,62.665767588222074,2.3376039559451565,17.015059563946956,2.3902439024390243
410280,1,55,Male,Pedestrian,2018,November,Friday,12:00pm-12:59pm,Daylight,Cloudy,Urban,Principal Arterial - Other,T-Intersection,On Roadway,None / Unknown,44.98966667,-123.026625,At Intersection,Not a Cyclist,Crosswalk Area,Not a Cyclist,Not Derived/Unknown Initial Direction of Travel,Not a Cyclist,35,35 MPH,2,Traffic control signal (on colors) with Pedestrian Signal,1,"Two-Way, Not Divided",41047001402,Census Tract 14.02,76266.0,5888,74.52445652173914,0.8491847826086956,12.85665760869565,2.132435465768799
410281,1,49,Female,Pedestrian,2018,August,Tuesday,8:00pm-8:59pm,Dark - Lighted,Clear,Rural,Principal Arterial - Other,Not an Intersection,On Roadway,Construction,45.80143611,-118.5138694,Not At Intersection,Not a Cyclist,Travel Lane,Not a Cyclist,Not Applicable,Not a Cyclist,55,55 MPH,50,Person,1,"Two-Way, Not Divided",41059950300,Census Tract 9503,70594.0,3263,90.43824701195219,0.4596996628869139,3.7388905914802333,3.129548762736536
410282,1,93,Female,Pedestrian,2018,August,Tuesday,9:00am-9:59am,Daylight,Clear,Urban,Local,Not an Intersection,On Roadway,None / Unknown,44.78174167,-117.835475,Not At Intersection,Not a Cyclist,Travel Lane,Not a Cyclist,Not Applicable,Not a Cyclist,25,25 MPH,0,No Controls,1,"Two-Way, Not Divided",41001950500,Census Tract 9505,56977.0,2661,80.87185268695978,0.4509582863585118,12.326193160465989,10.05524861878453
410283,1,27,Male,Pedestrian,2018,September,Sunday,11:00pm-11:59pm,Dark - Not Lighted,Cloudy,Urban,Minor Arterial,T-Intersection,On Roadway,None / Unknown,45.492825,-122.7826639,At Intersection,Not a Cyclist,Crosswalk Area,Not a Cyclist,Southbound,Not a Cyclist,35,35 MPH,0,No Controls,1,"Two-Way, Not Divided",41067031301,Census Tract 313.01,75000.0,2792,70.84527220630372,3.9398280802292263,15.04297994269341,7.10868079289132
410284,1,82,Male,Pedestrian,2018,September,Sunday,7:00pm-7:59pm,Dark - Not Lighted,Clear,Urban,Principal Arterial - Other,Four-Way Intersection,On Roadway,None / Unknown,44.56111667,-122.9125833,At Intersection,Not a Cyclist,Intersection Area,Not a Cyclist,Not Derived/Unknown Initial Direction of Travel,Not a Cyclist,40,40 MPH,97,Not Reported,1,"Two-Way, Not Divided",41043030802,Census Tract 308.02,53072.0,4034,92.31531978185424,0.0,3.7927615270203274,6.242274412855377
410286,1,53,Female,Pedestrian,2018,November,Wednesday,8:00pm-8:59pm,Dark - Not Lighted,Clear,Urban,Minor Arterial,Not an Intersection,On Roadway,None / Unknown,42.35186944,-122.8975889,Not At Intersection,Not a Cyclist,Travel Lane,Not a Cyclist,Not Applicable,Not a Cyclist,40,40 MPH,97,Not Reported,1,"Two-Way, Not Divided",41029000300,Census Tract 3,52060.0,6161,63.49618568414218,0.0,23.37282908618731,0.631019594818997
410303,1,92,Male,Pedestrian,2018,December,Tuesday,4:00pm-4:59pm,Dark - Lighted,Rain,Urban,Major Collector,Not an Intersection,On Roadway,None / Unknown,45.53498056,-122.9119694,Not At Intersection,Not a Cyclist,Travel Lane,Not a Cyclist,Not Applicable,Not a Cyclist,98,Not Reported,0,No Controls,1,"Two-Way, Not Divided",41067032612,Census Tract 326.12,148324.0,3259,79.31880945075176,0.27615833077631174,1.718318502608162,16.749792186201166
410307,1,28,Male,Pedestrian,2018,September,Saturday,6:00pm-6:59pm,Daylight,Clear,Rural,Principal Arterial - Other,Not an Intersection,On Roadway,None / Unknown,44.70118611,-122.0767028,Not At Intersection,Not a Cyclist,Travel Lane,Not a Cyclist,Not Applicable,Not a Cyclist,40,40 MPH,97,Not Reported,1,"Two-Way, Not Divided",41047010600,Census Tract 106,50729.0,2139,86.67601683029453,1.1220196353436185,3.0388031790556336,4.49438202247191
410313,1,79,Female,Pedestrian,2018,December,Monday,5:00pm-5:59pm,Dark - Not Lighted,Cloudy,Rural,Principal Arterial - Other,Not an Intersection,On Roadway,None / Unknown,45.56393611,-123.9361417,Not At Intersection,Not a Cyclist,Travel Lane,Not a Cyclist,Not Applicable,Not a Cyclist,45,45 MPH,97,Not Reported,1,"Two-Way, Not Divided",41057960200,Census Tract 9602,54375.0,2816,91.76136363636364,0.5681818181818182,4.154829545454546,8.110599078341014
410316,1,69,Male,Pedestrian,2018,July,Monday,9:00pm-9:59pm,Dark - Not Lighted,Clear,Urban,Principal Arterial - Other,Not an Intersection,On Roadway,None / Unknown,45.50448056,-122.4989722,Not At Intersection,Not a Cyclist,Travel Lane,Not a Cyclist,Not Applicable,Not a Cyclist,98,Not Reported,97,Not Reported,5,"Two-Way, Not Divided With a Continuous Left-Turn Lane",41051009101,Census Tract 91.01,59167.0,6261,52.61140392908481,7.538731831975723,19.05446414310813,6.99121522693997
410318,1,26,Male,Pedestrian,2018,December,Thursday,6:00am-6:59am,Dark - Lighted,"Fog, Smog, Smoke",Urban,Principal Arterial - Other,Not an Intersection,On Roadway,None / Unknown,42.37800278,-122.903225,Not At Intersection,Not a Cyclist,Travel Lane,Not a Cyclist,Not Applicable,Not a Cyclist,65,65 MPH,97,Not Reported,3,"Two-Way,  Divided, Positive  Median Barrier",41029001100,Census Tract 11,78326.0,5524,87.25561187545256,0.25343953656770457,5.684286748732802,1.5270326042096576
410320,1,22,Female,Pedestrian,2018,December,Sunday,5:00pm-5:59pm,Dark - Lighted,Clear,Urban,Principal Arterial - Other,Not an Intersection,On Roadway,None / Unknown,45.50123056,-122.9381556,Not At Intersection,Not a Cyclist,Crosswalk Area,Not a Cyclist,Not Applicable,Not a Cyclist,35,35 MPH,28,Other Regulatory Sign,1,"Two-Way, Not Divided",41067032412,Census Tract 324.12,116331.0,4441,52.7358702994821,0.24769196126998425,27.8766043683855,7.658556043079377
410325,1,40,Female,Pedestrian,2018,December,Sunday,6:00am-6:59am,Dark - Not Lighted,Clear,Urban,Interstate,Not an Intersection,On Roadway,None / Unknown,45.66898611,-118.8244222,Not At Intersection,Not a Cyclist,Travel Lane,Not a Cyclist,Not Applicable,Not a Cyclist,70,70 MPH,97,Not Reported,2,"Two-Way, Divided, Unprotected Median",41059950500,Census Tract 9505,79063.0,4657,86.8370195404767,1.37427528451793,3.328322954691862,1.6988062442607896
410330,1,27,Male,Pedestrian,2018,September,Sunday,2:00am-2:59am,Dark - Not Lighted,Cloudy,Rural,Principal Arterial - Other,Not an Intersection,On Roadway,None / Unknown,45.23146111,-122.8094528,Not At Intersection,Not a Cyclist,Travel Lane,Not a Cyclist,Not Applicable,Not a Cyclist,65,65 MPH,97,Not Reported,3,"Two-Way,  Divided, Positive  Median Barrier",41047010202,Census Tract 102.02,75750.0,8104,65.07897334649556,1.0365251727541955,31.071076011846,1.6804407713498621
410331,1,61,Male,Pedestrian,2018,January,Tuesday,9:00pm-9:59pm,Dark - Not Lighted,Clear,Urban,Principal Arterial - Other,Not an Intersection,On Roadway,None / Unknown,45.37996944,-122.2266778,Unknown / Insufficient Information,Not a Cyclist,Other/Unknown,Not a Cyclist,Not Applicable,Not a Cyclist,98,Not Reported,97,Not Reported,1,"Two-Way, Not Divided",41005024302,Census Tract 243.02,99639.0,5170,95.47388781431334,0.5222437137330754,3.017408123791103,3.9140445126630854
410333,1,65,Male,Pedestrian,2018,March,Friday,7:00am-7:59am,Daylight,Cloudy,Urban,Major Collector,Four-Way Intersection,On Roadway,None / Unknown,45.51643333,-122.6346917,At Intersection,Not a Cyclist,Crosswalk Area,Not a Cyclist,Not Derived/Unknown Initial Direction of Travel,Not a Cyclist,25,25 MPH,2,Traffic control signal (on colors) with Pedestrian Signal,1,"Two-Way, Not Divided",41051001301,Census Tract 13.01,88231.0,3958,87.54421424962102,1.23799898938858,3.309752400202122,16.178194607268466
410334,1,74,Male,Pedestrian,2018,March,Sunday,8:00pm-8:59pm,Dark - Lighted,Clear,Urban,Principal Arterial - Other,Not an Intersection,On Roadway,None / Unknown,45.50414444,-122.5452167,Not At Intersection,Not a Cyclist,Travel Lane,Not a Cyclist,Not Applicable,Not a Cyclist,30,30 MPH,97,Not Reported,5,"Two-Way, Not Divided With a Continuous Left-Turn Lane",41051008400,Census Tract 84,47172.0,4626,59.92217898832685,1.599654128837008,16.472114137483786,5.926860025220681
410336,1,60,Male,Pedestrian,2018,January,Sunday,6:00pm-6:59pm,Dark - Lighted,Not Reported,Urban,Minor Arterial,Not an Intersection,On Roadway,None / Unknown,45.50414722,-122.4166611,Not At Intersection,Not a Cyclist,Travel Lane,Not a Cyclist,Not Applicable,Not a Cyclist,98,Not Reported,0,No Controls,5,"Two-Way, Not Divided With a Continuous Left-Turn Lane",41051010001,Census Tract 100.01,43214.0,5876,68.46494213750852,3.1994554118447924,16.21851599727706,9.595254710397768
410340,1,73,Male,Pedestrian,2018,March,Friday,4:00am-4:59am,Dark - Unknown Lighting,Rain,Urban,Major Collector,Four-Way Intersection,On Roadway,None / Unknown,45.56188889,-122.7038833,At Intersection,Not a Cyclist,Crosswalk Area,Not a Cyclist,Not Derived/Unknown Initial Direction of Travel,Not a Cyclist,35,35 MPH,97,Not Reported,5,"Two-Way, Not Divided With a Continuous Left-Turn Lane",41051980000,Census Tract 9800,,0,,,,
410347,1,86,Female,Pedestrian,2018,May,Tuesday,9:00pm-9:59pm,Dark - Not Lighted,Cloudy,Urban,Principal Arterial - Other,Not an Intersection,On Roadway,None / Unknown,45.50457778,-122.4890278,Not At Intersection,Not a Cyclist,Travel Lane,Not a Cyclist,Not Applicable,Not a Cyclist,30,30 MPH,97,Not Reported,5,"Two-Way, Not Divided With a Continuous Left-Turn Lane",41051009804,Census Tract 98.04,77587.0,3347,55.183746638780995,8.604720645354048,25.933671945025395,13.312693498452013
410358,1,47,Female,Person on Personal Conveyances,2018,June,Saturday,12:00pm-12:59pm,Daylight,Clear,Urban,Major Collector,Not an Intersection,On Roadway,None / Unknown,44.09843333,-123.1240472,Not At Intersection,Not a Cyclist,Travel Lane,Not a Cyclist,Not Applicable,Not a Cyclist,30,30 MPH,97,Not Reported,5,"Two-Way, Not Divided With a Continuous Left-Turn Lane",41039002301,Census Tract 23.01,58271.0,4146,75.80800771828268,0.8683068017366137,6.994693680656054,0.5605381165919282
410360,1,47,Female,Pedestrian,2018,July,Tuesday,10:00pm-10:59pm,Dark - Not Lighted,Cloudy,Urban,Principal Arterial - Other,Not an Intersection,On Roadway,None / Unknown,44.02851111,-121.3161722,Unknown / Insufficient Information,Not a Cyclist,Other/Unknown,Not a Cyclist,Not Applicable,Not a Cyclist,45,45 MPH,97,Not Reported,5,"Two-Way, Not Divided With a Continuous Left-Turn Lane",41017002101,Census Tract 21.01,60100.0,4841,80.43792604833712,0.02065688907250568,11.23734765544309,3.601859024012394
410366,1,31,Male,Pedestrian,2018,June,Saturday,1:00am-1:59am,Dark - Not Lighted,Not Reported,Rural,Principal Arterial - Other,Not an Intersection,On Roadway,None / Unknown,42.11084167,-123.6771361,Not At Intersection,Not a Cyclist,Travel Lane,Not a Cyclist,Not Applicable,Not a Cyclist,98,Not Reported,97,Not Reported,8,Not Reported,41033361601,Census Tract 3616.01,37317.0,4917,86.82123245881635,0.12202562538133008,7.463900752491356,4.031117397454031
410366,2,23,Female,Pedestrian,2018,June,Saturday,1:00am-1:59am,Dark - Not Lighted,Not Reported,Rural,Principal Arterial - Other,Not an Intersection,On Roadway,None / Unknown,42.11084167,-123.6771361,Not At Intersection,Not a Cyclist,Travel Lane,Not a Cyclist,Not Applicable,Not a Cyclist,98,Not Reported,97,Not Reported,8,Not Reported,41033361601,Census Tract 3616.01,37317.0,4917,86.82123245881635,0.12202562538133008,7.463900752491356,4.031117397454031
410368,1,62,Female,Bicyclist,2018,June,Friday,7:00am-7:59am,Daylight,Clear,Rural,Minor Arterial,Not an Intersection,On Roadway,None / Unknown,45.6464,-118.6840556,Not a Pedestrian,Not At Intersection,Not a Pedestrian,Travel Lane,Not a Pedestrian,With Traffic,55,55 MPH,0,No Controls,1,"Two-Way, Not Divided",41059940000,Census Tract 9400,69167.0,2997,42.44244244244244,0.0,8.508508508508509,0.8291873963515755
410369,1,76,Female,Pedestrian,2018,July,Saturday,9:00am-9:59am,Daylight,Clear,Urban,Minor Arterial,Four-Way Intersection,On Roadway,None / Unknown,43.22168333,-123.3758833,At Intersection,Not a Cyclist,Crosswalk Area,Not a Cyclist,Eastbound,Not a Cyclist,25,25 MPH,2,Traffic control signal (on colors) with Pedestrian Signal,1,"Two-Way, Not Divided",41019080002,Census Tract 800.02,86645.0,5158,81.62078324932143,0.11632415664986429,7.929430011632416,1.73046670162559
410376,1,71,Female,Pedestrian,2018,August,Wednesday,9:00pm-9:59pm,Dark - Not Lighted,Not Reported,Urban,Principal Arterial - Other,Not an Intersection,On Roadway,None / Unknown,45.4995,-122.4756472,Not At Intersection,Not a Cyclist,Travel Lane,Not a Cyclist,Not Applicable,Not a Cyclist,35,35 MPH,97,Not Reported,1,"Two-Way, Not Divided",41051009803,Census Tract 98.03,49185.0,7899,52.0065831117863,6.114698063045955,30.522850993796684,9.956709956709958
410382,1,58,Male,Pedestrian,2018,August,Saturday,10:00pm-10:59pm,Dark - Lighted,Clear,Urban,Principal Arterial - Other,Not an Intersection,On Roadway,None / Unknown,45.526025,-122.6451889,Not At Intersection,Not a Cyclist,Travel Lane,Not a Cyclist,Not Applicable,Not a Cyclist,35,35 MPH,97,Not Reported,1,"Two-Way, Not Divided",41051002002,Census Tract 20.02,59060.0,3920,58.16326530612245,0.40816326530612246,19.77040816326531,20.63606794362125
410389,1,32,Male,Pedestrian,2018,November,Thursday,11:00pm-11:59pm,Not Reported,Not Reported,Urban,Major Collector,Not an Intersection,On Shoulder,None / Unknown,45.583875,-122.7448278,Not At Intersection,Not a Cyclist,Sidewalk / Shared-Use Path / Driveway Access,Not a Cyclist,Not Applicable,Not a Cyclist,98,Not Reported,97,Not Reported,8,Not Reported,41051004102,Census Tract 41.02,73097.0,4700,73.1063829787234,1.4893617021276597,9.319148936170214,8.86736214605067
410390,1,24,Male,Pedestrian,2018,October,Monday,3:00am-3:59am,Dark - Not Lighted,Not Reported,Urban,Principal Arterial - Other,Not an Intersection,On Roadway,None / Unknown,45.49168333,-122.8461306,Not At Intersection,Not a Cyclist,Travel Lane,Not a Cyclist,Not Applicable,Not a Cyclist,98,Not Reported,97,Not Reported,1,"Two-Way, Not Divided",41067031623,Census Tract 316.23,93079.0,4458,39.210408254822795,6.0789591745177205,26.087931807985644,29.225210758731436
410397,1,82,Male,Pedestrian,2018,October,Thursday,3:00pm-3:59pm,Daylight,Clear,Urban,Minor Arterial,Four-Way Intersection,On Roadway,None / Unknown,45.522875,-122.6074333,At Intersection,Not a Cyclist,Crosswalk Area,Not a Cyclist,Southbound,Not a Cyclist,98,Not Reported,2,Traffic control signal (on colors) with Pedestrian Signal,1,"Two-Way, Not Divided",41051001802,Census Tract 18.02,99784.0,3710,79.24528301886792,1.3477088948787064,2.8301886792452833,19.518072289156628
410401,1,27,Female,Pedestrian,2018,November,Saturday,9:00pm-9:59pm,Dark - Not Lighted,Cloudy,Urban,Principal Arterial - Other,Not an Intersection,On Roadway,None / Unknown,44.93369444,-123.0740167,Not At Intersection,Not a Cyclist,Travel Lane,Not a Cyclist,Not Applicable,Not a Cyclist,55,55 MPH,97,Not Reported,3,"Two-Way,  Divided, Positive  Median Barrier",41053005204,Census Tract 52.04,95550.0,4310,84.03712296983758,0.0,7.470997679814386,0.0
410403,1,72,Female,Pedestrian,2018,November,Wednesday,7:00pm-7:59pm,Dark - Lighted,Cloudy,Urban,Minor Arterial,Not an Intersection,On Roadway,None / Unknown,45.49669167,-122.4084528,Not At Intersection,Not a Cyclist,Travel Lane,Not a Cyclist,Not Applicable,Not a Cyclist,98,Not Reported,0,No Controls,5,"Two-Way, Not Divided With a Continuous Left-Turn Lane",41051010408,Census Tract 104.08,58235.0,7664,66.41440501043841,0.14352818371607515,25.0,4.959349593495935
410404,1,53,Female,Pedestrian,2018,November,Thursday,5:00pm-5:59pm,Dark - Not Lighted,Not Reported,Urban,Minor Arterial,Four-Way Intersection,On Roadway,None / Unknown,44.26663056,-121.1795556,At Intersection,Not a Cyclist,Crosswalk Area,Not a Cyclist,Not Derived/Unknown Initial Direction of Travel,Not a Cyclist,98,Not Reported,97,Not Reported,1,"Two-Way, Not Divided",41017000901,Census Tract 9.01,63656.0,5234,73.61482613679786,0.0,21.57050057317539,3.204327923429047
410405,1,52,Female,Bicyclist,2018,October,Monday,11:00am-11:59am,Daylight,Clear,Urban,Principal Arterial - Other,T-Intersection,On Roadway,Construction,45.47004722,-122.5790472,Not a Pedestrian,At Intersection,Not a Pedestrian,Travel Lane,Not a Pedestrian,With Traffic,35,35 MPH,97,Not Reported,1,"Two-Way, Not Divided",41051008600,Census Tract 86,60268.0,4070,60.63882063882063,1.6461916461916464,12.702702702702704,17.85209609043806
410408,1,27,Male,Pedestrian,2018,October,Tuesday,9:00am-9:59am,Daylight,Clear,Urban,Minor Arterial,Not an Intersection,On Roadway,None / Unknown,44.64538611,-123.0634806,Not At Intersection,Not a Cyclist,Travel Lane,Not a Cyclist,Not Applicable,Not a Cyclist,45,45 MPH,97,Not Reported,5,"Two-Way, Not Divided With a Continuous Left-Turn Lane",41043020101,Census Tract 201.01,105000.0,5472,90.13157894736842,0.4934210526315789,6.213450292397661,2.536104262064107
410409,1,64,Male,Pedestrian,2018,October,Friday,6:00pm-6:59pm,Dark - Lighted,Rain,Urban,Minor Arterial,Four-Way Intersection,On Roadway,None / Unknown,45.51919444,-122.5132417,At Intersection,Not a Cyclist,Crosswalk Area,Not a Cyclist,Not Derived/Unknown Initial Direction of Travel,Not a Cyclist,30,30 MPH,97,Not Reported,5,"Two-Way, Not Divided With a Continuous Left-Turn Lane",41051009202,Census Tract 92.02,37417.0,5885,54.27357689039932,9.481733220050977,16.176720475785896,4.448818897637795
410411,1,66,Female,Pedestrian,2018,November,Wednesday,5:00pm-5:59pm,Dark - Lighted,Cloudy,Urban,Minor Arterial,Not an Intersection,On Roadway,None / Unknown,45.53319167,-122.4958583,Not At Intersection,Not a Cyclist,Travel Lane,Not a Cyclist,Not Applicable,Not a Cyclist,30,30 MPH,97,Not Reported,1,"Two-Way, Not Divided",41051009605,Census Tract 96.05,64583.0,6255,41.183053557154274,11.91047162270184,27.865707434052755,6.273644388398488
410412,1,75,Male,Pedestrian,2018,November,Friday,6:00pm-6:59pm,Dark - Not Lighted,Cloudy,Urban,Principal Arterial - Other,T-Intersection,On Roadway,None / Unknown,44.09246389,-123.1267167,At Intersection,Not a Cyclist,Crosswalk Area,Not a Cyclist,Not Derived/Unknown Initial Direction of Travel,Not a Cyclist,35,35 MPH,97,Not Reported,5,"Two-Way, Not Divided With a Continuous Left-Turn Lane",41039002800,Census Tract 28,75948.0,5106,76.71367019193106,3.799451625538582,9.518213866039952,4.299065420560748
410415,1,31,Male,Pedestrian,2018,November,Friday,2:00am-2:59am,Dark - Not Lighted,Not Reported,Urban,Principal Arterial - Other,Four-Way Intersection,On Roadway,None / Unknown,42.44003889,-123.3264806,At Intersection,Not a Cyclist,Other/Unknown,Not a Cyclist,Not Derived/Unknown Initial Direction of Travel,Not a Cyclist,25,25 MPH,2,Traffic control signal (on colors) with Pedestrian Signal,4,One-Way Trafficway,41033360601,Census Tract 3606.01,41222.0,2619,81.7487590683467,2.405498281786942,8.972890416189387,4.791029561671763
410420,1,67,Male,Pedestrian,2018,December,Tuesday,6:00pm-6:59pm,Dark - Lighted,Rain,Urban,Principal Arterial - Other,Not an Intersection,On Roadway,None / Unknown,44.63241111,-123.0994583,Not At Intersection,Not a Cyclist,Travel Lane,Not a Cyclist,Not Applicable,Not a Cyclist,35,35 MPH,97,Not Reported,1,"Two-Way, Not Divided",41043020400,Census Tract 204,58929.0,4427,79.91868082222724,0.9487237406821775,8.448159024169867,4.219623792577529
410423,1,19,Female,Pedestrian,2018,December,Wednesday,2:00am-2:59am,Dark - Lighted,Cloudy,Urban,Interstate,Not an Intersection,On Roadway,None / Unknown,45.54259167,-122.5100417,Not At Intersection,Not a Cyclist,Travel Lane,Not a Cyclist,Not Applicable,Not a Cyclist,60,60 MPH,97,Not Reported,3,"Two-Way,  Divided, Positive  Median Barrier",41051009400,Census Tract 94,71498.0,6593,70.15015925982102,6.370392840891855,9.479751251327166,5.108194395175595
410426,1,50,Female,Pedestrian,2018,February,Thursday,9:00am-9:59am,Daylight,Not Reported,Urban,Local,T-Intersection,On Roadway,None / Unknown,46.18338056,-123.8304111,At Intersection,Not a Cyclist,Intersection Area,Not a Cyclist,Not Derived/Unknown Initial Direction of Travel,Not a Cyclist,98,Not Reported,97,Not Reported,1,"Two-Way, Not Divided",41007950200,Census Tract 9502,80784.0,3880,81.49484536082474,0.25773195876288657,9.690721649484537,16.93548387096774
410429,1,93,Male,Pedestrian,2018,April,Wednesday,5:00pm-5:59pm,Daylight,Clear,Urban,Local,Not an Intersection,On Roadway,None / Unknown,42.30428056,-122.8356833,Not At Intersection,Not a Cyclist,Sidewalk / Shared-Use Path / Driveway Access,Not a Cyclist,Not Applicable,Not a Cyclist,98,Not Reported,0,No Controls,1,"Two-Way, Not Divided",41029000606,Census Tract 6.06,115750.0,2009,89.49726231956198,0.0,3.086112493777999,0.0
410430,1,84,Female,Pedestrian,2018,May,Friday,7:00am-7:59am,Daylight,Clear,Urban,Principal Arterial - Other,Four-Way Intersection,On Roadway,None / Unknown,45.49898611,-122.9171889,At Intersection,Not a Cyclist,Crosswalk Area,Not a Cyclist,Not Derived/Unknown Initial Direction of Travel,Not a Cyclist,35,35 MPH,2,Traffic control signal (on colors) with Pedestrian Signal,1,"Two-Way, Not Divided",41067032412,Census Tract 324.12,116331.0,4441,52.7358702994821,0.24769196126998425,27.8766043683855,7.658556043079377
410442,1,28,Male,Pedestrian,2018,March,Thursday,1:00am-1:59am,Dark - Not Lighted,Not Reported,Urban,Minor Collector,Not an Intersection,On Roadway,None / Unknown,45.40721389,-122.6320611,Not At Intersection,Not a Cyclist,Travel Lane,Not a Cyclist,Not Applicable,Not a Cyclist,98,Not Reported,97,Not Reported,1,"Two-Way, Not Divided",41005021700,Census Tract 217,78116.0,6080,79.73684210526316,2.861842105263158,10.328947368421053,9.583463827121829
410444,1,82,Male,Pedestrian,2018,July,Thursday,2:00am-2:59am,Dark - Not Lighted,Clear,Urban,Interstate,Not an Intersection,On Roadway,None / Unknown,45.71088889,-121.5132167,Not At Intersection,Not a Cyclist,Travel Lane,Not a Cyclist,Not Applicable,Not a Cyclist,98,Not Reported,0,No Controls,6,Entrance/Exit Ramp,41027950301,Census Tract 9503.01,51633.0,3156,76.1723700887199,0.0,16.69835234474018,25.245522819179666
410447,1,25,Female,Pedestrian,2018,July,Tuesday,10:00pm-10:59pm,Dark - Lighted,Not Reported,Urban,Principal Arterial - Other,Not an Intersection,On Roadway,None / Unknown,45.39634444,-122.7986556,Not At Intersection,Not a Cyclist,Travel Lane,Not a Cyclist,Not Applicable,Not a Cyclist,98,Not Reported,97,Not Reported,1,"Two-Way, Not Divided",41067031914,Census Tract 319.14,48622.0,4658,83.19021039072564,1.15929583512237,7.084585659081151,4.79317137229153
410452,1,69,Male,Pedestrian,2018,October,Friday,6:00pm-6:59pm,Daylight,Clear,Urban,Minor Arterial,Not an Intersection,On Roadway,None / Unknown,44.63343333,-123.0899972,Not At Intersection,Not a Cyclist,Travel Lane,Not a Cyclist,Not Applicable,Not a Cyclist,35,35 MPH,97,Not Reported,4,One-Way Trafficway,41043020801,Census Tract 208.01,42215.0,2584,72.21362229102168,0.8126934984520124,13.003095975232199,1.6574585635359116
410005,1,56,Female,Pedestrian,2019,March,Friday,7:00am-7:59am,Daylight,Cloudy,Urban,Major Collector,Four-Way Intersection,On Roadway,None / Unknown,45.49003889,-122.5685528,At Intersection,Not a Cyclist,Crosswalk Area,Not a Cyclist,Not Derived/Unknown Initial Direction of Travel,Not a Cyclist,30,30 MPH,0,No Controls,1,"Two-Way, Not Divided",41051008301,Census Tract 83.01,64886.0,4114,40.37433155080214,10.646572678658242,7.073407875546913,22.07916070577015
410017,1,70,Female,Pedestrian,2019,January,Thursday,5:00pm-5:59pm,Dark - Lighted,Rain,Urban,Major Collector,T-Intersection,On Roadway,None / Unknown,44.10342222,-123.12655,At Intersection,Not a Cyclist,Other/Unknown,Not a Cyclist,Not Derived/Unknown Initial Direction of Travel,Not a Cyclist,35,35 MPH,0,No Controls,1,"Two-Way, Not Divided",41039002301,Census Tract 23.01,58271.0,4146,75.80800771828268,0.8683068017366137,6.994693680656054,0.5605381165919282
410019,1,37,Male,Pedestrian,2019,January,Wednesday,11:00pm-11:59pm,Dark - Not Lighted,Clear,Rural,Principal Arterial - Other,Not an Intersection,On Roadway,None / Unknown,43.19944167,-121.7797972,Not At Intersection,Not a Cyclist,Travel Lane,Not a Cyclist,Not Applicable,Not a Cyclist,65,65 MPH,97,Not Reported,1,"Two-Way, Not Divided",41035970100,Census Tract 9701,56962.0,3486,95.69707401032701,0.4016064257028112,2.5530694205393,2.5267249757045676
410020,1,58,Male,Pedestrian,2019,February,Saturday,0:00am-0:59am,Dark - Lighted,Cloudy,Urban,Principal Arterial - Other,Four-Way Intersection,On Roadway,None / Unknown,45.50406944,-122.5299306,At Intersection,Not a Cyclist,Crosswalk Area,Not a Cyclist,Southbound,Not a Cyclist,30,30 MPH,2,Traffic control signal (on colors) with Pedestrian Signal,1,"Two-Way, Not Divided",41051009203,Census Tract 92.03,46026.0,3081,58.81207400194742,4.414151249594288,21.648815319701395,0.7119741100323626
410022,1,47,Male,Pedestrian,2019,February,Monday,7:00am-7:59am,Dark - Lighted,Rain,Urban,Principal Arterial - Other,Not an Intersection,On Roadway,None / Unknown,45.23037778,-123.1656861,Not At Intersection,Not a Cyclist,Travel Lane,Not a Cyclist,Not Applicable,Not a Cyclist,40,40 MPH,0,No Controls,5,"Two-Way, Not Divided With a Continuous Left-Turn Lane",41071030602,Census Tract 306.02,77414.0,6596,79.44208611279564,0.0,13.993329290479078,0.0
410031,1,52,Male,Bicyclist,2019,March,Friday,9:00pm-9:59pm,Dark - Lighted,Cloudy,Urban,Principal Arterial - Other,Not an Intersection,On Roadway,None / Unknown,45.56266944,-122.5770556,Not a Pedestrian,Not At Intersection,Not a Pedestrian,Travel Lane,Not a Pedestrian,Not applicable,98,Not Reported,97,Not Reported,1,"Two-Way, Not Divided",41051007700,Census Tract 77,80489.0,2069,46.44755920734654,17.448042532624456,17.931367810536493,6.2745098039215685
410035,1,49,Female,Pedestrian,2019,March,Friday,3:00am-3:59am,Dark - Not Lighted,Clear,Urban,Principal Arterial - Other,Not an Intersection,On Roadway,None / Unknown,42.006975,-124.2111917,Not At Intersection,Not a Cyclist,Travel Lane,Not a Cyclist,Not Applicable,Not a Cyclist,55,55 MPH,0,No Controls,4,One-Way Trafficway,41015950401,Census Tract 9504.01,58361.0,3060,82.58169934640523,0.0,7.777777777777778,0.0
410044,1,28,Male,Pedestrian,2019,March,Thursday,11:00pm-11:59pm,Dark - Not Lighted,Rain,Rural,Principal Arterial - Other,Not an Intersection,On Roadway,None / Unknown,44.12951389,-122.4774333,Not At Intersection,Not a Cyclist,Travel Lane,Not a Cyclist,Not Applicable,Not a Cyclist,55,55 MPH,0,No Controls,1,"Two-Way, Not Divided",41039000100,Census Tract 1,76383.0,5182,84.33037437282903,0.6754148977228869,9.031262060980316,3.2013969732246803
410048,1,58,Female,Pedestrian,2019,March,Sunday,7:00pm-7:59pm,Dark - Not Lighted,Clear,Urban,Principal Arterial - Other,Not an Intersection,On Roadway,None / Unknown,42.23085278,-121.7711861,Not At Intersection,Not a Cyclist,Travel Lane,Not a Cyclist,Not Applicable,Not a Cyclist,35,35 MPH,0,No Controls,5,"Two-Way, Not Divided With a Continuous Left-Turn Lane",41035971700,Census Tract 9717,42656.0,3708,69.09385113268608,0.026968716289104636,21.709816612729234,5.409705648369132
410051,1,52,Female,Pedestrian,2019,April,Wednesday,5:00pm-5:59pm,Daylight,Clear,Urban,Minor Arterial,T-Intersection,On Roadway,None / Unknown,45.34898611,-122.596675,At Intersection,Not a Cyclist,Crosswalk Area,Not a Cyclist,Not Derived/Unknown Initial Direction of Travel,Not a Cyclist,30,30 MPH,2,Traffic control signal (on colors) with Pedestrian Signal,5,"Two-Way, Not Divided With a Continuous Left-Turn Lane",41005022502,Census Tract 225.02,74826.0,4275,93.38011695906432,0.0,3.181286549707602,3.2747603833865817
410052,1,79,Male,Bicyclist,2019,April,Sunday,4:00pm-4:59pm,Daylight,Clear,Rural,Principal Arterial - Other,Not an Intersection,On Roadway,None / Unknown,44.12303611,-122.3974833,Not a Pedestrian,Not At Intersection,Not a Pedestrian,Travel Lane,Not a Pedestrian,With Traffic,55,55 MPH,0,No Controls,1,"Two-Way, Not Divided",41039000100,Census Tract 1,76383.0,5182,84.33037437282903,0.6754148977228869,9.031262060980316,3.2013969732246803
410058,1,48,Male,Pedestrian,2019,April,Friday,0:00am-0:59am,Dark - Not Lighted,Cloudy,Urban,Interstate,Not an Intersection,On Roadway,None / Unknown,44.64130278,-123.0627028,Not At Intersection,Not a Cyclist,Travel Lane,Not a Cyclist,Not Applicable,Not a Cyclist,65,65 MPH,0,No Controls,3,"Two-Way,  Divided, Positive  Median Barrier",41043020500,Census Tract 205,60536.0,4696,58.96507666098807,1.298977853492334,36.32879045996592,9.58354239839438
410059,1,53,Female,Pedestrian,2019,April,Friday,2:00pm-2:59pm,Daylight,Not Reported,Urban,Principal Arterial - Other,Four-Way Intersection,On Roadway,None / Unknown,45.53506944,-122.660625,At Intersection,Not a Cyclist,Crosswalk Area,Not a Cyclist,Northbound,Not a Cyclist,98,Not Reported,2,Traffic control signal (on colors) with Pedestrian Signal,4,One-Way Trafficway,41051002303,Census Tract 23.03,55673.0,3710,68.4366576819407,7.52021563342318,9.326145552560646,33.648840511121634
410061,1,77,Male,Pedestrian,2019,April,Thursday,0:00am-0:59am,Dark - Lighted,Cloudy,Urban,Principal Arterial - Other,Not an Intersection,On Roadway,None / Unknown,45.56811111,-122.5963389,Not At Intersection,Not a Cyclist,Travel Lane,Not a Cyclist,Not Applicable,Not a Cyclist,40,40 MPH,0,No Controls,5,"Two-Way, Not Divided With a Continuous Left-Turn Lane",41051007300,Census Tract 73,40893.0,1362,56.093979441997064,10.719530102790015,14.170337738619676,22.18045112781955
410064,1,38,Male,Pedestrian,2019,May,Saturday,11:00pm-11:59pm,Dark - Not Lighted,Clear,Rural,Major Collector,Not an Intersection,On Roadway,None / Unknown,44.163575,-123.3430778,Not At Intersection,Not a Cyclist,Travel Lane,Not a Cyclist,Not Applicable,Not a Cyclist,55,55 MPH,0,No Controls,1,"Two-Way, Not Divided",41039000402,Census Tract 4.02,84119.0,4011,85.48990276738968,0.5235602094240838,3.3408127648965342,10.730478589420656
410066,1,21,Male,Pedestrian,2019,April,Sunday,4:00am-4:59am,Dark - Not Lighted,Cloudy,Urban,Principal Arterial - Other,Not an Intersection,On Roadway,None / Unknown,46.09329722,-122.948325,Not At Intersection,Not a Cyclist,Travel Lane,Not a Cyclist,Not Applicable,Not a Cyclist,45,45 MPH,0,No Controls,1,"Two-Way, Not Divided",41009970300,Census Tract 9703,63333.0,4508,85.6477373558119,0.554569653948536,4.547471162377994,4.252303330970943
410070,1,71,Male,Bicyclist,2019,June,Tuesday,8:00pm-8:59pm,Daylight,Clear,Urban,Principal Arterial - Other,Not an Intersection,On Roadway,None / Unknown,45.41706944,-122.7887833,Not a Pedestrian,Not At Intersection,Not a Pedestrian,Travel Lane,Not a Pedestrian,With Traffic,35,35 MPH,0,No Controls,5,"Two-Way, Not Divided With a Continuous Left-Turn Lane",41067030801,Census Tract 308.01,85950.0,6622,72.3044397463002,1.7668378133494411,12.745394140742977,10.353154240869303
410078,1,26,Male,Pedestrian,2019,May,Wednesday,11:00pm-11:59pm,Dark - Not Lighted,Cloudy,Urban,Interstate,Not an Intersection,On Roadway,None / Unknown,44.06122778,-123.0845583,Not At Intersection,Not a Cyclist,Travel Lane,Not a Cyclist,Not Applicable,Not a Cyclist,55,55 MPH,0,No Controls,3,"Two-Way,  Divided, Positive  Median Barrier",41039003000,Census Tract 30,101364.0,4636,81.92407247627264,0.08628127696289906,8.714408973252805,1.956745623069001
410094,1,32,Female,Pedestrian,2019,March,Sunday,2:00am-2:59am,Dark - Not Lighted,Clear,Urban,Principal Arterial - Other,Not an Intersection,On Roadway,None / Unknown,45.40574722,-122.293875,Not At Intersection,Not a Cyclist,Travel Lane,Not a Cyclist,Not Applicable,Not a Cyclist,50,50 MPH,0,No Controls,3,"Two-Way,  Divided, Positive  Median Barrier",41005023401,Census Tract 234.01,115200.0,4726,81.86627168853153,0.14811680067710536,8.463817181548878,3.7833190025795354
410095,1,78,Male,Pedestrian,2019,January,Friday,7:00am-7:59am,Dark - Lighted,Cloudy,Urban,Major Collector,Not an Intersection,On Roadway,None / Unknown,45.51759444,-122.6816444,Not At Intersection,Not a Cyclist,Travel Lane,Not a Cyclist,Not Applicable,Not a Cyclist,98,Not Reported,97,Not Reported,1,"Two-Way, Not Divided",41051010602,Census Tract 106.02,,1963,68.31380539989811,13.90728476821192,10.74885379521141,47.64150943396226
410096,1,34,Female,Pedestrian,2019,January,Saturday,2:00pm-2:59pm,Daylight,Cloudy,Urban,Minor Arterial,Not an Intersection,On Roadside,None / Unknown,45.55319722,-122.4877083,Not At Intersection,Not a Cyclist,Sidewalk / Shared-Use Path / Driveway Access,Not a Cyclist,Not Applicable,Not a Cyclist,98,Not Reported,97,Not Reported,5,"Two-Way, Not Divided With a Continuous Left-Turn Lane",41051010200,Census Tract 102,95268.0,7520,45.71808510638298,9.654255319148936,32.726063829787236,3.4812454032851186
410102,1,80,Female,Pedestrian,2019,February,Friday,5:00pm-5:59pm,Dark - Lighted,Rain,Rural,Principal Arterial - Other,Four-Way Intersection,On Roadway,None / Unknown,45.42699722,-117.2851667,At Intersection,Not a Cyclist,Crosswalk Area,Not a Cyclist,Southbound,Not a Cyclist,25,25 MPH,97,Not Reported,1,"Two-Way, Not Divided",41063960300,Census Tract 9603,63625.0,3428,92.6196032672112,1.0210035005834306,1.691948658109685,6.1704834605597965
410102,2,40,Female,Pedestrian,2019,February,Friday,5:00pm-5:59pm,Dark - Lighted,Rain,Rural,Principal Arterial - Other,Four-Way Intersection,On Roadway,None / Unknown,45.42699722,-117.2851667,At Intersection,Not a Cyclist,Crosswalk Area,Not a Cyclist,Southbound,Not a Cyclist,25,25 MPH,97,Not Reported,1,"Two-Way, Not Divided",41063960300,Census Tract 9603,63625.0,3428,92.6196032672112,1.0210035005834306,1.691948658109685,6.1704834605597965
410110,1,54,Male,Bicyclist,2019,January,Saturday,1:00pm-1:59pm,Not Reported,Clear,Urban,Principal Arterial - Other,Not an Intersection,On Roadway,None / Unknown,45.70573889,-122.8722333,Not a Pedestrian,Not At Intersection,Not a Pedestrian,Travel Lane,Not a Pedestrian,Unknown,55,55 MPH,97,Not Reported,1,"Two-Way, Not Divided",41051007100,Census Tract 71,94205.0,2518,82.12867355043686,0.0,7.664813343923749,9.435707678075856
410114,1,52,Male,Pedestrian,2019,February,Monday,8:00pm-8:59pm,Dark - Lighted,Rain,Urban,Principal Arterial - Other,T-Intersection,On Roadway,None / Unknown,45.49314167,-122.8604194,At Intersection,Not a Cyclist,Crosswalk Area,Not a Cyclist,Not Derived/Unknown Initial Direction of Travel,Not a Cyclist,35,35 MPH,1,Traffic control signal (on colors) without Pedestrian Signal,1,"Two-Way, Not Divided",41067031624,Census Tract 316.24,85469.0,4489,52.23880597014925,1.871240810871018,29.249276008019603,10.227711308375145
410118,1,59,Male,Pedestrian,2019,March,Saturday,6:00pm-6:59pm,Daylight,Not Reported,Urban,Principal Arterial - Other,Not an Intersection,On Roadway,None / Unknown,45.51995278,-123.0208694,Not At Intersection,Not a Cyclist,Travel Lane,Not a Cyclist,Not Applicable,Not a Cyclist,45,45 MPH,97,Not Reported,1,"Two-Way, Not Divided",41067032904,Census Tract 329.04,88260.0,4904,48.858075040783035,2.569331158238173,43.719412724306686,7.401869158878505
410119,1,68,Female,Pedestrian,2019,March,Tuesday,3:00pm-3:59pm,Daylight,Cloudy,Urban,Minor Arterial,Not an Intersection,On Roadway,None / Unknown,44.99689167,-123.0262278,Not At Intersection,Not a Cyclist,Sidewalk / Shared-Use Path / Driveway Access,Not a Cyclist,Not Applicable,Not a Cyclist,30,30 MPH,97,Not Reported,5,"Two-Way, Not Divided With a Continuous Left-Turn Lane",41047001502,Census Tract 15.02,78722.0,5924,61.1917623227549,0.0,30.047265361242403,2.6694766420793816
410126,1,82,Female,Pedestrian,2019,April,Wednesday,10:00pm-10:59pm,Dark - Lighted,Rain,Urban,Major Collector,Four-Way Intersection,On Roadway,None / Unknown,45.59513056,-122.742175,At Intersection,Not a Cyclist,Crosswalk Area,Not a Cyclist,Not Derived/Unknown Initial Direction of Travel,Not a Cyclist,98,Not Reported,0,No Controls,1,"Two-Way, Not Divided",41051004103,Census Tract 41.03,89730.0,4159,50.5890839144025,14.42654484251022,15.700889636931956,6.666666666666667
410127,1,69,Female,Pedestrian,2019,April,Wednesday,3:00pm-3:59pm,Daylight,Rain,Urban,Minor Collector,Not an Intersection,On Roadway,None / Unknown,45.40353056,-122.6984556,Not At Intersection,Not a Cyclist,Travel Lane,Not a Cyclist,Not Applicable,Not a Cyclist,25,25 MPH,0,No Controls,1,"Two-Way, Not Divided",41005020404,Census Tract 204.04,185842.0,3997,83.96297222917188,0.0,2.5769326995246438,1.627384960718294
410134,1,64,Female,Pedestrian,2019,May,Sunday,11:00pm-11:59pm,Dark - Not Lighted,Clear,Rural,Major Collector,Not an Intersection,On Roadway,None / Unknown,44.82438333,-123.1884556,Not At Intersection,Not a Cyclist,Travel Lane,Not a Cyclist,Not Applicable,Not a Cyclist,55,55 MPH,0,No Controls,1,"Two-Way, Not Divided",41053020306,Census Tract 203.06,115536.0,1939,74.88396080453842,0.0,24.290871583290354,4.048582995951417
410134,2,71,Male,Pedestrian,2019,May,Sunday,11:00pm-11:59pm,Dark - Not Lighted,Clear,Rural,Major Collector,Not an Intersection,On Roadway,None / Unknown,44.82438333,-123.1884556,Not At Intersection,Not a Cyclist,Travel Lane,Not a Cyclist,Not Applicable,Not a Cyclist,55,55 MPH,0,No Controls,1,"Two-Way, Not Divided",41053020306,Census Tract 203.06,115536.0,1939,74.88396080453842,0.0,24.290871583290354,4.048582995951417
410141,1,81,Male,Pedestrian,2019,June,Thursday,1:00pm-1:59pm,Daylight,Clear,Rural,Minor Collector,Not an Intersection,On Roadway,None / Unknown,42.94801667,-123.3057833,Not At Intersection,Not a Cyclist,Travel Lane,Not a Cyclist,Not Applicable,Not a Cyclist,45,45 MPH,0,No Controls,1,"Two-Way, Not Divided",41019200000,Census Tract 2000,46493.0,5116,79.57388584831901,0.3127443315089914,9.089132134480064,4.550625711035267
410148,1,36,Male,Pedestrian,2019,June,Saturday,3:00am-3:59am,Dark - Not Lighted,Clear,Urban,Principal Arterial - Other,T-Intersection,On Roadway,None / Unknown,42.20643611,-121.7338194,Intersection-Related,Not a Cyclist,Other/Unknown,Not a Cyclist,Not Derived/Unknown Initial Direction of Travel,Not a Cyclist,35,35 MPH,97,Not Reported,1,"Two-Way, Not Divided",41035971300,Census Tract 9713,53558.0,6144,76.69270833333334,0.016276041666666664,14.615885416666666,0.0
410150,1,45,Male,Pedestrian,2019,June,Tuesday,8:00pm-8:59pm,Dusk,Clear,Rural,Principal Arterial - Other,Not an Intersection,On Shoulder,Construction,42.18089722,-121.6495056,Not At Intersection,Not a Cyclist,Unpaved Right-of-Way,Not a Cyclist,Not Applicable,Not a Cyclist,55,55 MPH,97,Not Reported,1,"Two-Way, Not Divided",41035971000,Census Tract 9710,102639.0,2335,88.26552462526766,0.0,1.670235546038544,0.19230769230769232
410155,1,19,Female,Pedestrian,2019,April,Monday,11:00pm-11:59pm,Dark - Unknown Lighting,Rain,Rural,Interstate,Not an Intersection,On Roadway,None / Unknown,44.38442778,-123.0615722,Not At Intersection,Not a Cyclist,Travel Lane,Not a Cyclist,Not Applicable,Not a Cyclist,65,65 MPH,97,Not Reported,3,"Two-Way,  Divided, Positive  Median Barrier",41043030600,Census Tract 306,72561.0,7701,84.15790157122451,0.09089728606674458,8.700168809245552,1.4642082429501084
410156,1,32,Male,Pedestrian,2019,June,Sunday,3:00am-3:59am,Dark - Lighted,Clear,Urban,Major Collector,T-Intersection,On Roadway,None / Unknown,45.46866944,-122.5829306,At Intersection,Not a Cyclist,Other/Unknown,Not a Cyclist,Not Derived/Unknown Initial Direction of Travel,Not a Cyclist,30,30 MPH,97,Not Reported,1,"Two-Way, Not Divided",41051008600,Census Tract 86,60268.0,4070,60.63882063882063,1.6461916461916464,12.702702702702704,17.85209609043806
410160,1,61,Male,Pedestrian,2019,June,Saturday,10:00pm-10:59pm,Dark - Not Lighted,Clear,Urban,Interstate,Not an Intersection,On Roadway,None / Unknown,42.47311944,-123.3421111,Not At Intersection,Not a Cyclist,Travel Lane,Not a Cyclist,Not Applicable,Not a Cyclist,65,65 MPH,97,Not Reported,3,"Two-Way,  Divided, Positive  Median Barrier",41033360602,Census Tract 3606.02,75556.0,3471,93.54652837798905,0.0,1.8150388936905792,0.0
410172,1,34,Male,Pedestrian,2019,July,Monday,5:00am-5:59am,Dark - Not Lighted,Clear,Urban,Interstate,Not an Intersection,On Roadway,None / Unknown,45.41159444,-122.572575,Not At Intersection,Not a Cyclist,Travel Lane,Not a Cyclist,Not Applicable,Not a Cyclist,55,55 MPH,97,Not Reported,3,"Two-Way,  Divided, Positive  Median Barrier",41005022108,Census Tract 221.08,72345.0,3665,69.44065484311051,2.1828103683492497,16.75306957708049,14.954221770091555
410174,1,37,Female,Bicyclist,2019,July,Monday,3:00am-3:59am,Dark - Not Lighted,Clear,Rural,Local,Not an Intersection,On Roadway,None / Unknown,45.01025278,-122.9723583,Not a Pedestrian,Not At Intersection,Not a Pedestrian,Travel Lane,Not a Pedestrian,Unknown,55,55 MPH,97,Not Reported,1,"Two-Way, Not Divided",41047002502,Census Tract 25.02,79474.0,5713,59.110799929984246,0.0,34.605286189392615,1.1252813203300824
410183,1,48,Female,Pedestrian,2019,July,Wednesday,5:00am-5:59am,Dark - Lighted,Clear,Urban,Interstate,Not an Intersection,On Roadway,None / Unknown,45.541375,-122.4773167,Not At Intersection,Not a Cyclist,Travel Lane,Not a Cyclist,Not Applicable,Not a Cyclist,45,45 MPH,0,No Controls,3,"Two-Way,  Divided, Positive  Median Barrier",41051009605,Census Tract 96.05,64583.0,6255,41.183053557154274,11.91047162270184,27.865707434052755,6.273644388398488
410194,1,37,Male,Pedestrian,2019,August,Sunday,9:00pm-9:59pm,Dark - Not Lighted,Clear,Rural,Principal Arterial - Other,Not an Intersection,On Roadway,None / Unknown,43.20960556,-123.2537556,Not At Intersection,Not a Cyclist,Travel Lane,Not a Cyclist,Not Applicable,Not a Cyclist,55,55 MPH,0,No Controls,1,"Two-Way, Not Divided",41019110000,Census Tract 1100,78961.0,3090,93.55987055016182,0.0,2.7184466019417477,0.5035246727089627
410196,1,59,Female,Pedestrian,2019,August,Monday,6:00am-6:59am,Daylight,Clear,Urban,Principal Arterial - Other,T-Intersection,On Roadway,None / Unknown,44.93018056,-123.0425361,At Intersection,Not a Cyclist,Crosswalk Area,Not a Cyclist,Westbound,Not a Cyclist,30,30 MPH,2,Traffic control signal (on colors) with Pedestrian Signal,1,"Two-Way, Not Divided",41047001200,Census Tract 12,62803.0,3833,72.71067049308635,2.321941038351161,19.87998956430994,5.155210643015521
410240,1,27,Male,Person on Personal Conveyances,2019,September,Sunday,8:00pm-8:59pm,Dark - Lighted,Reported as Unknown,Urban,Principal Arterial - Other,Not an Intersection,On Roadway,None / Unknown,45.56935556,-122.6143167,Not At Intersection,Not a Cyclist,Travel Lane,Not a Cyclist,Not Applicable,Not a Cyclist,98,Not Reported,97,Not Reported,1,"Two-Way, Not Divided",41051007400,Census Tract 74,69125.0,3829,44.13685035257247,27.108905719509007,17.60250718203186,11.212938005390836
410253,1,55,Male,Pedestrian,2019,October,Wednesday,8:00pm-8:59pm,Dark - Lighted,Cloudy,Urban,Minor Arterial,Four-Way Intersection,On Roadway,None / Unknown,45.45676389,-122.5751278,At Intersection,Not a Cyclist,Intersection Area,Not a Cyclist,Southbound,Not a Cyclist,35,35 MPH,97,Not Reported,1,"Two-Way, Not Divided",41005022201,Census Tract 222.01,33579.0,5706,64.33578689099194,2.4710830704521554,22.57273045916579,13.693467336683419
410255,1,41,Male,Pedestrian,2019,October,Thursday,6:00pm-6:59pm,Dark - Lighted,Rain,Urban,Interstate,Not an Intersection,On Roadway,None / Unknown,45.54625556,-122.6780667,Not At Intersection,Not a Cyclist,Travel Lane,Not a Cyclist,Not Applicable,Not a Cyclist,50,50 MPH,97,Not Reported,3,"Two-Way,  Divided, Positive  Median Barrier",41051002203,Census Tract 22.03,87500.0,4492,72.1059661620659,10.418521816562778,6.967943009795191,12.270363951473136
410258,1,20,Male,Pedestrian,2019,October,Thursday,7:00am-7:59am,Dawn,Cloudy,Urban,Principal Arterial - Other,Four-Way Intersection,On Roadway,None / Unknown,45.40796389,-122.55865,At Intersection,Not a Cyclist,Crosswalk Area,Not a Cyclist,Westbound,Not a Cyclist,35,35 MPH,2,Traffic control signal (on colors) with Pedestrian Signal,1,"Two-Way, Not Divided",41005022108,Census Tract 221.08,72345.0,3665,69.44065484311051,2.1828103683492497,16.75306957708049,14.954221770091555
410270,1,55,Female,Pedestrian,2019,January,Tuesday,8:00pm-8:59pm,Dark - Not Lighted,Clear,Urban,Major Collector,Not an Intersection,On Roadway,None / Unknown,45.52946667,-122.4336361,Not At Intersection,Not a Cyclist,Travel Lane,Not a Cyclist,Not Applicable,Not a Cyclist,35,35 MPH,97,Not Reported,5,"Two-Way, Not Divided With a Continuous Left-Turn Lane",41051010102,Census Tract 101.02,77273.0,4326,55.64031437817846,5.085529357374018,28.61766065649561,11.165048543689322
410271,1,66,Male,Pedestrian,2019,January,Friday,5:00pm-5:59pm,Dark - Lighted,Clear,Urban,Minor Arterial,Not an Intersection,On Roadway,None / Unknown,45.78208056,-122.9018833,Not At Intersection,Not a Cyclist,Travel Lane,Not a Cyclist,Not Applicable,Not a Cyclist,45,45 MPH,97,Not Reported,1,"Two-Way, Not Divided",41009971000,Census Tract 9710,111419.0,5867,88.2563490710755,0.03408897221748764,6.3405488324527015,3.407880724174654
410272,1,38,Female,Pedestrian,2019,January,Saturday,7:00pm-7:59pm,Dark - Lighted,Clear,Urban,Principal Arterial - Other,T-Intersection,On Roadway,None / Unknown,45.53068333,-122.9644639,At Intersection,Not a Cyclist,Crosswalk Area,Not a Cyclist,Westbound,Not a Cyclist,98,Not Reported,20,Stop Sign,1,"Two-Way, Not Divided",41067032606,Census Tract 326.06,72791.0,5192,59.59167950693375,0.057781201848998466,32.74268104776579,2.0425531914893615
410272,2,47,Male,Pedestrian,2019,January,Saturday,7:00pm-7:59pm,Dark - Lighted,Clear,Urban,Principal Arterial - Other,T-Intersection,On Roadway,None / Unknown,45.53068333,-122.9644639,At Intersection,Not a Cyclist,Crosswalk Area,Not a Cyclist,Westbound,Not a Cyclist,98,Not Reported,20,Stop Sign,1,"Two-Way, Not Divided",41067032606,Census Tract 326.06,72791.0,5192,59.59167950693375,0.057781201848998466,32.74268104776579,2.0425531914893615
410280,1,85,Female,Pedestrian,2019,March,Tuesday,6:00am-6:59am,Dawn,Clear,Urban,Major Collector,Four-Way Intersection,On Roadway,None / Unknown,45.46413611,-122.7231528,At Intersection,Not a Cyclist,Crosswalk Area,Not a Cyclist,Not Derived/Unknown Initial Direction of Travel,Not a Cyclist,98,Not Reported,97,Not Reported,1,"Two-Way, Not Divided",41051006501,Census Tract 65.01,141808.0,6051,83.75475128078004,1.619567013716741,4.51165096678235,4.090121317157712
410283,1,48,Male,Pedestrian,2019,April,Sunday,0:00am-0:59am,Dark - Lighted,Rain,Urban,Principal Arterial - Other,Four-Way Intersection,On Roadway,None / Unknown,45.497375,-122.5666222,At Intersection,Not a Cyclist,Crosswalk Area,Not a Cyclist,Southbound,Not a Cyclist,35,35 MPH,97,Not Reported,1,"Two-Way, Not Divided",41051008301,Census Tract 83.01,64886.0,4114,40.37433155080214,10.646572678658242,7.073407875546913,22.07916070577015
410284,1,28,Female,Pedestrian,2019,April,Monday,5:00am-5:59am,Dark - Not Lighted,Not Reported,Urban,Principal Arterial - Other,Not an Intersection,On Roadway,None / Unknown,44.62936111,-123.0511333,Not At Intersection,Not a Cyclist,Travel Lane,Not a Cyclist,Not Applicable,Not a Cyclist,98,Not Reported,97,Not Reported,5,"Two-Way, Not Divided With a Continuous Left-Turn Lane",41043020103,Census Tract 201.03,75804.0,2918,80.26045236463331,0.205620287868403,14.15352981494174,4.163512490537472
410285,1,37,Female,Pedestrian,2019,April,Monday,5:00am-5:59am,Dark - Not Lighted,Rain,Urban,Principal Arterial - Other,Four-Way Intersection,On Roadway,None / Unknown,42.42325833,-122.8518972,Intersection-Related,Not a Cyclist,Other/Unknown,Not a Cyclist,Not Derived/Unknown Initial Direction of Travel,Not a Cyclist,98,Not Reported,2,Traffic control signal (on colors) with Pedestrian Signal,1,"Two-Way, Not Divided",41029001301,Census Tract 13.01,68333.0,5767,67.79954915900815,0.1387203051846714,27.709380960638114,0.5323505323505323
410287,1,25,Male,Pedestrian,2019,April,Sunday,Unknown Hours,Reported as Unknown,Not Reported,Rural,Minor Collector,Not an Intersection,On Roadway,None / Unknown,45.18756389,-122.5926611,Not At Intersection,Not a Cyclist,Travel Lane,Not a Cyclist,Not Applicable,Not a Cyclist,98,Not Reported,97,Not Reported,1,"Two-Way, Not Divided",41005023800,Census Tract 238,110688.0,7171,70.91061218797935,0.0,22.27025519453354,1.126488574187319
410296,1,63,Male,Pedestrian,2019,May,Wednesday,11:00am-11:59am,Daylight,Not Reported,Rural,Principal Arterial - Other,Not an Intersection,On Roadway,None / Unknown,43.63862222,-123.5447111,Not At Intersection,Not a Cyclist,Travel Lane,Not a Cyclist,Not Applicable,Not a Cyclist,98,Not Reported,97,Not Reported,1,"Two-Way, Not Divided",41019030000,Census Tract 300,61250.0,4179,86.24072744675759,0.0,3.7329504666188082,2.413793103448276
410303,1,27,Male,Pedestrian,2019,June,Tuesday,2:00pm-2:59pm,Daylight,Clear,Urban,Principal Arterial - Other,Four-Way Intersection,On Roadway,None / Unknown,44.94034167,-123.0253361,At Intersection,Not a Cyclist,Crosswalk Area,Not a Cyclist,Southbound,Not a Cyclist,30,30 MPH,2,Traffic control signal (on colors) with Pedestrian Signal,4,One-Way Trafficway,41047000600,Census Tract 6,54216.0,4569,68.35193696651346,1.4226307725979426,22.368133070693805,10.546541417591802
410305,1,82,Female,Pedestrian,2019,June,Thursday,8:00pm-8:59pm,Dark - Not Lighted,Not Reported,Urban,Minor Arterial,Four-Way Intersection,On Roadway,None / Unknown,45.48695833,-122.590275,At Intersection,Not a Cyclist,Crosswalk Area,Not a Cyclist,Not Derived/Unknown Initial Direction of Travel,Not a Cyclist,98,Not Reported,97,Not Reported,5,"Two-Way, Not Divided With a Continuous Left-Turn Lane",41051000502,Census Tract 5.02,84900.0,4751,62.32372132182699,3.3677120606188176,16.901704904230687,11.130804679191776
410313,1,49,Male,Pedestrian,2019,July,Sunday,9:00pm-9:59pm,Dark - Lighted,Clear,Urban,Principal Arterial - Other,Four-Way Intersection,On Roadway,None / Unknown,45.51745556,-122.9739417,At Intersection,Not a Cyclist,Crosswalk Area,Not a Cyclist,Not Derived/Unknown Initial Direction of Travel,Not a Cyclist,98,Not Reported,2,Traffic control signal (on colors) with Pedestrian Signal,5,"Two-Way, Not Divided With a Continuous Left-Turn Lane",41067032409,Census Tract 324.09,61912.0,4841,27.82482958066515,3.2018178062383806,65.02788680024788,5.013927576601671
410314,1,22,Female,Pedestrian,2019,July,Wednesday,1:00am-1:59am,Dark - Unknown Lighting,Not Reported,Urban,Principal Arterial - Other,T-Intersection,On Roadway,None / Unknown,45.53366111,-122.5181028,At Intersection,Not a Cyclist,Crosswalk Area,Not a Cyclist,Not Derived/Unknown Initial Direction of Travel,Not a Cyclist,98,Not Reported,97,Not Reported,5,"Two-Way, Not Divided With a Continuous Left-Turn Lane",41051009302,Census Tract 93.02,65779.0,4848,63.07755775577558,7.2607260726072615,10.045379537953796,7.9055826152116895
410317,1,38,Female,Bicyclist,2019,August,Friday,10:00pm-10:59pm,Dark - Not Lighted,Not Reported,Urban,Minor Arterial,Not an Intersection,On Roadway,None / Unknown,44.06749722,-123.2084528,Not a Pedestrian,Not At Intersection,Not a Pedestrian,Travel Lane,Not a Pedestrian,With Traffic,98,Not Reported,97,Not Reported,1,"Two-Way, Not Divided",41039001001,Census Tract 10.01,58430.0,2652,79.26093514328808,0.301659125188537,11.689291101055806,1.1807447774750226
410319,1,25,Male,Pedestrian,2019,August,Thursday,10:00pm-10:59pm,Not Reported,Not Reported,Rural,Local,Not an Intersection,On Roadway,None / Unknown,45.02976389,-122.9411139,Not At Intersection,Not a Cyclist,Travel Lane,Not a Cyclist,Not Applicable,Not a Cyclist,98,Not Reported,97,Not Reported,1,"Two-Way, Not Divided",41047002502,Census Tract 25.02,79474.0,5713,59.110799929984246,0.0,34.605286189392615,1.1252813203300824
410323,1,66,Male,Pedestrian,2019,August,Wednesday,9:00pm-9:59pm,Dark - Not Lighted,Clear,Rural,Principal Arterial - Other,Not an Intersection,On Roadway,None / Unknown,44.42136111,-121.1990444,Not At Intersection,Not a Cyclist,Travel Lane,Not a Cyclist,Not Applicable,Not a Cyclist,55,55 MPH,97,Not Reported,1,"Two-Way, Not Divided",41031960304,Census Tract 9603.04,79063.0,2940,51.73469387755102,3.7755102040816326,33.91156462585034,1.6709511568123392
410326,1,41,Female,Pedestrian,2019,August,Saturday,2:00am-2:59am,Dark - Lighted,Not Reported,Urban,Principal Arterial - Other,Not an Intersection,On Roadway,None / Unknown,45.84762222,-119.3675972,Not At Intersection,Not a Cyclist,Travel Lane,Not a Cyclist,Not Applicable,Not a Cyclist,98,Not Reported,97,Not Reported,2,"Two-Way, Divided, Unprotected Median",41059951000,Census Tract 9510,62868.0,6492,48.93715341959334,0.15403573629081946,44.03881700554529,3.374849337083166
410327,1,46,Male,Pedestrian,2019,September,Saturday,8:00pm-8:59pm,Dark - Lighted,Clear,Urban,Principal Arterial - Other,Four-Way Intersection,On Roadway,None / Unknown,45.92457778,-118.3825528,At Intersection,Not a Cyclist,Crosswalk Area,Not a Cyclist,Not Derived/Unknown Initial Direction of Travel,Not a Cyclist,25,25 MPH,4,Flashing Traffic Control Signal,5,"Two-Way, Not Divided With a Continuous Left-Turn Lane",41059950202,Census Tract 9502.02,41925.0,3984,55.22088353413655,0.0,41.390562248995984,0.0
410331,1,44,Male,Pedestrian,2019,September,Wednesday,5:00am-5:59am,Dark - Unknown Lighting,Not Reported,Urban,Interstate,Not an Intersection,On Roadway,None / Unknown,45.53998333,-122.4426972,Not At Intersection,Not a Cyclist,Travel Lane,Not a Cyclist,Not Applicable,Not a Cyclist,98,Not Reported,97,Not Reported,3,"Two-Way,  Divided, Positive  Median Barrier",41051010200,Census Tract 102,95268.0,7520,45.71808510638298,9.654255319148936,32.726063829787236,3.4812454032851186
410334,1,49,Male,Pedestrian,2019,September,Friday,8:00pm-8:59pm,Dark - Lighted,Clear,Urban,Principal Arterial - Other,Not an Intersection,On Roadway,None / Unknown,46.19044722,-123.8361083,Not At Intersection,Not a Cyclist,Travel Lane,Not a Cyclist,Not Applicable,Not a Cyclist,20,20 MPH,0,No Controls,1,"Two-Way, Not Divided",41007950200,Census Tract 9502,80784.0,3880,81.49484536082474,0.25773195876288657,9.690721649484537,16.93548387096774
410348,1,77,Male,Pedestrian,2019,August,Wednesday,4:00am-4:59am,Dark - Not Lighted,Clear,Rural,Principal Arterial - Other,Not an Intersection,On Roadway,None / Unknown,43.52904722,-119.832425,Not At Intersection,Not a Cyclist,Travel Lane,Not a Cyclist,Not Applicable,Not a Cyclist,60,60 MPH,0,No Controls,1,"Two-Way, Not Divided",41025960102,Census Tract 9601.02,40471.0,2888,82.40997229916897,0.7963988919667591,6.85595567867036,10.860121633362294
410348,2,61,Male,Pedestrian,2019,August,Wednesday,4:00am-4:59am,Dark - Not Lighted,Clear,Rural,Principal Arterial - Other,Not an Intersection,On Roadway,None / Unknown,43.52904722,-119.832425,Not At Intersection,Not a Cyclist,Travel Lane,Not a Cyclist,Not Applicable,Not a Cyclist,60,60 MPH,0,No Controls,1,"Two-Way, Not Divided",41025960102,Census Tract 9601.02,40471.0,2888,82.40997229916897,0.7963988919667591,6.85595567867036,10.860121633362294
410353,1,88,Male,Pedestrian,2019,February,Monday,6:00pm-6:59pm,Dark - Lighted,Clear,Urban,Major Collector,T-Intersection,On Roadway,None / Unknown,44.02566667,-116.9684972,At Intersection,Not a Cyclist,Crosswalk Area,Not a Cyclist,Not Derived/Unknown Initial Direction of Travel,Not a Cyclist,25,25 MPH,2,Traffic control signal (on colors) with Pedestrian Signal,1,"Two-Way, Not Divided",41045970400,Census Tract 9704,32604.0,5131,48.04131748197232,0.2533619177548236,48.43110504774898,5.090137857900318
410363,1,46,Male,Person on Personal Conveyances,2019,September,Monday,8:00pm-8:59pm,Dark - Not Lighted,Clear,Urban,Principal Arterial - Other,Not an Intersection,On Roadway,None / Unknown,44.09397222,-123.1273611,Not At Intersection,Not a Cyclist,Travel Lane,Not a Cyclist,Not Applicable,Not a Cyclist,98,Not Reported,97,Not Reported,5,"Two-Way, Not Divided With a Continuous Left-Turn Lane",41039002800,Census Tract 28,75948.0,5106,76.71367019193106,3.799451625538582,9.518213866039952,4.299065420560748
410371,1,32,Male,Bicyclist,2019,October,Monday,2:00pm-2:59pm,Daylight,Not Reported,Urban,Principal Arterial - Other,Not an Intersection,On Roadway,None / Unknown,44.55347778,-123.2649778,Not a Pedestrian,Not At Intersection,Not a Pedestrian,Travel Lane,Not a Pedestrian,Unknown,98,Not Reported,97,Not Reported,5,"Two-Way, Not Divided With a Continuous Left-Turn Lane",41003000101,Census Tract 1.01,60409.0,3997,86.1646234676007,0.7755816862646986,8.006004503377532,5.263157894736842
410372,1,30,Male,Pedestrian,2019,October,Saturday,0:00am-0:59am,Dark - Not Lighted,Clear,Urban,Principal Arterial - Other,Not an Intersection,On Roadway,None / Unknown,45.7699,-119.2048306,Not At Intersection,Not a Cyclist,Travel Lane,Not a Cyclist,Not Applicable,Not a Cyclist,45,45 MPH,0,No Controls,1,"Two-Way, Not Divided",41059951300,Census Tract 9513,64712.0,3734,55.35618639528656,0.0,38.6448848419925,2.6168224299065423
410374,1,54,Male,Pedestrian,2019,October,Monday,4:00am-4:59am,Dark - Lighted,Clear,Urban,Principal Arterial - Other,Not an Intersection,On Roadway,None / Unknown,45.52542222,-122.8675528,Not At Intersection,Not a Cyclist,Crosswalk Area,Not a Cyclist,Not Applicable,Not a Cyclist,98,Not Reported,2,Traffic control signal (on colors) with Pedestrian Signal,5,"Two-Way, Not Divided With a Continuous Left-Turn Lane",41067031626,Census Tract 316.26,80993.0,3623,54.87165332597294,0.0,4.471432514490754,1.3169845594913716
410378,1,68,Male,Person on Personal Conveyances,2019,November,Friday,11:00am-11:59am,Daylight,Not Reported,Urban,Minor Arterial,Four-Way Intersection,On Roadway,None / Unknown,45.51904444,-122.4011472,At Intersection,Not a Cyclist,Crosswalk Area,Not a Cyclist,Not Derived/Unknown Initial Direction of Travel,Not a Cyclist,98,Not Reported,97,Not Reported,1,"Two-Way, Not Divided",41051010410,Census Tract 104.10,46236.0,4814,63.190693809721644,1.5579559617781469,26.049023680930617,6.977758395115568
410379,1,86,Male,Pedestrian,2019,November,Sunday,5:00pm-5:59pm,Dark - Lighted,Clear,Urban,Minor Arterial,T-Intersection,On Roadway,None / Unknown,45.46351944,-122.7789333,At Intersection,Not a Cyclist,Crosswalk Area,Not a Cyclist,Eastbound,Not a Cyclist,35,35 MPH,2,Traffic control signal (on colors) with Pedestrian Signal,1,"Two-Way, Not Divided",41067030501,Census Tract 305.01,76320.0,5410,81.38632162661737,1.3863216266173752,10.203327171903883,11.12291888062345
410385,1,60,Female,Pedestrian,2019,November,Monday,6:00pm-6:59pm,Dark - Not Lighted,Not Reported,Urban,Principal Arterial - Other,Not an Intersection,On Roadway,None / Unknown,44.97465,-123.0014972,Not At Intersection,Not a Cyclist,Travel Lane,Not a Cyclist,Not Applicable,Not a Cyclist,40,40 MPH,97,Not Reported,5,"Two-Way, Not Divided With a Continuous Left-Turn Lane",41047000400,Census Tract 4,53686.0,5341,59.42707358172626,0.03744617112900206,30.81819883916869,4.233870967741935
410386,1,33,Male,Pedestrian,2019,November,Monday,5:00pm-5:59pm,Dark - Lighted,Clear,Rural,Interstate,Not an Intersection,On Roadway,None / Unknown,45.67228889,-120.8327833,Not At Intersection,Not a Cyclist,Travel Lane,Not a Cyclist,Not Applicable,Not a Cyclist,65,65 MPH,97,Not Reported,3,"Two-Way,  Divided, Positive  Median Barrier",41055950100,Census Tract 9501,57171.0,1900,87.10526315789474,0.3684210526315789,5.052631578947368,5.323193916349809
410388,1,78,Male,Pedestrian,2019,November,Tuesday,6:00am-6:59am,Dark - Not Lighted,Not Reported,Urban,Minor Arterial,Not an Intersection,On Roadway,None / Unknown,45.54234167,-123.0733056,Not At Intersection,Not a Cyclist,Travel Lane,Not a Cyclist,Not Applicable,Not a Cyclist,98,Not Reported,97,Not Reported,1,"Two-Way, Not Divided",41067033202,Census Tract 332.02,78079.0,4151,54.51698385931101,3.0113225728740063,34.56998313659359,17.86727169597277
410390,1,57,Male,Pedestrian,2019,November,Wednesday,5:00pm-5:59pm,Dark - Not Lighted,Clear,Urban,Principal Arterial - Other,Not an Intersection,On Roadway,None / Unknown,42.28238889,-122.8259694,Not At Intersection,Not a Cyclist,Travel Lane,Not a Cyclist,Not Applicable,Not a Cyclist,35,35 MPH,97,Not Reported,1,"Two-Way, Not Divided",41029001601,Census Tract 16.01,46075.0,4107,74.70172875578281,1.2174336498660823,13.63525687850012,8.083375699034063
410395,1,43,Male,Pedestrian,2019,November,Tuesday,8:00am-8:59am,Daylight,Cloudy,Urban,Interstate,Not an Intersection,On Roadside,None / Unknown,45.54055833,-122.4153306,Not At Intersection,Not a Cyclist,Paved Shoulder / Bicycle Lane / Parking Lane,Not a Cyclist,Not Applicable,Not a Cyclist,60,60 MPH,97,Not Reported,3,"Two-Way,  Divided, Positive  Median Barrier",41051010304,Census Tract 103.04,65208.0,5051,34.90397941001782,6.63235002969709,47.11938230053455,5.680705190989226
410397,1,21,Male,Pedestrian,2019,November,Saturday,4:00pm-4:59pm,Dusk,Clear,Urban,Minor Arterial,T-Intersection,On Roadway,None / Unknown,45.53366111,-122.4663222,At Intersection,Not a Cyclist,Crosswalk Area,Not a Cyclist,Northbound,Not a Cyclist,98,Not Reported,2,Traffic control signal (on colors) with Pedestrian Signal,1,"Two-Way, Not Divided",41051009604,Census Tract 96.04,61320.0,5441,43.39275868406543,6.7818415732402135,36.66605403418489,6.995884773662551
410404,1,72,Male,Pedestrian,2019,December,Wednesday,10:00am-10:59am,Daylight,Cloudy,Urban,Principal Arterial - Other,Four-Way Intersection,On Roadway,None / Unknown,44.94080556,-123.0420917,At Intersection,Not a Cyclist,Crosswalk Area,Not a Cyclist,Not Derived/Unknown Initial Direction of Travel,Not a Cyclist,35,35 MPH,2,Traffic control signal (on colors) with Pedestrian Signal,1,"Two-Way, Not Divided",41047000200,Census Tract 2,51630.0,4225,65.37278106508876,0.5680473372781065,16.023668639053255,26.73956262425447
410406,1,76,Male,Bicyclist,2019,December,Friday,7:00pm-7:59pm,Dark - Lighted,Rain,Urban,Principal Arterial - Other,Not an Intersection,On Roadway,None / Unknown,45.51626667,-122.9739583,Not a Pedestrian,Not At Intersection,Not a Pedestrian,Travel Lane,Not a Pedestrian,Facing Traffic,98,Not Reported,0,No Controls,5,"Two-Way, Not Divided With a Continuous Left-Turn Lane",41067032409,Census Tract 324.09,61912.0,4841,27.82482958066515,3.2018178062383806,65.02788680024788,5.013927576601671
410413,1,40,Male,Pedestrian,2019,December,Monday,1:00pm-1:59pm,Daylight,Not Reported,Urban,Minor Arterial,Not an Intersection,On Roadside,None / Unknown,44.0494,-122.9632806,Not At Intersection,Not a Cyclist,Sidewalk / Shared-Use Path / Driveway Access,Not a Cyclist,Not Applicable,Not a Cyclist,98,Not Reported,97,Not Reported,5,"Two-Way, Not Divided With a Continuous Left-Turn Lane",41039001902,Census Tract 19.02,64224.0,5960,69.56375838926175,0.8389261744966443,18.036912751677853,6.128663875142749
410419,1,27,Male,Pedestrian,2019,December,Sunday,3:00am-3:59am,Dark - Not Lighted,Cloudy,Urban,Principal Arterial - Other,Not an Intersection,On Roadway,None / Unknown,42.29404722,-122.8414278,Not At Intersection,Not a Cyclist,Travel Lane,Not a Cyclist,Not Applicable,Not a Cyclist,45,45 MPH,97,Not Reported,1,"Two-Way, Not Divided",41029000701,Census Tract 7.01,84986.0,5170,77.25338491295938,0.0,15.415860735009671,1.7857142857142856
410420,1,17,Male,Bicyclist,2019,December,Monday,9:00pm-9:59pm,Dark - Not Lighted,Clear,Urban,Minor Arterial,Not an Intersection,On Roadway,None / Unknown,45.49519167,-122.4139306,Not a Pedestrian,Not At Intersection,Not a Pedestrian,Travel Lane,Not a Pedestrian,Not applicable,98,Not Reported,97,Not Reported,1,"Two-Way, Not Divided",41051009907,Census Tract 99.07,90530.0,5597,75.21886725031267,3.6269430051813467,12.042165445774522,5.6772100567721
410421,1,20,Female,Pedestrian,2019,December,Monday,6:00pm-6:59pm,Dark - Lighted,Clear,Urban,Minor Arterial,Four-Way Intersection,On Roadway,None / Unknown,44.04473611,-123.0615556,At Intersection,Not a Cyclist,Crosswalk Area,Not a Cyclist,Southbound,Not a Cyclist,35,35 MPH,2,Traffic control signal (on colors) with Pedestrian Signal,5,"Two-Way, Not Divided With a Continuous Left-Turn Lane",41039003700,Census Tract 37,25813.0,5949,70.06219532694571,2.9416708690536226,11.934778954446125,30.484330484330485
410421,2,20,Male,Pedestrian,2019,December,Monday,6:00pm-6:59pm,Dark - Lighted,Clear,Urban,Minor Arterial,Four-Way Intersection,On Roadway,None / Unknown,44.04473611,-123.0615556,At Intersection,Not a Cyclist,Crosswalk Area,Not a Cyclist,Southbound,Not a Cyclist,35,35 MPH,2,Traffic control signal (on colors) with Pedestrian Signal,5,"Two-Way, Not Divided With a Continuous Left-Turn Lane",41039003700,Census Tract 37,25813.0,5949,70.06219532694571,2.9416708690536226,11.934778954446125,30.484330484330485
410422,1,43,Male,Pedestrian,2019,December,Tuesday,4:00am-4:59am,Dark - Unknown Lighting,Not Reported,Urban,Principal Arterial - Other,Not an Intersection,On Roadway,None / Unknown,45.504575,-122.4756333,Not At Intersection,Not a Cyclist,Travel Lane,Not a Cyclist,Not Applicable,Not a Cyclist,98,Not Reported,97,Not Reported,5,"Two-Way, Not Divided With a Continuous Left-Turn Lane",41051009704,Census Tract 97.04,51602.0,4645,69.34337997847148,0.32292787944025836,15.608180839612487,4.747774480712167
410425,1,32,Male,Pedestrian,2019,December,Friday,6:00am-6:59am,Dark - Not Lighted,Clear,Urban,Principal Arterial - Other,Not an Intersection,On Roadway,None / Unknown,44.10941667,-121.2949528,Not At Intersection,Not a Cyclist,Travel Lane,Not a Cyclist,Not Applicable,Not a Cyclist,45,45 MPH,0,No Controls,1,"Two-Way, Not Divided",41017001200,Census Tract 12,118469.0,8470,84.72255017709564,0.5548996458087367,9.397874852420307,1.6836613706426369
410427,1,54,Male,Pedestrian,2019,December,Friday,6:00am-6:59am,Dark - Lighted,Cloudy,Urban,Principal Arterial - Other,Not an Intersection,On Roadway,None / Unknown,45.53356667,-122.5365361,Not At Intersection,Not a Cyclist,Travel Lane,Not a Cyclist,Not Applicable,Not a Cyclist,35,35 MPH,0,No Controls,5,"Two-Way, Not Divided With a Continuous Left-Turn Lane",41051009302,Census Tract 93.02,65779.0,4848,63.07755775577558,7.2607260726072615,10.045379537953796,7.9055826152116895
410428,1,74,Male,Pedestrian,2019,December,Sunday,0:00am-0:59am,Dark - Not Lighted,Rain,Urban,Principal Arterial - Other,Not an Intersection,On Roadway,None / Unknown,43.33949444,-124.1983639,Not At Intersection,Not a Cyclist,Travel Lane,Not a Cyclist,Not Applicable,Not a Cyclist,98,Not Reported,97,Not Reported,5,"Two-Way, Not Divided With a Continuous Left-Turn Lane",41011000702,Census Tract 7.02,66172.0,3413,74.53852915323762,0.05859947260474656,14.854966305303252,1.0408921933085502
410437,1,48,Male,Bicyclist,2019,October,Thursday,4:00pm-4:59pm,Daylight,Clear,Urban,Principal Arterial - Other,Not an Intersection,On Roadway,None / Unknown,44.98865556,-122.98875,Not a Pedestrian,Not At Intersection,Not a Pedestrian,Travel Lane,Not a Pedestrian,With Traffic,40,40 MPH,97,Not Reported,5,"Two-Way, Not Divided With a Continuous Left-Turn Lane",41047001601,Census Tract 16.01,70996.0,7620,51.01049868766404,1.4960629921259843,39.08136482939633,0.251959686450168
410438,1,34,Female,Pedestrian,2019,October,Friday,10:00pm-10:59pm,Dark - Not Lighted,Clear,Urban,Minor Arterial,Not an Intersection,On Roadway,None / Unknown,44.19853889,-123.2029917,Not At Intersection,Not a Cyclist,Travel Lane,Not a Cyclist,Not Applicable,Not a Cyclist,55,55 MPH,97,Not Reported,5,"Two-Way, Not Divided With a Continuous Left-Turn Lane",41039000404,Census Tract 4.04,75714.0,4342,84.40810686319668,0.1381851681252879,8.544449562413634,2.6987242394504416
410440,1,66,Female,Pedestrian,2019,October,Tuesday,9:00am-9:59am,Daylight,Clear,Urban,Major Collector,Not an Intersection,On Roadway,None / Unknown,45.85112778,-122.8299083,Not At Intersection,Not a Cyclist,Travel Lane,Not a Cyclist,Not Applicable,Not a Cyclist,25,25 MPH,97,Not Reported,1,"Two-Way, Not Divided",41009970800,Census Tract 9708,78730.0,8135,78.19299323909034,0.19668100799016594,14.701905347264905,2.054253357914143
410449,1,68,Male,Pedestrian,2019,October,Friday,6:00am-6:59am,Dark - Unknown Lighting,Not Reported,Urban,Minor Arterial,Not an Intersection,On Roadway,None / Unknown,45.33237778,-122.5872444,Not At Intersection,Not a Cyclist,Travel Lane,Not a Cyclist,Not Applicable,Not a Cyclist,98,Not Reported,97,Not Reported,5,"Two-Way, Not Divided With a Continuous Left-Turn Lane",41005022603,Census Tract 226.03,82781.0,3580,78.12849162011173,2.8770949720670393,12.76536312849162,4.273058884835852
410450,1,30,Male,Pedestrian,2019,November,Thursday,7:00pm-7:59pm,Dark - Not Lighted,Not Reported,Urban,Minor Arterial,Not an Intersection,On Roadway,None / Unknown,42.206425,-121.7376222,Not At Intersection,Not a Cyclist,Travel Lane,Not a Cyclist,Not Applicable,Not a Cyclist,35,35 MPH,0,No Controls,5,"Two-Way, Not Divided With a Continuous Left-Turn Lane",41035971300,Census Tract 9713,53558.0,6144,76.69270833333334,0.016276041666666664,14.615885416666666,0.0
410458,1,45,Female,Pedestrian,2019,November,Monday,11:00pm-11:59pm,Dark - Lighted,Cloudy,Urban,Minor Arterial,Four-Way Intersection,On Roadway,None / Unknown,45.52288056,-122.6434417,At Intersection,Not a Cyclist,Crosswalk Area,Not a Cyclist,Not Derived/Unknown Initial Direction of Travel,Not a Cyclist,30,30 MPH,97,Not Reported,5,"Two-Way, Not Divided With a Continuous Left-Turn Lane",41051002002,Census Tract 20.02,59060.0,3920,58.16326530612245,0.40816326530612246,19.77040816326531,20.63606794362125
410463,1,49,Male,Bicyclist,2019,December,Wednesday,4:00am-4:59am,Dark - Not Lighted,Clear,Rural,Principal Arterial - Other,Not an Intersection,On Roadway,None / Unknown,44.05260278,-123.2552111,Not a Pedestrian,Not At Intersection,Not a Pedestrian,Travel Lane,Not a Pedestrian,With Traffic,55,55 MPH,97,Not Reported,1,"Two-Way, Not Divided",41039001001,Census Tract 10.01,58430.0,2652,79.26093514328808,0.301659125188537,11.689291101055806,1.1807447774750226
410473,1,50,Male,Pedestrian,2019,December,Saturday,5:00pm-5:59pm,Dark - Unknown Lighting,Not Reported,Urban,Principal Arterial - Other,Not an Intersection,On Roadway,None / Unknown,45.520625,-122.477125,Not At Intersection,Not a Cyclist,Travel Lane,Not a Cyclist,Not Applicable,Not a Cyclist,98,Not Reported,97,Not Reported,5,"Two-Way, Not Divided With a Continuous Left-Turn Lane",41051009606,Census Tract 96.06,50540.0,5369,35.59322033898305,2.2723039672192216,39.50456323337679,18.70109546165884
410012,1,62,Male,Pedestrian,2020,January,Tuesday,6:00pm-6:59pm,Dark - Not Lighted,Rain,Urban,Principal Arterial - Other,Not an Intersection,On Roadway,None / Unknown,45.54477778,-122.45475833,Not At Intersection,Not a Cyclist,Travel Lane,Not a Cyclist,Not Applicable,Not a Cyclist,35,35 MPH,0,No Controls,1,"Two-Way, Not Divided",41051010200,Census Tract 102,95268.0,7520,45.71808510638298,9.654255319148936,32.726063829787236,3.4812454032851186
410014,1,44,Male,Pedestrian,2020,March,Tuesday,11:00pm-11:59pm,Dark - Not Lighted,Clear,Urban,Minor Arterial,Not an Intersection,On Shoulder,None / Unknown,44.91665556,-123.01681111,Not At Intersection,Not a Cyclist,Paved Shoulder / Bicycle Lane / Parking Lane,Not a Cyclist,Not Applicable,Not a Cyclist,40,40 MPH,97,Not Reported,1,"Two-Way, Not Divided",41047001000,Census Tract 10,55648.0,4534,68.68107631230701,1.0807234230260256,21.08513453903838,5.51301684532925
410016,1,53,Male,Bicyclist,2020,March,Tuesday,3:00pm-3:59pm,Daylight,Clear,Urban,Principal Arterial - Other,Four-Way Intersection,On Roadway,Construction,43.97459167,-124.10297778,Not a Pedestrian,At Intersection,Not a Pedestrian,Sidewalk  / Crosswalk / Driveway Access,Not a Pedestrian,Unknown,35,35 MPH,2,Traffic control signal (on colors) with Pedestrian Signal,1,"Two-Way, Not Divided",41039000707,Census Tract 7.07,59875.0,4159,91.63260399134407,0.0,1.827362346717961,12.467755803955288
410019,1,42,Female,Person on Non-Motorized Personal Conveyance,2020,January,Saturday,1:00am-1:59am,Dark - Lighted,Clear,Urban,Minor Arterial,Not an Intersection,On Roadway,None / Unknown,44.93848611,-122.99182778,Not At Intersection,Not a Cyclist,Travel Lane,Not a Cyclist,Not Applicable,Not a Cyclist,25,25 MPH,97,Not Reported,1,"Two-Way, Not Divided",41047000702,Census Tract 7.02,42776.0,5456,61.18035190615836,3.262463343108504,24.596774193548388,13.592233009708737
410021,1,44,Male,Pedestrian,2020,January,Sunday,10:00pm-10:59pm,Dark - Not Lighted,Rain,Rural,Principal Arterial - Other,Not an Intersection,On Roadway,None / Unknown,43.05531111,-124.41525556,Not At Intersection,Not a Cyclist,Travel Lane,Not a Cyclist,Not Applicable,Not a Cyclist,98,Not Reported,97,Not Reported,1,"Two-Way, Not Divided",41011001002,Census Tract 10.02,35781.0,3672,92.10239651416123,0.0,1.906318082788671,10.171102661596958
410029,1,60,Male,Pedestrian,2020,March,Wednesday,6:00am-6:59am,Daylight,Cloudy,Urban,Principal Arterial - Other,Four-Way Intersection,On Roadway,None / Unknown,45.40468889,-122.62322778,At Intersection,Not a Cyclist,Crosswalk Area,Not a Cyclist,Not Derived/Unknown Initial Direction of Travel,Not a Cyclist,40,40 MPH,2,Traffic control signal (on colors) with Pedestrian Signal,1,"Two-Way, Not Divided",41005021700,Census Tract 217,78116.0,6080,79.73684210526316,2.861842105263158,10.328947368421053,9.583463827121829
410037,1,61,Male,Pedestrian,2020,May,Thursday,10:00pm-10:59pm,Dark - Not Lighted,Cloudy,Urban,Principal Arterial - Other,Not an Intersection,On Roadway,None / Unknown,45.37713333,-122.60227778,Not At Intersection,Not a Cyclist,Travel Lane,Not a Cyclist,Not Applicable,Not a Cyclist,40,40 MPH,97,Not Reported,1,"Two-Way, Not Divided",41005021700,Census Tract 217,78116.0,6080,79.73684210526316,2.861842105263158,10.328947368421053,9.583463827121829
410042,1,65,Male,Bicyclist,2020,April,Thursday,7:00pm-7:59pm,Daylight,Clear,Rural,Minor Collector,Not an Intersection,On Shoulder,None / Unknown,44.07042778,-123.23029167,Not a Pedestrian,Not At Intersection,Not a Pedestrian,Bicycle Lane / Paved Shoulder / Parking Lane,Not a Pedestrian,With Traffic,55,55 MPH,97,Not Reported,1,"Two-Way, Not Divided",41039001001,Census Tract 10.01,58430.0,2652,79.26093514328808,0.301659125188537,11.689291101055806,1.1807447774750226
410044,1,49,Female,Pedestrian,2020,May,Monday,0:00am-0:59am,Dark - Not Lighted,Clear,Urban,Interstate,Not an Intersection,On Roadway,None / Unknown,42.33621111,-122.87201111,Not At Intersection,Not a Cyclist,Travel Lane,Not a Cyclist,Not Applicable,Not a Cyclist,55,55 MPH,97,Not Reported,3,"Two-Way,  Divided, Positive  Median Barrier",41029000100,Census Tract 1,36525.0,2306,51.127493495229835,0.6071118820468344,33.26105810928014,15.94090202177294
410052,1,2,Female,Pedestrian,2020,June,Friday,10:00am-10:59am,Daylight,Cloudy,Urban,Major Collector,T-Intersection,On Roadway,None / Unknown,44.39363333,-122.72915,At Intersection,Not a Cyclist,Crosswalk Area,Not a Cyclist,Southbound,Not a Cyclist,25,25 MPH,20,Stop Sign,1,"Two-Way, Not Divided",41043030404,Census Tract 304.04,60729.0,3863,89.54180688584003,2.4074553455863317,1.4496505306756406,3.0160857908847185
410063,1,55,Male,Pedestrian,2020,January,Wednesday,6:00pm-6:59pm,Dark - Lighted,Cloudy,Urban,Principal Arterial - Other,Four-Way Intersection,On Roadway,None / Unknown,44.63212778,-123.07322778,At Intersection,Not a Cyclist,Crosswalk Area,Not a Cyclist,Not Derived/Unknown Initial Direction of Travel,Not a Cyclist,35,35 MPH,2,Traffic control signal (on colors) with Pedestrian Signal,1,"Two-Way, Not Divided",41043020500,Census Tract 205,60536.0,4696,58.96507666098807,1.298977853492334,36.32879045996592,9.58354239839438
410065,1,28,Female,Pedestrian,2020,January,Thursday,1:00am-1:59am,Dark - Lighted,Cloudy,Urban,Interstate,Not an Intersection,On Roadway,None / Unknown,45.53131944,-122.57084722,Not At Intersection,Not a Cyclist,Travel Lane,Not a Cyclist,Not Applicable,Not a Cyclist,55,55 MPH,97,Not Reported,3,"Two-Way,  Divided, Positive  Median Barrier",41051001702,Census Tract 17.02,77236.0,4001,64.40889777555611,2.899275181204699,9.02274431392152,17.21162579473206
410068,1,46,Male,Pedestrian,2020,January,Thursday,8:00pm-8:59pm,Dark - Not Lighted,"Snow | Fog, Smog, Smoke",Rural,Major Collector,Not an Intersection,On Roadway,None / Unknown,44.12021111,-120.91678611,Not At Intersection,Not a Cyclist,Travel Lane,Not a Cyclist,Not Applicable,Not a Cyclist,98,Not Reported,0,No Controls,1,"Two-Way, Not Divided",41013950402,Census Tract 9504.02,62250.0,2414,70.7953603976802,0.0,18.64125932062966,2.165087956698241
410071,1,48,Male,Pedestrian,2020,January,Saturday,10:00pm-10:59pm,Dark - Not Lighted,Cloudy,Urban,Interstate,Not an Intersection,On Roadway,None / Unknown,45.14631111,-122.88526944,Not At Intersection,Not a Cyclist,Travel Lane,Not a Cyclist,Not Applicable,Not a Cyclist,65,65 MPH,97,Not Reported,3,"Two-Way,  Divided, Positive  Median Barrier",41047010308,Census Tract 103.08,66673.0,4009,34.49738089299077,0.0,63.18283861312048,1.1500547645125958
410078,1,70,Male,Pedestrian,2020,February,Saturday,5:00am-5:59am,Dark - Not Lighted,Cloudy,Rural,Principal Arterial - Other,Not an Intersection,On Roadway,None / Unknown,44.29439444,-121.558475,Not At Intersection,Not a Cyclist,Travel Lane,Not a Cyclist,Not Applicable,Not a Cyclist,55,55 MPH,97,Not Reported,1,"Two-Way, Not Divided",41017000502,Census Tract 5.02,82939.0,4592,88.8719512195122,1.17595818815331,4.790940766550523,3.991484832357637
410082,1,17,Female,Pedestrian,2020,February,Tuesday,8:00pm-8:59pm,Dark - Not Lighted,Clear,Urban,Interstate,Not an Intersection,On Roadway,None / Unknown,44.06192222,-123.08184722,Not At Intersection,Not a Cyclist,Travel Lane,Not a Cyclist,Not Applicable,Not a Cyclist,55,55 MPH,97,Not Reported,3,"Two-Way,  Divided, Positive  Median Barrier",41039003000,Census Tract 30,101364.0,4636,81.92407247627264,0.08628127696289906,8.714408973252805,1.956745623069001
410092,1,35,Male,Pedestrian,2020,April,Friday,11:00pm-11:59pm,Dark - Not Lighted,Clear,Rural,Interstate,Not an Intersection,On Roadway,None / Unknown,45.06233889,-122.96561667,Not At Intersection,Not a Cyclist,Travel Lane,Not a Cyclist,Not Applicable,Not a Cyclist,60,60 MPH,97,Not Reported,3,"Two-Way,  Divided, Positive  Median Barrier",41047002502,Census Tract 25.02,79474.0,5713,59.110799929984246,0.0,34.605286189392615,1.1252813203300824
410100,1,66,Male,Pedestrian,2020,June,Monday,12:00pm-12:59pm,Daylight,Clear,Urban,Interstate,Not an Intersection,On Shoulder,None / Unknown,45.54256111,-122.4889,Not At Intersection,Not a Cyclist,Paved Shoulder / Bicycle Lane / Parking Lane,Not a Cyclist,Not Applicable,Not a Cyclist,60,60 MPH,97,Not Reported,3,"Two-Way,  Divided, Positive  Median Barrier",41051009605,Census Tract 96.05,64583.0,6255,41.183053557154274,11.91047162270184,27.865707434052755,6.273644388398488
410106,1,76,Female,Pedestrian,2020,June,Tuesday,1:00pm-1:59pm,Daylight,Clear,Rural,Principal Arterial - Other,T-Intersection,On Roadway,None / Unknown,45.58803056,-123.94780833,At Intersection,Not a Cyclist,Crosswalk Area,Not a Cyclist,Westbound,Not a Cyclist,55,55 MPH,0,No Controls,1,"Two-Way, Not Divided",41057960200,Census Tract 9602,54375.0,2816,91.76136363636364,0.5681818181818182,4.154829545454546,8.110599078341014
410132,1,2,Male,Bicyclist,2020,July,Tuesday,4:00pm-4:59pm,Daylight,Clear,Rural,Local,Four-Way Intersection,On Roadway,None / Unknown,44.70477222,-122.85094444,Not a Pedestrian,At Intersection,Not a Pedestrian,Sidewalk  / Crosswalk / Driveway Access,Not a Pedestrian,With Traffic,25,25 MPH,20,Stop Sign,1,"Two-Way, Not Divided",41043030100,Census Tract 301,73438.0,6226,83.2637327336974,0.0,8.12720848056537,0.07099751508697195
410146,1,35,Female,Pedestrian,2020,July,Thursday,9:00pm-9:59pm,Dark - Not Lighted,Clear,Urban,Principal Arterial - Other,T-Intersection,On Roadway,None / Unknown,46.04325278,-123.91345833,Intersection-Related,Not a Cyclist,Travel Lane,Not a Cyclist,Eastbound,Not a Cyclist,55,55 MPH,97,Not Reported,1,"Two-Way, Not Divided",41007950700,Census Tract 9507,91389.0,2616,85.3211009174312,0.3058103975535168,9.900611620795106,3.0807660283097418
410154,1,64,Male,Pedestrian,2020,August,Friday,1:00pm-1:59pm,Daylight,Not Reported,Urban,Principal Arterial - Other,Four-Way Intersection,On Roadway,None / Unknown,44.05218056,-123.11405833,At Intersection,Not a Cyclist,Crosswalk Area,Not a Cyclist,Not Derived/Unknown Initial Direction of Travel,Not a Cyclist,40,40 MPH,0,No Controls,4,One-Way Trafficway,41039004200,Census Tract 42,43365.0,3424,69.85981308411215,2.803738317757009,16.647196261682243,23.198773633111905
410160,1,95,Female,Pedestrian,2020,August,Wednesday,5:00pm-5:59pm,Daylight,Clear,Urban,Major Collector,Not an Intersection,On Shoulder,None / Unknown,42.27293889,-122.82983333,Not At Intersection,Not a Cyclist,Paved Shoulder / Bicycle Lane / Parking Lane,Not a Cyclist,Not Applicable,Not a Cyclist,45,45 MPH,97,Not Reported,1,"Two-Way, Not Divided",41029001602,Census Tract 16.02,58459.0,5841,81.71545968156137,0.9929806539976032,12.960109570279062,5.3355704697986575
410161,1,16,Male,Pedestrian,2020,August,Wednesday,4:00am-4:59am,Dark - Not Lighted,Clear,Urban,Interstate,Not an Intersection,On Roadway,None / Unknown,44.62284167,-123.06185278,Not At Intersection,Not a Cyclist,Travel Lane,Not a Cyclist,Not Applicable,Not a Cyclist,65,65 MPH,97,Not Reported,3,"Two-Way,  Divided, Positive  Median Barrier",41043020103,Census Tract 201.03,75804.0,2918,80.26045236463331,0.205620287868403,14.15352981494174,4.163512490537472
410163,1,60,Male,Bicyclist,2020,April,Thursday,10:00am-10:59am,Daylight,Clear,Rural,Local,Not an Intersection,On Roadway,None / Unknown,44.48229444,-122.82666667,Not a Pedestrian,Not At Intersection,Not a Pedestrian,Travel Lane,Not a Pedestrian,With Traffic,98,Not Reported,97,Not Reported,1,"Two-Way, Not Divided",41043030906,Census Tract 309.06,74147.0,4195,88.79618593563767,0.3814064362336114,4.98212157330155,1.6695451928612552
410170,1,46,Female,Pedestrian,2020,September,Friday,2:00am-2:59am,Dark - Lighted,Clear,Urban,Principal Arterial - Other,Not an Intersection,On Roadway,None / Unknown,45.52364444,-122.65638611,Not At Intersection,Not a Cyclist,Travel Lane,Not a Cyclist,Not Applicable,Not a Cyclist,98,Not Reported,97,Not Reported,4,One-Way Trafficway,41051002101,Census Tract 21.01,74107.0,1704,70.18779342723005,3.5798122065727704,10.387323943661972,20.30134813639968
410173,1,42,Male,Bicyclist,2020,September,Sunday,1:00pm-1:59pm,Daylight,Clear,Rural,Principal Arterial - Other,Not an Intersection,On Shoulder,None / Unknown,43.4572,-124.22934167,Not a Pedestrian,Not At Intersection,Not a Pedestrian,Bicycle Lane / Paved Shoulder / Parking Lane,Not a Pedestrian,With Traffic,55,55 MPH,97,Not Reported,1,"Two-Way, Not Divided",41011000102,Census Tract 1.02,50542.0,1865,97.37265415549598,0.0,2.5737265415549597,0.0
410173,2,52,Male,Bicyclist,2020,September,Sunday,1:00pm-1:59pm,Daylight,Clear,Rural,Principal Arterial - Other,Not an Intersection,On Shoulder,None / Unknown,43.4572,-124.22934167,Not a Pedestrian,Not At Intersection,Not a Pedestrian,Bicycle Lane / Paved Shoulder / Parking Lane,Not a Pedestrian,With Traffic,55,55 MPH,97,Not Reported,1,"Two-Way, Not Divided",41011000102,Census Tract 1.02,50542.0,1865,97.37265415549598,0.0,2.5737265415549597,0.0
410194,1,55,Male,Pedestrian,2020,August,Monday,8:00pm-8:59pm,Dusk,Clear,Rural,Principal Arterial - Other,Not an Intersection,On Roadway,None / Unknown,45.36653611,-122.15801944,Not At Intersection,Not a Cyclist,Travel Lane,Not a Cyclist,Not Applicable,Not a Cyclist,55,55 MPH,97,Not Reported,1,"Two-Way, Not Divided",41005024302,Census Tract 243.02,99639.0,5170,95.47388781431334,0.5222437137330754,3.017408123791103,3.9140445126630854
410202,1,56,Male,Pedestrian,2020,August,Saturday,8:00pm-8:59pm,Daylight,Clear,Rural,Principal Arterial - Other,Not an Intersection,On Roadway,None / Unknown,45.59546111,-120.71824722,Not At Intersection,Not a Cyclist,Travel Lane,Not a Cyclist,Not Applicable,Not a Cyclist,55,55 MPH,97,Not Reported,1,"Two-Way, Not Divided",41055950100,Census Tract 9501,57171.0,1900,87.10526315789474,0.3684210526315789,5.052631578947368,5.323193916349809
410205,1,64,Male,Pedestrian,2020,September,Saturday,11:00pm-11:59pm,Dark - Not Lighted,Clear,Urban,Interstate,Not an Intersection,On Roadway,None / Unknown,45.66385833,-118.80938056,Not At Intersection,Not a Cyclist,Travel Lane,Not a Cyclist,Not Applicable,Not a Cyclist,70,70 MPH,97,Not Reported,2,"Two-Way, Divided, Unprotected Median",41059950500,Census Tract 9505,79063.0,4657,86.8370195404767,1.37427528451793,3.328322954691862,1.6988062442607896
410208,1,36,Male,Pedestrian,2020,September,Friday,6:00pm-6:59pm,Daylight,"Fog, Smog, Smoke",Urban,Minor Arterial,Four-Way Intersection,On Roadway,None / Unknown,45.52288889,-122.64756944,Intersection-Related,Not a Cyclist,Other/Unknown,Not a Cyclist,Not Derived/Unknown Initial Direction of Travel,Not a Cyclist,20,20 MPH,97,Not Reported,1,"Two-Way, Not Divided",41051002102,Census Tract 21.02,61023.0,2139,75.92332865825152,3.506311360448808,10.9864422627396,22.586206896551726
410229,1,37,Female,Pedestrian,2020,October,Saturday,2:00am-2:59am,Dark - Lighted,Rain,Urban,Interstate,Not an Intersection,On Roadway,None / Unknown,45.54781667,-122.67885278,Not At Intersection,Not a Cyclist,Travel Lane,Not a Cyclist,Not Applicable,Not a Cyclist,50,50 MPH,97,Not Reported,3,"Two-Way,  Divided, Positive  Median Barrier",41051003502,Census Tract 35.02,104679.0,3156,71.13434727503169,10.709759188846641,5.323193916349809,10.791037951531779
410229,2,32,Female,Pedestrian,2020,October,Saturday,2:00am-2:59am,Dark - Lighted,Rain,Urban,Interstate,Not an Intersection,On Roadway,None / Unknown,45.54781667,-122.67885278,Not At Intersection,Not a Cyclist,Travel Lane,Not a Cyclist,Not Applicable,Not a Cyclist,50,50 MPH,97,Not Reported,3,"Two-Way,  Divided, Positive  Median Barrier",41051003502,Census Tract 35.02,104679.0,3156,71.13434727503169,10.709759188846641,5.323193916349809,10.791037951531779
410233,1,75,Male,Person on Motorized Personal Conveyance,2020,October,Thursday,1:00pm-1:59pm,Daylight,Cloudy,Urban,Major Collector,Not an Intersection,On Roadway,None / Unknown,44.8098,-122.79211944,Intersection-Related,Not a Cyclist,Travel Lane,Not a Cyclist,Northbound,Not a Cyclist,35,35 MPH,0,No Controls,1,"Two-Way, Not Divided",41047010701,Census Tract 107.01,72778.0,8387,75.53356384881364,0.0,16.90711815905568,1.3610888710968776
410234,1,70,Male,Bicyclist,2020,October,Friday,12:00pm-12:59pm,Daylight,Cloudy,Urban,Minor Collector,Not an Intersection,On Roadway,None / Unknown,45.00980833,-123.04996944,Not a Pedestrian,Not At Intersection,Not a Pedestrian,Travel Lane,Not a Pedestrian,With Traffic,45,45 MPH,97,Not Reported,1,"Two-Way, Not Divided",41047001401,Census Tract 14.01,70962.0,5934,69.90225817323896,1.6514998314796092,22.109875294910683,2.026529108327192
410241,1,20,Female,Pedestrian,2020,January,Sunday,3:00am-3:59am,Dark - Unknown Lighting,Not Reported,Urban,Principal Arterial - Other,Not an Intersection,On Roadway,None / Unknown,45.94551667,-118.38752222,Not At Intersection,Not a Cyclist,Travel Lane,Not a Cyclist,Not Applicable,Not a Cyclist,98,Not Reported,97,Not Reported,3,"Two-Way,  Divided, Positive  Median Barrier",41059950201,Census Tract 9502.01,75833.0,3742,44.94922501336184,0.0,54.89043292357029,3.7544696066746126
410242,1,11,Male,Pedestrian,2020,January,Monday,8:00am-8:59am,Daylight,Rain,Urban,Minor Arterial,T-Intersection,On Roadway,Construction,45.49409722,-122.41391944,At Intersection,Not a Cyclist,Crosswalk Area,Not a Cyclist,Not Derived/Unknown Initial Direction of Travel,Not a Cyclist,35,35 MPH,2,Traffic control signal (on colors) with Pedestrian Signal,1,"Two-Way, Not Divided",41051009907,Census Tract 99.07,90530.0,5597,75.21886725031267,3.6269430051813467,12.042165445774522,5.6772100567721
410243,1,11,Female,Pedestrian,2020,January,Wednesday,6:00pm-6:59pm,Dark - Unknown Lighting,Not Reported,Urban,Principal Arterial - Other,Not an Intersection,On Roadway,None / Unknown,44.55384722,-123.26501944,Not At Intersection,Not a Cyclist,Crosswalk Area,Not a Cyclist,Not Applicable,Not a Cyclist,25,25 MPH,40,Warning Sign,2,"Two-Way, Divided, Unprotected Median",41003000101,Census Tract 1.01,60409.0,3997,86.1646234676007,0.7755816862646986,8.006004503377532,5.263157894736842
410245,1,51,Female,Pedestrian,2020,January,Tuesday,6:00am-6:59am,Dark - Not Lighted,Cloudy,Urban,Principal Arterial - Other,T-Intersection,On Roadway,None / Unknown,45.51996389,-123.0275,At Intersection,Not a Cyclist,Crosswalk Area,Not a Cyclist,Not Derived/Unknown Initial Direction of Travel,Not a Cyclist,50,50 MPH,0,No Controls,1,"Two-Way, Not Divided",41067032904,Census Tract 329.04,88260.0,4904,48.858075040783035,2.569331158238173,43.719412724306686,7.401869158878505
410246,1,46,Male,Person on Motorized Personal Conveyance,2020,January,Wednesday,8:00pm-8:59pm,Not Reported,Not Reported,Urban,Minor Arterial,Not an Intersection,Not Reported,None / Unknown,43.27160278,-123.35349167,Not At Intersection,Not a Cyclist,Other/Unknown,Not a Cyclist,Not Applicable,Not a Cyclist,98,Not Reported,97,Not Reported,8,Not Reported,41019090001,Census Tract 900.01,57882.0,4954,80.7226483649576,0.16148566814695195,7.488897860314897,3.194523673702225
410247,1,59,Male,Pedestrian,2020,January,Tuesday,6:00pm-6:59pm,Not Reported,Not Reported,Urban,Principal Arterial - Other,T-Intersection,On Roadway,None / Unknown,44.64425833,-121.126,At Intersection,Not a Cyclist,Crosswalk Area,Not a Cyclist,Not Derived/Unknown Initial Direction of Travel,Not a Cyclist,45,45 MPH,97,Not Reported,1,"Two-Way, Not Divided",41031960202,Census Tract 9602.02,73684.0,6530,52.18989280245023,0.26033690658499237,23.690658499234303,6.540247678018576
410250,1,58,Female,Pedestrian,2020,January,Friday,6:00pm-6:59pm,Dark - Lighted,Clear,Urban,Principal Arterial - Other,Not an Intersection,On Roadway,None / Unknown,44.04565556,-122.93375,Not At Intersection,Not a Cyclist,Travel Lane,Not a Cyclist,Not Applicable,Not a Cyclist,35,35 MPH,97,Not Reported,1,"Two-Way, Not Divided",41039001904,Census Tract 19.04,59798.0,5864,69.96930422919509,0.8015006821282401,23.772169167803547,2.5395778364116097
410251,1,22,Male,Pedestrian,2020,January,Tuesday,2:00am-2:59am,Dark - Unknown Lighting,Not Reported,Urban,Principal Arterial - Other,Not an Intersection,On Roadway,None / Unknown,45.57708056,-122.65406944,Not At Intersection,Not a Cyclist,Travel Lane,Not a Cyclist,Not Applicable,Not a Cyclist,98,Not Reported,97,Not Reported,8,Not Reported,41051003601,Census Tract 36.01,100164.0,4341,70.28334485141673,10.181985717576596,9.790370882285188,11.684782608695652
410253,1,52,Female,Pedestrian,2020,February,Tuesday,10:00pm-10:59pm,Dark - Lighted,Cloudy,Urban,Principal Arterial - Other,Not an Intersection,On Roadway,None / Unknown,44.99714722,-123.02665833,Not At Intersection,Not a Cyclist,Travel Lane,Not a Cyclist,Not Applicable,Not a Cyclist,35,35 MPH,97,Not Reported,5,"Two-Way, Not Divided With a Continuous Left-Turn Lane",41047001401,Census Tract 14.01,70962.0,5934,69.90225817323896,1.6514998314796092,22.109875294910683,2.026529108327192
410254,1,42,Male,Pedestrian,2020,February,Friday,7:00pm-7:59pm,Dark - Unknown Lighting,Not Reported,Urban,Minor Arterial,Not an Intersection,On Roadside,None / Unknown,45.46433056,-122.64662222,Not At Intersection,Not a Cyclist,Sidewalk / Shared-Use Path / Driveway Access,Not a Cyclist,Not Applicable,Not a Cyclist,98,Not Reported,97,Not Reported,8,Not Reported,41051000201,Census Tract 2.01,81546.0,3824,76.20292887029288,0.653765690376569,13.65062761506276,8.506429277942631
410256,1,37,Male,Bicyclist,2020,February,Monday,0:00am-0:59am,Dark - Lighted,Clear,Urban,Major Collector,Four-Way Intersection,On Roadway,None / Unknown,45.52130833,-122.69823611,Not a Pedestrian,At Intersection,Not a Pedestrian,Travel Lane,Not a Pedestrian,With Traffic,98,Not Reported,2,Traffic control signal (on colors) with Pedestrian Signal,1,"Two-Way, Not Divided",41051004601,Census Tract 46.01,164135.0,3641,85.69074430101621,0.0,4.312002197198572,13.66943866943867
410258,1,36,Female,Pedestrian,2020,February,Saturday,9:00pm-9:59pm,Dark - Unknown Lighting,Not Reported,Urban,Minor Arterial,Four-Way Intersection,On Roadway,None / Unknown,45.53378611,-122.61589722,At Intersection,Not a Cyclist,Crosswalk Area,Not a Cyclist,Not Derived/Unknown Initial Direction of Travel,Not a Cyclist,98,Not Reported,97,Not Reported,8,Not Reported,41051002702,Census Tract 27.02,75833.0,3629,76.57756957839625,6.089831909616975,4.133370074400662,18.299637117677552
410264,1,39,Female,Pedestrian,2020,March,Tuesday,0:00am-0:59am,Dark - Unknown Lighting,Cloudy,Urban,Principal Arterial - Other,Not an Intersection,On Shoulder,None / Unknown,45.47961944,-122.68017778,Not At Intersection,Not a Cyclist,Paved Shoulder / Bicycle Lane / Parking Lane,Not a Cyclist,Not Applicable,Not a Cyclist,45,45 MPH,97,Not Reported,8,Not Reported,41051006002,Census Tract 60.02,119205.0,2429,87.64923836969946,0.6587072869493619,6.051873198847262,10.61320754716981
410270,1,64,Male,Bicyclist,2020,May,Tuesday,8:00am-8:59am,Daylight,Clear,Rural,Local,Not an Intersection,On Shoulder,None / Unknown,45.78056667,-119.19978611,Not a Pedestrian,Not At Intersection,Not a Pedestrian,Bicycle Lane / Paved Shoulder / Parking Lane,Not a Pedestrian,With Traffic,55,55 MPH,0,No Controls,1,"Two-Way, Not Divided",41059951300,Census Tract 9513,64712.0,3734,55.35618639528656,0.0,38.6448848419925,2.6168224299065423
410281,1,72,Male,Pedestrian,2020,May,Tuesday,4:00am-4:59am,Dark - Not Lighted,Rain,Urban,Minor Arterial,Not an Intersection,On Roadway,None / Unknown,45.83760278,-119.31099167,Not At Intersection,Not a Cyclist,Travel Lane,Not a Cyclist,Not Applicable,Not a Cyclist,30,30 MPH,0,No Controls,1,"Two-Way, Not Divided",41059951000,Census Tract 9510,62868.0,6492,48.93715341959334,0.15403573629081946,44.03881700554529,3.374849337083166
410284,1,29,Male,Pedestrian,2020,May,Thursday,1:00am-1:59am,Dark - Not Lighted,Rain,Urban,Minor Arterial,Not an Intersection,Not Reported,None / Unknown,44.055525,-123.16310278,Not At Intersection,Not a Cyclist,Other/Unknown,Not a Cyclist,Not Applicable,Not a Cyclist,40,40 MPH,0,No Controls,1,"Two-Way, Not Divided",41039004300,Census Tract 43,41792.0,7054,71.3354125318968,1.2191664303941026,18.060674794442868,4.0669856459330145
410292,1,51,Male,Pedestrian,2020,June,Thursday,11:00pm-11:59pm,Dark - Unknown Lighting,Not Reported,Urban,Principal Arterial - Other,Not an Intersection,Not Reported,None / Unknown,45.46617222,-122.69684722,Not At Intersection,Not a Cyclist,Other/Unknown,Not a Cyclist,Not Applicable,Not a Cyclist,98,Not Reported,97,Not Reported,8,Not Reported,41051006602,Census Tract 66.02,95022.0,5689,64.5631921251538,5.958867990859554,13.429425206538934,16.958552247518973
410298,1,37,Male,Bicyclist,2020,June,Monday,2:00pm-2:59pm,Daylight,Clear,Urban,Minor Arterial,Four-Way Intersection,On Roadway,None / Unknown,45.53146111,-122.64946667,Not a Pedestrian,At Intersection,Not a Pedestrian,Travel Lane,Not a Pedestrian,With Traffic,98,Not Reported,2,Traffic control signal (on colors) with Pedestrian Signal,1,"Two-Way, Not Divided",41051002402,Census Tract 24.02,71695.0,3310,70.75528700906344,6.374622356495468,11.63141993957704,14.868491680085882
410299,1,2,Male,Pedestrian,2020,July,Thursday,12:00pm-12:59pm,Not Reported,Not Reported,Urban,Local,Not an Intersection,On Roadway,None / Unknown,45.45378611,-122.60080278,Not At Intersection,Not a Cyclist,Travel Lane,Not a Cyclist,Not Applicable,Not a Cyclist,98,Not Reported,97,Not Reported,1,"Two-Way, Not Divided",41005021000,Census Tract 210,97565.0,4871,81.23588585506056,1.560254567850544,8.991993430507081,5.546161650321271
410303,1,38,Male,Pedestrian,2020,July,Tuesday,10:00pm-10:59pm,Dark - Not Lighted,Clear,Urban,Minor Arterial,Not an Intersection,On Roadway,None / Unknown,45.04958889,-122.96337222,Not At Intersection,Not a Cyclist,Travel Lane,Not a Cyclist,Not Applicable,Not a Cyclist,98,Not Reported,97,Not Reported,1,"Two-Way, Not Divided",41047002502,Census Tract 25.02,79474.0,5713,59.110799929984246,0.0,34.605286189392615,1.1252813203300824
410311,1,1,Female,Pedestrian,2020,July,Thursday,7:00pm-7:59pm,Not Reported,Not Reported,Urban,Local,Not Reported,Not Reported,None / Unknown,45.50958333,-122.48535278,Not At Intersection,Not a Cyclist,Other/Unknown,Not a Cyclist,Not Applicable,Not a Cyclist,98,Not Reported,97,Not Reported,8,Not Reported,41051009703,Census Tract 97.03,62333.0,4790,51.94154488517745,11.461377870563675,16.367432150313153,7.289002557544758
410326,1,28,Male,Pedestrian,2020,August,Friday,11:00pm-11:59pm,Dark - Unknown Lighting,Not Reported,Urban,Minor Arterial,Not an Intersection,On Roadway,None / Unknown,45.62793611,-122.740975,Not At Intersection,Not a Cyclist,Travel Lane,Not a Cyclist,Not Applicable,Not a Cyclist,98,Not Reported,97,Not Reported,1,"Two-Way, Not Divided",41051007202,Census Tract 72.02,84154.0,3308,48.70012091898428,11.910519951632406,23.518742442563482,7.27362691736764
410329,1,68,Male,Pedestrian,2020,August,Sunday,7:00pm-7:59pm,Daylight,Not Reported,Urban,Principal Arterial - Other,Four-Way Intersection,On Roadway,None / Unknown,45.57178056,-122.66137222,At Intersection,Not a Cyclist,Crosswalk Area,Not a Cyclist,Northbound,Not a Cyclist,98,Not Reported,97,Not Reported,1,"Two-Way, Not Divided",41051003701,Census Tract 37.01,72963.0,4309,58.62148990485031,12.996054769087955,16.361104664655375,11.76965111391341
410332,1,81,Male,Bicyclist,2020,September,Thursday,9:00am-9:59am,Daylight,Clear,Urban,Major Collector,Not an Intersection,On Roadway,None / Unknown,45.51074167,-122.56644167,Not a Pedestrian,Not At Intersection,Not a Pedestrian,Sidewalk  / Crosswalk / Driveway Access,Not a Pedestrian,Not applicable,25,25 MPH,97,Not Reported,1,"Two-Way, Not Divided",41051001602,Census Tract 16.02,78109.0,4935,53.47517730496454,6.605876393110435,5.6534954407294835,14.24629182476716
410337,1,67,Male,Pedestrian,2020,September,Tuesday,8:00pm-8:59pm,Dark - Not Lighted,Not Reported,Rural,Principal Arterial - Other,Not an Intersection,On Roadway,None / Unknown,43.11875556,-124.41168056,Not At Intersection,Not a Cyclist,Travel Lane,Not a Cyclist,Not Applicable,Not a Cyclist,98,Not Reported,97,Not Reported,1,"Two-Way, Not Divided",41011001001,Census Tract 10.01,44591.0,3524,90.74914869466515,0.0,1.532349602724177,4.016064257028113
410339,1,59,Male,Pedestrian,2020,September,Saturday,6:00pm-6:59pm,Daylight,Not Reported,Urban,Minor Arterial,Not an Intersection,On Roadway,None / Unknown,45.44793611,-122.59576667,Not At Intersection,Not a Cyclist,Crosswalk Area,Not a Cyclist,Not Applicable,Not a Cyclist,98,Not Reported,97,Not Reported,5,"Two-Way, Not Divided With a Continuous Left-Turn Lane",41005021602,Census Tract 216.02,69042.0,4863,77.35965453423812,1.2543697306189596,11.001439440674481,8.274582560296846
410340,1,52,Male,Pedestrian,2020,September,Thursday,10:00pm-10:59pm,Dark - Unknown Lighting,Not Reported,Urban,Major Collector,Not an Intersection,On Roadway,None / Unknown,45.52436944,-122.52091944,Not At Intersection,Not a Cyclist,Travel Lane,Not a Cyclist,Not Applicable,Not a Cyclist,98,Not Reported,97,Not Reported,1,"Two-Way, Not Divided",41051009302,Census Tract 93.02,65779.0,4848,63.07755775577558,7.2607260726072615,10.045379537953796,7.9055826152116895
410343,1,68,Male,Pedestrian,2020,October,Saturday,8:00pm-8:59pm,Dark - Not Lighted,Clear,Urban,Principal Arterial - Other,Not an Intersection,On Roadway,None / Unknown,42.42295556,-123.34341944,Not At Intersection,Not a Cyclist,Travel Lane,Not a Cyclist,Not Applicable,Not a Cyclist,98,Not Reported,97,Not Reported,8,Not Reported,41033360704,Census Tract 3607.04,60156.0,3228,73.3271375464684,0.8674101610904585,8.45724907063197,0.264026402640264
410345,1,26,Female,Bicyclist,2020,October,Tuesday,4:00pm-4:59pm,Daylight,Clear,Urban,Minor Arterial,Not an Intersection,On Roadway,None / Unknown,44.96481667,-123.01944167,Not a Pedestrian,Not At Intersection,Not a Pedestrian,Bicycle Lane / Paved Shoulder / Parking Lane,Not a Pedestrian,With Traffic,35,35 MPH,97,Not Reported,1,"Two-Way, Not Divided",41047000400,Census Tract 4,53686.0,5341,59.42707358172626,0.03744617112900206,30.81819883916869,4.233870967741935
410350,1,32,Male,Pedestrian,2020,October,Tuesday,10:00pm-10:59pm,Dark - Lighted,"Fog, Smog, Smoke",Urban,Principal Arterial - Other,Not an Intersection,On Roadway,None / Unknown,42.04955556,-124.25884167,Not At Intersection,Not a Cyclist,Travel Lane,Not a Cyclist,Not Applicable,Not a Cyclist,98,Not Reported,97,Not Reported,8,Not Reported,41015950401,Census Tract 9504.01,58361.0,3060,82.58169934640523,0.0,7.777777777777778,0.0
410355,1,27,Male,Pedestrian,2020,October,Sunday,0:00am-0:59am,Dark - Not Lighted,Clear,Urban,Minor Arterial,Not an Intersection,On Roadway,None / Unknown,45.46558333,-122.37274722,Not At Intersection,Not a Cyclist,Travel Lane,Not a Cyclist,Not Applicable,Not a Cyclist,55,55 MPH,97,Not Reported,1,"Two-Way, Not Divided",41051010412,Census Tract 104.12,132007.0,3108,91.44144144144144,0.0,5.18018018018018,3.551745254133497
410356,1,47,Male,Person on Non-Motorized Personal Conveyance,2020,October,Thursday,2:00am-2:59am,Dark - Unknown Lighting,Not Reported,Urban,Principal Arterial - Other,Four-Way Intersection,On Roadway,None / Unknown,42.05353056,-124.27832778,At Intersection,Not a Cyclist,Other/Unknown,Not a Cyclist,Not Derived/Unknown Initial Direction of Travel,Not a Cyclist,98,Not Reported,97,Not Reported,1,"Two-Way, Not Divided",41015950302,Census Tract 9503.02,72244.0,5031,75.79010137149672,1.7094017094017095,11.906181673623534,2.258222876779578
410361,1,66,Male,Pedestrian,2020,November,Friday,6:00am-6:59am,Dark - Lighted,Rain,Urban,Minor Arterial,Not an Intersection,On Roadway,None / Unknown,45.4572,-122.78334722,Not At Intersection,Not a Cyclist,Travel Lane,Not a Cyclist,Not Applicable,Not a Cyclist,35,35 MPH,97,Not Reported,1,"Two-Way, Not Divided",41067030900,Census Tract 309,73280.0,5636,55.3584102200142,1.5613910574875798,27.9985805535841,11.48997134670487
410362,1,56,Male,Pedestrian,2020,November,Saturday,9:00pm-9:59pm,Dark - Unknown Lighting,Clear,Rural,Local,Not an Intersection,On Roadway,None / Unknown,45.18016944,-123.22998889,Not At Intersection,Not a Cyclist,Travel Lane,Not a Cyclist,Not Applicable,Not a Cyclist,98,Not Reported,97,Not Reported,8,Not Reported,41071030601,Census Tract 306.01,56313.0,3407,61.54975051364837,0.0,27.854417375990607,3.8338658146964857
410365,1,28,Male,Bicyclist,2020,November,Thursday,8:00pm-8:59pm,Not Reported,Not Reported,Urban,Major Collector,Not an Intersection,On Roadway,None / Unknown,45.52238889,-122.53713056,Not a Pedestrian,Not At Intersection,Not a Pedestrian,Travel Lane,Not a Pedestrian,Facing Traffic,98,Not Reported,97,Not Reported,8,Not Reported,41051009204,Census Tract 92.04,74077.0,4246,44.51248233631653,10.95148374941121,18.46443711728686,12.5764192139738
410367,1,27,Male,Pedestrian,2020,November,Tuesday,6:00pm-6:59pm,Not Reported,Not Reported,Urban,Minor Arterial,Four-Way Intersection,Not Reported,None / Unknown,45.51914444,-122.49905556,At Intersection,Not a Cyclist,Other/Unknown,Not a Cyclist,Not Derived/Unknown Initial Direction of Travel,Not a Cyclist,98,Not Reported,97,Not Reported,8,Not Reported,41051009701,Census Tract 97.01,68183.0,4833,60.769708255741776,18.18746120422098,15.64245810055866,4.676616915422885
410369,1,68,Female,Pedestrian,2020,November,Thursday,6:00pm-6:59pm,Dark - Not Lighted,Cloudy,Rural,Major Collector,Not an Intersection,On Roadway,None / Unknown,45.30394167,-122.65623889,Not At Intersection,Not a Cyclist,Travel Lane,Not a Cyclist,Not Applicable,Not a Cyclist,50,50 MPH,97,Not Reported,1,"Two-Way, Not Divided",41005022602,Census Tract 226.02,117735.0,4685,85.01600853788688,1.9850586979722518,4.268943436499466,5.7675628794449265
410374,1,80,Female,Pedestrian,2020,November,Wednesday,2:00pm-2:59pm,Daylight,Not Reported,Rural,Local,Not an Intersection,On Roadway,None / Unknown,44.32183889,-121.23416389,Not At Intersection,Not a Cyclist,Travel Lane,Not a Cyclist,Not Applicable,Not a Cyclist,98,Not Reported,97,Not Reported,1,"Two-Way, Not Divided",41017000702,Census Tract 7.02,105972.0,5157,87.08551483420594,0.0,10.762070971495055,0.0
410377,1,71,Female,Person on Motorized Personal Conveyance,2020,December,Friday,5:00pm-5:59pm,Dark - Not Lighted,Clear,Urban,Principal Arterial - Other,T-Intersection,On Roadway,None / Unknown,44.94893333,-123.01971667,At Intersection,Not a Cyclist,Crosswalk Area,Not a Cyclist,Not Derived/Unknown Initial Direction of Travel,Not a Cyclist,30,30 MPH,97,Not Reported,1,"Two-Way, Not Divided",41047000600,Census Tract 6,54216.0,4569,68.35193696651346,1.4226307725979426,22.368133070693805,10.546541417591802
410378,1,64,Male,Bicyclist,2020,December,Friday,4:00pm-4:59pm,Dark - Not Lighted,Clear,Urban,Principal Arterial - Other,Not an Intersection,On Roadway,None / Unknown,45.59584167,-122.66991667,Not a Pedestrian,Not At Intersection,Not a Pedestrian,Travel Lane,Not a Pedestrian,With Traffic,55,55 MPH,97,Not Reported,4,One-Way Trafficway,41051007202,Census Tract 72.02,84154.0,3308,48.70012091898428,11.910519951632406,23.518742442563482,7.27362691736764
410381,1,66,Male,Person on Non-Motorized Personal Conveyance,2020,December,Wednesday,8:00pm-8:59pm,Dark - Lighted,Cloudy,Urban,Principal Arterial - Other,Four-Way Intersection,On Roadway,None / Unknown,45.45988889,-122.70774167,At Intersection,Not a Cyclist,Crosswalk Area,Not a Cyclist,Eastbound,Not a Cyclist,40,40 MPH,2,Traffic control signal (on colors) with Pedestrian Signal,5,"Two-Way, Not Divided With a Continuous Left-Turn Lane",41051006502,Census Tract 65.02,90866.0,4901,84.32972862681085,3.183023872679045,5.733523770659049,11.002213088839708
410385,1,40,Male,Pedestrian,2020,December,Wednesday,8:00pm-8:59pm,Dark - Unknown Lighting,Not Reported,Urban,Principal Arterial - Other,Not an Intersection,On Shoulder,None / Unknown,45.53355833,-122.54042778,Not At Intersection,Not a Cyclist,Paved Shoulder / Bicycle Lane / Parking Lane,Not a Cyclist,Not Applicable,Not a Cyclist,98,Not Reported,97,Not Reported,8,Not Reported,41051008002,Census Tract 80.02,72132.0,3234,55.163883735312304,6.55534941249227,12.523191094619666,9.158878504672897
410389,1,51,Female,Pedestrian,2020,December,Thursday,7:00pm-7:59pm,Dark - Lighted,Rain | Cloudy,Urban,Minor Arterial,Not an Intersection,On Roadway,None / Unknown,45.50037778,-122.53765278,Not At Intersection,Not a Cyclist,Travel Lane,Not a Cyclist,Not Applicable,Not a Cyclist,30,30 MPH,97,Not Reported,1,"Two-Way, Not Divided",41051008400,Census Tract 84,47172.0,4626,59.92217898832685,1.599654128837008,16.472114137483786,5.926860025220681
410399,1,33,Male,Pedestrian,2020,September,Friday,6:00pm-6:59pm,Not Reported,Not Reported,Urban,Minor Arterial,Not an Intersection,Not Reported,None / Unknown,45.51918333,-122.47973889,Not At Intersection,Not a Cyclist,Other/Unknown,Not a Cyclist,Not Applicable,Not a Cyclist,98,Not Reported,97,Not Reported,8,Not Reported,41051009606,Census Tract 96.06,50540.0,5369,35.59322033898305,2.2723039672192216,39.50456323337679,18.70109546165884
410400,1,58,Male,Pedestrian,2020,October,Friday,5:00pm-5:59pm,Dark - Unknown Lighting,Not Reported,Rural,Principal Arterial - Other,Not an Intersection,On Roadway,None / Unknown,44.43837222,-123.27707222,Not At Intersection,Not a Cyclist,Travel Lane,Not a Cyclist,Not Applicable,Not a Cyclist,98,Not Reported,97,Not Reported,1,"Two-Way, Not Divided",41003010400,Census Tract 104,69821.0,4278,73.25853202431043,0.07012622720897616,17.53155680224404,7.958852192744992
410401,1,67,Male,Person on Motorized Personal Conveyance,2020,October,Monday,4:00pm-4:59pm,Daylight,Clear,Urban,Principal Arterial - Other,Four-Way Intersection,On Roadway,None / Unknown,45.52046389,-122.47030556,At Intersection,Not a Cyclist,Crosswalk Area,Not a Cyclist,Southbound,Not a Cyclist,98,Not Reported,2,Traffic control signal (on colors) with Pedestrian Signal,3,"Two-Way,  Divided, Positive  Median Barrier",41051009604,Census Tract 96.04,61320.0,5441,43.39275868406543,6.7818415732402135,36.66605403418489,6.995884773662551
410405,1,28,Male,Pedestrian,2020,October,Saturday,7:00pm-7:59pm,Dark - Lighted,Cloudy,Urban,Minor Arterial,Four-Way Intersection,On Roadway,None / Unknown,45.51992222,-122.83963333,At Intersection,Not a Cyclist,Crosswalk Area,Not a Cyclist,Eastbound,Not a Cyclist,40,40 MPH,2,Traffic control signal (on colors) with Pedestrian Signal,1,"Two-Way, Not Divided",41067031621,Census Tract 316.21,103996.0,3483,61.75710594315246,0.5742176284811944,8.469710020097617,11.239060340856748
410407,1,39,Male,Pedestrian,2020,November,Wednesday,6:00pm-6:59pm,Not Reported,Not Reported,Urban,Principal Arterial - Other,Not an Intersection,On Roadway,None / Unknown,45.49503333,-122.40697222,Not At Intersection,Not a Cyclist,Travel Lane,Not a Cyclist,Not Applicable,Not a Cyclist,98,Not Reported,97,Not Reported,8,Not Reported,41051010408,Census Tract 104.08,58235.0,7664,66.41440501043841,0.14352818371607515,25.0,4.959349593495935
410408,1,90,Male,Pedestrian,2020,November,Friday,6:00pm-6:59pm,Dark - Lighted,Clear,Urban,Principal Arterial - Other,Not an Intersection,On Roadway,None / Unknown,44.28831111,-121.17396944,Not At Intersection,Not a Cyclist,Travel Lane,Not a Cyclist,Not Applicable,Not a Cyclist,40,40 MPH,0,No Controls,1,"Two-Way, Not Divided",41017000800,Census Tract 8,75865.0,7830,81.37931034482759,0.4086845466155811,16.04086845466156,3.1816913201228023
410415,1,47,Male,Pedestrian,2020,October,Monday,7:00pm-7:59pm,Dark - Lighted,Cloudy,Urban,Interstate,Not an Intersection,On Roadway,None / Unknown,45.40348333,-122.74440833,Not At Intersection,Not a Cyclist,Travel Lane,Not a Cyclist,Not Applicable,Not a Cyclist,55,55 MPH,97,Not Reported,3,"Two-Way,  Divided, Positive  Median Barrier",41067032005,Census Tract 320.05,63504.0,4416,47.84873188405797,0.0,40.828804347826086,5.780933062880324
410417,1,61,Female,Pedestrian,2020,October,Tuesday,7:00pm-7:59pm,Dark - Not Lighted,Clear,Urban,Major Collector,Not an Intersection,On Roadside,None / Unknown,44.64805833,-123.06103333,Not At Intersection,Not a Cyclist,Paved Shoulder / Bicycle Lane / Parking Lane,Not a Cyclist,Not Applicable,Not a Cyclist,45,45 MPH,97,Not Reported,1,"Two-Way, Not Divided",41043020102,Census Tract 201.02,68934.0,2413,73.39411520928306,0.0,10.48487360132615,1.6090104585679808
410421,1,55,Male,Bicyclist,2020,October,Saturday,2:00pm-2:59pm,Daylight,Clear,Urban,Local,Not an Intersection,On Roadway,None / Unknown,44.953275,-122.98878611,Not a Pedestrian,Not At Intersection,Not a Pedestrian,Travel Lane,Not a Pedestrian,With Traffic,25,25 MPH,0,No Controls,1,"Two-Way, Not Divided",41047001701,Census Tract 17.01,45000.0,6666,45.57455745574558,0.9900990099009901,48.22982298229823,8.47972972972973
410425,1,65,Male,Pedestrian,2020,October,Monday,5:00pm-5:59pm,Daylight,Not Reported,Urban,Minor Arterial,Not an Intersection,On Roadway,None / Unknown,44.92903333,-123.31503333,Not At Intersection,Not a Cyclist,Travel Lane,Not a Cyclist,Not Applicable,Not a Cyclist,25,25 MPH,97,Not Reported,1,"Two-Way, Not Divided",41053020500,Census Tract 205,94191.0,7444,83.66469639978507,1.2896292315959161,10.276732939279958,3.5526722273710223
410445,1,79,Female,Pedestrian,2020,November,Wednesday,8:00am-8:59am,Daylight,Rain,Rural,Minor Collector,Four-Way Intersection,On Roadway,None / Unknown,45.5965,-123.00290556,At Intersection,Not a Cyclist,Crosswalk Area,Not a Cyclist,Northbound,Not a Cyclist,25,25 MPH,20,Stop Sign,1,"Two-Way, Not Divided",41067032700,Census Tract 327,116384.0,5902,75.61843442900712,4.117248390376144,6.658759742460182,3.4199726402188784
410448,1,66,Female,Pedestrian,2020,December,Tuesday,5:00pm-5:59pm,Dark - Lighted,Clear,Urban,Minor Arterial,T-Intersection,On Roadway,None / Unknown,44.947875,-123.09433611,At Intersection,Not a Cyclist,Crosswalk Area,Not a Cyclist,Not Derived/Unknown Initial Direction of Travel,Not a Cyclist,40,40 MPH,97,Not Reported,1,"Two-Way, Not Divided",41053005203,Census Tract 52.03,81338.0,6765,64.22764227642277,0.0,19.231337767923133,1.1912225705329154
410462,1,37,Female,Pedestrian,2020,November,Tuesday,9:00pm-9:59pm,Dark - Not Lighted,Rain,Urban,Principal Arterial - Other,Not an Intersection,On Roadway,None / Unknown,45.51017778,-122.96931111,Not At Intersection,Not a Cyclist,Travel Lane,Not a Cyclist,Not Applicable,Not a Cyclist,35,35 MPH,97,Not Reported,1,"Two-Way, Not Divided",41067032410,Census Tract 324.10,77216.0,3848,42.17775467775468,0.33783783783783783,51.37733887733887,12.138141188420517
410465,1,35,Male,Pedestrian,2020,November,Thursday,7:00pm-7:59pm,Dark - Lighted,Rain,Urban,Principal Arterial - Other,Not an Intersection,On Roadway,None / Unknown,45.39470833,-122.61552222,Not At Intersection,Not a Cyclist,Travel Lane,Not a Cyclist,Not Applicable,Not a Cyclist,40,40 MPH,97,Not Reported,1,"Two-Way, Not Divided",41005021802,Census Tract 218.02,49397.0,4506,80.89214380825565,0.37727474478473144,11.162893919218819,11.345522737927801
410472,1,28,Male,Pedestrian,2020,November,Sunday,5:00pm-5:59pm,Dark - Not Lighted,Rain,Urban,Interstate,Not an Intersection,On Roadway,None / Unknown,44.94911389,-122.99047222,Not At Intersection,Not a Cyclist,Travel Lane,Not a Cyclist,Not Applicable,Not a Cyclist,65,65 MPH,97,Not Reported,3,"Two-Way,  Divided, Positive  Median Barrier",41047000703,Census Tract 7.03,56500.0,2626,52.513328255902515,1.4470677837014472,34.84386900228485,3.308823529411765
410002,1,61,Male,Pedestrian,2021,January,Friday,7:00pm-7:59pm,Dark - Lighted,Rain,Urban,Principal Arterial - Other,Not an Intersection,On Roadway,None / Unknown,44.086475,-123.12421667,Not At Intersection,Not a Cyclist,Travel Lane,Not a Cyclist,Not Applicable,Not a Cyclist,35,35 MPH,0,No Controls,5,"Two-Way, Not Divided With a Continuous Left-Turn Lane",41039002800,Census Tract 28,75948.0,5106,76.71367019193106,3.799451625538582,9.518213866039952,4.299065420560748
410004,1,16,Female,Pedestrian,2021,January,Wednesday,4:00am-4:59am,Dark - Lighted,Rain,Urban,Interstate,Not an Intersection,On Roadway,None / Unknown,44.94864444,-122.989775,Not At Intersection,Not a Cyclist,Travel Lane,Not a Cyclist,Not Applicable,Not a Cyclist,60,60 MPH,97,Not Reported,6,Entrance/Exit Ramp,41047001701,Census Tract 17.01,45000.0,6666,45.57455745574558,0.9900990099009901,48.22982298229823,8.47972972972973
410005,1,28,Female,Pedestrian,2021,January,Thursday,5:00pm-5:59pm,Dark - Not Lighted,Cloudy,Urban,Principal Arterial - Other,Not an Intersection,On Roadway,None / Unknown,42.05347778,-124.26346667,Not At Intersection,Not a Cyclist,Travel Lane,Not a Cyclist,Not Applicable,Not a Cyclist,45,45 MPH,97,Not Reported,1,"Two-Way, Not Divided",41015950401,Census Tract 9504.01,58361.0,3060,82.58169934640523,0.0,7.777777777777778,0.0
410008,1,50,Female,Pedestrian,2021,January,Wednesday,10:00am-10:59am,Daylight,Clear,Rural,Principal Arterial - Other,Not an Intersection,On Roadway,Utility,45.37454722,-122.11788611,Not At Intersection,Not a Cyclist,Travel Lane,Not a Cyclist,Not Applicable,Not a Cyclist,55,55 MPH,97,Not Reported,1,"Two-Way, Not Divided",41005024302,Census Tract 243.02,99639.0,5170,95.47388781431334,0.5222437137330754,3.017408123791103,3.9140445126630854
410027,1,41,Male,Pedestrian,2021,January,Saturday,6:00pm-6:59pm,Dark - Not Lighted,Clear,Urban,Principal Arterial - Other,Not an Intersection,On Roadway,None / Unknown,42.22804167,-121.76576389,Not At Intersection,Not a Cyclist,Travel Lane,Not a Cyclist,Not Applicable,Not a Cyclist,35,35 MPH,97,Not Reported,1,"Two-Way, Not Divided",41035971700,Census Tract 9717,42656.0,3708,69.09385113268608,0.026968716289104636,21.709816612729234,5.409705648369132
410031,1,20,Male,Pedestrian,2021,February,Tuesday,6:00pm-6:59pm,Dark - Not Lighted,Rain,Rural,Local,Not an Intersection,On Roadway,None / Unknown,44.23696667,-123.22943611,Not At Intersection,Not a Cyclist,Other/Unknown,Not a Cyclist,Not Applicable,Not a Cyclist,55,55 MPH,97,Not Reported,1,"Two-Way, Not Divided",41039000403,Census Tract 4.03,71602.0,5658,82.73241428066454,0.05302226935312832,13.02580417108519,7.980132450331126
410037,1,34,Male,Pedestrian,2021,February,Saturday,0:00am-0:59am,Dark - Lighted,Clear,Urban,Principal Arterial - Other,Not an Intersection,On Roadway,None / Unknown,45.49928889,-122.66005278,Not At Intersection,Not a Cyclist,Travel Lane,Not a Cyclist,Not Applicable,Not a Cyclist,45,45 MPH,97,Not Reported,3,"Two-Way,  Divided, Positive  Median Barrier",41051001000,Census Tract 10,93471.0,5841,78.20578668036295,2.3283684300633456,3.5439137134052388,15.071507150715071
410038,1,61,Male,Pedestrian,2021,February,Saturday,8:00am-8:59am,Daylight,Clear,Urban,Local,Not an Intersection,On Roadway,None / Unknown,45.452675,-122.54211389,Not At Intersection,Not a Cyclist,Travel Lane,Not a Cyclist,Not Applicable,Not a Cyclist,25,25 MPH,97,Not Reported,1,"Two-Way, Not Divided",41005022206,Census Tract 222.06,101887.0,6691,68.4651023763264,1.883126587953968,6.770288447167837,3.194797851286401
410051,1,86,Male,Pedestrian,2021,February,Saturday,7:00pm-7:59pm,Dark - Not Lighted,Cloudy,Rural,Major Collector,Not an Intersection,Not Reported,None / Unknown,45.43825833,-122.904625,Not At Intersection,Not a Cyclist,Travel Lane,Not a Cyclist,Not Applicable,Not a Cyclist,55,55 MPH,97,Not Reported,1,"Two-Way, Not Divided",41067032301,Census Tract 323.01,102625.0,1005,74.22885572139305,0.7960199004975124,20.398009950248756,3.6072144288577155
410052,1,25,Male,Bicyclist,2021,February,Sunday,8:00pm-8:59pm,Dark - Not Lighted,Rain,Urban,Principal Arterial - Other,T-Intersection,On Roadway,None / Unknown,44.92429444,-122.98351667,Not a Pedestrian,At Intersection,Not a Pedestrian,Sidewalk  / Crosswalk / Driveway Access,Not a Pedestrian,Not applicable,40,40 MPH,2,Traffic control signal (on colors) with Pedestrian Signal,1,"Two-Way, Not Divided",41047001801,Census Tract 18.01,49316.0,6320,45.56962025316456,0.0,50.52215189873418,4.245880861850444
410058,1,78,Female,Pedestrian,2021,March,Wednesday,7:00pm-7:59pm,Dark - Not Lighted,Clear,Urban,Principal Arterial - Other,T-Intersection,On Roadway,None / Unknown,44.92828611,-123.27661944,Intersection-Related,Not a Cyclist,Travel Lane,Not a Cyclist,Northbound,Not a Cyclist,45,45 MPH,97,Not Reported,1,"Two-Way, Not Divided",41053020202,Census Tract 202.02,68474.0,7050,80.80851063829788,0.9361702127659575,6.695035460992909,3.936
410072,1,23,Male,Pedestrian,2021,June,Monday,9:00pm-9:59pm,Dark - Not Lighted,Rain,Urban,Principal Arterial - Other,Not an Intersection,On Roadway,None / Unknown,44.08814444,-121.30608056,Not At Intersection,Not a Cyclist,Travel Lane,Not a Cyclist,Not Applicable,Not a Cyclist,35,35 MPH,0,No Controls,5,"Two-Way, Not Divided With a Continuous Left-Turn Lane",41017001102,Census Tract 11.02,149876.0,6466,84.99845344880916,0.5103618929786575,6.340859882462109,0.6343906510851419
410073,1,50,Male,Pedestrian,2021,March,Monday,2:00pm-2:59pm,Daylight,Cloudy,Urban,Principal Arterial - Other,T-Intersection,On Roadway,None / Unknown,44.97000278,-122.97073333,At Intersection,Not a Cyclist,Crosswalk Area,Not a Cyclist,Southbound,Not a Cyclist,35,35 MPH,2,Traffic control signal (on colors) with Pedestrian Signal,1,"Two-Way, Not Divided",41047001606,Census Tract 16.06,83514.0,6030,31.87396351575456,0.5970149253731344,64.742951907131,0.5210420841683366
410089,1,22,Male,Pedestrian,2021,May,Monday,2:00am-2:59am,Dark - Not Lighted,Clear,Urban,Interstate,Not an Intersection,On Roadway,None / Unknown,42.33198889,-122.87047222,Not At Intersection,Not a Cyclist,Travel Lane,Not a Cyclist,Not Applicable,Not a Cyclist,55,55 MPH,97,Not Reported,3,"Two-Way,  Divided, Positive  Median Barrier",41029000502,Census Tract 5.02,39184.0,5866,85.74838049778384,1.1933174224343674,7.722468462325264,8.175305520438265
410095,1,60,Male,Pedestrian,2021,May,Tuesday,11:00pm-11:59pm,Dark - Lighted,Clear,Urban,Principal Arterial - Other,Not an Intersection,On Roadway,None / Unknown,44.62244722,-121.13131667,Not At Intersection,Not a Cyclist,Travel Lane,Not a Cyclist,Not Applicable,Not a Cyclist,35,35 MPH,97,Not Reported,1,"Two-Way, Not Divided",41031960201,Census Tract 9602.01,44611.0,3265,43.30781010719755,0.0,41.13323124042879,6.340057636887608
410098,1,55,Male,Pedestrian,2021,April,Saturday,1:00am-1:59am,Dark - Unknown Lighting,Cloudy,Urban,Interstate,Not an Intersection,On Roadway,None / Unknown,45.13401944,-122.89777222,Not At Intersection,Not a Cyclist,Travel Lane,Not a Cyclist,Not Applicable,Not a Cyclist,65,65 MPH,97,Not Reported,3,"Two-Way,  Divided, Positive  Median Barrier",41047010303,Census Tract 103.03,70946.0,4410,39.54648526077097,0.36281179138321995,55.75963718820862,3.598400710795202
410101,1,66,Male,Pedestrian,2021,April,Saturday,9:00pm-9:59pm,Dark - Lighted,Clear,Urban,Principal Arterial - Other,Four-Way Intersection,On Roadway,None / Unknown,45.55918333,-122.57854167,At Intersection,Not a Cyclist,Crosswalk Area,Not a Cyclist,Not Derived/Unknown Initial Direction of Travel,Not a Cyclist,35,35 MPH,97,Not Reported,1,"Two-Way, Not Divided",41051007700,Census Tract 77,80489.0,2069,46.44755920734654,17.448042532624456,17.931367810536493,6.2745098039215685
410102,1,41,Male,Bicyclist,2021,April,Wednesday,3:00am-3:59am,Dark - Not Lighted,Clear,Rural,Principal Arterial - Other,Not an Intersection,On Roadway,None / Unknown,44.20330556,-121.22675278,Not a Pedestrian,Not At Intersection,Not a Pedestrian,Travel Lane,Not a Pedestrian,With Traffic,65,65 MPH,97,Not Reported,1,"Two-Way, Not Divided",41017001002,Census Tract 10.02,78810.0,2557,83.2225263981228,0.0,0.27375831052014077,1.784121320249777
410104,1,24,Male,Pedestrian,2021,April,Thursday,1:00am-1:59am,Dark - Not Lighted,Clear,Urban,Principal Arterial - Other,T-Intersection,On Roadway,None / Unknown,45.50691667,-122.82483889,At Intersection,Not a Cyclist,Crosswalk Area,Not a Cyclist,Not Derived/Unknown Initial Direction of Travel,Not a Cyclist,98,Not Reported,2,Traffic control signal (on colors) with Pedestrian Signal,1,"Two-Way, Not Divided",41067031402,Census Tract 314.02,73897.0,2887,50.710079667474886,3.567717353654312,30.65465881537929,20.876149269875608
410107,1,24,Male,Bicyclist,2021,April,Friday,5:00am-5:59am,Dark - Lighted,Clear,Urban,Principal Arterial - Other,Four-Way Intersection,On Roadway,None / Unknown,45.21145,-123.19794167,Not a Pedestrian,At Intersection,Not a Pedestrian,Travel Lane,Not a Pedestrian,Facing Traffic,25,25 MPH,2,Traffic control signal (on colors) with Pedestrian Signal,4,One-Way Trafficway,41071030801,Census Tract 308.01,46520.0,5852,67.53246753246754,1.1449077238550922,23.78673957621326,14.304694419840565
410110,1,40,Female,Pedestrian,2021,April,Saturday,8:00pm-8:59pm,Dark - Not Lighted,Clear,Urban,Principal Arterial - Other Freeways and Expressways,Not an Intersection,On Roadway,None / Unknown,42.38698611,-122.85596389,Not At Intersection,Not a Cyclist,Travel Lane,Not a Cyclist,Not Applicable,Not a Cyclist,45,45 MPH,97,Not Reported,1,"Two-Way, Not Divided",41029001200,Census Tract 12,71855.0,4368,69.73443223443223,1.1446886446886446,26.098901098901102,0.32080659945004586
410112,1,23,Male,Pedestrian,2021,April,Saturday,11:00pm-11:59pm,Dark - Not Lighted,Clear,Rural,Principal Arterial - Other,Not an Intersection,On Roadway,None / Unknown,45.632,-123.94138056,Not At Intersection,Not a Cyclist,Travel Lane,Not a Cyclist,Not Applicable,Not a Cyclist,45,45 MPH,97,Not Reported,1,"Two-Way, Not Divided",41057960200,Census Tract 9602,54375.0,2816,91.76136363636364,0.5681818181818182,4.154829545454546,8.110599078341014
410134,1,41,Male,Pedestrian,2021,May,Saturday,11:00pm-11:59pm,Dark - Lighted,Clear,Urban,Interstate,Not an Intersection,On Shoulder,None / Unknown,45.04875278,-122.97407222,Not At Intersection,Not a Cyclist,Paved Shoulder / Bicycle Lane / Parking Lane,Not a Cyclist,Not Applicable,Not a Cyclist,65,65 MPH,97,Not Reported,6,Entrance/Exit Ramp,41047002502,Census Tract 25.02,79474.0,5713,59.110799929984246,0.0,34.605286189392615,1.1252813203300824
410136,1,41,Male,Pedestrian,2021,May,Monday,1:00am-1:59am,Dark - Not Lighted,Clear,Urban,Principal Arterial - Other,Not an Intersection,On Roadway,None / Unknown,45.51998889,-123.01166111,Not At Intersection,Not a Cyclist,Travel Lane,Not a Cyclist,Not Applicable,Not a Cyclist,40,40 MPH,97,Not Reported,1,"Two-Way, Not Divided",41067032901,Census Tract 329.01,91136.0,6727,44.9531737773153,1.010851791288836,46.70729894455181,6.9700827498408655
410141,1,14,Male,Bicyclist,2021,May,Monday,7:00pm-7:59pm,Daylight,Clear,Urban,Local,T-Intersection,On Roadway,None / Unknown,42.32298611,-122.81627222,Not a Pedestrian,At Intersection,Not a Pedestrian,Travel Lane,Not a Pedestrian,Not applicable,25,25 MPH,97,Not Reported,1,"Two-Way, Not Divided",41029000604,Census Tract 6.04,66364.0,3804,86.67192429022083,0.0,11.487907465825446,4.408602150537634
410158,1,63,Female,Pedestrian,2021,June,Thursday,1:00am-1:59am,Dark - Not Lighted,Clear,Rural,Interstate,Not an Intersection,On Roadway,None / Unknown,45.10025,-122.932125,Not At Intersection,Not a Cyclist,Travel Lane,Not a Cyclist,Not Applicable,Not a Cyclist,60,60 MPH,97,Not Reported,3,"Two-Way,  Divided, Positive  Median Barrier",41047010303,Census Tract 103.03,70946.0,4410,39.54648526077097,0.36281179138321995,55.75963718820862,3.598400710795202
410168,1,79,Male,Pedestrian,2021,June,Thursday,8:00am-8:59am,Daylight,Clear,Urban,Local,Not an Intersection,On Roadway,None / Unknown,45.43353889,-122.48418056,Not At Intersection,Not a Cyclist,Travel Lane,Not a Cyclist,Not Applicable,Not a Cyclist,98,Not Reported,97,Not Reported,1,"Two-Way, Not Divided",41005023201,Census Tract 232.01,109950.0,4117,79.11100315763906,0.0,8.185572018460045,1.3851891315929674
410180,1,73,Female,Pedestrian,2021,July,Friday,4:00pm-4:59pm,Daylight,Clear,Urban,Principal Arterial - Other,Four-Way Intersection,On Roadway,None / Unknown,44.94288056,-123.03545833,At Intersection,Not a Cyclist,Crosswalk Area,Not a Cyclist,Northbound,Not a Cyclist,25,25 MPH,2,Traffic control signal (on colors) with Pedestrian Signal,4,One-Way Trafficway,41047000200,Census Tract 2,51630.0,4225,65.37278106508876,0.5680473372781065,16.023668639053255,26.73956262425447
410185,1,34,Male,Pedestrian,2021,July,Monday,1:00am-1:59am,Dark - Lighted,Clear,Urban,Minor Arterial,Not an Intersection,On Roadway,None / Unknown,45.59501389,-122.63539722,Not At Intersection,Not a Cyclist,Travel Lane,Not a Cyclist,Not Applicable,Not a Cyclist,45,45 MPH,97,Not Reported,1,"Two-Way, Not Divided",41051007300,Census Tract 73,40893.0,1362,56.093979441997064,10.719530102790015,14.170337738619676,22.18045112781955
410191,1,35,Female,Pedestrian,2021,July,Wednesday,10:00pm-10:59pm,Dark - Lighted,Clear,Urban,Principal Arterial - Other,Four-Way Intersection,On Roadway,None / Unknown,44.94685556,-123.03723889,At Intersection,Not a Cyclist,Crosswalk Area,Not a Cyclist,Not Derived/Unknown Initial Direction of Travel,Not a Cyclist,30,30 MPH,2,Traffic control signal (on colors) with Pedestrian Signal,1,"Two-Way, Not Divided",41047000200,Census Tract 2,51630.0,4225,65.37278106508876,0.5680473372781065,16.023668639053255,26.73956262425447
410199,1,70,Male,Pedestrian,2021,July,Monday,9:00pm-9:59pm,Not Reported,Not Reported,Urban,Principal Arterial - Other,Not an Intersection,On Roadway,None / Unknown,43.39411389,-124.21951944,Not At Intersection,Not a Cyclist,Travel Lane,Not a Cyclist,Not Applicable,Not a Cyclist,45,45 MPH,97,Not Reported,1,"Two-Way, Not Divided",41011000300,Census Tract 3,55792.0,3591,74.12976886661097,2.199944305207463,11.166805903648008,0.27932960893854747
410217,1,49,Male,Pedestrian,2021,August,Sunday,1:00am-1:59am,Dark - Not Lighted,Clear,Urban,Interstate,Not an Intersection,On Roadway,None / Unknown,43.22035278,-123.35845833,Not At Intersection,Not a Cyclist,Travel Lane,Not a Cyclist,Not Applicable,Not a Cyclist,60,60 MPH,97,Not Reported,3,"Two-Way,  Divided, Positive  Median Barrier",41019080002,Census Tract 800.02,86645.0,5158,81.62078324932143,0.11632415664986429,7.929430011632416,1.73046670162559
410219,1,33,Female,Pedestrian,2021,July,Friday,1:00pm-1:59pm,Daylight,Clear,Urban,Principal Arterial - Other,Not an Intersection,On Roadway,None / Unknown,44.96908056,-122.98483056,Not At Intersection,Not a Cyclist,Travel Lane,Not a Cyclist,Not Applicable,Not a Cyclist,35,35 MPH,97,Not Reported,3,"Two-Way,  Divided, Positive  Median Barrier",41047001607,Census Tract 16.07,48151.0,4844,30.099091659785298,0.0,44.426094137076795,14.608233731739709
410235,1,48,Male,Pedestrian,2021,August,Tuesday,1:00am-1:59am,Dark - Lighted,Clear,Urban,Minor Arterial,Not an Intersection,On Roadway,None / Unknown,45.53514444,-122.63107778,Not At Intersection,Not a Cyclist,Travel Lane,Not a Cyclist,Not Applicable,Not a Cyclist,98,Not Reported,97,Not Reported,1,"Two-Way, Not Divided",41051002502,Census Tract 25.02,89554.0,4491,78.53484747272323,2.404809619238477,9.107103095079047,12.160836874795685
410236,1,61,Male,Bicyclist,2021,August,Tuesday,6:00pm-6:59pm,Daylight,Clear,Rural,Minor Arterial,Not an Intersection,On Shoulder,None / Unknown,43.99690833,-121.40109167,Not a Pedestrian,Not At Intersection,Not a Pedestrian,Bicycle Lane / Paved Shoulder / Parking Lane,Not a Pedestrian,Unknown,55,55 MPH,97,Not Reported,1,"Two-Way, Not Divided",41017000401,Census Tract 4.01,87035.0,5756,81.7234190410007,1.3029881862404449,6.480194579569146,2.8040430388001303
410248,1,37,Male,Bicyclist,2021,July,Sunday,1:00am-1:59am,Dark - Unknown Lighting,Not Reported,Rural,Minor Arterial,Not an Intersection,On Shoulder,None / Unknown,45.25514167,-122.77018333,Not a Pedestrian,Not At Intersection,Not a Pedestrian,Bicycle Lane / Paved Shoulder / Parking Lane,Not a Pedestrian,With Traffic,98,Not Reported,97,Not Reported,1,"Two-Way, Not Divided",41047010202,Census Tract 102.02,75750.0,8104,65.07897334649556,1.0365251727541955,31.071076011846,1.6804407713498621
410255,1,59,Male,Bicyclist,2021,March,Saturday,4:00pm-4:59pm,Daylight,Clear,Urban,Principal Arterial - Other,Four-Way Intersection,On Roadway,None / Unknown,44.06497222,-121.30252778,Not a Pedestrian,At Intersection,Not a Pedestrian,Sidewalk  / Crosswalk / Driveway Access,Not a Pedestrian,Not applicable,98,Not Reported,3,Traffic control signal(on colors) not known whether or not Pedestrian Signal,1,"Two-Way, Not Divided",41017001601,Census Tract 16.01,64363.0,4643,88.64958001292268,0.021537798836958864,2.067628688348051,0.6797281087564974
410257,1,43,Male,Pedestrian,2021,May,Wednesday,7:00am-7:59am,Not Reported,Not Reported,Urban,Principal Arterial - Other,Not an Intersection,On Roadway,None / Unknown,43.38100833,-124.24601111,Not At Intersection,Not a Cyclist,Travel Lane,Not a Cyclist,Not Applicable,Not a Cyclist,98,Not Reported,97,Not Reported,1,"Two-Way, Not Divided",41011000505,Census Tract 5.05,41069.0,4204,78.54424357754519,1.0466222645099905,11.132254995242626,0.0
410260,1,84,Female,Bicyclist,2021,July,Saturday,6:00am-6:59am,Dawn,Clear,Urban,Major Collector,Not an Intersection,Not Reported,None / Unknown,42.25995556,-122.82396111,Not a Pedestrian,Not At Intersection,Not a Pedestrian,Unknown,Not a Pedestrian,Unknown,45,45 MPH,97,Not Reported,1,"Two-Way, Not Divided",41029001602,Census Tract 16.02,58459.0,5841,81.71545968156137,0.9929806539976032,12.960109570279062,5.3355704697986575
410265,1,47,Female,Pedestrian,2021,August,Sunday,8:00pm-8:59pm,Dark - Lighted,Clear,Urban,Minor Arterial,Four-Way Intersection,On Roadway,None / Unknown,44.04770833,-123.09429722,At Intersection,Not a Cyclist,Crosswalk Area,Not a Cyclist,Not Derived/Unknown Initial Direction of Travel,Not a Cyclist,25,25 MPH,2,Traffic control signal (on colors) with Pedestrian Signal,1,"Two-Way, Not Divided",41039003900,Census Tract 39,35867.0,4008,81.312375249501,0.17465069860279442,8.08383233532934,19.15841584158416
410266,1,67,Female,Pedestrian,2021,August,Thursday,1:00am-1:59am,Dark - Lighted,Cloudy,Urban,Principal Arterial - Other,Not an Intersection,On Roadway,None / Unknown,44.92303889,-123.01133056,Not At Intersection,Not a Cyclist,Travel Lane,Not a Cyclist,Not Applicable,Not a Cyclist,40,40 MPH,97,Not Reported,3,"Two-Way,  Divided, Positive  Median Barrier",41047001000,Census Tract 10,55648.0,4534,68.68107631230701,1.0807234230260256,21.08513453903838,5.51301684532925
410271,1,23,Male,Pedestrian,2021,August,Friday,2:00am-2:59am,Dark - Not Lighted,Clear,Rural,Interstate,Not an Intersection,On Roadway,None / Unknown,42.77962778,-123.27583611,Not At Intersection,Not a Cyclist,Travel Lane,Not a Cyclist,Not Applicable,Not a Cyclist,65,65 MPH,97,Not Reported,3,"Two-Way,  Divided, Positive  Median Barrier",41019210000,Census Tract 2100,52436.0,3853,87.82766675317934,0.0,4.386192577212562,7.983539094650206
410274,1,69,Female,Pedestrian,2021,August,Sunday,7:00pm-7:59pm,Daylight,Clear,Urban,Principal Arterial - Other,Four-Way Intersection,On Roadway,None / Unknown,44.54029722,-123.37535556,At Intersection,Not a Cyclist,Crosswalk Area,Not a Cyclist,Not Derived/Unknown Initial Direction of Travel,Not a Cyclist,25,25 MPH,97,Not Reported,4,One-Way Trafficway,41003010800,Census Tract 108,71313.0,4259,86.61657666118808,0.0,5.658605306409956,4.247572815533981
410279,1,35,Male,Pedestrian,2021,September,Thursday,9:00am-9:59am,Daylight,Clear,Urban,Local,Not an Intersection,On Roadside,None / Unknown,45.49048889,-122.65507222,Not At Intersection,Not a Cyclist,Sidewalk / Shared-Use Path / Driveway Access,Not a Cyclist,Not Applicable,Not a Cyclist,45,45 MPH,97,Not Reported,3,"Two-Way,  Divided, Positive  Median Barrier",41051001000,Census Tract 10,93471.0,5841,78.20578668036295,2.3283684300633456,3.5439137134052388,15.071507150715071
410283,1,51,Male,Pedestrian,2021,May,Wednesday,2:00am-2:59am,Dark - Lighted,Clear,Urban,Principal Arterial - Other,T-Intersection,On Roadway,None / Unknown,45.49417222,-122.870075,At Intersection,Not a Cyclist,Intersection Area,Not a Cyclist,Not Derived/Unknown Initial Direction of Travel,Not a Cyclist,35,35 MPH,97,Not Reported,1,"Two-Way, Not Divided",41067031606,Census Tract 316.06,97344.0,5815,48.23731728288908,6.122098022355976,31.418744625967328,5.070866141732284
410288,1,34,Male,Pedestrian,2021,September,Saturday,4:00am-4:59am,Dark - Lighted,Clear,Urban,Principal Arterial - Other,Not an Intersection,On Roadway,None / Unknown,45.56605,-122.74924167,Not At Intersection,Not a Cyclist,Travel Lane,Not a Cyclist,Not Applicable,Not a Cyclist,45,45 MPH,97,Not Reported,1,"Two-Way, Not Divided",41051004300,Census Tract 43,109375.0,1027,86.6601752677702,0.3894839337877313,9.444985394352482,2.6737967914438503
410290,1,61,Female,Bicyclist,2021,September,Monday,7:00pm-7:59pm,Daylight,Clear,Rural,Minor Arterial,Not an Intersection,On Roadway,None / Unknown,45.01024444,-122.91012778,Not a Pedestrian,Not At Intersection,Not a Pedestrian,Travel Lane,Not a Pedestrian,With Traffic,55,55 MPH,97,Not Reported,1,"Two-Way, Not Divided",41047002600,Census Tract 26,99259.0,2103,78.45934379457917,0.0,14.740846409890631,2.965235173824131
410324,1,53,Male,Person on Motorized Personal Conveyance,2021,February,Tuesday,5:00pm-5:59pm,Daylight,Clear,Urban,Principal Arterial - Other,Not an Intersection,On Roadway,None / Unknown,43.23839444,-123.35282222,Not At Intersection,Not a Cyclist,Paved Shoulder / Bicycle Lane / Parking Lane,Not a Cyclist,Not Applicable,Not a Cyclist,98,Not Reported,97,Not Reported,1,"Two-Way, Not Divided",41019120002,Census Tract 1200.02,45496.0,4394,79.33545744196631,0.40964952207555755,9.558488848429675,6.498951781970649
410337,1,61,Female,Pedestrian,2021,April,Friday,8:00pm-8:59pm,Dark - Lighted,Clear,Urban,Principal Arterial - Other,Not an Intersection,On Roadway,None / Unknown,44.88866389,-123.03378889,Not At Intersection,Not a Cyclist,Travel Lane,Not a Cyclist,Not Applicable,Not a Cyclist,45,45 MPH,97,Not Reported,1,"Two-Way, Not Divided",41047002001,Census Tract 20.01,96032.0,5479,68.89943420332177,2.2449352071545903,8.870231794123015,1.245674740484429
410341,1,40,Male,Pedestrian,2021,September,Sunday,6:00pm-6:59pm,Not Reported,Not Reported,Rural,Minor Arterial,Not an Intersection,On Roadway,None / Unknown,43.26236667,-123.40397222,Not At Intersection,Not a Cyclist,Travel Lane,Not a Cyclist,Not Applicable,Not a Cyclist,55,55 MPH,97,Not Reported,1,"Two-Way, Not Divided",41019080001,Census Tract 800.01,54618.0,2962,74.983119513842,0.0,19.412559081701552,0.0
410348,1,65,Male,Pedestrian,2021,August,Monday,9:00pm-9:59pm,Dark - Lighted,Clear,Urban,Major Collector,T-Intersection,On Roadway,None / Unknown,45.35898889,-122.83628056,At Intersection,Not a Cyclist,Crosswalk Area,Not a Cyclist,Not Derived/Unknown Initial Direction of Travel,Not a Cyclist,25,25 MPH,2,Traffic control signal (on colors) with Pedestrian Signal,1,"Two-Way, Not Divided",41067032112,Census Tract 321.12,89651.0,7007,77.40830597973455,0.0,11.559868702725845,4.275256222547584
410353,1,58,Female,Pedestrian,2021,August,Monday,4:00pm-4:59pm,Daylight,Clear,Urban,Principal Arterial - Other,Not an Intersection,On Roadway,None / Unknown,45.49710833,-122.44287222,Not At Intersection,Not a Cyclist,Travel Lane,Not a Cyclist,Not Applicable,Not a Cyclist,35,35 MPH,97,Not Reported,1,"Two-Way, Not Divided",41051010001,Census Tract 100.01,43214.0,5876,68.46494213750852,3.1994554118447924,16.21851599727706,9.595254710397768
410355,1,36,Male,Pedestrian,2021,September,Monday,9:00pm-9:59pm,Not Reported,Not Reported,Urban,Principal Arterial - Other,Not an Intersection,On Roadway,None / Unknown,44.05503611,-123.12807778,Not At Intersection,Not a Cyclist,Travel Lane,Not a Cyclist,Not Applicable,Not a Cyclist,98,Not Reported,97,Not Reported,1,"Two-Way, Not Divided",41039004200,Census Tract 42,43365.0,3424,69.85981308411215,2.803738317757009,16.647196261682243,23.198773633111905
410356,1,44,Male,Bicyclist,2021,September,Sunday,9:00pm-9:59pm,Not Reported,Not Reported,Urban,Principal Arterial - Other,Not an Intersection,Not Reported,None / Unknown,42.24126944,-122.77663889,Not a Pedestrian,Not At Intersection,Not a Pedestrian,Unknown,Not a Pedestrian,Unknown,98,Not Reported,97,Not Reported,8,Not Reported,41029001702,Census Tract 17.02,48466.0,4447,81.74049921295256,0.29233190915223745,13.020013492241961,4.191077061739523
410362,1,39,Male,Pedestrian,2021,November,Saturday,7:00pm-7:59pm,Dark - Not Lighted,Cloudy,Urban,Interstate,Not an Intersection,On Roadway,None / Unknown,44.63175,-123.06234167,Not At Intersection,Not a Cyclist,Travel Lane,Not a Cyclist,Not Applicable,Not a Cyclist,65,65 MPH,97,Not Reported,3,"Two-Way,  Divided, Positive  Median Barrier",41043020103,Census Tract 201.03,75804.0,2918,80.26045236463331,0.205620287868403,14.15352981494174,4.163512490537472
410367,1,72,Female,Pedestrian,2021,September,Monday,7:00pm-7:59pm,Dark - Not Lighted,Rain,Rural,Major Collector,T-Intersection,On Roadway,None / Unknown,42.57708056,-121.87192222,At Intersection,Not a Cyclist,Intersection Area,Not a Cyclist,Not Derived/Unknown Initial Direction of Travel,Not a Cyclist,50,50 MPH,97,Not Reported,1,"Two-Way, Not Divided",41035970202,Census Tract 9702.02,56875.0,2748,68.74090247452693,0.0,3.7481804949053856,2.7382256297918945
410368,1,29,Male,Pedestrian,2021,September,Wednesday,10:00pm-10:59pm,Dark - Lighted,Cloudy,Urban,Minor Arterial,Not an Intersection,On Roadway,None / Unknown,45.61025,-122.69500556,Not At Intersection,Not a Cyclist,Travel Lane,Not a Cyclist,Not Applicable,Not a Cyclist,40,40 MPH,97,Not Reported,1,"Two-Way, Not Divided",41051007202,Census Tract 72.02,84154.0,3308,48.70012091898428,11.910519951632406,23.518742442563482,7.27362691736764
410370,1,34,Male,Pedestrian,2021,October,Friday,8:00pm-8:59pm,Dark - Lighted,Cloudy,Urban,Principal Arterial - Other,Not an Intersection,On Roadway,None / Unknown,45.49741667,-122.63596667,Not At Intersection,Not a Cyclist,Travel Lane,Not a Cyclist,Not Applicable,Not a Cyclist,98,Not Reported,97,Not Reported,1,"Two-Way, Not Divided",41051000902,Census Tract 9.02,84699.0,5324,65.43951915852743,4.338842975206612,12.340345604808414,25.899280575539567
410385,1,41,Male,Bicyclist,2021,October,Friday,7:00pm-7:59pm,Dark - Lighted,Clear,Urban,Principal Arterial - Other Freeways and Expressways,Four-Way Intersection,On Roadway,None / Unknown,44.972875,-123.02096111,Not a Pedestrian,At Intersection,Not a Pedestrian,Travel Lane,Not a Pedestrian,Not applicable,45,45 MPH,2,Traffic control signal (on colors) with Pedestrian Signal,1,"Two-Way, Not Divided",41047000400,Census Tract 4,53686.0,5341,59.42707358172626,0.03744617112900206,30.81819883916869,4.233870967741935
410393,1,31,Male,Pedestrian,2021,October,Saturday,9:00pm-9:59pm,Dark - Lighted,Clear,Urban,Principal Arterial - Other,Not an Intersection,On Roadway,None / Unknown,45.49735556,-122.63576111,Not At Intersection,Not a Cyclist,Travel Lane,Not a Cyclist,Not Applicable,Not a Cyclist,35,35 MPH,97,Not Reported,1,"Two-Way, Not Divided",41051000902,Census Tract 9.02,84699.0,5324,65.43951915852743,4.338842975206612,12.340345604808414,25.899280575539567
410399,1,63,Male,Pedestrian,2021,November,Wednesday,10:00pm-10:59pm,Dark - Not Lighted,Rain,Urban,Interstate,Not an Intersection,On Shoulder,None / Unknown,43.24948056,-123.36009167,Not At Intersection,Not a Cyclist,Paved Shoulder / Bicycle Lane / Parking Lane,Not a Cyclist,Not Applicable,Not a Cyclist,55,55 MPH,97,Not Reported,3,"Two-Way,  Divided, Positive  Median Barrier",41019080001,Census Tract 800.01,54618.0,2962,74.983119513842,0.0,19.412559081701552,0.0
410405,1,75,Male,Pedestrian,2021,May,Monday,7:00am-7:59am,Daylight,Clear,Urban,Local,Not an Intersection,Reported as Unknown,None / Unknown,44.62200833,-123.23648889,Unknown / Insufficient Information,Not a Cyclist,Other/Unknown,Not a Cyclist,Not Applicable,Not a Cyclist,10,10 MPH,97,Not Reported,1,"Two-Way, Not Divided",41003000600,Census Tract 6,52371.0,4634,82.75787656452309,1.251618472162279,9.06344410876133,3.2149712092130516
410410,1,80,Male,Bicyclist,2021,October,Tuesday,7:00pm-7:59pm,Not Reported,Not Reported,Rural,Minor Arterial,Not an Intersection,Reported as Unknown,None / Unknown,44.88446944,-123.18449167,Not a Pedestrian,Not At Intersection,Not a Pedestrian,Unknown,Not a Pedestrian,Unknown,98,Not Reported,97,Not Reported,8,Not Reported,41053020303,Census Tract 203.03,63460.0,5063,73.27671341102113,0.9085522417539009,17.440252814536837,10.251132153149445
410417,1,40,Female,Pedestrian,2021,November,Thursday,7:00pm-7:59pm,Dark - Not Lighted,Cloudy,Urban,Principal Arterial - Other,Not an Intersection,On Roadway,None / Unknown,45.69445556,-122.87131667,Not At Intersection,Not a Cyclist,Travel Lane,Not a Cyclist,Not Applicable,Not a Cyclist,55,55 MPH,97,Not Reported,1,"Two-Way, Not Divided",41051007100,Census Tract 71,94205.0,2518,82.12867355043686,0.0,7.664813343923749,9.435707678075856
410421,1,29,Male,Pedestrian,2021,September,Monday,8:00am-8:59am,Daylight,Cloudy,Urban,Interstate,Not an Intersection,On Roadway,None / Unknown,45.53026944,-122.63748889,Not At Intersection,Not a Cyclist,Travel Lane,Not a Cyclist,Not Applicable,Not a Cyclist,98,Not Reported,97,Not Reported,3,"Two-Way,  Divided, Positive  Median Barrier",41051002002,Census Tract 20.02,59060.0,3920,58.16326530612245,0.40816326530612246,19.77040816326531,20.63606794362125
410426,1,56,Female,Pedestrian,2021,November,Friday,4:00am-4:59am,Dark - Lighted,Rain,Urban,Minor Arterial,Not an Intersection,On Roadway,None / Unknown,45.55595,-122.68533056,Not At Intersection,Not a Cyclist,Travel Lane,Not a Cyclist,Not Applicable,Not a Cyclist,40,40 MPH,97,Not Reported,1,"Two-Way, Not Divided",41051003501,Census Tract 35.01,105347.0,3689,75.76579018704255,7.1564109514773655,7.563025210084033,13.725490196078432
410426,2,54,Male,Pedestrian,2021,November,Friday,4:00am-4:59am,Dark - Lighted,Rain,Urban,Minor Arterial,Not an Intersection,On Roadway,None / Unknown,45.55595,-122.68533056,Not At Intersection,Not a Cyclist,Travel Lane,Not a Cyclist,Not Applicable,Not a Cyclist,40,40 MPH,97,Not Reported,1,"Two-Way, Not Divided",41051003501,Census Tract 35.01,105347.0,3689,75.76579018704255,7.1564109514773655,7.563025210084033,13.725490196078432
410433,1,42,Male,Pedestrian,2021,November,Monday,9:00pm-9:59pm,Dark - Lighted,Clear,Urban,Minor Arterial,Not an Intersection,On Roadway,None / Unknown,45.53366389,-122.46761944,Not At Intersection,Not a Cyclist,Travel Lane,Not a Cyclist,Not Applicable,Not a Cyclist,40,40 MPH,97,Not Reported,1,"Two-Way, Not Divided",41051009604,Census Tract 96.04,61320.0,5441,43.39275868406543,6.7818415732402135,36.66605403418489,6.995884773662551
410437,1,61,Male,Bicyclist,2021,November,Wednesday,7:00pm-7:59pm,Dark - Lighted,Cloudy,Urban,Interstate,Not an Intersection,On Roadway,None / Unknown,44.99995278,-122.99926944,Not a Pedestrian,Not At Intersection,Not a Pedestrian,Travel Lane,Not a Pedestrian,Not applicable,60,60 MPH,97,Not Reported,3,"Two-Way,  Divided, Positive  Median Barrier",41047002502,Census Tract 25.02,79474.0,5713,59.110799929984246,0.0,34.605286189392615,1.1252813203300824
410438,1,60,Male,Bicyclist,2021,November,Friday,5:00pm-5:59pm,Dark - Not Lighted,Cloudy,Urban,Major Collector,Not an Intersection,On Roadway,None / Unknown,42.40340556,-122.85579722,Not a Pedestrian,Not At Intersection,Not a Pedestrian,Travel Lane,Not a Pedestrian,Not applicable,45,45 MPH,97,Not Reported,1,"Two-Way, Not Divided",41029001301,Census Tract 13.01,68333.0,5767,67.79954915900815,0.1387203051846714,27.709380960638114,0.5323505323505323
410447,1,70,Male,Pedestrian,2021,November,Saturday,6:00am-6:59am,Dark - Not Lighted,Clear,Urban,Principal Arterial - Other,Not an Intersection,On Roadway,None / Unknown,42.20649444,-121.73047222,Not At Intersection,Not a Cyclist,Travel Lane,Not a Cyclist,Not Applicable,Not a Cyclist,35,35 MPH,97,Not Reported,1,"Two-Way, Not Divided",41035971300,Census Tract 9713,53558.0,6144,76.69270833333334,0.016276041666666664,14.615885416666666,0.0
410452,1,43,Female,Pedestrian,2021,November,Saturday,9:00pm-9:59pm,Dark - Not Lighted,Cloudy,Urban,Principal Arterial - Other,Not an Intersection,On Roadway,None / Unknown,44.24318056,-121.19239167,Not At Intersection,Not a Cyclist,Travel Lane,Not a Cyclist,Not Applicable,Not a Cyclist,65,65 MPH,97,Not Reported,3,"Two-Way,  Divided, Positive  Median Barrier",41017000901,Census Tract 9.01,63656.0,5234,73.61482613679786,0.0,21.57050057317539,3.204327923429047
410453,1,25,Female,Pedestrian,2021,November,Friday,9:00pm-9:59pm,Dark - Not Lighted,Rain,Urban,Interstate,Not an Intersection,On Roadway,None / Unknown,44.92270556,-122.99041111,Not At Intersection,Not a Cyclist,Travel Lane,Not a Cyclist,Not Applicable,Not a Cyclist,60,60 MPH,97,Not Reported,3,"Two-Way,  Divided, Positive  Median Barrier",41047001000,Census Tract 10,55648.0,4534,68.68107631230701,1.0807234230260256,21.08513453903838,5.51301684532925
410454,1,36,Male,Pedestrian,2021,November,Wednesday,5:00pm-5:59pm,Dark - Not Lighted,Cloudy,Urban,Major Collector,Not an Intersection,On Roadway,None / Unknown,45.56736389,-122.53082778,Not At Intersection,Not a Cyclist,Travel Lane,Not a Cyclist,Not Applicable,Not a Cyclist,40,40 MPH,97,Not Reported,1,"Two-Way, Not Divided",41051007300,Census Tract 73,40893.0,1362,56.093979441997064,10.719530102790015,14.170337738619676,22.18045112781955
410456,1,78,Female,Bicyclist,2021,November,Sunday,10:00am-10:59am,Daylight,Cloudy,Rural,Minor Arterial,T-Intersection,On Roadway,None / Unknown,44.48930833,-123.44959444,Not a Pedestrian,At Intersection,Not a Pedestrian,Travel Lane,Not a Pedestrian,With Traffic,55,55 MPH,97,Not Reported,1,"Two-Way, Not Divided",41003010300,Census Tract 103,79303.0,3385,86.08567208271786,0.0,8.478581979320532,2.503793626707132
410461,1,68,Male,Pedestrian,2021,December,Saturday,6:00pm-6:59pm,Dark - Not Lighted,Rain,Urban,Minor Arterial,Not an Intersection,On Roadway,None / Unknown,45.18598333,-122.80038611,Not At Intersection,Not a Cyclist,Travel Lane,Not a Cyclist,Not Applicable,Not a Cyclist,35,35 MPH,97,Not Reported,1,"Two-Way, Not Divided",41047010202,Census Tract 102.02,75750.0,8104,65.07897334649556,1.0365251727541955,31.071076011846,1.6804407713498621
410464,1,60,Male,Bicyclist,2021,December,Friday,9:00pm-9:59pm,Dark - Not Lighted,Rain,Urban,Principal Arterial - Other,Four-Way Intersection,On Roadway,None / Unknown,45.77996111,-122.87542778,Not a Pedestrian,At Intersection,Not a Pedestrian,Travel Lane,Not a Pedestrian,Not applicable,55,55 MPH,20,Stop Sign,1,"Two-Way, Not Divided",41009970600,Census Tract 9706,98679.0,6184,90.1843467011643,0.11319534282018111,6.969598965071151,1.9701302828090246
410474,1,59,Male,Bicyclist,2021,December,Saturday,6:00pm-6:59pm,Dark - Not Lighted,Rain,Urban,Principal Arterial - Other,Not an Intersection,On Shoulder,None / Unknown,45.97001389,-123.92548333,Not a Pedestrian,Not At Intersection,Not a Pedestrian,Bicycle Lane / Paved Shoulder / Parking Lane,Not a Pedestrian,With Traffic,55,55 MPH,97,Not Reported,1,"Two-Way, Not Divided",41007951100,Census Tract 9511,64115.0,4494,84.49043168669337,1.8691588785046727,9.012016021361816,7.81094527363184
410476,1,30,Male,Pedestrian,2021,December,Wednesday,11:00pm-11:59pm,Dark - Lighted,Rain,Urban,Principal Arterial - Other,Not an Intersection,On Roadway,None / Unknown,44.00029444,-123.01403333,Not At Intersection,Not a Cyclist,Travel Lane,Not a Cyclist,Not Applicable,Not a Cyclist,60,60 MPH,97,Not Reported,4,One-Way Trafficway,41039001700,Census Tract 17,77188.0,5046,93.12326595323029,0.5747126436781609,1.6250495441934205,1.8435475834578976
410481,1,50,Male,Pedestrian,2021,January,Saturday,6:00am-6:59am,Dark - Lighted,Clear,Urban,Minor Arterial,Not an Intersection,On Roadway,None / Unknown,45.5861,-122.68690833,Not At Intersection,Not a Cyclist,Travel Lane,Not a Cyclist,Not Applicable,Not a Cyclist,98,Not Reported,97,Not Reported,1,"Two-Way, Not Divided",41051007202,Census Tract 72.02,84154.0,3308,48.70012091898428,11.910519951632406,23.518742442563482,7.27362691736764
410483,1,32,Female,Pedestrian,2021,February,Thursday,7:00pm-7:59pm,Dark - Lighted,Rain,Urban,Principal Arterial - Other,Four-Way Intersection,On Roadway,None / Unknown,44.55948889,-123.26355278,At Intersection,Not a Cyclist,Crosswalk Area,Not a Cyclist,Northbound,Not a Cyclist,25,25 MPH,3,Traffic control signal(on colors) not known whether or not Pedestrian Signal,4,One-Way Trafficway,41003010601,Census Tract 106.01,23765.0,2845,73.77855887521967,3.5500878734622145,9.595782073813709,25.848032564450474
410484,1,61,Female,Pedestrian,2021,February,Saturday,6:00pm-6:59pm,Dark - Lighted,Cloudy,Urban,Minor Arterial,T-Intersection,On Roadway,None / Unknown,45.51912222,-122.523575,At Intersection,Not a Cyclist,Crosswalk Area,Not a Cyclist,Not Derived/Unknown Initial Direction of Travel,Not a Cyclist,30,30 MPH,97,Not Reported,8,Not Reported,41051009203,Census Tract 92.03,46026.0,3081,58.81207400194742,4.414151249594288,21.648815319701395,0.7119741100323626
410488,1,9,Female,Pedestrian,2021,March,Saturday,5:00pm-5:59pm,Daylight,Clear,Urban,Principal Arterial - Other,Not an Intersection,On Roadside,None / Unknown,45.50038333,-122.43623611,Not At Intersection,Not a Cyclist,Sidewalk / Shared-Use Path / Driveway Access,Not a Cyclist,Not Applicable,Not a Cyclist,40,40 MPH,97,Not Reported,3,"Two-Way,  Divided, Positive  Median Barrier",41051010001,Census Tract 100.01,43214.0,5876,68.46494213750852,3.1994554118447924,16.21851599727706,9.595254710397768
410488,2,29,Female,Pedestrian,2021,March,Saturday,5:00pm-5:59pm,Daylight,Clear,Urban,Principal Arterial - Other,Not an Intersection,On Roadside,None / Unknown,45.50038333,-122.43623611,Not At Intersection,Not a Cyclist,Sidewalk / Shared-Use Path / Driveway Access,Not a Cyclist,Not Applicable,Not a Cyclist,40,40 MPH,97,Not Reported,3,"Two-Way,  Divided, Positive  Median Barrier",41051010001,Census Tract 100.01,43214.0,5876,68.46494213750852,3.1994554118447924,16.21851599727706,9.595254710397768
410488,3,2,Female,Pedestrian,2021,March,Saturday,5:00pm-5:59pm,Daylight,Clear,Urban,Principal Arterial - Other,Not an Intersection,On Roadside,None / Unknown,45.50038333,-122.43623611,Not At Intersection,Not a Cyclist,Sidewalk / Shared-Use Path / Driveway Access,Not a Cyclist,Not Applicable,Not a Cyclist,40,40 MPH,97,Not Reported,3,"Two-Way,  Divided, Positive  Median Barrier",41051010001,Census Tract 100.01,43214.0,5876,68.46494213750852,3.1994554118447924,16.21851599727706,9.595254710397768
410490,1,47,Male,Person on Non-Motorized Personal Conveyance,2021,April,Sunday,5:00pm-5:59pm,Daylight,Clear,Urban,Principal Arterial - Other,Four-Way Intersection,On Roadway,None / Unknown,45.53360278,-122.53749167,At Intersection,Not a Cyclist,Crosswalk Area,Not a Cyclist,Northbound,Not a Cyclist,98,Not Reported,3,Traffic control signal(on colors) not known whether or not Pedestrian Signal,1,"Two-Way, Not Divided",41051009400,Census Tract 94,71498.0,6593,70.15015925982102,6.370392840891855,9.479751251327166,5.108194395175595
410491,1,30,Male,Pedestrian,2021,April,Saturday,11:00pm-11:59pm,Dark - Lighted,Cloudy,Urban,Principal Arterial - Other,Not an Intersection,On Roadway,None / Unknown,45.55933889,-122.57862778,Not At Intersection,Not a Cyclist,Travel Lane,Not a Cyclist,Not Applicable,Not a Cyclist,98,Not Reported,97,Not Reported,1,"Two-Way, Not Divided",41051007600,Census Tract 76,63016.0,3530,53.59773371104816,4.3342776203966,26.572237960339944,5.993340732519423
410492,1,34,Female,Pedestrian,2021,May,Sunday,1:00am-1:59am,Dark - Unknown Lighting,Not Reported,Rural,Local,Not an Intersection,Not Reported,None / Unknown,44.78174167,-121.25480278,Not At Intersection,Not a Cyclist,Other/Unknown,Not a Cyclist,Not Applicable,Not a Cyclist,35,35 MPH,97,Not Reported,8,Not Reported,41031940000,Census Tract 9400,59342.0,2637,5.1194539249146755,0.0,10.087220326128175,1.9522776572668112
410492,2,35,Female,Pedestrian,2021,May,Sunday,1:00am-1:59am,Dark - Unknown Lighting,Not Reported,Rural,Local,Not an Intersection,Not Reported,None / Unknown,44.78174167,-121.25480278,Not At Intersection,Not a Cyclist,Other/Unknown,Not a Cyclist,Not Applicable,Not a Cyclist,35,35 MPH,97,Not Reported,8,Not Reported,41031940000,Census Tract 9400,59342.0,2637,5.1194539249146755,0.0,10.087220326128175,1.9522776572668112
410494,1,32,Female,Person on Motorized Personal Conveyance,2021,May,Saturday,0:00am-0:59am,Dark - Lighted,Cloudy,Urban,Principal Arterial - Other,T-Intersection,On Roadway,None / Unknown,45.55206389,-122.50833611,At Intersection,Not a Cyclist,Other/Unknown,Not a Cyclist,Not Derived/Unknown Initial Direction of Travel,Not a Cyclist,98,Not Reported,97,Not Reported,1,"Two-Way, Not Divided",41051010200,Census Tract 102,95268.0,7520,45.71808510638298,9.654255319148936,32.726063829787236,3.4812454032851186
410497,1,20,Female,Pedestrian,2021,June,Monday,11:00pm-11:59pm,Not Reported,Cloudy,Urban,Major Collector,Not an Intersection,On Roadway,None / Unknown,45.60066944,-122.6534,Not At Intersection,Not a Cyclist,Travel Lane,Not a Cyclist,Not Applicable,Not a Cyclist,98,Not Reported,97,Not Reported,8,Not Reported,41051007202,Census Tract 72.02,84154.0,3308,48.70012091898428,11.910519951632406,23.518742442563482,7.27362691736764
410498,1,85,Male,Pedestrian,2021,June,Sunday,7:00pm-7:59pm,Daylight,Clear,Urban,Local,Not an Intersection,On Roadway,None / Unknown,44.07943333,-121.25916667,Not At Intersection,Not a Cyclist,Travel Lane,Not a Cyclist,Not Applicable,Not a Cyclist,25,25 MPH,97,Not Reported,1,"Two-Way, Not Divided",41017001200,Census Tract 12,118469.0,8470,84.72255017709564,0.5548996458087367,9.397874852420307,1.6836613706426369
410503,1,64,Female,Pedestrian,2021,July,Wednesday,8:00pm-8:59pm,Not Reported,Not Reported,Urban,Principal Arterial - Other,T-Intersection,On Roadway,None / Unknown,44.98971389,-123.026625,At Intersection,Not a Cyclist,Crosswalk Area,Not a Cyclist,Not Derived/Unknown Initial Direction of Travel,Not a Cyclist,98,Not Reported,3,Traffic control signal(on colors) not known whether or not Pedestrian Signal,8,Not Reported,41047001402,Census Tract 14.02,76266.0,5888,74.52445652173914,0.8491847826086956,12.85665760869565,2.132435465768799
410504,1,23,Male,Pedestrian,2021,August,Sunday,0:00am-0:59am,Dark - Unknown Lighting,Not Reported,Urban,Major Collector,Not an Intersection,Not Reported,None / Unknown,42.18494722,-122.6715,Not At Intersection,Not a Cyclist,Other/Unknown,Not a Cyclist,Not Applicable,Not a Cyclist,98,Not Reported,97,Not Reported,8,Not Reported,41029001801,Census Tract 18.01,44013.0,4404,84.4913714804723,2.42960944595822,11.376021798365123,13.329646017699115
410507,1,7,Male,Pedestrian,2021,August,Monday,11:00am-11:59am,Daylight,Not Reported,Urban,Local,Not an Intersection,On Roadway,None / Unknown,45.56644167,-122.85111667,Not At Intersection,Not a Cyclist,Travel Lane,Not a Cyclist,Not Applicable,Not a Cyclist,98,Not Reported,97,Not Reported,1,"Two-Way, Not Divided",41067031509,Census Tract 315.09,146250.0,10179,36.5556537970331,2.1711366538952745,12.781216229492093,3.5030549898167007
410510,1,76,Male,Pedestrian,2021,September,Wednesday,10:00pm-10:59pm,Dark - Unknown Lighting,Not Reported,Urban,Principal Arterial - Other,Not an Intersection,On Roadway,None / Unknown,45.47501389,-123.84432222,Not At Intersection,Not a Cyclist,Travel Lane,Not a Cyclist,Not Applicable,Not a Cyclist,98,Not Reported,97,Not Reported,8,Not Reported,41057960500,Census Tract 9605,60688.0,1870,70.21390374331551,0.0,16.684491978609625,7.486033519553073
410513,1,23,Male,Pedestrian,2021,September,Saturday,4:00am-4:59am,Dark - Lighted,Clear,Urban,Principal Arterial - Other,Four-Way Intersection,On Roadway,None / Unknown,45.50335833,-122.62261389,At Intersection,Not a Cyclist,Crosswalk Area,Not a Cyclist,Not Derived/Unknown Initial Direction of Travel,Not a Cyclist,30,30 MPH,2,Traffic control signal (on colors) with Pedestrian Signal,1,"Two-Way, Not Divided",41051000901,Census Tract 9.01,111094.0,3964,79.28859737638749,0.025227043390514632,3.834510595358224,12.667531344574146
410516,1,65,Male,Pedestrian,2021,October,Friday,7:00pm-7:59pm,Not Reported,Not Reported,Urban,Principal Arterial - Other,Not an Intersection,On Roadway,None / Unknown,45.56835556,-122.60828056,Not At Intersection,Not a Cyclist,Travel Lane,Not a Cyclist,Not Applicable,Not a Cyclist,98,Not Reported,97,Not Reported,8,Not Reported,41051007400,Census Tract 74,69125.0,3829,44.13685035257247,27.108905719509007,17.60250718203186,11.212938005390836
410517,1,66,Female,Pedestrian,2021,October,Wednesday,3:00am-3:59am,Dark - Unknown Lighting,Rain,Urban,Principal Arterial - Other,Not an Intersection,On Roadway,None / Unknown,45.54866389,-122.71696111,Not At Intersection,Not a Cyclist,Travel Lane,Not a Cyclist,Not Applicable,Not a Cyclist,98,Not Reported,97,Not Reported,2,"Two-Way, Divided, Unprotected Median",41051004300,Census Tract 43,109375.0,1027,86.6601752677702,0.3894839337877313,9.444985394352482,2.6737967914438503
410519,1,37,Female,Pedestrian,2021,November,Friday,10:00pm-10:59pm,Dark - Lighted,Cloudy,Urban,Interstate,Not an Intersection,On Roadway,None / Unknown,45.54654722,-122.53712222,Not At Intersection,Not a Cyclist,Travel Lane,Not a Cyclist,Not Applicable,Not a Cyclist,60,60 MPH,97,Not Reported,3,"Two-Way,  Divided, Positive  Median Barrier",41051009400,Census Tract 94,71498.0,6593,70.15015925982102,6.370392840891855,9.479751251327166,5.108194395175595
410520,1,52,Male,Pedestrian,2021,November,Monday,1:00pm-1:59pm,Daylight,Rain,Urban,Major Collector,Not an Intersection,On Shoulder,None / Unknown,45.52460278,-122.69846111,Not At Intersection,Not a Cyclist,Paved Shoulder / Bicycle Lane / Parking Lane,Not a Cyclist,Not Applicable,Not a Cyclist,20,20 MPH,97,Not Reported,1,"Two-Way, Not Divided",41051004700,Census Tract 47,69524.0,4108,77.67770204479065,6.621226874391431,4.7955209347614405,26.000762485703394
410523,1,45,Male,Pedestrian,2021,November,Saturday,0:00am-0:59am,Dark - Lighted,Cloudy,Urban,Minor Arterial,Four-Way Intersection,On Roadway,None / Unknown,45.50013056,-122.53759722,Intersection-Related,Not a Cyclist,Travel Lane,Not a Cyclist,Not Derived/Unknown Initial Direction of Travel,Not a Cyclist,98,Not Reported,97,Not Reported,2,"Two-Way, Divided, Unprotected Median",41051009002,Census Tract 90.02,60685.0,4581,51.21152586771447,10.805500982318271,19.82099978170705,14.221014492753623
410524,1,67,Male,Pedestrian,2021,December,Saturday,10:00pm-10:59pm,Dark - Lighted,Clear,Urban,Principal Arterial - Other,Not an Intersection,On Roadway,None / Unknown,45.45075278,-122.57915,Not At Intersection,Not a Cyclist,Travel Lane,Not a Cyclist,Not Applicable,Not a Cyclist,35,35 MPH,97,Not Reported,1,"Two-Way, Not Divided",41005021601,Census Tract 216.01,83116.0,6461,67.94613836867359,0.061909921064850645,25.739049682711656,7.833192448577064
410526,1,27,Male,Pedestrian,2021,December,Sunday,3:00am-3:59am,Dark - Lighted,Not Reported,Urban,Interstate,Not an Intersection,On Roadside,None / Unknown,45.49379167,-122.56533333,Non-Trafficway Location,Not a Cyclist,Non-Trafficway - Parking Lot/Other,Not a Cyclist,Not Applicable,Not a Cyclist,98,Not Reported,97,Not Reported,8,Not Reported,41051008302,Census Tract 83.02,70572.0,5231,53.412349455171096,4.511565666220608,14.222901930797171,9.878000787091697
410527,1,58,Male,Pedestrian,2021,December,Tuesday,6:00pm-6:59pm,Dark - Not Lighted,Clear,Rural,Principal Arterial - Other,Not an Intersection,On Roadway,Construction,44.76381667,-121.25296944,Not At Intersection,Not a Cyclist,Travel Lane,Not a Cyclist,Not Applicable,Not a Cyclist,45,45 MPH,97,Not Reported,1,"Two-Way, Not Divided",41031940000,Census Tract 9400,59342.0,2637,5.1194539249146755,0.0,10.087220326128175,1.9522776572668112
410534,1,40,Female,Pedestrian,2021,December,Thursday,5:00am-5:59am,Dark - Lighted,Rain,Urban,Principal Arterial - Other,T-Intersection,On Roadway,None / Unknown,44.08883056,-123.15861667,Intersection-Related,Not a Cyclist,Travel Lane,Not a Cyclist,Not Derived/Unknown Initial Direction of Travel,Not a Cyclist,55,55 MPH,2,Traffic control signal (on colors) with Pedestrian Signal,1,"Two-Way, Not Divided",41039002600,Census Tract 26,61015.0,6094,66.65572694453562,0.7056120774532327,23.843124384640628,6.220735785953177
410539,1,59,Male,Pedestrian,2021,December,Thursday,5:00pm-5:59pm,Dark - Lighted,Rain,Urban,Principal Arterial - Other,T-Intersection,On Roadway,None / Unknown,45.52168056,-122.39852222,At Intersection,Not a Cyclist,Crosswalk Area,Not a Cyclist,Not Derived/Unknown Initial Direction of Travel,Not a Cyclist,40,40 MPH,97,Not Reported,1,"Two-Way, Not Divided",41051010303,Census Tract 103.03,73321.0,5552,63.32853025936599,4.556916426512968,13.562680115273777,5.346127484578479
410542,1,16,Male,Pedestrian,2021,December,Saturday,2:00am-2:59am,Dark - Lighted,Cloudy,Urban,Principal Arterial - Other,Four-Way Intersection,On Roadway,None / Unknown,44.98307222,-122.98327778,At Intersection,Not a Cyclist,Crosswalk Area,Not a Cyclist,Not Derived/Unknown Initial Direction of Travel,Not a Cyclist,35,35 MPH,2,Traffic control signal (on colors) with Pedestrian Signal,1,"Two-Way, Not Divided",41047001601,Census Tract 16.01,70996.0,7620,51.01049868766404,1.4960629921259843,39.08136482939633,0.251959686450168
410545,1,56,Male,Bicyclist,2021,December,Friday,11:00pm-11:59pm,Dark - Not Lighted,Clear,Rural,Minor Arterial,Not an Intersection,On Roadway,None / Unknown,45.33829444,-122.48245278,Not a Pedestrian,Not At Intersection,Not a Pedestrian,Travel Lane,Not a Pedestrian,Not applicable,55,55 MPH,97,Not Reported,1,"Two-Way, Not Divided",41005023100,Census Tract 231,104029.0,6162,88.98085037325544,0.0,4.625121713729309,3.1871016122984623
410546,1,70,Female,Pedestrian,2021,December,Tuesday,5:00pm-5:59pm,Dark - Lighted,Rain,Urban,Major Collector,T-Intersection,On Roadway,None / Unknown,45.54830556,-122.61848056,At Intersection,Not a Cyclist,Crosswalk Area,Not a Cyclist,Southbound,Not a Cyclist,20,20 MPH,97,Not Reported,1,"Two-Way, Not Divided",41051003000,Census Tract 30,119931.0,5247,74.44253859348198,4.669334858014103,4.459691252144083,3.5388544326887996
410546,2,72,Male,Pedestrian,2021,December,Tuesday,5:00pm-5:59pm,Dark - Lighted,Rain,Urban,Major Collector,T-Intersection,On Roadway,None / Unknown,45.54830556,-122.61848056,At Intersection,Not a Cyclist,Crosswalk Area,Not a Cyclist,Southbound,Not a Cyclist,20,20 MPH,97,Not Reported,1,"Two-Way, Not Divided",41051003000,Census Tract 30,119931.0,5247,74.44253859348198,4.669334858014103,4.459691252144083,3.5388544326887996
410548,1,23,Female,Person on Non-Motorized Personal Conveyance,2021,December,Saturday,1:00pm-1:59pm,Daylight,Cloudy,Urban,Major Collector,T-Intersection,On Roadway,None / Unknown,45.53981111,-122.6758,At Intersection,Not a Cyclist,Crosswalk Area,Not a Cyclist,Not Derived/Unknown Initial Direction of Travel,Not a Cyclist,30,30 MPH,97,Not Reported,1,"Two-Way, Not Divided",41051002303,Census Tract 23.03,55673.0,3710,68.4366576819407,7.52021563342318,9.326145552560646,33.648840511121634
410558,1,62,Male,Pedestrian,2021,November,Sunday,7:00am-7:59am,Daylight,Cloudy,Urban,Principal Arterial - Other,Not an Intersection,On Roadway,None / Unknown,44.62941944,-123.05245833,Not At Intersection,Not a Cyclist,Travel Lane,Not a Cyclist,Not Applicable,Not a Cyclist,45,45 MPH,97,Not Reported,5,"Two-Way, Not Divided With a Continuous Left-Turn Lane",41043020103,Census Tract 201.03,75804.0,2918,80.26045236463331,0.205620287868403,14.15352981494174,4.163512490537472
410004,1,45,Female,Pedestrian,2022,January,Monday,5:00am-5:59am,Dark - Lighted,Rain,Urban,Major Collector,Not an Intersection,On Roadway,None / Unknown,45.57366111,-122.58274167,Not At Intersection,Not a Cyclist,Travel Lane,Not a Cyclist,Not Applicable,Not a Cyclist,40,40 MPH,97,Not Reported,5,"Two-Way, Not Divided With a Continuous Left-Turn Lane",41051007300,Census Tract 73,40893.0,1362,56.093979441997064,10.719530102790015,14.170337738619676,22.18045112781955
410012,1,35,Male,Pedestrian,2022,January,Wednesday,7:00pm-7:59pm,Dark - Lighted,Cloudy,Urban,Minor Arterial,Not an Intersection,On Roadway,None / Unknown,45.59657778,-122.68489722,Not At Intersection,Not a Cyclist,Travel Lane,Not a Cyclist,Not Applicable,Not a Cyclist,98,Not Reported,97,Not Reported,4,One-Way Trafficway,41051007202,Census Tract 72.02,84154.0,3308,48.70012091898428,11.910519951632406,23.518742442563482,7.27362691736764
410013,1,52,Female,Pedestrian,2022,January,Thursday,5:00am-5:59am,Dark - Lighted,Sleet or Hail | Cloudy,Urban,Principal Arterial - Other,Not an Intersection,On Roadway,None / Unknown,45.52635556,-122.56398889,Intersection-Related,Not a Cyclist,Travel Lane,Not a Cyclist,Not Derived/Unknown Initial Direction of Travel,Not a Cyclist,30,30 MPH,97,Not Reported,4,One-Way Trafficway,41051008100,Census Tract 81,48106.0,7983,53.71414255292497,15.620693974696229,9.658023299511461,20.721649484536083
410014,1,71,Male,Pedestrian,2022,January,Saturday,6:00pm-6:59pm,Dark - Lighted,"Fog, Smog, Smoke",Rural,Principal Arterial - Other,Not an Intersection,On Roadway,None / Unknown,43.74637222,-122.48117778,Not At Intersection,Not a Cyclist,Travel Lane,Not a Cyclist,Not Applicable,Not a Cyclist,35,35 MPH,97,Not Reported,5,"Two-Way, Not Divided With a Continuous Left-Turn Lane",41039001500,Census Tract 15,31529.0,5000,93.89999999999999,0.0,3.84,7.225433526011561
410015,1,44,Male,Pedestrian,2022,January,Sunday,0:00am-0:59am,Dark - Not Lighted,Clear,Rural,Interstate,Not an Intersection,On Roadway,None / Unknown,44.90998333,-117.81933611,Not At Intersection,Not a Cyclist,Travel Lane,Not a Cyclist,Not Applicable,Not a Cyclist,70,70 MPH,97,Not Reported,3,"Two-Way,  Divided, Positive  Median Barrier",41001950500,Census Tract 9505,56977.0,2661,80.87185268695978,0.4509582863585118,12.326193160465989,10.05524861878453
410016,1,30,Male,Pedestrian,2022,January,Sunday,7:00am-7:59am,Not Reported,"Fog, Smog, Smoke",Urban,Minor Arterial,Not an Intersection,Not Reported,None / Unknown,45.343075,-122.63283333,Not At Intersection,Not a Cyclist,Other/Unknown,Not a Cyclist,Not Applicable,Not a Cyclist,98,Not Reported,97,Not Reported,1,"Two-Way, Not Divided",41005022602,Census Tract 226.02,117735.0,4685,85.01600853788688,1.9850586979722518,4.268943436499466,5.7675628794449265
410018,1,40,Male,Pedestrian,2022,January,Wednesday,9:00pm-9:59pm,Dark - Not Lighted,Clear,Rural,Principal Arterial - Other,Not an Intersection,On Roadway,None / Unknown,44.18781667,-121.23878333,Not At Intersection,Not a Cyclist,Travel Lane,Not a Cyclist,Not Applicable,Not a Cyclist,65,65 MPH,97,Not Reported,2,"Two-Way, Divided, Unprotected Median",41017001002,Census Tract 10.02,78810.0,2557,83.2225263981228,0.0,0.27375831052014077,1.784121320249777
410021,1,26,Female,Pedestrian,2022,January,Saturday,7:00pm-7:59pm,Dark - Lighted,Clear,Urban,Principal Arterial - Other,Not an Intersection,On Roadway,None / Unknown,45.49513056,-122.49838333,Not At Intersection,Not a Cyclist,Other/Unknown,Not a Cyclist,Not Applicable,Not a Cyclist,98,Not Reported,97,Not Reported,5,"Two-Way, Not Divided With a Continuous Left-Turn Lane",41051009102,Census Tract 91.02,73523.0,6765,55.06282335550628,10.317812269031782,4.848484848484849,6.215772179627602
410033,1,56,Male,Pedestrian,2022,January,Saturday,9:00pm-9:59pm,Dark - Lighted,Clear,Urban,Principal Arterial - Other,Not an Intersection,On Roadway,None / Unknown,45.504275,-122.55839444,Not At Intersection,Not a Cyclist,Travel Lane,Not a Cyclist,Not Applicable,Not a Cyclist,30,30 MPH,97,Not Reported,5,"Two-Way, Not Divided With a Continuous Left-Turn Lane",41051008302,Census Tract 83.02,70572.0,5231,53.412349455171096,4.511565666220608,14.222901930797171,9.878000787091697
410035,1,71,Male,Pedestrian,2022,January,Sunday,7:00pm-7:59pm,Dark - Not Lighted,Rain,Rural,Principal Arterial - Other,Not an Intersection,On Roadway,None / Unknown,44.54493611,-122.96358611,Not At Intersection,Not a Cyclist,Travel Lane,Not a Cyclist,Not Applicable,Not a Cyclist,55,55 MPH,97,Not Reported,2,"Two-Way, Divided, Unprotected Median",41043030802,Census Tract 308.02,53072.0,4034,92.31531978185424,0.0,3.7927615270203274,6.242274412855377
410037,1,26,Male,Pedestrian,2022,January,Monday,8:00pm-8:59pm,Dark - Lighted,Cloudy,Urban,Interstate,Not an Intersection,On Roadway,None / Unknown,45.60889444,-122.68078889,Not At Intersection,Not a Cyclist,Travel Lane,Not a Cyclist,Not Applicable,Not a Cyclist,55,55 MPH,97,Not Reported,3,"Two-Way,  Divided, Positive  Median Barrier",41051007201,Census Tract 72.01,74962.0,2522,67.48612212529738,0.7930214115781126,16.217287866772402,7.2486360093530795
410039,1,61,Male,Pedestrian,2022,February,Tuesday,8:00pm-8:59pm,Dark - Not Lighted,Cloudy,Urban,Interstate,Not an Intersection,On Shoulder,None / Unknown,44.03017222,-123.02999722,Not At Intersection,Not a Cyclist,Paved Shoulder / Bicycle Lane / Parking Lane,Not a Cyclist,Not Applicable,Not a Cyclist,55,55 MPH,97,Not Reported,3,"Two-Way,  Divided, Positive  Median Barrier",41039003600,Census Tract 36,66875.0,3934,82.10472801220132,0.6354855109303508,7.168276563294357,10.508664058133036
410046,1,27,Female,Pedestrian,2022,February,Wednesday,6:00pm-6:59pm,Dark - Not Lighted,Cloudy,Rural,Interstate,Not an Intersection,On Roadway,None / Unknown,43.68623333,-123.200075,Not At Intersection,Not a Cyclist,Travel Lane,Not a Cyclist,Not Applicable,Not a Cyclist,65,65 MPH,97,Not Reported,3,"Two-Way,  Divided, Positive  Median Barrier",41019030000,Census Tract 300,61250.0,4179,86.24072744675759,0.0,3.7329504666188082,2.413793103448276
410048,1,60,Male,Pedestrian,2022,January,Wednesday,7:00am-7:59am,Daylight,Clear,Urban,Major Collector,Not an Intersection,On Roadway,Construction,45.21648611,-123.17225556,Intersection-Related,Not a Cyclist,Travel Lane,Not a Cyclist,Not Derived/Unknown Initial Direction of Travel,Not a Cyclist,35,35 MPH,97,Not Reported,1,"Two-Way, Not Divided",41071030601,Census Tract 306.01,56313.0,3407,61.54975051364837,0.0,27.854417375990607,3.8338658146964857
410055,1,44,Female,Pedestrian,2022,January,Saturday,5:00pm-5:59pm,Dark - Lighted,Clear,Urban,Principal Arterial - Other,T-Intersection,On Roadway,None / Unknown,44.04791944,-123.13703611,Not At Intersection,Not a Cyclist,Travel Lane,Not a Cyclist,Not Applicable,Not a Cyclist,35,35 MPH,97,Not Reported,5,"Two-Way, Not Divided With a Continuous Left-Turn Lane",41039004407,Census Tract 44.07,56315.0,3101,63.10867462108997,4.514672686230249,14.38245727184779,13.311258278145695
410058,1,16,Female,Pedestrian,2022,February,Sunday,6:00pm-6:59pm,Dark - Lighted,Clear,Urban,Major Collector,T-Intersection,On Roadside,None / Unknown,45.36781944,-122.85694167,Intersection-Related,Not a Cyclist,Sidewalk / Shared-Use Path / Driveway Access,Not a Cyclist,Not Derived/Unknown Initial Direction of Travel,Not a Cyclist,40,40 MPH,97,Not Reported,1,"Two-Way, Not Divided",41067032201,Census Tract 322.01,138040.0,5433,75.9617154426652,0.0,5.981962083563409,1.825127334465195
410058,2,11,Female,Pedestrian,2022,February,Sunday,6:00pm-6:59pm,Dark - Lighted,Clear,Urban,Major Collector,T-Intersection,On Roadside,None / Unknown,45.36781944,-122.85694167,Intersection-Related,Not a Cyclist,Sidewalk / Shared-Use Path / Driveway Access,Not a Cyclist,Not Derived/Unknown Initial Direction of Travel,Not a Cyclist,40,40 MPH,97,Not Reported,1,"Two-Way, Not Divided",41067032201,Census Tract 322.01,138040.0,5433,75.9617154426652,0.0,5.981962083563409,1.825127334465195
410061,1,23,Male,Pedestrian,2022,February,Thursday,2:00am-2:59am,Dark - Not Lighted,Not Reported,Urban,Interstate,Not an Intersection,On Shoulder,None / Unknown,45.54415556,-122.379325,Not At Intersection,Not a Cyclist,Paved Shoulder / Bicycle Lane / Parking Lane,Not a Cyclist,Not Applicable,Not a Cyclist,98,Not Reported,97,Not Reported,3,"Two-Way,  Divided, Positive  Median Barrier",41051010500,Census Tract 105,108971.0,3863,81.12865648459746,0.2847527828112866,12.451462593838986,1.6901408450704223
410062,1,56,Male,Pedestrian,2022,February,Wednesday,1:00am-1:59am,Dark - Lighted,Clear,Rural,Major Collector,Not an Intersection,On Roadway,None / Unknown,43.18673611,-124.19623056,Not At Intersection,Not a Cyclist,Travel Lane,Not a Cyclist,Not Applicable,Not a Cyclist,98,Not Reported,97,Not Reported,5,"Two-Way, Not Divided With a Continuous Left-Turn Lane",41011000902,Census Tract 9.02,43625.0,3462,73.3102253032929,0.028885037550548814,16.233391103408433,0.0
410064,1,25,Male,Pedestrian,2022,February,Thursday,6:00pm-6:59pm,Dusk,Not Reported,Rural,Interstate,Not an Intersection,On Roadway,None / Unknown,44.828,-123.01331944,Not At Intersection,Not a Cyclist,Travel Lane,Not a Cyclist,Not Applicable,Not a Cyclist,60,60 MPH,97,Not Reported,3,"Two-Way,  Divided, Positive  Median Barrier",41047002800,Census Tract 28,81450.0,4955,79.11200807265388,2.7043390514631684,11.987891019172553,1.5784586815227482
410068,1,41,Male,Pedestrian,2022,February,Friday,6:00pm-6:59pm,Dark - Not Lighted,Clear,Urban,Minor Arterial,Not an Intersection,On Roadway,None / Unknown,45.47636944,-122.54636111,Not At Intersection,Not a Cyclist,Travel Lane,Not a Cyclist,Not Applicable,Not a Cyclist,98,Not Reported,97,Not Reported,5,"Two-Way, Not Divided With a Continuous Left-Turn Lane",41051008904,Census Tract 89.04,65137.0,4908,54.013854930725344,6.438467807660962,18.887530562347187,4.925053533190578
410072,1,89,Female,Pedestrian,2022,January,Monday,6:00pm-6:59pm,Dark - Lighted,Rain,Urban,Minor Arterial,T-Intersection,On Roadway,None / Unknown,45.48888333,-122.47548333,At Intersection,Not a Cyclist,Crosswalk Area,Not a Cyclist,Eastbound,Not a Cyclist,35,35 MPH,2,Traffic control signal (on colors) with Pedestrian Signal,5,"Two-Way, Not Divided With a Continuous Left-Turn Lane",41051009803,Census Tract 98.03,49185.0,7899,52.0065831117863,6.114698063045955,30.522850993796684,9.956709956709958
410075,1,66,Male,Pedestrian,2022,March,Tuesday,9:00pm-9:59pm,Dark - Not Lighted,Rain,Urban,Principal Arterial - Other,Not an Intersection,On Roadway,None / Unknown,45.76005,-122.87821389,Not At Intersection,Not a Cyclist,Travel Lane,Not a Cyclist,Not Applicable,Not a Cyclist,55,55 MPH,97,Not Reported,5,"Two-Way, Not Divided With a Continuous Left-Turn Lane",41009970900,Census Tract 9709,86324.0,4889,88.64798527306198,0.12272448353446512,5.174882389036613,3.7694974003466206
410076,1,37,Male,Pedestrian,2022,February,Thursday,9:00pm-9:59pm,Dark - Lighted,Clear,Urban,Principal Arterial - Other,Not an Intersection,On Roadway,None / Unknown,44.52492222,-122.90700556,Not At Intersection,Not a Cyclist,Travel Lane,Not a Cyclist,Not Applicable,Not a Cyclist,35,35 MPH,97,Not Reported,5,"Two-Way, Not Divided With a Continuous Left-Turn Lane",41043030904,Census Tract 309.04,69444.0,4613,84.95556037285931,0.3685237372642532,5.35443312378062,0.4261363636363636
410079,1,46,Male,Pedestrian,2022,March,Thursday,0:00am-0:59am,Dark - Lighted,Rain,Urban,Major Collector,Not an Intersection,On Roadway,None / Unknown,45.50538889,-122.59534444,Not At Intersection,Not a Cyclist,Travel Lane,Not a Cyclist,Not Applicable,Not a Cyclist,98,Not Reported,97,Not Reported,1,"Two-Way, Not Divided",41051001601,Census Tract 16.01,89699.0,6131,75.3058228673952,0.21203718806067526,6.198010112542815,8.338848444738584
410082,1,57,Female,Pedestrian,2022,March,Friday,8:00pm-8:59pm,Dark - Unknown Lighting,Not Reported,Urban,Minor Arterial,T-Intersection,On Roadway,None / Unknown,45.44116111,-122.76541944,At Intersection,Not a Cyclist,Crosswalk Area,Not a Cyclist,Not Derived/Unknown Initial Direction of Travel,Not a Cyclist,98,Not Reported,97,Not Reported,1,"Two-Way, Not Divided",41067030900,Census Tract 309,73280.0,5636,55.3584102200142,1.5613910574875798,27.9985805535841,11.48997134670487
410082,2,86,Female,Person on a Personal Conveyance,2022,March,Friday,8:00pm-8:59pm,Dark - Unknown Lighting,Not Reported,Urban,Minor Arterial,T-Intersection,On Roadway,None / Unknown,45.44116111,-122.76541944,At Intersection,Not a Cyclist,Crosswalk Area,Not a Cyclist,Not Derived/Unknown Initial Direction of Travel,Not a Cyclist,98,Not Reported,97,Not Reported,1,"Two-Way, Not Divided",41067030900,Census Tract 309,73280.0,5636,55.3584102200142,1.5613910574875798,27.9985805535841,11.48997134670487
410094,1,62,Male,Pedestrian,2022,March,Thursday,8:00pm-8:59pm,Dark - Not Lighted,Clear,Urban,Principal Arterial - Other,Not an Intersection,On Roadway,None / Unknown,44.09529444,-123.12791111,Not At Intersection,Not a Cyclist,Travel Lane,Not a Cyclist,Not Applicable,Not a Cyclist,35,35 MPH,97,Not Reported,5,"Two-Way, Not Divided With a Continuous Left-Turn Lane",41039002800,Census Tract 28,75948.0,5106,76.71367019193106,3.799451625538582,9.518213866039952,4.299065420560748
410095,1,59,Male,Pedestrian,2022,January,Saturday,7:00pm-7:59pm,Dark - Lighted,Clear,Urban,Minor Arterial,Four-Way Intersection,On Roadway,None / Unknown,45.51913611,-122.47041667,Intersection-Related,Not a Cyclist,Travel Lane,Not a Cyclist,Southbound,Not a Cyclist,35,35 MPH,2,Traffic control signal (on colors) with Pedestrian Signal,5,"Two-Way, Not Divided With a Continuous Left-Turn Lane",41051009604,Census Tract 96.04,61320.0,5441,43.39275868406543,6.7818415732402135,36.66605403418489,6.995884773662551
410096,1,75,Male,Pedestrian,2022,March,Thursday,1:00pm-1:59pm,Daylight,Clear,Urban,Principal Arterial - Other,Not an Intersection,On Roadway,None / Unknown,43.21333333,-123.33374167,Not At Intersection,Not a Cyclist,Travel Lane,Not a Cyclist,Not Applicable,Not a Cyclist,98,Not Reported,97,Not Reported,5,"Two-Way, Not Divided With a Continuous Left-Turn Lane",41019120002,Census Tract 1200.02,45496.0,4394,79.33545744196631,0.40964952207555755,9.558488848429675,6.498951781970649
410097,1,70,Female,Pedestrian,2022,March,Tuesday,7:00am-7:59am,Dawn,Cloudy,Urban,Principal Arterial - Other,Four-Way Intersection,On Roadway,None / Unknown,45.48698889,-122.804125,At Intersection,Not a Cyclist,Crosswalk Area,Not a Cyclist,Northbound,Not a Cyclist,30,30 MPH,2,Traffic control signal (on colors) with Pedestrian Signal,5,"Two-Way, Not Divided With a Continuous Left-Turn Lane",41067031201,Census Tract 312.01,67771.0,3576,42.253914988814316,0.0,39.821029082774054,6.568144499178982
410098,1,36,Female,Bicyclist,2022,March,Tuesday,7:00am-7:59am,Dawn,Cloudy,Rural,Major Collector,Not an Intersection,On Roadway,None / Unknown,45.45969444,-122.96308611,Not a Pedestrian,Not At Intersection,Not a Pedestrian,Travel Lane,Not a Pedestrian,With Traffic,55,55 MPH,97,Not Reported,1,"Two-Way, Not Divided",41067033000,Census Tract 330,113963.0,5851,84.12237224406084,0.9741924457357717,8.801914202700393,5.757800891530461
410100,1,59,Male,Person on a Personal Conveyance,2022,March,Friday,8:00pm-8:59pm,Not Reported,Not Reported,Urban,Major Collector,Four-Way Intersection,On Roadway,None / Unknown,45.59015278,-122.66225833,Intersection-Related,Not a Cyclist,Travel Lane,Not a Cyclist,Not Derived/Unknown Initial Direction of Travel,Not a Cyclist,98,Not Reported,20,Stop Sign,5,"Two-Way, Not Divided With a Continuous Left-Turn Lane",41051007202,Census Tract 72.02,84154.0,3308,48.70012091898428,11.910519951632406,23.518742442563482,7.27362691736764
410102,1,44,Female,Pedestrian,2022,January,Tuesday,10:00pm-10:59pm,Dark - Lighted,Rain,Urban,Principal Arterial - Other,Four-Way Intersection,On Roadway,None / Unknown,43.35582222,-124.20733611,At Intersection,Not a Cyclist,Crosswalk Area,Not a Cyclist,Not Derived/Unknown Initial Direction of Travel,Not a Cyclist,30,30 MPH,97,Not Reported,5,"Two-Way, Not Divided With a Continuous Left-Turn Lane",41011000702,Census Tract 7.02,66172.0,3413,74.53852915323762,0.05859947260474656,14.854966305303252,1.0408921933085502
410109,1,35,Female,Pedestrian,2022,March,Thursday,5:00am-5:59am,Dark - Not Lighted,Clear,Urban,Minor Arterial,Not an Intersection,On Roadway,None / Unknown,42.37395,-122.88533333,Not At Intersection,Not a Cyclist,Travel Lane,Not a Cyclist,Not Applicable,Not a Cyclist,45,45 MPH,97,Not Reported,1,"Two-Way, Not Divided",41029001100,Census Tract 11,78326.0,5524,87.25561187545256,0.25343953656770457,5.684286748732802,1.5270326042096576
410115,1,24,Male,Pedestrian,2022,March,Sunday,2:00am-2:59am,Dark - Lighted,Cloudy,Urban,Principal Arterial - Other,Not an Intersection,Outside Trafficway,None / Unknown,44.94690556,-123.03901944,Non-Trafficway Location,Not a Cyclist,Non-Trafficway - Parking Lot/Other,Not a Cyclist,Not Applicable,Not a Cyclist,35,35 MPH,97,Not Reported,1,"Two-Way, Not Divided",41047000200,Census Tract 2,51630.0,4225,65.37278106508876,0.5680473372781065,16.023668639053255,26.73956262425447
410115,2,21,Male,Pedestrian,2022,March,Sunday,2:00am-2:59am,Dark - Lighted,Cloudy,Urban,Principal Arterial - Other,Not an Intersection,Outside Trafficway,None / Unknown,44.94690556,-123.03901944,Non-Trafficway Location,Not a Cyclist,Non-Trafficway - Parking Lot/Other,Not a Cyclist,Not Applicable,Not a Cyclist,35,35 MPH,97,Not Reported,1,"Two-Way, Not Divided",41047000200,Census Tract 2,51630.0,4225,65.37278106508876,0.5680473372781065,16.023668639053255,26.73956262425447
410115,3,54,Male,Pedestrian,2022,March,Sunday,2:00am-2:59am,Dark - Lighted,Cloudy,Urban,Principal Arterial - Other,Not an Intersection,Outside Trafficway,None / Unknown,44.94690556,-123.03901944,Non-Trafficway Location,Not a Cyclist,Non-Trafficway - Parking Lot/Other,Not a Cyclist,Not Applicable,Not a Cyclist,35,35 MPH,97,Not Reported,1,"Two-Way, Not Divided",41047000200,Census Tract 2,51630.0,4225,65.37278106508876,0.5680473372781065,16.023668639053255,26.73956262425447
410115,4,29,Female,Pedestrian,2022,March,Sunday,2:00am-2:59am,Dark - Lighted,Cloudy,Urban,Principal Arterial - Other,Not an Intersection,Outside Trafficway,None / Unknown,44.94690556,-123.03901944,Non-Trafficway Location,Not a Cyclist,Non-Trafficway - Parking Lot/Other,Not a Cyclist,Not Applicable,Not a Cyclist,35,35 MPH,97,Not Reported,1,"Two-Way, Not Divided",41047000200,Census Tract 2,51630.0,4225,65.37278106508876,0.5680473372781065,16.023668639053255,26.73956262425447
410115,5,18,Female,Pedestrian,2022,March,Sunday,2:00am-2:59am,Dark - Lighted,Cloudy,Urban,Principal Arterial - Other,Not an Intersection,Outside Trafficway,None / Unknown,44.94690556,-123.03901944,Non-Trafficway Location,Not a Cyclist,Non-Trafficway - Parking Lot/Other,Not a Cyclist,Not Applicable,Not a Cyclist,35,35 MPH,97,Not Reported,1,"Two-Way, Not Divided",41047000200,Census Tract 2,51630.0,4225,65.37278106508876,0.5680473372781065,16.023668639053255,26.73956262425447
410115,6,43,Male,Pedestrian,2022,March,Sunday,2:00am-2:59am,Dark - Lighted,Cloudy,Urban,Principal Arterial - Other,Not an Intersection,Outside Trafficway,None / Unknown,44.94690556,-123.03901944,Non-Trafficway Location,Not a Cyclist,Non-Trafficway - Parking Lot/Other,Not a Cyclist,Not Applicable,Not a Cyclist,35,35 MPH,97,Not Reported,1,"Two-Way, Not Divided",41047000200,Census Tract 2,51630.0,4225,65.37278106508876,0.5680473372781065,16.023668639053255,26.73956262425447
410117,1,49,Female,Pedestrian,2022,March,Thursday,11:00pm-11:59pm,Dark - Not Lighted,Cloudy,Urban,Principal Arterial - Other,Not an Intersection,On Roadway,None / Unknown,44.92430278,-122.958425,Not At Intersection,Not a Cyclist,Travel Lane,Not a Cyclist,Not Applicable,Not a Cyclist,45,45 MPH,97,Not Reported,1,"Two-Way, Not Divided",41047001802,Census Tract 18.02,85000.0,9053,48.27129128465702,0.6075334143377886,38.65017121396222,6.145995118704238
410120,1,35,Male,Pedestrian,2022,April,Saturday,2:00am-2:59am,Dark - Lighted,Cloudy,Urban,Interstate,Not an Intersection,On Roadway,None / Unknown,44.70411111,-123.05223889,Not At Intersection,Not a Cyclist,Travel Lane,Not a Cyclist,Not Applicable,Not a Cyclist,65,65 MPH,97,Not Reported,3,"Two-Way,  Divided, Positive  Median Barrier",41043020101,Census Tract 201.01,105000.0,5472,90.13157894736842,0.4934210526315789,6.213450292397661,2.536104262064107
410124,1,24,Female,Pedestrian,2022,April,Tuesday,5:00am-5:59am,Dark - Not Lighted,"Fog, Smog, Smoke",Rural,Interstate,Not an Intersection,On Roadway,None / Unknown,43.32995278,-123.33983333,Not At Intersection,Not a Cyclist,Travel Lane,Not a Cyclist,Not Applicable,Not a Cyclist,65,65 MPH,97,Not Reported,3,"Two-Way,  Divided, Positive  Median Barrier",41019060000,Census Tract 600,90050.0,4309,84.38152703643537,0.6033882571362265,3.9220236713854724,0.710594315245478
410125,1,47,Female,Pedestrian,2022,April,Monday,10:00pm-10:59pm,Dark - Lighted,Cloudy,Urban,Principal Arterial - Other,Not an Intersection,On Roadway,None / Unknown,45.49750833,-122.61515278,Not At Intersection,Not a Cyclist,Travel Lane,Not a Cyclist,Not Applicable,Not a Cyclist,98,Not Reported,97,Not Reported,5,"Two-Way, Not Divided With a Continuous Left-Turn Lane",41051000802,Census Tract 8.02,79400.0,4650,73.91397849462365,1.7419354838709675,12.946236559139784,22.55892255892256
410131,1,52,Male,Pedestrian,2022,April,Monday,6:00pm-6:59pm,Not Reported,Not Reported,Urban,Major Collector,Not an Intersection,On Roadside,None / Unknown,45.42678056,-122.83827222,Not At Intersection,Not a Cyclist,Sidewalk / Shared-Use Path / Driveway Access,Not a Cyclist,Not Applicable,Not a Cyclist,98,Not Reported,97,Not Reported,5,"Two-Way, Not Divided With a Continuous Left-Turn Lane",41067031819,Census Tract 318.19,107097.0,2359,73.88724035608308,0.6358626536668079,6.909707503179313,0.0
410138,1,23,Male,Pedestrian,2022,April,Tuesday,5:00pm-5:59pm,Daylight,Clear,Urban,Principal Arterial - Other,Four-Way Intersection,On Roadway,None / Unknown,45.49536111,-122.88102778,At Intersection,Not a Cyclist,Crosswalk Area,Not a Cyclist,Northbound,Not a Cyclist,45,45 MPH,2,Traffic control signal (on colors) with Pedestrian Signal,5,"Two-Way, Not Divided With a Continuous Left-Turn Lane",41067031606,Census Tract 316.06,97344.0,5815,48.23731728288908,6.122098022355976,31.418744625967328,5.070866141732284
410155,1,45,Male,Pedestrian,2022,May,Friday,2:00am-2:59am,Dark - Not Lighted,Cloudy,Rural,Interstate,Not an Intersection,On Roadway,None / Unknown,42.91039167,-123.264075,Not At Intersection,Not a Cyclist,Travel Lane,Not a Cyclist,Not Applicable,Not a Cyclist,98,Not Reported,97,Not Reported,3,"Two-Way,  Divided, Positive  Median Barrier",41019200000,Census Tract 2000,46493.0,5116,79.57388584831901,0.3127443315089914,9.089132134480064,4.550625711035267
410156,1,39,Male,Pedestrian,2022,May,Friday,10:00pm-10:59pm,Dark - Lighted,Rain,Urban,Principal Arterial - Other,Not an Intersection,On Roadway,None / Unknown,44.93839722,-122.982925,Not At Intersection,Not a Cyclist,Travel Lane,Not a Cyclist,Not Applicable,Not a Cyclist,35,35 MPH,97,Not Reported,5,"Two-Way, Not Divided With a Continuous Left-Turn Lane",41047001701,Census Tract 17.01,45000.0,6666,45.57455745574558,0.9900990099009901,48.22982298229823,8.47972972972973
410157,1,54,Male,Pedestrian,2022,May,Sunday,4:00pm-4:59pm,Daylight,Rain | Cloudy,Urban,Minor Arterial,Not an Intersection,On Roadway,Construction,45.5175,-122.66803056,Not At Intersection,Not a Cyclist,Travel Lane,Not a Cyclist,Not Applicable,Not a Cyclist,25,25 MPH,97,Not Reported,1,"Two-Way, Not Divided",41051002101,Census Tract 21.01,74107.0,1704,70.18779342723005,3.5798122065727704,10.387323943661972,20.30134813639968
410164,1,10,Female,Bicyclist,2022,May,Friday,4:00pm-4:59pm,Daylight,Clear,Urban,Major Collector,Four-Way Intersection,On Roadway,None / Unknown,42.2263,-121.79085833,Not a Pedestrian,At Intersection,Not a Pedestrian,Travel Lane,Not a Pedestrian,Not applicable,25,25 MPH,97,Not Reported,1,"Two-Way, Not Divided",41035971800,Census Tract 9718,30714.0,2183,68.16307833256985,0.0,21.163536417773706,6.321839080459771
410174,1,83,Female,Pedestrian,2022,May,Friday,9:00am-9:59am,Daylight,Rain,Urban,Minor Arterial,Four-Way Intersection,On Roadway,None / Unknown,45.33673333,-122.59100833,At Intersection,Not a Cyclist,Crosswalk Area,Not a Cyclist,Not Derived/Unknown Initial Direction of Travel,Not a Cyclist,25,25 MPH,2,Traffic control signal (on colors) with Pedestrian Signal,5,"Two-Way, Not Divided With a Continuous Left-Turn Lane",41005022502,Census Tract 225.02,74826.0,4275,93.38011695906432,0.0,3.181286549707602,3.2747603833865817
410194,1,71,Male,Other Pedalcyclist,2022,June,Tuesday,1:00pm-1:59pm,Daylight,Not Reported,Urban,Principal Arterial - Other,Four-Way Intersection,On Roadway,None / Unknown,45.52621667,-122.55802222,Not a Pedestrian,At Intersection,Not a Pedestrian,Bicycle Lane / Paved Shoulder / Parking Lane,Not a Pedestrian,With Traffic,98,Not Reported,3,Traffic control signal(on colors) not known whether or not Pedestrian Signal,5,"Two-Way, Not Divided With a Continuous Left-Turn Lane",41051008100,Census Tract 81,48106.0,7983,53.71414255292497,15.620693974696229,9.658023299511461,20.721649484536083
410195,1,62,Male,Pedestrian,2022,June,Wednesday,10:00pm-10:59pm,Dark - Lighted,Clear,Urban,Minor Arterial,Not an Intersection,On Roadway,None / Unknown,42.33578333,-122.86174444,Not At Intersection,Not a Cyclist,Travel Lane,Not a Cyclist,Not Applicable,Not a Cyclist,98,Not Reported,97,Not Reported,5,"Two-Way, Not Divided With a Continuous Left-Turn Lane",41029000502,Census Tract 5.02,39184.0,5866,85.74838049778384,1.1933174224343674,7.722468462325264,8.175305520438265
410197,1,33,Female,Person on a Personal Conveyance,2022,June,Saturday,10:00pm-10:59pm,Dark - Lighted,Cloudy,Urban,Minor Arterial,Not an Intersection,On Roadway,None / Unknown,45.522525,-122.49641389,Not At Intersection,Not a Cyclist,Travel Lane,Not a Cyclist,Not Applicable,Not a Cyclist,35,35 MPH,97,Not Reported,5,"Two-Way, Not Divided With a Continuous Left-Turn Lane",41051009606,Census Tract 96.06,50540.0,5369,35.59322033898305,2.2723039672192216,39.50456323337679,18.70109546165884
410218,1,64,Male,Pedestrian,2022,April,Thursday,10:00pm-10:59pm,Dark - Lighted,Not Reported,Urban,Principal Arterial - Other,Not an Intersection,On Roadway,None / Unknown,45.50441111,-122.56230833,Not At Intersection,Not a Cyclist,Travel Lane,Not a Cyclist,Not Applicable,Not a Cyclist,98,Not Reported,97,Not Reported,5,"Two-Way, Not Divided With a Continuous Left-Turn Lane",41051008201,Census Tract 82.01,59423.0,3392,52.41745283018868,5.866745283018868,23.732311320754718,18.684210526315788
410224,1,55,Male,Pedestrian,2022,June,Sunday,10:00pm-10:59pm,Dark - Lighted,Clear,Urban,Principal Arterial - Other,Not an Intersection,On Roadway,None / Unknown,44.98160556,-122.983225,Not At Intersection,Not a Cyclist,Travel Lane,Not a Cyclist,Not Applicable,Not a Cyclist,35,35 MPH,97,Not Reported,5,"Two-Way, Not Divided With a Continuous Left-Turn Lane",41047001606,Census Tract 16.06,83514.0,6030,31.87396351575456,0.5970149253731344,64.742951907131,0.5210420841683366
410240,1,49,Male,Pedestrian,2022,July,Saturday,7:00pm-7:59pm,Daylight,Clear,Urban,Principal Arterial - Other,Four-Way Intersection,On Roadway,None / Unknown,44.05435,-123.35229722,At Intersection,Not a Cyclist,Crosswalk Area,Not a Cyclist,Southbound,Not a Cyclist,55,55 MPH,2,Traffic control signal (on colors) with Pedestrian Signal,5,"Two-Way, Not Divided With a Continuous Left-Turn Lane",41039000904,Census Tract 9.04,68750.0,3086,88.23720025923527,0.0,5.281918340894362,3.2939189189189184
410248,1,70,Male,Bicyclist,2022,July,Sunday,10:00pm-10:59pm,Dark - Lighted,Clear,Urban,Major Collector,Four-Way Intersection,On Roadway,None / Unknown,45.59018889,-122.70533611,Not a Pedestrian,At Intersection,Not a Pedestrian,Travel Lane,Not a Pedestrian,With Traffic,25,25 MPH,97,Not Reported,1,"Two-Way, Not Divided",41051003903,Census Tract 39.03,101111.0,3231,63.293098112039615,16.341689879294336,9.037449705973383,10.763680096211665
410251,1,53,Male,Pedestrian,2022,May,Wednesday,10:00pm-10:59pm,Dark - Lighted,Clear,Urban,Minor Arterial,Not an Intersection,On Roadway,None / Unknown,45.47986667,-122.39010278,Not At Intersection,Not a Cyclist,Travel Lane,Not a Cyclist,Not Applicable,Not a Cyclist,35,35 MPH,97,Not Reported,1,"Two-Way, Not Divided",41051010408,Census Tract 104.08,58235.0,7664,66.41440501043841,0.14352818371607515,25.0,4.959349593495935
410252,1,19,Male,Bicyclist,2022,July,Monday,10:00pm-10:59pm,Dark - Not Lighted,Clear,Urban,Minor Arterial,Not an Intersection,Not Reported,None / Unknown,44.07027778,-123.20814167,Not a Pedestrian,Not At Intersection,Not a Pedestrian,Unknown,Not a Pedestrian,Unknown,45,45 MPH,97,Not Reported,1,"Two-Way, Not Divided",41039002506,Census Tract 25.06,82429.0,3659,85.87045640885488,1.6397922929762232,4.946706750478272,4.0733197556008145
410259,1,63,Female,Pedestrian,2022,July,Saturday,7:00am-7:59am,Daylight,Cloudy,Urban,Major Collector,Four-Way Intersection,On Roadway,None / Unknown,45.48990833,-122.56102778,At Intersection,Not a Cyclist,Crosswalk Area,Not a Cyclist,Not Derived/Unknown Initial Direction of Travel,Not a Cyclist,30,30 MPH,97,Not Reported,5,"Two-Way, Not Divided With a Continuous Left-Turn Lane",41051008302,Census Tract 83.02,70572.0,5231,53.412349455171096,4.511565666220608,14.222901930797171,9.878000787091697
410263,1,60,Male,Pedestrian,2022,July,Wednesday,0:00am-0:59am,Dark - Not Lighted,Clear,Rural,Minor Arterial,Not an Intersection,On Roadway,None / Unknown,44.42563611,-123.11035556,Not At Intersection,Not a Cyclist,Travel Lane,Not a Cyclist,Not Applicable,Not a Cyclist,55,55 MPH,97,Not Reported,1,"Two-Way, Not Divided",41043030600,Census Tract 306,72561.0,7701,84.15790157122451,0.09089728606674458,8.700168809245552,1.4642082429501084
410266,1,82,Male,Pedestrian,2022,July,Saturday,7:00pm-7:59pm,Daylight,Clear,Urban,Minor Arterial,Not an Intersection,On Roadway,None / Unknown,45.41874167,-122.78811111,Not At Intersection,Not a Cyclist,Travel Lane,Not a Cyclist,Not Applicable,Not a Cyclist,98,Not Reported,97,Not Reported,5,"Two-Way, Not Divided With a Continuous Left-Turn Lane",41067031904,Census Tract 319.04,142315.0,3126,84.03710812539987,0.7677543186180422,3.45489443378119,6.773162939297124
410272,1,45,Male,Pedestrian,2022,July,Friday,0:00am-0:59am,Dark - Lighted,Clear,Rural,Interstate,Not an Intersection,On Roadway,None / Unknown,44.56356389,-123.06206389,Not At Intersection,Not a Cyclist,Travel Lane,Not a Cyclist,Not Applicable,Not a Cyclist,65,65 MPH,97,Not Reported,3,"Two-Way,  Divided, Positive  Median Barrier",41043020200,Census Tract 202,58295.0,1725,83.1304347826087,0.0,6.724637681159421,7.814269535673839
410274,1,32,Male,Pedestrian,2022,July,Friday,2:00am-2:59am,Dark - Not Lighted,Clear,Rural,Principal Arterial - Other,Not an Intersection,On Roadway,None / Unknown,42.39254722,-122.02725556,Not At Intersection,Not a Cyclist,Travel Lane,Not a Cyclist,Not Applicable,Not a Cyclist,55,55 MPH,97,Not Reported,1,"Two-Way, Not Divided",41035970300,Census Tract 9703,69421.0,3083,82.6792085630879,0.0,5.773597145637367,3.3511043412033508
410276,1,25,Male,Bicyclist,2022,July,Saturday,2:00am-2:59am,Dark - Lighted,Clear,Urban,Minor Arterial,Not an Intersection,On Shoulder,None / Unknown,45.53344444,-122.44793056,Not a Pedestrian,Not At Intersection,Not a Pedestrian,Bicycle Lane / Paved Shoulder / Parking Lane,Not a Pedestrian,With Traffic,35,35 MPH,97,Not Reported,5,"Two-Way, Not Divided With a Continuous Left-Turn Lane",41051010102,Census Tract 101.02,77273.0,4326,55.64031437817846,5.085529357374018,28.61766065649561,11.165048543689322
410280,1,82,Male,Pedestrian,2022,July,Sunday,4:00pm-4:59pm,Daylight,Cloudy,Urban,Local,T-Intersection,On Roadway,None / Unknown,42.30619444,-122.83725556,At Intersection,Not a Cyclist,Crosswalk Area,Not a Cyclist,Not Derived/Unknown Initial Direction of Travel,Not a Cyclist,98,Not Reported,97,Not Reported,1,"Two-Way, Not Divided",41029000606,Census Tract 6.06,115750.0,2009,89.49726231956198,0.0,3.086112493777999,0.0
410285,1,67,Female,Pedestrian,2022,August,Thursday,5:00am-5:59am,Dark - Not Lighted,"Fog, Smog, Smoke",Urban,Principal Arterial - Other,Not an Intersection,On Roadway,None / Unknown,42.04977778,-124.25903333,Not At Intersection,Not a Cyclist,Travel Lane,Not a Cyclist,Not Applicable,Not a Cyclist,45,45 MPH,97,Not Reported,5,"Two-Way, Not Divided With a Continuous Left-Turn Lane",41015950401,Census Tract 9504.01,58361.0,3060,82.58169934640523,0.0,7.777777777777778,0.0
410301,1,66,Male,Pedestrian,2022,August,Saturday,9:00pm-9:59pm,Dark - Lighted,Clear,Urban,Principal Arterial - Other,Not an Intersection,On Roadway,None / Unknown,42.20657222,-121.72969722,Not At Intersection,Not a Cyclist,Travel Lane,Not a Cyclist,Not Applicable,Not a Cyclist,35,35 MPH,97,Not Reported,5,"Two-Way, Not Divided With a Continuous Left-Turn Lane",41035971200,Census Tract 9712,38750.0,2442,75.96232596232596,0.08190008190008191,12.817362817362818,2.677651905252317
410309,1,43,Female,Pedestrian,2022,August,Friday,4:00am-4:59am,Dark - Unknown Lighting,Not Reported,Rural,Interstate,Not an Intersection,On Roadway,None / Unknown,45.62358333,-121.10894722,Not At Intersection,Not a Cyclist,Travel Lane,Not a Cyclist,Not Applicable,Not a Cyclist,65,65 MPH,97,Not Reported,3,"Two-Way,  Divided, Positive  Median Barrier",41065970800,Census Tract 9708,60582.0,4537,75.02755124531629,0.5730659025787965,7.383733744765264,5.7894736842105265
410321,1,52,Female,Bicyclist,2022,August,Tuesday,8:00am-8:59am,Daylight,Clear,Rural,Major Collector,Not an Intersection,Not Reported,None / Unknown,44.6164,-123.14073056,Not a Pedestrian,Not At Intersection,Not a Pedestrian,Unknown,Not a Pedestrian,Unknown,45,45 MPH,97,Not Reported,1,"Two-Way, Not Divided",41043030700,Census Tract 307,85486.0,3983,85.53853878985689,0.3012804418779814,5.397941250313834,0.75
410323,1,48,Male,Pedestrian,2022,August,Thursday,4:00am-4:59am,Dark - Not Lighted,Clear,Urban,Minor Arterial,Not an Intersection,On Roadway,None / Unknown,45.25497222,-122.70954722,Not At Intersection,Not a Cyclist,Travel Lane,Not a Cyclist,Not Applicable,Not a Cyclist,45,45 MPH,97,Not Reported,5,"Two-Way, Not Divided With a Continuous Left-Turn Lane",41005022800,Census Tract 228,76161.0,4069,84.54165642664046,0.0,9.166871467190955,6.367583212735166
410331,1,26,Female,Pedestrian,2022,August,Saturday,5:00am-5:59am,Dark - Lighted,Cloudy,Urban,Minor Arterial,T-Intersection,On Roadway,None / Unknown,45.51915556,-122.52604167,Intersection-Related,Not a Cyclist,Sidewalk / Shared-Use Path / Driveway Access,Not a Cyclist,Not Derived/Unknown Initial Direction of Travel,Not a Cyclist,30,30 MPH,97,Not Reported,5,"Two-Way, Not Divided With a Continuous Left-Turn Lane",41051009203,Census Tract 92.03,46026.0,3081,58.81207400194742,4.414151249594288,21.648815319701395,0.7119741100323626
410334,1,59,Female,Pedestrian,2022,August,Monday,9:00pm-9:59pm,Dark - Not Lighted,Clear,Urban,Principal Arterial - Other,Not an Intersection,On Roadway,None / Unknown,43.13949722,-123.39069167,Not At Intersection,Not a Cyclist,Travel Lane,Not a Cyclist,Not Applicable,Not a Cyclist,55,55 MPH,97,Not Reported,5,"Two-Way, Not Divided With a Continuous Left-Turn Lane",41019160002,Census Tract 1600.02,46316.0,4437,80.7752986251972,0.15776425512733827,12.237998647734956,0.0
410337,1,39,Female,Pedestrian,2022,August,Tuesday,Unknown Hours,Dark - Lighted,Clear,Urban,Interstate,Not an Intersection,On Roadway,None / Unknown,44.93046667,-122.99049722,Not At Intersection,Not a Cyclist,Travel Lane,Not a Cyclist,Not Applicable,Not a Cyclist,60,60 MPH,97,Not Reported,3,"Two-Way,  Divided, Positive  Median Barrier",41047000702,Census Tract 7.02,42776.0,5456,61.18035190615836,3.262463343108504,24.596774193548388,13.592233009708737
410339,1,72,Male,Pedestrian,2022,August,Tuesday,9:00pm-9:59pm,Dark - Not Lighted,Clear,Urban,Principal Arterial - Other,Not an Intersection,On Roadway,None / Unknown,45.60370556,-122.68189444,Not At Intersection,Not a Cyclist,Travel Lane,Not a Cyclist,Not Applicable,Not a Cyclist,55,55 MPH,97,Not Reported,2,"Two-Way, Divided, Unprotected Median",41051007202,Census Tract 72.02,84154.0,3308,48.70012091898428,11.910519951632406,23.518742442563482,7.27362691736764
410342,1,43,Male,Pedestrian,2022,September,Friday,10:00am-10:59am,Daylight,Clear,Urban,Principal Arterial - Other,Not an Intersection,On Roadway,None / Unknown,44.01209722,-117.005325,Not At Intersection,Not a Cyclist,Travel Lane,Not a Cyclist,Not Applicable,Not a Cyclist,55,55 MPH,97,Not Reported,5,"Two-Way, Not Divided With a Continuous Left-Turn Lane",41045970300,Census Tract 9703,35972.0,4432,49.39079422382672,0.2030685920577617,48.14981949458484,4.893138357705286
410348,1,83,Male,Pedestrian,2022,April,Wednesday,8:00pm-8:59pm,Dark - Lighted,Rain,Urban,Minor Arterial,Not an Intersection,On Roadway,None / Unknown,44.3045,-120.84707778,Not At Intersection,Not a Cyclist,Travel Lane,Not a Cyclist,Not Applicable,Not a Cyclist,25,25 MPH,97,Not Reported,5,"Two-Way, Not Divided With a Continuous Left-Turn Lane",41013950302,Census Tract 9503.02,44333.0,3355,87.36214605067065,0.0,10.044709388971684,3.397027600849257
410356,1,75,Female,Pedestrian,2022,September,Wednesday,7:00am-7:59am,Daylight,Clear,Rural,Principal Arterial - Other,Four-Way Intersection,On Roadway,None / Unknown,45.37719444,-122.11151944,At Intersection,Not a Cyclist,Intersection Area,Not a Cyclist,Not Derived/Unknown Initial Direction of Travel,Not a Cyclist,55,55 MPH,97,Not Reported,5,"Two-Way, Not Divided With a Continuous Left-Turn Lane",41005024302,Census Tract 243.02,99639.0,5170,95.47388781431334,0.5222437137330754,3.017408123791103,3.9140445126630854
410365,1,24,Female,Pedestrian,2022,September,Sunday,0:00am-0:59am,Dark - Lighted,Clear,Urban,Interstate,Not an Intersection,On Roadway,None / Unknown,45.41147222,-122.5728,Not At Intersection,Not a Cyclist,Travel Lane,Not a Cyclist,Not Applicable,Not a Cyclist,55,55 MPH,97,Not Reported,3,"Two-Way,  Divided, Positive  Median Barrier",41005022101,Census Tract 221.01,82153.0,6786,79.73769525493664,1.0020630710285883,12.86472148541114,1.1642542479546885
410368,1,59,Male,Pedestrian,2022,September,Thursday,8:00pm-8:59pm,Dark - Lighted,Clear,Urban,Minor Arterial,Four-Way Intersection,On Roadway,None / Unknown,45.16168333,-122.82213333,At Intersection,Not a Cyclist,Crosswalk Area,Not a Cyclist,Not Derived/Unknown Initial Direction of Travel,Not a Cyclist,50,50 MPH,97,Not Reported,5,"Two-Way, Not Divided With a Continuous Left-Turn Lane",41047010305,Census Tract 103.05,60526.0,5148,24.747474747474747,0.9712509712509712,68.3954933954934,2.7543314082629946
410371,1,63,Male,Pedestrian,2022,September,Thursday,8:00pm-8:59pm,Dark - Not Lighted,Not Reported,Rural,Minor Collector,Not an Intersection,On Roadway,None / Unknown,42.50788333,-122.90332222,Not At Intersection,Not a Cyclist,Travel Lane,Not a Cyclist,Not Applicable,Not a Cyclist,55,55 MPH,97,Not Reported,1,"Two-Way, Not Divided",41029002800,Census Tract 28,75063.0,4751,79.89896863818143,0.0,9.597979372763628,0.8114856429463172
410377,1,36,Male,Bicyclist,2022,August,Wednesday,5:00pm-5:59pm,Daylight,Clear,Urban,Local,Not an Intersection,On Shoulder,None / Unknown,46.20252778,-123.954425,Not a Pedestrian,Not At Intersection,Not a Pedestrian,Bicycle Lane / Paved Shoulder / Parking Lane,Not a Pedestrian,Unknown,25,25 MPH,97,Not Reported,1,"Two-Way, Not Divided",41007950500,Census Tract 9505,68367.0,5450,76.66055045871559,0.6972477064220184,9.724770642201836,2.70042194092827
410377,2,7,Male,Bicyclist,2022,August,Wednesday,5:00pm-5:59pm,Daylight,Clear,Urban,Local,Not an Intersection,On Shoulder,None / Unknown,46.20252778,-123.954425,Not a Pedestrian,Not At Intersection,Not a Pedestrian,Bicycle Lane / Paved Shoulder / Parking Lane,Not a Pedestrian,Unknown,25,25 MPH,97,Not Reported,1,"Two-Way, Not Divided",41007950500,Census Tract 9505,68367.0,5450,76.66055045871559,0.6972477064220184,9.724770642201836,2.70042194092827
410387,1,43,Female,Pedestrian,2022,September,Wednesday,0:00am-0:59am,Dark - Not Lighted,Rain,Urban,Principal Arterial - Other,Not an Intersection,On Roadway,None / Unknown,44.07721944,-121.30337778,Not At Intersection,Not a Cyclist,Travel Lane,Not a Cyclist,Not Applicable,Not a Cyclist,45,45 MPH,97,Not Reported,3,"Two-Way,  Divided, Positive  Median Barrier",41017001601,Census Tract 16.01,64363.0,4643,88.64958001292268,0.021537798836958864,2.067628688348051,0.6797281087564974
410397,1,48,Male,Pedestrian,2022,September,Tuesday,9:00pm-9:59pm,Dark - Not Lighted,Clear,Urban,Principal Arterial - Other,Not an Intersection,On Roadway,None / Unknown,44.58525556,-123.25493056,Not At Intersection,Not a Cyclist,Travel Lane,Not a Cyclist,Not Applicable,Not a Cyclist,50,50 MPH,97,Not Reported,1,"Two-Way, Not Divided",41003001001,Census Tract 10.01,51925.0,4373,63.8691973473588,3.841756231420078,21.838554767893896,9.683995922528032
410398,1,58,Male,Pedestrian,2022,September,Tuesday,10:00pm-10:59pm,Dark - Lighted,Clear,Urban,Interstate,Not an Intersection,On Roadway,None / Unknown,44.06260833,-123.05245556,Not At Intersection,Not a Cyclist,Travel Lane,Not a Cyclist,Not Applicable,Not a Cyclist,55,55 MPH,97,Not Reported,3,"Two-Way,  Divided, Positive  Median Barrier",41039003104,Census Tract 31.04,51607.0,5431,59.32609095930768,2.375253176210643,11.434358313386117,6.051975792096831
410400,1,66,Female,Pedestrian,2022,September,Wednesday,5:00am-5:59am,Dark - Lighted,Not Reported,Urban,Minor Arterial,Not an Intersection,On Roadway,None / Unknown,44.95395278,-122.98266667,Not At Intersection,Not a Cyclist,Travel Lane,Not a Cyclist,Not Applicable,Not a Cyclist,98,Not Reported,97,Not Reported,5,"Two-Way, Not Divided With a Continuous Left-Turn Lane",41047001607,Census Tract 16.07,48151.0,4844,30.099091659785298,0.0,44.426094137076795,14.608233731739709
410402,1,29,Female,Bicyclist,2022,September,Thursday,2:00pm-2:59pm,Daylight,Cloudy,Rural,Principal Arterial - Other,Not an Intersection,Reported as Unknown,None / Unknown,43.73262222,-124.11145556,Not a Pedestrian,Not At Intersection,Not a Pedestrian,Unknown,Not a Pedestrian,With Traffic,55,55 MPH,97,Not Reported,1,"Two-Way, Not Divided",41019010000,Census Tract 100,55375.0,2440,92.70491803278689,0.0,5.204918032786885,1.410105757931845
410405,1,22,Male,Pedestrian,2022,September,Thursday,11:00pm-11:59pm,Dark - Lighted,Cloudy,Urban,Minor Arterial,Four-Way Intersection,On Roadway,None / Unknown,45.55179167,-122.53718333,At Intersection,Not a Cyclist,Crosswalk Area,Not a Cyclist,Not Derived/Unknown Initial Direction of Travel,Not a Cyclist,30,30 MPH,2,Traffic control signal (on colors) with Pedestrian Signal,5,"Two-Way, Not Divided With a Continuous Left-Turn Lane",41051009502,Census Tract 95.02,63516.0,3471,57.56266205704408,13.48314606741573,15.471045808124458,7.7797725912627165
410408,1,49,Female,Pedestrian,2022,September,Friday,8:00pm-8:59pm,Dark - Lighted,Clear,Urban,Principal Arterial - Other,Not an Intersection,On Roadway,None / Unknown,45.56844167,-122.60893889,Not At Intersection,Not a Cyclist,Travel Lane,Not a Cyclist,Not Applicable,Not a Cyclist,45,45 MPH,97,Not Reported,1,"Two-Way, Not Divided",41051007400,Census Tract 74,69125.0,3829,44.13685035257247,27.108905719509007,17.60250718203186,11.212938005390836
410415,1,50,Female,Bicyclist,2022,October,Tuesday,11:00am-11:59am,Daylight,Cloudy,Urban,Principal Arterial - Other,Four-Way Intersection,On Roadway,None / Unknown,45.49783333,-122.63956667,Not a Pedestrian,At Intersection,Not a Pedestrian,Bicycle Lane / Paved Shoulder / Parking Lane,Not a Pedestrian,Not applicable,30,30 MPH,2,Traffic control signal (on colors) with Pedestrian Signal,5,"Two-Way, Not Divided With a Continuous Left-Turn Lane",41051000902,Census Tract 9.02,84699.0,5324,65.43951915852743,4.338842975206612,12.340345604808414,25.899280575539567
410418,1,67,Male,Pedestrian,2022,October,Tuesday,7:00pm-7:59pm,Dark - Lighted,Cloudy,Urban,Principal Arterial - Other,Four-Way Intersection,On Roadway,None / Unknown,45.41165556,-122.62848056,At Intersection,Not a Cyclist,Crosswalk Area,Not a Cyclist,Not Derived/Unknown Initial Direction of Travel,Not a Cyclist,35,35 MPH,97,Not Reported,5,"Two-Way, Not Divided With a Continuous Left-Turn Lane",41005021400,Census Tract 214,84432.0,5139,87.31270675228645,0.0,4.436660828955049,5.470999588646648
410421,1,50,Male,Pedestrian,2022,October,Tuesday,8:00am-8:59am,Daylight,"Fog, Smog, Smoke | Cloudy",Urban,Principal Arterial - Other,Not an Intersection,On Shoulder,None / Unknown,43.17138333,-123.36301389,Not At Intersection,Not a Cyclist,Paved Shoulder / Bicycle Lane / Parking Lane,Not a Cyclist,Not Applicable,Not a Cyclist,55,55 MPH,97,Not Reported,1,"Two-Way, Not Divided",41019130001,Census Tract 1300.01,51490.0,2624,96.5701219512195,0.0,1.7911585365853657,0.0
410427,1,23,Female,Pedestrian,2022,October,Thursday,10:00pm-10:59pm,Dark - Not Lighted,Clear,Rural,Principal Arterial - Other,Not an Intersection,On Roadway,Construction,44.63562222,-123.183825,Not At Intersection,Not a Cyclist,Travel Lane,Not a Cyclist,Not Applicable,Not a Cyclist,45,45 MPH,97,Not Reported,5,"Two-Way, Not Divided With a Continuous Left-Turn Lane",41003000600,Census Tract 6,52371.0,4634,82.75787656452309,1.251618472162279,9.06344410876133,3.2149712092130516
410428,1,66,Male,Pedestrian,2022,October,Tuesday,4:00pm-4:59pm,Daylight,Clear,Rural,Minor Arterial,Not an Intersection,On Shoulder,None / Unknown,42.51307222,-122.8119,Not At Intersection,Not a Cyclist,Paved Shoulder / Bicycle Lane / Parking Lane,Not a Cyclist,Not Applicable,Not a Cyclist,55,55 MPH,97,Not Reported,1,"Two-Way, Not Divided",41029001402,Census Tract 14.02,65000.0,920,85.21739130434783,0.0,0.0,0.0
410428,2,46,Female,Pedestrian,2022,October,Tuesday,4:00pm-4:59pm,Daylight,Clear,Rural,Minor Arterial,Not an Intersection,On Shoulder,None / Unknown,42.51307222,-122.8119,Not At Intersection,Not a Cyclist,Paved Shoulder / Bicycle Lane / Parking Lane,Not a Cyclist,Not Applicable,Not a Cyclist,55,55 MPH,97,Not Reported,1,"Two-Way, Not Divided",41029001402,Census Tract 14.02,65000.0,920,85.21739130434783,0.0,0.0,0.0
410435,1,52,Male,Pedestrian,2022,October,Sunday,9:00pm-9:59pm,Dark - Not Lighted,Clear,Rural,Principal Arterial - Other,Not an Intersection,On Roadway,None / Unknown,43.98878333,-117.08572778,Not At Intersection,Not a Cyclist,Travel Lane,Not a Cyclist,Not Applicable,Not a Cyclist,55,55 MPH,97,Not Reported,1,"Two-Way, Not Divided",41045970500,Census Tract 9705,46050.0,4834,39.035995035167566,0.0,58.8539511791477,5.078125
410436,1,31,Male,Pedestrian,2022,October,Monday,11:00pm-11:59pm,Not Reported,Not Reported,Rural,Principal Arterial - Other,Not an Intersection,On Roadway,None / Unknown,45.37243889,-122.12415,Not At Intersection,Not a Cyclist,Travel Lane,Not a Cyclist,Not Applicable,Not a Cyclist,98,Not Reported,97,Not Reported,3,"Two-Way,  Divided, Positive  Median Barrier",41005024302,Census Tract 243.02,99639.0,5170,95.47388781431334,0.5222437137330754,3.017408123791103,3.9140445126630854
410439,1,50,Male,Pedestrian,2022,September,Wednesday,9:00pm-9:59pm,Dark - Lighted,Cloudy,Urban,Minor Arterial,Not an Intersection,On Roadway,None / Unknown,45.52336944,-122.69731111,Not At Intersection,Not a Cyclist,Travel Lane,Not a Cyclist,Not Applicable,Not a Cyclist,98,Not Reported,97,Not Reported,1,"Two-Way, Not Divided",41051004700,Census Tract 47,69524.0,4108,77.67770204479065,6.621226874391431,4.7955209347614405,26.000762485703394
410447,1,50,Male,Pedestrian,2022,October,Friday,4:00am-4:59am,Dark - Not Lighted,Cloudy,Rural,Major Collector,Not an Intersection,On Roadway,None / Unknown,43.95371111,-123.01207222,Not At Intersection,Not a Cyclist,Travel Lane,Not a Cyclist,Not Applicable,Not a Cyclist,55,55 MPH,97,Not Reported,2,"Two-Way, Divided, Unprotected Median",41039001101,Census Tract 11.01,85806.0,6146,87.8620240807029,0.0,4.262935242434104,0.0
410449,1,58,Male,Pedestrian,2022,October,Sunday,1:00am-1:59am,Dark - Not Lighted,Cloudy,Urban,Principal Arterial - Other,Not an Intersection,On Roadway,None / Unknown,45.80432222,-119.23991667,Not At Intersection,Not a Cyclist,Travel Lane,Not a Cyclist,Not Applicable,Not a Cyclist,55,55 MPH,97,Not Reported,3,"Two-Way,  Divided, Positive  Median Barrier",41059951300,Census Tract 9513,64712.0,3734,55.35618639528656,0.0,38.6448848419925,2.6168224299065423
410453,1,19,Male,Pedestrian,2022,October,Wednesday,4:00am-4:59am,Dark - Lighted,Cloudy,Urban,Minor Arterial,Not an Intersection,On Roadway,None / Unknown,45.54324722,-122.67733611,Not At Intersection,Not a Cyclist,Crosswalk Area,Not a Cyclist,Not Applicable,Not a Cyclist,30,30 MPH,97,Not Reported,3,"Two-Way,  Divided, Positive  Median Barrier",41051003502,Census Tract 35.02,104679.0,3156,71.13434727503169,10.709759188846641,5.323193916349809,10.791037951531779
410456,1,32,Female,Pedestrian,2022,October,Monday,9:00pm-9:59pm,Dark - Lighted,Cloudy,Urban,Local,Not an Intersection,On Roadway,None / Unknown,42.29955556,-122.88611389,Not At Intersection,Not a Cyclist,Travel Lane,Not a Cyclist,Not Applicable,Not a Cyclist,25,25 MPH,97,Not Reported,1,"Two-Way, Not Divided",41029000702,Census Tract 7.02,79790.0,5502,80.60705198109778,0.0,11.759360232642676,0.7217321571772253
410457,1,39,Male,Bicyclist,2022,October,Monday,1:00pm-1:59pm,Daylight,Rain,Urban,Principal Arterial - Other,Not an Intersection,On Roadway,None / Unknown,45.51891667,-122.99042222,Not a Pedestrian,Not At Intersection,Not a Pedestrian,Travel Lane,Not a Pedestrian,Not applicable,30,30 MPH,97,Not Reported,4,One-Way Trafficway,41067032501,Census Tract 325.01,60927.0,3124,56.33802816901409,2.5288092189500637,32.4583866837388,19.71595655806182
410458,1,44,Male,Pedestrian,2022,November,Tuesday,0:00am-0:59am,Dark - Not Lighted,Rain,Urban,Principal Arterial - Other,Not an Intersection,On Roadway,None / Unknown,44.934025,-122.95903889,Not At Intersection,Not a Cyclist,Travel Lane,Not a Cyclist,Not Applicable,Not a Cyclist,98,Not Reported,97,Not Reported,1,"Two-Way, Not Divided",41047001703,Census Tract 17.03,81176.0,5286,59.440030268634125,1.8539538403329547,35.92508513053348,0.0
410459,1,22,Male,Pedestrian,2022,October,Monday,7:00pm-7:59pm,Dark - Lighted,Clear,Urban,Principal Arterial - Other,Not an Intersection,On Roadway,None / Unknown,42.25371389,-121.79679167,Not At Intersection,Not a Cyclist,Travel Lane,Not a Cyclist,Not Applicable,Not a Cyclist,50,50 MPH,97,Not Reported,3,"Two-Way,  Divided, Positive  Median Barrier",41035972000,Census Tract 9720,65000.0,4193,84.2356308132602,0.333889816360601,7.87025995707131,8.011204481792717
410460,1,67,Female,Pedestrian,2022,October,Friday,9:00pm-9:59pm,Dark - Not Lighted,Rain,Urban,Minor Arterial,T-Intersection,On Roadway,None / Unknown,45.36626667,-122.57973611,At Intersection,Not a Cyclist,Crosswalk Area,Not a Cyclist,Not Derived/Unknown Initial Direction of Travel,Not a Cyclist,35,35 MPH,2,Traffic control signal (on colors) with Pedestrian Signal,1,"Two-Way, Not Divided",41005022301,Census Tract 223.01,76605.0,4469,87.44685611993734,0.11188185276348177,3.132691877377489,2.1972406745017885
410461,1,63,Male,Pedestrian,2022,November,Thursday,6:00am-6:59am,Dark - Not Lighted,Cloudy,Rural,Principal Arterial - Other,Not an Intersection,On Roadway,None / Unknown,45.37438611,-122.19821111,Not At Intersection,Not a Cyclist,Travel Lane,Not a Cyclist,Not Applicable,Not a Cyclist,55,55 MPH,97,Not Reported,2,"Two-Way, Divided, Unprotected Median",41005024302,Census Tract 243.02,99639.0,5170,95.47388781431334,0.5222437137330754,3.017408123791103,3.9140445126630854
410467,1,52,Male,Pedestrian,2022,September,Friday,8:00am-8:59am,Daylight,Clear,Rural,Local,Not an Intersection,On Shoulder,None / Unknown,44.95071944,-123.31696389,Not At Intersection,Not a Cyclist,Paved Shoulder / Bicycle Lane / Parking Lane,Not a Cyclist,Not Applicable,Not a Cyclist,55,55 MPH,97,Not Reported,1,"Two-Way, Not Divided",41053020500,Census Tract 205,94191.0,7444,83.66469639978507,1.2896292315959161,10.276732939279958,3.5526722273710223
410468,1,72,Male,Pedestrian,2022,September,Thursday,7:00am-7:59am,Daylight,Clear,Rural,Major Collector,Not an Intersection,On Roadway,None / Unknown,43.23792222,-120.68633611,Not At Intersection,Not a Cyclist,Travel Lane,Not a Cyclist,Not Applicable,Not a Cyclist,35,35 MPH,97,Not Reported,1,"Two-Way, Not Divided",41037960100,Census Tract 9601,50288.0,2766,92.69703543022415,0.0,3.9045553145336225,4.4534412955465585
410470,1,63,Female,Pedestrian,2022,October,Saturday,11:00pm-11:59pm,Dark - Lighted,Cloudy,Urban,Principal Arterial - Other,Not an Intersection,On Roadway,None / Unknown,45.51672778,-122.97403611,Not At Intersection,Not a Cyclist,Travel Lane,Not a Cyclist,Not Applicable,Not a Cyclist,35,35 MPH,97,Not Reported,5,"Two-Way, Not Divided With a Continuous Left-Turn Lane",41067032501,Census Tract 325.01,60927.0,3124,56.33802816901409,2.5288092189500637,32.4583866837388,19.71595655806182
410471,1,55,Female,Pedestrian,2022,November,Tuesday,6:00pm-6:59pm,Dark - Not Lighted,Clear,Urban,Minor Arterial,T-Intersection,On Roadway,None / Unknown,45.54609722,-122.49579167,At Intersection,Not a Cyclist,Crosswalk Area,Not a Cyclist,Westbound,Not a Cyclist,35,35 MPH,97,Not Reported,1,"Two-Way, Not Divided",41051010200,Census Tract 102,95268.0,7520,45.71808510638298,9.654255319148936,32.726063829787236,3.4812454032851186
410474,1,25,Female,Pedestrian,2022,November,Thursday,6:00pm-6:59pm,Dark - Not Lighted,Clear,Rural,Principal Arterial - Other,Not an Intersection,On Roadway,None / Unknown,46.16815278,-123.58155,Not At Intersection,Not a Cyclist,Travel Lane,Not a Cyclist,Not Applicable,Not a Cyclist,50,50 MPH,97,Not Reported,5,"Two-Way, Not Divided With a Continuous Left-Turn Lane",41007951200,Census Tract 9512,61685.0,3358,89.69624776652769,0.02977963073257892,4.10958904109589,4.124579124579125
410475,1,65,Male,Pedestrian,2022,November,Thursday,7:00pm-7:59pm,Dark - Not Lighted,Cloudy,Rural,Principal Arterial - Other,Not an Intersection,On Roadway,None / Unknown,45.92786667,-123.89906667,Not At Intersection,Not a Cyclist,Travel Lane,Not a Cyclist,Not Applicable,Not a Cyclist,55,55 MPH,97,Not Reported,1,"Two-Way, Not Divided",41007951100,Census Tract 9511,64115.0,4494,84.49043168669337,1.8691588785046727,9.012016021361816,7.81094527363184
410478,1,38,Male,Pedestrian,2022,November,Sunday,1:00am-1:59am,Dark - Not Lighted,"Fog, Smog, Smoke",Urban,Interstate,Not an Intersection,On Roadway,None / Unknown,44.99434722,-123.00034722,Not At Intersection,Not a Cyclist,Travel Lane,Not a Cyclist,Not Applicable,Not a Cyclist,60,60 MPH,97,Not Reported,3,"Two-Way,  Divided, Positive  Median Barrier",41047001601,Census Tract 16.01,70996.0,7620,51.01049868766404,1.4960629921259843,39.08136482939633,0.251959686450168
410482,1,47,Female,Bicyclist,2022,October,Friday,11:00pm-11:59pm,Dark - Lighted,Rain,Urban,Major Collector,Four-Way Intersection,On Roadway,None / Unknown,45.50444444,-122.56881111,Not a Pedestrian,At Intersection,Not a Pedestrian,Sidewalk  / Crosswalk / Driveway Access,Not a Pedestrian,Not applicable,98,Not Reported,2,Traffic control signal (on colors) with Pedestrian Signal,5,"Two-Way, Not Divided With a Continuous Left-Turn Lane",41051008301,Census Tract 83.01,64886.0,4114,40.37433155080214,10.646572678658242,7.073407875546913,22.07916070577015
410494,1,45,Male,Pedestrian,2022,November,Monday,6:00pm-6:59pm,Dark - Lighted,Cloudy,Urban,Principal Arterial - Other,Not an Intersection,On Roadway,None / Unknown,45.49825278,-122.52116944,Intersection-Related,Not a Cyclist,Travel Lane,Not a Cyclist,Northbound,Not a Cyclist,30,30 MPH,97,Not Reported,1,"Two-Way, Not Divided",41051009102,Census Tract 91.02,73523.0,6765,55.06282335550628,10.317812269031782,4.848484848484849,6.215772179627602
410499,1,82,Male,Pedestrian,2022,November,Tuesday,5:00pm-5:59pm,Dark - Lighted,Rain,Urban,Minor Arterial,Not an Intersection,On Roadway,None / Unknown,45.3364,-122.590475,Not At Intersection,Not a Cyclist,Travel Lane,Not a Cyclist,Not Applicable,Not a Cyclist,30,30 MPH,97,Not Reported,5,"Two-Way, Not Divided With a Continuous Left-Turn Lane",41005022502,Census Tract 225.02,74826.0,4275,93.38011695906432,0.0,3.181286549707602,3.2747603833865817
410501,1,39,Male,Pedestrian,2022,November,Tuesday,7:00pm-7:59pm,Dark - Not Lighted,Clear,Urban,Interstate,Not an Intersection,On Roadway,None / Unknown,42.31677778,-122.85638333,Not At Intersection,Not a Cyclist,Travel Lane,Not a Cyclist,Not Applicable,Not a Cyclist,55,55 MPH,97,Not Reported,3,"Two-Way,  Divided, Positive  Median Barrier",41029000501,Census Tract 5.01,75099.0,3115,81.66934189406099,0.0,14.18940609951846,5.297532656023222
410506,1,35,Male,Bicyclist,2022,November,Tuesday,5:00pm-5:59pm,Dark - Not Lighted,Rain,Urban,Principal Arterial - Other,Not an Intersection,On Roadway,None / Unknown,46.19057778,-123.84153611,Not a Pedestrian,Not At Intersection,Not a Pedestrian,Travel Lane,Not a Pedestrian,Unknown,25,25 MPH,97,Not Reported,1,"Two-Way, Not Divided",41007950200,Census Tract 9502,80784.0,3880,81.49484536082474,0.25773195876288657,9.690721649484537,16.93548387096774
410509,1,21,Male,Pedestrian,2022,October,Monday,6:00am-6:59am,Dark - Not Lighted,Clear,Urban,Minor Arterial,Four-Way Intersection,On Roadway,None / Unknown,45.51911944,-122.51338611,At Intersection,Not a Cyclist,Crosswalk Area,Not a Cyclist,Northbound,Not a Cyclist,30,30 MPH,97,Not Reported,5,"Two-Way, Not Divided With a Continuous Left-Turn Lane",41051009202,Census Tract 92.02,37417.0,5885,54.27357689039932,9.481733220050977,16.176720475785896,4.448818897637795
410519,1,30,Female,Pedestrian,2022,December,Saturday,4:00am-4:59am,Dark - Not Lighted,Cloudy,Urban,Minor Arterial,Not an Intersection,On Roadway,None / Unknown,44.627,-123.08336944,Not At Intersection,Not a Cyclist,Travel Lane,Not a Cyclist,Not Applicable,Not a Cyclist,35,35 MPH,97,Not Reported,5,"Two-Way, Not Divided With a Continuous Left-Turn Lane",41043020801,Census Tract 208.01,42215.0,2584,72.21362229102168,0.8126934984520124,13.003095975232199,1.6574585635359116
410520,1,53,Female,Pedestrian,2022,December,Saturday,6:00pm-6:59pm,Dark - Not Lighted,Rain | Cloudy,Urban,Principal Arterial - Other,Not an Intersection,On Roadway,None / Unknown,42.20644444,-121.73525556,Not At Intersection,Not a Cyclist,Travel Lane,Not a Cyclist,Not Applicable,Not a Cyclist,35,35 MPH,97,Not Reported,5,"Two-Way, Not Divided With a Continuous Left-Turn Lane",41035971300,Census Tract 9713,53558.0,6144,76.69270833333334,0.016276041666666664,14.615885416666666,0.0
410528,1,38,Female,Pedestrian,2022,December,Wednesday,6:00pm-6:59pm,Dark - Not Lighted,Clear,Urban,Principal Arterial - Other,Not an Intersection,On Roadway,None / Unknown,45.582875,-122.66207778,Not At Intersection,Not a Cyclist,Travel Lane,Not a Cyclist,Not Applicable,Not a Cyclist,98,Not Reported,97,Not Reported,1,"Two-Way, Not Divided",41051007202,Census Tract 72.02,84154.0,3308,48.70012091898428,11.910519951632406,23.518742442563482,7.27362691736764
410530,1,91,Male,Pedestrian,2022,December,Friday,6:00pm-6:59pm,Dark - Lighted,"Fog, Smog, Smoke",Urban,Principal Arterial - Other,Not an Intersection,On Roadway,None / Unknown,42.42173333,-123.30071944,Not At Intersection,Not a Cyclist,Travel Lane,Not a Cyclist,Not Applicable,Not a Cyclist,45,45 MPH,97,Not Reported,1,"Two-Way, Not Divided",41033361201,Census Tract 3612.01,35078.0,3811,71.31986355287326,0.8134347940173182,21.149304644450275,0.0
410530,2,85,Female,Pedestrian,2022,December,Friday,6:00pm-6:59pm,Dark - Lighted,"Fog, Smog, Smoke",Urban,Principal Arterial - Other,Not an Intersection,On Roadway,None / Unknown,42.42173333,-123.30071944,Not At Intersection,Not a Cyclist,Travel Lane,Not a Cyclist,Not Applicable,Not a Cyclist,45,45 MPH,97,Not Reported,1,"Two-Way, Not Divided",41033361201,Census Tract 3612.01,35078.0,3811,71.31986355287326,0.8134347940173182,21.149304644450275,0.0
410534,1,50,Male,Pedestrian,2022,December,Sunday,9:00pm-9:59pm,Dark - Not Lighted,Clear,Urban,Principal Arterial - Other,T-Intersection,On Roadway,None / Unknown,45.5847,-122.68286667,At Intersection,Not a Cyclist,Crosswalk Area,Not a Cyclist,Not Derived/Unknown Initial Direction of Travel,Not a Cyclist,98,Not Reported,2,Traffic control signal (on colors) with Pedestrian Signal,1,"Two-Way, Not Divided",41051003801,Census Tract 38.01,80608.0,2743,71.23587313160773,5.796573095151294,13.889901567626687,18.01801801801802
410538,1,54,Female,Pedestrian,2022,December,Monday,2:00pm-2:59pm,Daylight,Cloudy,Urban,Minor Arterial,Four-Way Intersection,On Roadway,None / Unknown,44.93954167,-123.03706667,At Intersection,Not a Cyclist,Crosswalk Area,Not a Cyclist,Northbound,Not a Cyclist,25,25 MPH,2,Traffic control signal (on colors) with Pedestrian Signal,4,One-Way Trafficway,41047000200,Census Tract 2,51630.0,4225,65.37278106508876,0.5680473372781065,16.023668639053255,26.73956262425447
410541,1,53,Male,Pedestrian,2022,December,Monday,6:00pm-6:59pm,Dark - Lighted,Cloudy,Urban,Principal Arterial - Other,Not an Intersection,On Roadway,None / Unknown,45.553725,-122.51765278,Not At Intersection,Not a Cyclist,Travel Lane,Not a Cyclist,Not Applicable,Not a Cyclist,40,40 MPH,97,Not Reported,1,"Two-Way, Not Divided",41051009501,Census Tract 95.01,68012.0,4894,39.53821005312628,15.120555782590927,14.630159378831223,9.13508260447036
410542,1,65,Male,Pedestrian,2022,December,Tuesday,5:00am-5:59am,Dark - Not Lighted,Sleet or Hail,Rural,Interstate,Not an Intersection,On Shoulder,None / Unknown,45.5418,-122.25566667,Not At Intersection,Not a Cyclist,Paved Shoulder / Bicycle Lane / Parking Lane,Not a Cyclist,Not Applicable,Not a Cyclist,98,Not Reported,97,Not Reported,3,"Two-Way,  Divided, Positive  Median Barrier",41051010500,Census Tract 105,108971.0,3863,81.12865648459746,0.2847527828112866,12.451462593838986,1.6901408450704223
410543,1,59,Male,Pedestrian,2022,December,Monday,6:00pm-6:59pm,Dark - Not Lighted,Clear,Urban,Principal Arterial - Other,Not an Intersection,On Roadway,None / Unknown,44.24508611,-121.19066667,Not At Intersection,Not a Cyclist,Travel Lane,Not a Cyclist,Not Applicable,Not a Cyclist,50,50 MPH,97,Not Reported,3,"Two-Way,  Divided, Positive  Median Barrier",41017000901,Census Tract 9.01,63656.0,5234,73.61482613679786,0.0,21.57050057317539,3.204327923429047
410544,1,74,Female,Pedestrian,2022,December,Tuesday,5:00pm-5:59pm,Dark - Lighted,Rain,Urban,Minor Arterial,T-Intersection,On Roadway,None / Unknown,44.90468333,-123.04778056,At Intersection,Not a Cyclist,Crosswalk Area,Not a Cyclist,Eastbound,Not a Cyclist,98,Not Reported,20,Stop Sign,1,"Two-Way, Not Divided",41047002101,Census Tract 21.01,48323.0,2141,76.59971975712284,1.7281644091546005,11.723493694535264,10.05677210056772
410545,1,48,Male,Pedestrian,2022,December,Monday,5:00am-5:59am,Dark - Lighted,Clear,Urban,Interstate,Not an Intersection,On Shoulder,None / Unknown,45.511425,-122.66687778,Not At Intersection,Not a Cyclist,Paved Shoulder / Bicycle Lane / Parking Lane,Not a Cyclist,Not Applicable,Not a Cyclist,98,Not Reported,97,Not Reported,3,"Two-Way,  Divided, Positive  Median Barrier",41051001101,Census Tract 11.01,58000.0,2994,73.44689378757515,2.571810287241149,10.754843019372078,17.35763097949886
410546,1,36,Male,Pedestrian,2022,December,Thursday,6:00pm-6:59pm,Dark - Lighted,Rain | Sleet or Hail | Cloudy,Urban,Minor Arterial,T-Intersection,On Roadway,None / Unknown,45.52336111,-122.69625556,At Intersection,Not a Cyclist,Crosswalk Area,Not a Cyclist,Not Derived/Unknown Initial Direction of Travel,Not a Cyclist,25,25 MPH,97,Not Reported,1,"Two-Way, Not Divided",41051004800,Census Tract 48,62321.0,2673,78.37635615413393,1.3842124953236064,7.182940516273851,37.26279470960322
410556,1,68,Male,Pedestrian,2022,December,Wednesday,5:00pm-5:59pm,Dark - Lighted,Cloudy,Urban,Major Collector,Four-Way Intersection,On Roadway,None / Unknown,44.27551667,-121.17766389,At Intersection,Not a Cyclist,Other/Unknown,Not a Cyclist,Not Derived/Unknown Initial Direction of Travel,Not a Cyclist,25,25 MPH,0,No Controls,1,"Two-Way, Not Divided",41017000800,Census Tract 8,75865.0,7830,81.37931034482759,0.4086845466155811,16.04086845466156,3.1816913201228023
410558,1,92,Female,Pedestrian,2022,December,Friday,5:00pm-5:59pm,Dark - Lighted,Rain,Urban,Minor Arterial,Not an Intersection,On Roadway,None / Unknown,45.47651667,-122.82448333,Not At Intersection,Not a Cyclist,Travel Lane,Not a Cyclist,Not Applicable,Not a Cyclist,30,30 MPH,97,Not Reported,1,"Two-Way, Not Divided",41067031202,Census Tract 312.02,55781.0,4246,51.41309467734339,0.4710315591144607,33.39613754121526,18.220338983050848
410560,1,79,Male,Pedestrian,2022,December,Friday,5:00pm-5:59pm,Dark - Lighted,Rain,Urban,Principal Arterial - Other,Not an Intersection,On Roadway,None / Unknown,42.18543056,-122.67364444,Not At Intersection,Not a Cyclist,Travel Lane,Not a Cyclist,Not Applicable,Not a Cyclist,98,Not Reported,97,Not Reported,5,"Two-Way, Not Divided With a Continuous Left-Turn Lane",41029001801,Census Tract 18.01,44013.0,4404,84.4913714804723,2.42960944595822,11.376021798365123,13.329646017699115
410564,1,60,Female,Pedestrian,2022,December,Tuesday,6:00pm-6:59pm,Dark - Not Lighted,Rain,Urban,Principal Arterial - Other,Not an Intersection,On Roadway,None / Unknown,45.44378333,-122.57899722,Not At Intersection,Not a Cyclist,Travel Lane,Not a Cyclist,Not Applicable,Not a Cyclist,35,35 MPH,97,Not Reported,5,"Two-Way, Not Divided With a Continuous Left-Turn Lane",41005021602,Census Tract 216.02,69042.0,4863,77.35965453423812,1.2543697306189596,11.001439440674481,8.274582560296846
410592,1,47,Female,Pedestrian,2022,October,Tuesday,6:00am-6:59am,Dark - Unknown Lighting,Not Reported,Urban,Major Collector,Not an Intersection,On Roadway,None / Unknown,44.06242222,-123.00288333,Not At Intersection,Not a Cyclist,Travel Lane,Not a Cyclist,Not Applicable,Not a Cyclist,98,Not Reported,97,Not Reported,5,"Two-Way, Not Divided With a Continuous Left-Turn Lane",41039002002,Census Tract 20.02,68393.0,4992,79.30689102564102,2.123397435897436,14.122596153846153,5.240174672489083
410593,1,76,Male,Pedestrian,2022,October,Thursday,9:00pm-9:59pm,Dark - Not Lighted,Clear,Urban,Minor Arterial,Roundabout,On Roadway,None / Unknown,44.06230278,-121.33164167,At Intersection,Not a Cyclist,Other/Unknown,Not a Cyclist,Not Derived/Unknown Initial Direction of Travel,Not a Cyclist,98,Not Reported,97,Not Reported,1,"Two-Way, Not Divided",41017001302,Census Tract 13.02,105153.0,8139,84.3838309374616,0.0,5.356923454969898,3.7066881547139405
410596,1,66,Female,Pedestrian,2022,November,Saturday,5:00pm-5:59pm,Dark - Lighted,Clear,Urban,Principal Arterial - Other,Not an Intersection,On Roadway,None / Unknown,45.53352222,-122.55663056,At Intersection,Not a Cyclist,Other/Unknown,Not a Cyclist,Not Derived/Unknown Initial Direction of Travel,Not a Cyclist,98,Not Reported,97,Not Reported,4,One-Way Trafficway,41051008100,Census Tract 81,48106.0,7983,53.71414255292497,15.620693974696229,9.658023299511461,20.721649484536083
410003,1,22,Male,Pedestrian,2023,January,Monday,7:00pm-7:59pm,Dark - Not Lighted,Clear,Rural,Other Principal Arterial,Not an Intersection,On Roadway,None / Unknown,42.76370833,-121.83748056,Not At Intersection,Not a Cyclist,Paved Shoulder / Bicycle Lane / Parking Lane,Not a Cyclist,Not Applicable,Not a Cyclist,60,60 MPH,97,Not Reported,1,"Two-Way, Not Divided",41035970201,Census Tract 9702.01,32172.0,1452,86.15702479338843,0.06887052341597796,4.201101928374656,0.24213075060532688
410003,2,19,Female,Pedestrian,2023,January,Monday,7:00pm-7:59pm,Dark - Not Lighted,Clear,Rural,Other Principal Arterial,Not an Intersection,On Roadway,None / Unknown,42.76370833,-121.83748056,Not At Intersection,Not a Cyclist,Paved Shoulder / Bicycle Lane / Parking Lane,Not a Cyclist,Not Applicable,Not a Cyclist,60,60 MPH,97,Not Reported,1,"Two-Way, Not Divided",41035970201,Census Tract 9702.01,32172.0,1452,86.15702479338843,0.06887052341597796,4.201101928374656,0.24213075060532688
410003,3,20,Male,Pedestrian,2023,January,Monday,7:00pm-7:59pm,Dark - Not Lighted,Clear,Rural,Other Principal Arterial,Not an Intersection,On Roadway,None / Unknown,42.76370833,-121.83748056,Not At Intersection,Not a Cyclist,Paved Shoulder / Bicycle Lane / Parking Lane,Not a Cyclist,Not Applicable,Not a Cyclist,60,60 MPH,97,Not Reported,1,"Two-Way, Not Divided",41035970201,Census Tract 9702.01,32172.0,1452,86.15702479338843,0.06887052341597796,4.201101928374656,0.24213075060532688
410007,1,40,Female,Pedestrian,2023,January,Thursday,6:00am-6:59am,Reported as Unknown,Cloudy,Urban,Minor Arterial,Four-Way Intersection,On Roadway,None / Unknown,45.51831667,-123.09916389,At Intersection,Not a Cyclist,Crosswalk Area,Not a Cyclist,Northbound,Not a Cyclist,35,35 MPH,2,Traffic control signal (on colors) with Pedestrian Signal,1,"Two-Way, Not Divided",41067033102,Census Tract 331.02,75202.0,4419,59.696763973749725,0.0678886625933469,36.637248246209545,4.698905109489051
410007,2,2,Male,Person on a Personal Conveyance,2023,January,Thursday,6:00am-6:59am,Reported as Unknown,Cloudy,Urban,Minor Arterial,Four-Way Intersection,On Roadway,None / Unknown,45.51831667,-123.09916389,At Intersection,Not a Cyclist,Crosswalk Area,Not a Cyclist,Northbound,Not a Cyclist,35,35 MPH,2,Traffic control signal (on colors) with Pedestrian Signal,1,"Two-Way, Not Divided",41067033102,Census Tract 331.02,75202.0,4419,59.696763973749725,0.0678886625933469,36.637248246209545,4.698905109489051
410008,1,50,Male,Pedestrian,2023,January,Thursday,6:00pm-6:59pm,Dark - Not Lighted,Cloudy,Rural,Other Principal Arterial,Not an Intersection,On Shoulder,None / Unknown,44.07581111,-122.77863889,Not At Intersection,Not a Cyclist,Paved Shoulder / Bicycle Lane / Parking Lane,Not a Cyclist,Not Applicable,Not a Cyclist,55,55 MPH,97,Not Reported,1,"Two-Way, Not Divided",41039000100,Census Tract 1,76383.0,5182,84.33037437282903,0.6754148977228869,9.031262060980316,3.2013969732246803
410009,1,68,Female,Pedestrian,2023,January,Friday,5:00pm-5:59pm,Dark - Lighted,Cloudy,Urban,Other Principal Arterial,Four-Way Intersection,On Roadway,None / Unknown,45.50458333,-122.48956111,At Intersection,Not a Cyclist,Crosswalk Area,Not a Cyclist,Not Derived/Unknown Initial Direction of Travel,Not a Cyclist,30,30 MPH,2,Traffic control signal (on colors) with Pedestrian Signal,5,"Two-Way, Not Divided With a Continuous Left-Turn Lane",41051009703,Census Tract 97.03,62333.0,4790,51.94154488517745,11.461377870563675,16.367432150313153,7.289002557544758
410010,1,65,Male,Pedestrian,2023,January,Sunday,4:00pm-4:59pm,Dusk,Rain | Sleet or Hail,Rural,Interstate,Not an Intersection,On Median,None / Unknown,45.71720833,-119.00937222,Not At Intersection,Not a Cyclist,Unpaved Right-of-Way,Not a Cyclist,Not Applicable,Not a Cyclist,70,70 MPH,97,Not Reported,3,"Two-Way,  Divided, Positive  Median Barrier",41059950500,Census Tract 9505,79063.0,4657,86.8370195404767,1.37427528451793,3.328322954691862,1.6988062442607896
410011,1,17,Male,Pedestrian,2023,January,Sunday,9:00pm-9:59pm,Dark - Lighted,Cloudy,Urban,Other Principal Arterial,Not an Intersection,On Roadway,None / Unknown,44.05217778,-123.10876667,Not At Intersection,Not a Cyclist,Travel Lane,Not a Cyclist,Not Applicable,Not a Cyclist,98,Not Reported,97,Not Reported,4,One-Way Trafficway,41039004200,Census Tract 42,43365.0,3424,69.85981308411215,2.803738317757009,16.647196261682243,23.198773633111905
410013,1,34,Male,Bicyclist,2023,January,Tuesday,8:00pm-8:59pm,Dark - Not Lighted,Clear,Urban,Other Principal Arterial,Four-Way Intersection,On Roadway,None / Unknown,43.14955278,-123.37217222,Not a Pedestrian,At Intersection,Not a Pedestrian,Travel Lane,Not a Pedestrian,With Traffic,55,55 MPH,2,Traffic control signal (on colors) with Pedestrian Signal,1,"Two-Way, Not Divided",41019150001,Census Tract 1500.01,66401.0,5364,86.0738255033557,0.0,5.984340044742729,2.2303325223033252
410024,1,64,Female,Pedestrian,2023,January,Monday,3:00am-3:59am,Dark - Lighted,Clear,Urban,Major Collector,Not an Intersection,On Roadway,None / Unknown,45.49005,-122.56908333,Not At Intersection,Not a Cyclist,Travel Lane,Not a Cyclist,Not Applicable,Not a Cyclist,98,Not Reported,97,Not Reported,5,"Two-Way, Not Divided With a Continuous Left-Turn Lane",41051008301,Census Tract 83.01,64886.0,4114,40.37433155080214,10.646572678658242,7.073407875546913,22.07916070577015
410025,1,59,Male,Pedestrian,2023,January,Tuesday,10:00pm-10:59pm,Dark - Lighted,Clear,Urban,Other Principal Arterial,Four-Way Intersection,On Roadway,None / Unknown,45.49756667,-122.61119167,Intersection-Related,Not a Cyclist,Travel Lane,Not a Cyclist,Northbound,Not a Cyclist,30,30 MPH,2,Traffic control signal (on colors) with Pedestrian Signal,3,"Two-Way,  Divided, Positive  Median Barrier",41051000801,Census Tract 8.01,117462.0,4646,83.85708136030995,0.9685751183814033,7.942315970727508,11.25258086717137
410026,1,38,Male,Pedestrian,2023,January,Monday,7:00pm-7:59pm,Dark - Not Lighted,Rain,Urban,Other Principal Arterial,Not an Intersection,On Roadway,None / Unknown,45.18265833,-123.22836944,Not At Intersection,Not a Cyclist,Travel Lane,Not a Cyclist,Not Applicable,Not a Cyclist,55,55 MPH,97,Not Reported,1,"Two-Way, Not Divided",41071030602,Census Tract 306.02,77414.0,6596,79.44208611279564,0.0,13.993329290479078,0.0
410039,1,35,Male,Pedestrian,2023,February,Friday,2:00am-2:59am,Dark - Not Lighted,Cloudy,Urban,Minor Arterial,Not an Intersection,On Roadway,None / Unknown,45.469425,-122.35997778,Not At Intersection,Not a Cyclist,Travel Lane,Not a Cyclist,Not Applicable,Not a Cyclist,35,35 MPH,97,Not Reported,1,"Two-Way, Not Divided",41051010402,Census Tract 104.02,119291.0,6203,76.67257778494277,1.031758826374335,10.720619055295824,3.56906807666887
410047,1,59,Male,Pedestrian,2023,February,Wednesday,5:00pm-5:59pm,Dusk,Clear,Urban,Minor Arterial,Not an Intersection,On Roadway,None / Unknown,45.51917778,-122.46593056,Not At Intersection,Not a Cyclist,Travel Lane,Not a Cyclist,Not Applicable,Not a Cyclist,30,30 MPH,97,Not Reported,5,"Two-Way, Not Divided With a Continuous Left-Turn Lane",41051009604,Census Tract 96.04,61320.0,5441,43.39275868406543,6.7818415732402135,36.66605403418489,6.995884773662551
410055,1,39,Male,Pedestrian,2023,February,Tuesday,0:00am-0:59am,Dark - Lighted,Clear,Urban,Minor Arterial,T-Intersection,On Roadway,None / Unknown,44.08381389,-121.29555278,At Intersection,Not a Cyclist,Other/Unknown,Not a Cyclist,Not Derived/Unknown Initial Direction of Travel,Not a Cyclist,98,Not Reported,97,Not Reported,1,"Two-Way, Not Divided",41017001101,Census Tract 11.01,95158.0,7107,82.62276628675953,0.0,8.287603770930069,5.572380375529982
410056,1,54,Male,Pedestrian,2023,February,Tuesday,7:00am-7:59am,Daylight,Cloudy,Urban,Local,T-Intersection,On Roadway,None / Unknown,45.52947222,-122.56290556,Intersection-Related,Not a Cyclist,Travel Lane,Not a Cyclist,Southbound,Not a Cyclist,98,Not Reported,20,Stop Sign,1,"Two-Way, Not Divided",41051008100,Census Tract 81,48106.0,7983,53.71414255292497,15.620693974696229,9.658023299511461,20.721649484536083
410060,1,30,Male,Pedestrian,2023,February,Sunday,6:00pm-6:59pm,Dark - Not Lighted,Rain | Cloudy,Rural,Other Principal Arterial,Not an Intersection,On Roadway,None / Unknown,46.10291667,-123.18036667,Not At Intersection,Not a Cyclist,Travel Lane,Not a Cyclist,Not Applicable,Not a Cyclist,55,55 MPH,97,Not Reported,1,"Two-Way, Not Divided",41009970201,Census Tract 9702.01,63281.0,3344,84.688995215311,0.17942583732057416,2.511961722488038,3.571428571428571
410061,1,19,Male,Pedestrian,2023,February,Monday,6:00pm-6:59pm,Dark - Lighted,Clear,Urban,Major Collector,Not an Intersection,On Roadway,None / Unknown,44.61923056,-121.14193333,Not At Intersection,Not a Cyclist,Travel Lane,Not a Cyclist,Not Applicable,Not a Cyclist,45,45 MPH,97,Not Reported,1,"Two-Way, Not Divided",41031960201,Census Tract 9602.01,44611.0,3265,43.30781010719755,0.0,41.13323124042879,6.340057636887608
410061,2,17,Female,Pedestrian,2023,February,Monday,6:00pm-6:59pm,Dark - Lighted,Clear,Urban,Major Collector,Not an Intersection,On Roadway,None / Unknown,44.61923056,-121.14193333,Not At Intersection,Not a Cyclist,Travel Lane,Not a Cyclist,Not Applicable,Not a Cyclist,45,45 MPH,97,Not Reported,1,"Two-Way, Not Divided",41031960201,Census Tract 9602.01,44611.0,3265,43.30781010719755,0.0,41.13323124042879,6.340057636887608
410062,1,33,Male,Pedestrian,2023,February,Friday,4:00pm-4:59pm,Daylight,Cloudy,Rural,Minor Arterial,Not an Intersection,On Roadway,None / Unknown,45.59757778,-123.21923333,Not At Intersection,Not a Cyclist,Travel Lane,Not a Cyclist,Not Applicable,Not a Cyclist,50,50 MPH,97,Not Reported,1,"Two-Way, Not Divided",41067033600,Census Tract 336,110185.0,2438,81.58326497128795,0.0,4.716981132075472,0.0
410063,1,33,Male,Pedestrian,2023,February,Monday,5:00am-5:59am,Dark - Lighted,Cloudy,Urban,Minor Arterial,Four-Way Intersection,On Roadway,None / Unknown,45.53473611,-122.877975,At Intersection,Not a Cyclist,Other/Unknown,Not a Cyclist,Not Derived/Unknown Initial Direction of Travel,Not a Cyclist,45,45 MPH,2,Traffic control signal (on colors) with Pedestrian Signal,5,"Two-Way, Not Divided With a Continuous Left-Turn Lane",41067031626,Census Tract 316.26,80993.0,3623,54.87165332597294,0.0,4.471432514490754,1.3169845594913716
410065,1,29,Male,Pedestrian,2023,February,Thursday,8:00pm-8:59pm,Dark - Lighted,Cloudy,Urban,Other Principal Arterial,Not an Intersection,On Roadway,None / Unknown,44.07324722,-123.14576667,Not At Intersection,Not a Cyclist,Travel Lane,Not a Cyclist,Not Applicable,Not a Cyclist,98,Not Reported,97,Not Reported,5,"Two-Way, Not Divided With a Continuous Left-Turn Lane",41039004300,Census Tract 43,41792.0,7054,71.3354125318968,1.2191664303941026,18.060674794442868,4.0669856459330145
410068,1,69,Female,Pedestrian,2023,February,Monday,2:00pm-2:59pm,Daylight,Clear,Urban,Local,Not an Intersection,On Roadside,None / Unknown,45.52223889,-122.48943889,Not At Intersection,Not a Cyclist,Sidewalk / Shared-Use Path / Driveway Access,Not a Cyclist,Not Applicable,Not a Cyclist,30,30 MPH,97,Not Reported,3,"Two-Way,  Divided, Positive  Median Barrier",41051009606,Census Tract 96.06,50540.0,5369,35.59322033898305,2.2723039672192216,39.50456323337679,18.70109546165884
410080,1,46,Male,Pedestrian,2023,March,Saturday,6:00pm-6:59pm,Not Reported,Cloudy,Urban,Other Principal Arterial,T-Intersection,On Roadway,None / Unknown,45.5494,-122.49600556,At Intersection,Not a Cyclist,Intersection Area,Not a Cyclist,Not Derived/Unknown Initial Direction of Travel,Not a Cyclist,98,Not Reported,2,Traffic control signal (on colors) with Pedestrian Signal,1,"Two-Way, Not Divided",41051009501,Census Tract 95.01,68012.0,4894,39.53821005312628,15.120555782590927,14.630159378831223,9.13508260447036
410092,1,59,Male,Pedestrian,2023,March,Friday,3:00am-3:59am,Dark - Lighted,Clear,Urban,Other Principal Arterial,T-Intersection,On Roadway,None / Unknown,45.4931,-122.86039444,At Intersection,Not a Cyclist,Crosswalk Area,Not a Cyclist,Not Derived/Unknown Initial Direction of Travel,Not a Cyclist,45,45 MPH,2,Traffic control signal (on colors) with Pedestrian Signal,5,"Two-Way, Not Divided With a Continuous Left-Turn Lane",41067031624,Census Tract 316.24,85469.0,4489,52.23880597014925,1.871240810871018,29.249276008019603,10.227711308375145
410100,1,69,Male,Pedestrian,2023,March,Saturday,1:00pm-1:59pm,Daylight,Clear,Rural,Interstate,Not an Intersection,On Shoulder,None / Unknown,45.68792222,-120.769025,Not At Intersection,Not a Cyclist,Paved Shoulder / Bicycle Lane / Parking Lane,Not a Cyclist,Not Applicable,Not a Cyclist,65,65 MPH,97,Not Reported,3,"Two-Way,  Divided, Positive  Median Barrier",41055950100,Census Tract 9501,57171.0,1900,87.10526315789474,0.3684210526315789,5.052631578947368,5.323193916349809
410103,1,38,Female,Pedestrian,2023,March,Saturday,9:00pm-9:59pm,Dark - Unknown Lighting,Not Reported,Urban,Major Collector,T-Intersection,On Roadway,None / Unknown,45.52999444,-122.40596667,At Intersection,Not a Cyclist,Crosswalk Area,Not a Cyclist,Not Derived/Unknown Initial Direction of Travel,Not a Cyclist,98,Not Reported,97,Not Reported,5,"Two-Way, Not Divided With a Continuous Left-Turn Lane",41051010303,Census Tract 103.03,73321.0,5552,63.32853025936599,4.556916426512968,13.562680115273777,5.346127484578479
410104,1,32,Female,Pedestrian,2023,March,Monday,6:00pm-6:59pm,Dark - Lighted,Cloudy,Urban,Other Principal Arterial,T-Intersection,On Roadway,None / Unknown,44.94956389,-123.00338333,Intersection-Related,Not a Cyclist,Travel Lane,Not a Cyclist,Not Derived/Unknown Initial Direction of Travel,Not a Cyclist,35,35 MPH,97,Not Reported,1,"Two-Way, Not Divided",41047000703,Census Tract 7.03,56500.0,2626,52.513328255902515,1.4470677837014472,34.84386900228485,3.308823529411765
410108,1,53,Female,Bicyclist,2023,March,Tuesday,3:00pm-3:59pm,Daylight,Rain,Urban,Major Collector,Four-Way Intersection,On Roadway,None / Unknown,44.93354444,-123.04028333,Not a Pedestrian,At Intersection,Not a Pedestrian,Travel Lane,Not a Pedestrian,With Traffic,25,25 MPH,20,Stop Sign,1,"Two-Way, Not Divided",41047000200,Census Tract 2,51630.0,4225,65.37278106508876,0.5680473372781065,16.023668639053255,26.73956262425447
410109,1,67,Female,Pedestrian,2023,March,Thursday,8:00pm-8:59pm,Dark - Not Lighted,Cloudy,Urban,Other Principal Arterial,Not an Intersection,On Roadway,None / Unknown,45.14626667,-122.83575278,Not At Intersection,Not a Cyclist,Travel Lane,Not a Cyclist,Not Applicable,Not a Cyclist,35,35 MPH,97,Not Reported,5,"Two-Way, Not Divided With a Continuous Left-Turn Lane",41047010305,Census Tract 103.05,60526.0,5148,24.747474747474747,0.9712509712509712,68.3954933954934,2.7543314082629946
410111,1,55,Male,Pedestrian,2023,April,Saturday,0:00am-0:59am,Dark - Not Lighted,Rain,Urban,Other Principal Arterial,Not an Intersection,On Roadway,None / Unknown,45.43261111,-122.36155556,Not At Intersection,Not a Cyclist,Travel Lane,Not a Cyclist,Not Applicable,Not a Cyclist,55,55 MPH,97,Not Reported,1,"Two-Way, Not Divided",41005023300,Census Tract 233,123421.0,5519,76.57184272513136,0.07247689798876608,13.60753759739083,2.322040350209364
410121,1,85,Male,Pedestrian,2023,April,Thursday,9:00pm-9:59pm,Dark - Lighted,Clear,Urban,Major Collector,T-Intersection,On Roadway,None / Unknown,45.48717778,-122.871825,At Intersection,Not a Cyclist,Crosswalk Area,Not a Cyclist,Not Derived/Unknown Initial Direction of Travel,Not a Cyclist,35,35 MPH,0,No Controls,1,"Two-Way, Not Divided",41067031703,Census Tract 317.03,69790.0,5544,51.40692640692641,1.948051948051948,30.465367965367967,3.8831935383659517
410124,1,46,Female,Pedestrian,2023,April,Sunday,9:00pm-9:59pm,Dark - Not Lighted,Rain,Rural,Interstate,Not an Intersection,On Roadway,None / Unknown,43.83458611,-123.02904444,Not At Intersection,Not a Cyclist,Travel Lane,Not a Cyclist,Not Applicable,Not a Cyclist,65,65 MPH,97,Not Reported,6,Entrance/Exit Ramp,41039001201,Census Tract 12.01,71979.0,4245,84.45229681978799,0.7538280329799765,2.87396937573616,5.957683741648108
410137,1,73,Male,Pedestrian,2023,January,Tuesday,5:00pm-5:59pm,Dusk,Not Reported,Urban,Major Collector,Not an Intersection,On Roadway,None / Unknown,42.04795,-124.26467222,Not At Intersection,Not a Cyclist,Travel Lane,Not a Cyclist,Not Applicable,Not a Cyclist,98,Not Reported,97,Not Reported,1,"Two-Way, Not Divided",41015950402,Census Tract 9504.02,49213.0,1599,96.31019387116947,0.06253908692933083,1.2507817385866167,0.8849557522123894
410138,1,26,Female,Pedestrian,2023,February,Sunday,2:00am-2:59am,Dark - Lighted,Snow,Urban,Other Principal Arterial,Not an Intersection,On Roadway,None / Unknown,45.53742778,-122.47727222,Not At Intersection,Not a Cyclist,Travel Lane,Not a Cyclist,Not Applicable,Not a Cyclist,35,35 MPH,97,Not Reported,5,"Two-Way, Not Divided With a Continuous Left-Turn Lane",41051009605,Census Tract 96.05,64583.0,6255,41.183053557154274,11.91047162270184,27.865707434052755,6.273644388398488
410139,1,62,Male,Person on a Personal Conveyance,2023,April,Friday,0:00am-0:59am,Dark - Unknown Lighting,Clear,Urban,Other Principal Arterial,Four-Way Intersection,On Roadway,None / Unknown,45.52647222,-122.57894167,At Intersection,Not a Cyclist,Crosswalk Area,Not a Cyclist,Southbound,Not a Cyclist,30,30 MPH,2,Traffic control signal (on colors) with Pedestrian Signal,1,"Two-Way, Not Divided",41051001702,Census Tract 17.02,77236.0,4001,64.40889777555611,2.899275181204699,9.02274431392152,17.21162579473206
410142,1,50,Female,Pedestrian,2023,April,Saturday,10:00pm-10:59pm,Dark - Not Lighted,Clear,Urban,Other Principal Arterial,Not an Intersection,On Roadway,None / Unknown,45.86337222,-119.2909,Not At Intersection,Not a Cyclist,Travel Lane,Not a Cyclist,Not Applicable,Not a Cyclist,45,45 MPH,97,Not Reported,5,"Two-Way, Not Divided With a Continuous Left-Turn Lane",41059951000,Census Tract 9510,62868.0,6492,48.93715341959334,0.15403573629081946,44.03881700554529,3.374849337083166
410158,1,40,Female,Pedestrian,2023,April,Tuesday,5:00am-5:59am,Dark - Lighted,Clear,Urban,Minor Arterial,T-Intersection,On Roadway,None / Unknown,45.55367778,-122.53709167,At Intersection,Not a Cyclist,Crosswalk Area,Not a Cyclist,Eastbound,Not a Cyclist,30,30 MPH,2,Traffic control signal (on colors) with Pedestrian Signal,5,"Two-Way, Not Divided With a Continuous Left-Turn Lane",41051009502,Census Tract 95.02,63516.0,3471,57.56266205704408,13.48314606741573,15.471045808124458,7.7797725912627165
410159,1,81,Female,Pedestrian,2023,May,Tuesday,1:00pm-1:59pm,Daylight,Clear,Urban,Minor Arterial,Four-Way Intersection,On Roadway,None / Unknown,45.53499444,-122.6506,At Intersection,Not a Cyclist,Crosswalk Area,Not a Cyclist,Northbound,Not a Cyclist,20,20 MPH,2,Traffic control signal (on colors) with Pedestrian Signal,1,"Two-Way, Not Divided",41051002402,Census Tract 24.02,71695.0,3310,70.75528700906344,6.374622356495468,11.63141993957704,14.868491680085882
410168,1,75,Male,Person on a Personal Conveyance,2023,May,Tuesday,3:00pm-3:59pm,Daylight,Clear,Urban,Other Principal Arterial,Not an Intersection,On Roadway,None / Unknown,45.49232222,-122.47571667,Not At Intersection,Not a Cyclist,Sidewalk / Shared-Use Path / Driveway Access,Not a Cyclist,Not Applicable,Not a Cyclist,0,No Statutory Limit/Non-Trafficway or Driveway Access,97,Not Reported,0,Non-Trafficway or Driveway Access,41051009803,Census Tract 98.03,49185.0,7899,52.0065831117863,6.114698063045955,30.522850993796684,9.956709956709958
410176,1,21,Male,Pedestrian,2023,May,Saturday,3:00am-3:59am,Dark - Not Lighted,Clear,Urban,Minor Arterial,Not an Intersection,On Roadway,None / Unknown,44.03343611,-123.07834167,Not At Intersection,Not a Cyclist,Travel Lane,Not a Cyclist,Not Applicable,Not a Cyclist,98,Not Reported,97,Not Reported,1,"Two-Way, Not Divided",41039004800,Census Tract 48,39506.0,5760,79.09722222222221,2.326388888888889,10.416666666666668,20.743301642178047
410190,1,35,Female,Pedestrian,2023,May,Wednesday,1:00pm-1:59pm,Daylight,Not Reported,Urban,Other Principal Arterial,Not an Intersection,On Roadway,None / Unknown,45.50403333,-122.53646667,Not At Intersection,Not a Cyclist,Travel Lane,Not a Cyclist,Not Applicable,Not a Cyclist,98,Not Reported,97,Not Reported,5,"Two-Way, Not Divided With a Continuous Left-Turn Lane",41051009002,Census Tract 90.02,60685.0,4581,51.21152586771447,10.805500982318271,19.82099978170705,14.221014492753623
410197,1,58,Male,Bicyclist,2023,May,Wednesday,0:00am-0:59am,Dark - Not Lighted,Clear,Rural,Major Collector,Not an Intersection,On Roadway,None / Unknown,45.033675,-122.75985278,Not a Pedestrian,Not At Intersection,Not a Pedestrian,Travel Lane,Not a Pedestrian,With Traffic,60,60 MPH,97,Not Reported,1,"Two-Way, Not Divided",41047010503,Census Tract 105.03,91490.0,3695,81.67794316644114,0.7036535859269283,10.121786197564276,2.168815943728019
410198,1,43,Female,Pedestrian,2023,March,Saturday,2:00am-2:59am,Dark - Lighted,Clear,Urban,Major Collector,Four-Way Intersection,On Roadway,None / Unknown,45.83942222,-119.290825,At Intersection,Not a Cyclist,Other/Unknown,Not a Cyclist,Not Derived/Unknown Initial Direction of Travel,Not a Cyclist,25,25 MPH,97,Not Reported,1,"Two-Way, Not Divided",41059951000,Census Tract 9510,62868.0,6492,48.93715341959334,0.15403573629081946,44.03881700554529,3.374849337083166
410208,1,47,Male,Pedestrian,2023,June,Tuesday,10:00pm-10:59pm,Dark - Lighted,Clear,Urban,Other Principal Arterial,Not an Intersection,On Roadway,None / Unknown,45.57249444,-122.63062222,Not At Intersection,Not a Cyclist,Travel Lane,Not a Cyclist,Not Applicable,Not a Cyclist,98,Not Reported,97,Not Reported,1,"Two-Way, Not Divided",41051003603,Census Tract 36.03,101875.0,1735,70.43227665706053,12.44956772334294,7.1469740634005765,5.92755214050494
410209,1,22,Female,Pedestrian,2023,June,Tuesday,10:00pm-10:59pm,Dark - Lighted,Cloudy,Urban,Interstate,Not an Intersection,On Roadway,None / Unknown,42.38001944,-122.90583333,Not At Intersection,Not a Cyclist,Travel Lane,Not a Cyclist,Not Applicable,Not a Cyclist,65,65 MPH,97,Not Reported,3,"Two-Way,  Divided, Positive  Median Barrier",41029001100,Census Tract 11,78326.0,5524,87.25561187545256,0.25343953656770457,5.684286748732802,1.5270326042096576
410210,1,55,Male,Bicyclist,2023,June,Saturday,11:00am-11:59am,Daylight,Clear,Rural,Minor Arterial,Not an Intersection,On Roadway,None / Unknown,45.07019167,-123.07266389,Not a Pedestrian,Not At Intersection,Not a Pedestrian,Travel Lane,Not a Pedestrian,With Traffic,55,55 MPH,97,Not Reported,1,"Two-Way, Not Divided",41053005302,Census Tract 53.02,88125.0,2300,90.30434782608697,0.0,5.304347826086957,2.2381378692927485
410220,1,21,Male,Person on a Personal Conveyance,2023,June,Saturday,4:00am-4:59am,Dark - Not Lighted,Cloudy,Urban,Other Principal Arterial,Not an Intersection,On Roadway,None / Unknown,45.00449167,-122.98301389,Not At Intersection,Not a Cyclist,Travel Lane,Not a Cyclist,Not Applicable,Not a Cyclist,45,45 MPH,97,Not Reported,1,"Two-Way, Not Divided",41047002502,Census Tract 25.02,79474.0,5713,59.110799929984246,0.0,34.605286189392615,1.1252813203300824
410221,1,15,Male,Bicyclist,2023,June,Saturday,4:00pm-4:59pm,Daylight,Clear,Urban,Other Principal Arterial,T-Intersection,On Roadway,None / Unknown,44.05490833,-121.27109722,Not a Pedestrian,At Intersection,Not a Pedestrian,Travel Lane,Not a Pedestrian,Not applicable,25,25 MPH,20,Stop Sign,5,"Two-Way, Not Divided With a Continuous Left-Turn Lane",41017001903,Census Tract 19.03,85122.0,6340,86.60883280757098,0.694006309148265,8.406940063091483,7.806993765248035
410221,2,16,Male,Bicyclist,2023,June,Saturday,4:00pm-4:59pm,Daylight,Clear,Urban,Other Principal Arterial,T-Intersection,On Roadway,None / Unknown,44.05490833,-121.27109722,Not a Pedestrian,At Intersection,Not a Pedestrian,Travel Lane,Not a Pedestrian,Not applicable,25,25 MPH,20,Stop Sign,5,"Two-Way, Not Divided With a Continuous Left-Turn Lane",41017001903,Census Tract 19.03,85122.0,6340,86.60883280757098,0.694006309148265,8.406940063091483,7.806993765248035
410227,1,66,Male,Pedestrian,2023,June,Friday,3:00am-3:59am,Dark - Not Lighted,Cloudy,Rural,Other Principal Arterial,Not an Intersection,On Roadway,None / Unknown,44.01409722,-123.78735556,Not At Intersection,Not a Cyclist,Travel Lane,Not a Cyclist,Not Applicable,Not a Cyclist,55,55 MPH,97,Not Reported,1,"Two-Way, Not Divided",41039000500,Census Tract 5,51319.0,2033,90.11313330054107,0.0,1.6232169208066896,0.5681818181818182
410230,1,34,Male,Person on a Personal Conveyance,2023,June,Sunday,1:00am-1:59am,Dark - Lighted,Cloudy,Urban,Other Principal Arterial,Not an Intersection,On Roadway,None / Unknown,44.04591667,-122.98225278,Not At Intersection,Not a Cyclist,Paved Shoulder / Bicycle Lane / Parking Lane,Not a Cyclist,Not Applicable,Not a Cyclist,35,35 MPH,97,Not Reported,5,"Two-Way, Not Divided With a Continuous Left-Turn Lane",41039001902,Census Tract 19.02,64224.0,5960,69.56375838926175,0.8389261744966443,18.036912751677853,6.128663875142749
410233,1,54,Female,Pedestrian,2023,June,Saturday,10:00pm-10:59pm,Dark - Not Lighted,Clear,Urban,Interstate,Not an Intersection,On Roadway,None / Unknown,43.191125,-123.36561111,Not At Intersection,Not a Cyclist,Travel Lane,Not a Cyclist,Not Applicable,Not a Cyclist,65,65 MPH,97,Not Reported,3,"Two-Way,  Divided, Positive  Median Barrier",41019140000,Census Tract 1400,45258.0,5722,86.05382733310032,0.0,3.4078993358965395,0.813421453990849
410240,1,26,Male,Pedestrian,2023,June,Thursday,11:00pm-11:59pm,Dark - Lighted,Clear,Urban,Minor Arterial,Not an Intersection,On Roadway,None / Unknown,45.58670833,-122.63193333,Not At Intersection,Not a Cyclist,Travel Lane,Not a Cyclist,Not Applicable,Not a Cyclist,45,45 MPH,97,Not Reported,5,"Two-Way, Not Divided With a Continuous Left-Turn Lane",41051007300,Census Tract 73,40893.0,1362,56.093979441997064,10.719530102790015,14.170337738619676,22.18045112781955
410255,1,57,Male,Bicyclist,2023,July,Friday,1:00pm-1:59pm,Daylight,Clear,Urban,Other Principal Arterial,Not an Intersection,On Roadway,None / Unknown,44.84831389,-124.04515833,Not a Pedestrian,Not At Intersection,Not a Pedestrian,Travel Lane,Not a Pedestrian,With Traffic,45,45 MPH,97,Not Reported,5,"Two-Way, Not Divided With a Continuous Left-Turn Lane",41041950602,Census Tract 9506.02,55802.0,3103,87.04479535932968,0.06445375443119562,3.7060908797937477,8.079268292682928
410264,1,60,Female,Pedestrian,2023,July,Wednesday,4:00am-4:59am,Dawn,Clear,Rural,Minor Arterial,Not an Intersection,On Roadway,None / Unknown,44.79545278,-123.03350278,Not At Intersection,Not a Cyclist,Travel Lane,Not a Cyclist,Not Applicable,Not a Cyclist,65,65 MPH,97,Not Reported,6,Entrance/Exit Ramp,41047010801,Census Tract 108.01,108102.0,6539,84.43187031656217,0.0,7.921700565835755,0.48828125
410270,1,43,Female,Pedestrian,2023,July,Saturday,6:00pm-6:59pm,Daylight,Clear,Urban,Other Principal Arterial,Four-Way Intersection,On Roadway,None / Unknown,45.51511389,-122.623,Intersection-Related,Not a Cyclist,Sidewalk / Shared-Use Path / Driveway Access,Not a Cyclist,Not Derived/Unknown Initial Direction of Travel,Not a Cyclist,30,30 MPH,2,Traffic control signal (on colors) with Pedestrian Signal,1,"Two-Way, Not Divided",41051001301,Census Tract 13.01,88231.0,3958,87.54421424962102,1.23799898938858,3.309752400202122,16.178194607268466
410272,1,52,Male,Pedestrian,2023,July,Sunday,10:00pm-10:59pm,Dark - Lighted,Clear,Urban,Interstate,Not an Intersection,On Roadway,None / Unknown,45.53145833,-122.66518889,Not At Intersection,Not a Cyclist,Travel Lane,Not a Cyclist,Not Applicable,Not a Cyclist,98,Not Reported,97,Not Reported,3,"Two-Way,  Divided, Positive  Median Barrier",41051002303,Census Tract 23.03,55673.0,3710,68.4366576819407,7.52021563342318,9.326145552560646,33.648840511121634
410279,1,45,Female,Pedestrian,2023,July,Thursday,10:00pm-10:59pm,Dark - Not Lighted,Not Reported,Urban,Major Collector,Not an Intersection,On Shoulder,None / Unknown,44.10446667,-123.16288333,Not At Intersection,Not a Cyclist,Paved Shoulder / Bicycle Lane / Parking Lane,Not a Cyclist,Not Applicable,Not a Cyclist,40,40 MPH,97,Not Reported,1,"Two-Way, Not Divided",41039002403,Census Tract 24.03,81490.0,4005,82.57178526841447,0.0,5.218476903870163,0.5717552887364208
410294,1,44,Male,Pedestrian,2023,July,Sunday,0:00am-0:59am,Dark - Lighted,Clear,Urban,Other Principal Arterial,Four-Way Intersection,On Roadway,None / Unknown,45.52641667,-122.60224444,At Intersection,Not a Cyclist,Crosswalk Area,Not a Cyclist,Not Derived/Unknown Initial Direction of Travel,Not a Cyclist,98,Not Reported,2,Traffic control signal (on colors) with Pedestrian Signal,5,"Two-Way, Not Divided With a Continuous Left-Turn Lane",41051001801,Census Tract 18.01,83432.0,4200,80.73809523809524,0.7380952380952381,10.333333333333334,15.721844293272866
410296,1,34,Male,Bicyclist,2023,July,Monday,8:00am-8:59am,Daylight,Clear,Rural,Minor Arterial,T-Intersection,On Roadway,None / Unknown,44.63001667,-122.95298333,Not a Pedestrian,At Intersection,Not a Pedestrian,Travel Lane,Not a Pedestrian,Not applicable,55,55 MPH,97,Not Reported,1,"Two-Way, Not Divided",41043030100,Census Tract 301,73438.0,6226,83.2637327336974,0.0,8.12720848056537,0.07099751508697195
410298,1,76,Male,Bicyclist,2023,July,Friday,5:00am-5:59am,Daylight,Clear,Urban,Major Collector,Not an Intersection,On Roadway,None / Unknown,45.53861667,-123.04223056,Not a Pedestrian,Not At Intersection,Not a Pedestrian,Travel Lane,Not a Pedestrian,With Traffic,45,45 MPH,97,Not Reported,1,"Two-Way, Not Divided",41067032901,Census Tract 329.01,91136.0,6727,44.9531737773153,1.010851791288836,46.70729894455181,6.9700827498408655
410307,1,48,Male,Bicyclist,2023,August,Saturday,7:00am-7:59am,Daylight,Cloudy,Rural,Major Collector,T-Intersection,On Roadway,None / Unknown,45.32518333,-121.71115833,Not a Pedestrian,At Intersection,Not a Pedestrian,Travel Lane,Not a Pedestrian,Not applicable,45,45 MPH,97,Not Reported,1,"Two-Way, Not Divided",41005024304,Census Tract 243.04,79708.0,2284,94.13309982486865,0.0,2.0140105078809105,7.115749525616698
410308,1,27,Male,Person on a Personal Conveyance,2023,August,Sunday,3:00am-3:59am,Dark - Not Lighted,Clear,Urban,Other Principal Arterial,Not an Intersection,On Shoulder,None / Unknown,45.96883889,-118.38709722,Not At Intersection,Not a Cyclist,Paved Shoulder / Bicycle Lane / Parking Lane,Not a Cyclist,Not Applicable,Not a Cyclist,50,50 MPH,97,Not Reported,5,"Two-Way, Not Divided With a Continuous Left-Turn Lane",41059950100,Census Tract 9501,51494.0,4705,82.35919234856536,0.0,9.054197662061636,1.2800819252432156
410314,1,81,Male,Pedestrian,2023,August,Saturday,10:00am-10:59am,Daylight,Clear,Urban,Minor Arterial,T-Intersection,On Roadway,None / Unknown,44.91200833,-122.99639167,At Intersection,Not a Cyclist,Crosswalk Area,Not a Cyclist,Northbound,Not a Cyclist,0,No Statutory Limit/Non-Trafficway or Driveway Access,20,Stop Sign,0,Non-Trafficway or Driveway Access,41047001000,Census Tract 10,55648.0,4534,68.68107631230701,1.0807234230260256,21.08513453903838,5.51301684532925
410316,1,42,Male,Bicyclist,2023,August,Saturday,7:00pm-7:59pm,Daylight,Clear,Urban,Minor Arterial,T-Intersection,On Roadway,None / Unknown,44.73245833,-123.01035556,Not a Pedestrian,At Intersection,Not a Pedestrian,Sidewalk  / Crosswalk / Driveway Access,Not a Pedestrian,Not applicable,45,45 MPH,20,Stop Sign,1,"Two-Way, Not Divided",41047010802,Census Tract 108.02,103237.0,6610,77.88199697428139,2.2995461422087744,13.040847201210287,0.8426966292134831
410317,1,86,Male,Pedestrian,2023,March,Wednesday,11:00am-11:59am,Daylight,Clear,Urban,Other Principal Arterial,Four-Way Intersection,On Roadway,None / Unknown,45.74976667,-122.87743056,At Intersection,Not a Cyclist,Crosswalk Area,Not a Cyclist,Not Derived/Unknown Initial Direction of Travel,Not a Cyclist,98,Not Reported,2,Traffic control signal (on colors) with Pedestrian Signal,5,"Two-Way, Not Divided With a Continuous Left-Turn Lane",41009971000,Census Tract 9710,111419.0,5867,88.2563490710755,0.03408897221748764,6.3405488324527015,3.407880724174654
410318,1,34,Female,Pedestrian,2023,March,Monday,9:00pm-9:59pm,Dark - Not Lighted,Cloudy,Urban,Other Principal Arterial,Not an Intersection,On Roadway,Construction,45.39730556,-122.26978056,Not At Intersection,Not a Cyclist,Travel Lane,Not a Cyclist,Not Applicable,Not a Cyclist,25,25 MPH,97,Not Reported,3,"Two-Way,  Divided, Positive  Median Barrier",41005023404,Census Tract 234.04,94583.0,6563,86.37818071004114,0.5332927015084565,6.536644827060796,1.2544226439369572
410321,1,47,Male,Pedestrian,2023,February,Sunday,6:00pm-6:59pm,Dark - Not Lighted,Rain | Snow,Urban,Local,Not an Intersection,On Roadway,None / Unknown,45.49898611,-122.58197222,Not At Intersection,Not a Cyclist,Travel Lane,Not a Cyclist,Not Applicable,Not a Cyclist,98,Not Reported,97,Not Reported,1,"Two-Way, Not Divided",41051000701,Census Tract 7.01,90966.0,4927,69.96143697990664,6.190379541303024,12.15749949259184,7.730577879831611
410322,1,71,Male,Pedestrian,2023,March,Thursday,6:00pm-6:59pm,Dark - Lighted,Cloudy,Urban,Other Principal Arterial,Not an Intersection,On Roadway,None / Unknown,45.50644722,-122.42066389,Not At Intersection,Not a Cyclist,Travel Lane,Not a Cyclist,Not Applicable,Not a Cyclist,35,35 MPH,97,Not Reported,5,"Two-Way, Not Divided With a Continuous Left-Turn Lane",41051010001,Census Tract 100.01,43214.0,5876,68.46494213750852,3.1994554118447924,16.21851599727706,9.595254710397768
410323,1,50,Female,Pedestrian,2023,April,Monday,11:00pm-11:59pm,Dark - Not Lighted,Cloudy,Rural,Major Collector,Not an Intersection,On Roadway,None / Unknown,42.16934722,-123.64183056,Not At Intersection,Not a Cyclist,Travel Lane,Not a Cyclist,Not Applicable,Not a Cyclist,35,35 MPH,97,Not Reported,1,"Two-Way, Not Divided",41033361601,Census Tract 3616.01,37317.0,4917,86.82123245881635,0.12202562538133008,7.463900752491356,4.031117397454031
410327,1,56,Male,Pedestrian,2023,April,Thursday,9:00pm-9:59pm,Dark - Lighted,Not Reported,Urban,Other Freeways and Expressways,Not an Intersection,On Roadway,None / Unknown,44.07052222,-123.10207222,Not At Intersection,Not a Cyclist,Travel Lane,Not a Cyclist,Not Applicable,Not a Cyclist,55,55 MPH,97,Not Reported,3,"Two-Way,  Divided, Positive  Median Barrier",41039003000,Census Tract 30,101364.0,4636,81.92407247627264,0.08628127696289906,8.714408973252805,1.956745623069001
410329,1,56,Female,Pedestrian,2023,April,Thursday,8:00pm-8:59pm,Dark - Lighted,Cloudy,Urban,Minor Arterial,Not an Intersection,On Roadway,None / Unknown,45.49408056,-122.80965278,Not At Intersection,Not a Cyclist,Travel Lane,Not a Cyclist,Not Applicable,Not a Cyclist,35,35 MPH,97,Not Reported,1,"Two-Way, Not Divided",41067031302,Census Tract 313.02,87076.0,4818,42.258198422581984,3.4246575342465753,41.739310917393105,20.387393302692054
410331,1,38,Male,Pedestrian,2023,April,Friday,9:00pm-9:59pm,Dark - Lighted,Clear,Urban,Minor Arterial,Not an Intersection,On Roadway,None / Unknown,45.51909722,-122.49093611,Not At Intersection,Not a Cyclist,Travel Lane,Not a Cyclist,Not Applicable,Not a Cyclist,35,35 MPH,97,Not Reported,5,"Two-Way, Not Divided With a Continuous Left-Turn Lane",41051009703,Census Tract 97.03,62333.0,4790,51.94154488517745,11.461377870563675,16.367432150313153,7.289002557544758
410348,1,64,Male,Pedestrian,2023,August,Thursday,9:00pm-9:59pm,Dark - Not Lighted,Clear,Rural,Other Principal Arterial,Not an Intersection,On Roadway,None / Unknown,44.729125,-122.14376389,Not At Intersection,Not a Cyclist,Travel Lane,Not a Cyclist,Not Applicable,Not a Cyclist,45,45 MPH,97,Not Reported,1,"Two-Way, Not Divided",41047010600,Census Tract 106,50729.0,2139,86.67601683029453,1.1220196353436185,3.0388031790556336,4.49438202247191
410354,1,20,Male,Pedestrian,2023,August,Friday,5:00am-5:59am,Dark - Not Lighted,Clear,Urban,Major Collector,Not an Intersection,On Roadway,None / Unknown,45.44535,-122.47466111,Not At Intersection,Not a Cyclist,Travel Lane,Not a Cyclist,Not Applicable,Not a Cyclist,45,45 MPH,97,Not Reported,1,"Two-Way, Not Divided",41005023201,Census Tract 232.01,109950.0,4117,79.11100315763906,0.0,8.185572018460045,1.3851891315929674
410358,1,43,Male,Pedestrian,2023,April,Tuesday,12:00pm-12:59pm,Daylight,Clear,Urban,Other Principal Arterial,Not an Intersection,On Roadway,None / Unknown,44.06598056,-123.13895833,Not At Intersection,Not a Cyclist,Travel Lane,Not a Cyclist,Not Applicable,Not a Cyclist,98,Not Reported,97,Not Reported,3,"Two-Way,  Divided, Positive  Median Barrier",41039004300,Census Tract 43,41792.0,7054,71.3354125318968,1.2191664303941026,18.060674794442868,4.0669856459330145
410372,1,47,Male,Pedestrian,2023,September,Wednesday,11:00pm-11:59pm,Dark - Not Lighted,Clear,Urban,Other Principal Arterial,Not an Intersection,On Roadway,None / Unknown,42.43147778,-122.84681944,Not At Intersection,Not a Cyclist,Travel Lane,Not a Cyclist,Not Applicable,Not a Cyclist,45,45 MPH,97,Not Reported,5,"Two-Way, Not Divided With a Continuous Left-Turn Lane",41029001301,Census Tract 13.01,68333.0,5767,67.79954915900815,0.1387203051846714,27.709380960638114,0.5323505323505323
410376,1,85,Male,Pedestrian,2023,September,Friday,9:00am-9:59am,Daylight,Clear,Urban,Minor Arterial,Four-Way Intersection,On Roadside,None / Unknown,44.60013333,-123.07753056,Intersection-Related,Not a Cyclist,Sidewalk / Shared-Use Path / Driveway Access,Not a Cyclist,Not Derived/Unknown Initial Direction of Travel,Not a Cyclist,98,Not Reported,97,Not Reported,1,"Two-Way, Not Divided",41043020601,Census Tract 206.01,59609.0,3347,90.88736181655214,0.5676725425754408,5.616970421272781,0.6374501992031872
410383,1,39,Male,Pedestrian,2023,September,Friday,7:00pm-7:59pm,Dusk,Clear,Urban,Other Principal Arterial,Not an Intersection,On Roadway,None / Unknown,42.20655556,-121.71859167,Not At Intersection,Not a Cyclist,Travel Lane,Not a Cyclist,Not Applicable,Not a Cyclist,35,35 MPH,97,Not Reported,5,"Two-Way, Not Divided With a Continuous Left-Turn Lane",41035971100,Census Tract 9711,80648.0,5673,76.29120394852812,1.092896174863388,13.784593689405957,0.6211180124223602
410389,1,43,Male,Bicyclist,2023,September,Tuesday,5:00am-5:59am,Dark - Lighted,Cloudy,Urban,Minor Arterial,Not an Intersection,On Roadway,None / Unknown,45.60849444,-122.70975,Not a Pedestrian,Not At Intersection,Not a Pedestrian,Travel Lane,Not a Pedestrian,Not applicable,98,Not Reported,97,Not Reported,1,"Two-Way, Not Divided",41051007202,Census Tract 72.02,84154.0,3308,48.70012091898428,11.910519951632406,23.518742442563482,7.27362691736764
410391,1,45,Female,Pedestrian,2023,September,Monday,8:00pm-8:59pm,Dark - Unknown Lighting,Not Reported,Urban,Minor Arterial,Not an Intersection,On Roadway,None / Unknown,45.438975,-122.76543889,Not At Intersection,Not a Cyclist,Travel Lane,Not a Cyclist,Not Applicable,Not a Cyclist,98,Not Reported,97,Not Reported,5,"Two-Way, Not Divided With a Continuous Left-Turn Lane",41067030900,Census Tract 309,73280.0,5636,55.3584102200142,1.5613910574875798,27.9985805535841,11.48997134670487
410406,1,50,Female,Pedestrian,2023,September,Saturday,7:00pm-7:59pm,Dark - Not Lighted,Clear,Rural,Other Principal Arterial,Not an Intersection,On Roadway,None / Unknown,45.09816944,-123.35454167,Not At Intersection,Not a Cyclist,Travel Lane,Not a Cyclist,Not Applicable,Not a Cyclist,55,55 MPH,97,Not Reported,1,"Two-Way, Not Divided",41071030501,Census Tract 305.01,78309.0,8228,72.78804083616917,3.0627126883811377,16.176470588235293,7.870197687430064
410409,1,4,Male,Person on a Personal Conveyance,2023,October,Tuesday,2:00pm-2:59pm,Daylight,Clear,Rural,Local,Not an Intersection,On Roadway,None / Unknown,45.61148333,-123.10567778,Not At Intersection,Not a Cyclist,Travel Lane,Not a Cyclist,Not Applicable,Not a Cyclist,25,25 MPH,97,Not Reported,1,"Two-Way, Not Divided",41067033500,Census Tract 335,105244.0,3831,84.07726442182198,0.36543983294179067,5.507700339336988,3.7899296155928535
410411,1,35,Male,Pedestrian,2023,September,Tuesday,8:00pm-8:59pm,Dark - Not Lighted,Clear,Urban,Minor Arterial,Not an Intersection,On Roadway,None / Unknown,43.23022222,-123.37112222,Not At Intersection,Not a Cyclist,Travel Lane,Not a Cyclist,Not Applicable,Not a Cyclist,35,35 MPH,97,Not Reported,5,"Two-Way, Not Divided With a Continuous Left-Turn Lane",41019080002,Census Tract 800.02,86645.0,5158,81.62078324932143,0.11632415664986429,7.929430011632416,1.73046670162559
410412,1,41,Male,Pedestrian,2023,October,Thursday,9:00pm-9:59pm,Dark - Not Lighted,Clear,Urban,Other Freeways and Expressways,Not an Intersection,On Roadway,None / Unknown,44.931875,-123.10984167,Not At Intersection,Not a Cyclist,Travel Lane,Not a Cyclist,Not Applicable,Not a Cyclist,55,55 MPH,97,Not Reported,1,"Two-Way, Not Divided",41053005204,Census Tract 52.04,95550.0,4310,84.03712296983758,0.0,7.470997679814386,0.0
410417,1,54,Female,Pedestrian,2023,August,Wednesday,1:00pm-1:59pm,Daylight,Clear,Urban,Other Principal Arterial,Not an Intersection,On Roadway,None / Unknown,43.36721944,-124.21636667,Not At Intersection,Not a Cyclist,Sidewalk / Shared-Use Path / Driveway Access,Not a Cyclist,Not Applicable,Not a Cyclist,25,25 MPH,97,Not Reported,4,One-Way Trafficway,41011000701,Census Tract 7.01,52580.0,4198,78.18008575512148,1.3577894235350167,9.861838970938543,3.638876093965914
410419,1,68,Male,Pedestrian,2023,October,Monday,10:00pm-10:59pm,Dark - Lighted,Cloudy,Urban,Other Principal Arterial,Not an Intersection,On Roadway,None / Unknown,44.95415278,-122.98366389,Not At Intersection,Not a Cyclist,Travel Lane,Not a Cyclist,Not Applicable,Not a Cyclist,35,35 MPH,97,Not Reported,5,"Two-Way, Not Divided With a Continuous Left-Turn Lane",41047001607,Census Tract 16.07,48151.0,4844,30.099091659785298,0.0,44.426094137076795,14.608233731739709
410421,1,82,Male,Pedestrian,2023,September,Thursday,9:00am-9:59am,Daylight,Clear,Urban,Local,Four-Way Intersection,On Roadway,None / Unknown,44.05807222,-121.35831111,At Intersection,Not a Cyclist,Crosswalk Area,Not a Cyclist,Northbound,Not a Cyclist,25,25 MPH,97,Not Reported,1,"Two-Way, Not Divided",41017001302,Census Tract 13.02,105153.0,8139,84.3838309374616,0.0,5.356923454969898,3.7066881547139405
410431,1,52,Male,Pedestrian,2023,October,Friday,8:00pm-8:59pm,Dark - Not Lighted,Rain,Urban,Interstate,Not an Intersection,On Roadway,None / Unknown,45.04351111,-122.97620278,Not At Intersection,Not a Cyclist,Travel Lane,Not a Cyclist,Not Applicable,Not a Cyclist,65,65 MPH,97,Not Reported,3,"Two-Way,  Divided, Positive  Median Barrier",41047002502,Census Tract 25.02,79474.0,5713,59.110799929984246,0.0,34.605286189392615,1.1252813203300824
410432,1,57,Male,Pedestrian,2023,October,Friday,7:00pm-7:59pm,Dark - Lighted,Rain,Urban,Minor Arterial,Not an Intersection,On Roadway,None / Unknown,45.51913333,-122.43876389,Not At Intersection,Not a Cyclist,Travel Lane,Not a Cyclist,Not Applicable,Not a Cyclist,35,35 MPH,97,Not Reported,5,"Two-Way, Not Divided With a Continuous Left-Turn Lane",41051010101,Census Tract 101.01,59922.0,5525,59.49321266968326,2.0271493212669682,21.14027149321267,15.595238095238095
410441,1,34,Male,Pedestrian,2023,October,Saturday,4:00am-4:59am,Dark - Lighted,Cloudy,Urban,Minor Arterial,Not an Intersection,On Roadway,None / Unknown,45.51776389,-122.67235556,Not At Intersection,Not a Cyclist,Travel Lane,Not a Cyclist,Not Applicable,Not a Cyclist,98,Not Reported,97,Not Reported,3,"Two-Way,  Divided, Positive  Median Barrier",41051010602,Census Tract 106.02,,1963,68.31380539989811,13.90728476821192,10.74885379521141,47.64150943396226
410442,1,28,Male,Pedestrian,2023,October,Saturday,12:00pm-12:59pm,Daylight,Clear,Urban,Interstate,Not an Intersection,On Roadway,None / Unknown,45.14585,-122.88571944,Not At Intersection,Not a Cyclist,Travel Lane,Not a Cyclist,Not Applicable,Not a Cyclist,65,65 MPH,97,Not Reported,3,"Two-Way,  Divided, Positive  Median Barrier",41047010308,Census Tract 103.08,66673.0,4009,34.49738089299077,0.0,63.18283861312048,1.1500547645125958
410443,1,66,Male,Pedestrian,2023,October,Saturday,11:00pm-11:59pm,Dark - Lighted,Clear,Urban,Other Principal Arterial,Four-Way Intersection,On Roadway,None / Unknown,45.52277778,-122.57904444,At Intersection,Not a Cyclist,Crosswalk Area,Not a Cyclist,Not Derived/Unknown Initial Direction of Travel,Not a Cyclist,30,30 MPH,2,Traffic control signal (on colors) with Pedestrian Signal,5,"Two-Way, Not Divided With a Continuous Left-Turn Lane",41051001702,Census Tract 17.02,77236.0,4001,64.40889777555611,2.899275181204699,9.02274431392152,17.21162579473206
410445,1,39,Male,Pedestrian,2023,October,Tuesday,0:00am-0:59am,Dark - Not Lighted,Cloudy,Urban,Other Principal Arterial,Not an Intersection,On Roadway,None / Unknown,42.35868056,-122.90416667,Not At Intersection,Not a Cyclist,Travel Lane,Not a Cyclist,Not Applicable,Not a Cyclist,50,50 MPH,97,Not Reported,5,"Two-Way, Not Divided With a Continuous Left-Turn Lane",41029000300,Census Tract 3,52060.0,6161,63.49618568414218,0.0,23.37282908618731,0.631019594818997
410448,1,53,Male,Bicyclist,2023,September,Friday,4:00pm-4:59pm,Daylight,Clear,Urban,Major Collector,Four-Way Intersection,On Roadway,None / Unknown,44.05438333,-123.10033611,Not a Pedestrian,At Intersection,Not a Pedestrian,Travel Lane,Not a Pedestrian,Not applicable,25,25 MPH,20,Stop Sign,1,"Two-Way, Not Divided",41039003900,Census Tract 39,35867.0,4008,81.312375249501,0.17465069860279442,8.08383233532934,19.15841584158416
410449,1,48,Male,Person on a Personal Conveyance,2023,October,Monday,6:00pm-6:59pm,Dark - Lighted,Clear,Urban,Other Principal Arterial,Four-Way Intersection,On Roadway,None / Unknown,44.057525,-123.11742778,At Intersection,Not a Cyclist,Intersection Area,Not a Cyclist,Not Derived/Unknown Initial Direction of Travel,Not a Cyclist,35,35 MPH,2,Traffic control signal (on colors) with Pedestrian Signal,5,"Two-Way, Not Divided With a Continuous Left-Turn Lane",41039004200,Census Tract 42,43365.0,3424,69.85981308411215,2.803738317757009,16.647196261682243,23.198773633111905
410455,1,30,Female,Pedestrian,2023,September,Saturday,9:00pm-9:59pm,Dark - Lighted,Clear,Urban,Other Principal Arterial,Four-Way Intersection,On Roadway,None / Unknown,45.46515,-122.57914167,At Intersection,Not a Cyclist,Intersection Area,Not a Cyclist,Not Derived/Unknown Initial Direction of Travel,Not a Cyclist,98,Not Reported,97,Not Reported,5,"Two-Way, Not Divided With a Continuous Left-Turn Lane",41051008600,Census Tract 86,60268.0,4070,60.63882063882063,1.6461916461916464,12.702702702702704,17.85209609043806
410459,1,32,Male,Pedestrian,2023,October,Friday,4:00am-4:59am,Dark - Lighted,Clear,Urban,Major Collector,Not an Intersection,On Roadway,None / Unknown,45.59298333,-122.68173056,Not At Intersection,Not a Cyclist,Travel Lane,Not a Cyclist,Not Applicable,Not a Cyclist,35,35 MPH,97,Not Reported,5,"Two-Way, Not Divided With a Continuous Left-Turn Lane",41051007202,Census Tract 72.02,84154.0,3308,48.70012091898428,11.910519951632406,23.518742442563482,7.27362691736764
410461,1,41,Female,Pedestrian,2023,November,Thursday,7:00pm-7:59pm,Dark - Unknown Lighting,Cloudy,Urban,Other Principal Arterial,Not an Intersection,On Roadway,None / Unknown,45.50406111,-122.52554167,Not At Intersection,Not a Cyclist,Travel Lane,Not a Cyclist,Not Applicable,Not a Cyclist,30,30 MPH,97,Not Reported,2,"Two-Way, Divided, Unprotected Median",41051009203,Census Tract 92.03,46026.0,3081,58.81207400194742,4.414151249594288,21.648815319701395,0.7119741100323626
410463,1,60,Female,Pedestrian,2023,November,Tuesday,7:00pm-7:59pm,Dark - Lighted,Clear,Urban,Minor Arterial,Four-Way Intersection,On Roadway,None / Unknown,45.42489444,-122.51749167,At Intersection,Not a Cyclist,Crosswalk Area,Not a Cyclist,Not Derived/Unknown Initial Direction of Travel,Not a Cyclist,98,Not Reported,2,Traffic control signal (on colors) with Pedestrian Signal,5,"Two-Way, Not Divided With a Continuous Left-Turn Lane",41005022109,Census Tract 221.09,93044.0,3303,59.73357553739025,1.4229488343929761,19.497426581895247,8.195488721804512
410468,1,38,Male,Pedestrian,2023,November,Tuesday,6:00am-6:59am,Dark - Lighted,Clear,Urban,Other Principal Arterial,Not an Intersection,On Roadway,None / Unknown,45.49971944,-122.66028056,Not At Intersection,Not a Cyclist,Travel Lane,Not a Cyclist,Not Applicable,Not a Cyclist,98,Not Reported,97,Not Reported,3,"Two-Way,  Divided, Positive  Median Barrier",41051001000,Census Tract 10,93471.0,5841,78.20578668036295,2.3283684300633456,3.5439137134052388,15.071507150715071
410476,1,44,Male,Pedestrian,2023,August,Monday,11:00pm-11:59pm,Dark - Not Lighted,Cloudy,Rural,Major Collector,Not an Intersection,On Roadway,None / Unknown,45.56353889,-123.03580556,Not At Intersection,Not a Cyclist,Travel Lane,Not a Cyclist,Not Applicable,Not a Cyclist,55,55 MPH,97,Not Reported,1,"Two-Way, Not Divided",41067032800,Census Tract 328,129286.0,1329,73.13769751693002,0.0,22.648607975921745,6.918238993710692
410488,1,78,Male,Bicyclist,2023,November,Monday,11:00am-11:59am,Daylight,Clear,Urban,Minor Arterial,Not an Intersection,On Roadway,Construction,45.39667222,-122.85198889,Not a Pedestrian,Not At Intersection,Not a Pedestrian,Travel Lane,Not a Pedestrian,Facing Traffic,55,55 MPH,97,Not Reported,1,"Two-Way, Not Divided",41067031915,Census Tract 319.15,138704.0,4816,73.77491694352159,2.3048172757475083,2.6993355481727574,2.196908055329536
410501,1,73,Male,Pedestrian,2023,November,Monday,8:00pm-8:59pm,Dark - Lighted,Clear,Urban,Other Principal Arterial,Four-Way Intersection,On Roadway,None / Unknown,45.53409167,-122.91671944,At Intersection,Not a Cyclist,Crosswalk Area,Not a Cyclist,Southbound,Not a Cyclist,45,45 MPH,2,Traffic control signal (on colors) with Pedestrian Signal,5,"Two-Way, Not Divided With a Continuous Left-Turn Lane",41067032612,Census Tract 326.12,148324.0,3259,79.31880945075176,0.27615833077631174,1.718318502608162,16.749792186201166
410503,1,23,Male,Pedestrian,2023,December,Saturday,7:00pm-7:59pm,Dark - Not Lighted,Rain,Urban,Other Principal Arterial,Not an Intersection,On Roadway,None / Unknown,44.90308333,-122.96846111,Not At Intersection,Not a Cyclist,Travel Lane,Not a Cyclist,Not Applicable,Not a Cyclist,55,55 MPH,97,Not Reported,1,"Two-Way, Not Divided",41047001803,Census Tract 18.03,46908.0,4888,72.15630114566285,1.8412438625204581,15.057283142389524,11.420612813370473
410505,1,69,Male,Bicyclist,2023,December,Saturday,4:00pm-4:59pm,Dusk,Rain,Urban,Other Principal Arterial,Four-Way Intersection,On Roadway,None / Unknown,44.1089,-123.13388611,Not a Pedestrian,At Intersection,Not a Pedestrian,Travel Lane,Not a Pedestrian,With Traffic,40,40 MPH,2,Traffic control signal (on colors) with Pedestrian Signal,5,"Two-Way, Not Divided With a Continuous Left-Turn Lane",41039002404,Census Tract 24.04,79875.0,3721,84.49341574845471,0.0,9.137328675087343,4.5876887340301975
410509,1,57,Male,Pedestrian,2023,November,Tuesday,7:00pm-7:59pm,Dark - Lighted,Clear,Urban,Other Principal Arterial,Not an Intersection,On Roadway,None / Unknown,43.38814444,-124.26023333,Not At Intersection,Not a Cyclist,Travel Lane,Not a Cyclist,Not Applicable,Not a Cyclist,40,40 MPH,97,Not Reported,1,"Two-Way, Not Divided",41011000505,Census Tract 5.05,41069.0,4204,78.54424357754519,1.0466222645099905,11.132254995242626,0.0
410511,1,36,Male,Pedestrian,2023,December,Monday,7:00am-7:59am,Dawn,Rain,Urban,Major Collector,Not an Intersection,On Roadway,None / Unknown,46.16386944,-123.90975278,Not At Intersection,Not a Cyclist,Travel Lane,Not a Cyclist,Not Applicable,Not a Cyclist,35,35 MPH,97,Not Reported,1,"Two-Way, Not Divided",41007950500,Census Tract 9505,68367.0,5450,76.66055045871559,0.6972477064220184,9.724770642201836,2.70042194092827
410513,1,77,Female,Pedestrian,2023,November,Tuesday,4:00pm-4:59pm,Dusk,Clear,Rural,Other Principal Arterial,Not an Intersection,On Roadway,None / Unknown,42.18711389,-120.43288056,Not At Intersection,Not a Cyclist,Travel Lane,Not a Cyclist,Not Applicable,Not a Cyclist,55,55 MPH,97,Not Reported,1,"Two-Way, Not Divided",41037960200,Census Tract 9602,57553.0,5435,76.85372585096596,0.38638454461821525,12.253909843606255,10.639336261591021
410515,1,85,Female,Pedestrian,2023,November,Tuesday,4:00pm-4:59pm,Dark - Not Lighted,Clear,Urban,Minor Arterial,Not an Intersection,On Roadway,None / Unknown,44.25391944,-121.18689167,Not At Intersection,Not a Cyclist,Travel Lane,Not a Cyclist,Not Applicable,Not a Cyclist,35,35 MPH,97,Not Reported,5,"Two-Way, Not Divided With a Continuous Left-Turn Lane",41017000901,Census Tract 9.01,63656.0,5234,73.61482613679786,0.0,21.57050057317539,3.204327923429047
410517,1,39,Female,Pedestrian,2023,December,Thursday,4:00am-4:59am,Dark - Not Lighted,Rain,Urban,Minor Arterial,Not an Intersection,On Roadway,None / Unknown,43.27632222,-123.35377778,Not At Intersection,Not a Cyclist,Travel Lane,Not a Cyclist,Not Applicable,Not a Cyclist,45,45 MPH,97,Not Reported,1,"Two-Way, Not Divided",41019090001,Census Tract 900.01,57882.0,4954,80.7226483649576,0.16148566814695195,7.488897860314897,3.194523673702225
410520,1,62,Female,Pedestrian,2023,December,Friday,5:00pm-5:59pm,Dark - Not Lighted,"Fog, Smog, Smoke",Rural,Interstate,Not an Intersection,On Roadway,None / Unknown,42.68609444,-123.39038056,Not At Intersection,Not a Cyclist,Travel Lane,Not a Cyclist,Not Applicable,Not a Cyclist,60,60 MPH,97,Not Reported,3,"Two-Way,  Divided, Positive  Median Barrier",41033360100,Census Tract 3601,43942.0,1889,86.65960825833776,2.170460561143462,1.4822657490735838,0.0
410521,1,73,Female,Pedestrian,2023,December,Tuesday,6:00pm-6:59pm,Dark - Not Lighted,Rain,Urban,Major Collector,T-Intersection,On Roadway,None / Unknown,45.55925,-122.89381667,At Intersection,Not a Cyclist,Crosswalk Area,Not a Cyclist,Eastbound,Not a Cyclist,25,25 MPH,97,Not Reported,1,"Two-Way, Not Divided",41067031504,Census Tract 315.04,91538.0,7103,77.249049697311,0.2674926087568633,11.502182176545121,7.679345209436687
410524,1,36,Male,Pedestrian,2023,December,Monday,6:00pm-6:59pm,Dark - Lighted,Clear,Urban,Other Principal Arterial,Four-Way Intersection,On Roadway,None / Unknown,45.52211389,-122.47692778,At Intersection,Not a Cyclist,Crosswalk Area,Not a Cyclist,Not Derived/Unknown Initial Direction of Travel,Not a Cyclist,35,35 MPH,2,Traffic control signal (on colors) with Pedestrian Signal,3,"Two-Way,  Divided, Positive  Median Barrier",41051009604,Census Tract 96.04,61320.0,5441,43.39275868406543,6.7818415732402135,36.66605403418489,6.995884773662551
410530,1,52,Male,Pedestrian,2023,December,Tuesday,0:00am-0:59am,Dark - Not Lighted,Rain | Cloudy,Urban,Other Principal Arterial,Not an Intersection,On Roadway,None / Unknown,44.29080556,-121.16690278,Not At Intersection,Not a Cyclist,Travel Lane,Not a Cyclist,Not Applicable,Not a Cyclist,55,55 MPH,97,Not Reported,3,"Two-Way,  Divided, Positive  Median Barrier",41017000800,Census Tract 8,75865.0,7830,81.37931034482759,0.4086845466155811,16.04086845466156,3.1816913201228023
410533,1,39,Female,Bicyclist,2023,May,Thursday,2:00pm-2:59pm,Daylight,Clear,Urban,Other Principal Arterial,Four-Way Intersection,On Roadway,None / Unknown,44.05346111,-123.12283611,Not a Pedestrian,At Intersection,Not a Pedestrian,Sidewalk  / Crosswalk / Driveway Access,Not a Pedestrian,Not applicable,35,35 MPH,3,Traffic control signal(on colors) not known whether or not Pedestrian Signal,1,"Two-Way, Not Divided",41039004200,Census Tract 42,43365.0,3424,69.85981308411215,2.803738317757009,16.647196261682243,23.198773633111905
410535,1,22,Male,Pedestrian,2023,October,Tuesday,11:00pm-11:59pm,Dark - Not Lighted,Clear,Urban,Minor Arterial,Not an Intersection,On Roadway,None / Unknown,45.76974444,-122.88811389,Not At Intersection,Not a Cyclist,Travel Lane,Not a Cyclist,Not Applicable,Not a Cyclist,45,45 MPH,97,Not Reported,1,"Two-Way, Not Divided",41009971000,Census Tract 9710,111419.0,5867,88.2563490710755,0.03408897221748764,6.3405488324527015,3.407880724174654
410540,1,72,Male,Pedestrian,2023,November,Friday,6:00pm-6:59pm,Dark - Lighted,Clear,Urban,Minor Arterial,Not an Intersection,On Roadway,None / Unknown,45.51919444,-122.46513889,Not At Intersection,Not a Cyclist,Travel Lane,Not a Cyclist,Not Applicable,Not a Cyclist,35,35 MPH,97,Not Reported,5,"Two-Way, Not Divided With a Continuous Left-Turn Lane",41051009603,Census Tract 96.03,65986.0,3697,56.07249120908845,4.57127400595077,22.937516905599136,7.68277571251549
410543,1,63,Male,Bicyclist,2023,December,Monday,0:00am-0:59am,Dark - Lighted,Rain,Urban,Minor Arterial,Four-Way Intersection,On Roadway,None / Unknown,45.51903333,-122.55394444,Not a Pedestrian,At Intersection,Not a Pedestrian,Sidewalk  / Crosswalk / Driveway Access,Not a Pedestrian,Unknown,98,Not Reported,2,Traffic control signal (on colors) with Pedestrian Signal,1,"Two-Way, Not Divided",41051008203,Census Tract 82.03,59925.0,5503,58.40450663274578,10.576049427584953,15.573323641650008,17.242492734904747
410546,1,59,Male,Pedestrian,2023,December,Tuesday,5:00pm-5:59pm,Dark - Lighted,Cloudy,Urban,Minor Arterial,Not an Intersection,On Roadway,None / Unknown,45.51269722,-122.53768889,Not At Intersection,Not a Cyclist,Travel Lane,Not a Cyclist,Not Applicable,Not a Cyclist,98,Not Reported,97,Not Reported,5,"Two-Way, Not Divided With a Continuous Left-Turn Lane",41051008203,Census Tract 82.03,59925.0,5503,58.40450663274578,10.576049427584953,15.573323641650008,17.242492734904747
410547,1,79,Male,Pedestrian,2023,December,Friday,11:00am-11:59am,Daylight,Clear,Urban,Other Principal Arterial,Four-Way Intersection,On Roadway,None / Unknown,46.18918889,-123.82434167,At Intersection,Not a Cyclist,Crosswalk Area,Not a Cyclist,Northbound,Not a Cyclist,30,30 MPH,97,Not Reported,5,"Two-Way, Not Divided With a Continuous Left-Turn Lane",41007950300,Census Tract 9503,67857.0,3075,73.59349593495935,2.113821138211382,19.024390243902438,3.579254930606282
410548,1,85,Female,Pedestrian,2023,December,Friday,5:00pm-5:59pm,Dark - Lighted,Rain | Cloudy,Urban,Other Principal Arterial,Not an Intersection,On Roadway,None / Unknown,45.50832222,-122.47574722,Not At Intersection,Not a Cyclist,Travel Lane,Not a Cyclist,Not Applicable,Not a Cyclist,35,35 MPH,97,Not Reported,5,"Two-Way, Not Divided With a Continuous Left-Turn Lane",41051009704,Census Tract 97.04,51602.0,4645,69.34337997847148,0.32292787944025836,15.608180839612487,4.747774480712167
410551,1,73,Male,Pedestrian,2023,December,Monday,5:00pm-5:59pm,Dark - Lighted,Rain,Urban,Minor Arterial,Four-Way Intersection,On Roadway,None / Unknown,45.52131667,-122.53774444,At Intersection,Not a Cyclist,Crosswalk Area,Not a Cyclist,Eastbound,Not a Cyclist,35,35 MPH,2,Traffic control signal (on colors) with Pedestrian Signal,5,"Two-Way, Not Divided With a Continuous Left-Turn Lane",41051009204,Census Tract 92.04,74077.0,4246,44.51248233631653,10.95148374941121,18.46443711728686,12.5764192139738
410552,1,39,Male,Pedestrian,2023,December,Monday,2:00am-2:59am,Dark - Lighted,Rain,Urban,Interstate,Not an Intersection,On Roadway,None / Unknown,45.52829167,-122.66547778,Not At Intersection,Not a Cyclist,Travel Lane,Not a Cyclist,Not Applicable,Not a Cyclist,98,Not Reported,97,Not Reported,6,Entrance/Exit Ramp,41051002101,Census Tract 21.01,74107.0,1704,70.18779342723005,3.5798122065727704,10.387323943661972,20.30134813639968
410555,1,51,Female,Pedestrian,2023,November,Wednesday,6:00pm-6:59pm,Dark - Lighted,Rain | Cloudy,Urban,Minor Arterial,Not an Intersection,On Roadway,None / Unknown,42.21001944,-121.75709722,Not At Intersection,Not a Cyclist,Travel Lane,Not a Cyclist,Not Applicable,Not a Cyclist,25,25 MPH,97,Not Reported,2,"Two-Way, Divided, Unprotected Median",41035971500,Census Tract 9715,48034.0,5086,52.00550530869052,0.8257963035784506,31.911128588281557,0.0
410565,1,63,Male,Pedestrian,2023,September,Saturday,8:00pm-8:59pm,Dark - Lighted,Clear,Urban,Other Principal Arterial,Not an Intersection,On Roadway,None / Unknown,45.26270278,-122.69108889,Not At Intersection,Not a Cyclist,Travel Lane,Not a Cyclist,Not Applicable,Not a Cyclist,35,35 MPH,97,Not Reported,5,"Two-Way, Not Divided With a Continuous Left-Turn Lane",41005022904,Census Tract 229.04,88063.0,3865,70.5045278137128,0.9831824062095731,19.79301423027167,9.038182696955051
410568,1,66,Male,Bicyclist,2023,October,Saturday,Unknown Hours,Not Reported,Not Reported,Rural,Local,Not Reported,Not Reported,None / Unknown,43.57788333,-119.07558333,Not a Pedestrian,Unknown / Insufficient Information,Not a Pedestrian,Unknown,Not a Pedestrian,Unknown,98,Not Reported,97,Not Reported,1,"Two-Way, Not Divided",41025960101,Census Tract 9601.01,42460.0,2479,88.86647841871722,0.0,2.5413473174667205,3.4926470588235294
410573,1,40,Male,Pedestrian,2023,December,Friday,8:00pm-8:59pm,Dark - Not Lighted,Clear,Urban,Other Principal Arterial,Not an Intersection,On Roadway,None / Unknown,45.87005556,-119.29276389,Not At Intersection,Not a Cyclist,Travel Lane,Not a Cyclist,Not Applicable,Not a Cyclist,45,45 MPH,97,Not Reported,5,"Two-Way, Not Divided With a Continuous Left-Turn Lane",41059950900,Census Tract 9509,68080.0,5788,58.4139599170698,0.0,38.614374568071874,0.0
410576,1,56,Male,Pedestrian,2023,December,Monday,1:00pm-1:59pm,Daylight,Clear,Rural,Major Collector,Not an Intersection,On Roadway,None / Unknown,45.87750556,-119.319525,Not At Intersection,Not a Cyclist,Travel Lane,Not a Cyclist,Not Applicable,Not a Cyclist,50,50 MPH,97,Not Reported,1,"Two-Way, Not Divided",41059950900,Census Tract 9509,68080.0,5788,58.4139599170698,0.0,38.614374568071874,0.0
410008,1,66,Male,Pedestrian,2024,January,Friday,4:00pm-4:59pm,Dark - Lighted,Rain,Urban,Other Principal Arterial,Four-Way Intersection,On Roadway,None / Unknown,44.94295,-123.03540556,At Intersection,Not a Cyclist,Crosswalk Area,Not a Cyclist,Northbound,Not a Cyclist,25,25 MPH,2,Traffic control signal (on colors) with Pedestrian Signal,4,One-Way Trafficway,41047000200,Census Tract 2,51630.0,4225,65.37278106508876,0.5680473372781065,16.023668639053255,26.73956262425447
410011,1,61,Male,Bicyclist,2024,January,Thursday,8:00pm-8:59pm,Dark - Lighted,Rain,Urban,Other Principal Arterial,Not an Intersection,Reported as Unknown,None / Unknown,44.97368889,-123.00248611,Not a Pedestrian,Not At Intersection,Not a Pedestrian,Unknown,Not a Pedestrian,With Traffic,98,Not Reported,97,Not Reported,1,"Two-Way, Not Divided",41047000400,Census Tract 4,53686.0,5341,59.42707358172626,0.03744617112900206,30.81819883916869,4.233870967741935
410014,1,47,Male,Pedestrian,2024,January,Friday,1:00pm-1:59pm,Daylight,Cloudy,Urban,Other Principal Arterial,Not an Intersection,On Roadway,None / Unknown,44.053325,-123.12246111,Not At Intersection,Not a Cyclist,Travel Lane,Not a Cyclist,Not Applicable,Not a Cyclist,98,Not Reported,97,Not Reported,4,One-Way Trafficway,41039004200,Census Tract 42,43365.0,3424,69.85981308411215,2.803738317757009,16.647196261682243,23.198773633111905
410016,1,36,Male,Pedestrian,2024,January,Monday,4:00am-4:59am,Dark - Unknown Lighting,Cloudy,Rural,Other Principal Arterial,Not an Intersection,On Roadway,None / Unknown,43.93336944,-124.10648056,Not At Intersection,Not a Cyclist,Travel Lane,Not a Cyclist,Not Applicable,Not a Cyclist,55,55 MPH,97,Not Reported,1,"Two-Way, Not Divided",41039000702,Census Tract 7.02,55227.0,2471,83.083771752327,0.0,8.943747470659652,0.700280112044818
410018,1,84,Female,Pedestrian,2024,January,Tuesday,5:00pm-5:59pm,Dark - Lighted,Cloudy,Urban,Other Principal Arterial,Not an Intersection,On Roadway,None / Unknown,45.54554444,-122.59599722,Not At Intersection,Not a Cyclist,Travel Lane,Not a Cyclist,Not Applicable,Not a Cyclist,30,30 MPH,97,Not Reported,1,"Two-Way, Not Divided",41051002902,Census Tract 29.02,79587.0,6370,77.73940345368916,0.0,9.340659340659341,15.173674588665447
410021,1,60,Male,Pedestrian,2024,January,Saturday,5:00pm-5:59pm,Dark - Lighted,Rain | Cloudy,Urban,Other Principal Arterial,Not an Intersection,On Roadway,None / Unknown,45.48701111,-122.73453889,Not At Intersection,Not a Cyclist,Travel Lane,Not a Cyclist,Not Applicable,Not a Cyclist,40,40 MPH,97,Not Reported,2,"Two-Way, Divided, Unprotected Median",41051006701,Census Tract 67.01,131938.0,3386,73.50856467808624,3.0124040165386887,2.3922031896042526,8.725542041248017
410022,1,48,Male,Pedestrian,2024,January,Saturday,11:00pm-11:59pm,Dark - Unknown Lighting,Not Reported,Urban,Interstate,Not an Intersection,On Roadway,None / Unknown,45.45122778,-122.57262222,Not At Intersection,Not a Cyclist,Travel Lane,Not a Cyclist,Not Applicable,Not a Cyclist,98,Not Reported,97,Not Reported,3,"Two-Way,  Divided, Positive  Median Barrier",41005022206,Census Tract 222.06,101887.0,6691,68.4651023763264,1.883126587953968,6.770288447167837,3.194797851286401
410023,1,32,Male,Pedestrian,2024,January,Monday,3:00am-3:59am,Dark - Lighted,Clear,Urban,Other Principal Arterial,Four-Way Intersection,On Roadway,None / Unknown,45.50895556,-122.43139444,At Intersection,Not a Cyclist,Crosswalk Area,Not a Cyclist,Northbound,Not a Cyclist,35,35 MPH,2,Traffic control signal (on colors) with Pedestrian Signal,1,"Two-Way, Not Divided",41051010101,Census Tract 101.01,59922.0,5525,59.49321266968326,2.0271493212669682,21.14027149321267,15.595238095238095
410025,1,36,Male,Pedestrian,2024,January,Tuesday,8:00pm-8:59pm,Dark - Not Lighted,Cloudy,Rural,Interstate,Not an Intersection,On Roadway,None / Unknown,45.6839,-121.29288333,Not At Intersection,Not a Cyclist,Travel Lane,Not a Cyclist,Not Applicable,Not a Cyclist,60,60 MPH,97,Not Reported,3,"Two-Way,  Divided, Positive  Median Barrier",41065970600,Census Tract 9706,69495.0,2887,65.7083477658469,0.27710426047800485,26.46345687564946,5.970149253731343
410031,1,71,Male,Pedestrian,2024,February,Sunday,5:00pm-5:59pm,Dark - Lighted,Cloudy,Urban,Local,Not an Intersection,On Roadway,None / Unknown,45.47715,-122.56332222,Not At Intersection,Not a Cyclist,Travel Lane,Not a Cyclist,Not Applicable,Not a Cyclist,30,30 MPH,97,Not Reported,1,"Two-Way, Not Divided",41051000602,Census Tract 6.02,65361.0,5664,60.02824858757062,3.56638418079096,13.82415254237288,13.577185368877867
410032,1,44,Male,Pedestrian,2024,February,Monday,2:00am-2:59am,Dark - Lighted,Rain | Cloudy,Urban,Other Principal Arterial,Not an Intersection,On Roadway,Construction,45.46820833,-122.57905833,Not At Intersection,Not a Cyclist,Travel Lane,Not a Cyclist,Not Applicable,Not a Cyclist,30,30 MPH,97,Not Reported,1,"Two-Way, Not Divided",41051008600,Census Tract 86,60268.0,4070,60.63882063882063,1.6461916461916464,12.702702702702704,17.85209609043806
410035,1,61,Male,Pedestrian,2024,February,Monday,6:00pm-6:59pm,Dusk,Rain,Urban,Other Principal Arterial,Not an Intersection,On Roadway,None / Unknown,45.59111111,-122.66695,Not At Intersection,Not a Cyclist,Travel Lane,Not a Cyclist,Not Applicable,Not a Cyclist,55,55 MPH,97,Not Reported,5,"Two-Way, Not Divided With a Continuous Left-Turn Lane",41051007202,Census Tract 72.02,84154.0,3308,48.70012091898428,11.910519951632406,23.518742442563482,7.27362691736764
410038,1,51,Male,Pedestrian,2024,February,Thursday,6:00am-6:59am,Dark - Lighted,Cloudy,Urban,Other Freeways and Expressways,Not an Intersection,On Roadway,None / Unknown,44.91735556,-122.99436944,Not At Intersection,Not a Cyclist,Travel Lane,Not a Cyclist,Not Applicable,Not a Cyclist,50,50 MPH,97,Not Reported,1,"Two-Way, Not Divided",41047001000,Census Tract 10,55648.0,4534,68.68107631230701,1.0807234230260256,21.08513453903838,5.51301684532925
410040,1,12,Male,Bicyclist,2024,February,Saturday,4:00pm-4:59pm,Daylight,Cloudy,Urban,Other Principal Arterial,Not an Intersection,On Roadway,None / Unknown,45.52063333,-122.97412222,Not a Pedestrian,Not At Intersection,Not a Pedestrian,Unknown,Not a Pedestrian,Unknown,98,Not Reported,97,Not Reported,2,"Two-Way, Divided, Unprotected Median",41067032501,Census Tract 325.01,60927.0,3124,56.33802816901409,2.5288092189500637,32.4583866837388,19.71595655806182
410046,1,37,Female,Pedestrian,2024,February,Friday,11:00pm-11:59pm,Dark - Lighted,Clear,Urban,Other Freeways and Expressways,Not an Intersection,On Roadway,None / Unknown,44.08413056,-123.05475278,Not At Intersection,Not a Cyclist,Travel Lane,Not a Cyclist,Not Applicable,Not a Cyclist,55,55 MPH,97,Not Reported,3,"Two-Way,  Divided, Positive  Median Barrier",41039003101,Census Tract 31.01,88585.0,6484,80.99938309685379,0.215916101172116,9.238124614435533,2.801655523718561
410052,1,35,Male,Pedestrian,2024,February,Wednesday,7:00pm-7:59pm,Dark - Lighted,Clear,Urban,Other Principal Arterial,Not an Intersection,On Roadway,None / Unknown,44.06431944,-123.17374722,Not At Intersection,Not a Cyclist,Travel Lane,Not a Cyclist,Not Applicable,Not a Cyclist,45,45 MPH,97,Not Reported,5,"Two-Way, Not Divided With a Continuous Left-Turn Lane",41039002504,Census Tract 25.04,63333.0,3383,68.54862548034289,0.325155187703222,21.312444575820276,2.9428095502498612
410055,1,48,Male,Pedestrian,2024,February,Sunday,2:00am-2:59am,Dark - Lighted,Cloudy,Urban,Other Principal Arterial,Not an Intersection,On Roadway,None / Unknown,45.51654444,-122.66207778,Not At Intersection,Not a Cyclist,Travel Lane,Not a Cyclist,Not Applicable,Not a Cyclist,20,20 MPH,97,Not Reported,4,One-Way Trafficway,41051001101,Census Tract 11.01,58000.0,2994,73.44689378757515,2.571810287241149,10.754843019372078,17.35763097949886
410057,1,69,Male,Pedestrian,2024,February,Tuesday,3:00pm-3:59pm,Daylight,Not Reported,Rural,Other Principal Arterial,Not an Intersection,On Roadway,None / Unknown,43.70110278,-124.10821111,Not At Intersection,Not a Cyclist,Travel Lane,Not a Cyclist,Not Applicable,Not a Cyclist,98,Not Reported,97,Not Reported,1,"Two-Way, Not Divided",41019010000,Census Tract 100,55375.0,2440,92.70491803278689,0.0,5.204918032786885,1.410105757931845
410069,1,58,Male,Pedestrian,2024,February,Friday,8:00pm-8:59pm,Dark - Lighted,Cloudy,Urban,Minor Arterial,Not an Intersection,On Roadway,None / Unknown,45.36604444,-122.58016667,Not At Intersection,Not a Cyclist,Travel Lane,Not a Cyclist,Not Applicable,Not a Cyclist,35,35 MPH,97,Not Reported,1,"Two-Way, Not Divided",41005022301,Census Tract 223.01,76605.0,4469,87.44685611993734,0.11188185276348177,3.132691877377489,2.1972406745017885
410070,1,29,Male,Pedestrian,2024,March,Tuesday,9:00pm-9:59pm,Dark - Not Lighted,Cloudy,Urban,Other Principal Arterial,Not an Intersection,On Roadway,None / Unknown,44.09143611,-123.16101944,Not At Intersection,Not a Cyclist,Travel Lane,Not a Cyclist,Not Applicable,Not a Cyclist,55,55 MPH,97,Not Reported,5,"Two-Way, Not Divided With a Continuous Left-Turn Lane",41039002600,Census Tract 26,61015.0,6094,66.65572694453562,0.7056120774532327,23.843124384640628,6.220735785953177
410072,1,36,Male,Pedestrian,2024,March,Saturday,11:00pm-11:59pm,Dark - Lighted,Clear,Urban,Other Principal Arterial,Not an Intersection,On Roadway,None / Unknown,45.41809722,-122.632625,Not At Intersection,Not a Cyclist,Travel Lane,Not a Cyclist,Not Applicable,Not a Cyclist,45,45 MPH,97,Not Reported,5,"Two-Way, Not Divided With a Continuous Left-Turn Lane",41005021400,Census Tract 214,84432.0,5139,87.31270675228645,0.0,4.436660828955049,5.470999588646648
410074,1,47,Male,Pedestrian,2024,March,Tuesday,5:00am-5:59am,Dark - Lighted,Rain,Urban,Interstate,Not an Intersection,On Roadway,None / Unknown,43.24303611,-123.36048333,Not At Intersection,Not a Cyclist,Travel Lane,Not a Cyclist,Not Applicable,Not a Cyclist,65,65 MPH,97,Not Reported,6,Entrance/Exit Ramp,41019080001,Census Tract 800.01,54618.0,2962,74.983119513842,0.0,19.412559081701552,0.0
410075,1,56,Male,Bicyclist,2024,February,Tuesday,10:00pm-10:59pm,Dark - Not Lighted,Cloudy,Urban,Minor Arterial,Not an Intersection,On Roadway,None / Unknown,44.95101111,-123.03708889,Not a Pedestrian,Not At Intersection,Not a Pedestrian,Travel Lane,Not a Pedestrian,Not applicable,35,35 MPH,97,Not Reported,1,"Two-Way, Not Divided",41047000200,Census Tract 2,51630.0,4225,65.37278106508876,0.5680473372781065,16.023668639053255,26.73956262425447
410084,1,40,Male,Bicyclist,2024,March,Tuesday,9:00pm-9:59pm,Dark - Lighted,Cloudy,Urban,Minor Arterial,Four-Way Intersection,On Roadway,None / Unknown,45.51893333,-122.67518056,Not a Pedestrian,At Intersection,Not a Pedestrian,Travel Lane,Not a Pedestrian,Unknown,20,20 MPH,1,Traffic control signal (on colors) without Pedestrian Signal,4,One-Way Trafficway,41051010602,Census Tract 106.02,,1963,68.31380539989811,13.90728476821192,10.74885379521141,47.64150943396226
410091,1,32,Male,Pedestrian,2024,February,Wednesday,8:00pm-8:59pm,Dark - Not Lighted,Rain,Urban,Major Collector,Not an Intersection,On Roadway,None / Unknown,42.42263611,-123.31992222,Not At Intersection,Not a Cyclist,Travel Lane,Not a Cyclist,Not Applicable,Not a Cyclist,25,25 MPH,97,Not Reported,1,"Two-Way, Not Divided",41033361201,Census Tract 3612.01,35078.0,3811,71.31986355287326,0.8134347940173182,21.149304644450275,0.0
410093,1,72,Male,Pedestrian,2024,March,Monday,12:00pm-12:59pm,Daylight,Rain,Urban,Other Principal Arterial,Four-Way Intersection,On Roadway,Construction,45.43990833,-122.82086389,At Intersection,Not a Cyclist,Crosswalk Area,Not a Cyclist,Not Derived/Unknown Initial Direction of Travel,Not a Cyclist,40,40 MPH,2,Traffic control signal (on colors) with Pedestrian Signal,1,"Two-Way, Not Divided",41067031009,Census Tract 310.09,122977.0,4848,76.71204620462046,0.0,9.797854785478547,5.026362038664323
410099,1,55,Female,Pedestrian,2024,April,Tuesday,11:00pm-11:59pm,Dark - Lighted,Cloudy,Urban,Interstate,Not an Intersection,On Shoulder,None / Unknown,45.53729444,-122.66905833,Not At Intersection,Not a Cyclist,Paved Shoulder / Bicycle Lane / Parking Lane,Not a Cyclist,Not Applicable,Not a Cyclist,50,50 MPH,97,Not Reported,6,Entrance/Exit Ramp,41051002303,Census Tract 23.03,55673.0,3710,68.4366576819407,7.52021563342318,9.326145552560646,33.648840511121634
410101,1,82,Female,Pedestrian,2024,April,Thursday,3:00am-3:59am,Dark - Unknown Lighting,Cloudy,Rural,Interstate,Not an Intersection,On Roadway,None / Unknown,42.93193889,-123.28332222,Not At Intersection,Not a Cyclist,Travel Lane,Not a Cyclist,Not Applicable,Not a Cyclist,65,65 MPH,97,Not Reported,3,"Two-Way,  Divided, Positive  Median Barrier",41019200000,Census Tract 2000,46493.0,5116,79.57388584831901,0.3127443315089914,9.089132134480064,4.550625711035267
410103,1,70,Male,Pedestrian,2024,April,Saturday,2:00pm-2:59pm,Daylight,Cloudy,Urban,Interstate,Not an Intersection,On Roadway,None / Unknown,43.22380278,-123.35997778,Not At Intersection,Not a Cyclist,Travel Lane,Not a Cyclist,Not Applicable,Not a Cyclist,65,65 MPH,97,Not Reported,3,"Two-Way,  Divided, Positive  Median Barrier",41019080002,Census Tract 800.02,86645.0,5158,81.62078324932143,0.11632415664986429,7.929430011632416,1.73046670162559
410107,1,31,Male,Pedestrian,2024,April,Monday,6:00am-6:59am,Dark - Lighted,Clear,Urban,Minor Arterial,Not an Intersection,On Roadway,None / Unknown,45.560975,-122.68235556,Not At Intersection,Not a Cyclist,Travel Lane,Not a Cyclist,Not Applicable,Not a Cyclist,30,30 MPH,97,Not Reported,3,"Two-Way,  Divided, Positive  Median Barrier",41051003501,Census Tract 35.01,105347.0,3689,75.76579018704255,7.1564109514773655,7.563025210084033,13.725490196078432
410109,1,80,Male,Pedestrian,2024,April,Tuesday,1:00pm-1:59pm,Daylight,Clear,Urban,Other Principal Arterial,Not an Intersection,On Roadway,None / Unknown,45.43892222,-122.64095833,Not At Intersection,Not a Cyclist,Travel Lane,Not a Cyclist,Not Applicable,Not a Cyclist,30,30 MPH,97,Not Reported,1,"Two-Way, Not Divided",41005021200,Census Tract 212,66477.0,3426,77.87507297139521,0.5253940455341506,11.38353765323993,8.416130917592051
410123,1,29,Female,Pedestrian,2024,April,Saturday,Unknown Hours,Dark - Not Lighted,Reported as Unknown,Rural,Other Principal Arterial,Not an Intersection,Reported as Unknown,None / Unknown,44.63959722,-123.15794444,Not At Intersection,Not a Cyclist,Other/Unknown,Not a Cyclist,Not Applicable,Not a Cyclist,55,55 MPH,97,Not Reported,1,"Two-Way, Not Divided",41003010102,Census Tract 101.02,126548.0,7212,87.24348308374931,0.15252357182473655,4.714364947310039,0.3658536585365854
410132,1,52,Male,Pedestrian,2024,May,Saturday,2:00am-2:59am,Dark - Lighted,Rain,Urban,Minor Arterial,Not an Intersection,On Roadway,None / Unknown,45.53349722,-122.57057778,Not At Intersection,Not a Cyclist,Travel Lane,Not a Cyclist,Not Applicable,Not a Cyclist,98,Not Reported,97,Not Reported,1,"Two-Way, Not Divided",41051002903,Census Tract 29.03,75764.0,4489,78.83715749610158,2.0271775451102694,5.1681889062151924,18.74208526804559
410138,1,75,Male,Pedestrian,2024,May,Sunday,11:00am-11:59am,Daylight,Cloudy,Urban,Minor Arterial,Not an Intersection,On Roadway,None / Unknown,44.91559722,-122.97685556,Not At Intersection,Not a Cyclist,Travel Lane,Not a Cyclist,Not Applicable,Not a Cyclist,35,35 MPH,97,Not Reported,5,"Two-Way, Not Divided With a Continuous Left-Turn Lane",41047001801,Census Tract 18.01,49316.0,6320,45.56962025316456,0.0,50.52215189873418,4.245880861850444
410139,1,46,Male,Pedestrian,2024,April,Monday,9:00pm-9:59pm,Dark - Not Lighted,Cloudy,Urban,Major Collector,Four-Way Intersection,On Roadway,None / Unknown,44.05546944,-123.112525,At Intersection,Not a Cyclist,Other/Unknown,Not a Cyclist,Not Derived/Unknown Initial Direction of Travel,Not a Cyclist,98,Not Reported,97,Not Reported,1,"Two-Way, Not Divided",41039004200,Census Tract 42,43365.0,3424,69.85981308411215,2.803738317757009,16.647196261682243,23.198773633111905
410154,1,33,Male,Pedestrian,2024,May,Thursday,10:00pm-10:59pm,Not Reported,Not Reported,Urban,Other Principal Arterial,Four-Way Intersection,On Roadway,None / Unknown,45.50688889,-122.96101667,At Intersection,Not a Cyclist,Crosswalk Area,Not a Cyclist,Eastbound,Not a Cyclist,98,Not Reported,3,Traffic control signal(on colors) not known whether or not Pedestrian Signal,1,"Two-Way, Not Divided",41067032410,Census Tract 324.10,77216.0,3848,42.17775467775468,0.33783783783783783,51.37733887733887,12.138141188420517
410159,1,70,Female,Person on a Personal Conveyance,2024,May,Wednesday,9:00am-9:59am,Daylight,Rain,Urban,Other Principal Arterial,Four-Way Intersection,On Roadway,None / Unknown,44.95755556,-123.03144444,At Intersection,Not a Cyclist,Crosswalk Area,Not a Cyclist,Westbound,Not a Cyclist,30,30 MPH,97,Not Reported,4,One-Way Trafficway,41047000300,Census Tract 3,46641.0,4675,58.43850267379679,0.1711229946524064,28.941176470588236,4.104803493449782
410166,1,63,Female,Pedestrian,2024,May,Saturday,1:00am-1:59am,Dark - Lighted,Clear,Urban,Minor Arterial,Not an Intersection,On Roadway,None / Unknown,44.93571667,-123.07137778,Not At Intersection,Not a Cyclist,Travel Lane,Not a Cyclist,Not Applicable,Not a Cyclist,35,35 MPH,97,Not Reported,6,Entrance/Exit Ramp,41053005204,Census Tract 52.04,95550.0,4310,84.03712296983758,0.0,7.470997679814386,0.0
410173,1,34,Male,Pedestrian,2024,June,Monday,9:00pm-9:59pm,Dark - Lighted,Clear,Urban,Other Principal Arterial,Not an Intersection,On Roadway,None / Unknown,45.55798333,-122.56485278,Not At Intersection,Not a Cyclist,Travel Lane,Not a Cyclist,Not Applicable,Not a Cyclist,30,30 MPH,97,Not Reported,5,"Two-Way, Not Divided With a Continuous Left-Turn Lane",41051007800,Census Tract 78,81098.0,1980,68.78787878787878,6.4646464646464645,17.929292929292927,5.026737967914439
410177,1,74,Male,Pedestrian,2024,June,Thursday,10:00pm-10:59pm,Dark - Not Lighted,Clear,Rural,Interstate,Not an Intersection,On Roadway,None / Unknown,43.03039444,-123.30484722,Not At Intersection,Not a Cyclist,Travel Lane,Not a Cyclist,Not Applicable,Not a Cyclist,60,60 MPH,97,Not Reported,3,"Two-Way,  Divided, Positive  Median Barrier",41019190000,Census Tract 1900,53014.0,4417,84.87661308580485,0.31695721077654515,6.724020828616709,0.0
410191,1,53,Male,Pedestrian,2024,June,Friday,4:00am-4:59am,Dark - Lighted,Clear,Urban,Interstate,Not an Intersection,On Roadway,None / Unknown,45.53131389,-122.57056944,Not At Intersection,Not a Cyclist,Travel Lane,Not a Cyclist,Not Applicable,Not a Cyclist,55,55 MPH,97,Not Reported,3,"Two-Way,  Divided, Positive  Median Barrier",41051001702,Census Tract 17.02,77236.0,4001,64.40889777555611,2.899275181204699,9.02274431392152,17.21162579473206
410198,1,55,Male,Pedestrian,2024,June,Tuesday,11:00pm-11:59pm,Dark - Not Lighted,Clear,Rural,Minor Arterial,Not an Intersection,On Roadway,None / Unknown,45.15118611,-122.81483611,Not At Intersection,Not a Cyclist,Travel Lane,Not a Cyclist,Not Applicable,Not a Cyclist,55,55 MPH,97,Not Reported,1,"Two-Way, Not Divided",41047010305,Census Tract 103.05,60526.0,5148,24.747474747474747,0.9712509712509712,68.3954933954934,2.7543314082629946
410199,1,55,Male,Person on a Personal Conveyance,2024,June,Wednesday,5:00pm-5:59pm,Daylight,Clear,Urban,Minor Arterial,Four-Way Intersection,On Roadway,None / Unknown,45.51503611,-122.88378056,At Intersection,Not a Cyclist,Crosswalk Area,Not a Cyclist,Eastbound,Not a Cyclist,45,45 MPH,2,Traffic control signal (on colors) with Pedestrian Signal,1,"Two-Way, Not Divided",41067031614,Census Tract 316.14,109107.0,6351,48.52779089907101,1.9052117776728075,20.815619587466543,4.18357789572276
410209,1,42,Male,Pedestrian,2024,June,Wednesday,0:00am-0:59am,Dark - Not Lighted,Clear,Rural,Minor Arterial,Not an Intersection,On Roadway,None / Unknown,44.39961667,-123.11044167,Not At Intersection,Not a Cyclist,Travel Lane,Not a Cyclist,Not Applicable,Not a Cyclist,55,55 MPH,97,Not Reported,1,"Two-Way, Not Divided",41043030600,Census Tract 306,72561.0,7701,84.15790157122451,0.09089728606674458,8.700168809245552,1.4642082429501084
410215,1,29,Male,Pedestrian,2024,June,Friday,9:00pm-9:59pm,Dark - Lighted,Clear,Urban,Other Principal Arterial,Four-Way Intersection,On Roadway,Construction,44.99015833,-122.98318333,At Intersection,Not a Cyclist,Intersection Area,Not a Cyclist,Not Derived/Unknown Initial Direction of Travel,Not a Cyclist,35,35 MPH,2,Traffic control signal (on colors) with Pedestrian Signal,1,"Two-Way, Not Divided",41047001601,Census Tract 16.01,70996.0,7620,51.01049868766404,1.4960629921259843,39.08136482939633,0.251959686450168
410219,1,50,Male,Pedestrian,2024,June,Saturday,9:00pm-9:59pm,Dark - Not Lighted,Clear,Urban,Minor Arterial,Not an Intersection,On Roadway,None / Unknown,42.22210278,-122.74050278,Not At Intersection,Not a Cyclist,Travel Lane,Not a Cyclist,Not Applicable,Not a Cyclist,45,45 MPH,97,Not Reported,1,"Two-Way, Not Divided",41029001702,Census Tract 17.02,48466.0,4447,81.74049921295256,0.29233190915223745,13.020013492241961,4.191077061739523
410228,1,59,Female,Pedestrian,2024,July,Monday,2:00pm-2:59pm,Daylight,Clear,Urban,Other Principal Arterial,Four-Way Intersection,On Roadway,None / Unknown,43.21151111,-123.34465278,At Intersection,Not a Cyclist,Crosswalk Area,Not a Cyclist,Eastbound,Not a Cyclist,35,35 MPH,2,Traffic control signal (on colors) with Pedestrian Signal,1,"Two-Way, Not Divided",41019130001,Census Tract 1300.01,51490.0,2624,96.5701219512195,0.0,1.7911585365853657,0.0
410235,1,38,Female,Pedestrian,2024,July,Sunday,3:00am-3:59am,Dark - Lighted,Clear,Urban,Other Principal Arterial,Not an Intersection,On Roadway,None / Unknown,45.567375,-122.60241944,Not At Intersection,Not a Cyclist,Travel Lane,Not a Cyclist,Not Applicable,Not a Cyclist,45,45 MPH,97,Not Reported,1,"Two-Way, Not Divided",41051007400,Census Tract 74,69125.0,3829,44.13685035257247,27.108905719509007,17.60250718203186,11.212938005390836
410239,1,87,Female,Pedestrian,2024,June,Monday,3:00pm-3:59pm,Daylight,Clear,Urban,Other Principal Arterial,T-Intersection,On Roadway,None / Unknown,45.50054444,-122.57858889,At Intersection,Not a Cyclist,Crosswalk Area,Not a Cyclist,Southbound,Not a Cyclist,98,Not Reported,20,Stop Sign,1,"Two-Way, Not Divided",41051008301,Census Tract 83.01,64886.0,4114,40.37433155080214,10.646572678658242,7.073407875546913,22.07916070577015
410243,1,55,Female,Pedestrian,2024,July,Thursday,0:00am-0:59am,Dark - Not Lighted,Clear,Rural,Interstate,Not an Intersection,Gore,None / Unknown,45.68784444,-121.70139444,Not At Intersection,Not a Cyclist,Paved Shoulder / Bicycle Lane / Parking Lane,Not a Cyclist,Not Applicable,Not a Cyclist,65,65 MPH,97,Not Reported,3,"Two-Way,  Divided, Positive  Median Barrier",41027950100,Census Tract 9501,68472.0,4746,63.10577328276443,1.1378002528445006,30.678466076696164,2.5865499403103858
410248,1,61,Male,Pedestrian,2024,July,Sunday,9:00am-9:59am,Daylight,Clear,Urban,Minor Arterial,Not an Intersection,On Shoulder,None / Unknown,44.92801389,-122.96828611,Not At Intersection,Not a Cyclist,Paved Shoulder / Bicycle Lane / Parking Lane,Not a Cyclist,Not Applicable,Not a Cyclist,35,35 MPH,97,Not Reported,1,"Two-Way, Not Divided",41047001801,Census Tract 18.01,49316.0,6320,45.56962025316456,0.0,50.52215189873418,4.245880861850444
410268,1,48,Male,Pedestrian,2024,August,Thursday,5:00am-5:59am,Dawn,Clear,Urban,Interstate,Not an Intersection,On Roadway,None / Unknown,45.54621111,-122.55719444,Not At Intersection,Not a Cyclist,Travel Lane,Not a Cyclist,Not Applicable,Not a Cyclist,55,55 MPH,97,Not Reported,3,"Two-Way,  Divided, Positive  Median Barrier",41051008001,Census Tract 80.01,69069.0,3246,54.80591497227357,5.113986444855207,3.234750462107209,19.66325917017438
410269,1,25,Male,Pedestrian,2024,July,Thursday,2:00am-2:59am,Dark - Lighted,Clear,Urban,Other Principal Arterial,T-Intersection,On Roadway,None / Unknown,45.58469722,-122.68266389,Intersection-Related,Not a Cyclist,Other/Unknown,Not a Cyclist,Not Derived/Unknown Initial Direction of Travel,Not a Cyclist,40,40 MPH,97,Not Reported,1,"Two-Way, Not Divided",41051007202,Census Tract 72.02,84154.0,3308,48.70012091898428,11.910519951632406,23.518742442563482,7.27362691736764
410279,1,59,Male,Pedestrian,2024,August,Thursday,9:00am-9:59am,Daylight,Not Reported,Urban,Local,Not an Intersection,Not Reported,None / Unknown,45.58261667,-122.66981944,Non-Trafficway Location,Not a Cyclist,Other/Unknown,Not a Cyclist,Not Applicable,Not a Cyclist,98,Not Reported,97,Not Reported,1,"Two-Way, Not Divided",41051003701,Census Tract 37.01,72963.0,4309,58.62148990485031,12.996054769087955,16.361104664655375,11.76965111391341
410281,1,42,Male,Pedestrian,2024,August,Saturday,9:00pm-9:59pm,Dark - Not Lighted,Clear,Rural,Minor Collector,Not an Intersection,On Shoulder,None / Unknown,45.45834444,-122.27623056,Not At Intersection,Not a Cyclist,Paved Shoulder / Bicycle Lane / Parking Lane,Not a Cyclist,Not Applicable,Not a Cyclist,45,45 MPH,97,Not Reported,1,"Two-Way, Not Divided",41005023401,Census Tract 234.01,115200.0,4726,81.86627168853153,0.14811680067710536,8.463817181548878,3.7833190025795354
410281,2,81,Male,Pedestrian,2024,August,Saturday,9:00pm-9:59pm,Dark - Not Lighted,Clear,Rural,Minor Collector,Not an Intersection,On Shoulder,None / Unknown,45.45834444,-122.27623056,Not At Intersection,Not a Cyclist,Paved Shoulder / Bicycle Lane / Parking Lane,Not a Cyclist,Not Applicable,Not a Cyclist,45,45 MPH,97,Not Reported,1,"Two-Way, Not Divided",41005023401,Census Tract 234.01,115200.0,4726,81.86627168853153,0.14811680067710536,8.463817181548878,3.7833190025795354
410282,1,67,Female,Pedestrian,2024,August,Wednesday,11:00am-11:59am,Daylight,Clear,Urban,Other Principal Arterial,Four-Way Intersection,On Roadway,None / Unknown,44.95837778,-122.98358889,At Intersection,Not a Cyclist,Crosswalk Area,Not a Cyclist,Westbound,Not a Cyclist,25,25 MPH,2,Traffic control signal (on colors) with Pedestrian Signal,1,"Two-Way, Not Divided",41047001607,Census Tract 16.07,48151.0,4844,30.099091659785298,0.0,44.426094137076795,14.608233731739709
410283,1,41,Female,Pedestrian,2024,August,Friday,2:00am-2:59am,Dark - Lighted,Clear,Urban,Local,Not an Intersection,Not Reported,None / Unknown,45.52256389,-122.67173889,Not At Intersection,Not a Cyclist,Sidewalk / Shared-Use Path / Driveway Access,Not a Cyclist,Not Applicable,Not a Cyclist,98,Not Reported,97,Not Reported,1,"Two-Way, Not Divided",41051010602,Census Tract 106.02,,1963,68.31380539989811,13.90728476821192,10.74885379521141,47.64150943396226
410288,1,35,Male,Pedestrian,2024,August,Saturday,11:00pm-11:59pm,Dark - Not Lighted,Clear,Urban,Minor Arterial,Not an Intersection,On Roadway,None / Unknown,42.39658333,-122.89328056,Not At Intersection,Not a Cyclist,Travel Lane,Not a Cyclist,Not Applicable,Not a Cyclist,45,45 MPH,97,Not Reported,1,"Two-Way, Not Divided",41029001100,Census Tract 11,78326.0,5524,87.25561187545256,0.25343953656770457,5.684286748732802,1.5270326042096576
410290,1,50,Male,Pedestrian,2024,April,Thursday,7:00pm-7:59pm,Not Reported,Not Reported,Urban,Local,Four-Way Intersection,Not Reported,None / Unknown,44.04553611,-123.12478889,At Intersection,Not a Cyclist,Other/Unknown,Not a Cyclist,Not Derived/Unknown Initial Direction of Travel,Not a Cyclist,98,Not Reported,20,Stop Sign,1,"Two-Way, Not Divided",41039004403,Census Tract 44.03,51366.0,5164,72.44384198295894,0.17428350116189,15.453137103020914,5.773420479302832
410298,1,68,Female,Pedestrian,2024,August,Sunday,6:00pm-6:59pm,Daylight,Clear,Urban,Minor Arterial,T-Intersection,On Roadway,None / Unknown,45.49245278,-122.86721389,At Intersection,Not a Cyclist,Crosswalk Area,Not a Cyclist,Westbound,Not a Cyclist,45,45 MPH,20,Stop Sign,1,"Two-Way, Not Divided",41067031703,Census Tract 317.03,69790.0,5544,51.40692640692641,1.948051948051948,30.465367965367967,3.8831935383659517
410300,1,33,Male,Pedestrian,2024,August,Saturday,11:00pm-11:59pm,Dark - Lighted,Clear,Urban,Minor Arterial,Not an Intersection,On Roadway,None / Unknown,45.51916667,-122.49683889,Not At Intersection,Not a Cyclist,Travel Lane,Not a Cyclist,Not Applicable,Not a Cyclist,98,Not Reported,97,Not Reported,1,"Two-Way, Not Divided",41051009301,Census Tract 93.01,53929.0,5287,43.767732173255155,1.929260450160772,31.09513902023832,10.154525386313466
410313,1,39,Male,Pedestrian,2024,August,Friday,10:00pm-10:59pm,Dark - Not Lighted,Not Reported,Rural,Major Collector,Not an Intersection,On Roadway,None / Unknown,43.853875,-123.03953333,Not At Intersection,Not a Cyclist,Travel Lane,Not a Cyclist,Not Applicable,Not a Cyclist,55,55 MPH,97,Not Reported,1,"Two-Way, Not Divided",41039001201,Census Tract 12.01,71979.0,4245,84.45229681978799,0.7538280329799765,2.87396937573616,5.957683741648108
410319,1,40,Male,Bicyclist,2024,September,Monday,1:00am-1:59am,Dark - Not Lighted,Clear,Rural,Interstate,Not an Intersection,On Roadway,Construction,44.35987778,-123.060975,Not a Pedestrian,Not At Intersection,Not a Pedestrian,Travel Lane,Not a Pedestrian,Not applicable,60,60 MPH,97,Not Reported,3,"Two-Way,  Divided, Positive  Median Barrier",41043030500,Census Tract 305,81544.0,4276,88.89148737137512,0.0,2.268475210477081,1.4025974025974026
410328,1,55,Male,Person on a Personal Conveyance,2024,September,Saturday,5:00am-5:59am,Dark - Not Lighted,Clear,Urban,Other Principal Arterial,Not an Intersection,On Roadway,None / Unknown,45.51999722,-123.00566389,Not At Intersection,Not a Cyclist,Travel Lane,Not a Cyclist,Not Applicable,Not a Cyclist,30,30 MPH,97,Not Reported,4,One-Way Trafficway,41067032501,Census Tract 325.01,60927.0,3124,56.33802816901409,2.5288092189500637,32.4583866837388,19.71595655806182
410338,1,60,Male,Pedestrian,2024,September,Wednesday,5:00am-5:59am,Dark - Lighted,Rain,Urban,Other Principal Arterial,Not an Intersection,On Roadway,Construction,45.44363889,-122.57886111,Not At Intersection,Not a Cyclist,Travel Lane,Not a Cyclist,Not Applicable,Not a Cyclist,35,35 MPH,97,Not Reported,1,"Two-Way, Not Divided",41005022201,Census Tract 222.01,33579.0,5706,64.33578689099194,2.4710830704521554,22.57273045916579,13.693467336683419
410345,1,23,Male,Bicyclist,2024,September,Sunday,6:00pm-6:59pm,Daylight,Clear,Urban,Minor Arterial,Four-Way Intersection,On Roadway,None / Unknown,45.46560556,-122.83639722,Not a Pedestrian,At Intersection,Not a Pedestrian,Travel Lane,Not a Pedestrian,With Traffic,98,Not Reported,2,Traffic control signal (on colors) with Pedestrian Signal,1,"Two-Way, Not Divided",41067031814,Census Tract 318.14,124118.0,4226,71.13109323237103,0.14197823000473261,5.702792238523426,6.858890345128878
410352,1,21,Male,Pedestrian,2024,July,Sunday,Unknown Hours,Dark - Not Lighted,Not Reported,Urban,Other Principal Arterial,Not an Intersection,Reported as Unknown,None / Unknown,46.09236111,-122.94576111,Not At Intersection,Not a Cyclist,Other/Unknown,Not a Cyclist,Not Applicable,Not a Cyclist,45,45 MPH,97,Not Reported,1,"Two-Way, Not Divided",41009970300,Census Tract 9703,63333.0,4508,85.6477373558119,0.554569653948536,4.547471162377994,4.252303330970943
410353,1,37,Female,Pedestrian,2024,September,Friday,10:00pm-10:59pm,Dark - Unknown Lighting,Not Reported,Urban,Major Collector,Four-Way Intersection,On Roadway,None / Unknown,45.52266667,-122.54674722,At Intersection,Not a Cyclist,Crosswalk Area,Not a Cyclist,Not Derived/Unknown Initial Direction of Travel,Not a Cyclist,30,30 MPH,2,Traffic control signal (on colors) with Pedestrian Signal,3,"Two-Way,  Divided, Positive  Median Barrier",41051008100,Census Tract 81,48106.0,7983,53.71414255292497,15.620693974696229,9.658023299511461,20.721649484536083
410355,1,73,Male,Pedestrian,2024,October,Wednesday,10:00am-10:59am,Daylight,Clear,Urban,Other Principal Arterial,Not an Intersection,On Roadway,None / Unknown,44.06642222,-123.13955278,Not At Intersection,Not a Cyclist,Crosswalk Area,Not a Cyclist,Not Applicable,Not a Cyclist,35,35 MPH,8,Other Highway Traffic Signal,1,"Two-Way, Not Divided",41039004300,Census Tract 43,41792.0,7054,71.3354125318968,1.2191664303941026,18.060674794442868,4.0669856459330145
410368,1,41,Male,Bicyclist,2024,October,Friday,3:00pm-3:59pm,Daylight,Clear,Urban,Other Principal Arterial,Not an Intersection,On Shoulder,None / Unknown,42.3061,-122.85455278,Not a Pedestrian,Not At Intersection,Not a Pedestrian,Bicycle Lane / Paved Shoulder / Parking Lane,Not a Pedestrian,With Traffic,40,40 MPH,97,Not Reported,3,"Two-Way,  Divided, Positive  Median Barrier",41029000701,Census Tract 7.01,84986.0,5170,77.25338491295938,0.0,15.415860735009671,1.7857142857142856
410388,1,42,Male,Bicyclist,2024,October,Sunday,7:00pm-7:59pm,Dark - Not Lighted,Clear,Urban,Other Principal Arterial,Not an Intersection,On Roadway,None / Unknown,44.05536111,-123.17292778,Not a Pedestrian,Not At Intersection,Not a Pedestrian,Travel Lane,Not a Pedestrian,Unknown,55,55 MPH,97,Not Reported,1,"Two-Way, Not Divided",41039002504,Census Tract 25.04,63333.0,3383,68.54862548034289,0.325155187703222,21.312444575820276,2.9428095502498612
410390,1,24,Male,Pedestrian,2024,October,Sunday,3:00am-3:59am,Dark - Not Lighted,Not Reported,Urban,Minor Arterial,Not an Intersection,Not Reported,None / Unknown,45.529175,-122.8711,Not At Intersection,Not a Cyclist,Other/Unknown,Not a Cyclist,Not Applicable,Not a Cyclist,98,Not Reported,97,Not Reported,1,"Two-Way, Not Divided",41067031626,Census Tract 316.26,80993.0,3623,54.87165332597294,0.0,4.471432514490754,1.3169845594913716
410391,1,38,Male,Bicyclist,2024,October,Monday,2:00am-2:59am,Dark - Lighted,Rain,Urban,Other Principal Arterial,Not an Intersection,On Roadway,None / Unknown,45.52635278,-122.52960833,Not a Pedestrian,Not At Intersection,Not a Pedestrian,Unknown,Not a Pedestrian,With Traffic,98,Not Reported,97,Not Reported,2,"Two-Way, Divided, Unprotected Median",41051009302,Census Tract 93.02,65779.0,4848,63.07755775577558,7.2607260726072615,10.045379537953796,7.9055826152116895
410392,1,32,Male,Bicyclist,2024,October,Monday,8:00am-8:59am,Daylight,Rain,Urban,Local,Four-Way Intersection,On Roadway,None / Unknown,45.56161111,-122.55471944,Not a Pedestrian,At Intersection,Not a Pedestrian,Sidewalk / Crosswalk / Driveway Access,Not a Pedestrian,Unknown,35,35 MPH,97,Not Reported,1,"Two-Way, Not Divided",41051007300,Census Tract 73,40893.0,1362,56.093979441997064,10.719530102790015,14.170337738619676,22.18045112781955
410394,1,47,Female,Bicyclist,2024,October,Tuesday,1:00pm-1:59pm,Daylight,Clear,Urban,Other Principal Arterial,T-Intersection,On Roadway,None / Unknown,44.96066111,-124.01436389,Not a Pedestrian,At Intersection,Not a Pedestrian,Sidewalk / Crosswalk / Driveway Access,Not a Pedestrian,Not applicable,25,25 MPH,20,Stop Sign,1,"Two-Way, Not Divided",41041950402,Census Tract 9504.02,56526.0,2215,77.15575620767494,0.4966139954853273,14.130925507900677,4.208194905869324
410398,1,25,Male,Pedestrian,2024,October,Wednesday,10:00pm-10:59pm,Dark - Lighted,Clear,Urban,Other Principal Arterial,T-Intersection,On Roadway,None / Unknown,45.49311944,-122.78146389,At Intersection,Not a Cyclist,Other/Unknown,Not a Cyclist,Not Derived/Unknown Initial Direction of Travel,Not a Cyclist,35,35 MPH,97,Not Reported,1,"Two-Way, Not Divided",41067031301,Census Tract 313.01,75000.0,2792,70.84527220630372,3.9398280802292263,15.04297994269341,7.10868079289132
410399,1,36,Female,Pedestrian,2024,October,Thursday,11:00am-11:59am,Daylight,Cloudy,Urban,Minor Arterial,Four-Way Intersection,On Roadside,None / Unknown,44.12336111,-123.14036111,Intersection-Related,Not a Cyclist,Other/Unknown,Not a Cyclist,Not Derived/Unknown Initial Direction of Travel,Not a Cyclist,40,40 MPH,97,Not Reported,1,"Two-Way, Not Divided",41039002302,Census Tract 23.02,91991.0,4464,83.17652329749103,0.47043010752688175,7.347670250896058,1.8344308560677327
410401,1,41,Female,Pedestrian,2024,October,Thursday,1:00am-1:59am,Dark - Lighted,Clear,Urban,Minor Arterial,Not an Intersection,On Roadway,None / Unknown,45.51898056,-122.56159167,Not At Intersection,Not a Cyclist,Sidewalk / Shared-Use Path / Driveway Access,Not a Cyclist,Not Applicable,Not a Cyclist,0,No Statutory Limit/Non-Trafficway or Driveway Access,97,Not Reported,0,Non-Trafficway or Driveway Access,41051008201,Census Tract 82.01,59423.0,3392,52.41745283018868,5.866745283018868,23.732311320754718,18.684210526315788
410405,1,29,Female,Pedestrian,2024,October,Monday,7:00pm-7:59pm,Dark - Not Lighted,Rain,Rural,Minor Arterial,Not an Intersection,On Roadway,None / Unknown,42.51708889,-122.81220278,Not At Intersection,Not a Cyclist,Travel Lane,Not a Cyclist,Not Applicable,Not a Cyclist,55,55 MPH,97,Not Reported,1,"Two-Way, Not Divided",41029001402,Census Tract 14.02,65000.0,920,85.21739130434783,0.0,0.0,0.0
410410,1,68,Male,Pedestrian,2024,October,Thursday,5:00am-5:59am,Dark - Not Lighted,Rain,Urban,Other Principal Arterial,Not an Intersection,On Roadway,None / Unknown,42.40974444,-122.94544167,Not At Intersection,Not a Cyclist,Travel Lane,Not a Cyclist,Not Applicable,Not a Cyclist,45,45 MPH,97,Not Reported,5,"Two-Way, Not Divided With a Continuous Left-Turn Lane",41029001100,Census Tract 11,78326.0,5524,87.25561187545256,0.25343953656770457,5.684286748732802,1.5270326042096576
410417,1,63,Male,Pedestrian,2024,October,Thursday,6:00pm-6:59pm,Dark - Not Lighted,Clear,Rural,Minor Arterial,Not an Intersection,On Roadway,None / Unknown,44.74192778,-122.94313056,Not At Intersection,Not a Cyclist,Travel Lane,Not a Cyclist,Not Applicable,Not a Cyclist,55,55 MPH,97,Not Reported,1,"Two-Way, Not Divided",41047010802,Census Tract 108.02,103237.0,6610,77.88199697428139,2.2995461422087744,13.040847201210287,0.8426966292134831
410426,1,27,Male,Pedestrian,2024,November,Wednesday,11:00pm-11:59pm,Dark - Lighted,Clear,Urban,Other Principal Arterial,Not an Intersection,On Roadway,None / Unknown,45.58351111,-122.67125,Not At Intersection,Not a Cyclist,Travel Lane,Not a Cyclist,Not Applicable,Not a Cyclist,35,35 MPH,97,Not Reported,5,"Two-Way, Not Divided With a Continuous Left-Turn Lane",41051003701,Census Tract 37.01,72963.0,4309,58.62148990485031,12.996054769087955,16.361104664655375,11.76965111391341
410427,1,82,Male,Pedestrian,2024,November,Thursday,7:00am-7:59am,Daylight,Clear,Urban,Local,T-Intersection,On Roadway,None / Unknown,45.39025833,-122.63426944,At Intersection,Not a Cyclist,Crosswalk Area,Not a Cyclist,Northbound,Not a Cyclist,25,25 MPH,97,Not Reported,1,"Two-Way, Not Divided",41005020505,Census Tract 205.05,127200.0,2724,78.59765051395007,0.0,6.791483113069016,4.405737704918033
410430,1,29,Female,Pedestrian,2024,November,Friday,2:00am-2:59am,Dark - Not Lighted,"Fog, Smog, Smoke",Rural,Interstate,Not an Intersection,On Roadway,None / Unknown,44.47909444,-123.06176667,Not At Intersection,Not a Cyclist,Travel Lane,Not a Cyclist,Not Applicable,Not a Cyclist,65,65 MPH,97,Not Reported,3,"Two-Way,  Divided, Positive  Median Barrier",41043030500,Census Tract 305,81544.0,4276,88.89148737137512,0.0,2.268475210477081,1.4025974025974026
410432,1,49,Male,Pedestrian,2024,November,Friday,5:00pm-5:59pm,Dark - Not Lighted,Clear,Rural,Other Principal Arterial,Not an Intersection,On Roadway,None / Unknown,43.47343889,-124.22399167,Not At Intersection,Not a Cyclist,Travel Lane,Not a Cyclist,Not Applicable,Not a Cyclist,55,55 MPH,97,Not Reported,1,"Two-Way, Not Divided",41011000102,Census Tract 1.02,50542.0,1865,97.37265415549598,0.0,2.5737265415549597,0.0
410435,1,38,Male,Pedestrian,2024,November,Sunday,1:00am-1:59am,Dark - Not Lighted,Clear,Urban,Other Principal Arterial,Not an Intersection,On Roadway,None / Unknown,42.051575,-124.26121944,Not At Intersection,Not a Cyclist,Travel Lane,Not a Cyclist,Not Applicable,Not a Cyclist,45,45 MPH,97,Not Reported,5,"Two-Way, Not Divided With a Continuous Left-Turn Lane",41015950401,Census Tract 9504.01,58361.0,3060,82.58169934640523,0.0,7.777777777777778,0.0
410449,1,73,Male,Pedestrian,2024,July,Saturday,9:00pm-9:59pm,Dusk,Clear,Urban,Major Collector,T-Intersection,On Roadway,None / Unknown,45.481825,-122.85774722,At Intersection,Not a Cyclist,Crosswalk Area,Not a Cyclist,Northbound,Not a Cyclist,0,No Statutory Limit/Non-Trafficway or Driveway Access,20,Stop Sign,0,Non-Trafficway or Driveway Access,41067031705,Census Tract 317.05,69201.0,4663,57.04482093073129,4.632211022946601,21.48831224533562,7.4498567335243555
410450,1,44,Female,Pedestrian,2024,August,Friday,9:00pm-9:59pm,Dark - Lighted,Clear,Urban,Minor Arterial,Not an Intersection,On Roadway,None / Unknown,44.06903056,-123.14193611,Not At Intersection,Not a Cyclist,Travel Lane,Not a Cyclist,Not Applicable,Not a Cyclist,40,40 MPH,97,Not Reported,1,"Two-Way, Not Divided",41039004300,Census Tract 43,41792.0,7054,71.3354125318968,1.2191664303941026,18.060674794442868,4.0669856459330145
410452,1,41,Male,Pedestrian,2024,September,Friday,8:00pm-8:59pm,Dark - Lighted,Clear,Urban,Other Principal Arterial,Not an Intersection,On Roadway,None / Unknown,45.50448889,-122.50069444,Not At Intersection,Not a Cyclist,Travel Lane,Not a Cyclist,Not Applicable,Not a Cyclist,30,30 MPH,97,Not Reported,5,"Two-Way, Not Divided With a Continuous Left-Turn Lane",41051009701,Census Tract 97.01,68183.0,4833,60.769708255741776,18.18746120422098,15.64245810055866,4.676616915422885
410454,1,38,Male,Pedestrian,2024,September,Monday,1:00am-1:59am,Dark - Lighted,Clear,Urban,Minor Arterial,Not an Intersection,On Roadway,Construction,45.51917222,-122.49363611,Not At Intersection,Not a Cyclist,Travel Lane,Not a Cyclist,Not Applicable,Not a Cyclist,35,35 MPH,97,Not Reported,5,"Two-Way, Not Divided With a Continuous Left-Turn Lane",41051009606,Census Tract 96.06,50540.0,5369,35.59322033898305,2.2723039672192216,39.50456323337679,18.70109546165884
410455,1,50,Male,Pedestrian,2024,October,Friday,6:00am-6:59am,Dark - Not Lighted,Clear,Urban,Major Collector,Not an Intersection,On Roadway,None / Unknown,42.32471389,-122.86602778,Not At Intersection,Not a Cyclist,Travel Lane,Not a Cyclist,Not Applicable,Not a Cyclist,30,30 MPH,97,Not Reported,5,"Two-Way, Not Divided With a Continuous Left-Turn Lane",41029000501,Census Tract 5.01,75099.0,3115,81.66934189406099,0.0,14.18940609951846,5.297532656023222
410458,1,40,Male,Pedestrian,2024,November,Saturday,8:00pm-8:59pm,Dark - Not Lighted,Rain,Urban,Other Principal Arterial,Not an Intersection,On Roadway,None / Unknown,43.94975,-124.10429444,Not At Intersection,Not a Cyclist,Travel Lane,Not a Cyclist,Not Applicable,Not a Cyclist,45,45 MPH,97,Not Reported,5,"Two-Way, Not Divided With a Continuous Left-Turn Lane",41039000702,Census Tract 7.02,55227.0,2471,83.083771752327,0.0,8.943747470659652,0.700280112044818
410459,1,29,Male,Pedestrian,2024,November,Tuesday,3:00pm-3:59pm,Daylight,Not Reported,Urban,Other Principal Arterial,Not an Intersection,On Roadside,None / Unknown,45.48524167,-122.83205556,Not At Intersection,Not a Cyclist,Sidewalk / Shared-Use Path / Driveway Access,Not a Cyclist,Not Applicable,Not a Cyclist,98,Not Reported,97,Not Reported,5,"Two-Way, Not Divided With a Continuous Left-Turn Lane",41067031706,Census Tract 317.06,79562.0,5135,40.175267770204485,15.46251217137293,27.302823758519963,13.99848254931715
410461,1,50,Female,Person on a Personal Conveyance,2024,November,Tuesday,4:00pm-4:59pm,Dark - Lighted,Rain,Urban,Other Principal Arterial,T-Intersection,On Roadway,None / Unknown,45.52012222,-123.04374444,At Intersection,Not a Cyclist,Crosswalk Area,Not a Cyclist,Southbound,Not a Cyclist,40,40 MPH,2,Traffic control signal (on colors) with Pedestrian Signal,1,"Two-Way, Not Divided",41067032901,Census Tract 329.01,91136.0,6727,44.9531737773153,1.010851791288836,46.70729894455181,6.9700827498408655
410480,1,75,Male,Pedestrian,2024,December,Wednesday,6:00am-6:59am,Dark - Lighted,Clear,Urban,Other Principal Arterial,T-Intersection,On Roadway,None / Unknown,45.50420278,-122.551475,At Intersection,Not a Cyclist,Crosswalk Area,Not a Cyclist,Southbound,Not a Cyclist,30,30 MPH,28,Other Regulatory Sign,3,"Two-Way,  Divided, Positive  Median Barrier",41051008302,Census Tract 83.02,70572.0,5231,53.412349455171096,4.511565666220608,14.222901930797171,9.878000787091697
410486,1,24,Male,Pedestrian,2024,December,Sunday,10:00am-10:59am,Daylight,Cloudy,Urban,Interstate,Not an Intersection,On Shoulder,None / Unknown,45.66235556,-118.786875,Not At Intersection,Not a Cyclist,Paved Shoulder / Bicycle Lane / Parking Lane,Not a Cyclist,Not Applicable,Not a Cyclist,65,65 MPH,97,Not Reported,3,"Two-Way,  Divided, Positive  Median Barrier",41059950601,Census Tract 9506.01,50911.0,2956,75.16914749661706,0.5412719891745602,18.166441136671178,7.598566308243727
410486,2,25,Male,Pedestrian,2024,December,Sunday,10:00am-10:59am,Daylight,Cloudy,Urban,Interstate,Not an Intersection,On Shoulder,None / Unknown,45.66235556,-118.786875,Not At Intersection,Not a Cyclist,Paved Shoulder / Bicycle Lane / Parking Lane,Not a Cyclist,Not Applicable,Not a Cyclist,65,65 MPH,97,Not Reported,3,"Two-Way,  Divided, Positive  Median Barrier",41059950601,Census Tract 9506.01,50911.0,2956,75.16914749661706,0.5412719891745602,18.166441136671178,7.598566308243727
410488,1,50,Male,Pedestrian,2024,December,Saturday,0:00am-0:59am,Dark - Not Lighted,Cloudy,Urban,Other Principal Arterial,Not an Intersection,On Roadway,None / Unknown,45.50671389,-122.42139444,Not At Intersection,Not a Cyclist,Travel Lane,Not a Cyclist,Not Applicable,Not a Cyclist,98,Not Reported,97,Not Reported,1,"Two-Way, Not Divided",41051010405,Census Tract 104.05,68825.0,5872,60.3882833787466,5.415531335149864,21.576975476839237,10.900621118012422
410489,1,38,Male,Pedestrian,2024,December,Monday,5:00pm-5:59pm,Dark - Not Lighted,Cloudy,Urban,Interstate,Not an Intersection,On Roadway,None / Unknown,45.71050556,-121.49735556,Not At Intersection,Not a Cyclist,Travel Lane,Not a Cyclist,Not Applicable,Not a Cyclist,60,60 MPH,97,Not Reported,3,"Two-Way,  Divided, Positive  Median Barrier",41027950400,Census Tract 9504,79982.0,5673,42.65820553499031,0.44068394147717255,54.257006874669486,3.5442199403776082
410493,1,81,Female,Pedestrian,2024,December,Sunday,8:00am-8:59am,Daylight,Not Reported,Urban,Other Principal Arterial,Not an Intersection,On Roadway,None / Unknown,45.49738889,-122.58011111,Not At Intersection,Not a Cyclist,Travel Lane,Not a Cyclist,Not Applicable,Not a Cyclist,98,Not Reported,97,Not Reported,5,"Two-Way, Not Divided With a Continuous Left-Turn Lane",41051000702,Census Tract 7.02,90833.0,5534,64.29345861944344,2.4575352367184675,6.7762920130104805,9.946490399748189
410494,1,61,Male,Pedestrian,2024,December,Tuesday,6:00am-6:59am,Dark - Not Lighted,Rain,Rural,Interstate,Not an Intersection,On Roadway,None / Unknown,44.39100278,-123.06151944,Not At Intersection,Not a Cyclist,Travel Lane,Not a Cyclist,Not Applicable,Not a Cyclist,60,60 MPH,97,Not Reported,3,"Two-Way,  Divided, Positive  Median Barrier",41043030500,Census Tract 305,81544.0,4276,88.89148737137512,0.0,2.268475210477081,1.4025974025974026
410497,1,28,Male,Pedestrian,2024,December,Friday,4:00am-4:59am,Dark - Not Lighted,Clear,Rural,Other Principal Arterial,Not an Intersection,On Roadway,None / Unknown,44.19487222,-121.23328611,Not At Intersection,Not a Cyclist,Travel Lane,Not a Cyclist,Not Applicable,Not a Cyclist,65,65 MPH,97,Not Reported,1,"Two-Way, Not Divided",41017001002,Census Tract 10.02,78810.0,2557,83.2225263981228,0.0,0.27375831052014077,1.784121320249777
410506,1,63,Male,Pedestrian,2024,December,Monday,8:00pm-8:59pm,Dark - Not Lighted,Rain,Urban,Minor Arterial,T-Intersection,On Roadway,None / Unknown,44.94351667,-123.05192778,At Intersection,Not a Cyclist,Crosswalk Area,Not a Cyclist,Not Derived/Unknown Initial Direction of Travel,Not a Cyclist,30,30 MPH,97,Not Reported,1,"Two-Way, Not Divided",41053005100,Census Tract 51,56875.0,2669,57.54964406144624,0.0,31.3600599475459,11.432706222865413
410513,1,44,Male,Pedestrian,2024,December,Thursday,8:00pm-8:59pm,Dark - Lighted,Rain,Urban,Other Principal Arterial,Not an Intersection,On Roadway,None / Unknown,45.14423889,-122.83753333,Not At Intersection,Not a Cyclist,Crosswalk Area,Not a Cyclist,Not Applicable,Not a Cyclist,98,Not Reported,98,Other,1,"Two-Way, Not Divided",41047010304,Census Tract 103.04,65214.0,7073,25.448890145624205,0.0,70.5217022479853,0.25517436915225405
410514,1,50,Male,Pedestrian,2024,December,Sunday,6:00pm-6:59pm,Dark - Lighted,Rain,Urban,Minor Arterial,Not an Intersection,On Roadway,None / Unknown,45.47656389,-122.80206389,Not At Intersection,Not a Cyclist,Travel Lane,Not a Cyclist,Not Applicable,Not a Cyclist,30,30 MPH,97,Not Reported,5,"Two-Way, Not Divided With a Continuous Left-Turn Lane",41067031100,Census Tract 311,57399.0,3257,62.020264046668714,0.0,34.72520724593184,12.904997254255903
410515,1,86,Male,Pedestrian,2024,December,Thursday,4:00pm-4:59pm,Daylight,Clear,Urban,Minor Arterial,Not an Intersection,On Roadway,None / Unknown,44.04768611,-123.09343056,Not At Intersection,Not a Cyclist,Travel Lane,Not a Cyclist,Not Applicable,Not a Cyclist,98,Not Reported,97,Not Reported,4,One-Way Trafficway,41039003900,Census Tract 39,35867.0,4008,81.312375249501,0.17465069860279442,8.08383233532934,19.15841584158416
410517,1,57,Female,Pedestrian,2024,December,Monday,5:00pm-5:59pm,Dark - Not Lighted,Clear,Rural,Major Collector,Not an Intersection,On Roadway,None / Unknown,44.70780556,-122.98844167,Not At Intersection,Not a Cyclist,Travel Lane,Not a Cyclist,Not Applicable,Not a Cyclist,55,55 MPH,97,Not Reported,1,"Two-Way, Not Divided",41047010802,Census Tract 108.02,103237.0,6610,77.88199697428139,2.2995461422087744,13.040847201210287,0.8426966292134831
410523,1,67,Male,Pedestrian,2024,November,Friday,6:00pm-6:59pm,Dark - Lighted,Not Reported,Urban,Other Principal Arterial,Not an Intersection,On Roadway,None / Unknown,45.48657222,-122.78187222,Not At Intersection,Not a Cyclist,Travel Lane,Not a Cyclist,Not Applicable,Not a Cyclist,35,35 MPH,97,Not Reported,1,"Two-Way, Not Divided",41067031301,Census Tract 313.01,75000.0,2792,70.84527220630372,3.9398280802292263,15.04297994269341,7.10868079289132
410524,1,71,Male,Person on a Personal Conveyance,2024,November,Saturday,8:00pm-8:59pm,Dark - Lighted,"Fog, Smog, Smoke",Urban,Other Principal Arterial,Four-Way Intersection,On Roadway,None / Unknown,44.04572778,-122.92699444,At Intersection,Not a Cyclist,Crosswalk Area,Not a Cyclist,Southbound,Not a Cyclist,35,35 MPH,2,Traffic control signal (on colors) with Pedestrian Signal,1,"Two-Way, Not Divided",41039001803,Census Tract 18.03,53688.0,4194,81.99809251311397,1.2160228898426324,5.197901764425369,1.2042147516307076
410525,1,66,Male,Pedestrian,2024,December,Thursday,5:00pm-5:59pm,Dark - Lighted,"Fog, Smog, Smoke | Cloudy",Urban,Minor Arterial,Not an Intersection,On Roadway,None / Unknown,44.04394167,-123.03044167,Not At Intersection,Not a Cyclist,Crosswalk Area,Not a Cyclist,Not Applicable,Not a Cyclist,25,25 MPH,97,Not Reported,3,"Two-Way,  Divided, Positive  Median Barrier",41039003600,Census Tract 36,66875.0,3934,82.10472801220132,0.6354855109303508,7.168276563294357,10.508664058133036
410527,1,38,Female,Pedestrian,2024,December,Friday,8:00pm-8:59pm,Dark - Lighted,Clear,Urban,Minor Arterial,Four-Way Intersection,On Roadway,None / Unknown,45.53504167,-122.65043611,At Intersection,Not a Cyclist,Crosswalk Area,Not a Cyclist,Southbound,Not a Cyclist,98,Not Reported,2,Traffic control signal (on colors) with Pedestrian Signal,1,"Two-Way, Not Divided",41051002402,Census Tract 24.02,71695.0,3310,70.75528700906344,6.374622356495468,11.63141993957704,14.868491680085882
