STATE,STATENAME,ST_CASE,VE_TOTAL,VE_FORMS,PVH_INVL,PEDS,PERSONS,PERMVIT,PERNOTMVIT,COUNTY,COUNTYNAME,CITY,CITYNAME,DAY,DAYNAME,MONTH,MONTHNAME,YEAR,DAY_WEEK,DAY_WEEKNAME,HOUR,HOURNAME,MINUTE,MINUTENAME,NHS,NHSNAME,ROUTE,ROUTENAME,TWAY_ID,TWAY_ID2,RUR_URB,RUR_URBNAME,FUNC_SYS,FUNC_SYSNAME,RD_OWNER,RD_OWNERNAME,MILEPT,MILEPTNAME,LATITUDE,LATITUDENAME,LONGITUD,LONGITUDNAME,SP_JUR,SP_JURNAME,HARM_EV,HARM_EVNAME,MAN_COLL,MAN_COLLNAME,RELJCT1,RELJCT1NAME,RELJCT2,RELJCT2NAME,TYP_INT,TYP_INTNAME,WRK_ZONE,WRK_ZONENAME,REL_ROAD,REL_ROADNAME,LGT_COND,LGT_CONDNAME,WEATHER1,WEATHER1NAME,WEATHER2,WEATHER2NAME,WEATHER,WEATHERNAME,SCH_BUS,SCH_BUSNAME,RAIL,RAILNAME,NOT_HOUR,NOT_HOURNAME,NOT_MIN,NOT_MINNAME,ARR_HOUR,ARR_HOURNAME,ARR_MIN,ARR_MINNAME,HOSP_HR,HOSP_HRNAME,HOSP_MN,HOSP_MNNAME,CF1,CF1NAME,CF2,CF2NAME,CF3,CF3NAME,FATALS,DRUNK_DR
41,Oregon,410001,1,1,0,0,1,1,0,35,KLAMATH (35),0,NOT APPLICABLE,1,1,1,January,2017,1,Sunday,99,Unknown Hours,99,Unknown Minutes,0,This section IS NOT on the NHS,3,State Highway,SR-50 ODOT 50,CR-MORELOCK RD,1,Rural,5,Major Collector,1,State Highway Agency,258,258,42.00911944,42.00911944,-121.378875,-121.378875,0,No Special Jurisdiction,1,Rollover/Overturn,0,Not a Collision with Motor Vehicle In-Transport,0,No,3,Intersection-Related,3,T-Intersection,0,,5,Outside Trafficway,2,Dark - Not Lighted,1,Clear,0,No Additional Atmospheric Conditions,1,Clear,0,No,0000000,Not Applicable,8,8:00am-8:59am,54,54,9,9:00am-9:59am,5,5,88,Not Applicable (Not Transported),88,Not Applicable (Not Transported),0,,0,,0,,1,1
41,Oregon,410002,2,1,1,0,4,4,0,33,JOSEPHINE (33),0,NOT APPLICABLE,2,2,1,January,2017,2,Monday,23,11:00pm-11:59pm,23,23,1,This section IS ON the NHS,1,Interstate,I-5,,2,Urban,1,Interstate,1,State Highway Agency,550,550,42.43828056,42.43828056,-123.293675,-123.293675,0,No Special Jurisdiction,14,Parked Motor Vehicle,0,Not a Collision with Motor Vehicle In-Transport,0,No,1,Non-Junction,1,Not an Intersection,0,,2,On Shoulder,2,Dark - Not Lighted,4,Snow,0,No Additional Atmospheric Conditions,4,Snow,0,No,0000000,Not Applicable,23,11:00pm-11:59pm,23,23,23,11:00pm-11:59pm,34,34,99,Unknown,99,Unknown EMS Hospital Arrival Time,0,,0,,0,,1,0
41,Oregon,410003,2,2,0,0,4,4,0,5,CLACKAMAS (5),0,NOT APPLICABLE,3,3,1,January,2017,3,Tuesday,13,1:00pm-1:59pm,5,5,0,This section IS NOT on the NHS,3,State Highway,SR-213 ODOT 160,,1,Rural,4,Minor Arterial,1,State Highway Agency,102,102,45.23066944,45.23066944,-122.5859611,-122.58596111,0,No Special Jurisdiction,12,Motor Vehicle In-Transport,6,Angle,0,No,1,Non-Junction,1,Not an Intersection,0,,1,On Roadway,1,Daylight,1,Clear,0,No Additional Atmospheric Conditions,1,Clear,0,No,0000000,Not Applicable,13,1:00pm-1:59pm,5,5,13,1:00pm-1:59pm,14,14,88,Not Applicable (Not Transported),88,Not Applicable (Not Transported),0,,0,,0,,1,0
41,Oregon,410004,2,2,0,0,2,2,0,39,LANE (39),0,NOT APPLICABLE,3,3,1,January,2017,3,Tuesday,13,1:00pm-1:59pm,5,5,1,This section IS ON the NHS,1,Interstate,I-5,,1,Rural,1,Interstate,1,State Highway Agency,1708,1708,43.7508,43.7508,-123.1269944,-123.12699444,0,No Special Jurisdiction,12,Motor Vehicle In-Transport,1,Front-to-Rear,0,No,1,Non-Junction,1,Not an Intersection,0,,1,On Roadway,1,Daylight,1,Clear,0,No Additional Atmospheric Conditions,1,Clear,0,No,0000000,Not Applicable,13,1:00pm-1:59pm,5,5,13,1:00pm-1:59pm,9,9,88,Not Applicable (Not Transported),88,Not Applicable (Not Transported),0,,0,,0,,1,0
41,Oregon,410005,2,2,0,0,4,4,0,45,MALHEUR (45),0,NOT APPLICABLE,9,9,1,January,2017,2,Monday,6,6:00am-6:59am,58,58,1,This section IS ON the NHS,3,State Highway,SR-201 ODOT 455,,2,Urban,3,Principal Arterial - Other,1,State Highway Agency,302,302,44.01136389,44.01136389,-117.0053694,-117.00536944,0,No Special Jurisdiction,12,Motor Vehicle In-Transport,2,Front-to-Front,0,No,1,Non-Junction,1,Not an Intersection,0,,1,On Roadway,2,Dark - Not Lighted,5,"Fog, Smog, Smoke",0,No Additional Atmospheric Conditions,5,"Fog, Smog, Smoke",0,No,0000000,Not Applicable,6,6:00am-6:59am,58,58,7,7:00am-7:59am,1,1,99,Unknown,99,Unknown EMS Hospital Arrival Time,0,,0,,0,,1,0
41,Oregon,410006,1,1,0,1,1,1,1,5,CLACKAMAS (5),1197,LAKE OSWEGO,5,5,1,January,2017,5,Thursday,15,3:00pm-3:59pm,9,9,0,This section IS NOT on the NHS,6,Local Street - Municipality,B AVE,3RD ST,2,Urban,5,Major Collector,4,City or Municipal Highway Agency,0,,45.42095,45.42095,-122.6664472,-122.66644722,0,No Special Jurisdiction,8,Pedestrian,0,Not a Collision with Motor Vehicle In-Transport,0,No,3,Intersection-Related,2,Four-Way Intersection,0,,1,On Roadway,1,Daylight,1,Clear,0,No Additional Atmospheric Conditions,1,Clear,0,No,0000000,Not Applicable,15,3:00pm-3:59pm,10,10,15,3:00pm-3:59pm,11,11,88,Not Applicable (Not Transported),88,Not Applicable (Not Transported),0,,0,,0,,1,0
41,Oregon,410008,1,1,0,1,1,1,1,51,MULTNOMAH (51),1650,PORTLAND,4,4,1,January,2017,4,Wednesday,17,5:00pm-5:59pm,11,11,0,This section IS NOT on the NHS,6,Local Street - Municipality,SE MAIN ST,,2,Urban,7,Local,4,City or Municipal Highway Agency,0,,45.51404722,45.51404722,-122.5596444,-122.55964444,0,No Special Jurisdiction,8,Pedestrian,0,Not a Collision with Motor Vehicle In-Transport,0,No,1,Non-Junction,1,Not an Intersection,0,,1,On Roadway,3,Dark - Lighted,1,Clear,0,No Additional Atmospheric Conditions,1,Clear,0,No,0000000,Not Applicable,17,5:00pm-5:59pm,12,12,17,5:00pm-5:59pm,15,15,17,5:00pm-5:59pm,47,47,0,,0,,0,,1,0
41,Oregon,410009,1,1,0,1,1,1,1,47,MARION (47),1810,SALEM,9,9,1,January,2017,2,Monday,21,9:00pm-9:59pm,24,24,0,This section IS NOT on the NHS,6,Local Street - Municipality,VOLCANO ST SE,SUSSEX AVE SE,2,Urban,7,Local,4,City or Municipal Highway Agency,0,,44.868875,44.868875,-123.0486167,-123.04861667,0,No Special Jurisdiction,19,Building,0,Not a Collision with Motor Vehicle In-Transport,0,No,3,Intersection-Related,10,L-Intersection,0,,5,Outside Trafficway,2,Dark - Not Lighted,2,Rain,0,No Additional Atmospheric Conditions,2,Rain,0,No,0000000,Not Applicable,21,9:00pm-9:59pm,24,24,21,9:00pm-9:59pm,35,35,99,Unknown,99,Unknown EMS Hospital Arrival Time,0,,0,,0,,1,0
41,Oregon,410010,1,1,0,1,3,3,1,35,KLAMATH (35),1170,KLAMATH FALLS,7,7,1,January,2017,7,Saturday,10,10:00am-10:59am,21,21,0,This section IS NOT on the NHS,6,Local Street - Municipality,PACIFIC TERR,MANZANITA ST,2,Urban,7,Local,4,City or Municipal Highway Agency,0,,42.23736111,42.23736111,-121.7731028,-121.77310278,0,No Special Jurisdiction,15,Non-Motorist on Personal Conveyance,0,Not a Collision with Motor Vehicle In-Transport,0,No,2,Intersection,2,Four-Way Intersection,0,,1,On Roadway,1,Daylight,4,Snow,0,No Additional Atmospheric Conditions,4,Snow,0,No,0000000,Not Applicable,10,10:00am-10:59am,19,19,10,10:00am-10:59am,29,29,10,10:00am-10:59am,46,46,0,,0,,0,,1,0
41,Oregon,410011,1,1,0,0,1,1,0,43,LINN (43),0,NOT APPLICABLE,15,15,1,January,2017,1,Sunday,19,7:00pm-7:59pm,49,49,0,This section IS NOT on the NHS,3,State Highway,SR-226 ODOT 211,,1,Rural,4,Minor Arterial,1,State Highway Agency,223,223,44.77214167,44.77214167,-122.6170278,-122.61702778,0,No Special Jurisdiction,30,Utility Pole/Light Support,0,Not a Collision with Motor Vehicle In-Transport,0,No,1,Non-Junction,1,Not an Intersection,0,,4,On Roadside,2,Dark - Not Lighted,1,Clear,0,No Additional Atmospheric Conditions,1,Clear,0,No,0000000,Not Applicable,19,7:00pm-7:59pm,49,49,20,8:00pm-8:59pm,0,0,88,Not Applicable (Not Transported),88,Not Applicable (Not Transported),0,,0,,0,,1,0
41,Oregon,410012,2,2,0,0,2,2,0,11,COOS (11),0,NOT APPLICABLE,20,20,1,January,2017,6,Friday,18,6:00pm-6:59pm,5,5,1,This section IS ON the NHS,2,U.S. Highway,US-101 ODOT 9,CR-MILLINGTON FRONTAGE RD,2,Urban,3,Principal Arterial - Other,1,State Highway Agency,2407,2407,43.33170278,43.33170278,-124.2003333,-124.20033333,0,No Special Jurisdiction,12,Motor Vehicle In-Transport,6,Angle,0,No,2,Intersection,3,T-Intersection,0,,1,On Roadway,2,Dark - Not Lighted,2,Rain,0,No Additional Atmospheric Conditions,2,Rain,0,No,0000000,Not Applicable,18,6:00pm-6:59pm,7,7,18,6:00pm-6:59pm,15,15,99,Unknown,99,Unknown EMS Hospital Arrival Time,0,,0,,0,,1,0
41,Oregon,410013,2,2,0,0,3,3,0,35,KLAMATH (35),0,NOT APPLICABLE,17,17,1,January,2017,3,Tuesday,10,10:00am-10:59am,50,50,1,This section IS ON the NHS,3,State Highway,SR-140 ODOT 270,,1,Rural,3,Principal Arterial - Other,1,State Highway Agency,382,382,42.40588056,42.40588056,-122.1775639,-122.17756389,0,No Special Jurisdiction,12,Motor Vehicle In-Transport,6,Angle,0,No,1,Non-Junction,1,Not an Intersection,0,,1,On Roadway,1,Daylight,4,Snow,0,No Additional Atmospheric Conditions,4,Snow,0,No,0000000,Not Applicable,10,10:00am-10:59am,54,54,11,11:00am-11:59am,10,10,88,Not Applicable (Not Transported),88,Not Applicable (Not Transported),0,,0,,0,,2,0
41,Oregon,410014,1,1,0,1,1,1,1,67,WASHINGTON (67),2065,TIGARD,17,17,1,January,2017,3,Tuesday,18,6:00pm-6:59pm,0,0,1,This section IS ON the NHS,3,State Highway,SR-99 ODOT 91,SW CANTERBURY LN,2,Urban,3,Principal Arterial - Other,1,State Highway Agency,106,106,45.41639444,45.41639444,-122.7894778,-122.78947778,0,No Special Jurisdiction,8,Pedestrian,0,Not a Collision with Motor Vehicle In-Transport,0,No,3,Intersection-Related,3,T-Intersection,0,,1,On Roadway,2,Dark - Not Lighted,2,Rain,0,No Additional Atmospheric Conditions,2,Rain,0,No,0000000,Not Applicable,18,6:00pm-6:59pm,1,1,18,6:00pm-6:59pm,5,5,99,Unknown,99,Unknown EMS Hospital Arrival Time,0,,0,,0,,1,0
41,Oregon,410015,1,1,0,0,1,1,0,39,LANE (39),0,NOT APPLICABLE,22,22,1,January,2017,1,Sunday,19,7:00pm-7:59pm,35,35,1,This section IS ON the NHS,3,State Highway,SR-126 ODOT 62,,1,Rural,3,Principal Arterial - Other,1,State Highway Agency,287,287,44.00280556,44.00280556,-123.6434111,-123.64341111,0,No Special Jurisdiction,42,Tree (Standing Only),0,Not a Collision with Motor Vehicle In-Transport,0,No,1,Non-Junction,1,Not an Intersection,0,,4,On Roadside,2,Dark - Not Lighted,2,Rain,0,No Additional Atmospheric Conditions,2,Rain,0,No,0000000,Not Applicable,19,7:00pm-7:59pm,37,37,19,7:00pm-7:59pm,55,55,88,Not Applicable (Not Transported),88,Not Applicable (Not Transported),0,,0,,0,,1,0
41,Oregon,410017,1,1,0,1,2,2,1,7,CLATSOP (7),0,NOT APPLICABLE,26,26,1,January,2017,5,Thursday,22,10:00pm-10:59pm,50,50,1,This section IS ON the NHS,2,U.S. Highway,US-101 ODOT 9,,2,Urban,3,Principal Arterial - Other,1,State Highway Agency,171,171,46.04942222,46.04942222,-123.9140361,-123.91403611,0,No Special Jurisdiction,8,Pedestrian,0,Not a Collision with Motor Vehicle In-Transport,0,No,1,Non-Junction,1,Not an Intersection,0,,1,On Roadway,3,Dark - Lighted,1,Clear,0,No Additional Atmospheric Conditions,1,Clear,0,No,0000000,Not Applicable,22,10:00pm-10:59pm,50,50,22,10:00pm-10:59pm,57,57,88,Not Applicable (Not Transported),88,Not Applicable (Not Transported),0,,0,,0,,1,0
41,Oregon,410018,1,1,0,0,2,2,0,39,LANE (39),0,NOT APPLICABLE,29,29,1,January,2017,1,Sunday,22,10:00pm-10:59pm,56,56,0,This section IS NOT on the NHS,4,County Road,CR-CENTRAL RD,,1,Rural,5,Major Collector,2,County Highway Agency,10,10,44.03935556,44.03935556,-123.2945861,-123.29458611,0,No Special Jurisdiction,1,Rollover/Overturn,0,Not a Collision with Motor Vehicle In-Transport,0,No,1,Non-Junction,1,Not an Intersection,0,,4,On Roadside,2,Dark - Not Lighted,1,Clear,0,No Additional Atmospheric Conditions,1,Clear,0,No,0000000,Not Applicable,22,10:00pm-10:59pm,56,56,23,11:00pm-11:59pm,4,4,99,Unknown,99,Unknown EMS Hospital Arrival Time,0,,0,,0,,1,1
41,Oregon,410019,2,2,0,0,2,2,0,71,YAMHILL (71),0,NOT APPLICABLE,29,29,1,January,2017,1,Sunday,8,8:00am-8:59am,6,6,1,This section IS ON the NHS,3,State Highway,SR-18 ODOT 39,,2,Urban,3,Principal Arterial - Other,1,State Highway Agency,505,505,45.21744167,45.21744167,-123.0951778,-123.09517778,0,No Special Jurisdiction,12,Motor Vehicle In-Transport,2,Front-to-Front,0,No,1,Non-Junction,1,Not an Intersection,0,,1,On Roadway,1,Daylight,5,"Fog, Smog, Smoke",0,No Additional Atmospheric Conditions,5,"Fog, Smog, Smoke",0,No,0000000,Not Applicable,8,8:00am-8:59am,7,7,8,8:00am-8:59am,12,12,99,Unknown,99,Unknown EMS Hospital Arrival Time,0,,0,,0,,1,0
41,Oregon,410020,1,1,0,0,1,1,0,51,MULTNOMAH (51),1650,PORTLAND,23,23,1,January,2017,2,Monday,15,3:00pm-3:59pm,54,54,1,This section IS ON the NHS,3,State Highway,SR-99 ODOT 91,,2,Urban,3,Principal Arterial - Other,1,State Highway Agency,34,34,45.47706667,45.47706667,-122.6797194,-122.67971944,0,No Special Jurisdiction,33,Curb,0,Not a Collision with Motor Vehicle In-Transport,0,No,1,Non-Junction,1,Not an Intersection,0,,4,On Roadside,1,Daylight,10,Cloudy,0,No Additional Atmospheric Conditions,10,Cloudy,0,No,0000000,Not Applicable,99,Unknown,99,Unknown,99,Unknown EMS Scene Arrival Hour,99,Unknown EMS Scene Arrival Minutes,88,Not Applicable (Not Transported),88,Not Applicable (Not Transported),0,,0,,0,,1,0
41,Oregon,410021,1,1,0,1,1,1,1,19,DOUGLAS (19),0,NOT APPLICABLE,3,3,2,February,2017,6,Friday,20,8:00pm-8:59pm,32,32,1,This section IS ON the NHS,3,State Highway,SR-42 ODOT 35,,2,Urban,3,Principal Arterial - Other,1,State Highway Agency,754,754,43.14336667,43.14336667,-123.3856917,-123.38569167,0,No Special Jurisdiction,8,Pedestrian,0,Not a Collision with Motor Vehicle In-Transport,0,No,1,Non-Junction,1,Not an Intersection,0,,1,On Roadway,2,Dark - Not Lighted,2,Rain,0,No Additional Atmospheric Conditions,2,Rain,0,No,0000000,Not Applicable,20,8:00pm-8:59pm,32,32,20,8:00pm-8:59pm,37,37,88,Not Applicable (Not Transported),88,Not Applicable (Not Transported),0,,0,,0,,1,0
41,Oregon,410022,3,3,0,0,8,8,0,11,COOS (11),0,NOT APPLICABLE,5,5,2,February,2017,1,Sunday,13,1:00pm-1:59pm,29,29,1,This section IS ON the NHS,2,U.S. Highway,US-101 ODOT 9,,2,Urban,3,Principal Arterial - Other,1,State Highway Agency,2408,2408,43.33933611,43.33933611,-124.1983028,-124.19830278,0,No Special Jurisdiction,12,Motor Vehicle In-Transport,2,Front-to-Front,0,No,1,Non-Junction,1,Not an Intersection,0,,1,On Roadway,1,Daylight,10,Cloudy,0,No Additional Atmospheric Conditions,10,Cloudy,0,No,0000000,Not Applicable,13,1:00pm-1:59pm,32,32,13,1:00pm-1:59pm,36,36,14,2:00pm-2:59pm,30,30,0,,0,,0,,2,0
41,Oregon,410023,2,2,0,0,6,6,0,67,WASHINGTON (67),0,NOT APPLICABLE,5,5,2,February,2017,1,Sunday,13,1:00pm-1:59pm,40,40,1,This section IS ON the NHS,3,State Highway,SR-47 ODOT 102,,1,Rural,3,Principal Arterial - Other,1,State Highway Agency,846,846,45.59644444,45.59644444,-123.11445,-123.11445,0,No Special Jurisdiction,12,Motor Vehicle In-Transport,6,Angle,0,No,1,Non-Junction,1,Not an Intersection,0,,1,On Roadway,1,Daylight,4,Snow,0,No Additional Atmospheric Conditions,4,Snow,0,No,0000000,Not Applicable,13,1:00pm-1:59pm,40,40,13,1:00pm-1:59pm,47,47,99,Unknown,99,Unknown EMS Hospital Arrival Time,0,,0,,0,,1,0
41,Oregon,410024,1,1,0,1,1,1,1,51,MULTNOMAH (51),1650,PORTLAND,6,6,2,February,2017,2,Monday,9,9:00am-9:59am,6,6,0,This section IS NOT on the NHS,6,Local Street - Municipality,N INTERSTATE AVE,N FARRAGUT ST,2,Urban,4,Minor Arterial,4,City or Municipal Highway Agency,0,,45.57931389,45.57931389,-122.6819722,-122.68197222,0,No Special Jurisdiction,9,Pedalcyclist,0,Not a Collision with Motor Vehicle In-Transport,0,No,2,Intersection,3,T-Intersection,0,,1,On Roadway,1,Daylight,10,Cloudy,2,Rain,2,Rain,0,No,0000000,Not Applicable,9,9:00am-9:59am,7,7,99,Unknown EMS Scene Arrival Hour,99,Unknown EMS Scene Arrival Minutes,88,Not Applicable (Not Transported),88,Not Applicable (Not Transported),0,,0,,0,,1,0
41,Oregon,410025,1,1,0,0,1,1,0,7,CLATSOP (7),80,ASTORIA,12,12,2,February,2017,1,Sunday,2,2:00am-2:59am,30,30,1,This section IS ON the NHS,2,U.S. Highway,US-30 ODOT 92,,2,Urban,3,Principal Arterial - Other,1,State Highway Agency,963,963,46.19441667,46.19441667,-123.7928472,-123.79284722,0,No Special Jurisdiction,33,Curb,0,Not a Collision with Motor Vehicle In-Transport,0,No,1,Non-Junction,1,Not an Intersection,0,,4,On Roadside,3,Dark - Lighted,10,Cloudy,0,No Additional Atmospheric Conditions,10,Cloudy,0,No,0000000,Not Applicable,2,2:00am-2:59am,33,33,2,2:00am-2:59am,38,38,88,Not Applicable (Not Transported),88,Not Applicable (Not Transported),0,,0,,0,,1,1
41,Oregon,410026,1,1,0,1,1,1,1,67,WASHINGTON (67),180,BEAVERTON,13,13,2,February,2017,2,Monday,21,9:00pm-9:59pm,28,28,1,This section IS ON the NHS,2,U.S. Highway,US-26 ODOT 47,,2,Urban,2,Principal Arterial - Other Freeways and Expressways,1,State Highway Agency,661,661,45.52587222,45.52587222,-122.825575,-122.825575,0,No Special Jurisdiction,8,Pedestrian,0,Not a Collision with Motor Vehicle In-Transport,0,No,1,Non-Junction,1,Not an Intersection,0,,1,On Roadway,2,Dark - Not Lighted,10,Cloudy,0,No Additional Atmospheric Conditions,10,Cloudy,0,No,0000000,Not Applicable,21,9:00pm-9:59pm,28,28,21,9:00pm-9:59pm,32,32,88,Not Applicable (Not Transported),88,Not Applicable (Not Transported),0,,0,,0,,1,0
41,Oregon,410027,1,1,0,1,1,1,1,5,CLACKAMAS (5),0,NOT APPLICABLE,16,16,2,February,2017,5,Thursday,18,6:00pm-6:59pm,58,58,0,This section IS NOT on the NHS,4,County Road,CR-N MOLALLA AVE,,2,Urban,5,Major Collector,2,County Highway Agency,17,17,45.16239167,45.16239167,-122.5738972,-122.57389722,0,No Special Jurisdiction,8,Pedestrian,0,Not a Collision with Motor Vehicle In-Transport,0,No,1,Non-Junction,1,Not an Intersection,0,,1,On Roadway,2,Dark - Not Lighted,2,Rain,0,No Additional Atmospheric Conditions,2,Rain,0,No,0000000,Not Applicable,99,Unknown,99,Unknown,99,Unknown EMS Scene Arrival Hour,99,Unknown EMS Scene Arrival Minutes,88,Not Applicable (Not Transported),88,Not Applicable (Not Transported),0,,0,,0,,1,0
41,Oregon,410028,1,1,0,0,3,3,0,5,CLACKAMAS (5),0,NOT APPLICABLE,18,18,2,February,2017,7,Saturday,22,10:00pm-10:59pm,50,50,0,This section IS NOT on the NHS,4,County Road,CR-SE WIESE RD,,2,Urban,7,Local,2,County Highway Agency,5,5,45.42460556,45.42460556,-122.4481333,-122.44813333,0,No Special Jurisdiction,42,Tree (Standing Only),0,Not a Collision with Motor Vehicle In-Transport,0,No,1,Non-Junction,1,Not an Intersection,0,,4,On Roadside,2,Dark - Not Lighted,2,Rain,0,No Additional Atmospheric Conditions,2,Rain,0,No,0000000,Not Applicable,99,Unknown,99,Unknown,99,Unknown EMS Scene Arrival Hour,99,Unknown EMS Scene Arrival Minutes,88,Not Applicable (Not Transported),88,Not Applicable (Not Transported),0,,0,,0,,3,1
41,Oregon,410029,4,4,0,0,4,4,0,3,BENTON (3),420,CORVALLIS,21,21,2,February,2017,3,Tuesday,22,10:00pm-10:59pm,37,37,1,This section IS ON the NHS,2,U.S. Highway,US-20 ODOT 33,,2,Urban,3,Principal Arterial - Other,1,State Highway Agency,532,532,44.55021111,44.55021111,-123.3141611,-123.31416111,0,No Special Jurisdiction,12,Motor Vehicle In-Transport,2,Front-to-Front,0,No,1,Non-Junction,1,Not an Intersection,0,,1,On Roadway,2,Dark - Not Lighted,1,Clear,0,No Additional Atmospheric Conditions,1,Clear,1,Yes,0000000,Not Applicable,22,10:00pm-10:59pm,38,38,22,10:00pm-10:59pm,43,43,23,11:00pm-11:59pm,12,12,0,,0,,0,,1,0
41,Oregon,410030,2,2,0,0,3,3,0,11,COOS (11),0,NOT APPLICABLE,25,25,2,February,2017,7,Saturday,8,8:00am-8:59am,45,45,1,This section IS ON the NHS,2,U.S. Highway,US-101 ODOT 9,,1,Rural,3,Principal Arterial - Other,1,State Highway Agency,2491,2491,43.25518889,43.25518889,-124.2828222,-124.28282222,0,No Special Jurisdiction,12,Motor Vehicle In-Transport,6,Angle,0,No,1,Non-Junction,1,Not an Intersection,0,,1,On Roadway,1,Daylight,1,Clear,0,No Additional Atmospheric Conditions,1,Clear,0,No,0000000,Not Applicable,8,8:00am-8:59am,45,45,8,8:00am-8:59am,56,56,99,Unknown,99,Unknown EMS Hospital Arrival Time,0,,0,,0,,1,0
41,Oregon,410031,1,1,0,0,1,1,0,41,LINCOLN (41),0,NOT APPLICABLE,25,25,2,February,2017,7,Saturday,7,7:00am-7:59am,43,43,1,This section IS ON the NHS,2,U.S. Highway,US-101 ODOT 9,,1,Rural,3,Principal Arterial - Other,1,State Highway Agency,1357,1357,44.70186111,44.70186111,-124.0612194,-124.06121944,0,No Special Jurisdiction,1,Rollover/Overturn,0,Not a Collision with Motor Vehicle In-Transport,0,No,1,Non-Junction,1,Not an Intersection,0,,4,On Roadside,4,Dawn,1,Clear,0,No Additional Atmospheric Conditions,1,Clear,0,No,0000000,Not Applicable,7,7:00am-7:59am,43,43,7,7:00am-7:59am,52,52,88,Not Applicable (Not Transported),88,Not Applicable (Not Transported),0,,0,,0,,1,0
41,Oregon,410032,2,2,0,0,2,2,0,39,LANE (39),0,NOT APPLICABLE,25,25,2,February,2017,7,Saturday,13,1:00pm-1:59pm,35,35,0,This section IS NOT on the NHS,4,County Road,CR-HILL RD,,1,Rural,6,Minor Collector,2,County Highway Agency,30,30,44.12818611,44.12818611,-122.9306556,-122.93065556,0,No Special Jurisdiction,12,Motor Vehicle In-Transport,2,Front-to-Front,0,No,1,Non-Junction,1,Not an Intersection,0,,1,On Roadway,1,Daylight,1,Clear,0,No Additional Atmospheric Conditions,1,Clear,0,No,0000000,Not Applicable,13,1:00pm-1:59pm,35,35,13,1:00pm-1:59pm,42,42,99,Unknown,99,Unknown EMS Hospital Arrival Time,0,,0,,0,,1,0
41,Oregon,410033,1,1,0,0,1,1,0,13,CROOK (13),0,NOT APPLICABLE,27,27,2,February,2017,2,Monday,9,9:00am-9:59am,20,20,0,This section IS NOT on the NHS,4,County Road,CR-GEORGE MILLICAN RD,,1,Rural,6,Minor Collector,2,County Highway Agency,200,200,44.06249722,44.06249722,-120.9167833,-120.91678333,0,No Special Jurisdiction,42,Tree (Standing Only),0,Not a Collision with Motor Vehicle In-Transport,0,No,1,Non-Junction,1,Not an Intersection,0,,5,Outside Trafficway,1,Daylight,10,Cloudy,0,No Additional Atmospheric Conditions,10,Cloudy,0,No,0000000,Not Applicable,9,9:00am-9:59am,21,21,9,9:00am-9:59am,41,41,88,Not Applicable (Not Transported),88,Not Applicable (Not Transported),0,,0,,0,,1,0
41,Oregon,410034,1,1,0,1,1,1,1,5,CLACKAMAS (5),1580,OREGON CITY,2,2,1,January,2017,2,Monday,12,12:00pm-12:59pm,45,45,1,This section IS ON the NHS,3,State Highway,SR-213 ODOT 160,BEAVERCREEK RD,2,Urban,3,Principal Arterial - Other,1,State Highway Agency,29,29,45.33195833,45.33195833,-122.5750667,-122.57506667,0,No Special Jurisdiction,8,Pedestrian,0,Not a Collision with Motor Vehicle In-Transport,0,No,3,Intersection-Related,2,Four-Way Intersection,0,,1,On Roadway,1,Daylight,10,Cloudy,0,No Additional Atmospheric Conditions,10,Cloudy,0,No,0000000,Not Applicable,12,12:00pm-12:59pm,45,45,12,12:00pm-12:59pm,50,50,99,Unknown,99,Unknown EMS Hospital Arrival Time,0,,0,,0,,1,0
41,Oregon,410035,1,1,0,1,1,1,1,5,CLACKAMAS (5),0,NOT APPLICABLE,21,21,1,January,2017,7,Saturday,4,4:00am-4:59am,5,5,1,This section IS ON the NHS,1,Interstate,I-205,,2,Urban,1,Interstate,1,State Highway Agency,21,21,45.37358889,45.37358889,-122.7260083,-122.72600833,0,No Special Jurisdiction,8,Pedestrian,0,Not a Collision with Motor Vehicle In-Transport,0,No,1,Non-Junction,1,Not an Intersection,0,,1,On Roadway,2,Dark - Not Lighted,2,Rain,0,No Additional Atmospheric Conditions,2,Rain,0,No,0000000,Not Applicable,4,4:00am-4:59am,5,5,4,4:00am-4:59am,15,15,88,Not Applicable (Not Transported),88,Not Applicable (Not Transported),0,,0,,0,,1,0
41,Oregon,410036,1,1,0,0,2,2,0,61,UNION (61),0,NOT APPLICABLE,28,28,2,February,2017,3,Tuesday,17,5:00pm-5:59pm,30,30,0,This section IS NOT on the NHS,4,County Road,CR-MORGAN LAKE RD,,1,Rural,7,Local,2,County Highway Agency,95,95,45.300675,45.300675,-118.1121,-118.1121,0,No Special Jurisdiction,1,Rollover/Overturn,0,Not a Collision with Motor Vehicle In-Transport,0,No,1,Non-Junction,1,Not an Intersection,0,,4,On Roadside,1,Daylight,10,Cloudy,0,No Additional Atmospheric Conditions,10,Cloudy,0,No,0000000,Not Applicable,17,5:00pm-5:59pm,33,33,17,5:00pm-5:59pm,50,50,17,5:00pm-5:59pm,57,57,0,,0,,0,,1,0
41,Oregon,410037,2,2,0,0,4,4,0,3,BENTON (3),0,NOT APPLICABLE,3,3,3,March,2017,6,Friday,17,5:00pm-5:59pm,40,40,0,This section IS NOT on the NHS,4,County Road,CR-BELLFOUNTAIN RD,,1,Rural,5,Major Collector,2,County Highway Agency,13,13,44.51731667,44.51731667,-123.337675,-123.337675,0,No Special Jurisdiction,12,Motor Vehicle In-Transport,2,Front-to-Front,0,No,1,Non-Junction,1,Not an Intersection,0,,1,On Roadway,5,Dusk,2,Rain,0,No Additional Atmospheric Conditions,2,Rain,0,No,0000000,Not Applicable,17,5:00pm-5:59pm,42,42,17,5:00pm-5:59pm,48,48,18,6:00pm-6:59pm,23,23,0,,0,,0,,1,1
41,Oregon,410038,1,1,0,1,1,1,1,39,LANE (39),2145,VENETA,1,1,3,March,2017,4,Wednesday,9,9:00am-9:59am,15,15,1,This section IS ON the NHS,3,State Highway,SR-126 ODOT 062,,2,Urban,3,Principal Arterial - Other,1,State Highway Agency,472,472,44.05269444,44.05269444,-123.3195694,-123.31956944,0,No Special Jurisdiction,8,Pedestrian,0,Not a Collision with Motor Vehicle In-Transport,0,No,1,Non-Junction,1,Not an Intersection,0,,2,On Shoulder,1,Daylight,10,Cloudy,0,No Additional Atmospheric Conditions,10,Cloudy,0,No,0000000,Not Applicable,9,9:00am-9:59am,18,18,9,9:00am-9:59am,21,21,88,Not Applicable (Not Transported),88,Not Applicable (Not Transported),0,,0,,0,,1,0
41,Oregon,410039,1,1,0,1,1,1,1,39,LANE (39),430,COTTAGE GROVE,3,3,3,March,2017,6,Friday,3,3:00am-3:59am,2,2,0,This section IS NOT on the NHS,3,State Highway,SR-99 ODOT 226,,2,Urban,5,Major Collector,1,State Highway Agency,159,159,43.78296111,43.78296111,-123.0694444,-123.06944444,0,No Special Jurisdiction,8,Pedestrian,0,Not a Collision with Motor Vehicle In-Transport,0,No,1,Non-Junction,1,Not an Intersection,0,,1,On Roadway,2,Dark - Not Lighted,10,Cloudy,0,No Additional Atmospheric Conditions,10,Cloudy,0,No,0000000,Not Applicable,3,3:00am-3:59am,8,8,3,3:00am-3:59am,11,11,88,Not Applicable (Not Transported),88,Not Applicable (Not Transported),0,,0,,0,,1,0
41,Oregon,410040,2,2,0,0,5,5,0,57,TILLAMOOK (57),0,NOT APPLICABLE,3,3,3,March,2017,6,Friday,19,7:00pm-7:59pm,35,35,1,This section IS ON the NHS,2,U.S. Highway,US-101 ODOT 9,,1,Rural,3,Principal Arterial - Other,1,State Highway Agency,810,810,45.27795833,45.27795833,-123.8255389,-123.82553889,0,No Special Jurisdiction,12,Motor Vehicle In-Transport,6,Angle,0,No,1,Non-Junction,1,Not an Intersection,0,,1,On Roadway,2,Dark - Not Lighted,2,Rain,0,No Additional Atmospheric Conditions,2,Rain,0,No,0000000,Not Applicable,19,7:00pm-7:59pm,36,36,19,7:00pm-7:59pm,43,43,88,Not Applicable (Not Transported),88,Not Applicable (Not Transported),0,,0,,0,,1,1
41,Oregon,410041,1,1,0,0,1,1,0,57,TILLAMOOK (57),0,NOT APPLICABLE,4,4,3,March,2017,7,Saturday,7,7:00am-7:59am,35,35,1,This section IS ON the NHS,2,U.S. Highway,US-26 ODOT 47,,1,Rural,3,Principal Arterial - Other,1,State Highway Agency,310,310,45.77725556,45.77725556,-123.422375,-123.422375,0,No Special Jurisdiction,42,Tree (Standing Only),0,Not a Collision with Motor Vehicle In-Transport,0,No,1,Non-Junction,1,Not an Intersection,0,,4,On Roadside,1,Daylight,10,Cloudy,0,No Additional Atmospheric Conditions,10,Cloudy,0,No,0000000,Not Applicable,99,Unknown,99,Unknown,99,Unknown EMS Scene Arrival Hour,99,Unknown EMS Scene Arrival Minutes,88,Not Applicable (Not Transported),88,Not Applicable (Not Transported),0,,0,,0,,1,0
41,Oregon,410042,1,1,0,1,1,1,1,51,MULTNOMAH (51),880,GRESHAM,5,5,3,March,2017,1,Sunday,0,0:00am-0:59am,59,59,1,This section IS ON the NHS,6,Local Street - Municipality,SE DIVISION ST,SE 187TH PL,2,Urban,3,Principal Arterial - Other,1,State Highway Agency,0,,45.50451944,45.50451944,-122.4699111,-122.46991111,0,No Special Jurisdiction,8,Pedestrian,0,Not a Collision with Motor Vehicle In-Transport,0,No,3,Intersection-Related,3,T-Intersection,0,,1,On Roadway,3,Dark - Lighted,2,Rain,0,No Additional Atmospheric Conditions,2,Rain,0,No,0000000,Not Applicable,99,Unknown,99,Unknown,99,Unknown EMS Scene Arrival Hour,99,Unknown EMS Scene Arrival Minutes,88,Not Applicable (Not Transported),88,Not Applicable (Not Transported),0,,0,,0,,1,0
41,Oregon,410043,2,2,0,0,2,2,0,51,MULTNOMAH (51),0,NOT APPLICABLE,5,5,3,March,2017,1,Sunday,20,8:00pm-8:59pm,43,43,1,This section IS ON the NHS,2,U.S. Highway,US-26 ODOT 26,CR-SE STONE RD,2,Urban,3,Principal Arterial - Other,1,State Highway Agency,168,168,45.46124167,45.46124167,-122.3830833,-122.38308333,0,No Special Jurisdiction,12,Motor Vehicle In-Transport,6,Angle,0,No,2,Intersection,2,Four-Way Intersection,0,,1,On Roadway,2,Dark - Not Lighted,2,Rain,0,No Additional Atmospheric Conditions,2,Rain,0,No,0000000,Not Applicable,20,8:00pm-8:59pm,43,43,20,8:00pm-8:59pm,51,51,21,9:00pm-9:59pm,34,34,0,,0,,0,,1,0
41,Oregon,410044,2,2,0,0,2,2,0,67,WASHINGTON (67),0,NOT APPLICABLE,6,6,3,March,2017,2,Monday,22,10:00pm-10:59pm,27,27,0,This section IS NOT on the NHS,4,County Road,CR-SW ROY ROGERS RD,,2,Urban,4,Minor Arterial,2,County Highway Agency,0,,45.38174444,45.38174444,-122.8555889,-122.85558889,0,No Special Jurisdiction,12,Motor Vehicle In-Transport,6,Angle,0,No,1,Non-Junction,1,Not an Intersection,0,,1,On Roadway,2,Dark - Not Lighted,2,Rain,0,No Additional Atmospheric Conditions,2,Rain,0,No,0000000,Not Applicable,22,10:00pm-10:59pm,27,27,22,10:00pm-10:59pm,50,50,23,11:00pm-11:59pm,48,48,0,,0,,0,,1,1
41,Oregon,410045,1,1,0,0,1,1,0,5,CLACKAMAS (5),0,NOT APPLICABLE,9,9,3,March,2017,5,Thursday,14,2:00pm-2:59pm,26,26,0,This section IS NOT on the NHS,4,County Road,CR-S HOLCOMB BLVD,,2,Urban,5,Major Collector,2,County Highway Agency,5,5,45.36549722,45.36549722,-122.5287667,-122.52876667,0,No Special Jurisdiction,58,Ground,0,Not a Collision with Motor Vehicle In-Transport,0,No,1,Non-Junction,1,Not an Intersection,0,,4,On Roadside,1,Daylight,2,Rain,0,No Additional Atmospheric Conditions,2,Rain,0,No,0000000,Not Applicable,14,2:00pm-2:59pm,27,27,14,2:00pm-2:59pm,32,32,88,Not Applicable (Not Transported),88,Not Applicable (Not Transported),0,,0,,0,,1,0
41,Oregon,410046,1,1,0,0,4,4,0,35,KLAMATH (35),0,NOT APPLICABLE,10,10,3,March,2017,6,Friday,15,3:00pm-3:59pm,50,50,1,This section IS ON the NHS,2,U.S. Highway,US-97 ODOT 4,,1,Rural,3,Principal Arterial - Other,1,State Highway Agency,2848,2848,42.08091944,42.08091944,-121.8447917,-121.84479167,0,No Special Jurisdiction,34,Ditch,0,Not a Collision with Motor Vehicle In-Transport,0,No,1,Non-Junction,1,Not an Intersection,0,,4,On Roadside,1,Daylight,1,Clear,0,No Additional Atmospheric Conditions,1,Clear,0,No,0000000,Not Applicable,15,3:00pm-3:59pm,52,52,16,4:00pm-4:59pm,5,5,99,Unknown,99,Unknown EMS Hospital Arrival Time,0,,0,,0,,1,0
41,Oregon,410047,1,1,0,1,1,1,1,33,JOSEPHINE (33),860,GRANTS PASS,10,10,3,March,2017,6,Friday,6,6:00am-6:59am,49,49,0,This section IS NOT on the NHS,6,Local Street - Municipality,REDWOOD AVE,WINETEER RD,2,Urban,4,Minor Arterial,4,City or Municipal Highway Agency,0,,42.4224,42.4224,-123.3613278,-123.36132778,0,No Special Jurisdiction,43,Other Fixed Object,0,Not a Collision with Motor Vehicle In-Transport,0,No,3,Intersection-Related,2,Four-Way Intersection,0,,4,On Roadside,1,Daylight,1,Clear,0,No Additional Atmospheric Conditions,1,Clear,0,No,0000000,Not Applicable,6,6:00am-6:59am,49,49,6,6:00am-6:59am,53,53,7,7:00am-7:59am,2,2,0,,0,,0,,1,0
41,Oregon,410048,1,1,0,0,1,1,0,19,DOUGLAS (19),0,NOT APPLICABLE,13,13,3,March,2017,2,Monday,19,7:00pm-7:59pm,8,8,0,This section IS NOT on the NHS,4,County Road,CR-HAYHURST RD,,1,Rural,6,Minor Collector,2,County Highway Agency,28,28,43.58605278,43.58605278,-123.3113889,-123.31138889,0,No Special Jurisdiction,42,Tree (Standing Only),0,Not a Collision with Motor Vehicle In-Transport,0,No,1,Non-Junction,1,Not an Intersection,0,,4,On Roadside,5,Dusk,10,Cloudy,0,No Additional Atmospheric Conditions,10,Cloudy,0,No,0000000,Not Applicable,19,7:00pm-7:59pm,9,9,19,7:00pm-7:59pm,18,18,88,Not Applicable (Not Transported),88,Not Applicable (Not Transported),0,,0,,0,,1,1
41,Oregon,410049,1,1,0,0,1,1,0,49,MORROW (49),0,NOT APPLICABLE,17,17,3,March,2017,6,Friday,14,2:00pm-2:59pm,0,0,0,This section IS NOT on the NHS,4,County Road,CR-LITTLE BUTTER CREEK RD,,1,Rural,5,Major Collector,2,County Highway Agency,98,98,45.51228611,45.51228611,-119.3808917,-119.38089167,0,No Special Jurisdiction,34,Ditch,0,Not a Collision with Motor Vehicle In-Transport,0,No,1,Non-Junction,1,Not an Intersection,0,,4,On Roadside,1,Daylight,10,Cloudy,0,No Additional Atmospheric Conditions,10,Cloudy,0,No,0000000,Not Applicable,14,2:00pm-2:59pm,15,15,15,3:00pm-3:59pm,33,33,16,4:00pm-4:59pm,4,4,0,,0,,0,,1,0
41,Oregon,410050,1,1,0,0,2,2,0,65,WASCO (65),0,NOT APPLICABLE,6,6,3,March,2017,2,Monday,21,9:00pm-9:59pm,8,8,1,This section IS ON the NHS,2,U.S. Highway,US-26 ODOT 53,,1,Rural,3,Principal Arterial - Other,1,State Highway Agency,850,850,44.98573333,44.98573333,-121.4815056,-121.48150556,0,No Special Jurisdiction,1,Rollover/Overturn,0,Not a Collision with Motor Vehicle In-Transport,0,No,1,Non-Junction,1,Not an Intersection,0,,1,On Roadway,2,Dark - Not Lighted,4,Snow,0,No Additional Atmospheric Conditions,4,Snow,0,No,0000000,Not Applicable,21,9:00pm-9:59pm,8,8,21,9:00pm-9:59pm,18,18,99,Unknown,99,Unknown EMS Hospital Arrival Time,0,,0,,0,,1,0
41,Oregon,410051,1,1,0,1,2,2,1,51,MULTNOMAH (51),1650,PORTLAND,9,9,3,March,2017,5,Thursday,23,11:00pm-11:59pm,15,15,0,This section IS NOT on the NHS,6,Local Street - Municipality,SE STARK ST,,2,Urban,4,Minor Arterial,4,City or Municipal Highway Agency,0,,45.51915833,45.51915833,-122.5105,-122.5105,0,No Special Jurisdiction,8,Pedestrian,0,Not a Collision with Motor Vehicle In-Transport,0,No,1,Non-Junction,1,Not an Intersection,0,,1,On Roadway,2,Dark - Not Lighted,10,Cloudy,0,No Additional Atmospheric Conditions,10,Cloudy,0,No,0000000,Not Applicable,99,Unknown,99,Unknown,99,Unknown EMS Scene Arrival Hour,99,Unknown EMS Scene Arrival Minutes,88,Not Applicable (Not Transported),88,Not Applicable (Not Transported),0,,0,,0,,1,0
41,Oregon,410052,2,2,0,0,5,5,0,69,WHEELER (69),0,NOT APPLICABLE,18,18,3,March,2017,7,Saturday,7,7:00am-7:59am,30,30,1,This section IS ON the NHS,2,U.S. Highway,US-26 ODOT 41,,1,Rural,3,Principal Arterial - Other,1,State Highway Agency,559,559,44.57829722,44.57829722,-120.2832694,-120.28326944,0,No Special Jurisdiction,1,Rollover/Overturn,0,Not a Collision with Motor Vehicle In-Transport,0,No,1,Non-Junction,1,Not an Intersection,0,,1,On Roadway,1,Daylight,10,Cloudy,0,No Additional Atmospheric Conditions,10,Cloudy,0,No,0000000,Not Applicable,7,7:00am-7:59am,46,46,7,7:00am-7:59am,56,56,99,Unknown,99,Unknown EMS Hospital Arrival Time,0,,0,,0,,1,0
41,Oregon,410053,1,1,0,1,1,1,1,67,WASHINGTON (67),700,FOREST GROVE,18,18,3,March,2017,7,Saturday,22,10:00pm-10:59pm,39,39,0,This section IS NOT on the NHS,6,Local Street - Municipality,PACIFIC AVE,,2,Urban,4,Minor Arterial,4,City or Municipal Highway Agency,0,,45.52018056,45.52018056,-123.0854556,-123.08545556,0,No Special Jurisdiction,8,Pedestrian,0,Not a Collision with Motor Vehicle In-Transport,0,No,1,Non-Junction,1,Not an Intersection,0,,2,On Shoulder,3,Dark - Lighted,1,Clear,0,No Additional Atmospheric Conditions,1,Clear,0,No,0000000,Not Applicable,22,10:00pm-10:59pm,39,39,22,10:00pm-10:59pm,52,52,23,11:00pm-11:59pm,32,32,0,,0,,0,,1,1
41,Oregon,410054,2,2,0,0,2,2,0,47,MARION (47),0,NOT APPLICABLE,23,23,3,March,2017,5,Thursday,19,7:00pm-7:59pm,54,54,1,This section IS ON the NHS,1,Interstate,I-5,,1,Rural,1,Interstate,1,State Highway Agency,2639,2639,45.05636667,45.05636667,-122.9692806,-122.96928056,0,No Special Jurisdiction,12,Motor Vehicle In-Transport,11,Other,0,No,1,Non-Junction,1,Not an Intersection,0,,1,On Roadway,2,Dark - Not Lighted,2,Rain,0,No Additional Atmospheric Conditions,2,Rain,0,No,0000000,Not Applicable,19,7:00pm-7:59pm,54,54,19,7:00pm-7:59pm,58,58,99,Unknown,99,Unknown EMS Hospital Arrival Time,0,,0,,0,,1,0
41,Oregon,410055,2,2,0,0,2,2,0,19,DOUGLAS (19),1780,ROSEBURG,19,19,3,March,2017,1,Sunday,3,3:00am-3:59am,8,8,1,This section IS ON the NHS,1,Interstate,I-5,,2,Urban,1,Interstate,1,State Highway Agency,1240,1240,43.21222778,43.21222778,-123.3548639,-123.35486389,0,No Special Jurisdiction,12,Motor Vehicle In-Transport,2,Front-to-Front,1,Yes,18,Through Roadway,1,Not an Intersection,0,,1,On Roadway,3,Dark - Lighted,10,Cloudy,0,No Additional Atmospheric Conditions,10,Cloudy,0,No,0000000,Not Applicable,3,3:00am-3:59am,6,6,3,3:00am-3:59am,11,11,88,Not Applicable (Not Transported),88,Not Applicable (Not Transported),0,,0,,0,,2,1
41,Oregon,410056,2,2,0,0,3,3,0,33,JOSEPHINE (33),0,NOT APPLICABLE,18,18,3,March,2017,7,Saturday,20,8:00pm-8:59pm,20,20,1,This section IS ON the NHS,1,Interstate,I-5,,2,Urban,1,Interstate,1,State Highway Agency,590,590,42.47338611,42.47338611,-123.3425861,-123.34258611,0,No Special Jurisdiction,12,Motor Vehicle In-Transport,1,Front-to-Rear,0,No,1,Non-Junction,1,Not an Intersection,0,,1,On Roadway,2,Dark - Not Lighted,2,Rain,0,No Additional Atmospheric Conditions,2,Rain,0,No,0000000,Not Applicable,20,8:00pm-8:59pm,21,21,20,8:00pm-8:59pm,28,28,21,9:00pm-9:59pm,7,7,0,,0,,0,,1,1
41,Oregon,410057,1,1,0,1,1,1,1,59,UMATILLA (59),990,HERMISTON,3,3,4,April,2017,2,Monday,20,8:00pm-8:59pm,18,18,1,This section IS ON the NHS,3,State Highway,SR-395 ODOT 54,SR-333 ODOT 333,2,Urban,3,Principal Arterial - Other,1,State Highway Agency,48,48,45.84958611,45.84958611,-119.2901694,-119.29016944,9,Unknown,9,Pedalcyclist,0,Not a Collision with Motor Vehicle In-Transport,0,No,3,Intersection-Related,2,Four-Way Intersection,0,,1,On Roadway,3,Dark - Lighted,1,Clear,0,No Additional Atmospheric Conditions,1,Clear,0,No,0000000,Not Applicable,20,8:00pm-8:59pm,18,18,20,8:00pm-8:59pm,18,18,88,Not Applicable (Not Transported),88,Not Applicable (Not Transported),0,,0,,0,,1,0
41,Oregon,410058,1,1,0,0,1,1,0,35,KLAMATH (35),0,NOT APPLICABLE,6,6,4,April,2017,5,Thursday,2,2:00am-2:59am,0,0,1,This section IS ON the NHS,2,U.S. Highway,US-97 ODOT 4,,2,Urban,3,Principal Arterial - Other,1,State Highway Agency,2712,2712,42.269425,42.269425,-121.8106472,-121.81064722,0,No Special Jurisdiction,43,Other Fixed Object,0,Not a Collision with Motor Vehicle In-Transport,0,No,1,Non-Junction,1,Not an Intersection,0,,4,On Roadside,2,Dark - Not Lighted,2,Rain,0,No Additional Atmospheric Conditions,2,Rain,0,No,0000000,Not Applicable,2,2:00am-2:59am,0,0,2,2:00am-2:59am,5,5,88,Not Applicable (Not Transported),88,Not Applicable (Not Transported),0,,0,,0,,1,1
41,Oregon,410059,3,2,1,0,2,2,0,51,MULTNOMAH (51),1650,PORTLAND,19,19,3,March,2017,1,Sunday,21,9:00pm-9:59pm,42,42,0,This section IS NOT on the NHS,6,Local Street - Municipality,NE 57TH AVE,,2,Urban,5,Major Collector,4,City or Municipal Highway Agency,0,,45.54022778,45.54022778,-122.6045944,-122.60459444,0,No Special Jurisdiction,12,Motor Vehicle In-Transport,6,Angle,0,No,1,Non-Junction,1,Not an Intersection,0,,1,On Roadway,2,Dark - Not Lighted,98,Not Reported,0,No Additional Atmospheric Conditions,98,Not Reported,0,No,0000000,Not Applicable,99,Unknown,99,Unknown,99,Unknown EMS Scene Arrival Hour,99,Unknown EMS Scene Arrival Minutes,88,Not Applicable (Not Transported),88,Not Applicable (Not Transported),0,,0,,0,,1,1
41,Oregon,410060,5,5,0,0,5,5,0,51,MULTNOMAH (51),0,NOT APPLICABLE,22,22,3,March,2017,4,Wednesday,9,9:00am-9:59am,55,55,1,This section IS ON the NHS,2,U.S. Highway,US-30 ODOT 92,,2,Urban,3,Principal Arterial - Other,1,State Highway Agency,105,105,45.62403333,45.62403333,-122.8149028,-122.81490278,0,No Special Jurisdiction,12,Motor Vehicle In-Transport,2,Front-to-Front,0,No,1,Non-Junction,1,Not an Intersection,0,,1,On Roadway,1,Daylight,2,Rain,0,No Additional Atmospheric Conditions,2,Rain,0,No,0000000,Not Applicable,9,9:00am-9:59am,55,55,9,9:00am-9:59am,56,56,10,10:00am-10:59am,40,40,0,,0,,0,,1,0
41,Oregon,410061,1,1,0,1,1,1,1,7,CLATSOP (7),0,NOT APPLICABLE,14,14,3,March,2017,3,Tuesday,6,6:00am-6:59am,58,58,1,This section IS ON the NHS,2,U.S. Highway,US-26 ODOT 47,,1,Rural,3,Principal Arterial - Other,1,State Highway Agency,180,180,45.8864,45.8864,-123.6136722,-123.61367222,0,No Special Jurisdiction,8,Pedestrian,0,Not a Collision with Motor Vehicle In-Transport,0,No,1,Non-Junction,1,Not an Intersection,0,,1,On Roadway,2,Dark - Not Lighted,10,Cloudy,0,No Additional Atmospheric Conditions,10,Cloudy,0,No,0000000,Not Applicable,6,6:00am-6:59am,58,58,7,7:00am-7:59am,20,20,88,Not Applicable (Not Transported),88,Not Applicable (Not Transported),0,,0,,0,,1,0
41,Oregon,410062,2,2,0,0,4,4,0,17,DESCHUTES (17),0,NOT APPLICABLE,24,24,3,March,2017,6,Friday,13,1:00pm-1:59pm,40,40,1,This section IS ON the NHS,2,U.S. Highway,US-20 ODOT 7,,1,Rural,3,Principal Arterial - Other,1,State Highway Agency,427,427,43.81310278,43.81310278,-120.6007639,-120.60076389,0,No Special Jurisdiction,12,Motor Vehicle In-Transport,2,Front-to-Front,0,No,8,Driveway Access Related,1,Not an Intersection,0,,1,On Roadway,1,Daylight,1,Clear,0,No Additional Atmospheric Conditions,1,Clear,0,No,0000000,Not Applicable,13,1:00pm-1:59pm,44,44,14,2:00pm-2:59pm,24,24,99,Unknown,99,Unknown EMS Hospital Arrival Time,0,,0,,0,,1,0
41,Oregon,410063,3,3,0,0,3,3,0,59,UMATILLA (59),0,NOT APPLICABLE,28,28,3,March,2017,3,Tuesday,13,1:00pm-1:59pm,14,14,1,This section IS ON the NHS,3,State Highway,SR-11 ODOT 8,,1,Rural,3,Principal Arterial - Other,1,State Highway Agency,80,80,45.73208889,45.73208889,-118.6169806,-118.61698056,0,No Special Jurisdiction,12,Motor Vehicle In-Transport,6,Angle,0,No,1,Non-Junction,1,Not an Intersection,0,,1,On Roadway,1,Daylight,10,Cloudy,0,No Additional Atmospheric Conditions,10,Cloudy,0,No,0000000,Not Applicable,13,1:00pm-1:59pm,16,16,13,1:00pm-1:59pm,27,27,88,Not Applicable (Not Transported),88,Not Applicable (Not Transported),0,,0,,0,,1,0
41,Oregon,410064,1,1,0,0,1,1,0,5,CLACKAMAS (5),0,NOT APPLICABLE,25,25,3,March,2017,7,Saturday,19,7:00pm-7:59pm,15,15,0,This section IS NOT on the NHS,4,County Road,CR-S KROPF RD,,1,Rural,5,Major Collector,2,County Highway Agency,27,27,45.10931111,45.10931111,-122.681325,-122.681325,0,No Special Jurisdiction,34,Ditch,0,Not a Collision with Motor Vehicle In-Transport,0,No,1,Non-Junction,1,Not an Intersection,0,,4,On Roadside,1,Daylight,10,Cloudy,0,No Additional Atmospheric Conditions,10,Cloudy,0,No,0000000,Not Applicable,19,7:00pm-7:59pm,15,15,19,7:00pm-7:59pm,30,30,88,Not Applicable (Not Transported),88,Not Applicable (Not Transported),0,,0,,0,,1,1
41,Oregon,410065,2,2,0,0,2,2,0,25,HARNEY (25),0,NOT APPLICABLE,5,5,4,April,2017,4,Wednesday,9,9:00am-9:59am,10,10,0,This section IS NOT on the NHS,3,State Highway,SR-78 ODOT 442,CR-S NEWTON RD,1,Rural,4,Minor Arterial,1,State Highway Agency,217,217,43.43927778,43.43927778,-118.7083028,-118.70830278,0,No Special Jurisdiction,12,Motor Vehicle In-Transport,6,Angle,0,No,2,Intersection,3,T-Intersection,0,,1,On Roadway,1,Daylight,10,Cloudy,0,No Additional Atmospheric Conditions,10,Cloudy,0,No,0000000,Not Applicable,9,9:00am-9:59am,12,12,9,9:00am-9:59am,31,31,88,Not Applicable (Not Transported),88,Not Applicable (Not Transported),0,,0,,0,,1,0
41,Oregon,410066,1,1,0,0,2,2,0,39,LANE (39),0,NOT APPLICABLE,6,6,4,April,2017,5,Thursday,3,3:00am-3:59am,30,30,0,This section IS NOT on the NHS,4,County Road,CR-MARCOLA RD,,1,Rural,5,Major Collector,2,County Highway Agency,133,133,44.19477778,44.19477778,-122.8382528,-122.83825278,0,No Special Jurisdiction,58,Ground,0,Not a Collision with Motor Vehicle In-Transport,0,No,1,Non-Junction,1,Not an Intersection,0,,4,On Roadside,2,Dark - Not Lighted,10,Cloudy,0,No Additional Atmospheric Conditions,10,Cloudy,0,No,0000000,Not Applicable,3,3:00am-3:59am,30,30,3,3:00am-3:59am,44,44,99,Unknown,99,Unknown EMS Hospital Arrival Time,0,,0,,0,,1,1
41,Oregon,410067,1,1,0,0,2,2,0,39,LANE (39),0,NOT APPLICABLE,7,7,4,April,2017,6,Friday,14,2:00pm-2:59pm,33,33,1,This section IS ON the NHS,3,State Highway,SR-58 ODOT 18,,1,Rural,3,Principal Arterial - Other,1,State Highway Agency,528,528,43.641725,43.641725,-122.1817472,-122.18174722,0,No Special Jurisdiction,43,Other Fixed Object,0,Not a Collision with Motor Vehicle In-Transport,0,No,1,Non-Junction,1,Not an Intersection,0,,4,On Roadside,1,Daylight,10,Cloudy,0,No Additional Atmospheric Conditions,10,Cloudy,0,No,0000000,Not Applicable,2,2:00am-2:59am,38,38,3,3:00am-3:59am,5,5,99,Unknown,99,Unknown EMS Hospital Arrival Time,0,,0,,0,,1,0
41,Oregon,410068,1,1,0,0,1,1,0,43,LINN (43),0,NOT APPLICABLE,3,3,3,March,2017,6,Friday,4,4:00am-4:59am,37,37,0,This section IS NOT on the NHS,4,County Road,CR-SE THREE LAKES RD,,2,Urban,5,Major Collector,2,County Highway Agency,14,14,44.60646389,44.60646389,-123.0583917,-123.05839167,0,No Special Jurisdiction,1,Rollover/Overturn,0,Not a Collision with Motor Vehicle In-Transport,0,No,1,Non-Junction,1,Not an Intersection,0,,5,Outside Trafficway,1,Daylight,98,Not Reported,0,No Additional Atmospheric Conditions,98,Not Reported,0,No,0000000,Not Applicable,7,7:00am-7:59am,19,19,7,7:00am-7:59am,24,24,99,Unknown,99,Unknown EMS Hospital Arrival Time,0,,0,,0,,1,0
41,Oregon,410069,1,1,0,0,1,1,0,31,JEFFERSON (31),0,NOT APPLICABLE,20,20,3,March,2017,2,Monday,18,6:00pm-6:59pm,10,10,0,This section IS NOT on the NHS,4,County Road,CR-N ADAMS DR,,1,Rural,7,Local,2,County Highway Agency,9,9,44.6793,44.6793,-121.1281806,-121.12818056,0,No Special Jurisdiction,1,Rollover/Overturn,0,Not a Collision with Motor Vehicle In-Transport,0,No,1,Non-Junction,1,Not an Intersection,0,,2,On Shoulder,1,Daylight,10,Cloudy,0,No Additional Atmospheric Conditions,10,Cloudy,0,No,0000000,Not Applicable,99,Unknown,99,Unknown,99,Unknown EMS Scene Arrival Hour,99,Unknown EMS Scene Arrival Minutes,99,Unknown,99,Unknown EMS Hospital Arrival Time,0,,0,,0,,1,1
41,Oregon,410070,2,2,0,0,2,2,0,5,CLACKAMAS (5),335,CLACKAMAS,26,26,3,March,2017,1,Sunday,22,10:00pm-10:59pm,46,46,1,This section IS ON the NHS,1,Interstate,I-205,,2,Urban,1,Interstate,1,State Highway Agency,136,136,45.41868611,45.41868611,-122.5740667,-122.57406667,0,No Special Jurisdiction,12,Motor Vehicle In-Transport,2,Front-to-Front,0,No,1,Non-Junction,1,Not an Intersection,0,,1,On Roadway,2,Dark - Not Lighted,2,Rain,0,No Additional Atmospheric Conditions,2,Rain,0,No,0000000,Not Applicable,22,10:00pm-10:59pm,46,46,22,10:00pm-10:59pm,57,57,99,Unknown,99,Unknown EMS Hospital Arrival Time,0,,0,,0,,1,1
41,Oregon,410071,2,2,0,0,4,4,0,17,DESCHUTES (17),0,NOT APPLICABLE,30,30,3,March,2017,5,Thursday,10,10:00am-10:59am,19,19,0,This section IS NOT on the NHS,3,State Highway,SR-372 ODOT 372,,1,Rural,4,Minor Arterial,1,State Highway Agency,210,210,43.98665833,43.98665833,-121.6465444,-121.64654444,0,No Special Jurisdiction,12,Motor Vehicle In-Transport,6,Angle,0,No,1,Non-Junction,1,Not an Intersection,0,,1,On Roadway,1,Daylight,4,Snow,0,No Additional Atmospheric Conditions,4,Snow,0,No,0000000,Not Applicable,10,10:00am-10:59am,20,20,10,10:00am-10:59am,48,48,99,Unknown,99,Unknown EMS Hospital Arrival Time,0,,0,,0,,1,0
41,Oregon,410072,2,2,0,0,3,3,0,53,POLK (53),0,NOT APPLICABLE,14,14,4,April,2017,6,Friday,5,5:00am-5:59am,15,15,1,This section IS ON the NHS,3,State Highway,SR-22 ODOT 30,,1,Rural,3,Principal Arterial - Other,1,State Highway Agency,132,132,44.95556111,44.95556111,-123.2765667,-123.27656667,0,No Special Jurisdiction,12,Motor Vehicle In-Transport,6,Angle,0,No,1,Non-Junction,1,Not an Intersection,0,,1,On Roadway,2,Dark - Not Lighted,2,Rain,0,No Additional Atmospheric Conditions,2,Rain,0,No,0000000,Not Applicable,6,6:00am-6:59am,23,23,6,6:00am-6:59am,30,30,88,Not Applicable (Not Transported),88,Not Applicable (Not Transported),0,,0,,0,,1,0
41,Oregon,410073,2,2,0,0,6,6,0,47,MARION (47),1810,SALEM,15,15,4,April,2017,7,Saturday,0,0:00am-0:59am,0,0,1,This section IS ON the NHS,3,State Highway,SR-99 ODOT 81,,2,Urban,3,Principal Arterial - Other,1,State Highway Agency,459,459,44.98555278,44.98555278,-122.9917667,-122.99176667,0,No Special Jurisdiction,12,Motor Vehicle In-Transport,1,Front-to-Rear,0,No,1,Non-Junction,1,Not an Intersection,0,,1,On Roadway,3,Dark - Lighted,1,Clear,0,No Additional Atmospheric Conditions,1,Clear,0,No,0000000,Not Applicable,99,Unknown,99,Unknown,99,Unknown EMS Scene Arrival Hour,99,Unknown EMS Scene Arrival Minutes,99,Unknown,99,Unknown EMS Hospital Arrival Time,0,,0,,0,,1,0
41,Oregon,410074,2,2,0,0,3,3,0,71,YAMHILL (71),0,NOT APPLICABLE,15,15,4,April,2017,7,Saturday,15,3:00pm-3:59pm,19,19,1,This section IS ON the NHS,3,State Highway,SR-18 ODOT 39,,2,Urban,3,Principal Arterial - Other,1,State Highway Agency,490,490,45.20458056,45.20458056,-123.1219917,-123.12199167,0,No Special Jurisdiction,12,Motor Vehicle In-Transport,2,Front-to-Front,0,No,1,Non-Junction,1,Not an Intersection,0,,1,On Roadway,1,Daylight,1,Clear,0,No Additional Atmospheric Conditions,1,Clear,0,No,0000000,Not Applicable,15,3:00pm-3:59pm,19,19,15,3:00pm-3:59pm,26,26,99,Unknown,99,Unknown EMS Hospital Arrival Time,0,,0,,0,,2,0
41,Oregon,410075,3,3,0,0,4,4,0,17,DESCHUTES (17),0,NOT APPLICABLE,8,8,1,January,2017,1,Sunday,14,2:00pm-2:59pm,43,43,1,This section IS ON the NHS,2,U.S. Highway,US-97 ODOT 4,,1,Rural,3,Principal Arterial - Other,1,State Highway Agency,1617,1617,43.75295278,43.75295278,-121.459575,-121.459575,0,No Special Jurisdiction,12,Motor Vehicle In-Transport,6,Angle,0,No,1,Non-Junction,1,Not an Intersection,0,,1,On Roadway,1,Daylight,4,Snow,0,No Additional Atmospheric Conditions,4,Snow,0,No,0000000,Not Applicable,14,2:00pm-2:59pm,44,44,14,2:00pm-2:59pm,52,52,88,Not Applicable (Not Transported),88,Not Applicable (Not Transported),0,,0,,0,,1,0
41,Oregon,410076,1,1,0,1,1,1,1,39,LANE (39),0,NOT APPLICABLE,31,31,1,January,2017,3,Tuesday,13,1:00pm-1:59pm,35,35,1,This section IS ON the NHS,3,State Highway,SR-126 ODOT 62,,1,Rural,3,Principal Arterial - Other,1,State Highway Agency,112,112,44.01910833,44.01910833,-123.9115778,-123.91157778,0,No Special Jurisdiction,8,Pedestrian,0,Not a Collision with Motor Vehicle In-Transport,0,No,1,Non-Junction,1,Not an Intersection,0,,1,On Roadway,1,Daylight,10,Cloudy,0,No Additional Atmospheric Conditions,10,Cloudy,0,No,0000000,Not Applicable,99,Unknown,99,Unknown,99,Unknown EMS Scene Arrival Hour,99,Unknown EMS Scene Arrival Minutes,88,Not Applicable (Not Transported),88,Not Applicable (Not Transported),0,,0,,0,,1,0
41,Oregon,410077,1,1,0,0,1,1,0,51,MULTNOMAH (51),1650,PORTLAND,21,21,3,March,2017,3,Tuesday,16,4:00pm-4:59pm,19,19,0,This section IS NOT on the NHS,6,Local Street - Municipality,SE 92ND AVE,SE STEELE ST,2,Urban,5,Major Collector,4,City or Municipal Highway Agency,0,,45.48461944,45.48461944,-122.5685944,-122.56859444,0,No Special Jurisdiction,1,Rollover/Overturn,0,Not a Collision with Motor Vehicle In-Transport,0,No,3,Intersection-Related,3,T-Intersection,0,,1,On Roadway,1,Daylight,10,Cloudy,0,No Additional Atmospheric Conditions,10,Cloudy,0,No,0000000,Not Applicable,16,4:00pm-4:59pm,38,38,16,4:00pm-4:59pm,52,52,17,5:00pm-5:59pm,22,22,0,,0,,0,,1,0
41,Oregon,410078,1,1,0,0,1,1,0,11,COOS (11),0,NOT APPLICABLE,16,16,4,April,2017,1,Sunday,4,4:00am-4:59am,16,16,1,This section IS ON the NHS,3,State Highway,SR-42 ODOT 35,,1,Rural,3,Principal Arterial - Other,1,State Highway Agency,62,62,43.15930556,43.15930556,-124.1780944,-124.17809444,0,No Special Jurisdiction,42,Tree (Standing Only),0,Not a Collision with Motor Vehicle In-Transport,0,No,1,Non-Junction,1,Not an Intersection,0,,4,On Roadside,2,Dark - Not Lighted,10,Cloudy,0,No Additional Atmospheric Conditions,10,Cloudy,0,No,0000000,Not Applicable,4,4:00am-4:59am,17,17,4,4:00am-4:59am,28,28,88,Not Applicable (Not Transported),88,Not Applicable (Not Transported),0,,0,,0,,1,1
41,Oregon,410079,1,1,0,0,1,1,0,17,DESCHUTES (17),0,NOT APPLICABLE,20,20,4,April,2017,5,Thursday,13,1:00pm-1:59pm,25,25,1,This section IS ON the NHS,2,U.S. Highway,US-20 ODOT 7,,1,Rural,3,Principal Arterial - Other,1,State Highway Agency,460,460,43.80238611,43.80238611,-120.5618028,-120.56180278,0,No Special Jurisdiction,58,Ground,0,Not a Collision with Motor Vehicle In-Transport,0,No,1,Non-Junction,1,Not an Intersection,0,,4,On Roadside,1,Daylight,10,Cloudy,0,No Additional Atmospheric Conditions,10,Cloudy,0,No,0000000,Not Applicable,13,1:00pm-1:59pm,25,25,14,2:00pm-2:59pm,10,10,88,Not Applicable (Not Transported),88,Not Applicable (Not Transported),0,,0,,0,,1,0
41,Oregon,410080,2,2,0,0,2,2,0,51,MULTNOMAH (51),1650,PORTLAND,21,21,4,April,2017,6,Friday,23,11:00pm-11:59pm,41,41,1,This section IS ON the NHS,2,U.S. Highway,US-26 ODOT 26,SE 37TH AVE,2,Urban,3,Principal Arterial - Other,1,State Highway Agency,28,28,45.49714722,45.49714722,-122.6248833,-122.62488333,0,No Special Jurisdiction,12,Motor Vehicle In-Transport,6,Angle,0,No,2,Intersection,3,T-Intersection,0,,1,On Roadway,3,Dark - Lighted,1,Clear,0,No Additional Atmospheric Conditions,1,Clear,0,No,0000000,Not Applicable,23,11:00pm-11:59pm,41,41,99,Unknown EMS Scene Arrival Hour,99,Unknown EMS Scene Arrival Minutes,88,Not Applicable (Not Transported),88,Not Applicable (Not Transported),0,,0,,0,,1,0
41,Oregon,410081,1,1,0,0,1,1,0,11,COOS (11),0,NOT APPLICABLE,16,16,4,April,2017,1,Sunday,16,4:00pm-4:59pm,29,29,1,This section IS ON the NHS,2,U.S. Highway,US-101 ODOT 9,,1,Rural,3,Principal Arterial - Other,1,State Highway Agency,2432,2432,43.30560556,43.30560556,-124.2119583,-124.21195833,0,No Special Jurisdiction,35,Embankment,0,Not a Collision with Motor Vehicle In-Transport,0,No,1,Non-Junction,1,Not an Intersection,0,,4,On Roadside,1,Daylight,10,Cloudy,0,No Additional Atmospheric Conditions,10,Cloudy,0,No,0000000,Not Applicable,16,4:00pm-4:59pm,29,29,16,4:00pm-4:59pm,34,34,88,Not Applicable (Not Transported),88,Not Applicable (Not Transported),0,,0,,0,,1,0
41,Oregon,410082,2,2,0,0,4,4,0,35,KLAMATH (35),0,NOT APPLICABLE,17,17,4,April,2017,2,Monday,7,7:00am-7:59am,14,14,1,This section IS ON the NHS,3,State Highway,SR-58 ODOT 18,,1,Rural,3,Principal Arterial - Other,1,State Highway Agency,668,668,43.56500278,43.56500278,-121.9656444,-121.96564444,0,No Special Jurisdiction,12,Motor Vehicle In-Transport,6,Angle,0,No,1,Non-Junction,1,Not an Intersection,0,,1,On Roadway,1,Daylight,4,Snow,0,No Additional Atmospheric Conditions,4,Snow,0,No,0000000,Not Applicable,7,7:00am-7:59am,14,14,7,7:00am-7:59am,38,38,99,Unknown,99,Unknown EMS Hospital Arrival Time,0,,0,,0,,1,0
41,Oregon,410083,1,1,0,1,1,1,1,43,LINN (43),0,NOT APPLICABLE,19,19,4,April,2017,4,Wednesday,0,0:00am-0:59am,15,15,1,This section IS ON the NHS,3,State Highway,SR-34 ODOT 210,,1,Rural,3,Principal Arterial - Other,1,State Highway Agency,25,25,44.56406944,44.56406944,-123.2079917,-123.20799167,0,No Special Jurisdiction,8,Pedestrian,0,Not a Collision with Motor Vehicle In-Transport,0,No,1,Non-Junction,1,Not an Intersection,0,,1,On Roadway,3,Dark - Lighted,1,Clear,0,No Additional Atmospheric Conditions,1,Clear,0,No,0000000,Not Applicable,0,0:00am-0:59am,15,15,0,0:00am-0:59am,20,20,88,Not Applicable (Not Transported),88,Not Applicable (Not Transported),0,,0,,0,,1,0
41,Oregon,410084,2,2,0,0,2,2,0,35,KLAMATH (35),1170,KLAMATH FALLS,1,1,5,May,2017,2,Monday,19,7:00pm-7:59pm,9,9,0,This section IS NOT on the NHS,6,Local Street - Municipality,SHELLEY ST,LANCASTER AVE,2,Urban,7,Local,4,City or Municipal Highway Agency,0,,42.23792222,42.23792222,-121.783,-121.783,0,No Special Jurisdiction,12,Motor Vehicle In-Transport,6,Angle,0,No,2,Intersection,2,Four-Way Intersection,0,,1,On Roadway,1,Daylight,10,Cloudy,0,No Additional Atmospheric Conditions,10,Cloudy,0,No,0000000,Not Applicable,19,7:00pm-7:59pm,9,9,19,7:00pm-7:59pm,13,13,19,7:00pm-7:59pm,26,26,0,,0,,0,,1,1
41,Oregon,410085,2,1,1,0,1,1,0,47,MARION (47),0,NOT APPLICABLE,5,5,5,May,2017,6,Friday,0,0:00am-0:59am,41,41,1,This section IS ON the NHS,1,Interstate,I-5 RAMP,,1,Rural,1,Interstate,1,State Highway Agency,2415,2415,44.74629722,44.74629722,-123.0521861,-123.05218611,0,No Special Jurisdiction,14,Parked Motor Vehicle,0,Not a Collision with Motor Vehicle In-Transport,1,Yes,5,Entrance/Exit Ramp Related,1,Not an Intersection,0,,8,Gore,3,Dark - Lighted,10,Cloudy,0,No Additional Atmospheric Conditions,10,Cloudy,0,No,0000000,Not Applicable,0,0:00am-0:59am,41,41,0,0:00am-0:59am,50,50,88,Not Applicable (Not Transported),88,Not Applicable (Not Transported),0,,0,,0,,1,1
41,Oregon,410086,1,1,0,1,1,1,1,51,MULTNOMAH (51),1650,PORTLAND,5,5,5,May,2017,6,Friday,4,4:00am-4:59am,31,31,1,This section IS ON the NHS,3,State Highway,SR-213 ODOT 68,,2,Urban,3,Principal Arterial - Other,1,State Highway Agency,68,68,45.46811667,45.46811667,-122.5790694,-122.57906944,0,No Special Jurisdiction,8,Pedestrian,0,Not a Collision with Motor Vehicle In-Transport,0,No,1,Non-Junction,1,Not an Intersection,0,,1,On Roadway,3,Dark - Lighted,10,Cloudy,0,No Additional Atmospheric Conditions,10,Cloudy,0,No,0000000,Not Applicable,4,4:00am-4:59am,32,32,4,4:00am-4:59am,39,39,4,4:00am-4:59am,58,58,0,,0,,0,,1,0
41,Oregon,410087,3,3,0,0,4,4,0,1,BAKER (1),0,NOT APPLICABLE,7,7,5,May,2017,1,Sunday,21,9:00pm-9:59pm,44,44,1,This section IS ON the NHS,1,Interstate,I-84,,1,Rural,1,Interstate,1,State Highway Agency,2898,2898,44.96493889,44.96493889,-117.8698861,-117.86988611,0,No Special Jurisdiction,12,Motor Vehicle In-Transport,8,Sideswipe - Opposite Direction,0,No,1,Non-Junction,1,Not an Intersection,0,,1,On Roadway,2,Dark - Not Lighted,1,Clear,0,No Additional Atmospheric Conditions,1,Clear,0,No,0000000,Not Applicable,21,9:00pm-9:59pm,44,44,21,9:00pm-9:59pm,50,50,88,Not Applicable (Not Transported),88,Not Applicable (Not Transported),0,,0,,0,,1,0
41,Oregon,410088,2,2,0,0,2,2,0,29,JACKSON (29),0,NOT APPLICABLE,9,9,5,May,2017,3,Tuesday,9,9:00am-9:59am,45,45,1,This section IS ON the NHS,3,State Highway,SR-140 ODOT 270,KERSHAW RD,2,Urban,3,Principal Arterial - Other,1,State Highway Agency,22,22,42.42376944,42.42376944,-122.8069944,-122.80699444,0,No Special Jurisdiction,12,Motor Vehicle In-Transport,6,Angle,0,No,2,Intersection,2,Four-Way Intersection,0,,1,On Roadway,1,Daylight,1,Clear,0,No Additional Atmospheric Conditions,1,Clear,0,No,0000000,Not Applicable,9,9:00am-9:59am,47,47,9,9:00am-9:59am,56,56,88,Not Applicable (Not Transported),88,Not Applicable (Not Transported),0,,0,,0,,1,0
41,Oregon,410089,1,1,0,0,2,2,0,59,UMATILLA (59),0,NOT APPLICABLE,22,22,4,April,2017,7,Saturday,99,Unknown Hours,99,Unknown Minutes,0,This section IS NOT on the NHS,4,County Road,CR-RIETH RD,,1,Rural,5,Major Collector,2,County Highway Agency,179,179,45.66386389,45.66386389,-118.9669083,-118.96690833,0,No Special Jurisdiction,58,Ground,0,Not a Collision with Motor Vehicle In-Transport,0,No,1,Non-Junction,1,Not an Intersection,0,,4,On Roadside,2,Dark - Not Lighted,1,Clear,0,No Additional Atmospheric Conditions,1,Clear,0,No,0000000,Not Applicable,7,7:00am-7:59am,9,9,7,7:00am-7:59am,45,45,8,8:00am-8:59am,37,37,0,,0,,0,,1,0
41,Oregon,410090,2,2,0,0,3,3,0,29,JACKSON (29),0,NOT APPLICABLE,24,24,4,April,2017,2,Monday,13,1:00pm-1:59pm,54,54,0,This section IS NOT on the NHS,4,County Road,CR-DEAD INDIAN MEMORIAL RD,,1,Rural,5,Major Collector,2,County Highway Agency,45,45,42.23792778,42.23792778,-122.5216639,-122.52166389,0,No Special Jurisdiction,12,Motor Vehicle In-Transport,2,Front-to-Front,0,No,1,Non-Junction,1,Not an Intersection,0,,1,On Roadway,1,Daylight,10,Cloudy,2,Rain,2,Rain,0,No,0000000,Not Applicable,99,Unknown,99,Unknown,99,Unknown EMS Scene Arrival Hour,99,Unknown EMS Scene Arrival Minutes,99,Unknown,99,Unknown EMS Hospital Arrival Time,0,,0,,0,,1,1
41,Oregon,410091,1,1,0,0,1,1,0,9,COLUMBIA (9),0,NOT APPLICABLE,26,26,4,April,2017,4,Wednesday,5,5:00am-5:59am,55,55,1,This section IS ON the NHS,2,U.S. Highway,US-30 ODOT 92,,1,Rural,3,Principal Arterial - Other,1,State Highway Agency,596,596,46.10302222,46.10302222,-123.1670694,-123.16706944,0,No Special Jurisdiction,42,Tree (Standing Only),0,Not a Collision with Motor Vehicle In-Transport,0,No,1,Non-Junction,1,Not an Intersection,0,,4,On Roadside,2,Dark - Not Lighted,2,Rain,0,No Additional Atmospheric Conditions,2,Rain,0,No,0000000,Not Applicable,5,5:00am-5:59am,55,55,6,6:00am-6:59am,5,5,88,Not Applicable (Not Transported),88,Not Applicable (Not Transported),0,,0,,0,,1,0
41,Oregon,410092,1,1,0,0,2,2,0,61,UNION (61),0,NOT APPLICABLE,26,26,4,April,2017,4,Wednesday,14,2:00pm-2:59pm,57,57,1,This section IS ON the NHS,1,Interstate,I-84,,1,Rural,1,Interstate,1,State Highway Agency,2770,2770,45.10957222,45.10957222,-117.9573694,-117.95736944,0,No Special Jurisdiction,24,Guardrail Face,0,Not a Collision with Motor Vehicle In-Transport,0,No,1,Non-Junction,1,Not an Intersection,0,,3,On Median,1,Daylight,2,Rain,0,No Additional Atmospheric Conditions,2,Rain,0,No,0000000,Not Applicable,14,2:00pm-2:59pm,59,59,15,3:00pm-3:59pm,15,15,15,3:00pm-3:59pm,52,52,0,,0,,0,,1,0
41,Oregon,410093,1,1,0,1,1,1,1,51,MULTNOMAH (51),1650,PORTLAND,26,26,4,April,2017,4,Wednesday,4,4:00am-4:59am,26,26,0,This section IS NOT on the NHS,6,Local Street - Municipality,SE 92ND AVE,SE FOSTER RD,2,Urban,4,Minor Arterial,4,City or Municipal Highway Agency,0,,45.4798,45.4798,-122.5686194,-122.56861944,0,No Special Jurisdiction,8,Pedestrian,0,Not a Collision with Motor Vehicle In-Transport,0,No,3,Intersection-Related,2,Four-Way Intersection,0,,1,On Roadway,3,Dark - Lighted,2,Rain,0,No Additional Atmospheric Conditions,2,Rain,0,No,0000000,Not Applicable,99,Unknown,99,Unknown,99,Unknown EMS Scene Arrival Hour,99,Unknown EMS Scene Arrival Minutes,99,Unknown,99,Unknown EMS Hospital Arrival Time,0,,0,,0,,1,0
41,Oregon,410094,1,1,0,0,2,2,0,11,COOS (11),1198,LAKESIDE,30,30,4,April,2017,1,Sunday,15,3:00pm-3:59pm,22,22,1,This section IS ON the NHS,2,U.S. Highway,US-101 ODOT 9,,1,Rural,3,Principal Arterial - Other,1,State Highway Agency,2220,2220,43.58978056,43.58978056,-124.1833167,-124.18331667,0,No Special Jurisdiction,42,Tree (Standing Only),0,Not a Collision with Motor Vehicle In-Transport,0,No,1,Non-Junction,1,Not an Intersection,0,,5,Outside Trafficway,1,Daylight,1,Clear,0,No Additional Atmospheric Conditions,1,Clear,0,No,0000000,Not Applicable,15,3:00pm-3:59pm,26,26,15,3:00pm-3:59pm,29,29,99,Unknown,99,Unknown EMS Hospital Arrival Time,0,,0,,0,,1,1
41,Oregon,410095,1,1,0,1,1,1,1,51,MULTNOMAH (51),1650,PORTLAND,30,30,4,April,2017,1,Sunday,21,9:00pm-9:59pm,51,51,1,This section IS ON the NHS,6,Local Street - Municipality,NE KILLINGSORTH ST ODOT 123,,2,Urban,3,Principal Arterial - Other,4,City or Municipal Highway Agency,100,100,45.56265,45.56265,-122.5855417,-122.58554167,0,No Special Jurisdiction,8,Pedestrian,0,Not a Collision with Motor Vehicle In-Transport,0,No,1,Non-Junction,1,Not an Intersection,0,,1,On Roadway,3,Dark - Lighted,1,Clear,0,No Additional Atmospheric Conditions,1,Clear,0,No,0000000,Not Applicable,21,9:00pm-9:59pm,52,52,21,9:00pm-9:59pm,55,55,22,10:00pm-10:59pm,29,29,0,,0,,0,,1,0
41,Oregon,410096,1,1,0,0,1,1,0,39,LANE (39),0,NOT APPLICABLE,14,14,5,May,2017,1,Sunday,19,7:00pm-7:59pm,20,20,1,This section IS ON the NHS,3,State Highway,SR-126E ODOT 15,,2,Urban,3,Principal Arterial - Other,1,State Highway Agency,107,107,44.05337778,44.05337778,-122.8441222,-122.84412222,0,No Special Jurisdiction,42,Tree (Standing Only),0,Not a Collision with Motor Vehicle In-Transport,0,No,1,Non-Junction,1,Not an Intersection,0,,4,On Roadside,1,Daylight,10,Cloudy,0,No Additional Atmospheric Conditions,10,Cloudy,0,No,0000000,Not Applicable,19,7:00pm-7:59pm,21,21,19,7:00pm-7:59pm,36,36,88,Not Applicable (Not Transported),88,Not Applicable (Not Transported),0,,0,,0,,1,1
41,Oregon,410097,3,3,0,0,3,3,0,39,LANE (39),0,NOT APPLICABLE,17,17,5,May,2017,4,Wednesday,13,1:00pm-1:59pm,21,21,1,This section IS ON the NHS,3,State Highway,SR-126W ODOT 62,,1,Rural,3,Principal Arterial - Other,1,State Highway Agency,510,510,44.05261667,44.05261667,-123.2658361,-123.26583611,0,No Special Jurisdiction,12,Motor Vehicle In-Transport,2,Front-to-Front,0,No,1,Non-Junction,1,Not an Intersection,0,,1,On Roadway,1,Daylight,10,Cloudy,0,No Additional Atmospheric Conditions,10,Cloudy,0,No,0000000,Not Applicable,13,1:00pm-1:59pm,21,21,13,1:00pm-1:59pm,30,30,99,Unknown,99,Unknown EMS Hospital Arrival Time,0,,0,,0,,1,0
41,Oregon,410098,2,2,0,0,2,2,0,67,WASHINGTON (67),0,NOT APPLICABLE,9,9,5,May,2017,3,Tuesday,14,2:00pm-2:59pm,36,36,0,This section IS NOT on the NHS,3,State Highway,SR-6 ODOT 37,,1,Rural,4,Minor Arterial,1,State Highway Agency,350,350,45.64408056,45.64408056,-123.3501139,-123.35011389,0,No Special Jurisdiction,12,Motor Vehicle In-Transport,2,Front-to-Front,0,No,1,Non-Junction,1,Not an Intersection,0,,1,On Roadway,1,Daylight,1,Clear,0,No Additional Atmospheric Conditions,1,Clear,0,No,0000000,Not Applicable,14,2:00pm-2:59pm,36,36,14,2:00pm-2:59pm,50,50,99,Unknown,99,Unknown EMS Hospital Arrival Time,0,,0,,0,,1,0
41,Oregon,410099,1,1,0,0,1,1,0,65,WASCO (65),0,NOT APPLICABLE,10,10,5,May,2017,4,Wednesday,13,1:00pm-1:59pm,18,18,1,This section IS ON the NHS,1,Interstate,I-84,,1,Rural,1,Interstate,1,State Highway Agency,914,914,45.64246389,45.64246389,-121.0784639,-121.07846389,0,No Special Jurisdiction,24,Guardrail Face,0,Not a Collision with Motor Vehicle In-Transport,0,No,1,Non-Junction,1,Not an Intersection,0,,4,On Roadside,1,Daylight,1,Clear,0,No Additional Atmospheric Conditions,1,Clear,0,No,0000000,Not Applicable,13,1:00pm-1:59pm,22,22,13,1:00pm-1:59pm,30,30,99,Unknown,99,Unknown EMS Hospital Arrival Time,0,,0,,0,,1,0
41,Oregon,410100,1,1,0,0,1,1,0,19,DOUGLAS (19),0,NOT APPLICABLE,23,23,5,May,2017,3,Tuesday,11,11:00am-11:59am,28,28,1,This section IS ON the NHS,1,Interstate,I-5,,1,Rural,1,Interstate,1,State Highway Agency,1547,1547,43.61138611,43.61138611,-123.2187889,-123.21878889,0,No Special Jurisdiction,34,Ditch,0,Not a Collision with Motor Vehicle In-Transport,1,Yes,5,Entrance/Exit Ramp Related,1,Not an Intersection,0,,8,Gore,1,Daylight,1,Clear,0,No Additional Atmospheric Conditions,1,Clear,0,No,0000000,Not Applicable,11,11:00am-11:59am,30,30,11,11:00am-11:59am,36,36,88,Not Applicable (Not Transported),88,Not Applicable (Not Transported),0,,0,,0,,1,0
41,Oregon,410101,2,2,0,0,3,3,0,71,YAMHILL (71),0,NOT APPLICABLE,11,11,5,May,2017,5,Thursday,23,11:00pm-11:59pm,30,30,0,This section IS NOT on the NHS,4,County Road,CR-NW WESTSIDE RD,,1,Rural,5,Major Collector,2,County Highway Agency,0,,45.24650278,45.24650278,-123.1988556,-123.19885556,0,No Special Jurisdiction,12,Motor Vehicle In-Transport,2,Front-to-Front,0,No,1,Non-Junction,1,Not an Intersection,0,,1,On Roadway,2,Dark - Not Lighted,10,Cloudy,0,No Additional Atmospheric Conditions,10,Cloudy,0,No,0000000,Not Applicable,23,11:00pm-11:59pm,38,38,23,11:00pm-11:59pm,44,44,88,Not Applicable (Not Transported),88,Not Applicable (Not Transported),0,,0,,0,,1,1
41,Oregon,410102,1,1,0,0,1,1,0,5,CLACKAMAS (5),2253,WILSONVILLE,23,23,4,April,2017,1,Sunday,2,2:00am-2:59am,37,37,1,This section IS ON the NHS,1,Interstate,I-5,,2,Urban,1,Interstate,1,State Highway Agency,2858,2858,45.34328056,45.34328056,-122.7680056,-122.76800556,0,No Special Jurisdiction,43,Other Fixed Object,0,Not a Collision with Motor Vehicle In-Transport,0,No,1,Non-Junction,1,Not an Intersection,0,,4,On Roadside,3,Dark - Lighted,1,Clear,0,No Additional Atmospheric Conditions,1,Clear,0,No,0000000,Not Applicable,2,2:00am-2:59am,40,40,3,3:00am-3:59am,7,7,3,3:00am-3:59am,50,50,0,,0,,0,,1,1
41,Oregon,410103,1,1,0,1,1,1,1,51,MULTNOMAH (51),1650,PORTLAND,12,12,5,May,2017,6,Friday,16,4:00pm-4:59pm,46,46,1,This section IS ON the NHS,3,State Highway,SR-99 ODOT 81,,2,Urban,3,Principal Arterial - Other,1,State Highway Agency,51,51,45.59122222,45.59122222,-122.6668444,-122.66684444,0,No Special Jurisdiction,15,Non-Motorist on Personal Conveyance,0,Not a Collision with Motor Vehicle In-Transport,0,No,1,Non-Junction,1,Not an Intersection,0,,1,On Roadway,1,Daylight,10,Cloudy,0,No Additional Atmospheric Conditions,10,Cloudy,0,No,0000000,Not Applicable,16,4:00pm-4:59pm,27,27,16,4:00pm-4:59pm,32,32,16,4:00pm-4:59pm,55,55,0,,0,,0,,1,0
41,Oregon,410104,2,2,0,0,2,2,0,67,WASHINGTON (67),0,NOT APPLICABLE,19,19,5,May,2017,6,Friday,11,11:00am-11:59am,41,41,0,This section IS NOT on the NHS,3,State Highway,SR-6 ODOT 37,,1,Rural,4,Minor Arterial,1,State Highway Agency,375,375,45.65460556,45.65460556,-123.3044278,-123.30442778,0,No Special Jurisdiction,12,Motor Vehicle In-Transport,2,Front-to-Front,0,No,1,Non-Junction,1,Not an Intersection,0,,1,On Roadway,1,Daylight,1,Clear,0,No Additional Atmospheric Conditions,1,Clear,0,No,0000000,Not Applicable,11,11:00am-11:59am,42,42,11,11:00am-11:59am,57,57,88,Not Applicable (Not Transported),88,Not Applicable (Not Transported),0,,0,,0,,1,0
41,Oregon,410105,2,2,0,0,3,3,0,51,MULTNOMAH (51),670,FAIRVIEW,20,20,5,May,2017,7,Saturday,19,7:00pm-7:59pm,3,3,1,This section IS ON the NHS,1,Interstate,I-84,,2,Urban,1,Interstate,1,State Highway Agency,155,155,45.54106667,45.54106667,-122.4374639,-122.43746389,0,No Special Jurisdiction,12,Motor Vehicle In-Transport,1,Front-to-Rear,0,No,1,Non-Junction,1,Not an Intersection,0,,1,On Roadway,1,Daylight,1,Clear,0,No Additional Atmospheric Conditions,1,Clear,0,No,0000000,Not Applicable,19,7:00pm-7:59pm,4,4,19,7:00pm-7:59pm,9,9,19,7:00pm-7:59pm,48,48,0,,0,,0,,1,0
41,Oregon,410106,3,3,0,0,6,6,0,47,MARION (47),1810,SALEM,20,20,5,May,2017,7,Saturday,7,7:00am-7:59am,6,6,1,This section IS ON the NHS,3,State Highway,SR-99 ODOT 81,CHEMAWA RD NE,2,Urban,3,Principal Arterial - Other,1,State Highway Agency,445,445,45.00458889,45.00458889,-122.9764833,-122.97648333,0,No Special Jurisdiction,12,Motor Vehicle In-Transport,6,Angle,0,No,2,Intersection,2,Four-Way Intersection,0,,1,On Roadway,1,Daylight,1,Clear,0,No Additional Atmospheric Conditions,1,Clear,0,No,0000000,Not Applicable,7,7:00am-7:59am,7,7,7,7:00am-7:59am,12,12,7,7:00am-7:59am,39,39,0,,0,,0,,1,0
41,Oregon,410107,1,1,0,1,1,1,1,67,WASHINGTON (67),2065,TIGARD,21,21,5,May,2017,1,Sunday,22,10:00pm-10:59pm,24,24,1,This section IS ON the NHS,3,State Highway,SR-99 ODOT 91,,2,Urban,3,Principal Arterial - Other,1,State Highway Agency,97,97,45.42603611,45.42603611,-122.7795806,-122.77958056,0,No Special Jurisdiction,8,Pedestrian,0,Not a Collision with Motor Vehicle In-Transport,0,No,1,Non-Junction,1,Not an Intersection,0,,1,On Roadway,3,Dark - Lighted,1,Clear,0,No Additional Atmospheric Conditions,1,Clear,0,No,0000000,Not Applicable,99,Unknown,99,Unknown,99,Unknown EMS Scene Arrival Hour,99,Unknown EMS Scene Arrival Minutes,88,Not Applicable (Not Transported),88,Not Applicable (Not Transported),0,,0,,0,,1,1
41,Oregon,410108,1,1,0,0,1,1,0,7,CLATSOP (7),0,NOT APPLICABLE,19,19,5,May,2017,6,Friday,23,11:00pm-11:59pm,10,10,1,This section IS ON the NHS,2,U.S. Highway,US-101 ODOT 9,,2,Urban,3,Principal Arterial - Other,1,State Highway Agency,170,170,46.06510556,46.06510556,-123.91605,-123.91605,0,No Special Jurisdiction,1,Rollover/Overturn,0,Not a Collision with Motor Vehicle In-Transport,0,No,1,Non-Junction,1,Not an Intersection,0,,4,On Roadside,2,Dark - Not Lighted,10,Cloudy,0,No Additional Atmospheric Conditions,10,Cloudy,0,No,0000000,Not Applicable,23,11:00pm-11:59pm,15,15,23,11:00pm-11:59pm,20,20,88,Not Applicable (Not Transported),88,Not Applicable (Not Transported),0,,0,,0,,1,1
41,Oregon,410109,2,2,0,0,3,3,0,43,LINN (43),0,NOT APPLICABLE,15,15,5,May,2017,2,Monday,10,10:00am-10:59am,2,2,1,This section IS ON the NHS,2,U.S. Highway,US-20 ODOT 16,SR-22 ODOT,1,Rural,3,Principal Arterial - Other,1,State Highway Agency,750,750,44.436575,44.436575,-121.9390667,-121.93906667,0,No Special Jurisdiction,12,Motor Vehicle In-Transport,6,Angle,0,No,2,Intersection,3,T-Intersection,0,,1,On Roadway,1,Daylight,10,Cloudy,0,No Additional Atmospheric Conditions,10,Cloudy,0,No,0000000,Not Applicable,10,10:00am-10:59am,5,5,10,10:00am-10:59am,15,15,88,Not Applicable (Not Transported),88,Not Applicable (Not Transported),0,,0,,0,,1,0
41,Oregon,410110,2,2,0,0,3,3,0,29,JACKSON (29),0,NOT APPLICABLE,9,9,5,May,2017,3,Tuesday,13,1:00pm-1:59pm,37,37,0,This section IS NOT on the NHS,4,County Road,CR-N FOOTHILL RD,,2,Urban,4,Minor Arterial,2,County Highway Agency,0,,42.402875,42.402875,-122.81655,-122.81655,0,No Special Jurisdiction,12,Motor Vehicle In-Transport,2,Front-to-Front,0,No,1,Non-Junction,1,Not an Intersection,0,,1,On Roadway,1,Daylight,1,Clear,0,No Additional Atmospheric Conditions,1,Clear,0,No,0000000,Not Applicable,13,1:00pm-1:59pm,37,37,13,1:00pm-1:59pm,49,49,99,Unknown,99,Unknown EMS Hospital Arrival Time,0,,0,,0,,1,0
41,Oregon,410111,1,1,0,0,1,1,0,67,WASHINGTON (67),180,BEAVERTON,18,18,5,May,2017,5,Thursday,14,2:00pm-2:59pm,16,16,0,This section IS NOT on the NHS,6,Local Street - Municipality,SW BARROWS RD,SW ROSHAK RD,2,Urban,5,Major Collector,4,City or Municipal Highway Agency,0,,45.42691111,45.42691111,-122.8446583,-122.84465833,0,No Special Jurisdiction,1,Rollover/Overturn,0,Not a Collision with Motor Vehicle In-Transport,0,No,3,Intersection-Related,2,Four-Way Intersection,0,,1,On Roadway,1,Daylight,1,Clear,0,No Additional Atmospheric Conditions,1,Clear,0,No,0000000,Not Applicable,14,2:00pm-2:59pm,16,16,14,2:00pm-2:59pm,24,24,15,3:00pm-3:59pm,4,4,0,,0,,0,,1,0
41,Oregon,410112,1,1,0,0,1,1,0,61,UNION (61),0,NOT APPLICABLE,18,18,5,May,2017,5,Thursday,9,9:00am-9:59am,20,20,0,This section IS NOT on the NHS,4,County Road,CR-LOOKOUT MOUNTAIN RD,,1,Rural,5,Major Collector,2,County Highway Agency,15,15,45.71008056,45.71008056,-117.8395667,-117.83956667,0,No Special Jurisdiction,42,Tree (Standing Only),0,Not a Collision with Motor Vehicle In-Transport,0,No,1,Non-Junction,1,Not an Intersection,0,,4,On Roadside,1,Daylight,1,Clear,0,No Additional Atmospheric Conditions,1,Clear,0,No,0000000,Not Applicable,9,9:00am-9:59am,23,23,9,9:00am-9:59am,57,57,88,Not Applicable (Not Transported),88,Not Applicable (Not Transported),0,,0,,0,,1,0
41,Oregon,410113,1,1,0,0,1,1,0,5,CLACKAMAS (5),0,NOT APPLICABLE,15,15,4,April,2017,7,Saturday,15,3:00pm-3:59pm,20,20,0,This section IS NOT on the NHS,3,State Highway,SR-224 ODOT 171,,1,Rural,5,Major Collector,1,State Highway Agency,402,402,45.168425,45.168425,-122.1321083,-122.13210833,0,No Special Jurisdiction,1,Rollover/Overturn,0,Not a Collision with Motor Vehicle In-Transport,0,No,1,Non-Junction,1,Not an Intersection,0,,4,On Roadside,1,Daylight,1,Clear,0,No Additional Atmospheric Conditions,1,Clear,0,No,0000000,Not Applicable,15,3:00pm-3:59pm,45,45,15,3:00pm-3:59pm,45,45,88,Not Applicable (Not Transported),88,Not Applicable (Not Transported),0,,0,,0,,1,0
41,Oregon,410114,1,1,0,0,1,1,0,67,WASHINGTON (67),0,NOT APPLICABLE,5,5,6,June,2017,2,Monday,23,11:00pm-11:59pm,15,15,0,This section IS NOT on the NHS,4,County Road,CR-B ST,,2,Urban,4,Minor Arterial,2,County Highway Agency,0,,45.51066389,45.51066389,-123.1156056,-123.11560556,0,No Special Jurisdiction,31,"Post, Pole or Other Supports",0,Not a Collision with Motor Vehicle In-Transport,0,No,1,Non-Junction,1,Not an Intersection,0,,4,On Roadside,2,Dark - Not Lighted,1,Clear,0,No Additional Atmospheric Conditions,1,Clear,0,No,0000000,Not Applicable,23,11:00pm-11:59pm,21,21,23,11:00pm-11:59pm,25,25,88,Not Applicable (Not Transported),88,Not Applicable (Not Transported),0,,0,,0,,1,1
41,Oregon,410115,1,1,0,2,1,1,2,11,COOS (11),1510,NORTH BEND,17,17,1,January,2017,3,Tuesday,13,1:00pm-1:59pm,9,9,1,This section IS ON the NHS,2,U.S. Highway,US-101 ODOT 9,FLORIDA AVE,2,Urban,3,Principal Arterial - Other,1,State Highway Agency,2350,2350,43.41185,43.41185,-124.224025,-124.224025,0,No Special Jurisdiction,8,Pedestrian,0,Not a Collision with Motor Vehicle In-Transport,0,No,3,Intersection-Related,2,Four-Way Intersection,0,,1,On Roadway,1,Daylight,2,Rain,10,Cloudy,2,Rain,0,No,0000000,Not Applicable,13,1:00pm-1:59pm,8,8,13,1:00pm-1:59pm,16,16,13,1:00pm-1:59pm,33,33,0,,0,,0,,1,0
41,Oregon,410116,2,2,0,0,3,3,0,51,MULTNOMAH (51),1650,PORTLAND,16,16,4,April,2017,1,Sunday,23,11:00pm-11:59pm,6,6,0,This section IS NOT on the NHS,6,Local Street - Municipality,SE 122ND AVE,,2,Urban,4,Minor Arterial,4,City or Municipal Highway Agency,0,,45.51918611,45.51918611,-122.5377778,-122.53777778,0,No Special Jurisdiction,12,Motor Vehicle In-Transport,1,Front-to-Rear,0,No,1,Non-Junction,1,Not an Intersection,0,,1,On Roadway,3,Dark - Lighted,1,Clear,0,No Additional Atmospheric Conditions,1,Clear,0,No,0000000,Not Applicable,23,11:00pm-11:59pm,6,6,23,11:00pm-11:59pm,15,15,23,11:00pm-11:59pm,52,52,0,,0,,0,,1,0
41,Oregon,410117,2,2,0,0,4,4,0,51,MULTNOMAH (51),1650,PORTLAND,16,16,5,May,2017,3,Tuesday,12,12:00pm-12:59pm,43,43,0,This section IS NOT on the NHS,6,Local Street - Municipality,NE MARINE DR,,2,Urban,5,Major Collector,4,City or Municipal Highway Agency,0,,45.56776944,45.56776944,-122.5319389,-122.53193889,0,No Special Jurisdiction,12,Motor Vehicle In-Transport,2,Front-to-Front,0,No,1,Non-Junction,1,Not an Intersection,0,,1,On Roadway,1,Daylight,10,Cloudy,0,No Additional Atmospheric Conditions,10,Cloudy,0,No,0000000,Not Applicable,12,12:00pm-12:59pm,43,43,12,12:00pm-12:59pm,49,49,13,1:00pm-1:59pm,21,21,0,,0,,0,,1,0
41,Oregon,410118,1,1,0,3,1,1,3,5,CLACKAMAS (5),926,HAPPY VALLEY,23,23,5,May,2017,3,Tuesday,12,12:00pm-12:59pm,35,35,0,This section IS NOT on the NHS,6,Local Street - Municipality,SE 122ND AVE,SE SPRING MOUNTAIN RD,2,Urban,4,Minor Arterial,4,City or Municipal Highway Agency,0,,45.43465,45.43465,-122.5381361,-122.53813611,0,No Special Jurisdiction,8,Pedestrian,0,Not a Collision with Motor Vehicle In-Transport,0,No,3,Intersection-Related,3,T-Intersection,1,Construction,1,On Roadway,1,Daylight,1,Clear,0,No Additional Atmospheric Conditions,1,Clear,0,No,0000000,Not Applicable,99,Unknown,99,Unknown,99,Unknown EMS Scene Arrival Hour,99,Unknown EMS Scene Arrival Minutes,99,Unknown,99,Unknown EMS Hospital Arrival Time,0,,0,,0,,1,1
41,Oregon,410120,1,1,0,0,1,1,0,13,CROOK (13),0,NOT APPLICABLE,26,26,5,May,2017,6,Friday,20,8:00pm-8:59pm,59,59,0,This section IS NOT on the NHS,3,State Highway,SR-27 ODOT 14,,1,Rural,5,Major Collector,1,State Highway Agency,260,260,44.04823056,44.04823056,-120.7654194,-120.76541944,0,No Special Jurisdiction,1,Rollover/Overturn,0,Not a Collision with Motor Vehicle In-Transport,0,No,1,Non-Junction,1,Not an Intersection,0,,4,On Roadside,5,Dusk,1,Clear,0,No Additional Atmospheric Conditions,1,Clear,0,No,0000000,Not Applicable,20,8:00pm-8:59pm,59,59,20,8:00pm-8:59pm,59,59,88,Not Applicable (Not Transported),88,Not Applicable (Not Transported),0,,0,,0,,1,1
41,Oregon,410121,2,2,0,0,5,5,0,7,CLATSOP (7),2180,WARRENTON,28,28,5,May,2017,1,Sunday,3,3:00am-3:59am,9,9,1,This section IS ON the NHS,2,U.S. Highway,US-101 ODOT 9,,2,Urban,3,Principal Arterial - Other,1,State Highway Agency,78,78,46.150575,46.150575,-123.9148889,-123.91488889,0,No Special Jurisdiction,12,Motor Vehicle In-Transport,2,Front-to-Front,0,No,1,Non-Junction,1,Not an Intersection,0,,1,On Roadway,2,Dark - Not Lighted,1,Clear,0,No Additional Atmospheric Conditions,1,Clear,0,No,0000000,Not Applicable,3,3:00am-3:59am,9,9,3,3:00am-3:59am,10,10,3,3:00am-3:59am,41,41,0,,0,,0,,1,0
41,Oregon,410122,4,4,0,0,4,4,0,5,CLACKAMAS (5),1580,OREGON CITY,23,23,5,May,2017,3,Tuesday,7,7:00am-7:59am,47,47,0,This section IS NOT on the NHS,3,State Highway,SR-99 ODOT 81,,2,Urban,4,Minor Arterial,1,State Highway Agency,136,136,45.34446111,45.34446111,-122.6300167,-122.63001667,0,No Special Jurisdiction,12,Motor Vehicle In-Transport,1,Front-to-Rear,0,No,1,Non-Junction,1,Not an Intersection,0,,1,On Roadway,4,Dawn,1,Clear,0,No Additional Atmospheric Conditions,1,Clear,0,No,0000000,Not Applicable,7,7:00am-7:59am,47,47,7,7:00am-7:59am,50,50,88,Not Applicable (Not Transported),88,Not Applicable (Not Transported),14,"Motor Vehicle struck by falling cargo,or something that came loose from or something that was set in motion by a vehicle",0,,0,,1,0
41,Oregon,410123,1,1,0,0,2,2,0,71,YAMHILL (71),0,NOT APPLICABLE,28,28,5,May,2017,1,Sunday,15,3:00pm-3:59pm,11,11,1,This section IS ON the NHS,3,State Highway,SR-99 ODOT 91,,1,Rural,3,Principal Arterial - Other,1,State Highway Agency,277,277,45.25637222,45.25637222,-123.0314056,-123.03140556,0,No Special Jurisdiction,5,Fell/Jumped from Vehicle,0,Not a Collision with Motor Vehicle In-Transport,0,No,1,Non-Junction,1,Not an Intersection,0,,1,On Roadway,1,Daylight,1,Clear,0,No Additional Atmospheric Conditions,1,Clear,0,No,0000000,Not Applicable,15,3:00pm-3:59pm,14,14,15,3:00pm-3:59pm,20,20,16,4:00pm-4:59pm,17,17,0,,0,,0,,1,0
41,Oregon,410124,1,1,0,0,1,1,0,45,MALHEUR (45),0,NOT APPLICABLE,1,1,6,June,2017,5,Thursday,9,9:00am-9:59am,23,23,1,This section IS ON the NHS,2,U.S. Highway,US-95 ODOT 456,,1,Rural,3,Principal Arterial - Other,1,State Highway Agency,250,250,42.98037222,42.98037222,-117.1615444,-117.16154444,0,No Special Jurisdiction,1,Rollover/Overturn,0,Not a Collision with Motor Vehicle In-Transport,0,No,1,Non-Junction,1,Not an Intersection,0,,4,On Roadside,1,Daylight,2,Rain,0,No Additional Atmospheric Conditions,2,Rain,0,No,0000000,Not Applicable,9,9:00am-9:59am,24,24,9,9:00am-9:59am,48,48,88,Not Applicable (Not Transported),88,Not Applicable (Not Transported),0,,0,,0,,1,0
41,Oregon,410125,1,1,0,1,1,1,1,5,CLACKAMAS (5),0,NOT APPLICABLE,2,2,6,June,2017,6,Friday,12,12:00pm-12:59pm,29,29,0,This section IS NOT on the NHS,4,County Road,CR-72ND AVE,,2,Urban,5,Major Collector,2,County Highway Agency,1,1,45.423375,45.423375,-122.7516917,-122.75169167,0,No Special Jurisdiction,8,Pedestrian,0,Not a Collision with Motor Vehicle In-Transport,0,No,1,Non-Junction,1,Not an Intersection,0,,2,On Shoulder,1,Daylight,1,Clear,0,No Additional Atmospheric Conditions,1,Clear,0,No,0000000,Not Applicable,99,Unknown,99,Unknown,99,Unknown EMS Scene Arrival Hour,99,Unknown EMS Scene Arrival Minutes,88,Not Applicable (Not Transported),88,Not Applicable (Not Transported),0,,0,,0,,1,0
41,Oregon,410126,1,1,0,0,1,1,0,67,WASHINGTON (67),0,NOT APPLICABLE,5,5,6,June,2017,2,Monday,19,7:00pm-7:59pm,11,11,0,This section IS NOT on the NHS,4,County Road,CR-SW SCOGGINS VALLEY RD,,1,Rural,5,Major Collector,2,County Highway Agency,0,,45.495375,45.495375,-123.2078056,-123.20780556,0,No Special Jurisdiction,1,Rollover/Overturn,0,Not a Collision with Motor Vehicle In-Transport,0,No,1,Non-Junction,1,Not an Intersection,0,,1,On Roadway,1,Daylight,1,Clear,0,No Additional Atmospheric Conditions,1,Clear,0,No,0000000,Not Applicable,19,7:00pm-7:59pm,11,11,19,7:00pm-7:59pm,57,57,20,8:00pm-8:59pm,26,26,0,,0,,0,,1,0
41,Oregon,410127,2,2,0,0,3,3,0,47,MARION (47),0,NOT APPLICABLE,6,6,6,June,2017,3,Tuesday,3,3:00am-3:59am,23,23,1,This section IS ON the NHS,1,Interstate,I-5,,1,Rural,1,Interstate,1,State Highway Agency,2803,2803,45.31334167,45.31334167,-122.7690972,-122.76909722,0,No Special Jurisdiction,12,Motor Vehicle In-Transport,1,Front-to-Rear,0,No,1,Non-Junction,1,Not an Intersection,1,Construction,1,On Roadway,2,Dark - Not Lighted,1,Clear,0,No Additional Atmospheric Conditions,1,Clear,0,No,0000000,Not Applicable,3,3:00am-3:59am,24,24,3,3:00am-3:59am,34,34,4,4:00am-4:59am,19,19,0,,0,,0,,1,0
41,Oregon,410128,1,1,0,0,1,1,0,11,COOS (11),0,NOT APPLICABLE,7,7,6,June,2017,4,Wednesday,16,4:00pm-4:59pm,11,11,0,This section IS NOT on the NHS,3,State Highway,SR-542 ODOT 242,,1,Rural,5,Major Collector,1,State Highway Agency,133,133,42.97216111,42.97216111,-124.116025,-124.116025,0,No Special Jurisdiction,42,Tree (Standing Only),0,Not a Collision with Motor Vehicle In-Transport,0,No,1,Non-Junction,1,Not an Intersection,0,,4,On Roadside,1,Daylight,10,Cloudy,0,No Additional Atmospheric Conditions,10,Cloudy,0,No,0000000,Not Applicable,16,4:00pm-4:59pm,13,13,16,4:00pm-4:59pm,27,27,88,Not Applicable (Not Transported),88,Not Applicable (Not Transported),0,,0,,0,,1,1
41,Oregon,410129,1,1,0,0,1,1,0,5,CLACKAMAS (5),0,NOT APPLICABLE,8,8,6,June,2017,5,Thursday,10,10:00am-10:59am,22,22,0,This section IS NOT on the NHS,3,State Highway,SR-224 ODOT 171,,1,Rural,4,Minor Arterial,1,State Highway Agency,125,125,45.39299444,45.39299444,-122.4287556,-122.42875556,0,No Special Jurisdiction,42,Tree (Standing Only),0,Not a Collision with Motor Vehicle In-Transport,0,No,1,Non-Junction,1,Not an Intersection,0,,4,On Roadside,1,Daylight,10,Cloudy,0,No Additional Atmospheric Conditions,10,Cloudy,0,No,0000000,Not Applicable,10,10:00am-10:59am,22,22,10,10:00am-10:59am,25,25,99,Unknown,99,Unknown EMS Hospital Arrival Time,0,,0,,0,,1,0
41,Oregon,410130,2,2,0,0,2,2,0,7,CLATSOP (7),0,NOT APPLICABLE,10,10,6,June,2017,7,Saturday,2,2:00am-2:59am,20,20,1,This section IS ON the NHS,2,U.S. Highway,US-101 ODOT 9,,1,Rural,3,Principal Arterial - Other,1,State Highway Agency,140,140,46.093475,46.093475,-123.9173361,-123.91733611,0,No Special Jurisdiction,12,Motor Vehicle In-Transport,2,Front-to-Front,0,No,1,Non-Junction,1,Not an Intersection,0,,1,On Roadway,2,Dark - Not Lighted,10,Cloudy,0,No Additional Atmospheric Conditions,10,Cloudy,0,No,0000000,Not Applicable,2,2:00am-2:59am,29,29,2,2:00am-2:59am,30,30,99,Unknown,99,Unknown EMS Hospital Arrival Time,0,,0,,0,,1,1
41,Oregon,410131,2,1,1,0,1,1,0,51,MULTNOMAH (51),2264,WOOD VILLAGE,11,11,6,June,2017,1,Sunday,1,1:00am-1:59am,26,26,0,This section IS NOT on the NHS,6,Local Street - Municipality,NE SANDY BLVD,,2,Urban,5,Major Collector,4,City or Municipal Highway Agency,0,,45.54277778,45.54277778,-122.4187444,-122.41874444,0,No Special Jurisdiction,18,Other Object (not fixed),0,Not a Collision with Motor Vehicle In-Transport,0,No,1,Non-Junction,1,Not an Intersection,0,,4,On Roadside,2,Dark - Not Lighted,10,Cloudy,0,No Additional Atmospheric Conditions,10,Cloudy,0,No,0000000,Not Applicable,1,1:00am-1:59am,26,26,1,1:00am-1:59am,33,33,2,2:00am-2:59am,15,15,0,,0,,0,,1,0
41,Oregon,410132,1,1,0,0,1,1,0,33,JOSEPHINE (33),0,NOT APPLICABLE,13,13,6,June,2017,3,Tuesday,14,2:00pm-2:59pm,40,40,0,This section IS NOT on the NHS,4,County Road,CR-HOLLAND LOOP RD,,1,Rural,6,Minor Collector,2,County Highway Agency,29,29,42.12546111,42.12546111,-123.5701,-123.5701,0,No Special Jurisdiction,42,Tree (Standing Only),0,Not a Collision with Motor Vehicle In-Transport,0,No,1,Non-Junction,1,Not an Intersection,0,,4,On Roadside,1,Daylight,1,Clear,0,No Additional Atmospheric Conditions,1,Clear,0,No,0000000,Not Applicable,14,2:00pm-2:59pm,50,50,15,3:00pm-3:59pm,0,0,88,Not Applicable (Not Transported),88,Not Applicable (Not Transported),0,,0,,0,,1,1
41,Oregon,410133,1,1,0,1,1,1,1,47,MARION (47),1810,SALEM,17,17,3,March,2017,6,Friday,10,10:00am-10:59am,50,50,0,This section IS NOT on the NHS,6,Local Street - Municipality,FISHER RD NE,,2,Urban,5,Major Collector,4,City or Municipal Highway Agency,0,,44.95877778,44.95877778,-122.9886833,-122.98868333,0,No Special Jurisdiction,8,Pedestrian,0,Not a Collision with Motor Vehicle In-Transport,0,No,1,Non-Junction,1,Not an Intersection,0,,4,On Roadside,1,Daylight,10,Cloudy,0,No Additional Atmospheric Conditions,10,Cloudy,0,No,0000000,Not Applicable,10,10:00am-10:59am,50,50,10,10:00am-10:59am,54,54,99,Unknown,99,Unknown EMS Hospital Arrival Time,0,,0,,0,,1,0
41,Oregon,410134,3,3,0,0,7,7,0,35,KLAMATH (35),0,NOT APPLICABLE,2,2,4,April,2017,1,Sunday,12,12:00pm-12:59pm,40,40,1,This section IS ON the NHS,2,U.S. Highway,US-97 ODOT 4,,1,Rural,3,Principal Arterial - Other,1,State Highway Agency,2860,2860,42.08183889,42.08183889,-121.8444806,-121.84448056,0,No Special Jurisdiction,12,Motor Vehicle In-Transport,1,Front-to-Rear,0,No,1,Non-Junction,1,Not an Intersection,0,,1,On Roadway,1,Daylight,1,Clear,0,No Additional Atmospheric Conditions,1,Clear,0,No,0000000,Not Applicable,12,12:00pm-12:59pm,41,41,12,12:00pm-12:59pm,51,51,13,1:00pm-1:59pm,38,38,0,,0,,0,,2,0
41,Oregon,410135,1,1,0,0,1,1,0,35,KLAMATH (35),0,NOT APPLICABLE,11,11,5,May,2017,5,Thursday,10,10:00am-10:59am,35,35,0,This section IS NOT on the NHS,4,County Road,CR-STATE LINE RD,,1,Rural,6,Minor Collector,2,County Highway Agency,99999,Unknown,42.00025,42.00025,-121.6736528,-121.67365278,0,No Special Jurisdiction,35,Embankment,0,Not a Collision with Motor Vehicle In-Transport,0,No,1,Non-Junction,1,Not an Intersection,0,,4,On Roadside,1,Daylight,1,Clear,0,No Additional Atmospheric Conditions,1,Clear,0,No,0000000,Not Applicable,10,10:00am-10:59am,35,35,10,10:00am-10:59am,46,46,99,Unknown,99,Unknown EMS Hospital Arrival Time,0,,0,,0,,1,1
41,Oregon,410136,1,1,0,0,3,3,0,65,WASCO (65),0,NOT APPLICABLE,13,13,5,May,2017,7,Saturday,15,3:00pm-3:59pm,45,45,1,This section IS ON the NHS,2,U.S. Highway,US-97 ODOT 42,,1,Rural,3,Principal Arterial - Other,1,State Highway Agency,510,510,45.06009444,45.06009444,-120.6823028,-120.68230278,0,No Special Jurisdiction,1,Rollover/Overturn,0,Not a Collision with Motor Vehicle In-Transport,0,No,1,Non-Junction,1,Not an Intersection,0,,4,On Roadside,1,Daylight,3,Sleet or Hail,0,No Additional Atmospheric Conditions,3,Sleet or Hail,0,No,0000000,Not Applicable,15,3:00pm-3:59pm,54,54,16,4:00pm-4:59pm,31,31,88,Not Applicable (Not Transported),88,Not Applicable (Not Transported),0,,0,,0,,1,0
41,Oregon,410137,1,1,0,0,1,1,0,47,MARION (47),1810,SALEM,18,18,5,May,2017,5,Thursday,0,0:00am-0:59am,10,10,0,This section IS NOT on the NHS,6,Local Street - Municipality,BROADWAY ST NE,,2,Urban,4,Minor Arterial,4,City or Municipal Highway Agency,0,,44.97198889,44.97198889,-123.0285139,-123.02851389,0,No Special Jurisdiction,1,Rollover/Overturn,0,Not a Collision with Motor Vehicle In-Transport,0,No,1,Non-Junction,1,Not an Intersection,0,,1,On Roadway,3,Dark - Lighted,1,Clear,0,No Additional Atmospheric Conditions,1,Clear,0,No,0000000,Not Applicable,0,0:00am-0:59am,10,10,0,0:00am-0:59am,14,14,88,Not Applicable (Not Transported),88,Not Applicable (Not Transported),0,,0,,0,,1,1
41,Oregon,410138,1,1,0,1,1,1,1,29,JACKSON (29),1310,MEDFORD,15,15,6,June,2017,5,Thursday,22,10:00pm-10:59pm,46,46,0,This section IS NOT on the NHS,7,Local Street - Frontage Road,CRATER LAKE AVE,,2,Urban,5,Major Collector,4,City or Municipal Highway Agency,39,39,42.39487778,42.39487778,-122.8557139,-122.85571389,0,No Special Jurisdiction,8,Pedestrian,0,Not a Collision with Motor Vehicle In-Transport,0,No,1,Non-Junction,1,Not an Intersection,0,,1,On Roadway,2,Dark - Not Lighted,1,Clear,0,No Additional Atmospheric Conditions,1,Clear,0,No,0000000,Not Applicable,99,Unknown,99,Unknown,99,Unknown EMS Scene Arrival Hour,99,Unknown EMS Scene Arrival Minutes,88,Not Applicable (Not Transported),88,Not Applicable (Not Transported),0,,0,,0,,1,0
41,Oregon,410139,1,1,0,0,1,1,0,53,POLK (53),1810,SALEM,17,17,6,June,2017,7,Saturday,12,12:00pm-12:59pm,5,5,1,This section IS ON the NHS,3,State Highway,SR-22 ODOT 30,,2,Urban,2,Principal Arterial - Other Freeways and Expressways,1,State Highway Agency,250,250,44.93961944,44.93961944,-123.0589139,-123.05891389,0,No Special Jurisdiction,24,Guardrail Face,0,Not a Collision with Motor Vehicle In-Transport,0,No,1,Non-Junction,1,Not an Intersection,0,,4,On Roadside,1,Daylight,1,Clear,0,No Additional Atmospheric Conditions,1,Clear,0,No,0000000,Not Applicable,12,12:00pm-12:59pm,5,5,12,12:00pm-12:59pm,12,12,88,Not Applicable (Not Transported),88,Not Applicable (Not Transported),0,,0,,0,,1,0
41,Oregon,410140,2,2,0,0,3,3,0,47,MARION (47),0,NOT APPLICABLE,17,17,6,June,2017,7,Saturday,17,5:00pm-5:59pm,23,23,1,This section IS ON the NHS,3,State Highway,SR-22 ODOT 162,CR-PATTON RD SE,1,Rural,3,Principal Arterial - Other,1,State Highway Agency,413,413,44.70347778,44.70347778,-122.2314611,-122.23146111,0,No Special Jurisdiction,24,Guardrail Face,0,Not a Collision with Motor Vehicle In-Transport,0,No,1,Non-Junction,1,Not an Intersection,0,,4,On Roadside,1,Daylight,1,Clear,0,No Additional Atmospheric Conditions,1,Clear,0,No,0000000,Not Applicable,17,5:00pm-5:59pm,23,23,17,5:00pm-5:59pm,32,32,99,Unknown,99,Unknown EMS Hospital Arrival Time,0,,0,,0,,2,0
41,Oregon,410141,1,1,0,0,1,1,0,45,MALHEUR (45),0,NOT APPLICABLE,17,17,6,June,2017,7,Saturday,20,8:00pm-8:59pm,20,20,0,This section IS NOT on the NHS,3,State Highway,SR-78 ODOT 442,,1,Rural,4,Minor Arterial,1,State Highway Agency,630,630,43.09055278,43.09055278,-118.2135278,-118.21352778,0,No Special Jurisdiction,34,Ditch,0,Not a Collision with Motor Vehicle In-Transport,0,No,1,Non-Junction,1,Not an Intersection,0,,4,On Roadside,2,Dark - Not Lighted,1,Clear,0,No Additional Atmospheric Conditions,1,Clear,0,No,0000000,Not Applicable,21,9:00pm-9:59pm,0,0,22,10:00pm-10:59pm,15,15,88,Not Applicable (Not Transported),88,Not Applicable (Not Transported),0,,0,,0,,1,1
41,Oregon,410142,2,2,0,0,2,2,0,51,MULTNOMAH (51),1650,PORTLAND,17,17,6,June,2017,7,Saturday,12,12:00pm-12:59pm,8,8,0,This section IS NOT on the NHS,6,Local Street - Municipality,NE 33RD DR,,2,Urban,4,Minor Arterial,4,City or Municipal Highway Agency,0,,45.58064167,45.58064167,-122.63335,-122.63335,0,No Special Jurisdiction,12,Motor Vehicle In-Transport,6,Angle,0,No,8,Driveway Access Related,1,Not an Intersection,0,,1,On Roadway,1,Daylight,1,Clear,0,No Additional Atmospheric Conditions,1,Clear,0,No,0000000,Not Applicable,12,12:00pm-12:59pm,10,10,12,12:00pm-12:59pm,17,17,12,12:00pm-12:59pm,55,55,0,,0,,0,,1,1
41,Oregon,410143,1,1,0,0,1,1,0,65,WASCO (65),0,NOT APPLICABLE,18,18,6,June,2017,1,Sunday,1,1:00am-1:59am,40,40,1,This section IS ON the NHS,1,Interstate,I-84,,1,Rural,1,Interstate,1,State Highway Agency,727,727,45.69538889,45.69538889,-121.3468917,-121.34689167,0,No Special Jurisdiction,31,"Post, Pole or Other Supports",0,Not a Collision with Motor Vehicle In-Transport,0,No,1,Non-Junction,1,Not an Intersection,0,,8,Gore,2,Dark - Not Lighted,1,Clear,0,No Additional Atmospheric Conditions,1,Clear,0,No,0000000,Not Applicable,99,Unknown,99,Unknown,99,Unknown EMS Scene Arrival Hour,99,Unknown EMS Scene Arrival Minutes,88,Not Applicable (Not Transported),88,Not Applicable (Not Transported),0,,0,,0,,1,0
41,Oregon,410144,2,2,0,0,6,6,0,5,CLACKAMAS (5),260,CANBY,19,19,6,June,2017,2,Monday,13,1:00pm-1:59pm,11,11,0,This section IS NOT on the NHS,3,State Highway,SR-99 ODOT 81,,2,Urban,3,Principal Arterial - Other,1,State Highway Agency,207,207,45.26455556,45.26455556,-122.6862639,-122.68626389,0,No Special Jurisdiction,12,Motor Vehicle In-Transport,2,Front-to-Front,0,No,1,Non-Junction,1,Not an Intersection,0,,1,On Roadway,1,Daylight,1,Clear,0,No Additional Atmospheric Conditions,1,Clear,0,No,0000000,Not Applicable,13,1:00pm-1:59pm,11,11,13,1:00pm-1:59pm,17,17,99,Unknown,99,Unknown EMS Hospital Arrival Time,0,,0,,0,,1,0
41,Oregon,410145,1,1,0,0,2,2,0,29,JACKSON (29),0,NOT APPLICABLE,20,20,6,June,2017,3,Tuesday,16,4:00pm-4:59pm,0,0,0,This section IS NOT on the NHS,3,State Highway,SR-140 ODOT 270,,1,Rural,4,Minor Arterial,1,State Highway Agency,181,181,42.40544722,42.40544722,-122.5409944,-122.54099444,0,No Special Jurisdiction,1,Rollover/Overturn,0,Not a Collision with Motor Vehicle In-Transport,0,No,1,Non-Junction,1,Not an Intersection,0,,1,On Roadway,1,Daylight,1,Clear,0,No Additional Atmospheric Conditions,1,Clear,0,No,0000000,Not Applicable,16,4:00pm-4:59pm,0,0,16,4:00pm-4:59pm,15,15,99,Unknown,99,Unknown EMS Hospital Arrival Time,0,,0,,0,,1,0
41,Oregon,410146,1,1,0,0,5,5,0,31,JEFFERSON (31),0,NOT APPLICABLE,21,21,6,June,2017,4,Wednesday,16,4:00pm-4:59pm,55,55,0,This section IS NOT on the NHS,2,U.S. Highway,US-26 ODOT 360,,1,Rural,4,Minor Arterial,1,State Highway Agency,115,115,44.45627222,44.45627222,-121.0356806,-121.03568056,0,No Special Jurisdiction,42,Tree (Standing Only),0,Not a Collision with Motor Vehicle In-Transport,0,No,1,Non-Junction,1,Not an Intersection,0,,5,Outside Trafficway,1,Daylight,1,Clear,0,No Additional Atmospheric Conditions,1,Clear,0,No,0000000,Not Applicable,17,5:00pm-5:59pm,0,0,17,5:00pm-5:59pm,16,16,99,Unknown,99,Unknown EMS Hospital Arrival Time,0,,0,,0,,1,0
41,Oregon,410147,1,1,0,1,1,1,1,51,MULTNOMAH (51),1650,PORTLAND,22,22,6,June,2017,5,Thursday,15,3:00pm-3:59pm,7,7,0,This section IS NOT on the NHS,6,Local Street - Municipality,SE 80TH AVE,SE PINE ST,2,Urban,7,Local,4,City or Municipal Highway Agency,0,,45.520275,45.520275,-122.5814694,-122.58146944,0,No Special Jurisdiction,8,Pedestrian,0,Not a Collision with Motor Vehicle In-Transport,0,No,3,Intersection-Related,2,Four-Way Intersection,0,,1,On Roadway,1,Daylight,1,Clear,0,No Additional Atmospheric Conditions,1,Clear,0,No,0000000,Not Applicable,15,3:00pm-3:59pm,13,13,15,3:00pm-3:59pm,16,16,15,3:00pm-3:59pm,43,43,0,,0,,0,,1,0
41,Oregon,410148,1,1,0,0,1,1,0,5,CLACKAMAS (5),0,NOT APPLICABLE,23,23,6,June,2017,6,Friday,21,9:00pm-9:59pm,35,35,0,This section IS NOT on the NHS,4,County Road,CR-S SPRINGWATER RD,,1,Rural,4,Minor Arterial,2,County Highway Agency,50,50,45.34758889,45.34758889,-122.4292306,-122.42923056,0,No Special Jurisdiction,38,Fence,0,Not a Collision with Motor Vehicle In-Transport,0,No,1,Non-Junction,1,Not an Intersection,0,,5,Outside Trafficway,2,Dark - Not Lighted,1,Clear,0,No Additional Atmospheric Conditions,1,Clear,0,No,0000000,Not Applicable,99,Unknown,99,Unknown,99,Unknown EMS Scene Arrival Hour,99,Unknown EMS Scene Arrival Minutes,88,Not Applicable (Not Transported),88,Not Applicable (Not Transported),0,,0,,0,,1,1
41,Oregon,410149,2,2,0,0,3,3,0,17,DESCHUTES (17),190,BEND,24,24,6,June,2017,7,Saturday,11,11:00am-11:59am,50,50,1,This section IS ON the NHS,2,U.S. Highway,US-20 ODOT 17,CR-COOLEY RD,2,Urban,3,Principal Arterial - Other,1,State Highway Agency,175,175,44.10921944,44.10921944,-121.3103444,-121.31034444,0,No Special Jurisdiction,12,Motor Vehicle In-Transport,6,Angle,0,No,2,Intersection,2,Four-Way Intersection,0,,1,On Roadway,1,Daylight,1,Clear,0,No Additional Atmospheric Conditions,1,Clear,0,No,0000000,Not Applicable,11,11:00am-11:59am,50,50,11,11:00am-11:59am,59,59,99,Unknown,99,Unknown EMS Hospital Arrival Time,0,,0,,0,,1,0
41,Oregon,410150,1,1,0,0,2,2,0,1,BAKER (1),0,NOT APPLICABLE,24,24,6,June,2017,7,Saturday,15,3:00pm-3:59pm,30,30,0,This section IS NOT on the NHS,3,State Highway,SR-245 ODOT 415,,1,Rural,5,Major Collector,1,State Highway Agency,104,104,44.49821111,44.49821111,-118.0315889,-118.03158889,0,No Special Jurisdiction,42,Tree (Standing Only),0,Not a Collision with Motor Vehicle In-Transport,0,No,1,Non-Junction,1,Not an Intersection,4,"Work Zone, Type Unknown",4,On Roadside,1,Daylight,1,Clear,0,No Additional Atmospheric Conditions,1,Clear,0,No,0000000,Not Applicable,15,3:00pm-3:59pm,35,35,16,4:00pm-4:59pm,15,15,99,Unknown,99,Unknown EMS Hospital Arrival Time,0,,0,,0,,1,1
41,Oregon,410151,1,1,0,0,1,1,0,39,LANE (39),0,NOT APPLICABLE,24,24,6,June,2017,7,Saturday,19,7:00pm-7:59pm,0,0,0,This section IS NOT on the NHS,8,Other,USFS RD SPUR 141,,1,Rural,7,Local,64,U.S. Forest Service,0,,43.59651111,43.59651111,-122.5411722,-122.54117222,0,No Special Jurisdiction,18,Other Object (not fixed),0,Not a Collision with Motor Vehicle In-Transport,0,No,1,Non-Junction,1,Not an Intersection,0,,1,On Roadway,1,Daylight,1,Clear,0,No Additional Atmospheric Conditions,1,Clear,0,No,0000000,Not Applicable,19,7:00pm-7:59pm,47,47,20,8:00pm-8:59pm,57,57,88,Not Applicable (Not Transported),88,Not Applicable (Not Transported),0,,0,,0,,1,0
41,Oregon,410152,1,1,0,0,2,2,0,31,JEFFERSON (31),0,NOT APPLICABLE,24,24,6,June,2017,7,Saturday,15,3:00pm-3:59pm,54,54,0,This section IS NOT on the NHS,4,County Road,CR-SW MONROE LN,,1,Rural,5,Major Collector,4,City or Municipal Highway Agency,20,20,44.46054722,44.46054722,-121.2348417,-121.23484167,0,No Special Jurisdiction,35,Embankment,0,Not a Collision with Motor Vehicle In-Transport,0,No,1,Non-Junction,1,Not an Intersection,0,,4,On Roadside,1,Daylight,1,Clear,0,No Additional Atmospheric Conditions,1,Clear,0,No,0000000,Not Applicable,15,3:00pm-3:59pm,56,56,16,4:00pm-4:59pm,9,9,16,4:00pm-4:59pm,41,41,0,,0,,0,,1,0
41,Oregon,410153,4,4,0,0,5,5,0,17,DESCHUTES (17),0,NOT APPLICABLE,25,25,6,June,2017,1,Sunday,15,3:00pm-3:59pm,8,8,1,This section IS ON the NHS,2,U.S. Highway,US-20 ODOT 16,,1,Rural,3,Principal Arterial - Other,1,State Highway Agency,929,929,44.37657778,44.37657778,-121.641425,-121.641425,0,No Special Jurisdiction,12,Motor Vehicle In-Transport,2,Front-to-Front,0,No,1,Non-Junction,1,Not an Intersection,0,,1,On Roadway,1,Daylight,1,Clear,0,No Additional Atmospheric Conditions,1,Clear,0,No,0000000,Not Applicable,15,3:00pm-3:59pm,8,8,15,3:00pm-3:59pm,10,10,99,Unknown,99,Unknown EMS Hospital Arrival Time,0,,0,,0,,3,2
41,Oregon,410154,1,1,0,0,1,1,0,33,JOSEPHINE (33),0,NOT APPLICABLE,25,25,6,June,2017,1,Sunday,16,4:00pm-4:59pm,10,10,1,This section IS ON the NHS,2,U.S. Highway,US-199 ODOT 25,,1,Rural,3,Principal Arterial - Other,1,State Highway Agency,270,270,42.17941667,42.17941667,-123.6445556,-123.64455556,0,No Special Jurisdiction,1,Rollover/Overturn,0,Not a Collision with Motor Vehicle In-Transport,0,No,1,Non-Junction,1,Not an Intersection,0,,4,On Roadside,1,Daylight,1,Clear,0,No Additional Atmospheric Conditions,1,Clear,0,No,0000000,Not Applicable,16,4:00pm-4:59pm,10,10,16,4:00pm-4:59pm,12,12,88,Not Applicable (Not Transported),88,Not Applicable (Not Transported),0,,0,,0,,1,1
41,Oregon,410155,2,2,0,0,2,2,0,27,HOOD RIVER (27),0,NOT APPLICABLE,26,26,6,June,2017,2,Monday,12,12:00pm-12:59pm,53,53,1,This section IS ON the NHS,3,State Highway,SR-35 ODOT 26,,1,Rural,3,Principal Arterial - Other,1,State Highway Agency,633,633,45.32235556,45.32235556,-121.5988917,-121.59889167,0,No Special Jurisdiction,54,"Motor Vehicle In-Transport Strikes or is Struck by Cargo, Persons or Objects Set-in-Motion from/by Another Motor Vehicle In Transport",11,Other,0,No,1,Non-Junction,1,Not an Intersection,0,,1,On Roadway,1,Daylight,1,Clear,0,No Additional Atmospheric Conditions,1,Clear,0,No,0000000,Not Applicable,12,12:00pm-12:59pm,53,53,13,1:00pm-1:59pm,20,20,88,Not Applicable (Not Transported),88,Not Applicable (Not Transported),14,"Motor Vehicle struck by falling cargo,or something that came loose from or something that was set in motion by a vehicle",0,,0,,1,0
41,Oregon,410156,1,1,0,0,2,2,0,19,DOUGLAS (19),0,NOT APPLICABLE,26,26,6,June,2017,2,Monday,13,1:00pm-1:59pm,15,15,0,This section IS NOT on the NHS,3,State Highway,SR-138 ODOT 138,,1,Rural,4,Minor Arterial,1,State Highway Agency,441,441,43.34092778,43.34092778,-122.7320556,-122.73205556,0,No Special Jurisdiction,17,Boulder,0,Not a Collision with Motor Vehicle In-Transport,0,No,1,Non-Junction,1,Not an Intersection,0,,4,On Roadside,1,Daylight,1,Clear,0,No Additional Atmospheric Conditions,1,Clear,0,No,0000000,Not Applicable,13,1:00pm-1:59pm,33,33,14,2:00pm-2:59pm,21,21,88,Not Applicable (Not Transported),88,Not Applicable (Not Transported),0,,0,,0,,2,0
41,Oregon,410157,3,3,0,0,5,5,0,17,DESCHUTES (17),0,NOT APPLICABLE,26,26,6,June,2017,2,Monday,12,12:00pm-12:59pm,35,35,0,This section IS NOT on the NHS,4,County Road,CR-BURGESS RD,,1,Rural,5,Major Collector,2,County Highway Agency,27,27,43.70334167,43.70334167,-121.5265722,-121.52657222,0,No Special Jurisdiction,12,Motor Vehicle In-Transport,1,Front-to-Rear,0,No,1,Non-Junction,1,Not an Intersection,0,,1,On Roadway,1,Daylight,1,Clear,0,No Additional Atmospheric Conditions,1,Clear,0,No,0000000,Not Applicable,12,12:00pm-12:59pm,35,35,12,12:00pm-12:59pm,36,36,99,Unknown,99,Unknown EMS Hospital Arrival Time,0,,0,,0,,1,0
41,Oregon,410158,2,2,0,0,2,2,0,5,CLACKAMAS (5),0,NOT APPLICABLE,27,27,6,June,2017,3,Tuesday,20,8:00pm-8:59pm,26,26,0,This section IS NOT on the NHS,3,State Highway,SR-213 ODOT 160,,1,Rural,4,Minor Arterial,1,State Highway Agency,125,125,45.19776944,45.19776944,-122.5809833,-122.58098333,0,No Special Jurisdiction,12,Motor Vehicle In-Transport,1,Front-to-Rear,0,No,1,Non-Junction,1,Not an Intersection,0,,1,On Roadway,1,Daylight,1,Clear,0,No Additional Atmospheric Conditions,1,Clear,0,No,0000000,Not Applicable,20,8:00pm-8:59pm,26,26,20,8:00pm-8:59pm,32,32,21,9:00pm-9:59pm,21,21,0,,0,,0,,1,0
41,Oregon,410159,2,2,0,0,4,4,0,51,MULTNOMAH (51),1650,PORTLAND,28,28,6,June,2017,4,Wednesday,22,10:00pm-10:59pm,46,46,1,This section IS ON the NHS,6,Local Street - Municipality,N COLUMBIA BLVD,,2,Urban,3,Principal Arterial - Other,4,City or Municipal Highway Agency,0,,45.59823889,45.59823889,-122.7382972,-122.73829722,0,No Special Jurisdiction,12,Motor Vehicle In-Transport,6,Angle,0,No,8,Driveway Access Related,1,Not an Intersection,0,,1,On Roadway,3,Dark - Lighted,1,Clear,0,No Additional Atmospheric Conditions,1,Clear,0,No,0000000,Not Applicable,22,10:00pm-10:59pm,47,47,22,10:00pm-10:59pm,51,51,23,11:00pm-11:59pm,12,12,0,,0,,0,,2,1
41,Oregon,410160,1,1,0,1,1,1,1,29,JACKSON (29),320,CENTRAL POINT,29,29,6,June,2017,5,Thursday,1,1:00am-1:59am,29,29,0,This section IS NOT on the NHS,6,Local Street - Municipality,PENINGER RD,,2,Urban,7,Local,4,City or Municipal Highway Agency,0,,42.37805278,42.37805278,-122.8997944,-122.89979444,0,No Special Jurisdiction,8,Pedestrian,0,Not a Collision with Motor Vehicle In-Transport,0,No,1,Non-Junction,1,Not an Intersection,0,,1,On Roadway,3,Dark - Lighted,1,Clear,0,No Additional Atmospheric Conditions,1,Clear,0,No,0000000,Not Applicable,99,Unknown,99,Unknown,99,Unknown EMS Scene Arrival Hour,99,Unknown EMS Scene Arrival Minutes,88,Not Applicable (Not Transported),88,Not Applicable (Not Transported),0,,0,,0,,1,0
41,Oregon,410161,2,2,0,0,3,3,0,19,DOUGLAS (19),0,NOT APPLICABLE,30,30,6,June,2017,6,Friday,8,8:00am-8:59am,0,0,0,This section IS NOT on the NHS,3,State Highway,SR-230 ODOT 233,,1,Rural,4,Minor Arterial,1,State Highway Agency,228,228,43.12182778,43.12182778,-122.1516639,-122.15166389,0,No Special Jurisdiction,12,Motor Vehicle In-Transport,2,Front-to-Front,0,No,1,Non-Junction,1,Not an Intersection,0,,1,On Roadway,1,Daylight,1,Clear,0,No Additional Atmospheric Conditions,1,Clear,0,No,0000000,Not Applicable,8,8:00am-8:59am,0,0,8,8:00am-8:59am,55,55,99,Unknown,99,Unknown EMS Hospital Arrival Time,0,,0,,0,,1,0
41,Oregon,410162,3,3,0,0,3,3,0,51,MULTNOMAH (51),1650,PORTLAND,30,30,6,June,2017,6,Friday,14,2:00pm-2:59pm,27,27,0,This section IS NOT on the NHS,6,Local Street - Municipality,NE MARINE DR,NE 148TH AVE,2,Urban,5,Major Collector,4,City or Municipal Highway Agency,0,,45.55880833,45.55880833,-122.4728917,-122.47289167,0,No Special Jurisdiction,12,Motor Vehicle In-Transport,6,Angle,0,No,2,Intersection,3,T-Intersection,0,,1,On Roadway,1,Daylight,1,Clear,0,No Additional Atmospheric Conditions,1,Clear,0,No,0000000,Not Applicable,14,2:00pm-2:59pm,28,28,14,2:00pm-2:59pm,34,34,88,Not Applicable (Not Transported),88,Not Applicable (Not Transported),0,,0,,0,,1,1
41,Oregon,410163,2,2,0,0,3,3,0,35,KLAMATH (35),0,NOT APPLICABLE,30,30,6,June,2017,6,Friday,15,3:00pm-3:59pm,3,3,1,This section IS ON the NHS,2,U.S. Highway,US-97 ODOT 4,,1,Rural,3,Principal Arterial - Other,1,State Highway Agency,2590,2590,42.43409444,42.43409444,-121.8633139,-121.86331389,0,No Special Jurisdiction,12,Motor Vehicle In-Transport,2,Front-to-Front,0,No,1,Non-Junction,1,Not an Intersection,0,,1,On Roadway,1,Daylight,1,Clear,0,No Additional Atmospheric Conditions,1,Clear,0,No,0000000,Not Applicable,15,3:00pm-3:59pm,5,5,15,3:00pm-3:59pm,25,25,99,Unknown,99,Unknown EMS Hospital Arrival Time,0,,0,,0,,1,1
41,Oregon,410164,2,2,0,0,3,3,0,31,JEFFERSON (31),0,NOT APPLICABLE,30,30,6,June,2017,6,Friday,16,4:00pm-4:59pm,54,54,1,This section IS ON the NHS,2,U.S. Highway,US-97 ODOT 4,SR-361 ODOT 361,1,Rural,3,Principal Arterial - Other,1,State Highway Agency,1057,1057,44.63350556,44.63350556,-121.1305944,-121.13059444,0,No Special Jurisdiction,12,Motor Vehicle In-Transport,6,Angle,0,No,2,Intersection,4,Y-Intersection,0,,1,On Roadway,1,Daylight,1,Clear,0,No Additional Atmospheric Conditions,1,Clear,0,No,0000000,Not Applicable,16,4:00pm-4:59pm,55,55,17,5:00pm-5:59pm,13,13,99,Unknown,99,Unknown EMS Hospital Arrival Time,0,,0,,0,,1,1
41,Oregon,410165,1,1,0,0,2,2,0,19,DOUGLAS (19),1780,ROSEBURG,3,3,7,July,2017,2,Monday,16,4:00pm-4:59pm,0,0,1,This section IS ON the NHS,6,Local Street - Municipality,NE DIAMOND LAKE BLVD,NE ATLANTA ST,2,Urban,3,Principal Arterial - Other,4,City or Municipal Highway Agency,2,2,43.21350556,43.21350556,-123.3386528,-123.33865278,0,No Special Jurisdiction,39,Wall,0,Not a Collision with Motor Vehicle In-Transport,0,No,3,Intersection-Related,3,T-Intersection,0,,4,On Roadside,1,Daylight,1,Clear,0,No Additional Atmospheric Conditions,1,Clear,0,No,0000000,Not Applicable,15,3:00pm-3:59pm,57,57,16,4:00pm-4:59pm,2,2,16,4:00pm-4:59pm,14,14,0,,0,,0,,1,0
41,Oregon,410166,2,1,1,0,2,2,0,51,MULTNOMAH (51),1650,PORTLAND,3,3,7,July,2017,2,Monday,18,6:00pm-6:59pm,15,15,0,This section IS NOT on the NHS,6,Local Street - Municipality,NE 96TH AVE,,2,Urban,5,Major Collector,4,City or Municipal Highway Agency,0,,45.50913056,45.50913056,-122.5643306,-122.56433056,0,No Special Jurisdiction,14,Parked Motor Vehicle,0,Not a Collision with Motor Vehicle In-Transport,0,No,1,Non-Junction,1,Not an Intersection,0,,4,On Roadside,1,Daylight,1,Clear,0,No Additional Atmospheric Conditions,1,Clear,0,No,0000000,Not Applicable,18,6:00pm-6:59pm,29,29,18,6:00pm-6:59pm,37,37,19,7:00pm-7:59pm,7,7,0,,0,,0,,1,1
41,Oregon,410167,1,1,0,0,2,2,0,51,MULTNOMAH (51),1650,PORTLAND,3,3,7,July,2017,2,Monday,19,7:00pm-7:59pm,55,55,0,This section IS NOT on the NHS,6,Local Street - Municipality,NE AIRPORT WAY,,2,Urban,4,Minor Arterial,4,City or Municipal Highway Agency,0,,45.56315278,45.56315278,-122.5287972,-122.52879722,0,No Special Jurisdiction,42,Tree (Standing Only),0,Not a Collision with Motor Vehicle In-Transport,0,No,1,Non-Junction,1,Not an Intersection,0,,3,On Median,1,Daylight,1,Clear,0,No Additional Atmospheric Conditions,1,Clear,0,No,0000000,Not Applicable,19,7:00pm-7:59pm,55,55,19,7:00pm-7:59pm,59,59,20,8:00pm-8:59pm,28,28,0,,0,,0,,1,0
41,Oregon,410168,1,1,0,1,1,1,1,51,MULTNOMAH (51),1650,PORTLAND,3,3,7,July,2017,2,Monday,22,10:00pm-10:59pm,23,23,0,This section IS NOT on the NHS,6,Local Street - Municipality,SE 122ND AVE,,2,Urban,4,Minor Arterial,4,City or Municipal Highway Agency,0,,45.5013,45.5013,-122.5376583,-122.53765833,0,No Special Jurisdiction,8,Pedestrian,0,Not a Collision with Motor Vehicle In-Transport,0,No,1,Non-Junction,1,Not an Intersection,0,,1,On Roadway,2,Dark - Not Lighted,1,Clear,0,No Additional Atmospheric Conditions,1,Clear,0,No,0000000,Not Applicable,22,10:00pm-10:59pm,24,24,22,10:00pm-10:59pm,27,27,22,10:00pm-10:59pm,50,50,0,,0,,0,,1,1
41,Oregon,410169,2,2,0,0,2,2,0,9,COLUMBIA (9),0,NOT APPLICABLE,7,7,6,June,2017,4,Wednesday,18,6:00pm-6:59pm,48,48,0,This section IS NOT on the NHS,4,County Road,CR-W KAPPLER RD,,1,Rural,5,Major Collector,2,County Highway Agency,2,2,45.86251389,45.86251389,-122.8880361,-122.88803611,0,No Special Jurisdiction,12,Motor Vehicle In-Transport,2,Front-to-Front,0,No,1,Non-Junction,1,Not an Intersection,0,,1,On Roadway,1,Daylight,1,Clear,0,No Additional Atmospheric Conditions,1,Clear,0,No,0000000,Not Applicable,18,6:00pm-6:59pm,48,48,18,6:00pm-6:59pm,56,56,19,7:00pm-7:59pm,36,36,0,,0,,0,,1,0
41,Oregon,410170,2,2,0,0,5,5,0,17,DESCHUTES (17),0,NOT APPLICABLE,21,21,6,June,2017,4,Wednesday,13,1:00pm-1:59pm,38,38,1,This section IS ON the NHS,2,U.S. Highway,US-97 ODOT 4,,2,Urban,3,Principal Arterial - Other,1,State Highway Agency,1175,1175,44.32533056,44.32533056,-121.1757806,-121.17578056,0,No Special Jurisdiction,12,Motor Vehicle In-Transport,6,Angle,0,No,1,Non-Junction,1,Not an Intersection,0,,1,On Roadway,1,Daylight,1,Clear,0,No Additional Atmospheric Conditions,1,Clear,0,No,0000000,Not Applicable,13,1:00pm-1:59pm,38,38,13,1:00pm-1:59pm,45,45,99,Unknown,99,Unknown EMS Hospital Arrival Time,0,,0,,0,,1,0
41,Oregon,410171,2,2,0,0,2,2,0,39,LANE (39),0,NOT APPLICABLE,1,1,7,July,2017,7,Saturday,7,7:00am-7:59am,38,38,1,This section IS ON the NHS,3,State Highway,SR-58 ODOT 18,,1,Rural,3,Principal Arterial - Other,1,State Highway Agency,297,297,43.78329167,43.78329167,-122.5374889,-122.53748889,0,No Special Jurisdiction,12,Motor Vehicle In-Transport,2,Front-to-Front,0,No,1,Non-Junction,1,Not an Intersection,0,,1,On Roadway,4,Dawn,10,Cloudy,0,No Additional Atmospheric Conditions,10,Cloudy,0,No,0000000,Not Applicable,7,7:00am-7:59am,41,41,7,7:00am-7:59am,56,56,99,Unknown,99,Unknown EMS Hospital Arrival Time,0,,0,,0,,1,0
41,Oregon,410172,1,1,0,0,1,1,0,33,JOSEPHINE (33),0,NOT APPLICABLE,30,30,5,May,2017,3,Tuesday,1,1:00am-1:59am,0,0,0,This section IS NOT on the NHS,3,State Highway,SR-260 ODOT 260,,1,Rural,5,Major Collector,2,County Highway Agency,156,156,42.45284167,42.45284167,-123.5009611,-123.50096111,0,No Special Jurisdiction,42,Tree (Standing Only),0,Not a Collision with Motor Vehicle In-Transport,0,No,1,Non-Junction,1,Not an Intersection,0,,4,On Roadside,2,Dark - Not Lighted,1,Clear,0,No Additional Atmospheric Conditions,1,Clear,0,No,0000000,Not Applicable,1,1:00am-1:59am,22,22,1,1:00am-1:59am,30,30,88,Not Applicable (Not Transported),88,Not Applicable (Not Transported),0,,0,,0,,1,1
41,Oregon,410174,1,1,0,0,1,1,0,17,DESCHUTES (17),0,NOT APPLICABLE,2,2,7,July,2017,1,Sunday,1,1:00am-1:59am,18,18,1,This section IS ON the NHS,3,State Highway,SR-126 ODOT 15,,1,Rural,3,Principal Arterial - Other,1,State Highway Agency,1089,1089,44.27295,44.27295,-121.2338167,-121.23381667,0,No Special Jurisdiction,17,Boulder,0,Not a Collision with Motor Vehicle In-Transport,0,No,1,Non-Junction,1,Not an Intersection,0,,4,On Roadside,2,Dark - Not Lighted,1,Clear,0,No Additional Atmospheric Conditions,1,Clear,0,No,0000000,Not Applicable,1,1:00am-1:59am,18,18,1,1:00am-1:59am,50,50,88,Not Applicable (Not Transported),88,Not Applicable (Not Transported),0,,0,,0,,1,1
41,Oregon,410175,1,1,0,0,1,1,0,29,JACKSON (29),1310,MEDFORD,3,3,7,July,2017,2,Monday,18,6:00pm-6:59pm,35,35,0,This section IS NOT on the NHS,6,Local Street - Municipality,GARFIELD ST,,2,Urban,4,Minor Arterial,4,City or Municipal Highway Agency,0,,42.30593333,42.30593333,-122.8572111,-122.85721111,0,No Special Jurisdiction,33,Curb,0,Not a Collision with Motor Vehicle In-Transport,0,No,1,Non-Junction,1,Not an Intersection,0,,4,On Roadside,1,Daylight,1,Clear,0,No Additional Atmospheric Conditions,1,Clear,0,No,0000000,Not Applicable,18,6:00pm-6:59pm,35,35,18,6:00pm-6:59pm,39,39,88,Not Applicable (Not Transported),88,Not Applicable (Not Transported),0,,0,,0,,1,1
41,Oregon,410176,1,1,0,1,2,2,1,7,CLATSOP (7),1870,SEASIDE,4,4,7,July,2017,3,Tuesday,3,3:00am-3:59am,13,13,1,This section IS ON the NHS,2,U.S. Highway,US-101 ODOT 9,,2,Urban,3,Principal Arterial - Other,1,State Highway Agency,193,193,46.01623889,46.01623889,-123.91135,-123.91135,0,No Special Jurisdiction,8,Pedestrian,0,Not a Collision with Motor Vehicle In-Transport,0,No,1,Non-Junction,1,Not an Intersection,0,,1,On Roadway,2,Dark - Not Lighted,10,Cloudy,0,No Additional Atmospheric Conditions,10,Cloudy,0,No,0000000,Not Applicable,99,Unknown,99,Unknown,99,Unknown EMS Scene Arrival Hour,99,Unknown EMS Scene Arrival Minutes,88,Not Applicable (Not Transported),88,Not Applicable (Not Transported),0,,0,,0,,1,0
41,Oregon,410177,2,2,0,0,3,3,0,47,MARION (47),0,NOT APPLICABLE,4,4,7,July,2017,3,Tuesday,17,5:00pm-5:59pm,25,25,1,This section IS ON the NHS,3,State Highway,SR-22 ODOT 162,,1,Rural,3,Principal Arterial - Other,1,State Highway Agency,376,376,44.75914444,44.75914444,-122.3265333,-122.32653333,0,No Special Jurisdiction,12,Motor Vehicle In-Transport,2,Front-to-Front,0,No,1,Non-Junction,1,Not an Intersection,0,,1,On Roadway,1,Daylight,1,Clear,0,No Additional Atmospheric Conditions,1,Clear,0,No,0000000,Not Applicable,99,Unknown,99,Unknown,99,Unknown EMS Scene Arrival Hour,99,Unknown EMS Scene Arrival Minutes,99,Unknown,99,Unknown EMS Hospital Arrival Time,0,,0,,0,,1,0
41,Oregon,410178,2,2,0,0,2,2,0,39,LANE (39),0,NOT APPLICABLE,6,6,7,July,2017,5,Thursday,12,12:00pm-12:59pm,16,16,0,This section IS NOT on the NHS,4,County Road,CR-LITTLE FALL CREEK RD,,1,Rural,6,Minor Collector,2,County Highway Agency,16,16,43.96509444,43.96509444,-122.7779306,-122.77793056,0,No Special Jurisdiction,12,Motor Vehicle In-Transport,6,Angle,0,No,1,Non-Junction,1,Not an Intersection,0,,1,On Roadway,1,Daylight,1,Clear,0,No Additional Atmospheric Conditions,1,Clear,0,No,0000000,Not Applicable,99,Unknown,99,Unknown,99,Unknown EMS Scene Arrival Hour,99,Unknown EMS Scene Arrival Minutes,88,Not Applicable (Not Transported),88,Not Applicable (Not Transported),0,,0,,0,,1,0
41,Oregon,410179,1,1,0,0,1,1,0,11,COOS (11),0,NOT APPLICABLE,8,8,7,July,2017,7,Saturday,22,10:00pm-10:59pm,24,24,0,This section IS NOT on the NHS,4,County Road,CR-EAST BAY DR,,1,Rural,5,Major Collector,2,County Highway Agency,77,77,43.369125,43.369125,-124.1580528,-124.15805278,0,No Special Jurisdiction,1,Rollover/Overturn,0,Not a Collision with Motor Vehicle In-Transport,0,No,1,Non-Junction,1,Not an Intersection,0,,4,On Roadside,2,Dark - Not Lighted,10,Cloudy,0,No Additional Atmospheric Conditions,10,Cloudy,0,No,0000000,Not Applicable,22,10:00pm-10:59pm,25,25,22,10:00pm-10:59pm,37,37,88,Not Applicable (Not Transported),88,Not Applicable (Not Transported),0,,0,,0,,1,1
41,Oregon,410180,2,2,0,0,2,2,0,29,JACKSON (29),1630,PHOENIX,8,8,7,July,2017,7,Saturday,22,10:00pm-10:59pm,15,15,1,This section IS ON the NHS,1,Interstate,I-5,,2,Urban,1,Interstate,1,State Highway Agency,241,241,42.28067222,42.28067222,-122.8146833,-122.81468333,0,No Special Jurisdiction,12,Motor Vehicle In-Transport,2,Front-to-Front,0,No,1,Non-Junction,1,Not an Intersection,0,,1,On Roadway,3,Dark - Lighted,1,Clear,0,No Additional Atmospheric Conditions,1,Clear,0,No,0000000,Not Applicable,22,10:00pm-10:59pm,17,17,22,10:00pm-10:59pm,24,24,88,Not Applicable (Not Transported),88,Not Applicable (Not Transported),0,,0,,0,,1,0
41,Oregon,410181,1,1,0,0,1,1,0,53,POLK (53),0,NOT APPLICABLE,8,8,7,July,2017,7,Saturday,99,Unknown Hours,99,Unknown Minutes,0,This section IS NOT on the NHS,3,State Highway,SR-221 ODOT 150,,1,Rural,4,Minor Arterial,1,State Highway Agency,115,115,45.06673611,45.06673611,-123.0744278,-123.07442778,0,No Special Jurisdiction,42,Tree (Standing Only),0,Not a Collision with Motor Vehicle In-Transport,0,No,1,Non-Junction,1,Not an Intersection,0,,4,On Roadside,9,Unknown,1,Clear,0,No Additional Atmospheric Conditions,1,Clear,0,No,0000000,Not Applicable,0,0:00am-0:59am,7,7,0,0:00am-0:59am,51,51,88,Not Applicable (Not Transported),88,Not Applicable (Not Transported),18,Date of Crash and Date of EMS Notification were not the same day,0,,0,,1,0
41,Oregon,410182,1,1,0,0,1,1,0,19,DOUGLAS (19),0,NOT APPLICABLE,10,10,7,July,2017,2,Monday,18,6:00pm-6:59pm,50,50,0,This section IS NOT on the NHS,3,State Highway,SR-138 ODOT 138,,1,Rural,4,Minor Arterial,1,State Highway Agency,89,89,43.26667222,43.26667222,-123.2072111,-123.20721111,0,No Special Jurisdiction,30,Utility Pole/Light Support,0,Not a Collision with Motor Vehicle In-Transport,0,No,1,Non-Junction,1,Not an Intersection,0,,4,On Roadside,1,Daylight,1,Clear,0,No Additional Atmospheric Conditions,1,Clear,0,No,0000000,Not Applicable,18,6:00pm-6:59pm,50,50,19,7:00pm-7:59pm,10,10,88,Not Applicable (Not Transported),88,Not Applicable (Not Transported),0,,0,,0,,1,0
41,Oregon,410183,1,1,0,0,2,2,0,21,GILLIAM (21),0,NOT APPLICABLE,11,11,7,July,2017,3,Tuesday,13,1:00pm-1:59pm,32,32,1,This section IS ON the NHS,1,Interstate,I-84,,1,Rural,1,Interstate,1,State Highway Agency,1185,1185,45.73421667,45.73421667,-120.5722083,-120.57220833,0,No Special Jurisdiction,1,Rollover/Overturn,0,Not a Collision with Motor Vehicle In-Transport,0,No,1,Non-Junction,1,Not an Intersection,0,,4,On Roadside,1,Daylight,1,Clear,0,No Additional Atmospheric Conditions,1,Clear,0,No,0000000,Not Applicable,13,1:00pm-1:59pm,31,31,13,1:00pm-1:59pm,46,46,99,Unknown,99,Unknown EMS Hospital Arrival Time,0,,0,,0,,1,0
41,Oregon,410184,1,1,0,0,1,1,0,47,MARION (47),0,NOT APPLICABLE,13,13,7,July,2017,5,Thursday,9,9:00am-9:59am,20,20,0,This section IS NOT on the NHS,4,County Road,CR-RIVER RD NE,,1,Rural,4,Minor Arterial,2,County Highway Agency,91,91,45.1009,45.1009,-122.9760944,-122.97609444,0,No Special Jurisdiction,35,Embankment,0,Not a Collision with Motor Vehicle In-Transport,0,No,1,Non-Junction,1,Not an Intersection,0,,4,On Roadside,1,Daylight,10,Cloudy,0,No Additional Atmospheric Conditions,10,Cloudy,0,No,0000000,Not Applicable,9,9:00am-9:59am,22,22,9,9:00am-9:59am,37,37,88,Not Applicable (Not Transported),88,Not Applicable (Not Transported),0,,0,,0,,1,0
41,Oregon,410185,1,1,0,0,1,1,0,51,MULTNOMAH (51),1650,PORTLAND,13,13,7,July,2017,5,Thursday,0,0:00am-0:59am,47,47,0,This section IS NOT on the NHS,6,Local Street - Municipality,N BROADWAY ST,,2,Urban,3,Principal Arterial - Other,4,City or Municipal Highway Agency,0,,45.53413056,45.53413056,-122.6700361,-122.67003611,0,No Special Jurisdiction,30,Utility Pole/Light Support,0,Not a Collision with Motor Vehicle In-Transport,0,No,1,Non-Junction,1,Not an Intersection,0,,4,On Roadside,3,Dark - Lighted,1,Clear,0,No Additional Atmospheric Conditions,1,Clear,0,No,0000000,Not Applicable,0,0:00am-0:59am,47,47,0,0:00am-0:59am,49,49,88,Not Applicable (Not Transported),88,Not Applicable (Not Transported),0,,0,,0,,1,1
41,Oregon,410186,2,2,0,0,2,2,0,71,YAMHILL (71),0,NOT APPLICABLE,4,4,8,August,2017,6,Friday,23,11:00pm-11:59pm,17,17,0,This section IS NOT on the NHS,3,State Highway,SR-240 ODOT 151,,1,Rural,4,Minor Arterial,1,State Highway Agency,64,64,45.32060833,45.32060833,-123.0726972,-123.07269722,0,No Special Jurisdiction,12,Motor Vehicle In-Transport,2,Front-to-Front,0,No,1,Non-Junction,1,Not an Intersection,0,,1,On Roadway,2,Dark - Not Lighted,1,Clear,0,No Additional Atmospheric Conditions,1,Clear,0,No,0000000,Not Applicable,99,Unknown,99,Unknown,99,Unknown EMS Scene Arrival Hour,99,Unknown EMS Scene Arrival Minutes,99,Unknown,99,Unknown EMS Hospital Arrival Time,0,,0,,0,,1,1
41,Oregon,410187,1,1,0,0,1,1,0,53,POLK (53),0,NOT APPLICABLE,4,4,8,August,2017,6,Friday,8,8:00am-8:59am,34,34,0,This section IS NOT on the NHS,4,County Road,CR-CORVALLIS RD,CR-BUENA VISTA RD,1,Rural,5,Major Collector,2,County Highway Agency,9,9,44.83069167,44.83069167,-123.1839444,-123.18394444,0,No Special Jurisdiction,34,Ditch,0,Not a Collision with Motor Vehicle In-Transport,0,No,3,Intersection-Related,3,T-Intersection,0,,4,On Roadside,1,Daylight,1,Clear,0,No Additional Atmospheric Conditions,1,Clear,0,No,0000000,Not Applicable,8,8:00am-8:59am,35,35,8,8:00am-8:59am,38,38,9,9:00am-9:59am,13,13,0,,0,,0,,1,0
41,Oregon,410188,2,2,0,0,2,2,0,39,LANE (39),0,NOT APPLICABLE,5,5,8,August,2017,7,Saturday,6,6:00am-6:59am,28,28,0,This section IS NOT on the NHS,4,County Road,CR-MARCOLA RD,,1,Rural,5,Major Collector,2,County Highway Agency,42,42,44.11675,44.11675,-122.9204444,-122.92044444,0,No Special Jurisdiction,12,Motor Vehicle In-Transport,2,Front-to-Front,0,No,1,Non-Junction,1,Not an Intersection,0,,1,On Roadway,1,Daylight,1,Clear,0,No Additional Atmospheric Conditions,1,Clear,0,No,0000000,Not Applicable,6,6:00am-6:59am,28,28,6,6:00am-6:59am,35,35,7,7:00am-7:59am,7,7,0,,0,,0,,2,0
41,Oregon,410189,1,1,0,0,1,1,0,51,MULTNOMAH (51),1650,PORTLAND,6,6,8,August,2017,1,Sunday,16,4:00pm-4:59pm,5,5,0,This section IS NOT on the NHS,6,Local Street - Municipality,SE 99TH AVE,E BURNSIDE ST,2,Urban,5,Major Collector,4,City or Municipal Highway Agency,0,,45.52266111,45.52266111,-122.5622472,-122.56224722,0,No Special Jurisdiction,74,Road Vehicle on Rails,0,Not a Collision with Motor Vehicle In-Transport,0,No,3,Intersection-Related,2,Four-Way Intersection,0,,1,On Roadway,1,Daylight,1,Clear,0,No Additional Atmospheric Conditions,1,Clear,0,No,0000000,Not Applicable,16,4:00pm-4:59pm,5,5,16,4:00pm-4:59pm,11,11,88,Not Applicable (Not Transported),88,Not Applicable (Not Transported),0,,0,,0,,1,0
41,Oregon,410191,1,1,0,0,1,1,0,39,LANE (39),0,NOT APPLICABLE,9,9,8,August,2017,4,Wednesday,16,4:00pm-4:59pm,20,20,1,This section IS ON the NHS,3,State Highway,SR-126 ODOT 62,,1,Rural,3,Principal Arterial - Other,1,State Highway Agency,304,304,44.13973333,44.13973333,-122.5573167,-122.55731667,0,No Special Jurisdiction,17,Boulder,0,Not a Collision with Motor Vehicle In-Transport,0,No,1,Non-Junction,1,Not an Intersection,0,,4,On Roadside,1,Daylight,1,Clear,0,No Additional Atmospheric Conditions,1,Clear,0,No,0000000,Not Applicable,4,4:00am-4:59am,24,24,4,4:00am-4:59am,35,35,88,Not Applicable (Not Transported),88,Not Applicable (Not Transported),0,,0,,0,,1,0
41,Oregon,410192,2,2,0,0,3,3,0,29,JACKSON (29),0,NOT APPLICABLE,10,10,8,August,2017,5,Thursday,17,5:00pm-5:59pm,25,25,0,This section IS NOT on the NHS,4,County Road,CR-W EVANS CREEK RD,,2,Urban,6,Minor Collector,2,County Highway Agency,10,10,42.44874722,42.44874722,-123.1709167,-123.17091667,0,No Special Jurisdiction,12,Motor Vehicle In-Transport,2,Front-to-Front,0,No,1,Non-Junction,1,Not an Intersection,0,,1,On Roadway,1,Daylight,1,Clear,0,No Additional Atmospheric Conditions,1,Clear,0,No,0000000,Not Applicable,17,5:00pm-5:59pm,25,25,17,5:00pm-5:59pm,35,35,88,Not Applicable (Not Transported),88,Not Applicable (Not Transported),0,,0,,0,,1,1
41,Oregon,410193,10,10,0,0,12,12,0,69,WHEELER (69),0,NOT APPLICABLE,27,27,5,May,2017,7,Saturday,22,10:00pm-10:59pm,34,34,0,This section IS NOT on the NHS,3,State Highway,SR-19 ODOT 5,,1,Rural,4,Minor Arterial,1,State Highway Agency,599,599,44.99416944,44.99416944,-120.2000611,-120.20006111,0,No Special Jurisdiction,12,Motor Vehicle In-Transport,2,Front-to-Front,0,No,1,Non-Junction,1,Not an Intersection,0,,1,On Roadway,2,Dark - Not Lighted,1,Clear,0,No Additional Atmospheric Conditions,1,Clear,0,No,0000000,Not Applicable,22,10:00pm-10:59pm,34,34,22,10:00pm-10:59pm,40,40,99,Unknown,99,Unknown EMS Hospital Arrival Time,0,,0,,0,,3,1
41,Oregon,410194,1,1,0,0,1,1,0,5,CLACKAMAS (5),0,NOT APPLICABLE,13,13,7,July,2017,5,Thursday,15,3:00pm-3:59pm,1,1,0,This section IS NOT on the NHS,3,State Highway,SR-211 ODOT 161,,1,Rural,4,Minor Arterial,1,State Highway Agency,291,291,45.38839722,45.38839722,-122.2641306,-122.26413056,0,No Special Jurisdiction,42,Tree (Standing Only),0,Not a Collision with Motor Vehicle In-Transport,0,No,1,Non-Junction,1,Not an Intersection,0,,4,On Roadside,1,Daylight,1,Clear,0,No Additional Atmospheric Conditions,1,Clear,0,No,0000000,Not Applicable,15,3:00pm-3:59pm,1,1,15,3:00pm-3:59pm,5,5,88,Not Applicable (Not Transported),88,Not Applicable (Not Transported),0,,0,,0,,1,0
41,Oregon,410195,1,1,0,0,1,1,0,25,HARNEY (25),0,NOT APPLICABLE,14,14,7,July,2017,6,Friday,11,11:00am-11:59am,50,50,1,This section IS ON the NHS,2,U.S. Highway,US-20 ODOT 7,,1,Rural,3,Principal Arterial - Other,1,State Highway Agency,1632,1632,43.71930556,43.71930556,-118.510525,-118.510525,0,No Special Jurisdiction,1,Rollover/Overturn,0,Not a Collision with Motor Vehicle In-Transport,0,No,1,Non-Junction,1,Not an Intersection,1,Construction,4,On Roadside,1,Daylight,1,Clear,0,No Additional Atmospheric Conditions,1,Clear,0,No,0000000,Not Applicable,11,11:00am-11:59am,52,52,12,12:00pm-12:59pm,20,20,88,Not Applicable (Not Transported),88,Not Applicable (Not Transported),0,,0,,0,,1,0
41,Oregon,410196,1,1,0,1,1,1,1,51,MULTNOMAH (51),1650,PORTLAND,14,14,7,July,2017,6,Friday,0,0:00am-0:59am,46,46,1,This section IS ON the NHS,6,Local Street - Municipality,SE POWELL BLVD,,2,Urban,3,Principal Arterial - Other,4,City or Municipal Highway Agency,34,34,45.49748611,45.49748611,-122.6110972,-122.61109722,0,No Special Jurisdiction,8,Pedestrian,0,Not a Collision with Motor Vehicle In-Transport,0,No,1,Non-Junction,1,Not an Intersection,0,,1,On Roadway,3,Dark - Lighted,1,Clear,0,No Additional Atmospheric Conditions,1,Clear,0,No,0000000,Not Applicable,0,0:00am-0:59am,49,49,0,0:00am-0:59am,53,53,1,1:00am-1:59am,14,14,0,,0,,0,,1,0
41,Oregon,410197,2,2,0,0,4,4,0,47,MARION (47),0,NOT APPLICABLE,20,20,7,July,2017,5,Thursday,23,11:00pm-11:59pm,55,55,0,This section IS NOT on the NHS,3,State Highway,SR-211 ODOT 161,,1,Rural,4,Minor Arterial,1,State Highway Agency,4,4,45.15122222,45.15122222,-122.8201167,-122.82011667,0,No Special Jurisdiction,12,Motor Vehicle In-Transport,1,Front-to-Rear,0,No,1,Non-Junction,1,Not an Intersection,0,,1,On Roadway,2,Dark - Not Lighted,1,Clear,0,No Additional Atmospheric Conditions,1,Clear,0,No,0000000,Not Applicable,23,11:00pm-11:59pm,55,55,0,0:00am-0:59am,0,0,0,0:00am-0:59am,38,38,0,,0,,0,,1,0
41,Oregon,410198,1,1,0,0,1,1,0,45,MALHEUR (45),0,NOT APPLICABLE,15,15,7,July,2017,7,Saturday,1,1:00am-1:59am,5,5,0,This section IS NOT on the NHS,4,County Road,CR-LAGOON DR,,1,Rural,5,Major Collector,2,County Highway Agency,56,56,43.99508611,43.99508611,-117.2064778,-117.20647778,0,No Special Jurisdiction,1,Rollover/Overturn,0,Not a Collision with Motor Vehicle In-Transport,0,No,1,Non-Junction,1,Not an Intersection,0,,4,On Roadside,2,Dark - Not Lighted,1,Clear,0,No Additional Atmospheric Conditions,1,Clear,0,No,0000000,Not Applicable,1,1:00am-1:59am,11,11,1,1:00am-1:59am,25,25,88,Not Applicable (Not Transported),88,Not Applicable (Not Transported),0,,0,,0,,1,1
41,Oregon,410199,1,1,0,0,2,2,0,19,DOUGLAS (19),0,NOT APPLICABLE,16,16,7,July,2017,1,Sunday,16,4:00pm-4:59pm,59,59,1,This section IS ON the NHS,1,Interstate,I-5,,1,Rural,1,Interstate,1,State Highway Agency,1330,1330,43.33808889,43.33808889,-123.3342278,-123.33422778,0,No Special Jurisdiction,1,Rollover/Overturn,0,Not a Collision with Motor Vehicle In-Transport,0,No,1,Non-Junction,1,Not an Intersection,0,,4,On Roadside,1,Daylight,1,Clear,0,No Additional Atmospheric Conditions,1,Clear,0,No,0000000,Not Applicable,16,4:00pm-4:59pm,59,59,17,5:00pm-5:59pm,5,5,99,Unknown,99,Unknown EMS Hospital Arrival Time,0,,0,,0,,1,0
41,Oregon,410200,1,1,0,0,1,1,0,39,LANE (39),660,EUGENE,19,19,7,July,2017,4,Wednesday,23,11:00pm-11:59pm,55,55,0,This section IS NOT on the NHS,6,Local Street - Municipality,GREENHILL RD,,2,Urban,4,Minor Arterial,4,City or Municipal Highway Agency,0,,44.07400833,44.07400833,-123.2084556,-123.20845556,0,No Special Jurisdiction,1,Rollover/Overturn,0,Not a Collision with Motor Vehicle In-Transport,0,No,1,Non-Junction,1,Not an Intersection,0,,5,Outside Trafficway,2,Dark - Not Lighted,1,Clear,0,No Additional Atmospheric Conditions,1,Clear,0,No,0000000,Not Applicable,0,0:00am-0:59am,1,1,0,0:00am-0:59am,4,4,88,Not Applicable (Not Transported),88,Not Applicable (Not Transported),18,Date of Crash and Date of EMS Notification were not the same day,0,,0,,1,0
41,Oregon,410201,1,1,0,0,1,1,0,39,LANE (39),0,NOT APPLICABLE,21,21,7,July,2017,6,Friday,20,8:00pm-8:59pm,59,59,0,This section IS NOT on the NHS,4,County Road,CR-HORTON RD,,1,Rural,5,Major Collector,2,County Highway Agency,20,20,44.20822222,44.20822222,-123.4941583,-123.49415833,0,No Special Jurisdiction,34,Ditch,0,Not a Collision with Motor Vehicle In-Transport,0,No,1,Non-Junction,1,Not an Intersection,0,,4,On Roadside,5,Dusk,1,Clear,0,No Additional Atmospheric Conditions,1,Clear,0,No,0000000,Not Applicable,20,8:00pm-8:59pm,59,59,21,9:00pm-9:59pm,20,20,88,Not Applicable (Not Transported),88,Not Applicable (Not Transported),0,,0,,0,,1,1
41,Oregon,410202,2,2,0,0,3,3,0,53,POLK (53),0,NOT APPLICABLE,22,22,7,July,2017,7,Saturday,3,3:00am-3:59am,54,54,0,This section IS NOT on the NHS,3,State Highway,SR-99 ODOT 91,,1,Rural,4,Minor Arterial,1,State Highway Agency,670,670,44.796,44.796,-123.2352417,-123.23524167,0,No Special Jurisdiction,12,Motor Vehicle In-Transport,2,Front-to-Front,0,No,1,Non-Junction,1,Not an Intersection,0,,4,On Roadside,2,Dark - Not Lighted,1,Clear,0,No Additional Atmospheric Conditions,1,Clear,0,No,0000000,Not Applicable,3,3:00am-3:59am,54,54,4,4:00am-4:59am,4,4,4,4:00am-4:59am,46,46,0,,0,,0,,1,0
41,Oregon,410203,2,2,0,0,5,5,0,35,KLAMATH (35),0,NOT APPLICABLE,23,23,7,July,2017,1,Sunday,21,9:00pm-9:59pm,52,52,1,This section IS ON the NHS,3,State Highway,SR-140 ODOT 270,,1,Rural,3,Principal Arterial - Other,1,State Highway Agency,580,580,42.19372222,42.19372222,-121.6807639,-121.68076389,0,No Special Jurisdiction,12,Motor Vehicle In-Transport,2,Front-to-Front,0,No,1,Non-Junction,1,Not an Intersection,0,,1,On Roadway,3,Dark - Lighted,1,Clear,0,No Additional Atmospheric Conditions,1,Clear,0,No,0000000,Not Applicable,23,11:00pm-11:59pm,58,58,0,0:00am-0:59am,2,2,0,0:00am-0:59am,38,38,0,,0,,0,,1,0
41,Oregon,410204,1,1,0,0,1,1,0,29,JACKSON (29),840,GOLD HILL,23,23,7,July,2017,1,Sunday,20,8:00pm-8:59pm,19,19,0,This section IS NOT on the NHS,3,State Highway,SR-234 ODOT 271,,2,Urban,4,Minor Arterial,1,State Highway Agency,35,35,42.44389444,42.44389444,-123.044725,-123.044725,0,No Special Jurisdiction,34,Ditch,0,Not a Collision with Motor Vehicle In-Transport,0,No,1,Non-Junction,1,Not an Intersection,0,,4,On Roadside,1,Daylight,1,Clear,0,No Additional Atmospheric Conditions,1,Clear,0,No,0000000,Not Applicable,20,8:00pm-8:59pm,19,19,20,8:00pm-8:59pm,30,30,99,Unknown,99,Unknown EMS Hospital Arrival Time,0,,0,,0,,1,1
41,Oregon,410205,1,1,0,1,1,1,1,51,MULTNOMAH (51),1650,PORTLAND,24,24,7,July,2017,2,Monday,2,2:00am-2:59am,51,51,1,This section IS ON the NHS,1,Interstate,I-205,,2,Urban,1,Interstate,1,State Highway Agency,176,176,45.44995833,45.44995833,-122.5716306,-122.57163056,0,No Special Jurisdiction,8,Pedestrian,0,Not a Collision with Motor Vehicle In-Transport,0,No,1,Non-Junction,1,Not an Intersection,0,,1,On Roadway,2,Dark - Not Lighted,1,Clear,0,No Additional Atmospheric Conditions,1,Clear,0,No,0000000,Not Applicable,99,Unknown,99,Unknown,99,Unknown EMS Scene Arrival Hour,99,Unknown EMS Scene Arrival Minutes,88,Not Applicable (Not Transported),88,Not Applicable (Not Transported),0,,0,,0,,1,0
41,Oregon,410206,2,2,0,0,2,2,0,19,DOUGLAS (19),0,NOT APPLICABLE,27,27,7,July,2017,5,Thursday,15,3:00pm-3:59pm,30,30,1,This section IS ON the NHS,3,State Highway,SR-42 ODOT 35,,1,Rural,3,Principal Arterial - Other,1,State Highway Agency,629,629,43.07813611,43.07813611,-123.5813694,-123.58136944,0,No Special Jurisdiction,12,Motor Vehicle In-Transport,6,Angle,0,No,1,Non-Junction,1,Not an Intersection,0,,1,On Roadway,1,Daylight,1,Clear,0,No Additional Atmospheric Conditions,1,Clear,0,No,0000000,Not Applicable,15,3:00pm-3:59pm,30,30,15,3:00pm-3:59pm,42,42,99,Unknown,99,Unknown EMS Hospital Arrival Time,0,,0,,0,,1,0
41,Oregon,410207,1,1,0,1,2,2,1,51,MULTNOMAH (51),1650,PORTLAND,1,1,7,July,2017,7,Saturday,17,5:00pm-5:59pm,25,25,0,This section IS NOT on the NHS,6,Local Street - Municipality,SE 122ND AVE,,2,Urban,4,Minor Arterial,4,City or Municipal Highway Agency,0,,45.48664444,45.48664444,-122.53785,-122.53785,0,No Special Jurisdiction,8,Pedestrian,0,Not a Collision with Motor Vehicle In-Transport,0,No,1,Non-Junction,1,Not an Intersection,0,,1,On Roadway,1,Daylight,1,Clear,0,No Additional Atmospheric Conditions,1,Clear,0,No,0000000,Not Applicable,17,5:00pm-5:59pm,25,25,17,5:00pm-5:59pm,30,30,17,5:00pm-5:59pm,59,59,0,,0,,0,,1,0
41,Oregon,410208,1,1,0,0,1,1,0,47,MARION (47),0,NOT APPLICABLE,2,2,7,July,2017,1,Sunday,18,6:00pm-6:59pm,19,19,0,This section IS NOT on the NHS,4,County Road,CR-DUCK INN RD NE,,1,Rural,7,Local,2,County Highway Agency,4,4,45.08367778,45.08367778,-122.8877333,-122.88773333,0,No Special Jurisdiction,1,Rollover/Overturn,0,Not a Collision with Motor Vehicle In-Transport,0,No,1,Non-Junction,1,Not an Intersection,0,,4,On Roadside,1,Daylight,1,Clear,0,No Additional Atmospheric Conditions,1,Clear,0,No,0000000,Not Applicable,18,6:00pm-6:59pm,19,19,18,6:00pm-6:59pm,36,36,88,Not Applicable (Not Transported),88,Not Applicable (Not Transported),0,,0,,0,,1,1
41,Oregon,410209,2,2,0,0,2,2,0,65,WASCO (65),0,NOT APPLICABLE,3,3,7,July,2017,2,Monday,7,7:00am-7:59am,59,59,1,This section IS ON the NHS,2,U.S. Highway,US-26 ODOT 53,,1,Rural,3,Principal Arterial - Other,1,State Highway Agency,741,741,45.07233056,45.07233056,-121.5312111,-121.53121111,0,No Special Jurisdiction,12,Motor Vehicle In-Transport,2,Front-to-Front,0,No,1,Non-Junction,1,Not an Intersection,0,,1,On Roadway,1,Daylight,1,Clear,0,No Additional Atmospheric Conditions,1,Clear,0,No,0000000,Not Applicable,99,Unknown,99,Unknown,99,Unknown EMS Scene Arrival Hour,99,Unknown EMS Scene Arrival Minutes,99,Unknown,99,Unknown EMS Hospital Arrival Time,0,,0,,0,,1,0
41,Oregon,410210,4,1,3,0,2,2,0,29,JACKSON (29),0,NOT APPLICABLE,5,5,7,July,2017,4,Wednesday,21,9:00pm-9:59pm,36,36,0,This section IS NOT on the NHS,4,County Road,CR-E EVANS CREEK RD,,1,Rural,4,Minor Arterial,2,County Highway Agency,276,276,42.47143889,42.47143889,-123.1643361,-123.16433611,0,No Special Jurisdiction,1,Rollover/Overturn,0,Not a Collision with Motor Vehicle In-Transport,0,No,1,Non-Junction,1,Not an Intersection,0,,4,On Roadside,2,Dark - Not Lighted,1,Clear,0,No Additional Atmospheric Conditions,1,Clear,0,No,0000000,Not Applicable,21,9:00pm-9:59pm,38,38,21,9:00pm-9:59pm,45,45,99,Unknown,99,Unknown EMS Hospital Arrival Time,0,,0,,0,,1,1
41,Oregon,410211,3,3,0,1,3,3,1,43,LINN (43),0,NOT APPLICABLE,10,10,7,July,2017,2,Monday,21,9:00pm-9:59pm,55,55,1,This section IS ON the NHS,1,Interstate,I-5,,2,Urban,1,Interstate,1,State Highway Agency,2310,2310,44.59990556,44.59990556,-123.0621556,-123.06215556,0,No Special Jurisdiction,8,Pedestrian,0,Not a Collision with Motor Vehicle In-Transport,0,No,1,Non-Junction,1,Not an Intersection,0,,1,On Roadway,5,Dusk,1,Clear,0,No Additional Atmospheric Conditions,1,Clear,0,No,0000000,Not Applicable,21,9:00pm-9:59pm,55,55,21,9:00pm-9:59pm,56,56,88,Not Applicable (Not Transported),88,Not Applicable (Not Transported),0,,0,,0,,1,0
41,Oregon,410212,2,2,0,0,4,4,0,17,DESCHUTES (17),0,NOT APPLICABLE,28,28,7,July,2017,6,Friday,17,5:00pm-5:59pm,2,2,1,This section IS ON the NHS,2,U.S. Highway,US-20 ODOT 16,,1,Rural,3,Principal Arterial - Other,1,State Highway Agency,925,925,44.38328611,44.38328611,-121.6600611,-121.66006111,0,No Special Jurisdiction,12,Motor Vehicle In-Transport,2,Front-to-Front,0,No,1,Non-Junction,1,Not an Intersection,0,,1,On Roadway,1,Daylight,1,Clear,0,No Additional Atmospheric Conditions,1,Clear,0,No,0000000,Not Applicable,17,5:00pm-5:59pm,2,2,17,5:00pm-5:59pm,10,10,88,Not Applicable (Not Transported),88,Not Applicable (Not Transported),0,,0,,0,,1,1
41,Oregon,410213,2,2,0,1,2,2,1,67,WASHINGTON (67),0,NOT APPLICABLE,30,30,7,July,2017,1,Sunday,18,6:00pm-6:59pm,32,32,0,This section IS NOT on the NHS,3,State Highway,SR-99 ODOT 91,,2,Urban,4,Minor Arterial,1,State Highway Agency,120,120,45.39634722,45.39634722,-122.7986861,-122.79868611,0,No Special Jurisdiction,12,Motor Vehicle In-Transport,6,Angle,0,No,8,Driveway Access Related,1,Not an Intersection,0,,1,On Roadway,1,Daylight,1,Clear,0,No Additional Atmospheric Conditions,1,Clear,0,No,0000000,Not Applicable,99,Unknown,99,Unknown,99,Unknown EMS Scene Arrival Hour,99,Unknown EMS Scene Arrival Minutes,99,Unknown,99,Unknown EMS Hospital Arrival Time,0,,0,,0,,1,2
41,Oregon,410214,2,2,0,0,2,2,0,3,BENTON (3),0,NOT APPLICABLE,31,31,7,July,2017,2,Monday,14,2:00pm-2:59pm,44,44,1,This section IS ON the NHS,2,U.S. Highway,US-20 ODOT 31,CR-CONIFER BLVD,2,Urban,3,Principal Arterial - Other,1,State Highway Agency,29,29,44.59741389,44.59741389,-123.22425,-123.22425,0,No Special Jurisdiction,12,Motor Vehicle In-Transport,6,Angle,0,No,2,Intersection,3,T-Intersection,0,,1,On Roadway,1,Daylight,1,Clear,0,No Additional Atmospheric Conditions,1,Clear,0,No,0000000,Not Applicable,14,2:00pm-2:59pm,44,44,14,2:00pm-2:59pm,50,50,88,Not Applicable (Not Transported),88,Not Applicable (Not Transported),0,,0,,0,,1,0
41,Oregon,410215,2,2,0,0,3,3,0,3,BENTON (3),0,NOT APPLICABLE,31,31,7,July,2017,2,Monday,20,8:00pm-8:59pm,36,36,0,This section IS NOT on the NHS,4,County Road,CR-HIGHLAND DR,,2,Urban,4,Minor Arterial,2,County Highway Agency,9,9,44.61457778,44.61457778,-123.2622917,-123.26229167,0,No Special Jurisdiction,12,Motor Vehicle In-Transport,6,Angle,0,No,1,Non-Junction,1,Not an Intersection,0,,1,On Roadway,1,Daylight,1,Clear,0,No Additional Atmospheric Conditions,1,Clear,0,No,0000000,Not Applicable,99,Unknown,99,Unknown,99,Unknown EMS Scene Arrival Hour,99,Unknown EMS Scene Arrival Minutes,88,Not Applicable (Not Transported),88,Not Applicable (Not Transported),0,,0,,0,,2,1
41,Oregon,410216,1,1,0,0,3,3,0,43,LINN (43),0,NOT APPLICABLE,10,10,8,August,2017,5,Thursday,16,4:00pm-4:59pm,30,30,0,This section IS NOT on the NHS,4,County Road,CR-STAYTON SCIO RD,,1,Rural,5,Major Collector,2,County Highway Agency,14,14,44.718125,44.718125,-122.840075,-122.840075,0,No Special Jurisdiction,42,Tree (Standing Only),0,Not a Collision with Motor Vehicle In-Transport,0,No,1,Non-Junction,1,Not an Intersection,0,,4,On Roadside,1,Daylight,98,Not Reported,0,No Additional Atmospheric Conditions,98,Not Reported,0,No,0000000,Not Applicable,16,4:00pm-4:59pm,31,31,17,5:00pm-5:59pm,20,20,17,5:00pm-5:59pm,40,40,0,,0,,0,,1,0
41,Oregon,410217,1,1,0,0,3,3,0,9,COLUMBIA (9),0,NOT APPLICABLE,5,5,4,April,2017,4,Wednesday,18,6:00pm-6:59pm,1,1,0,This section IS NOT on the NHS,6,Local Street - Municipality,CR- PEBBLE CREEK RD,,1,Rural,6,Minor Collector,2,County Highway Agency,3,3,45.85514167,45.85514167,-123.1685361,-123.16853611,0,No Special Jurisdiction,1,Rollover/Overturn,0,Not a Collision with Motor Vehicle In-Transport,0,No,1,Non-Junction,1,Not an Intersection,0,,4,On Roadside,1,Daylight,98,Not Reported,0,No Additional Atmospheric Conditions,98,Not Reported,0,No,0000000,Not Applicable,18,6:00pm-6:59pm,1,1,18,6:00pm-6:59pm,6,6,19,7:00pm-7:59pm,42,42,0,,0,,0,,1,0
41,Oregon,410218,3,3,0,0,4,4,0,19,DOUGLAS (19),0,NOT APPLICABLE,30,30,7,July,2017,1,Sunday,16,4:00pm-4:59pm,23,23,1,This section IS ON the NHS,3,State Highway,SR-38 ODOT 45,,1,Rural,3,Principal Arterial - Other,1,State Highway Agency,202,202,43.66048056,43.66048056,-123.7862,-123.7862,0,No Special Jurisdiction,12,Motor Vehicle In-Transport,2,Front-to-Front,0,No,1,Non-Junction,1,Not an Intersection,0,,1,On Roadway,1,Daylight,1,Clear,0,No Additional Atmospheric Conditions,1,Clear,0,No,0000000,Not Applicable,16,4:00pm-4:59pm,28,28,16,4:00pm-4:59pm,29,29,99,Unknown,99,Unknown EMS Hospital Arrival Time,0,,0,,0,,1,0
41,Oregon,410219,1,1,0,0,1,1,0,41,LINCOLN (41),0,NOT APPLICABLE,24,24,7,July,2017,2,Monday,7,7:00am-7:59am,53,53,1,This section IS ON the NHS,2,U.S. Highway,US-20 ODOT 33,,1,Rural,3,Principal Arterial - Other,1,State Highway Agency,99,99,44.66413056,44.66413056,-123.8990306,-123.89903056,0,No Special Jurisdiction,24,Guardrail Face,0,Not a Collision with Motor Vehicle In-Transport,0,No,1,Non-Junction,1,Not an Intersection,0,,4,On Roadside,1,Daylight,1,Clear,0,No Additional Atmospheric Conditions,1,Clear,0,No,0000000,Not Applicable,7,7:00am-7:59am,55,55,8,8:00am-8:59am,1,1,88,Not Applicable (Not Transported),88,Not Applicable (Not Transported),0,,0,,0,,1,0
41,Oregon,410220,1,1,0,0,1,1,0,23,GRANT (23),0,NOT APPLICABLE,11,11,8,August,2017,6,Friday,14,2:00pm-2:59pm,45,45,0,This section IS NOT on the NHS,4,County Road,CR-COUNTY ROAD 20,,1,Rural,7,Local,2,County Highway Agency,318,318,44.79618889,44.79618889,-118.9323222,-118.93232222,0,No Special Jurisdiction,1,Rollover/Overturn,0,Not a Collision with Motor Vehicle In-Transport,0,No,1,Non-Junction,1,Not an Intersection,0,,4,On Roadside,1,Daylight,1,Clear,0,No Additional Atmospheric Conditions,1,Clear,0,No,0000000,Not Applicable,14,2:00pm-2:59pm,59,59,15,3:00pm-3:59pm,37,37,88,Not Applicable (Not Transported),88,Not Applicable (Not Transported),0,,0,,0,,1,0
41,Oregon,410221,1,1,0,0,1,1,0,47,MARION (47),780,GERVAIS,11,11,8,August,2017,6,Friday,13,1:00pm-1:59pm,52,52,0,This section IS NOT on the NHS,6,Local Street - Municipality,RIVER RD NE,,1,Rural,4,Minor Arterial,4,City or Municipal Highway Agency,27,27,45.08998333,45.08998333,-122.9766833,-122.97668333,0,No Special Jurisdiction,30,Utility Pole/Light Support,0,Not a Collision with Motor Vehicle In-Transport,0,No,1,Non-Junction,1,Not an Intersection,0,,4,On Roadside,1,Daylight,1,Clear,0,No Additional Atmospheric Conditions,1,Clear,0,No,0000000,Not Applicable,13,1:00pm-1:59pm,52,52,14,2:00pm-2:59pm,10,10,88,Not Applicable (Not Transported),88,Not Applicable (Not Transported),0,,0,,0,,1,1
41,Oregon,410222,1,1,0,0,1,1,0,5,CLACKAMAS (5),0,NOT APPLICABLE,12,12,8,August,2017,7,Saturday,9,9:00am-9:59am,30,30,0,This section IS NOT on the NHS,8,Other,USFS RD 46,,1,Rural,5,Major Collector,64,U.S. Forest Service,0,,45.06920556,45.06920556,-122.0444472,-122.04444722,0,No Special Jurisdiction,1,Rollover/Overturn,0,Not a Collision with Motor Vehicle In-Transport,0,No,1,Non-Junction,1,Not an Intersection,0,,1,On Roadway,1,Daylight,1,Clear,0,No Additional Atmospheric Conditions,1,Clear,0,No,0000000,Not Applicable,99,Unknown,99,Unknown,99,Unknown EMS Scene Arrival Hour,99,Unknown EMS Scene Arrival Minutes,88,Not Applicable (Not Transported),88,Not Applicable (Not Transported),0,,0,,0,,1,0
41,Oregon,410223,1,1,0,1,1,1,1,39,LANE (39),1550,OAKRIDGE,13,13,8,August,2017,1,Sunday,21,9:00pm-9:59pm,35,35,1,This section IS ON the NHS,3,State Highway,SR-58 ODOT 18,,1,Rural,3,Principal Arterial - Other,1,State Highway Agency,346,346,43.74666944,43.74666944,-122.4850833,-122.48508333,0,No Special Jurisdiction,9,Pedalcyclist,0,Not a Collision with Motor Vehicle In-Transport,0,No,8,Driveway Access Related,1,Not an Intersection,0,,1,On Roadway,3,Dark - Lighted,1,Clear,0,No Additional Atmospheric Conditions,1,Clear,0,No,0000000,Not Applicable,21,9:00pm-9:59pm,40,40,21,9:00pm-9:59pm,41,41,22,10:00pm-10:59pm,39,39,0,,0,,0,,1,0
41,Oregon,410224,1,1,0,0,2,2,0,51,MULTNOMAH (51),1650,PORTLAND,6,6,8,August,2017,1,Sunday,1,1:00am-1:59am,51,51,0,This section IS NOT on the NHS,6,Local Street - Municipality,CR-SE 282ND AVE,,2,Urban,5,Major Collector,2,County Highway Agency,0,,45.49083889,45.49083889,-122.3727056,-122.37270556,0,No Special Jurisdiction,1,Rollover/Overturn,0,Not a Collision with Motor Vehicle In-Transport,0,No,1,Non-Junction,1,Not an Intersection,0,,4,On Roadside,2,Dark - Not Lighted,98,Not Reported,0,No Additional Atmospheric Conditions,98,Not Reported,0,No,0000000,Not Applicable,99,Unknown,99,Unknown,99,Unknown EMS Scene Arrival Hour,99,Unknown EMS Scene Arrival Minutes,88,Not Applicable (Not Transported),88,Not Applicable (Not Transported),0,,0,,0,,1,1
41,Oregon,410225,2,2,0,0,3,3,0,17,DESCHUTES (17),0,NOT APPLICABLE,25,25,8,August,2017,6,Friday,15,3:00pm-3:59pm,25,25,1,This section IS ON the NHS,2,U.S. Highway,US-97 ODOT 4,,1,Rural,3,Principal Arterial - Other,1,State Highway Agency,1587,1587,43.789175,43.789175,-121.4468389,-121.44683889,0,No Special Jurisdiction,12,Motor Vehicle In-Transport,6,Angle,0,No,1,Non-Junction,1,Not an Intersection,0,,1,On Roadway,1,Daylight,1,Clear,0,No Additional Atmospheric Conditions,1,Clear,0,No,0000000,Not Applicable,15,3:00pm-3:59pm,30,30,15,3:00pm-3:59pm,39,39,99,Unknown,99,Unknown EMS Hospital Arrival Time,0,,0,,0,,1,0
41,Oregon,410226,1,1,0,1,1,1,1,47,MARION (47),1810,SALEM,3,3,7,July,2017,2,Monday,17,5:00pm-5:59pm,54,54,1,This section IS ON the NHS,6,Local Street - Municipality,COMMERCIAL ST SE,,2,Urban,3,Principal Arterial - Other,4,City or Municipal Highway Agency,0,,44.88745833,44.88745833,-123.0332472,-123.03324722,0,No Special Jurisdiction,8,Pedestrian,0,Not a Collision with Motor Vehicle In-Transport,0,No,1,Non-Junction,1,Not an Intersection,0,,1,On Roadway,1,Daylight,1,Clear,0,No Additional Atmospheric Conditions,1,Clear,0,No,0000000,Not Applicable,17,5:00pm-5:59pm,55,55,17,5:00pm-5:59pm,57,57,18,6:00pm-6:59pm,15,15,0,,0,,0,,1,0
41,Oregon,410227,3,3,0,0,6,6,0,41,LINCOLN (41),0,NOT APPLICABLE,2,2,8,August,2017,4,Wednesday,17,5:00pm-5:59pm,6,6,1,This section IS ON the NHS,2,U.S. Highway,US-20 ODOT 33,,1,Rural,3,Principal Arterial - Other,1,State Highway Agency,308,308,44.62064722,44.62064722,-123.6653417,-123.66534167,0,No Special Jurisdiction,12,Motor Vehicle In-Transport,2,Front-to-Front,0,No,1,Non-Junction,1,Not an Intersection,0,,1,On Roadway,1,Daylight,1,Clear,0,No Additional Atmospheric Conditions,1,Clear,0,No,0000000,Not Applicable,17,5:00pm-5:59pm,8,8,17,5:00pm-5:59pm,30,30,99,Unknown,99,Unknown EMS Hospital Arrival Time,0,,0,,0,,3,0
41,Oregon,410228,1,1,0,0,1,1,0,3,BENTON (3),0,NOT APPLICABLE,4,4,8,August,2017,6,Friday,13,1:00pm-1:59pm,30,30,0,This section IS NOT on the NHS,3,State Highway,SR-99 ODOT 91,,2,Urban,4,Minor Arterial,1,State Highway Agency,754,754,44.67595833,44.67595833,-123.2211722,-123.22117222,0,No Special Jurisdiction,1,Rollover/Overturn,0,Not a Collision with Motor Vehicle In-Transport,0,No,1,Non-Junction,1,Not an Intersection,0,,1,On Roadway,1,Daylight,1,Clear,0,No Additional Atmospheric Conditions,1,Clear,0,No,0000000,Not Applicable,13,1:00pm-1:59pm,34,34,13,1:00pm-1:59pm,37,37,14,2:00pm-2:59pm,30,30,0,,0,,0,,1,0
41,Oregon,410229,2,2,0,0,2,2,0,3,BENTON (3),0,NOT APPLICABLE,11,11,8,August,2017,6,Friday,12,12:00pm-12:59pm,31,31,0,This section IS NOT on the NHS,4,County Road,CR-NW WALNUT BLVD,,2,Urban,6,Minor Collector,2,County Highway Agency,20,20,44.57891389,44.57891389,-123.3081806,-123.30818056,0,No Special Jurisdiction,12,Motor Vehicle In-Transport,2,Front-to-Front,0,No,1,Non-Junction,1,Not an Intersection,0,,1,On Roadway,1,Daylight,1,Clear,0,No Additional Atmospheric Conditions,1,Clear,0,No,0000000,Not Applicable,12,12:00pm-12:59pm,33,33,12,12:00pm-12:59pm,39,39,12,12:00pm-12:59pm,57,57,0,,0,,0,,1,0
41,Oregon,410230,2,2,0,0,5,5,0,57,TILLAMOOK (57),0,NOT APPLICABLE,16,16,8,August,2017,4,Wednesday,12,12:00pm-12:59pm,55,55,0,This section IS NOT on the NHS,3,State Highway,SR-6 ODOT 37,,1,Rural,3,Principal Arterial - Other,1,State Highway Agency,314,314,45.62106389,45.62106389,-123.4009528,-123.40095278,0,No Special Jurisdiction,1,Rollover/Overturn,0,Not a Collision with Motor Vehicle In-Transport,0,No,1,Non-Junction,1,Not an Intersection,0,,1,On Roadway,1,Daylight,1,Clear,0,No Additional Atmospheric Conditions,1,Clear,0,No,0000000,Not Applicable,12,12:00pm-12:59pm,59,59,13,1:00pm-1:59pm,27,27,99,Unknown,99,Unknown EMS Hospital Arrival Time,0,,0,,0,,1,0
41,Oregon,410231,2,2,0,0,3,3,0,47,MARION (47),0,NOT APPLICABLE,20,20,8,August,2017,1,Sunday,19,7:00pm-7:59pm,15,15,1,This section IS ON the NHS,4,County Road,CR-CORDON RD NE,,2,Urban,3,Principal Arterial - Other,2,County Highway Agency,72,72,44.99661111,44.99661111,-122.9522611,-122.95226111,0,No Special Jurisdiction,12,Motor Vehicle In-Transport,2,Front-to-Front,0,No,1,Non-Junction,1,Not an Intersection,0,,1,On Roadway,1,Daylight,1,Clear,0,No Additional Atmospheric Conditions,1,Clear,0,No,0000000,Not Applicable,19,7:00pm-7:59pm,16,16,19,7:00pm-7:59pm,19,19,99,Unknown,99,Unknown EMS Hospital Arrival Time,0,,0,,0,,1,1
41,Oregon,410232,1,1,0,1,1,1,1,51,MULTNOMAH (51),1650,PORTLAND,21,21,8,August,2017,2,Monday,1,1:00am-1:59am,48,48,0,This section IS NOT on the NHS,6,Local Street - Municipality,SE WATER AVE,SE TAYLOR ST,2,Urban,5,Major Collector,4,City or Municipal Highway Agency,0,,45.51510833,45.51510833,-122.6658278,-122.66582778,0,No Special Jurisdiction,9,Pedalcyclist,0,Not a Collision with Motor Vehicle In-Transport,0,No,3,Intersection-Related,2,Four-Way Intersection,0,,1,On Roadway,3,Dark - Lighted,1,Clear,0,No Additional Atmospheric Conditions,1,Clear,0,No,0000000,Not Applicable,1,1:00am-1:59am,50,50,1,1:00am-1:59am,54,54,2,2:00am-2:59am,20,20,0,,0,,0,,1,0
41,Oregon,410233,1,1,0,0,1,1,0,47,MARION (47),0,NOT APPLICABLE,24,24,8,August,2017,5,Thursday,11,11:00am-11:59am,33,33,0,This section IS NOT on the NHS,4,County Road,CR-SKYLINE RD S,CR-RUGGLES AVE S,1,Rural,6,Minor Collector,2,County Highway Agency,39,39,44.86683889,44.86683889,-123.0880722,-123.08807222,0,No Special Jurisdiction,42,Tree (Standing Only),0,Not a Collision with Motor Vehicle In-Transport,0,No,1,Non-Junction,1,Not an Intersection,0,,4,On Roadside,1,Daylight,1,Clear,0,No Additional Atmospheric Conditions,1,Clear,0,No,0000000,Not Applicable,11,11:00am-11:59am,33,33,11,11:00am-11:59am,39,39,99,Unknown,99,Unknown EMS Hospital Arrival Time,0,,0,,0,,1,1
41,Oregon,410234,2,2,0,0,3,3,0,39,LANE (39),660,EUGENE,24,24,8,August,2017,5,Thursday,0,0:00am-0:59am,32,32,1,This section IS ON the NHS,3,State Highway,SR-99 ODOT 91,WASHINGTON ST,2,Urban,3,Principal Arterial - Other,1,State Highway Agency,1233,1233,44.05214167,44.05214167,-123.1003889,-123.10038889,0,No Special Jurisdiction,12,Motor Vehicle In-Transport,6,Angle,0,No,2,Intersection,2,Four-Way Intersection,0,,1,On Roadway,3,Dark - Lighted,1,Clear,0,No Additional Atmospheric Conditions,1,Clear,0,No,0000000,Not Applicable,0,0:00am-0:59am,33,33,0,0:00am-0:59am,42,42,1,1:00am-1:59am,26,26,0,,0,,0,,1,0
41,Oregon,410235,3,3,0,0,6,6,0,41,LINCOLN (41),0,NOT APPLICABLE,25,25,8,August,2017,6,Friday,12,12:00pm-12:59pm,39,39,1,This section IS ON the NHS,2,U.S. Highway,US-20 ODOT 33,,1,Rural,3,Principal Arterial - Other,1,State Highway Agency,294,294,44.61887222,44.61887222,-123.6852694,-123.68526944,0,No Special Jurisdiction,12,Motor Vehicle In-Transport,2,Front-to-Front,0,No,1,Non-Junction,1,Not an Intersection,0,,1,On Roadway,1,Daylight,1,Clear,0,No Additional Atmospheric Conditions,1,Clear,0,No,0000000,Not Applicable,12,12:00pm-12:59pm,39,39,12,12:00pm-12:59pm,57,57,99,Unknown,99,Unknown EMS Hospital Arrival Time,0,,0,,0,,1,0
41,Oregon,410236,1,1,0,0,2,2,0,59,UMATILLA (59),0,NOT APPLICABLE,26,26,8,August,2017,7,Saturday,17,5:00pm-5:59pm,2,2,1,This section IS ON the NHS,1,Interstate,I-84,,1,Rural,1,Interstate,1,State Highway Agency,2057,2057,45.67000833,45.67000833,-118.8273417,-118.82734167,0,No Special Jurisdiction,1,Rollover/Overturn,0,Not a Collision with Motor Vehicle In-Transport,0,No,1,Non-Junction,1,Not an Intersection,0,,1,On Roadway,1,Daylight,1,Clear,0,No Additional Atmospheric Conditions,1,Clear,0,No,0000000,Not Applicable,17,5:00pm-5:59pm,2,2,17,5:00pm-5:59pm,6,6,99,Unknown,99,Unknown EMS Hospital Arrival Time,0,,0,,0,,1,0
41,Oregon,410237,1,1,0,0,1,1,0,29,JACKSON (29),320,CENTRAL POINT,26,26,8,August,2017,7,Saturday,17,5:00pm-5:59pm,52,52,1,This section IS ON the NHS,1,Interstate,I-5 RAMP,,2,Urban,1,Interstate,1,State Highway Agency,326,326,42.37773889,42.37773889,-122.9029111,-122.90291111,0,No Special Jurisdiction,1,Rollover/Overturn,0,Not a Collision with Motor Vehicle In-Transport,1,Yes,5,Entrance/Exit Ramp Related,1,Not an Intersection,0,,4,On Roadside,1,Daylight,5,"Fog, Smog, Smoke",0,No Additional Atmospheric Conditions,5,"Fog, Smog, Smoke",0,No,0000000,Not Applicable,17,5:00pm-5:59pm,50,50,17,5:00pm-5:59pm,58,58,88,Not Applicable (Not Transported),88,Not Applicable (Not Transported),0,,0,,0,,1,0
41,Oregon,410238,1,1,0,0,1,1,0,51,MULTNOMAH (51),1650,PORTLAND,27,27,8,August,2017,1,Sunday,17,5:00pm-5:59pm,50,50,1,This section IS ON the NHS,1,Interstate,I-205 RAMP,,2,Urban,1,Interstate,1,State Highway Agency,215,215,45.54698056,45.54698056,-122.5600806,-122.56008056,0,No Special Jurisdiction,23,Bridge Rail (Includes parapet),0,Not a Collision with Motor Vehicle In-Transport,1,Yes,5,Entrance/Exit Ramp Related,1,Not an Intersection,0,,4,On Roadside,1,Daylight,1,Clear,0,No Additional Atmospheric Conditions,1,Clear,0,No,0000000,Not Applicable,99,Unknown,99,Unknown,99,Unknown EMS Scene Arrival Hour,99,Unknown EMS Scene Arrival Minutes,88,Not Applicable (Not Transported),88,Not Applicable (Not Transported),0,,0,,0,,1,0
41,Oregon,410239,1,1,0,0,1,1,0,19,DOUGLAS (19),0,NOT APPLICABLE,30,30,8,August,2017,4,Wednesday,9,9:00am-9:59am,39,39,0,This section IS NOT on the NHS,4,County Road,CR-LOOKINGGLASS RD,,1,Rural,4,Minor Arterial,2,County Highway Agency,52,52,43.18607222,43.18607222,-123.4711194,-123.47111944,0,No Special Jurisdiction,3,Immersion or Partial Immersion,0,Not a Collision with Motor Vehicle In-Transport,0,No,1,Non-Junction,1,Not an Intersection,0,,5,Outside Trafficway,1,Daylight,1,Clear,0,No Additional Atmospheric Conditions,1,Clear,0,No,0000000,Not Applicable,9,9:00am-9:59am,40,40,9,9:00am-9:59am,50,50,88,Not Applicable (Not Transported),88,Not Applicable (Not Transported),0,,0,,0,,1,1
41,Oregon,410240,2,2,0,0,2,2,0,13,CROOK (13),0,NOT APPLICABLE,2,2,9,September,2017,7,Saturday,2,2:00am-2:59am,29,29,0,This section IS NOT on the NHS,2,U.S. Highway,US-26 ODOT 360,CR-WOODWARD RD,1,Rural,4,Minor Arterial,1,State Highway Agency,210,210,44.359625,44.359625,-120.9269111,-120.92691111,0,No Special Jurisdiction,12,Motor Vehicle In-Transport,2,Front-to-Front,0,No,2,Intersection,3,T-Intersection,0,,1,On Roadway,2,Dark - Not Lighted,1,Clear,0,No Additional Atmospheric Conditions,1,Clear,0,No,0000000,Not Applicable,2,2:00am-2:59am,38,38,2,2:00am-2:59am,46,46,3,3:00am-3:59am,16,16,0,,0,,0,,1,0
41,Oregon,410241,2,2,0,0,2,2,0,47,MARION (47),1168,KEIZER,2,2,9,September,2017,7,Saturday,21,9:00pm-9:59pm,7,7,0,This section IS NOT on the NHS,6,Local Street - Municipality,RUSSETT DR N,SHEPHERD CT N,2,Urban,7,Local,4,City or Municipal Highway Agency,0,,45.017425,45.017425,-123.0254639,-123.02546389,0,No Special Jurisdiction,12,Motor Vehicle In-Transport,6,Angle,0,No,2,Intersection,3,T-Intersection,0,,1,On Roadway,3,Dark - Lighted,1,Clear,0,No Additional Atmospheric Conditions,1,Clear,0,No,0000000,Not Applicable,99,Unknown,99,Unknown,99,Unknown EMS Scene Arrival Hour,99,Unknown EMS Scene Arrival Minutes,99,Unknown,99,Unknown EMS Hospital Arrival Time,0,,0,,0,,1,1
41,Oregon,410242,1,1,0,0,1,1,0,1,BAKER (1),0,NOT APPLICABLE,2,2,9,September,2017,7,Saturday,99,Unknown Hours,99,Unknown Minutes,0,This section IS NOT on the NHS,4,County Road,CR-CHANDLER LN,,1,Rural,6,Minor Collector,2,County Highway Agency,0,,44.86166667,44.86166667,-117.8282222,-117.82822222,0,No Special Jurisdiction,38,Fence,0,Not a Collision with Motor Vehicle In-Transport,0,No,1,Non-Junction,1,Not an Intersection,0,,4,On Roadside,9,Unknown,10,Cloudy,0,No Additional Atmospheric Conditions,10,Cloudy,0,No,0000000,Not Applicable,6,6:00am-6:59am,11,11,6,6:00am-6:59am,23,23,88,Not Applicable (Not Transported),88,Not Applicable (Not Transported),0,,0,,0,,1,1
41,Oregon,410243,1,1,0,0,2,2,0,47,MARION (47),0,NOT APPLICABLE,3,3,9,September,2017,1,Sunday,17,5:00pm-5:59pm,45,45,1,This section IS ON the NHS,3,State Highway,SR-22 ODOT 162,,1,Rural,3,Principal Arterial - Other,1,State Highway Agency,355,355,44.75736667,44.75736667,-122.3701833,-122.37018333,0,No Special Jurisdiction,17,Boulder,0,Not a Collision with Motor Vehicle In-Transport,0,No,1,Non-Junction,1,Not an Intersection,0,,4,On Roadside,1,Daylight,1,Clear,0,No Additional Atmospheric Conditions,1,Clear,0,No,0000000,Not Applicable,17,5:00pm-5:59pm,48,48,99,Unknown EMS Scene Arrival Hour,99,Unknown EMS Scene Arrival Minutes,99,Unknown,99,Unknown EMS Hospital Arrival Time,0,,0,,0,,1,1
41,Oregon,410244,1,1,0,0,1,1,0,43,LINN (43),0,NOT APPLICABLE,4,4,9,September,2017,2,Monday,15,3:00pm-3:59pm,48,48,0,This section IS NOT on the NHS,4,County Road,CR-CENTURY DR,,2,Urban,7,Local,2,County Highway Agency,0,,44.68398056,44.68398056,-123.0529806,-123.05298056,0,No Special Jurisdiction,1,Rollover/Overturn,0,Not a Collision with Motor Vehicle In-Transport,0,No,1,Non-Junction,1,Not an Intersection,0,,1,On Roadway,1,Daylight,1,Clear,0,No Additional Atmospheric Conditions,1,Clear,0,No,0000000,Not Applicable,15,3:00pm-3:59pm,48,48,15,3:00pm-3:59pm,56,56,88,Not Applicable (Not Transported),88,Not Applicable (Not Transported),0,,0,,0,,1,1
41,Oregon,410245,2,2,0,0,2,2,0,43,LINN (43),0,NOT APPLICABLE,5,5,9,September,2017,3,Tuesday,11,11:00am-11:59am,11,11,0,This section IS NOT on the NHS,6,Local Street - Municipality,NE OLD SALEM RD,,2,Urban,4,Minor Arterial,4,City or Municipal Highway Agency,6,6,44.64896944,44.64896944,-123.0624333,-123.06243333,0,No Special Jurisdiction,12,Motor Vehicle In-Transport,2,Front-to-Front,0,No,1,Non-Junction,1,Not an Intersection,0,,1,On Roadway,1,Daylight,5,"Fog, Smog, Smoke",0,No Additional Atmospheric Conditions,5,"Fog, Smog, Smoke",0,No,0000000,Not Applicable,11,11:00am-11:59am,12,12,11,11:00am-11:59am,18,18,11,11:00am-11:59am,38,38,0,,0,,0,,1,1
41,Oregon,410246,3,1,2,1,1,1,1,9,COLUMBIA (9),0,NOT APPLICABLE,5,5,9,September,2017,3,Tuesday,14,2:00pm-2:59pm,47,47,0,This section IS NOT on the NHS,6,Local Street - Municipality,GABLE RD,,2,Urban,4,Minor Arterial,4,City or Municipal Highway Agency,0,,45.84633889,45.84633889,-122.820875,-122.820875,0,No Special Jurisdiction,8,Pedestrian,0,Not a Collision with Motor Vehicle In-Transport,0,No,1,Non-Junction,1,Not an Intersection,0,,4,On Roadside,1,Daylight,5,"Fog, Smog, Smoke",0,No Additional Atmospheric Conditions,5,"Fog, Smog, Smoke",0,No,0000000,Not Applicable,14,2:00pm-2:59pm,47,47,14,2:00pm-2:59pm,51,51,88,Not Applicable (Not Transported),88,Not Applicable (Not Transported),0,,0,,0,,1,0
41,Oregon,410247,2,2,0,0,2,2,0,19,DOUGLAS (19),1780,ROSEBURG,7,7,9,September,2017,5,Thursday,17,5:00pm-5:59pm,30,30,1,This section IS ON the NHS,6,Local Street - Municipality,NE STEPHENS ST,,2,Urban,3,Principal Arterial - Other,4,City or Municipal Highway Agency,0,,43.22422778,43.22422778,-123.34745,-123.34745,0,No Special Jurisdiction,12,Motor Vehicle In-Transport,6,Angle,0,No,8,Driveway Access Related,1,Not an Intersection,0,,1,On Roadway,1,Daylight,1,Clear,0,No Additional Atmospheric Conditions,1,Clear,0,No,0000000,Not Applicable,17,5:00pm-5:59pm,30,30,17,5:00pm-5:59pm,35,35,17,5:00pm-5:59pm,51,51,0,,0,,0,,1,1
41,Oregon,410248,1,1,0,0,3,3,0,33,JOSEPHINE (33),0,NOT APPLICABLE,1,1,10,October,2017,1,Sunday,17,5:00pm-5:59pm,44,44,0,This section IS NOT on the NHS,4,County Road,CR-PLUMTREE LN,,1,Rural,6,Minor Collector,2,County Highway Agency,2,2,42.48015278,42.48015278,-123.3768,-123.3768,0,No Special Jurisdiction,42,Tree (Standing Only),0,Not a Collision with Motor Vehicle In-Transport,0,No,1,Non-Junction,1,Not an Intersection,0,,4,On Roadside,1,Daylight,1,Clear,0,No Additional Atmospheric Conditions,1,Clear,0,No,0000000,Not Applicable,88,Not Applicable (Not Notified),88,Not Applicable (Not Notified),88,Not Applicable,88,Not Applicable,88,Not Applicable (Not Transported),88,Not Applicable (Not Transported),0,,0,,0,,1,1
41,Oregon,410249,2,2,0,0,6,6,0,39,LANE (39),0,NOT APPLICABLE,4,4,10,October,2017,4,Wednesday,21,9:00pm-9:59pm,5,5,0,This section IS NOT on the NHS,3,State Highway,SR-200 ODOT 200,,1,Rural,4,Minor Arterial,1,State Highway Agency,47,47,44.24691111,44.24691111,-123.2868639,-123.28686389,0,No Special Jurisdiction,1,Rollover/Overturn,0,Not a Collision with Motor Vehicle In-Transport,0,No,1,Non-Junction,1,Not an Intersection,0,,4,On Roadside,2,Dark - Not Lighted,1,Clear,0,No Additional Atmospheric Conditions,1,Clear,0,No,0000000,Not Applicable,9,9:00am-9:59am,5,5,9,9:00am-9:59am,19,19,88,Not Applicable (Not Transported),88,Not Applicable (Not Transported),14,"Motor Vehicle struck by falling cargo,or something that came loose from or something that was set in motion by a vehicle",0,,0,,1,1
41,Oregon,410250,2,2,0,0,2,2,0,39,LANE (39),0,NOT APPLICABLE,6,6,10,October,2017,6,Friday,16,4:00pm-4:59pm,45,45,1,This section IS ON the NHS,3,State Highway,SR-58 ODOT 18,CR-RATTLESNAKE RD,1,Rural,3,Principal Arterial - Other,1,State Highway Agency,85,85,43.93949722,43.93949722,-122.8587972,-122.85879722,0,No Special Jurisdiction,12,Motor Vehicle In-Transport,6,Angle,0,No,2,Intersection,2,Four-Way Intersection,0,,1,On Roadway,1,Daylight,1,Clear,0,No Additional Atmospheric Conditions,1,Clear,0,No,0000000,Not Applicable,16,4:00pm-4:59pm,45,45,16,4:00pm-4:59pm,48,48,99,Unknown,99,Unknown EMS Hospital Arrival Time,0,,0,,0,,1,0
41,Oregon,410251,2,2,0,0,3,3,0,5,CLACKAMAS (5),0,NOT APPLICABLE,7,7,10,October,2017,7,Saturday,19,7:00pm-7:59pm,53,53,0,This section IS NOT on the NHS,3,State Highway,SR-211 ODOT 172,,1,Rural,4,Minor Arterial,1,State Highway Agency,1,1,45.361325,45.361325,-122.3512306,-122.35123056,0,No Special Jurisdiction,12,Motor Vehicle In-Transport,2,Front-to-Front,0,No,1,Non-Junction,1,Not an Intersection,0,,1,On Roadway,2,Dark - Not Lighted,10,Cloudy,0,No Additional Atmospheric Conditions,10,Cloudy,0,No,0000000,Not Applicable,19,7:00pm-7:59pm,53,53,19,7:00pm-7:59pm,57,57,99,Unknown,99,Unknown EMS Hospital Arrival Time,0,,0,,0,,1,1
41,Oregon,410252,1,1,0,1,1,1,1,51,MULTNOMAH (51),1650,PORTLAND,7,7,10,October,2017,7,Saturday,2,2:00am-2:59am,12,12,1,This section IS ON the NHS,6,Local Street - Municipality,NE 82ND AVE,NE JONESMORE ST,2,Urban,3,Principal Arterial - Other,4,City or Municipal Highway Agency,22,22,45.53398056,45.53398056,-122.5790417,-122.57904167,0,No Special Jurisdiction,8,Pedestrian,0,Not a Collision with Motor Vehicle In-Transport,0,No,2,Intersection,3,T-Intersection,0,,1,On Roadway,3,Dark - Lighted,10,Cloudy,0,No Additional Atmospheric Conditions,10,Cloudy,0,No,0000000,Not Applicable,2,2:00am-2:59am,12,12,2,2:00am-2:59am,15,15,2,2:00am-2:59am,49,49,0,,0,,0,,1,0
41,Oregon,410253,1,1,0,0,1,1,0,7,CLATSOP (7),2180,WARRENTON,8,8,10,October,2017,1,Sunday,18,6:00pm-6:59pm,38,38,0,This section IS NOT on the NHS,3,State Highway,SR-104 ODOT 104,,2,Urban,5,Major Collector,1,State Highway Agency,15,15,46.19043056,46.19043056,-123.9302944,-123.93029444,0,No Special Jurisdiction,1,Rollover/Overturn,0,Not a Collision with Motor Vehicle In-Transport,0,No,1,Non-Junction,1,Not an Intersection,0,,4,On Roadside,1,Daylight,10,Cloudy,0,No Additional Atmospheric Conditions,10,Cloudy,0,No,0000000,Not Applicable,18,6:00pm-6:59pm,53,53,19,7:00pm-7:59pm,40,40,20,8:00pm-8:59pm,53,53,0,,0,,0,,1,1
41,Oregon,410254,1,1,0,0,1,1,0,43,LINN (43),0,NOT APPLICABLE,9,9,10,October,2017,2,Monday,99,Unknown Hours,99,Unknown Minutes,0,This section IS NOT on the NHS,4,County Road,CR-KINGSTON LYONS DR,,1,Rural,6,Minor Collector,2,County Highway Agency,67,67,44.76920833,44.76920833,-122.6656833,-122.66568333,0,No Special Jurisdiction,42,Tree (Standing Only),0,Not a Collision with Motor Vehicle In-Transport,0,No,1,Non-Junction,1,Not an Intersection,0,,5,Outside Trafficway,2,Dark - Not Lighted,1,Clear,0,No Additional Atmospheric Conditions,1,Clear,0,No,0000000,Not Applicable,7,7:00am-7:59am,56,56,8,8:00am-8:59am,5,5,88,Not Applicable (Not Transported),88,Not Applicable (Not Transported),0,,0,,0,,1,1
41,Oregon,410255,1,1,0,1,1,1,1,3,BENTON (3),420,CORVALLIS,12,12,10,October,2017,5,Thursday,19,7:00pm-7:59pm,0,0,0,This section IS NOT on the NHS,6,Local Street - Municipality,NE CIRCLE BLVD,,2,Urban,4,Minor Arterial,4,City or Municipal Highway Agency,0,,44.58892778,44.58892778,-123.2485778,-123.24857778,0,No Special Jurisdiction,8,Pedestrian,0,Not a Collision with Motor Vehicle In-Transport,0,No,1,Non-Junction,1,Not an Intersection,0,,1,On Roadway,2,Dark - Not Lighted,2,Rain,0,No Additional Atmospheric Conditions,2,Rain,0,No,0000000,Not Applicable,19,7:00pm-7:59pm,2,2,19,7:00pm-7:59pm,6,6,19,7:00pm-7:59pm,14,14,0,,0,,0,,1,0
41,Oregon,410256,1,1,0,0,1,1,0,51,MULTNOMAH (51),1650,PORTLAND,12,12,10,October,2017,5,Thursday,23,11:00pm-11:59pm,30,30,1,This section IS ON the NHS,1,Interstate,I-405 RAMP,,2,Urban,2,Principal Arterial - Other Freeways and Expressways,1,State Highway Agency,11,11,45.53332222,45.53332222,-122.6873556,-122.68735556,0,No Special Jurisdiction,23,Bridge Rail (Includes parapet),0,Not a Collision with Motor Vehicle In-Transport,0,No,1,Non-Junction,1,Not an Intersection,0,,3,On Median,3,Dark - Lighted,10,Cloudy,0,No Additional Atmospheric Conditions,10,Cloudy,0,No,0000000,Not Applicable,23,11:00pm-11:59pm,37,37,23,11:00pm-11:59pm,41,41,88,Not Applicable (Not Transported),88,Not Applicable (Not Transported),0,,0,,0,,1,1
41,Oregon,410257,1,1,0,0,1,1,0,17,DESCHUTES (17),1720,REDMOND,13,13,10,October,2017,6,Friday,17,5:00pm-5:59pm,30,30,1,This section IS ON the NHS,2,U.S. Highway,US-97,,2,Urban,3,Principal Arterial - Other,1,State Highway Agency,1191,1191,44.30198056,44.30198056,-121.1726111,-121.17261111,0,No Special Jurisdiction,52,Guardrail End,0,Not a Collision with Motor Vehicle In-Transport,0,No,1,Non-Junction,1,Not an Intersection,0,,4,On Roadside,1,Daylight,10,Cloudy,0,No Additional Atmospheric Conditions,10,Cloudy,0,No,0000000,Not Applicable,5,5:00am-5:59am,30,30,5,5:00am-5:59am,35,35,88,Not Applicable (Not Transported),88,Not Applicable (Not Transported),0,,0,,0,,1,1
41,Oregon,410258,2,2,0,0,2,2,0,51,MULTNOMAH (51),1650,PORTLAND,13,13,10,October,2017,6,Friday,13,1:00pm-1:59pm,40,40,1,This section IS ON the NHS,6,Local Street - Municipality,N LOMBARD ST,,2,Urban,4,Minor Arterial,4,City or Municipal Highway Agency,0,,45.37535833,45.37535833,-122.46225,-122.46225,0,No Special Jurisdiction,12,Motor Vehicle In-Transport,6,Angle,0,No,1,Non-Junction,1,Not an Intersection,0,,1,On Roadway,1,Daylight,2,Rain,10,Cloudy,2,Rain,0,No,0000000,Not Applicable,13,1:00pm-1:59pm,43,43,13,1:00pm-1:59pm,57,57,88,Not Applicable (Not Transported),88,Not Applicable (Not Transported),0,,0,,0,,1,0
41,Oregon,410259,1,1,0,0,1,1,0,29,JACKSON (29),1310,MEDFORD,15,15,10,October,2017,1,Sunday,11,11:00am-11:59am,0,0,0,This section IS NOT on the NHS,6,Local Street - Municipality,NORTH PHOENIX ROAD,,2,Urban,4,Minor Arterial,4,City or Municipal Highway Agency,0,,42.32993333,42.32993333,-122.8197278,-122.81972778,0,No Special Jurisdiction,33,Curb,0,Not a Collision with Motor Vehicle In-Transport,0,No,1,Non-Junction,1,Not an Intersection,0,,4,On Roadside,1,Daylight,1,Clear,0,No Additional Atmospheric Conditions,1,Clear,0,No,0000000,Not Applicable,11,11:00am-11:59am,3,3,11,11:00am-11:59am,11,11,11,11:00am-11:59am,26,26,0,,0,,0,,1,0
41,Oregon,410260,1,1,0,0,1,1,0,29,JACKSON (29),0,NOT APPLICABLE,19,19,10,October,2017,5,Thursday,8,8:00am-8:59am,28,28,0,This section IS NOT on the NHS,4,County Road,CR-RAMSEY ROAD,,1,Rural,6,Minor Collector,2,County Highway Agency,6,6,42.48390556,42.48390556,-122.9941472,-122.99414722,0,No Special Jurisdiction,24,Guardrail Face,0,Not a Collision with Motor Vehicle In-Transport,0,No,1,Non-Junction,1,Not an Intersection,0,,4,On Roadside,1,Daylight,1,Clear,0,No Additional Atmospheric Conditions,1,Clear,0,No,0000000,Not Applicable,8,8:00am-8:59am,29,29,8,8:00am-8:59am,41,41,88,Not Applicable (Not Transported),88,Not Applicable (Not Transported),0,,0,,0,,1,0
41,Oregon,410261,2,2,0,0,6,6,0,29,JACKSON (29),0,NOT APPLICABLE,20,20,10,October,2017,6,Friday,21,9:00pm-9:59pm,40,40,0,This section IS NOT on the NHS,3,State Highway,SR-62 ODOT 22,CR-ANTELOPE RD,2,Urban,3,Principal Arterial - Other,1,State Highway Agency,63,63,42.42865833,42.42865833,-122.8488694,-122.84886944,0,No Special Jurisdiction,12,Motor Vehicle In-Transport,6,Angle,0,No,2,Intersection,2,Four-Way Intersection,0,,1,On Roadway,3,Dark - Lighted,10,Cloudy,0,No Additional Atmospheric Conditions,10,Cloudy,0,No,0000000,Not Applicable,21,9:00pm-9:59pm,35,35,21,9:00pm-9:59pm,40,40,22,10:00pm-10:59pm,15,15,0,,0,,0,,1,1
41,Oregon,410262,1,1,0,0,5,5,0,13,CROOK (13),0,NOT APPLICABLE,21,21,10,October,2017,7,Saturday,2,2:00am-2:59am,22,22,0,This section IS NOT on the NHS,4,County Road,CR-SOUTH RESERVOIR ROAD,,1,Rural,5,Major Collector,2,County Highway Agency,38,38,44.06243611,44.06243611,-120.9328472,-120.93284722,0,No Special Jurisdiction,1,Rollover/Overturn,0,Not a Collision with Motor Vehicle In-Transport,0,No,1,Non-Junction,1,Not an Intersection,0,,4,On Roadside,2,Dark - Not Lighted,98,Not Reported,0,No Additional Atmospheric Conditions,98,Not Reported,0,No,0000000,Not Applicable,2,2:00am-2:59am,22,22,2,2:00am-2:59am,53,53,99,Unknown,99,Unknown EMS Hospital Arrival Time,0,,0,,0,,2,1
41,Oregon,410263,1,1,0,0,1,1,0,51,MULTNOMAH (51),1650,PORTLAND,22,22,10,October,2017,1,Sunday,1,1:00am-1:59am,37,37,0,This section IS NOT on the NHS,6,Local Street - Municipality,STARK STREET SE,,2,Urban,4,Minor Arterial,4,City or Municipal Highway Agency,0,,45.51909444,45.51909444,-122.5248583,-122.52485833,0,No Special Jurisdiction,19,Building,0,Not a Collision with Motor Vehicle In-Transport,0,No,98,Not Reported,98,Not Reported,0,,5,Outside Trafficway,3,Dark - Lighted,2,Rain,0,No Additional Atmospheric Conditions,2,Rain,0,No,0000000,Not Applicable,2,2:00am-2:59am,1,1,99,Unknown EMS Scene Arrival Hour,99,Unknown EMS Scene Arrival Minutes,88,Not Applicable (Not Transported),88,Not Applicable (Not Transported),0,,0,,0,,1,1
41,Oregon,410264,1,1,0,0,1,1,0,65,WASCO (65),0,NOT APPLICABLE,22,22,10,October,2017,1,Sunday,5,5:00am-5:59am,50,50,1,This section IS ON the NHS,1,Interstate,I-84,,1,Rural,1,Interstate,1,State Highway Agency,764,764,45.67435278,45.67435278,-121.2708556,-121.27085556,0,No Special Jurisdiction,42,Tree (Standing Only),0,Not a Collision with Motor Vehicle In-Transport,0,No,1,Non-Junction,1,Not an Intersection,0,,4,On Roadside,2,Dark - Not Lighted,2,Rain,0,No Additional Atmospheric Conditions,2,Rain,0,No,0000000,Not Applicable,6,6:00am-6:59am,0,0,6,6:00am-6:59am,15,15,88,Not Applicable (Not Transported),88,Not Applicable (Not Transported),0,,0,,0,,1,0
41,Oregon,410265,1,1,0,1,1,1,1,19,DOUGLAS (19),0,NOT APPLICABLE,22,22,10,October,2017,1,Sunday,15,3:00pm-3:59pm,10,10,1,This section IS ON the NHS,3,State Highway,SR-42 ODOT 35,,1,Rural,3,Principal Arterial - Other,1,State Highway Agency,515,515,42.99903333,42.99903333,-123.7175306,-123.71753056,0,No Special Jurisdiction,8,Pedestrian,0,Not a Collision with Motor Vehicle In-Transport,0,No,1,Non-Junction,1,Not an Intersection,0,,4,On Roadside,1,Daylight,10,Cloudy,0,No Additional Atmospheric Conditions,10,Cloudy,0,No,0000000,Not Applicable,15,3:00pm-3:59pm,9,9,15,3:00pm-3:59pm,28,28,99,Unknown,99,Unknown EMS Hospital Arrival Time,0,,0,,0,,1,0
41,Oregon,410266,1,1,0,0,1,1,0,67,WASHINGTON (67),410,CORNELIUS,23,23,10,October,2017,2,Monday,1,1:00am-1:59am,25,25,1,This section IS ON the NHS,6,Local Street - Municipality,ADAIR STREET,,2,Urban,3,Principal Arterial - Other,4,City or Municipal Highway Agency,161,161,45.52059722,45.52059722,-123.0486111,-123.04861111,0,No Special Jurisdiction,33,Curb,0,Not a Collision with Motor Vehicle In-Transport,0,No,98,Not Reported,98,Not Reported,0,,4,On Roadside,3,Dark - Lighted,1,Clear,0,No Additional Atmospheric Conditions,1,Clear,0,No,0000000,Not Applicable,1,1:00am-1:59am,25,25,1,1:00am-1:59am,29,29,88,Not Applicable (Not Transported),88,Not Applicable (Not Transported),0,,0,,0,,1,1
41,Oregon,410267,1,1,0,0,1,1,0,65,WASCO (65),2060,THE DALLES,23,23,10,October,2017,2,Monday,23,11:00pm-11:59pm,0,0,1,This section IS ON the NHS,1,Interstate,I-84,,2,Urban,1,Interstate,1,State Highway Agency,820,820,45.63128056,45.63128056,-121.21295,-121.21295,0,No Special Jurisdiction,50,Bridge Overhead Structure,0,Not a Collision with Motor Vehicle In-Transport,0,No,1,Non-Junction,1,Not an Intersection,0,,3,On Median,3,Dark - Lighted,1,Clear,0,No Additional Atmospheric Conditions,1,Clear,0,No,0000000,Not Applicable,23,11:00pm-11:59pm,0,0,23,11:00pm-11:59pm,7,7,88,Not Applicable (Not Transported),88,Not Applicable (Not Transported),0,,0,,0,,1,1
41,Oregon,410268,1,1,0,0,1,1,0,31,JEFFERSON (31),1270,MADRAS,23,23,10,October,2017,2,Monday,22,10:00pm-10:59pm,0,0,0,This section IS NOT on the NHS,6,Local Street - Municipality,MCTAGGART ROAD,,2,Urban,7,Local,4,City or Municipal Highway Agency,0,,44.624875,44.624875,-121.1194889,-121.11948889,0,No Special Jurisdiction,1,Rollover/Overturn,0,Not a Collision with Motor Vehicle In-Transport,8,Not Reported,98,Not Reported,98,Not Reported,0,,98,Not Reported,6,Dark - Unknown Lighting,98,Not Reported,0,No Additional Atmospheric Conditions,98,Not Reported,0,No,0000000,Not Applicable,99,Unknown,99,Unknown,99,Unknown EMS Scene Arrival Hour,99,Unknown EMS Scene Arrival Minutes,88,Not Applicable (Not Transported),88,Not Applicable (Not Transported),0,,0,,0,,1,1
41,Oregon,410269,1,1,0,1,1,1,1,47,MARION (47),1810,SALEM,25,25,10,October,2017,4,Wednesday,6,6:00am-6:59am,9,9,0,This section IS NOT on the NHS,6,Local Street - Municipality,AIRPORT ROAD,,2,Urban,4,Minor Arterial,4,City or Municipal Highway Agency,0,,44.92705833,44.92705833,-123.0038472,-123.00384722,0,No Special Jurisdiction,8,Pedestrian,0,Not a Collision with Motor Vehicle In-Transport,0,No,1,Non-Junction,1,Not an Intersection,0,,1,On Roadway,2,Dark - Not Lighted,5,"Fog, Smog, Smoke",0,No Additional Atmospheric Conditions,5,"Fog, Smog, Smoke",0,No,0000000,Not Applicable,6,6:00am-6:59am,10,10,6,6:00am-6:59am,14,14,6,6:00am-6:59am,28,28,0,,0,,0,,1,0
41,Oregon,410270,1,1,0,0,1,1,0,39,LANE (39),660,EUGENE,26,26,10,October,2017,5,Thursday,22,10:00pm-10:59pm,58,58,1,This section IS ON the NHS,6,Local Street - Municipality,COBURG RD,,2,Urban,3,Principal Arterial - Other,4,City or Municipal Highway Agency,0,,44.05289444,44.05289444,-123.0865667,-123.08656667,0,No Special Jurisdiction,21,Bridge Pier or Support,0,Not a Collision with Motor Vehicle In-Transport,0,No,1,Non-Junction,1,Not an Intersection,0,,4,On Roadside,3,Dark - Lighted,5,"Fog, Smog, Smoke",0,No Additional Atmospheric Conditions,5,"Fog, Smog, Smoke",0,No,0000000,Not Applicable,22,10:00pm-10:59pm,58,58,23,11:00pm-11:59pm,3,3,88,Not Applicable (Not Transported),88,Not Applicable (Not Transported),0,,0,,0,,1,1
41,Oregon,410271,1,1,0,1,1,1,1,51,MULTNOMAH (51),1650,PORTLAND,27,27,10,October,2017,6,Friday,19,7:00pm-7:59pm,32,32,0,This section IS NOT on the NHS,6,Local Street - Municipality,MARTIN LUTHER KING BLVD,SIMPSON STREET,2,Urban,3,Principal Arterial - Other,4,City or Municipal Highway Agency,0,,45.56550833,45.56550833,-122.6613944,-122.66139444,0,No Special Jurisdiction,8,Pedestrian,0,Not a Collision with Motor Vehicle In-Transport,0,No,2,Intersection,3,T-Intersection,0,,1,On Roadway,3,Dark - Lighted,1,Clear,0,No Additional Atmospheric Conditions,1,Clear,0,No,0000000,Not Applicable,19,7:00pm-7:59pm,32,32,19,7:00pm-7:59pm,39,39,19,7:00pm-7:59pm,51,51,0,,0,,0,,1,0
41,Oregon,410272,2,2,0,0,3,3,0,51,MULTNOMAH (51),1650,PORTLAND,27,27,10,October,2017,6,Friday,12,12:00pm-12:59pm,16,16,0,This section IS NOT on the NHS,6,Local Street - Municipality,NE 33RD DR,NE RIVERSIDE WAY,2,Urban,4,Minor Arterial,4,City or Municipal Highway Agency,0,,45.58006667,45.58006667,-122.6333667,-122.63336667,0,No Special Jurisdiction,12,Motor Vehicle In-Transport,6,Angle,0,No,8,Driveway Access Related,1,Not an Intersection,0,,1,On Roadway,1,Daylight,1,Clear,0,No Additional Atmospheric Conditions,1,Clear,0,No,0000000,Not Applicable,12,12:00pm-12:59pm,16,16,12,12:00pm-12:59pm,23,23,12,12:00pm-12:59pm,53,53,0,,0,,0,,1,0
41,Oregon,410273,2,2,0,0,2,2,0,71,YAMHILL (71),0,NOT APPLICABLE,29,29,10,October,2017,1,Sunday,13,1:00pm-1:59pm,16,16,1,This section IS ON the NHS,3,State Highway,SR-18 ODOT 39,KREDER RD,2,Urban,3,Principal Arterial - Other,1,State Highway Agency,517,517,45.22801944,45.22801944,-123.0753,-123.0753,0,No Special Jurisdiction,12,Motor Vehicle In-Transport,6,Angle,0,No,2,Intersection,2,Four-Way Intersection,0,,1,On Roadway,1,Daylight,10,Cloudy,0,No Additional Atmospheric Conditions,10,Cloudy,0,No,0000000,Not Applicable,1,1:00am-1:59am,14,14,1,1:00am-1:59am,17,17,99,Unknown,99,Unknown EMS Hospital Arrival Time,0,,0,,0,,1,0
41,Oregon,410274,2,2,0,0,3,3,0,39,LANE (39),0,NOT APPLICABLE,30,30,10,October,2017,2,Monday,14,2:00pm-2:59pm,41,41,0,This section IS NOT on the NHS,4,County Road,CR-HAYDEN BRIDGE WAY,CR-N 5TH ST,2,Urban,6,Minor Collector,2,County Highway Agency,7,7,44.07086111,44.07086111,-123.0192944,-123.01929444,0,No Special Jurisdiction,12,Motor Vehicle In-Transport,6,Angle,0,No,2,Intersection,2,Four-Way Intersection,0,,1,On Roadway,1,Daylight,1,Clear,0,No Additional Atmospheric Conditions,1,Clear,0,No,0000000,Not Applicable,2,2:00am-2:59am,44,44,2,2:00am-2:59am,47,47,99,Unknown,99,Unknown EMS Hospital Arrival Time,0,,0,,0,,1,0
41,Oregon,410275,2,2,0,0,5,5,0,39,LANE (39),1960,SPRINGFIELD,31,31,10,October,2017,3,Tuesday,12,12:00pm-12:59pm,30,30,1,This section IS ON the NHS,3,State Highway,SR-126B ODOT 15,MAIN ST,2,Urban,3,Principal Arterial - Other,1,State Highway Agency,56,56,44.04573056,44.04573056,-122.9435722,-122.94357222,0,No Special Jurisdiction,12,Motor Vehicle In-Transport,1,Front-to-Rear,0,No,2,Intersection,2,Four-Way Intersection,0,,1,On Roadway,1,Daylight,1,Clear,0,No Additional Atmospheric Conditions,1,Clear,0,No,0000000,Not Applicable,12,12:00pm-12:59pm,30,30,12,12:00pm-12:59pm,32,32,99,Unknown,99,Unknown EMS Hospital Arrival Time,0,,0,,0,,1,0
41,Oregon,410276,1,1,0,1,1,1,1,29,JACKSON (29),0,NOT APPLICABLE,30,30,10,October,2017,2,Monday,7,7:00am-7:59am,29,29,0,This section IS NOT on the NHS,4,County Road,CR-EVANS CREEK ROAD,,1,Rural,5,Major Collector,2,County Highway Agency,260,260,42.499025,42.499025,-123.16805,-123.16805,0,No Special Jurisdiction,8,Pedestrian,0,Not a Collision with Motor Vehicle In-Transport,0,No,1,Non-Junction,1,Not an Intersection,0,,6,Off Roadway-Location Unknown,1,Daylight,98,Not Reported,0,No Additional Atmospheric Conditions,98,Not Reported,0,No,0000000,Not Applicable,7,7:00am-7:59am,30,30,7,7:00am-7:59am,37,37,99,Unknown,99,Unknown EMS Hospital Arrival Time,0,,0,,0,,1,0
41,Oregon,410277,2,2,0,0,2,2,0,43,LINN (43),0,NOT APPLICABLE,10,10,10,October,2017,3,Tuesday,13,1:00pm-1:59pm,55,55,1,This section IS ON the NHS,2,U.S. Highway,US-20 ODOT 16,,1,Rural,3,Principal Arterial - Other,1,State Highway Agency,346,346,44.40453889,44.40453889,-122.5937333,-122.59373333,0,No Special Jurisdiction,12,Motor Vehicle In-Transport,2,Front-to-Front,0,No,1,Non-Junction,1,Not an Intersection,0,,1,On Roadway,1,Daylight,10,Cloudy,0,No Additional Atmospheric Conditions,10,Cloudy,0,No,0000000,Not Applicable,13,1:00pm-1:59pm,58,58,14,2:00pm-2:59pm,7,7,88,Not Applicable (Not Transported),88,Not Applicable (Not Transported),0,,0,,0,,1,0
41,Oregon,410278,1,1,0,1,1,1,1,5,CLACKAMAS (5),1580,OREGON CITY,26,26,10,October,2017,5,Thursday,16,4:00pm-4:59pm,43,43,0,This section IS NOT on the NHS,6,Local Street - Municipality,WASHINGTON STREET,15TH STREET,2,Urban,4,Minor Arterial,4,City or Municipal Highway Agency,0,,45.36216944,45.36216944,-122.5992611,-122.59926111,0,No Special Jurisdiction,9,Pedalcyclist,0,Not a Collision with Motor Vehicle In-Transport,0,No,2,Intersection,4,Y-Intersection,0,,1,On Roadway,1,Daylight,1,Clear,0,No Additional Atmospheric Conditions,1,Clear,0,No,0000000,Not Applicable,4,4:00am-4:59am,43,43,4,4:00am-4:59am,45,45,99,Unknown,99,Unknown EMS Hospital Arrival Time,0,,0,,0,,1,0
41,Oregon,410279,2,2,0,0,2,2,0,59,UMATILLA (59),0,NOT APPLICABLE,26,26,10,October,2017,5,Thursday,17,5:00pm-5:59pm,11,11,0,This section IS NOT on the NHS,4,County Road,CR-HUEFT ROAD,,1,Rural,7,Local,2,County Highway Agency,41,41,45.54436944,45.54436944,-118.8694667,-118.86946667,0,No Special Jurisdiction,12,Motor Vehicle In-Transport,2,Front-to-Front,0,No,1,Non-Junction,1,Not an Intersection,0,,1,On Roadway,1,Daylight,1,Clear,0,No Additional Atmospheric Conditions,1,Clear,0,No,0000000,Not Applicable,17,5:00pm-5:59pm,11,11,17,5:00pm-5:59pm,15,15,99,Unknown,99,Unknown EMS Hospital Arrival Time,0,,0,,0,,1,0
41,Oregon,410280,2,2,0,0,2,2,0,3,BENTON (3),0,NOT APPLICABLE,27,27,10,October,2017,6,Friday,11,11:00am-11:59am,29,29,0,This section IS NOT on the NHS,3,State Highway,SR-99 ODOT 91,,1,Rural,4,Minor Arterial,1,State Highway Agency,938,938,44.41490556,44.41490556,-123.2795861,-123.27958611,0,No Special Jurisdiction,12,Motor Vehicle In-Transport,2,Front-to-Front,0,No,1,Non-Junction,1,Not an Intersection,0,,1,On Roadway,1,Daylight,98,Not Reported,0,No Additional Atmospheric Conditions,98,Not Reported,0,No,0000000,Not Applicable,99,Unknown,99,Unknown,99,Unknown EMS Scene Arrival Hour,99,Unknown EMS Scene Arrival Minutes,88,Not Applicable (Not Transported),88,Not Applicable (Not Transported),0,,0,,0,,1,0
41,Oregon,410281,2,2,0,0,6,6,0,51,MULTNOMAH (51),2090,TROUTDALE,11,11,10,October,2017,4,Wednesday,11,11:00am-11:59am,16,16,0,This section IS NOT on the NHS,6,Local Street - Municipality,SW 257TH AVE,,2,Urban,3,Principal Arterial - Other,4,City or Municipal Highway Agency,0,,45.52763611,45.52763611,-122.3985722,-122.39857222,0,No Special Jurisdiction,12,Motor Vehicle In-Transport,6,Angle,0,No,1,Non-Junction,1,Not an Intersection,0,,1,On Roadway,1,Daylight,10,Cloudy,0,No Additional Atmospheric Conditions,10,Cloudy,0,No,0000000,Not Applicable,99,Unknown,99,Unknown,99,Unknown EMS Scene Arrival Hour,99,Unknown EMS Scene Arrival Minutes,99,Unknown,99,Unknown EMS Hospital Arrival Time,0,,0,,0,,1,0
41,Oregon,410282,1,1,0,0,2,2,0,5,CLACKAMAS (5),0,NOT APPLICABLE,16,16,10,October,2017,2,Monday,14,2:00pm-2:59pm,57,57,0,This section IS NOT on the NHS,4,County Road,CR-S MONTE CRISTO ROAD,,1,Rural,5,Major Collector,2,County Highway Agency,24,24,45.10005833,45.10005833,-122.6847167,-122.68471667,0,No Special Jurisdiction,30,Utility Pole/Light Support,0,Not a Collision with Motor Vehicle In-Transport,0,No,1,Non-Junction,1,Not an Intersection,0,,4,On Roadside,1,Daylight,98,Not Reported,0,No Additional Atmospheric Conditions,98,Not Reported,0,No,0000000,Not Applicable,99,Unknown,99,Unknown,99,Unknown EMS Scene Arrival Hour,99,Unknown EMS Scene Arrival Minutes,88,Not Applicable (Not Transported),88,Not Applicable (Not Transported),0,,0,,0,,2,1
41,Oregon,410283,1,1,0,0,2,2,0,29,JACKSON (29),1878,SHADY COVE,10,10,10,October,2017,3,Tuesday,21,9:00pm-9:59pm,56,56,0,This section IS NOT on the NHS,2,U.S. Highway,US-62 ODOT 22,,1,Rural,4,Minor Arterial,1,State Highway Agency,189,189,42.59929722,42.59929722,-122.8190861,-122.81908611,0,No Special Jurisdiction,1,Rollover/Overturn,0,Not a Collision with Motor Vehicle In-Transport,0,No,1,Non-Junction,1,Not an Intersection,0,,4,On Roadside,6,Dark - Unknown Lighting,98,Not Reported,0,No Additional Atmospheric Conditions,98,Not Reported,0,No,0000000,Not Applicable,21,9:00pm-9:59pm,57,57,22,10:00pm-10:59pm,3,3,99,Unknown,99,Unknown EMS Hospital Arrival Time,0,,0,,0,,1,1
41,Oregon,410284,1,1,0,1,1,1,1,67,WASHINGTON (67),0,NOT APPLICABLE,4,4,11,November,2017,7,Saturday,19,7:00pm-7:59pm,42,42,1,This section IS ON the NHS,3,State Highway,SR-99 ODOT 91,FISCHER ROAD,2,Urban,3,Principal Arterial - Other,1,State Highway Agency,119,119,45.39797222,45.39797222,-122.7988889,-122.79888889,0,No Special Jurisdiction,8,Pedestrian,0,Not a Collision with Motor Vehicle In-Transport,0,No,3,Intersection-Related,3,T-Intersection,0,,1,On Roadway,3,Dark - Lighted,2,Rain,0,No Additional Atmospheric Conditions,2,Rain,0,No,0000000,Not Applicable,19,7:00pm-7:59pm,40,40,19,7:00pm-7:59pm,50,50,88,Not Applicable (Not Transported),88,Not Applicable (Not Transported),0,,0,,0,,1,0
41,Oregon,410285,2,2,0,0,3,3,0,51,MULTNOMAH (51),1650,PORTLAND,4,4,11,November,2017,7,Saturday,21,9:00pm-9:59pm,4,4,1,This section IS ON the NHS,2,U.S. Highway,US-30 ODOT 123,ST JOHNS BRIDGE,2,Urban,4,Minor Arterial,1,State Highway Agency,5,5,45.58316667,45.58316667,-122.7686528,-122.76865278,0,No Special Jurisdiction,12,Motor Vehicle In-Transport,6,Angle,0,No,2,Intersection,4,Y-Intersection,0,,1,On Roadway,3,Dark - Lighted,2,Rain,0,No Additional Atmospheric Conditions,2,Rain,0,No,0000000,Not Applicable,99,Unknown,99,Unknown,99,Unknown EMS Scene Arrival Hour,99,Unknown EMS Scene Arrival Minutes,99,Unknown,99,Unknown EMS Hospital Arrival Time,0,,0,,0,,1,0
41,Oregon,410286,1,1,0,1,1,1,1,51,MULTNOMAH (51),1650,PORTLAND,8,8,11,November,2017,4,Wednesday,1,1:00am-1:59am,14,14,1,This section IS ON the NHS,1,Interstate,I-5,,2,Urban,1,Interstate,1,State Highway Agency,3038,3038,45.55463611,45.55463611,-122.678675,-122.678675,0,No Special Jurisdiction,8,Pedestrian,0,Not a Collision with Motor Vehicle In-Transport,1,Yes,18,Through Roadway,1,Not an Intersection,0,,1,On Roadway,3,Dark - Lighted,10,Cloudy,0,No Additional Atmospheric Conditions,10,Cloudy,0,No,0000000,Not Applicable,99,Unknown,99,Unknown,99,Unknown EMS Scene Arrival Hour,99,Unknown EMS Scene Arrival Minutes,88,Not Applicable (Not Transported),88,Not Applicable (Not Transported),0,,0,,0,,1,0
41,Oregon,410287,1,1,0,1,1,1,1,51,MULTNOMAH (51),1650,PORTLAND,26,26,11,November,2017,1,Sunday,21,9:00pm-9:59pm,56,56,0,This section IS NOT on the NHS,6,Local Street - Municipality,N FESSENDEN ST,,2,Urban,5,Major Collector,4,City or Municipal Highway Agency,0,,45.59372778,45.59372778,-122.7354611,-122.73546111,0,No Special Jurisdiction,8,Pedestrian,0,Not a Collision with Motor Vehicle In-Transport,0,No,1,Non-Junction,1,Not an Intersection,0,,1,On Roadway,3,Dark - Lighted,10,Cloudy,0,No Additional Atmospheric Conditions,10,Cloudy,0,No,0000000,Not Applicable,21,9:00pm-9:59pm,57,57,21,9:00pm-9:59pm,59,59,88,Not Applicable (Not Transported),88,Not Applicable (Not Transported),0,,0,,0,,1,0
41,Oregon,410288,1,1,0,1,1,1,1,47,MARION (47),0,NOT APPLICABLE,4,4,11,November,2017,7,Saturday,15,3:00pm-3:59pm,3,3,0,This section IS NOT on the NHS,6,Local Street - Municipality,CR-ELMA AVE SE,CR-MAHRT AVE SE,2,Urban,7,Local,4,City or Municipal Highway Agency,4,4,44.92563611,44.92563611,-122.978075,-122.978075,0,No Special Jurisdiction,9,Pedalcyclist,0,Not a Collision with Motor Vehicle In-Transport,0,No,2,Intersection,2,Four-Way Intersection,0,,1,On Roadway,1,Daylight,2,Rain,0,No Additional Atmospheric Conditions,2,Rain,0,No,0000000,Not Applicable,15,3:00pm-3:59pm,3,3,15,3:00pm-3:59pm,8,8,99,Unknown,99,Unknown EMS Hospital Arrival Time,0,,0,,0,,1,0
41,Oregon,410289,1,1,0,0,1,1,0,5,CLACKAMAS (5),0,NOT APPLICABLE,7,7,11,November,2017,3,Tuesday,3,3:00am-3:59am,36,36,0,This section IS NOT on the NHS,3,State Highway,SR-213 ODOT 160,,1,Rural,4,Minor Arterial,1,State Highway Agency,132,132,45.1893,45.1893,-122.587,-122.587,0,No Special Jurisdiction,38,Fence,0,Not a Collision with Motor Vehicle In-Transport,0,No,1,Non-Junction,1,Not an Intersection,0,,4,On Roadside,3,Dark - Lighted,1,Clear,0,No Additional Atmospheric Conditions,1,Clear,0,No,0000000,Not Applicable,3,3:00am-3:59am,36,36,3,3:00am-3:59am,42,42,88,Not Applicable (Not Transported),88,Not Applicable (Not Transported),0,,0,,0,,1,1
41,Oregon,410290,2,2,0,0,3,3,0,9,COLUMBIA (9),0,NOT APPLICABLE,10,10,11,November,2017,6,Friday,12,12:00pm-12:59pm,23,23,1,This section IS ON the NHS,2,U.S. Highway,US-30 ODOT 92,CR-LAUREL WOOD DR,2,Urban,3,Principal Arterial - Other,1,State Highway Agency,450,450,46.0748,46.0748,-122.9065,-122.9065,0,No Special Jurisdiction,12,Motor Vehicle In-Transport,6,Angle,0,No,2,Intersection,3,T-Intersection,0,,1,On Roadway,1,Daylight,10,Cloudy,0,No Additional Atmospheric Conditions,10,Cloudy,0,No,0000000,Not Applicable,12,12:00pm-12:59pm,23,23,12,12:00pm-12:59pm,32,32,99,Unknown,99,Unknown EMS Hospital Arrival Time,0,,0,,0,,1,0
41,Oregon,410291,2,2,0,0,3,3,0,35,KLAMATH (35),0,NOT APPLICABLE,10,10,11,November,2017,6,Friday,17,5:00pm-5:59pm,33,33,1,This section IS ON the NHS,2,U.S. Highway,US-97 ODOT 4,,1,Rural,3,Principal Arterial - Other,1,State Highway Agency,2560,2560,42.47,42.47,-121.8735,-121.8735,0,No Special Jurisdiction,12,Motor Vehicle In-Transport,2,Front-to-Front,0,No,1,Non-Junction,1,Not an Intersection,0,,1,On Roadway,2,Dark - Not Lighted,10,Cloudy,0,No Additional Atmospheric Conditions,10,Cloudy,0,No,0000000,Not Applicable,17,5:00pm-5:59pm,36,36,17,5:00pm-5:59pm,56,56,99,Unknown,99,Unknown EMS Hospital Arrival Time,0,,0,,0,,1,1
41,Oregon,410292,1,1,0,0,2,2,0,7,CLATSOP (7),80,ASTORIA,11,11,11,November,2017,7,Saturday,13,1:00pm-1:59pm,50,50,1,This section IS ON the NHS,2,U.S. Highway,US-30 ODOT 92,,2,Urban,3,Principal Arterial - Other,1,State Highway Agency,954,954,46.16667778,46.16667778,-123.6046306,-123.60463056,0,No Special Jurisdiction,31,"Post, Pole or Other Supports",0,Not a Collision with Motor Vehicle In-Transport,0,No,1,Non-Junction,1,Not an Intersection,0,,4,On Roadside,1,Daylight,10,Cloudy,0,No Additional Atmospheric Conditions,10,Cloudy,0,No,0000000,Not Applicable,13,1:00pm-1:59pm,51,51,13,1:00pm-1:59pm,59,59,99,Unknown,99,Unknown EMS Hospital Arrival Time,0,,0,,0,,1,0
41,Oregon,410293,1,1,0,1,1,1,1,51,MULTNOMAH (51),1650,PORTLAND,12,12,11,November,2017,1,Sunday,19,7:00pm-7:59pm,55,55,0,This section IS NOT on the NHS,6,Local Street - Municipality,STARK STREET,,2,Urban,4,Minor Arterial,4,City or Municipal Highway Agency,0,,45.51912778,45.51912778,-122.5136278,-122.51362778,0,No Special Jurisdiction,8,Pedestrian,0,Not a Collision with Motor Vehicle In-Transport,0,No,1,Non-Junction,1,Not an Intersection,0,,1,On Roadway,3,Dark - Lighted,2,Rain,0,No Additional Atmospheric Conditions,2,Rain,0,No,0000000,Not Applicable,19,7:00pm-7:59pm,59,59,20,8:00pm-8:59pm,3,3,88,Not Applicable (Not Transported),88,Not Applicable (Not Transported),0,,0,,0,,1,0
41,Oregon,410294,1,1,0,1,2,2,1,33,JOSEPHINE (33),0,NOT APPLICABLE,14,14,11,November,2017,3,Tuesday,18,6:00pm-6:59pm,53,53,0,This section IS NOT on the NHS,6,Local Street - Municipality,CR-ELK LANE,CR-MAJESTIC DRIVE,2,Urban,7,Local,2,County Highway Agency,4,4,42.40586389,42.40586389,-123.3716833,-123.37168333,0,No Special Jurisdiction,15,Non-Motorist on Personal Conveyance,0,Not a Collision with Motor Vehicle In-Transport,0,No,3,Intersection-Related,3,T-Intersection,0,,1,On Roadway,2,Dark - Not Lighted,1,Clear,0,No Additional Atmospheric Conditions,1,Clear,0,No,0000000,Not Applicable,18,6:00pm-6:59pm,53,53,18,6:00pm-6:59pm,58,58,88,Not Applicable (Not Transported),88,Not Applicable (Not Transported),0,,0,,0,,1,0
41,Oregon,410295,2,2,0,0,2,2,0,7,CLATSOP (7),0,NOT APPLICABLE,15,15,11,November,2017,4,Wednesday,14,2:00pm-2:59pm,7,7,1,This section IS ON the NHS,2,U.S. Highway,US-101 ODOT 9,,1,Rural,3,Principal Arterial - Other,1,State Highway Agency,138,138,46.09638889,46.09638889,-123.9163056,-123.91630556,0,No Special Jurisdiction,12,Motor Vehicle In-Transport,6,Angle,0,No,1,Non-Junction,1,Not an Intersection,0,,1,On Roadway,1,Daylight,2,Rain,0,No Additional Atmospheric Conditions,2,Rain,0,No,0000000,Not Applicable,14,2:00pm-2:59pm,7,7,14,2:00pm-2:59pm,7,7,99,Unknown,99,Unknown EMS Hospital Arrival Time,0,,0,,0,,1,0
41,Oregon,410296,1,1,0,1,1,1,1,5,CLACKAMAS (5),2253,WILSONVILLE,17,17,11,November,2017,6,Friday,16,4:00pm-4:59pm,50,50,0,This section IS NOT on the NHS,6,Local Street - Municipality,SW WILSONVILLE ROAD,SW WILLAMETTE WAY,2,Urban,4,Minor Arterial,4,City or Municipal Highway Agency,0,,45.29686667,45.29686667,-122.7977139,-122.79771389,0,No Special Jurisdiction,8,Pedestrian,0,Not a Collision with Motor Vehicle In-Transport,0,No,3,Intersection-Related,2,Four-Way Intersection,0,,1,On Roadway,3,Dark - Lighted,2,Rain,0,No Additional Atmospheric Conditions,2,Rain,0,No,0000000,Not Applicable,99,Unknown,99,Unknown,99,Unknown EMS Scene Arrival Hour,99,Unknown EMS Scene Arrival Minutes,88,Not Applicable (Not Transported),88,Not Applicable (Not Transported),0,,0,,0,,1,0
41,Oregon,410297,1,1,0,0,2,2,0,47,MARION (47),0,NOT APPLICABLE,18,18,11,November,2017,7,Saturday,0,0:00am-0:59am,9,9,0,This section IS NOT on the NHS,4,County Road,CR-LINCOLN ROAD,,1,Rural,7,Local,2,County Highway Agency,12,12,45.14196389,45.14196389,-122.8142889,-122.81428889,0,No Special Jurisdiction,35,Embankment,0,Not a Collision with Motor Vehicle In-Transport,0,No,1,Non-Junction,1,Not an Intersection,0,,4,On Roadside,2,Dark - Not Lighted,98,Not Reported,0,No Additional Atmospheric Conditions,98,Not Reported,0,No,0000000,Not Applicable,9,9:00am-9:59am,36,36,9,9:00am-9:59am,39,39,88,Not Applicable (Not Transported),88,Not Applicable (Not Transported),0,,0,,0,,2,1
41,Oregon,410298,1,1,0,0,1,1,0,47,MARION (47),0,NOT APPLICABLE,20,20,11,November,2017,2,Monday,13,1:00pm-1:59pm,45,45,0,This section IS NOT on the NHS,4,County Road,CR-DONALD ROAD,,1,Rural,6,Minor Collector,2,County Highway Agency,0,,45.2286,45.2286,-122.8586083,-122.85860833,0,No Special Jurisdiction,30,Utility Pole/Light Support,0,Not a Collision with Motor Vehicle In-Transport,0,No,1,Non-Junction,1,Not an Intersection,0,,4,On Roadside,1,Daylight,1,Clear,0,No Additional Atmospheric Conditions,1,Clear,0,No,0000000,Not Applicable,13,1:00pm-1:59pm,45,45,14,2:00pm-2:59pm,0,0,88,Not Applicable (Not Transported),88,Not Applicable (Not Transported),0,,0,,0,,1,0
41,Oregon,410299,1,1,0,1,1,1,1,17,DESCHUTES (17),190,BEND,20,20,11,November,2017,2,Monday,11,11:00am-11:59am,20,20,0,This section IS NOT on the NHS,6,Local Street - Municipality,WALL STREET,OLNEY AVE,2,Urban,4,Minor Arterial,4,City or Municipal Highway Agency,0,,44.06414444,44.06414444,-121.3088944,-121.30889444,0,No Special Jurisdiction,9,Pedalcyclist,0,Not a Collision with Motor Vehicle In-Transport,0,No,2,Intersection,2,Four-Way Intersection,0,,1,On Roadway,1,Daylight,2,Rain,0,No Additional Atmospheric Conditions,2,Rain,0,No,0000000,Not Applicable,99,Unknown,99,Unknown,99,Unknown EMS Scene Arrival Hour,99,Unknown EMS Scene Arrival Minutes,88,Not Applicable (Not Transported),88,Not Applicable (Not Transported),0,,0,,0,,1,0
41,Oregon,410300,2,2,0,0,3,3,0,51,MULTNOMAH (51),880,GRESHAM,20,20,11,November,2017,2,Monday,14,2:00pm-2:59pm,5,5,1,This section IS ON the NHS,6,Local Street - Municipality,NE 181ST AVE,I-84,2,Urban,1,Interstate,1,State Highway Agency,137,137,45.5425,45.5425,-122.4773,-122.4773,0,No Special Jurisdiction,12,Motor Vehicle In-Transport,1,Front-to-Rear,1,Yes,5,Entrance/Exit Ramp Related,1,Not an Intersection,0,,1,On Roadway,1,Daylight,2,Rain,10,Cloudy,2,Rain,0,No,0000000,Not Applicable,14,2:00pm-2:59pm,5,5,14,2:00pm-2:59pm,12,12,99,Unknown,99,Unknown EMS Hospital Arrival Time,0,,0,,0,,1,0
41,Oregon,410301,1,1,0,0,1,1,0,51,MULTNOMAH (51),1650,PORTLAND,21,21,11,November,2017,3,Tuesday,21,9:00pm-9:59pm,58,58,1,This section IS ON the NHS,6,Local Street - Municipality,NE 75TH AVE,NE GLISAN ST,2,Urban,3,Principal Arterial - Other,4,City or Municipal Highway Agency,0,,45.52644167,45.52644167,-122.5858194,-122.58581944,0,No Special Jurisdiction,30,Utility Pole/Light Support,0,Not a Collision with Motor Vehicle In-Transport,0,No,3,Intersection-Related,2,Four-Way Intersection,0,,4,On Roadside,3,Dark - Lighted,2,Rain,0,No Additional Atmospheric Conditions,2,Rain,0,No,0000000,Not Applicable,99,Unknown,99,Unknown,99,Unknown EMS Scene Arrival Hour,99,Unknown EMS Scene Arrival Minutes,99,Unknown,99,Unknown EMS Hospital Arrival Time,0,,0,,0,,1,1
41,Oregon,410302,1,1,0,0,1,1,0,47,MARION (47),0,NOT APPLICABLE,22,22,11,November,2017,4,Wednesday,15,3:00pm-3:59pm,0,0,0,This section IS NOT on the NHS,4,County Road,CR-NORTH FORK ROAD,,1,Rural,5,Major Collector,2,County Highway Agency,45,45,44.79286944,44.79286944,-122.4961111,-122.49611111,0,No Special Jurisdiction,1,Rollover/Overturn,0,Not a Collision with Motor Vehicle In-Transport,0,No,1,Non-Junction,1,Not an Intersection,0,,4,On Roadside,1,Daylight,2,Rain,0,No Additional Atmospheric Conditions,2,Rain,0,No,0000000,Not Applicable,15,3:00pm-3:59pm,16,16,15,3:00pm-3:59pm,29,29,88,Not Applicable (Not Transported),88,Not Applicable (Not Transported),0,,0,,0,,1,1
41,Oregon,410303,2,2,0,0,4,4,0,3,BENTON (3),0,NOT APPLICABLE,22,22,11,November,2017,4,Wednesday,14,2:00pm-2:59pm,34,34,0,This section IS NOT on the NHS,3,State Highway,SR-99 ODOT 91,,1,Rural,4,Minor Arterial,1,State Highway Agency,929,929,44.429,44.429,-123.278,-123.278,0,No Special Jurisdiction,12,Motor Vehicle In-Transport,6,Angle,0,No,1,Non-Junction,1,Not an Intersection,0,,1,On Roadway,1,Daylight,10,Cloudy,0,No Additional Atmospheric Conditions,10,Cloudy,0,No,0000000,Not Applicable,14,2:00pm-2:59pm,36,36,14,2:00pm-2:59pm,47,47,99,Unknown,99,Unknown EMS Hospital Arrival Time,0,,0,,0,,2,0
41,Oregon,410304,1,1,0,1,1,1,1,17,DESCHUTES (17),0,NOT APPLICABLE,24,24,11,November,2017,6,Friday,17,5:00pm-5:59pm,4,4,0,This section IS NOT on the NHS,4,County Road,CR-CLINE FALLS HWY,,1,Rural,4,Minor Arterial,2,County Highway Agency,0,,44.17446667,44.17446667,-121.3238972,-121.32389722,0,No Special Jurisdiction,8,Pedestrian,0,Not a Collision with Motor Vehicle In-Transport,0,No,1,Non-Junction,1,Not an Intersection,0,,1,On Roadway,5,Dusk,10,Cloudy,0,No Additional Atmospheric Conditions,10,Cloudy,0,No,0000000,Not Applicable,17,5:00pm-5:59pm,6,6,17,5:00pm-5:59pm,11,11,88,Not Applicable (Not Transported),88,Not Applicable (Not Transported),0,,0,,0,,1,0
41,Oregon,410305,1,1,0,1,1,1,1,67,WASHINGTON (67),180,BEAVERTON,30,30,11,November,2017,5,Thursday,18,6:00pm-6:59pm,46,46,0,This section IS NOT on the NHS,6,Local Street - Municipality,125TH AVE,,2,Urban,4,Minor Arterial,4,City or Municipal Highway Agency,0,,45.45165833,45.45165833,-122.8054056,-122.80540556,0,No Special Jurisdiction,8,Pedestrian,0,Not a Collision with Motor Vehicle In-Transport,0,No,1,Non-Junction,1,Not an Intersection,0,,1,On Roadway,3,Dark - Lighted,1,Clear,0,No Additional Atmospheric Conditions,1,Clear,0,No,0000000,Not Applicable,99,Unknown,99,Unknown,99,Unknown EMS Scene Arrival Hour,99,Unknown EMS Scene Arrival Minutes,88,Not Applicable (Not Transported),88,Not Applicable (Not Transported),0,,0,,0,,1,0
41,Oregon,410306,1,1,0,0,2,2,0,35,KLAMATH (35),0,NOT APPLICABLE,3,3,12,December,2017,1,Sunday,13,1:00pm-1:59pm,28,28,0,This section IS NOT on the NHS,4,County Road,CR-CRESCENT CUTOFF RD,,1,Rural,7,Local,2,County Highway Agency,80,80,43.46536389,43.46536389,-121.7678139,-121.76781389,0,No Special Jurisdiction,1,Rollover/Overturn,0,Not a Collision with Motor Vehicle In-Transport,0,No,1,Non-Junction,1,Not an Intersection,0,,4,On Roadside,1,Daylight,1,Clear,0,No Additional Atmospheric Conditions,1,Clear,0,No,0000000,Not Applicable,13,1:00pm-1:59pm,21,21,99,Unknown EMS Scene Arrival Hour,99,Unknown EMS Scene Arrival Minutes,88,Not Applicable (Not Transported),88,Not Applicable (Not Transported),0,,0,,0,,1,0
41,Oregon,410307,2,2,0,0,6,6,0,65,WASCO (65),0,NOT APPLICABLE,3,3,12,December,2017,1,Sunday,15,3:00pm-3:59pm,35,35,1,This section IS ON the NHS,2,U.S. Highway,US-26 ODOT 53,,1,Rural,3,Principal Arterial - Other,1,State Highway Agency,650,650,45.200925,45.200925,-121.6927917,-121.69279167,0,No Special Jurisdiction,12,Motor Vehicle In-Transport,6,Angle,0,No,1,Non-Junction,1,Not an Intersection,0,,1,On Roadway,1,Daylight,4,Snow,0,No Additional Atmospheric Conditions,4,Snow,0,No,0000000,Not Applicable,15,3:00pm-3:59pm,43,43,16,4:00pm-4:59pm,21,21,99,Unknown,99,Unknown EMS Hospital Arrival Time,0,,0,,0,,1,0
41,Oregon,410308,2,2,0,0,3,3,0,35,KLAMATH (35),0,NOT APPLICABLE,3,3,12,December,2017,1,Sunday,1,1:00am-1:59am,47,47,1,This section IS ON the NHS,2,U.S. Highway,US-97 ODOT 4,,1,Rural,3,Principal Arterial - Other,1,State Highway Agency,2262,2262,42.87954167,42.87954167,-121.8310333,-121.83103333,0,No Special Jurisdiction,12,Motor Vehicle In-Transport,6,Angle,0,No,1,Non-Junction,1,Not an Intersection,0,,1,On Roadway,2,Dark - Not Lighted,10,Cloudy,0,No Additional Atmospheric Conditions,10,Cloudy,0,No,0000000,Not Applicable,1,1:00am-1:59am,49,49,2,2:00am-2:59am,28,28,99,Unknown,99,Unknown EMS Hospital Arrival Time,0,,0,,0,,1,0
41,Oregon,410309,1,1,0,0,1,1,0,67,WASHINGTON (67),180,BEAVERTON,3,3,12,December,2017,1,Sunday,0,0:00am-0:59am,33,33,0,This section IS NOT on the NHS,6,Local Street - Municipality,SW GREENWAY RD,,2,Urban,4,Minor Arterial,4,City or Municipal Highway Agency,0,,45.45455556,45.45455556,-122.8028444,-122.80284444,0,No Special Jurisdiction,42,Tree (Standing Only),0,Not a Collision with Motor Vehicle In-Transport,0,No,1,Non-Junction,1,Not an Intersection,0,,4,On Roadside,3,Dark - Lighted,2,Rain,10,Cloudy,2,Rain,0,No,0000000,Not Applicable,0,0:00am-0:59am,34,34,0,0:00am-0:59am,38,38,99,Unknown,99,Unknown EMS Hospital Arrival Time,0,,0,,0,,1,1
41,Oregon,410310,1,1,0,0,1,1,0,3,BENTON (3),0,NOT APPLICABLE,5,5,12,December,2017,3,Tuesday,9,9:00am-9:59am,0,0,0,This section IS NOT on the NHS,4,County Road,CR-CARDWELL HILL DR,,1,Rural,7,Local,2,County Highway Agency,5,5,44.59965278,44.59965278,-123.4124333,-123.41243333,0,No Special Jurisdiction,34,Ditch,0,Not a Collision with Motor Vehicle In-Transport,0,No,1,Non-Junction,1,Not an Intersection,0,,4,On Roadside,1,Daylight,1,Clear,0,No Additional Atmospheric Conditions,1,Clear,0,No,0000000,Not Applicable,9,9:00am-9:59am,7,7,9,9:00am-9:59am,22,22,88,Not Applicable (Not Transported),88,Not Applicable (Not Transported),0,,0,,0,,1,1
41,Oregon,410311,1,1,0,1,1,1,1,39,LANE (39),0,NOT APPLICABLE,6,6,12,December,2017,4,Wednesday,18,6:00pm-6:59pm,1,1,0,This section IS NOT on the NHS,3,State Highway,SR-99 ODOT 226,,1,Rural,5,Major Collector,1,State Highway Agency,104,104,43.85240833,43.85240833,-123.0403139,-123.04031389,0,No Special Jurisdiction,9,Pedalcyclist,0,Not a Collision with Motor Vehicle In-Transport,0,No,1,Non-Junction,1,Not an Intersection,0,,1,On Roadway,2,Dark - Not Lighted,1,Clear,0,No Additional Atmospheric Conditions,1,Clear,0,No,0000000,Not Applicable,18,6:00pm-6:59pm,1,1,18,6:00pm-6:59pm,5,5,88,Not Applicable (Not Transported),88,Not Applicable (Not Transported),0,,0,,0,,1,0
41,Oregon,410312,2,2,0,0,2,2,0,17,DESCHUTES (17),0,NOT APPLICABLE,6,6,12,December,2017,4,Wednesday,10,10:00am-10:59am,12,12,1,This section IS ON the NHS,2,U.S. Highway,US-97 ODOT 4,,1,Rural,3,Principal Arterial - Other,1,State Highway Agency,1508,1508,43.8997,43.8997,-121.3664889,-121.36648889,0,No Special Jurisdiction,12,Motor Vehicle In-Transport,1,Front-to-Rear,0,No,1,Non-Junction,1,Not an Intersection,0,,1,On Roadway,1,Daylight,1,Clear,0,No Additional Atmospheric Conditions,1,Clear,0,No,0000000,Not Applicable,10,10:00am-10:59am,12,12,10,10:00am-10:59am,24,24,99,Unknown,99,Unknown EMS Hospital Arrival Time,0,,0,,0,,1,1
41,Oregon,410313,1,1,0,0,1,1,0,35,KLAMATH (35),0,NOT APPLICABLE,6,6,12,December,2017,4,Wednesday,11,11:00am-11:59am,51,51,1,This section IS ON the NHS,3,State Highway,SR-140 ODOT 20,,1,Rural,3,Principal Arterial - Other,1,State Highway Agency,440,440,42.20378889,42.20378889,-121.8126556,-121.81265556,0,No Special Jurisdiction,35,Embankment,0,Not a Collision with Motor Vehicle In-Transport,0,No,1,Non-Junction,1,Not an Intersection,0,,4,On Roadside,1,Daylight,1,Clear,0,No Additional Atmospheric Conditions,1,Clear,0,No,0000000,Not Applicable,11,11:00am-11:59am,52,52,12,12:00pm-12:59pm,17,17,88,Not Applicable (Not Transported),88,Not Applicable (Not Transported),0,,0,,0,,1,0
41,Oregon,410314,2,2,0,0,2,2,0,63,WALLOWA (63),0,NOT APPLICABLE,7,7,12,December,2017,5,Thursday,14,2:00pm-2:59pm,15,15,1,This section IS ON the NHS,3,State Highway,SR-351 ODOT 351,,1,Rural,3,Principal Arterial - Other,1,State Highway Agency,54,54,45.28181389,45.28181389,-117.2053528,-117.20535278,0,No Special Jurisdiction,12,Motor Vehicle In-Transport,6,Angle,0,No,1,Non-Junction,1,Not an Intersection,0,,1,On Roadway,1,Daylight,1,Clear,0,No Additional Atmospheric Conditions,1,Clear,0,No,0000000,Not Applicable,14,2:00pm-2:59pm,40,40,14,2:00pm-2:59pm,30,30,88,Not Applicable (Not Transported),88,Not Applicable (Not Transported),0,,0,,0,,1,0
41,Oregon,410315,2,2,0,0,2,2,0,39,LANE (39),0,NOT APPLICABLE,7,7,12,December,2017,5,Thursday,19,7:00pm-7:59pm,30,30,0,This section IS NOT on the NHS,3,State Highway,SR-99 ODOT 226,,1,Rural,5,Major Collector,1,State Highway Agency,125,125,43.82559722,43.82559722,-123.0450361,-123.04503611,0,No Special Jurisdiction,12,Motor Vehicle In-Transport,6,Angle,0,No,1,Non-Junction,1,Not an Intersection,0,,1,On Roadway,2,Dark - Not Lighted,1,Clear,0,No Additional Atmospheric Conditions,1,Clear,0,No,0000000,Not Applicable,19,7:00pm-7:59pm,34,34,19,7:00pm-7:59pm,39,39,99,Unknown,99,Unknown EMS Hospital Arrival Time,0,,0,,0,,1,1
41,Oregon,410316,2,2,0,0,4,4,0,19,DOUGLAS (19),0,NOT APPLICABLE,11,11,12,December,2017,2,Monday,7,7:00am-7:59am,23,23,1,This section IS ON the NHS,3,State Highway,SR-38 ODOT 45,,1,Rural,3,Principal Arterial - Other,1,State Highway Agency,118,118,43.6496,43.6496,-123.8962417,-123.89624167,0,No Special Jurisdiction,12,Motor Vehicle In-Transport,2,Front-to-Front,0,No,1,Non-Junction,1,Not an Intersection,0,,1,On Roadway,4,Dawn,10,Cloudy,0,No Additional Atmospheric Conditions,10,Cloudy,0,No,0000000,Not Applicable,7,7:00am-7:59am,39,39,7,7:00am-7:59am,41,41,99,Unknown,99,Unknown EMS Hospital Arrival Time,0,,0,,0,,2,0
41,Oregon,410317,1,1,0,0,1,1,0,71,YAMHILL (71),0,NOT APPLICABLE,13,13,12,December,2017,4,Wednesday,13,1:00pm-1:59pm,15,15,0,This section IS NOT on the NHS,4,County Road,CR-BALDPEAK ROAD,,1,Rural,6,Minor Collector,2,County Highway Agency,17,17,45.38396111,45.38396111,-123.0473556,-123.04735556,0,No Special Jurisdiction,35,Embankment,0,Not a Collision with Motor Vehicle In-Transport,0,No,1,Non-Junction,1,Not an Intersection,0,,4,On Roadside,1,Daylight,1,Clear,0,No Additional Atmospheric Conditions,1,Clear,0,No,0000000,Not Applicable,13,1:00pm-1:59pm,15,15,13,1:00pm-1:59pm,30,30,88,Not Applicable (Not Transported),88,Not Applicable (Not Transported),0,,0,,0,,1,0
41,Oregon,410318,1,1,0,0,1,1,0,43,LINN (43),0,NOT APPLICABLE,15,15,12,December,2017,6,Friday,22,10:00pm-10:59pm,35,35,1,This section IS ON the NHS,3,State Highway,SR-22 ODOT 162,,1,Rural,3,Principal Arterial - Other,1,State Highway Agency,629,629,44.69245556,44.69245556,-121.9731972,-121.97319722,0,No Special Jurisdiction,25,Concrete Traffic Barrier,0,Not a Collision with Motor Vehicle In-Transport,0,No,1,Non-Junction,1,Not an Intersection,0,,4,On Roadside,2,Dark - Not Lighted,12,Freezing Rain or Drizzle,4,Snow,4,Snow,0,No,0000000,Not Applicable,99,Unknown,99,Unknown,99,Unknown EMS Scene Arrival Hour,99,Unknown EMS Scene Arrival Minutes,88,Not Applicable (Not Transported),88,Not Applicable (Not Transported),0,,0,,0,,1,0
41,Oregon,410319,1,1,0,0,3,3,0,47,MARION (47),0,NOT APPLICABLE,16,16,12,December,2017,7,Saturday,4,4:00am-4:59am,19,19,0,This section IS NOT on the NHS,4,County Road,CR-WINDSOR ISLAND ROAD,,1,Rural,7,Local,2,County Highway Agency,19,19,45.02813889,45.02813889,-123.0508528,-123.05085278,0,No Special Jurisdiction,35,Embankment,0,Not a Collision with Motor Vehicle In-Transport,0,No,1,Non-Junction,1,Not an Intersection,0,,4,On Roadside,2,Dark - Not Lighted,10,Cloudy,0,No Additional Atmospheric Conditions,10,Cloudy,0,No,0000000,Not Applicable,4,4:00am-4:59am,19,19,4,4:00am-4:59am,29,29,88,Not Applicable (Not Transported),88,Not Applicable (Not Transported),0,,0,,0,,1,1
41,Oregon,410320,2,2,0,0,3,3,0,11,COOS (11),0,NOT APPLICABLE,20,20,12,December,2017,4,Wednesday,8,8:00am-8:59am,52,52,1,This section IS ON the NHS,2,U.S. Highway,US-101 ODOT 9,,1,Rural,3,Principal Arterial - Other,1,State Highway Agency,2521,2521,43.21808056,43.21808056,-124.3063806,-124.30638056,0,No Special Jurisdiction,12,Motor Vehicle In-Transport,2,Front-to-Front,0,No,1,Non-Junction,1,Not an Intersection,0,,1,On Roadway,1,Daylight,3,Sleet or Hail,0,No Additional Atmospheric Conditions,3,Sleet or Hail,0,No,0000000,Not Applicable,8,8:00am-8:59am,52,52,9,9:00am-9:59am,6,6,99,Unknown,99,Unknown EMS Hospital Arrival Time,0,,0,,0,,1,0
41,Oregon,410321,2,2,0,0,3,3,0,29,JACKSON (29),1310,MEDFORD,23,23,12,December,2017,7,Saturday,15,3:00pm-3:59pm,13,13,0,This section IS NOT on the NHS,6,Local Street - Municipality,SPRING STREET,,2,Urban,5,Major Collector,4,City or Municipal Highway Agency,0,,42.33820556,42.33820556,-122.8432,-122.8432,0,No Special Jurisdiction,12,Motor Vehicle In-Transport,6,Angle,0,No,1,Non-Junction,1,Not an Intersection,0,,1,On Roadway,1,Daylight,1,Clear,0,No Additional Atmospheric Conditions,1,Clear,0,No,0000000,Not Applicable,15,3:00pm-3:59pm,21,21,99,Unknown EMS Scene Arrival Hour,99,Unknown EMS Scene Arrival Minutes,99,Unknown,99,Unknown EMS Hospital Arrival Time,0,,0,,0,,1,2
41,Oregon,410322,2,2,0,0,4,4,0,65,WASCO (65),0,NOT APPLICABLE,25,25,12,December,2017,2,Monday,15,3:00pm-3:59pm,25,25,1,This section IS ON the NHS,2,U.S. Highway,US-26 ODOT 53,,1,Rural,3,Principal Arterial - Other,1,State Highway Agency,647,647,45.16796389,45.16796389,-121.6654083,-121.66540833,0,No Special Jurisdiction,12,Motor Vehicle In-Transport,6,Angle,0,No,1,Non-Junction,1,Not an Intersection,0,,1,On Roadway,1,Daylight,4,Snow,0,No Additional Atmospheric Conditions,4,Snow,0,No,0000000,Not Applicable,15,3:00pm-3:59pm,32,32,16,4:00pm-4:59pm,26,26,99,Unknown,99,Unknown EMS Hospital Arrival Time,0,,0,,0,,2,0
41,Oregon,410323,1,1,0,0,1,1,0,29,JACKSON (29),0,NOT APPLICABLE,26,26,12,December,2017,3,Tuesday,1,1:00am-1:59am,42,42,0,This section IS NOT on the NHS,4,County Road,CR-ANTIOCH ROAD,,1,Rural,7,Local,2,County Highway Agency,102,102,42.50693611,42.50693611,-122.9028861,-122.90288611,0,No Special Jurisdiction,34,Ditch,0,Not a Collision with Motor Vehicle In-Transport,0,No,1,Non-Junction,1,Not an Intersection,0,,4,On Roadside,2,Dark - Not Lighted,10,Cloudy,0,No Additional Atmospheric Conditions,10,Cloudy,0,No,0000000,Not Applicable,1,1:00am-1:59am,42,42,1,1:00am-1:59am,59,59,88,Not Applicable (Not Transported),88,Not Applicable (Not Transported),0,,0,,0,,1,1
41,Oregon,410324,2,2,0,0,4,4,0,53,POLK (53),1810,SALEM,28,28,12,December,2017,5,Thursday,12,12:00pm-12:59pm,36,36,1,This section IS ON the NHS,3,State Highway,SR-221 ODOT,MICHIGAN CITY LN NW,2,Urban,3,Principal Arterial - Other,1,State Highway Agency,175,175,44.98388333,44.98388333,-123.0770167,-123.07701667,0,No Special Jurisdiction,12,Motor Vehicle In-Transport,2,Front-to-Front,0,No,2,Intersection,2,Four-Way Intersection,0,,1,On Roadway,1,Daylight,10,Cloudy,0,No Additional Atmospheric Conditions,10,Cloudy,0,No,0000000,Not Applicable,12,12:00pm-12:59pm,37,37,12,12:00pm-12:59pm,43,43,99,Unknown,99,Unknown EMS Hospital Arrival Time,0,,0,,0,,1,0
41,Oregon,410325,2,2,0,0,3,3,0,29,JACKSON (29),1310,MEDFORD,28,28,12,December,2017,5,Thursday,13,1:00pm-1:59pm,10,10,1,This section IS ON the NHS,3,State Highway,SR-140 ODOT 270,KERSHAW RD,2,Urban,3,Principal Arterial - Other,1,State Highway Agency,23,23,42.42376667,42.42376667,-122.8070028,-122.80700278,0,No Special Jurisdiction,12,Motor Vehicle In-Transport,6,Angle,0,No,2,Intersection,2,Four-Way Intersection,0,,1,On Roadway,1,Daylight,1,Clear,0,No Additional Atmospheric Conditions,1,Clear,0,No,0000000,Not Applicable,13,1:00pm-1:59pm,15,15,13,1:00pm-1:59pm,20,20,88,Not Applicable (Not Transported),88,Not Applicable (Not Transported),0,,0,,0,,2,0
41,Oregon,410326,1,1,0,1,1,1,1,17,DESCHUTES (17),0,NOT APPLICABLE,30,30,12,December,2017,7,Saturday,15,3:00pm-3:59pm,19,19,0,This section IS NOT on the NHS,4,County Road,CR-DODDS ROAD,,1,Rural,6,Minor Collector,2,County Highway Agency,0,,44.032325,44.032325,-121.0669194,-121.06691944,0,No Special Jurisdiction,9,Pedalcyclist,0,Not a Collision with Motor Vehicle In-Transport,0,No,1,Non-Junction,1,Not an Intersection,0,,1,On Roadway,1,Daylight,1,Clear,0,No Additional Atmospheric Conditions,1,Clear,0,No,0000000,Not Applicable,15,3:00pm-3:59pm,21,21,15,3:00pm-3:59pm,30,30,88,Not Applicable (Not Transported),88,Not Applicable (Not Transported),0,,0,,0,,1,0
41,Oregon,410327,1,1,0,0,1,1,0,19,DOUGLAS (19),0,NOT APPLICABLE,30,30,12,December,2017,7,Saturday,16,4:00pm-4:59pm,47,47,1,This section IS ON the NHS,3,State Highway,SR-38 ODOT 45,,1,Rural,3,Principal Arterial - Other,1,State Highway Agency,144,144,43.65108056,43.65108056,-123.8549417,-123.85494167,0,No Special Jurisdiction,42,Tree (Standing Only),0,Not a Collision with Motor Vehicle In-Transport,0,No,1,Non-Junction,1,Not an Intersection,0,,4,On Roadside,2,Dark - Not Lighted,2,Rain,0,No Additional Atmospheric Conditions,2,Rain,0,No,0000000,Not Applicable,16,4:00pm-4:59pm,49,49,17,5:00pm-5:59pm,12,12,88,Not Applicable (Not Transported),88,Not Applicable (Not Transported),0,,0,,0,,1,0
41,Oregon,410328,1,1,0,0,2,2,0,39,LANE (39),660,EUGENE,30,30,12,December,2017,7,Saturday,2,2:00am-2:59am,26,26,0,This section IS NOT on the NHS,6,Local Street - Municipality,BAILEY HILL RD,,2,Urban,4,Minor Arterial,4,City or Municipal Highway Agency,0,,44.03316389,44.03316389,-123.160475,-123.160475,0,No Special Jurisdiction,34,Ditch,0,Not a Collision with Motor Vehicle In-Transport,0,No,1,Non-Junction,1,Not an Intersection,0,,4,On Roadside,3,Dark - Lighted,5,"Fog, Smog, Smoke",0,No Additional Atmospheric Conditions,5,"Fog, Smog, Smoke",0,No,0000000,Not Applicable,2,2:00am-2:59am,26,26,2,2:00am-2:59am,37,37,99,Unknown,99,Unknown EMS Hospital Arrival Time,0,,0,,0,,1,0
41,Oregon,410329,2,2,0,0,6,6,0,39,LANE (39),0,NOT APPLICABLE,30,30,12,December,2017,7,Saturday,15,3:00pm-3:59pm,40,40,1,This section IS ON the NHS,3,State Highway,SR-58 ODOT 18,,1,Rural,3,Principal Arterial - Other,1,State Highway Agency,567,567,43.500775,43.500775,-121.9285722,-121.92857222,0,No Special Jurisdiction,12,Motor Vehicle In-Transport,6,Angle,0,No,1,Non-Junction,1,Not an Intersection,0,,1,On Roadway,1,Daylight,1,Clear,0,No Additional Atmospheric Conditions,1,Clear,0,No,0000000,Not Applicable,15,3:00pm-3:59pm,40,40,16,4:00pm-4:59pm,5,5,99,Unknown,99,Unknown EMS Hospital Arrival Time,0,,0,,0,,1,0
41,Oregon,410330,4,4,0,0,4,4,0,45,MALHEUR (45),0,NOT APPLICABLE,30,30,12,December,2017,7,Saturday,9,9:00am-9:59am,0,0,1,This section IS ON the NHS,2,U.S. Highway,US-20 ODOT 7,,1,Rural,3,Principal Arterial - Other,1,State Highway Agency,2163,2163,43.79098889,43.79098889,-117.7007028,-117.70070278,0,No Special Jurisdiction,12,Motor Vehicle In-Transport,2,Front-to-Front,0,No,1,Non-Junction,1,Not an Intersection,0,,1,On Roadway,1,Daylight,1,Clear,0,No Additional Atmospheric Conditions,1,Clear,0,No,0000000,Not Applicable,9,9:00am-9:59am,8,8,9,9:00am-9:59am,28,28,88,Not Applicable (Not Transported),88,Not Applicable (Not Transported),0,,0,,0,,2,0
41,Oregon,410331,1,1,0,1,2,2,1,33,JOSEPHINE (33),860,GRANTS PASS,31,31,12,December,2017,1,Sunday,16,4:00pm-4:59pm,49,49,0,This section IS NOT on the NHS,3,State Highway,SR-99 ODOT 60,PARKDALE RD,2,Urban,3,Principal Arterial - Other,1,State Highway Agency,8,8,42.42339167,42.42339167,-123.3199361,-123.31993611,0,No Special Jurisdiction,8,Pedestrian,0,Not a Collision with Motor Vehicle In-Transport,0,No,3,Intersection-Related,2,Four-Way Intersection,0,,1,On Roadway,5,Dusk,10,Cloudy,0,No Additional Atmospheric Conditions,10,Cloudy,0,No,0000000,Not Applicable,16,4:00pm-4:59pm,51,51,16,4:00pm-4:59pm,54,54,99,Unknown,99,Unknown EMS Hospital Arrival Time,0,,0,,0,,1,0
41,Oregon,410332,1,1,0,0,2,2,0,41,LINCOLN (41),0,NOT APPLICABLE,22,22,12,December,2017,6,Friday,13,1:00pm-1:59pm,35,35,0,This section IS NOT on the NHS,4,County Road,CR-SE EAST DEVILS LAKE RD,,2,Urban,4,Minor Arterial,2,County Highway Agency,38,38,44.96162778,44.96162778,-124.0018722,-124.00187222,0,No Special Jurisdiction,1,Rollover/Overturn,0,Not a Collision with Motor Vehicle In-Transport,0,No,1,Non-Junction,1,Not an Intersection,0,,4,On Roadside,1,Daylight,10,Cloudy,0,No Additional Atmospheric Conditions,10,Cloudy,0,No,0000000,Not Applicable,13,1:00pm-1:59pm,40,40,13,1:00pm-1:59pm,50,50,99,Unknown,99,Unknown EMS Hospital Arrival Time,0,,0,,0,,1,0
41,Oregon,410333,1,1,0,0,1,1,0,1,BAKER (1),0,NOT APPLICABLE,12,12,9,September,2017,3,Tuesday,13,1:00pm-1:59pm,19,19,0,This section IS NOT on the NHS,3,State Highway,SR-86 ODOT 12,,1,Rural,5,Major Collector,1,State Highway Agency,249,249,44.83069444,44.83069444,-117.45045,-117.45045,0,No Special Jurisdiction,35,Embankment,0,Not a Collision with Motor Vehicle In-Transport,0,No,1,Non-Junction,1,Not an Intersection,0,,4,On Roadside,1,Daylight,1,Clear,0,No Additional Atmospheric Conditions,1,Clear,0,No,0000000,Not Applicable,13,1:00pm-1:59pm,19,19,13,1:00pm-1:59pm,23,23,88,Not Applicable (Not Transported),88,Not Applicable (Not Transported),0,,0,,0,,1,0
41,Oregon,410334,1,1,0,0,2,2,0,33,JOSEPHINE (33),0,NOT APPLICABLE,13,13,9,September,2017,4,Wednesday,21,9:00pm-9:59pm,34,34,0,This section IS NOT on the NHS,4,County Road,CR-JEROME PRAIRIE RD,,1,Rural,7,Local,2,County Highway Agency,35,35,42.39115833,42.39115833,-123.4469389,-123.44693889,0,No Special Jurisdiction,35,Embankment,0,Not a Collision with Motor Vehicle In-Transport,0,No,1,Non-Junction,1,Not an Intersection,0,,4,On Roadside,2,Dark - Not Lighted,1,Clear,0,No Additional Atmospheric Conditions,1,Clear,0,No,0000000,Not Applicable,21,9:00pm-9:59pm,34,34,21,9:00pm-9:59pm,44,44,99,Unknown,99,Unknown EMS Hospital Arrival Time,0,,0,,0,,1,1
41,Oregon,410335,1,1,0,0,1,1,0,53,POLK (53),0,NOT APPLICABLE,15,15,9,September,2017,6,Friday,4,4:00am-4:59am,30,30,0,This section IS NOT on the NHS,4,County Road,CR-JAMES HOWE RD,,1,Rural,6,Minor Collector,2,County Highway Agency,6,6,44.97162222,44.97162222,-123.3384361,-123.33843611,0,No Special Jurisdiction,53,Mail Box,0,Not a Collision with Motor Vehicle In-Transport,0,No,1,Non-Junction,1,Not an Intersection,0,,4,On Roadside,2,Dark - Not Lighted,1,Clear,0,No Additional Atmospheric Conditions,1,Clear,0,No,0000000,Not Applicable,6,6:00am-6:59am,29,29,6,6:00am-6:59am,40,40,88,Not Applicable (Not Transported),88,Not Applicable (Not Transported),0,,0,,0,,1,0
41,Oregon,410336,1,1,0,0,1,1,0,67,WASHINGTON (67),0,NOT APPLICABLE,16,16,9,September,2017,7,Saturday,16,4:00pm-4:59pm,47,47,0,This section IS NOT on the NHS,4,County Road,CR-NW DAIRY CREEK RD,,1,Rural,5,Major Collector,2,County Highway Agency,0,,45.67534167,45.67534167,-123.0649639,-123.06496389,0,No Special Jurisdiction,1,Rollover/Overturn,0,Not a Collision with Motor Vehicle In-Transport,0,No,1,Non-Junction,1,Not an Intersection,0,,4,On Roadside,1,Daylight,1,Clear,0,No Additional Atmospheric Conditions,1,Clear,0,No,0000000,Not Applicable,16,4:00pm-4:59pm,47,47,17,5:00pm-5:59pm,0,0,88,Not Applicable (Not Transported),88,Not Applicable (Not Transported),0,,0,,0,,1,1
41,Oregon,410337,1,1,0,0,3,3,0,47,MARION (47),1810,SALEM,17,17,9,September,2017,1,Sunday,2,2:00am-2:59am,20,20,1,This section IS ON the NHS,3,State Highway,SR-22 ODOT 72,,2,Urban,3,Principal Arterial - Other,1,State Highway Agency,69,69,44.92912778,44.92912778,-123.0234889,-123.02348889,0,No Special Jurisdiction,42,Tree (Standing Only),0,Not a Collision with Motor Vehicle In-Transport,0,No,1,Non-Junction,1,Not an Intersection,0,,3,On Median,3,Dark - Lighted,1,Clear,0,No Additional Atmospheric Conditions,1,Clear,0,No,0000000,Not Applicable,2,2:00am-2:59am,23,23,2,2:00am-2:59am,26,26,3,3:00am-3:59am,10,10,0,,0,,0,,1,1
41,Oregon,410338,2,2,0,0,2,2,0,21,GILLIAM (21),60,ARLINGTON,18,18,9,September,2017,2,Monday,19,7:00pm-7:59pm,45,45,1,This section IS ON the NHS,1,Interstate,I-84,,1,Rural,1,Interstate,1,State Highway Agency,1380,1380,45.727375,45.727375,-120.1945,-120.1945,0,No Special Jurisdiction,12,Motor Vehicle In-Transport,2,Front-to-Front,0,No,1,Non-Junction,1,Not an Intersection,0,,1,On Roadway,5,Dusk,1,Clear,0,No Additional Atmospheric Conditions,1,Clear,0,No,0000000,Not Applicable,19,7:00pm-7:59pm,45,45,20,8:00pm-8:59pm,2,2,99,Unknown,99,Unknown EMS Hospital Arrival Time,0,,0,,0,,1,1
41,Oregon,410339,2,2,0,0,6,6,0,51,MULTNOMAH (51),1650,PORTLAND,18,18,9,September,2017,2,Monday,20,8:00pm-8:59pm,45,45,1,This section IS ON the NHS,2,U.S. Highway,US-30 ODOT 123,,2,Urban,3,Principal Arterial - Other,1,State Highway Agency,67,67,45.57610833,45.57610833,-122.6491278,-122.64912778,0,No Special Jurisdiction,12,Motor Vehicle In-Transport,2,Front-to-Front,0,No,1,Non-Junction,1,Not an Intersection,0,,1,On Roadway,3,Dark - Lighted,2,Rain,0,No Additional Atmospheric Conditions,2,Rain,0,No,0000000,Not Applicable,20,8:00pm-8:59pm,47,47,20,8:00pm-8:59pm,50,50,21,9:00pm-9:59pm,12,12,0,,0,,0,,2,1
41,Oregon,410340,2,2,0,0,6,6,0,67,WASHINGTON (67),2100,TUALATIN,18,18,9,September,2017,2,Monday,13,1:00pm-1:59pm,17,17,0,This section IS NOT on the NHS,6,Local Street - Municipality,SW NYBERG ST,,2,Urban,3,Principal Arterial - Other,4,City or Municipal Highway Agency,2897,2897,45.38269722,45.38269722,-122.7558861,-122.75588611,0,No Special Jurisdiction,12,Motor Vehicle In-Transport,6,Angle,0,No,8,Driveway Access Related,1,Not an Intersection,0,,1,On Roadway,1,Daylight,10,Cloudy,0,No Additional Atmospheric Conditions,10,Cloudy,0,No,0000000,Not Applicable,13,1:00pm-1:59pm,17,17,13,1:00pm-1:59pm,27,27,14,2:00pm-2:59pm,2,2,0,,0,,0,,1,0
41,Oregon,410341,1,1,0,0,1,1,0,47,MARION (47),0,NOT APPLICABLE,26,26,8,August,2017,7,Saturday,3,3:00am-3:59am,7,7,1,This section IS ON the NHS,1,Interstate,I-5,,1,Rural,1,Interstate,1,State Highway Agency,2430,2430,44.77371111,44.77371111,-123.04315,-123.04315,0,No Special Jurisdiction,1,Rollover/Overturn,0,Not a Collision with Motor Vehicle In-Transport,0,No,1,Non-Junction,1,Not an Intersection,0,,1,On Roadway,2,Dark - Not Lighted,1,Clear,0,No Additional Atmospheric Conditions,1,Clear,0,No,0000000,Not Applicable,99,Unknown,99,Unknown,99,Unknown EMS Scene Arrival Hour,99,Unknown EMS Scene Arrival Minutes,88,Not Applicable (Not Transported),88,Not Applicable (Not Transported),0,,0,,0,,1,1
41,Oregon,410342,1,1,0,0,1,1,0,19,DOUGLAS (19),0,NOT APPLICABLE,26,26,8,August,2017,7,Saturday,99,Unknown Hours,99,Unknown Minutes,0,This section IS NOT on the NHS,4,County Road,CR-PERKINS CREEK RD,,1,Rural,7,Local,2,County Highway Agency,0,,42.73325278,42.73325278,-123.5064167,-123.50641667,0,No Special Jurisdiction,1,Rollover/Overturn,0,Not a Collision with Motor Vehicle In-Transport,0,No,1,Non-Junction,1,Not an Intersection,0,,5,Outside Trafficway,1,Daylight,1,Clear,0,No Additional Atmospheric Conditions,1,Clear,0,No,0000000,Not Applicable,13,1:00pm-1:59pm,1,1,13,1:00pm-1:59pm,27,27,88,Not Applicable (Not Transported),88,Not Applicable (Not Transported),0,,0,,0,,1,1
41,Oregon,410343,1,1,0,1,1,1,1,51,MULTNOMAH (51),1650,PORTLAND,25,25,9,September,2017,2,Monday,6,6:00am-6:59am,15,15,1,This section IS ON the NHS,6,Local Street - Municipality,N COLUMBIA BLVD,N INTERSTATE PL,2,Urban,3,Principal Arterial - Other,4,City or Municipal Highway Agency,0,,45.58466389,45.58466389,-122.6826167,-122.68261667,0,No Special Jurisdiction,8,Pedestrian,0,Not a Collision with Motor Vehicle In-Transport,0,No,3,Intersection-Related,3,T-Intersection,0,,1,On Roadway,3,Dark - Lighted,10,Cloudy,0,No Additional Atmospheric Conditions,10,Cloudy,0,No,0000000,Not Applicable,6,6:00am-6:59am,17,17,6,6:00am-6:59am,20,20,6,6:00am-6:59am,29,29,0,,0,,0,,1,0
41,Oregon,410344,2,2,0,0,2,2,0,45,MALHEUR (45),0,NOT APPLICABLE,26,26,9,September,2017,3,Tuesday,16,4:00pm-4:59pm,34,34,1,This section IS ON the NHS,2,U.S. Highway,US-26 ODOT 5,,1,Rural,3,Principal Arterial - Other,1,State Highway Agency,2610,2610,44.18319167,44.18319167,-117.4391528,-117.43915278,0,No Special Jurisdiction,12,Motor Vehicle In-Transport,2,Front-to-Front,0,No,1,Non-Junction,1,Not an Intersection,0,,1,On Roadway,1,Daylight,1,Clear,0,No Additional Atmospheric Conditions,1,Clear,0,No,0000000,Not Applicable,16,4:00pm-4:59pm,33,33,16,4:00pm-4:59pm,52,52,99,Unknown,99,Unknown EMS Hospital Arrival Time,0,,0,,0,,1,0
41,Oregon,410345,1,1,0,0,2,2,0,33,JOSEPHINE (33),0,NOT APPLICABLE,30,30,9,September,2017,7,Saturday,1,1:00am-1:59am,20,20,1,This section IS ON the NHS,2,U.S. Highway,US-199 ODOT 25,,1,Rural,3,Principal Arterial - Other,1,State Highway Agency,126,126,42.36436667,42.36436667,-123.5115833,-123.51158333,0,No Special Jurisdiction,42,Tree (Standing Only),0,Not a Collision with Motor Vehicle In-Transport,0,No,1,Non-Junction,1,Not an Intersection,0,,4,On Roadside,2,Dark - Not Lighted,1,Clear,0,No Additional Atmospheric Conditions,1,Clear,0,No,0000000,Not Applicable,1,1:00am-1:59am,20,20,1,1:00am-1:59am,27,27,2,2:00am-2:59am,2,2,0,,0,,0,,2,1
41,Oregon,410346,1,1,0,0,1,1,0,71,YAMHILL (71),0,NOT APPLICABLE,20,20,9,September,2017,4,Wednesday,5,5:00am-5:59am,38,38,0,This section IS NOT on the NHS,3,State Highway,SR-99 ODOT 91,,1,Rural,4,Minor Arterial,1,State Highway Agency,440,440,45.12441389,45.12441389,-123.2062444,-123.20624444,0,No Special Jurisdiction,32,Culvert,0,Not a Collision with Motor Vehicle In-Transport,0,No,1,Non-Junction,1,Not an Intersection,0,,5,Outside Trafficway,2,Dark - Not Lighted,10,Cloudy,0,No Additional Atmospheric Conditions,10,Cloudy,0,No,0000000,Not Applicable,5,5:00am-5:59am,40,40,6,6:00am-6:59am,16,16,7,7:00am-7:59am,5,5,0,,0,,0,,1,0
41,Oregon,410347,2,2,0,0,2,2,0,31,JEFFERSON (31),0,NOT APPLICABLE,20,20,9,September,2017,4,Wednesday,23,11:00pm-11:59pm,13,13,1,This section IS ON the NHS,2,U.S. Highway,US-97 ODOT 4,,1,Rural,3,Principal Arterial - Other,1,State Highway Agency,1033,1033,44.52386667,44.52386667,-121.1803222,-121.18032222,0,No Special Jurisdiction,12,Motor Vehicle In-Transport,2,Front-to-Front,0,No,1,Non-Junction,1,Not an Intersection,0,,1,On Roadway,2,Dark - Not Lighted,10,Cloudy,0,No Additional Atmospheric Conditions,10,Cloudy,0,No,0000000,Not Applicable,23,11:00pm-11:59pm,13,13,23,11:00pm-11:59pm,22,22,88,Not Applicable (Not Transported),88,Not Applicable (Not Transported),0,,0,,0,,1,1
41,Oregon,410348,2,2,0,0,3,3,0,33,JOSEPHINE (33),0,NOT APPLICABLE,20,20,9,September,2017,4,Wednesday,15,3:00pm-3:59pm,54,54,0,This section IS NOT on the NHS,4,County Road,CR-HOG CREEK RD,,1,Rural,7,Local,2,County Highway Agency,18,18,42.56211944,42.56211944,-123.4881472,-123.48814722,0,No Special Jurisdiction,12,Motor Vehicle In-Transport,2,Front-to-Front,0,No,1,Non-Junction,1,Not an Intersection,0,,1,On Roadway,1,Daylight,2,Rain,0,No Additional Atmospheric Conditions,2,Rain,0,No,0000000,Not Applicable,15,3:00pm-3:59pm,52,52,16,4:00pm-4:59pm,10,10,17,5:00pm-5:59pm,0,0,0,,0,,0,,1,0
41,Oregon,410349,1,1,0,0,1,1,0,5,CLACKAMAS (5),0,NOT APPLICABLE,21,21,9,September,2017,5,Thursday,19,7:00pm-7:59pm,10,10,0,This section IS NOT on the NHS,3,State Highway,SR-211 ODOT 172,,1,Rural,4,Minor Arterial,1,State Highway Agency,5,5,45.36491667,45.36491667,-122.3473722,-122.34737222,0,No Special Jurisdiction,30,Utility Pole/Light Support,0,Not a Collision with Motor Vehicle In-Transport,0,No,1,Non-Junction,1,Not an Intersection,0,,4,On Roadside,2,Dark - Not Lighted,10,Cloudy,0,No Additional Atmospheric Conditions,10,Cloudy,0,No,0000000,Not Applicable,19,7:00pm-7:59pm,11,11,19,7:00pm-7:59pm,15,15,88,Not Applicable (Not Transported),88,Not Applicable (Not Transported),0,,0,,0,,1,1
41,Oregon,410350,2,2,0,0,2,2,0,53,POLK (53),0,NOT APPLICABLE,22,22,9,September,2017,6,Friday,19,7:00pm-7:59pm,49,49,0,This section IS NOT on the NHS,4,County Road,CR-RIDDELL RD,,1,Rural,6,Minor Collector,4,City or Municipal Highway Agency,22,22,44.87986944,44.87986944,-123.2382833,-123.23828333,0,No Special Jurisdiction,12,Motor Vehicle In-Transport,2,Front-to-Front,0,No,1,Non-Junction,1,Not an Intersection,0,,1,On Roadway,5,Dusk,1,Clear,0,No Additional Atmospheric Conditions,1,Clear,0,No,0000000,Not Applicable,19,7:00pm-7:59pm,53,53,20,8:00pm-8:59pm,1,1,88,Not Applicable (Not Transported),88,Not Applicable (Not Transported),0,,0,,0,,2,1
41,Oregon,410351,1,1,0,1,2,2,1,67,WASHINGTON (67),0,NOT APPLICABLE,22,22,9,September,2017,6,Friday,21,9:00pm-9:59pm,21,21,1,This section IS ON the NHS,3,State Highway,SR-8 ODOT 29,,2,Urban,3,Principal Arterial - Other,1,State Highway Agency,147,147,45.49743333,45.49743333,-122.9016194,-122.90161944,0,No Special Jurisdiction,8,Pedestrian,0,Not a Collision with Motor Vehicle In-Transport,0,No,1,Non-Junction,1,Not an Intersection,0,,1,On Roadway,3,Dark - Lighted,1,Clear,0,No Additional Atmospheric Conditions,1,Clear,0,No,0000000,Not Applicable,21,9:00pm-9:59pm,21,21,21,9:00pm-9:59pm,24,24,88,Not Applicable (Not Transported),88,Not Applicable (Not Transported),0,,0,,0,,1,0
41,Oregon,410352,2,2,0,0,2,2,0,47,MARION (47),1810,SALEM,22,22,9,September,2017,6,Friday,13,1:00pm-1:59pm,26,26,0,This section IS NOT on the NHS,6,Local Street - Municipality,BOONE RD SE,LONE OAK RD SE,2,Urban,5,Major Collector,4,City or Municipal Highway Agency,0,,44.88335833,44.88335833,-123.0510556,-123.05105556,0,No Special Jurisdiction,12,Motor Vehicle In-Transport,6,Angle,0,No,2,Intersection,2,Four-Way Intersection,0,,1,On Roadway,1,Daylight,1,Clear,0,No Additional Atmospheric Conditions,1,Clear,0,No,0000000,Not Applicable,13,1:00pm-1:59pm,27,27,13,1:00pm-1:59pm,30,30,13,1:00pm-1:59pm,53,53,0,,0,,0,,1,0
41,Oregon,410353,1,1,0,1,1,1,1,51,MULTNOMAH (51),1650,PORTLAND,23,23,9,September,2017,7,Saturday,6,6:00am-6:59am,35,35,0,This section IS NOT on the NHS,6,Local Street - Municipality,NE MARTIN LUTHER KING BLVD,NE DAVIS ST,2,Urban,3,Principal Arterial - Other,4,City or Municipal Highway Agency,0,,45.52438611,45.52438611,-122.6617611,-122.66176111,0,No Special Jurisdiction,8,Pedestrian,0,Not a Collision with Motor Vehicle In-Transport,0,No,3,Intersection-Related,2,Four-Way Intersection,0,,1,On Roadway,3,Dark - Lighted,10,Cloudy,0,No Additional Atmospheric Conditions,10,Cloudy,0,No,0000000,Not Applicable,6,6:00am-6:59am,39,39,6,6:00am-6:59am,44,44,6,6:00am-6:59am,59,59,0,,0,,0,,1,0
41,Oregon,410355,1,1,0,0,1,1,0,41,LINCOLN (41),0,NOT APPLICABLE,30,30,9,September,2017,7,Saturday,99,Unknown Hours,99,Unknown Minutes,0,This section IS NOT on the NHS,4,County Road,CR-4912 RD,,1,Rural,7,Local,1,State Highway Agency,0,,44.66571111,44.66571111,-123.8670694,-123.86706944,0,No Special Jurisdiction,1,Rollover/Overturn,0,Not a Collision with Motor Vehicle In-Transport,0,No,1,Non-Junction,1,Not an Intersection,0,,4,On Roadside,9,Unknown,98,Not Reported,0,No Additional Atmospheric Conditions,98,Not Reported,0,No,0000000,Not Applicable,13,1:00pm-1:59pm,0,0,13,1:00pm-1:59pm,35,35,88,Not Applicable (Not Transported),88,Not Applicable (Not Transported),0,,0,,0,,1,0
41,Oregon,410356,1,1,0,2,1,1,2,7,CLATSOP (7),1870,SEASIDE,30,30,9,September,2017,7,Saturday,21,9:00pm-9:59pm,12,12,1,This section IS ON the NHS,2,U.S. Highway,US-101 ODOT 9,,2,Urban,3,Principal Arterial - Other,1,State Highway Agency,211,211,45.99229444,45.99229444,-123.9210139,-123.92101389,0,No Special Jurisdiction,30,Utility Pole/Light Support,0,Not a Collision with Motor Vehicle In-Transport,0,No,1,Non-Junction,1,Not an Intersection,0,,4,On Roadside,3,Dark - Lighted,2,Rain,0,No Additional Atmospheric Conditions,2,Rain,0,No,0000000,Not Applicable,21,9:00pm-9:59pm,15,15,21,9:00pm-9:59pm,19,19,22,10:00pm-10:59pm,8,8,0,,0,,0,,1,1
41,Oregon,410357,1,1,0,1,1,1,1,17,DESCHUTES (17),190,BEND,11,11,4,April,2017,3,Tuesday,21,9:00pm-9:59pm,46,46,1,This section IS ON the NHS,6,Local Street - Municipality,NE 3RD ST,NE BURNSIDE AVE,2,Urban,3,Principal Arterial - Other,1,State Highway Agency,0,,44.05200278,44.05200278,-121.302525,-121.302525,0,No Special Jurisdiction,8,Pedestrian,0,Not a Collision with Motor Vehicle In-Transport,0,No,3,Intersection-Related,2,Four-Way Intersection,0,,1,On Roadway,2,Dark - Not Lighted,10,Cloudy,0,No Additional Atmospheric Conditions,10,Cloudy,0,No,0000000,Not Applicable,21,9:00pm-9:59pm,46,46,21,9:00pm-9:59pm,52,52,99,Unknown,99,Unknown EMS Hospital Arrival Time,0,,0,,0,,1,0
41,Oregon,410358,2,2,0,0,4,4,0,47,MARION (47),1810,SALEM,9,9,5,May,2017,3,Tuesday,17,5:00pm-5:59pm,0,0,1,This section IS ON the NHS,1,Interstate,I-5,,2,Urban,1,Interstate,1,State Highway Agency,2559,2559,44.94463056,44.94463056,-122.9901444,-122.99014444,0,No Special Jurisdiction,12,Motor Vehicle In-Transport,7,Sideswipe - Same Direction,0,No,1,Non-Junction,1,Not an Intersection,0,,1,On Roadway,1,Daylight,1,Clear,0,No Additional Atmospheric Conditions,1,Clear,0,No,0000000,Not Applicable,17,5:00pm-5:59pm,1,1,17,5:00pm-5:59pm,9,9,17,5:00pm-5:59pm,21,21,0,,0,,0,,1,0
41,Oregon,410359,2,2,0,0,3,3,0,33,JOSEPHINE (33),0,NOT APPLICABLE,24,24,6,June,2017,7,Saturday,18,6:00pm-6:59pm,10,10,0,This section IS NOT on the NHS,4,County Road,CR-PLACER RD,,1,Rural,5,Major Collector,2,County Highway Agency,17,17,42.62808056,42.62808056,-123.3353917,-123.33539167,0,No Special Jurisdiction,12,Motor Vehicle In-Transport,8,Sideswipe - Opposite Direction,0,No,8,Driveway Access Related,1,Not an Intersection,0,,1,On Roadway,1,Daylight,1,Clear,0,No Additional Atmospheric Conditions,1,Clear,0,No,0000000,Not Applicable,17,5:00pm-5:59pm,30,30,17,5:00pm-5:59pm,45,45,99,Unknown,99,Unknown EMS Hospital Arrival Time,0,,0,,0,,1,1
41,Oregon,410360,2,2,0,0,2,2,0,43,LINN (43),0,NOT APPLICABLE,18,18,7,July,2017,3,Tuesday,10,10:00am-10:59am,35,35,1,This section IS ON the NHS,2,U.S. Highway,US-20 ODOT 16,,1,Rural,3,Principal Arterial - Other,1,State Highway Agency,346,346,44.40512778,44.40512778,-122.7608194,-122.76081944,0,No Special Jurisdiction,12,Motor Vehicle In-Transport,2,Front-to-Front,0,No,1,Non-Junction,1,Not an Intersection,0,,1,On Roadway,1,Daylight,1,Clear,0,No Additional Atmospheric Conditions,1,Clear,0,No,0000000,Not Applicable,99,Unknown,99,Unknown,99,Unknown EMS Scene Arrival Hour,99,Unknown EMS Scene Arrival Minutes,88,Not Applicable (Not Transported),88,Not Applicable (Not Transported),0,,0,,0,,1,0
41,Oregon,410361,2,2,0,0,4,4,0,41,LINCOLN (41),0,NOT APPLICABLE,22,22,8,August,2017,3,Tuesday,11,11:00am-11:59am,46,46,1,This section IS ON the NHS,2,U.S. Highway,US-101 ODOT 9,E DEVILS LAKE RD,2,Urban,3,Principal Arterial - Other,1,State Highway Agency,1113,1113,45.00626944,45.00626944,-123.97985,-123.97985,0,No Special Jurisdiction,12,Motor Vehicle In-Transport,1,Front-to-Rear,0,No,3,Intersection-Related,3,T-Intersection,0,,1,On Roadway,1,Daylight,1,Clear,0,No Additional Atmospheric Conditions,1,Clear,0,No,0000000,Not Applicable,11,11:00am-11:59am,48,48,12,12:00pm-12:59pm,2,2,99,Unknown,99,Unknown EMS Hospital Arrival Time,0,,0,,0,,1,0
41,Oregon,410362,2,2,0,0,3,3,0,47,MARION (47),1980,STAYTON,7,7,9,September,2017,5,Thursday,9,9:00am-9:59am,12,12,0,This section IS NOT on the NHS,6,Local Street - Municipality,CASCADE HWY SE,WHITNEY ST,2,Urban,4,Minor Arterial,4,City or Municipal Highway Agency,0,,44.81355278,44.81355278,-122.7943111,-122.79431111,0,No Special Jurisdiction,12,Motor Vehicle In-Transport,6,Angle,0,No,2,Intersection,3,T-Intersection,0,,1,On Roadway,1,Daylight,10,Cloudy,0,No Additional Atmospheric Conditions,10,Cloudy,0,No,0000000,Not Applicable,9,9:00am-9:59am,13,13,9,9:00am-9:59am,18,18,99,Unknown,99,Unknown EMS Hospital Arrival Time,0,,0,,0,,1,0
41,Oregon,410363,4,4,0,0,5,5,0,25,HARNEY (25),0,NOT APPLICABLE,10,10,9,September,2017,1,Sunday,9,9:00am-9:59am,35,35,1,This section IS ON the NHS,2,U.S. Highway,US-20 ODOT 7,,1,Rural,3,Principal Arterial - Other,1,State Highway Agency,1123,1123,43.53490833,43.53490833,-119.35025,-119.35025,0,No Special Jurisdiction,12,Motor Vehicle In-Transport,1,Front-to-Rear,0,No,1,Non-Junction,1,Not an Intersection,0,,1,On Roadway,1,Daylight,1,Clear,0,No Additional Atmospheric Conditions,1,Clear,0,No,0000000,Not Applicable,9,9:00am-9:59am,38,38,10,10:00am-10:59am,0,0,99,Unknown,99,Unknown EMS Hospital Arrival Time,14,"Motor Vehicle struck by falling cargo,or something that came loose from or something that was set in motion by a vehicle",0,,0,,1,0
41,Oregon,410364,1,1,0,0,1,1,0,67,WASHINGTON (67),0,NOT APPLICABLE,18,18,9,September,2017,2,Monday,13,1:00pm-1:59pm,12,12,1,This section IS ON the NHS,1,Interstate,I-5,,2,Urban,1,Interstate,1,State Highway Agency,2889,2889,45.37553056,45.37553056,-122.7555222,-122.75552222,0,No Special Jurisdiction,24,Guardrail Face,0,Not a Collision with Motor Vehicle In-Transport,0,No,1,Non-Junction,1,Not an Intersection,0,,3,On Median,1,Daylight,2,Rain,0,No Additional Atmospheric Conditions,2,Rain,0,No,0000000,Not Applicable,13,1:00pm-1:59pm,18,18,13,1:00pm-1:59pm,22,22,88,Not Applicable (Not Transported),88,Not Applicable (Not Transported),0,,0,,0,,1,0
41,Oregon,410365,3,3,0,0,4,4,0,41,LINCOLN (41),0,NOT APPLICABLE,19,19,9,September,2017,3,Tuesday,15,3:00pm-3:59pm,45,45,1,This section IS ON the NHS,3,State Highway,SR-18 ODOT 39,,1,Rural,3,Principal Arterial - Other,1,State Highway Agency,40,40,45.00251667,45.00251667,-123.9016083,-123.90160833,0,No Special Jurisdiction,12,Motor Vehicle In-Transport,2,Front-to-Front,0,No,1,Non-Junction,1,Not an Intersection,0,,1,On Roadway,1,Daylight,10,Cloudy,0,No Additional Atmospheric Conditions,10,Cloudy,0,No,0000000,Not Applicable,15,3:00pm-3:59pm,48,48,15,3:00pm-3:59pm,50,50,99,Unknown,99,Unknown EMS Hospital Arrival Time,0,,0,,0,,1,0
41,Oregon,410366,1,1,0,0,1,1,0,19,DOUGLAS (19),0,NOT APPLICABLE,24,24,9,September,2017,1,Sunday,20,8:00pm-8:59pm,48,48,1,This section IS ON the NHS,1,Interstate,I-5,,2,Urban,1,Interstate,1,State Highway Agency,1037,1037,42.97099722,42.97099722,-123.336825,-123.336825,0,No Special Jurisdiction,59,Traffic Sign Support,0,Not a Collision with Motor Vehicle In-Transport,0,No,1,Non-Junction,1,Not an Intersection,0,,8,Gore,2,Dark - Not Lighted,1,Clear,0,No Additional Atmospheric Conditions,1,Clear,0,No,0000000,Not Applicable,20,8:00pm-8:59pm,48,48,20,8:00pm-8:59pm,55,55,99,Unknown,99,Unknown EMS Hospital Arrival Time,0,,0,,0,,1,1
41,Oregon,410367,2,2,0,1,2,2,1,51,MULTNOMAH (51),880,GRESHAM,8,8,10,October,2017,1,Sunday,16,4:00pm-4:59pm,55,55,0,This section IS NOT on the NHS,6,Local Street - Municipality,SE STARK ST,,2,Urban,4,Minor Arterial,4,City or Municipal Highway Agency,0,,45.51913889,45.51913889,-122.4476611,-122.44766111,0,No Special Jurisdiction,12,Motor Vehicle In-Transport,6,Angle,0,No,1,Non-Junction,1,Not an Intersection,0,,1,On Roadway,1,Daylight,1,Clear,0,No Additional Atmospheric Conditions,1,Clear,0,No,0000000,Not Applicable,16,4:00pm-4:59pm,56,56,17,5:00pm-5:59pm,2,2,99,Unknown,99,Unknown EMS Hospital Arrival Time,0,,0,,0,,1,1
41,Oregon,410368,2,2,0,0,6,6,0,47,MARION (47),1810,SALEM,8,8,10,October,2017,1,Sunday,16,4:00pm-4:59pm,39,39,1,This section IS ON the NHS,3,State Highway,SR-99 ODOT 81,,2,Urban,3,Principal Arterial - Other,1,State Highway Agency,432,432,45.02284444,45.02284444,-122.9757278,-122.97572778,0,No Special Jurisdiction,12,Motor Vehicle In-Transport,2,Front-to-Front,0,No,1,Non-Junction,1,Not an Intersection,0,,1,On Roadway,1,Daylight,1,Clear,0,No Additional Atmospheric Conditions,1,Clear,0,No,0000000,Not Applicable,16,4:00pm-4:59pm,39,39,16,4:00pm-4:59pm,42,42,99,Unknown,99,Unknown EMS Hospital Arrival Time,0,,0,,0,,5,1
41,Oregon,410369,1,1,0,0,1,1,0,39,LANE (39),0,NOT APPLICABLE,24,24,10,October,2017,3,Tuesday,10,10:00am-10:59am,0,0,0,This section IS NOT on the NHS,6,Local Street - Municipality,ERICKSON RD,,1,Rural,5,Major Collector,4,City or Municipal Highway Agency,9,9,43.99556389,43.99556389,-123.2533861,-123.25338611,0,No Special Jurisdiction,42,Tree (Standing Only),0,Not a Collision with Motor Vehicle In-Transport,0,No,1,Non-Junction,1,Not an Intersection,0,,4,On Roadside,1,Daylight,1,Clear,0,No Additional Atmospheric Conditions,1,Clear,0,No,0000000,Not Applicable,9,9:00am-9:59am,56,56,10,10:00am-10:59am,13,13,88,Not Applicable (Not Transported),88,Not Applicable (Not Transported),0,,0,,0,,1,0
41,Oregon,410370,1,1,0,1,1,1,1,67,WASHINGTON (67),0,NOT APPLICABLE,1,1,11,November,2017,4,Wednesday,7,7:00am-7:59am,29,29,1,This section IS ON the NHS,3,State Highway,SR-10 ODOT 142,,2,Urban,3,Principal Arterial - Other,2,County Highway Agency,60,60,45.47089167,45.47089167,-122.8782083,-122.87820833,0,No Special Jurisdiction,8,Pedestrian,0,Not a Collision with Motor Vehicle In-Transport,0,No,1,Non-Junction,1,Not an Intersection,0,,1,On Roadway,4,Dawn,5,"Fog, Smog, Smoke",0,No Additional Atmospheric Conditions,5,"Fog, Smog, Smoke",0,No,0000000,Not Applicable,7,7:00am-7:59am,29,29,7,7:00am-7:59am,35,35,88,Not Applicable (Not Transported),88,Not Applicable (Not Transported),0,,0,,0,,1,0
41,Oregon,410371,1,1,0,1,1,1,1,29,JACKSON (29),1310,MEDFORD,3,3,11,November,2017,6,Friday,22,10:00pm-10:59pm,10,10,0,This section IS NOT on the NHS,6,Local Street - Municipality,COLUMBUS AVE,PRUNE ST,2,Urban,4,Minor Arterial,4,City or Municipal Highway Agency,0,,42.31859722,42.31859722,-122.889875,-122.889875,0,No Special Jurisdiction,8,Pedestrian,0,Not a Collision with Motor Vehicle In-Transport,0,No,3,Intersection-Related,2,Four-Way Intersection,0,,1,On Roadway,3,Dark - Lighted,2,Rain,0,No Additional Atmospheric Conditions,2,Rain,0,No,0000000,Not Applicable,99,Unknown,99,Unknown,99,Unknown EMS Scene Arrival Hour,99,Unknown EMS Scene Arrival Minutes,99,Unknown,99,Unknown EMS Hospital Arrival Time,0,,0,,0,,1,0
41,Oregon,410372,1,1,0,0,2,2,0,71,YAMHILL (71),0,NOT APPLICABLE,11,11,11,November,2017,7,Saturday,22,10:00pm-10:59pm,24,24,0,This section IS NOT on the NHS,3,State Highway,SR-240 ODOT 151,,1,Rural,4,Minor Arterial,1,State Highway Agency,90,90,45.31670556,45.31670556,-123.0394361,-123.03943611,0,No Special Jurisdiction,42,Tree (Standing Only),0,Not a Collision with Motor Vehicle In-Transport,0,No,1,Non-Junction,1,Not an Intersection,0,,4,On Roadside,2,Dark - Not Lighted,1,Clear,0,No Additional Atmospheric Conditions,1,Clear,0,No,0000000,Not Applicable,22,10:00pm-10:59pm,24,24,22,10:00pm-10:59pm,31,31,99,Unknown,99,Unknown EMS Hospital Arrival Time,0,,0,,0,,1,1
41,Oregon,410373,1,1,0,0,1,1,0,43,LINN (43),0,NOT APPLICABLE,16,16,11,November,2017,5,Thursday,18,6:00pm-6:59pm,43,43,1,This section IS ON the NHS,2,U.S. Highway,US-20 ODOT 16,,2,Urban,3,Principal Arterial - Other,1,State Highway Agency,164,164,44.50543056,44.50543056,-122.8726667,-122.87266667,0,No Special Jurisdiction,42,Tree (Standing Only),0,Not a Collision with Motor Vehicle In-Transport,0,No,1,Non-Junction,1,Not an Intersection,0,,4,On Roadside,2,Dark - Not Lighted,2,Rain,0,No Additional Atmospheric Conditions,2,Rain,0,No,0000000,Not Applicable,18,6:00pm-6:59pm,43,43,18,6:00pm-6:59pm,50,50,88,Not Applicable (Not Transported),88,Not Applicable (Not Transported),0,,0,,0,,1,0
41,Oregon,410374,1,1,0,0,2,2,0,19,DOUGLAS (19),0,NOT APPLICABLE,18,18,11,November,2017,7,Saturday,3,3:00am-3:59am,18,18,0,This section IS NOT on the NHS,4,County Road,CR-OLD MELROSE RD,,2,Urban,5,Major Collector,2,County Highway Agency,31,31,43.24155556,43.24155556,-123.4358639,-123.43586389,0,No Special Jurisdiction,53,Mail Box,0,Not a Collision with Motor Vehicle In-Transport,0,No,1,Non-Junction,1,Not an Intersection,0,,4,On Roadside,2,Dark - Not Lighted,1,Clear,0,No Additional Atmospheric Conditions,1,Clear,0,No,0000000,Not Applicable,99,Unknown,99,Unknown,99,Unknown EMS Scene Arrival Hour,99,Unknown EMS Scene Arrival Minutes,99,Unknown,99,Unknown EMS Hospital Arrival Time,0,,0,,0,,1,1
41,Oregon,410375,1,1,0,1,1,1,1,43,LINN (43),0,NOT APPLICABLE,21,21,11,November,2017,3,Tuesday,6,6:00am-6:59am,37,37,0,This section IS NOT on the NHS,4,County Road,CR-SEVEN MILE LN,,2,Urban,5,Major Collector,2,County Highway Agency,9,9,44.58890278,44.58890278,-123.0687083,-123.06870833,0,No Special Jurisdiction,8,Pedestrian,0,Not a Collision with Motor Vehicle In-Transport,0,No,1,Non-Junction,1,Not an Intersection,0,,1,On Roadway,2,Dark - Not Lighted,2,Rain,0,No Additional Atmospheric Conditions,2,Rain,0,No,0000000,Not Applicable,6,6:00am-6:59am,44,44,6,6:00am-6:59am,53,53,88,Not Applicable (Not Transported),88,Not Applicable (Not Transported),0,,0,,0,,1,0
41,Oregon,410376,2,2,0,0,5,5,0,19,DOUGLAS (19),0,NOT APPLICABLE,7,7,3,March,2017,3,Tuesday,17,5:00pm-5:59pm,26,26,1,This section IS ON the NHS,2,U.S. Highway,US-101 ODOT 9,,1,Rural,3,Principal Arterial - Other,1,State Highway Agency,2063,2063,43.767575,43.767575,-124.1295028,-124.12950278,0,No Special Jurisdiction,12,Motor Vehicle In-Transport,6,Angle,0,No,1,Non-Junction,1,Not an Intersection,0,,1,On Roadway,2,Dark - Not Lighted,2,Rain,0,No Additional Atmospheric Conditions,2,Rain,0,No,0000000,Not Applicable,17,5:00pm-5:59pm,25,25,17,5:00pm-5:59pm,36,36,99,Unknown,99,Unknown EMS Hospital Arrival Time,0,,0,,0,,1,0
41,Oregon,410377,1,1,0,1,1,1,1,33,JOSEPHINE (33),860,GRANTS PASS,8,8,6,June,2017,5,Thursday,0,0:00am-0:59am,42,42,1,This section IS ON the NHS,2,U.S. Highway,US-199 ODOT 482,,2,Urban,3,Principal Arterial - Other,1,State Highway Agency,4,4,42.4257,42.4257,-123.3271361,-123.32713611,0,No Special Jurisdiction,8,Pedestrian,0,Not a Collision with Motor Vehicle In-Transport,0,No,1,Non-Junction,1,Not an Intersection,0,,1,On Roadway,2,Dark - Not Lighted,1,Clear,0,No Additional Atmospheric Conditions,1,Clear,0,No,0000000,Not Applicable,0,0:00am-0:59am,43,43,0,0:00am-0:59am,47,47,88,Not Applicable (Not Transported),88,Not Applicable (Not Transported),0,,0,,0,,1,0
41,Oregon,410378,1,1,0,0,1,1,0,11,COOS (11),0,NOT APPLICABLE,29,29,6,June,2017,5,Thursday,20,8:00pm-8:59pm,28,28,0,This section IS NOT on the NHS,4,County Road,CR-FAIRVIEW RD,,1,Rural,5,Major Collector,2,County Highway Agency,145,145,43.26703889,43.26703889,-124.0207806,-124.02078056,0,No Special Jurisdiction,34,Ditch,0,Not a Collision with Motor Vehicle In-Transport,0,No,1,Non-Junction,1,Not an Intersection,0,,4,On Roadside,1,Daylight,1,Clear,0,No Additional Atmospheric Conditions,1,Clear,0,No,0000000,Not Applicable,20,8:00pm-8:59pm,30,30,20,8:00pm-8:59pm,40,40,88,Not Applicable (Not Transported),88,Not Applicable (Not Transported),0,,0,,0,,1,1
41,Oregon,410379,4,3,1,0,9,9,0,71,YAMHILL (71),0,NOT APPLICABLE,3,3,7,July,2017,2,Monday,14,2:00pm-2:59pm,9,9,0,This section IS NOT on the NHS,3,State Highway,SR-99 ODOT 91,SW DURHAM LN,1,Rural,4,Minor Arterial,1,State Highway Agency,399,399,45.18003889,45.18003889,-123.2098722,-123.20987222,0,No Special Jurisdiction,12,Motor Vehicle In-Transport,1,Front-to-Rear,0,No,3,Intersection-Related,3,T-Intersection,0,,1,On Roadway,1,Daylight,1,Clear,0,No Additional Atmospheric Conditions,1,Clear,0,No,0000000,Not Applicable,14,2:00pm-2:59pm,10,10,14,2:00pm-2:59pm,14,14,99,Unknown,99,Unknown EMS Hospital Arrival Time,0,,0,,0,,2,0
41,Oregon,410380,1,1,0,0,2,2,0,17,DESCHUTES (17),190,BEND,12,12,8,August,2017,7,Saturday,3,3:00am-3:59am,50,50,0,This section IS NOT on the NHS,6,Local Street - Municipality,NE 9TH ST,,2,Urban,4,Minor Arterial,4,City or Municipal Highway Agency,0,,44.04882222,44.04882222,-121.2928111,-121.29281111,0,No Special Jurisdiction,1,Rollover/Overturn,0,Not a Collision with Motor Vehicle In-Transport,0,No,1,Non-Junction,1,Not an Intersection,0,,4,On Roadside,2,Dark - Not Lighted,10,Cloudy,0,No Additional Atmospheric Conditions,10,Cloudy,0,No,0000000,Not Applicable,3,3:00am-3:59am,50,50,3,3:00am-3:59am,55,55,99,Unknown,99,Unknown EMS Hospital Arrival Time,0,,0,,0,,1,1
41,Oregon,410381,1,1,0,0,1,1,0,7,CLATSOP (7),0,NOT APPLICABLE,12,12,11,November,2017,1,Sunday,12,12:00pm-12:59pm,39,39,0,This section IS NOT on the NHS,4,County Road,CR-LEWIS AND CLARK RD,,1,Rural,5,Major Collector,2,County Highway Agency,119,119,46.05280278,46.05280278,-123.8501694,-123.85016944,0,No Special Jurisdiction,34,Ditch,0,Not a Collision with Motor Vehicle In-Transport,0,No,1,Non-Junction,1,Not an Intersection,0,,4,On Roadside,1,Daylight,2,Rain,0,No Additional Atmospheric Conditions,2,Rain,0,No,0000000,Not Applicable,12,12:00pm-12:59pm,39,39,12,12:00pm-12:59pm,39,39,99,Unknown,99,Unknown EMS Hospital Arrival Time,0,,0,,0,,1,0
41,Oregon,410382,2,2,0,0,2,2,0,29,JACKSON (29),0,NOT APPLICABLE,22,22,11,November,2017,4,Wednesday,9,9:00am-9:59am,31,31,0,This section IS NOT on the NHS,3,State Highway,SR-140 ODOT 270,,1,Rural,3,Principal Arterial - Other,1,State Highway Agency,220,220,42.39113889,42.39113889,-122.4552667,-122.45526667,0,No Special Jurisdiction,12,Motor Vehicle In-Transport,2,Front-to-Front,0,No,1,Non-Junction,1,Not an Intersection,0,,1,On Roadway,1,Daylight,10,Cloudy,0,No Additional Atmospheric Conditions,10,Cloudy,0,No,0000000,Not Applicable,9,9:00am-9:59am,38,38,10,10:00am-10:59am,0,0,99,Unknown,99,Unknown EMS Hospital Arrival Time,0,,0,,0,,1,0
41,Oregon,410383,2,2,0,1,4,4,1,51,MULTNOMAH (51),880,GRESHAM,21,21,11,November,2017,3,Tuesday,19,7:00pm-7:59pm,32,32,1,This section IS ON the NHS,6,Local Street - Municipality,SE DIVISION ST,,2,Urban,3,Principal Arterial - Other,4,City or Municipal Highway Agency,0,,45.50456944,45.50456944,-122.4788472,-122.47884722,0,No Special Jurisdiction,8,Pedestrian,0,Not a Collision with Motor Vehicle In-Transport,0,No,1,Non-Junction,1,Not an Intersection,0,,1,On Roadway,3,Dark - Lighted,2,Rain,0,No Additional Atmospheric Conditions,2,Rain,0,No,0000000,Not Applicable,19,7:00pm-7:59pm,31,31,19,7:00pm-7:59pm,35,35,88,Not Applicable (Not Transported),88,Not Applicable (Not Transported),0,,0,,0,,1,0
41,Oregon,410384,1,1,0,0,1,1,0,47,MARION (47),0,NOT APPLICABLE,21,21,11,November,2017,3,Tuesday,18,6:00pm-6:59pm,14,14,0,This section IS NOT on the NHS,4,County Road,CR-BUENA VISTA RD S,,1,Rural,5,Major Collector,2,County Highway Agency,0,,44.769625,44.769625,-123.1448611,-123.14486111,0,No Special Jurisdiction,3,Immersion or Partial Immersion,0,Not a Collision with Motor Vehicle In-Transport,0,No,1,Non-Junction,1,Not an Intersection,0,,5,Outside Trafficway,2,Dark - Not Lighted,2,Rain,0,No Additional Atmospheric Conditions,2,Rain,0,No,0000000,Not Applicable,18,6:00pm-6:59pm,15,15,18,6:00pm-6:59pm,41,41,88,Not Applicable (Not Transported),88,Not Applicable (Not Transported),0,,0,,0,,1,0
41,Oregon,410385,2,2,0,0,4,4,0,51,MULTNOMAH (51),1650,PORTLAND,26,26,11,November,2017,1,Sunday,18,6:00pm-6:59pm,43,43,1,This section IS ON the NHS,1,Interstate,I-5,,2,Urban,1,Interstate,1,State Highway Agency,65,65,45.60465556,45.60465556,-122.6824806,-122.68248056,0,No Special Jurisdiction,25,Concrete Traffic Barrier,0,Not a Collision with Motor Vehicle In-Transport,0,No,1,Non-Junction,1,Not an Intersection,0,,3,On Median,3,Dark - Lighted,10,Cloudy,0,No Additional Atmospheric Conditions,10,Cloudy,0,No,0000000,Not Applicable,99,Unknown,99,Unknown,99,Unknown EMS Scene Arrival Hour,99,Unknown EMS Scene Arrival Minutes,99,Unknown,99,Unknown EMS Hospital Arrival Time,0,,0,,0,,1,1
41,Oregon,410386,1,1,0,1,1,1,1,51,MULTNOMAH (51),1650,PORTLAND,30,30,11,November,2017,5,Thursday,16,4:00pm-4:59pm,59,59,0,This section IS NOT on the NHS,6,Local Street - Municipality,NE 102ND AVE,NE SKIDMORE ST,2,Urban,4,Minor Arterial,4,City or Municipal Highway Agency,0,,45.55356944,45.55356944,-122.557775,-122.557775,0,No Special Jurisdiction,8,Pedestrian,0,Not a Collision with Motor Vehicle In-Transport,0,No,3,Intersection-Related,2,Four-Way Intersection,0,,1,On Roadway,8,Not Reported,98,Not Reported,0,No Additional Atmospheric Conditions,98,Not Reported,0,No,0000000,Not Applicable,99,Unknown,99,Unknown,99,Unknown EMS Scene Arrival Hour,99,Unknown EMS Scene Arrival Minutes,99,Unknown,99,Unknown EMS Hospital Arrival Time,0,,0,,0,,1,0
41,Oregon,410387,2,2,0,0,2,2,0,31,JEFFERSON (31),0,NOT APPLICABLE,2,2,11,November,2017,5,Thursday,13,1:00pm-1:59pm,12,12,1,This section IS ON the NHS,2,U.S. Highway,US-20 ODOT 16,,1,Rural,3,Principal Arterial - Other,1,State Highway Agency,815,815,44.425325,44.425325,-121.8418806,-121.84188056,0,No Special Jurisdiction,12,Motor Vehicle In-Transport,2,Front-to-Front,0,No,1,Non-Junction,1,Not an Intersection,0,,1,On Roadway,1,Daylight,2,Rain,0,No Additional Atmospheric Conditions,2,Rain,0,No,0000000,Not Applicable,13,1:00pm-1:59pm,12,12,13,1:00pm-1:59pm,36,36,88,Not Applicable (Not Transported),88,Not Applicable (Not Transported),0,,0,,0,,2,1
41,Oregon,410388,1,1,0,0,2,2,0,51,MULTNOMAH (51),1650,PORTLAND,3,3,12,December,2017,1,Sunday,17,5:00pm-5:59pm,50,50,0,This section IS NOT on the NHS,6,Local Street - Municipality,SW BOONES FERRY RD,,2,Urban,4,Minor Arterial,4,City or Municipal Highway Agency,0,,45.45048056,45.45048056,-122.6852944,-122.68529444,0,No Special Jurisdiction,42,Tree (Standing Only),0,Not a Collision with Motor Vehicle In-Transport,0,No,1,Non-Junction,1,Not an Intersection,0,,4,On Roadside,3,Dark - Lighted,2,Rain,5,"Fog, Smog, Smoke",2,Rain,0,No,0000000,Not Applicable,17,5:00pm-5:59pm,57,57,18,6:00pm-6:59pm,1,1,88,Not Applicable (Not Transported),88,Not Applicable (Not Transported),0,,0,,0,,1,1
41,Oregon,410389,1,1,0,0,3,3,0,33,JOSEPHINE (33),0,NOT APPLICABLE,4,4,12,December,2017,2,Monday,22,10:00pm-10:59pm,40,40,0,This section IS NOT on the NHS,4,County Road,CR-WILLIAMS HWY,,1,Rural,4,Minor Arterial,1,State Highway Agency,10,10,42.27838333,42.27838333,-123.2381028,-123.23810278,0,No Special Jurisdiction,34,Ditch,0,Not a Collision with Motor Vehicle In-Transport,0,No,1,Non-Junction,1,Not an Intersection,0,,4,On Roadside,2,Dark - Not Lighted,5,"Fog, Smog, Smoke",0,No Additional Atmospheric Conditions,5,"Fog, Smog, Smoke",0,No,0000000,Not Applicable,22,10:00pm-10:59pm,43,43,22,10:00pm-10:59pm,50,50,88,Not Applicable (Not Transported),88,Not Applicable (Not Transported),0,,0,,0,,1,1
41,Oregon,410390,2,2,0,0,2,2,0,33,JOSEPHINE (33),0,NOT APPLICABLE,9,9,12,December,2017,7,Saturday,2,2:00am-2:59am,25,25,0,This section IS NOT on the NHS,4,County Road,CR-NEW HOPE RD,,2,Urban,4,Minor Arterial,2,County Highway Agency,4,4,42.40273333,42.40273333,-123.5358972,-123.53589722,0,No Special Jurisdiction,12,Motor Vehicle In-Transport,6,Angle,0,No,1,Non-Junction,1,Not an Intersection,0,,1,On Roadway,2,Dark - Not Lighted,5,"Fog, Smog, Smoke",0,No Additional Atmospheric Conditions,5,"Fog, Smog, Smoke",0,No,0000000,Not Applicable,2,2:00am-2:59am,25,25,2,2:00am-2:59am,30,30,88,Not Applicable (Not Transported),88,Not Applicable (Not Transported),0,,0,,0,,1,1
41,Oregon,410391,2,2,0,0,3,3,0,43,LINN (43),0,NOT APPLICABLE,18,18,12,December,2017,2,Monday,14,2:00pm-2:59pm,30,30,0,This section IS NOT on the NHS,4,County Road,CR-KAMPH RD,,1,Rural,6,Minor Collector,4,City or Municipal Highway Agency,27,27,44.66918889,44.66918889,-123.0029472,-123.00294722,0,No Special Jurisdiction,12,Motor Vehicle In-Transport,1,Front-to-Rear,0,No,1,Non-Junction,1,Not an Intersection,0,,1,On Roadway,1,Daylight,10,Cloudy,0,No Additional Atmospheric Conditions,10,Cloudy,0,No,0000000,Not Applicable,14,2:00pm-2:59pm,33,33,14,2:00pm-2:59pm,43,43,99,Unknown,99,Unknown EMS Hospital Arrival Time,0,,0,,0,,2,0
41,Oregon,410392,1,1,0,1,1,1,1,33,JOSEPHINE (33),0,NOT APPLICABLE,19,19,12,December,2017,3,Tuesday,6,6:00am-6:59am,35,35,0,This section IS NOT on the NHS,4,County Road,CR-HAMILTON LN,,2,Urban,5,Major Collector,2,County Highway Agency,11,11,42.40715278,42.40715278,-123.3024361,-123.30243611,0,No Special Jurisdiction,8,Pedestrian,0,Not a Collision with Motor Vehicle In-Transport,0,No,1,Non-Junction,1,Not an Intersection,0,,1,On Roadway,2,Dark - Not Lighted,10,Cloudy,0,No Additional Atmospheric Conditions,10,Cloudy,0,No,0000000,Not Applicable,6,6:00am-6:59am,35,35,6,6:00am-6:59am,46,46,88,Not Applicable (Not Transported),88,Not Applicable (Not Transported),0,,0,,0,,1,0
41,Oregon,410393,2,2,0,0,2,2,0,17,DESCHUTES (17),0,NOT APPLICABLE,13,13,12,December,2017,4,Wednesday,9,9:00am-9:59am,37,37,1,This section IS ON the NHS,2,U.S. Highway,US-20 ODOT 7,CR-HAMBY RD,2,Urban,3,Principal Arterial - Other,1,State Highway Agency,35,35,44.05533889,44.05533889,-121.2434472,-121.24344722,0,No Special Jurisdiction,12,Motor Vehicle In-Transport,6,Angle,0,No,2,Intersection,2,Four-Way Intersection,0,,1,On Roadway,1,Daylight,1,Clear,0,No Additional Atmospheric Conditions,1,Clear,0,No,0000000,Not Applicable,9,9:00am-9:59am,37,37,9,9:00am-9:59am,44,44,88,Not Applicable (Not Transported),88,Not Applicable (Not Transported),0,,0,,0,,1,0
41,Oregon,410394,1,1,0,0,1,1,0,23,GRANT (23),0,NOT APPLICABLE,16,16,12,December,2017,7,Saturday,18,6:00pm-6:59pm,47,47,1,This section IS ON the NHS,2,U.S. Highway,US-395 ODOT 28,,1,Rural,3,Principal Arterial - Other,1,State Highway Agency,764,764,44.85076111,44.85076111,-119.0307,-119.0307,0,No Special Jurisdiction,42,Tree (Standing Only),0,Not a Collision with Motor Vehicle In-Transport,0,No,1,Non-Junction,1,Not an Intersection,0,,4,On Roadside,2,Dark - Not Lighted,1,Clear,0,No Additional Atmospheric Conditions,1,Clear,0,No,0000000,Not Applicable,18,6:00pm-6:59pm,49,49,19,7:00pm-7:59pm,18,18,88,Not Applicable (Not Transported),88,Not Applicable (Not Transported),0,,0,,0,,1,0
41,Oregon,410395,1,1,0,1,1,1,1,51,MULTNOMAH (51),1650,PORTLAND,20,20,12,December,2017,4,Wednesday,7,7:00am-7:59am,19,19,1,This section IS ON the NHS,6,Local Street - Municipality,NE SANDY BLVD,,2,Urban,3,Principal Arterial - Other,4,City or Municipal Highway Agency,0,,45.55123333,45.55123333,-122.5816417,-122.58164167,0,No Special Jurisdiction,8,Pedestrian,0,Not a Collision with Motor Vehicle In-Transport,0,No,1,Non-Junction,1,Not an Intersection,0,,1,On Roadway,3,Dark - Lighted,10,Cloudy,0,No Additional Atmospheric Conditions,10,Cloudy,0,No,0000000,Not Applicable,7,7:00am-7:59am,18,18,7,7:00am-7:59am,23,23,88,Not Applicable (Not Transported),88,Not Applicable (Not Transported),0,,0,,0,,1,0
41,Oregon,410396,1,1,0,0,1,1,0,33,JOSEPHINE (33),0,NOT APPLICABLE,20,20,12,December,2017,4,Wednesday,12,12:00pm-12:59pm,0,0,1,This section IS ON the NHS,2,U.S. Highway,US-199 ODOT 25,,1,Rural,3,Principal Arterial - Other,1,State Highway Agency,240,240,42.23252778,42.23252778,-123.6421472,-123.64214722,0,No Special Jurisdiction,58,Ground,0,Not a Collision with Motor Vehicle In-Transport,0,No,1,Non-Junction,1,Not an Intersection,0,,4,On Roadside,9,Unknown,1,Clear,0,No Additional Atmospheric Conditions,1,Clear,0,No,0000000,Not Applicable,12,12:00pm-12:59pm,11,11,12,12:00pm-12:59pm,17,17,88,Not Applicable (Not Transported),88,Not Applicable (Not Transported),0,,0,,0,,1,1
41,Oregon,410397,2,2,0,0,4,4,0,45,MALHEUR (45),0,NOT APPLICABLE,20,20,12,December,2017,4,Wednesday,19,7:00pm-7:59pm,28,28,1,This section IS ON the NHS,2,U.S. Highway,US-20 ODOT 7,,1,Rural,3,Principal Arterial - Other,1,State Highway Agency,2473,2473,43.98568611,43.98568611,-117.2215194,-117.22151944,0,No Special Jurisdiction,12,Motor Vehicle In-Transport,6,Angle,0,No,1,Non-Junction,1,Not an Intersection,0,,1,On Roadway,2,Dark - Not Lighted,10,Cloudy,0,No Additional Atmospheric Conditions,10,Cloudy,0,No,0000000,Not Applicable,19,7:00pm-7:59pm,33,33,19,7:00pm-7:59pm,38,38,99,Unknown,99,Unknown EMS Hospital Arrival Time,0,,0,,0,,1,0
41,Oregon,410398,1,1,0,1,1,1,1,29,JACKSON (29),0,NOT APPLICABLE,30,30,12,December,2017,7,Saturday,5,5:00am-5:59am,39,39,0,This section IS NOT on the NHS,4,County Road,CR-MEADOWS RD,,1,Rural,5,Major Collector,2,County Highway Agency,30,30,42.544325,42.544325,-122.9252222,-122.92522222,0,No Special Jurisdiction,8,Pedestrian,0,Not a Collision with Motor Vehicle In-Transport,0,No,1,Non-Junction,1,Not an Intersection,0,,1,On Roadway,2,Dark - Not Lighted,5,"Fog, Smog, Smoke",0,No Additional Atmospheric Conditions,5,"Fog, Smog, Smoke",0,No,0000000,Not Applicable,99,Unknown,99,Unknown,99,Unknown EMS Scene Arrival Hour,99,Unknown EMS Scene Arrival Minutes,88,Not Applicable (Not Transported),88,Not Applicable (Not Transported),0,,0,,0,,1,0
41,Oregon,410399,1,1,0,0,2,2,0,49,MORROW (49),0,NOT APPLICABLE,29,29,6,June,2017,5,Thursday,17,5:00pm-5:59pm,21,21,0,This section IS NOT on the NHS,4,County Road,CR-W 8TH RD,CR- COLUMBIA LN,1,Rural,5,Major Collector,2,County Highway Agency,0,,45.89661389,45.89661389,-119.5372361,-119.53723611,0,No Special Jurisdiction,1,Rollover/Overturn,0,Not a Collision with Motor Vehicle In-Transport,0,No,3,Intersection-Related,2,Four-Way Intersection,0,,4,On Roadside,1,Daylight,98,Not Reported,0,No Additional Atmospheric Conditions,98,Not Reported,0,No,0000000,Not Applicable,17,5:00pm-5:59pm,21,21,17,5:00pm-5:59pm,27,27,99,Unknown,99,Unknown EMS Hospital Arrival Time,0,,0,,0,,1,0
41,Oregon,410400,1,1,0,0,2,2,0,39,LANE (39),0,NOT APPLICABLE,24,24,8,August,2017,5,Thursday,12,12:00pm-12:59pm,0,0,1,This section IS ON the NHS,3,State Highway,SR-126 ODOT 62,,1,Rural,3,Principal Arterial - Other,1,State Highway Agency,230,230,43.97703889,43.97703889,-124.0772083,-124.07720833,0,No Special Jurisdiction,42,Tree (Standing Only),0,Not a Collision with Motor Vehicle In-Transport,0,No,1,Non-Junction,1,Not an Intersection,0,,4,On Roadside,1,Daylight,98,Not Reported,0,No Additional Atmospheric Conditions,98,Not Reported,0,No,0000000,Not Applicable,99,Unknown,99,Unknown,99,Unknown EMS Scene Arrival Hour,99,Unknown EMS Scene Arrival Minutes,99,Unknown,99,Unknown EMS Hospital Arrival Time,0,,0,,0,,1,0
41,Oregon,410401,1,1,0,1,1,1,1,41,LINCOLN (41),0,NOT APPLICABLE,25,25,8,August,2017,6,Friday,15,3:00pm-3:59pm,45,45,1,This section IS ON the NHS,2,U.S. Highway,US-101 ODOT 9,,2,Urban,3,Principal Arterial - Other,1,State Highway Agency,1468,1468,44.55171667,44.55171667,-124.0721722,-124.07217222,0,No Special Jurisdiction,8,Pedestrian,0,Not a Collision with Motor Vehicle In-Transport,0,No,1,Non-Junction,1,Not an Intersection,0,,1,On Roadway,1,Daylight,1,Clear,0,No Additional Atmospheric Conditions,1,Clear,0,No,0000000,Not Applicable,15,3:00pm-3:59pm,45,45,15,3:00pm-3:59pm,50,50,99,Unknown,99,Unknown EMS Hospital Arrival Time,0,,0,,0,,1,0
41,Oregon,410402,1,1,0,0,2,2,0,41,LINCOLN (41),0,NOT APPLICABLE,7,7,10,October,2017,7,Saturday,1,1:00am-1:59am,39,39,1,This section IS ON the NHS,2,U.S. Highway,US-101 ODOT 9,,2,Urban,3,Principal Arterial - Other,1,State Highway Agency,1107,1107,45.01025278,45.01025278,-123.9778694,-123.97786944,0,No Special Jurisdiction,42,Tree (Standing Only),0,Not a Collision with Motor Vehicle In-Transport,0,No,1,Non-Junction,1,Not an Intersection,0,,4,On Roadside,2,Dark - Not Lighted,10,Cloudy,0,No Additional Atmospheric Conditions,10,Cloudy,0,No,0000000,Not Applicable,1,1:00am-1:59am,39,39,1,1:00am-1:59am,47,47,88,Not Applicable (Not Transported),88,Not Applicable (Not Transported),0,,0,,0,,1,1
41,Oregon,410403,2,1,1,0,2,2,0,47,MARION (47),0,NOT APPLICABLE,29,29,10,October,2017,1,Sunday,3,3:00am-3:59am,58,58,1,This section IS ON the NHS,1,Interstate,I-5,,1,Rural,1,Interstate,1,State Highway Agency,2409,2409,44.73938889,44.73938889,-123.0523333,-123.05233333,0,No Special Jurisdiction,14,Parked Motor Vehicle,0,Not a Collision with Motor Vehicle In-Transport,0,No,1,Non-Junction,1,Not an Intersection,0,,4,On Roadside,6,Dark - Unknown Lighting,10,Cloudy,0,No Additional Atmospheric Conditions,10,Cloudy,0,No,0000000,Not Applicable,3,3:00am-3:59am,57,57,4,4:00am-4:59am,6,6,99,Unknown,99,Unknown EMS Hospital Arrival Time,0,,0,,0,,1,1
41,Oregon,410404,1,1,0,1,1,1,1,49,MORROW (49),0,NOT APPLICABLE,9,9,11,November,2017,5,Thursday,3,3:00am-3:59am,6,6,1,This section IS ON the NHS,1,Interstate,I-84,,1,Rural,1,Interstate,1,State Highway Agency,1593,1593,45.82991944,45.82991944,-119.7963111,-119.79631111,0,No Special Jurisdiction,8,Pedestrian,0,Not a Collision with Motor Vehicle In-Transport,0,No,1,Non-Junction,1,Not an Intersection,0,,1,On Roadway,2,Dark - Not Lighted,98,Not Reported,0,No Additional Atmospheric Conditions,98,Not Reported,0,No,0000000,Not Applicable,99,Unknown,99,Unknown,99,Unknown EMS Scene Arrival Hour,99,Unknown EMS Scene Arrival Minutes,88,Not Applicable (Not Transported),88,Not Applicable (Not Transported),0,,0,,0,,1,0
41,Oregon,410405,1,1,0,1,1,1,1,51,MULTNOMAH (51),2090,TROUTDALE,17,17,11,November,2017,6,Friday,99,Unknown Hours,99,Unknown Minutes,1,This section IS ON the NHS,1,Interstate,I-84,,2,Urban,1,Interstate,1,State Highway Agency,170,170,45.54498333,45.54498333,-122.3865528,-122.38655278,0,No Special Jurisdiction,8,Pedestrian,0,Not a Collision with Motor Vehicle In-Transport,0,No,1,Non-Junction,1,Not an Intersection,0,,1,On Roadway,9,Unknown,98,Not Reported,0,No Additional Atmospheric Conditions,98,Not Reported,0,No,0000000,Not Applicable,99,Unknown,99,Unknown,99,Unknown EMS Scene Arrival Hour,99,Unknown EMS Scene Arrival Minutes,88,Not Applicable (Not Transported),88,Not Applicable (Not Transported),0,,0,,0,,1,0
41,Oregon,410406,2,2,0,0,5,5,0,53,POLK (53),0,NOT APPLICABLE,23,23,11,November,2017,5,Thursday,19,7:00pm-7:59pm,59,59,0,This section IS NOT on the NHS,3,State Highway,SR-99 ODOT 91,CR-PARKER RD,1,Rural,4,Minor Arterial,1,State Highway Agency,665,665,44.80325,44.80325,-123.2277139,-123.22771389,0,No Special Jurisdiction,12,Motor Vehicle In-Transport,6,Angle,0,No,2,Intersection,4,Y-Intersection,0,,1,On Roadway,2,Dark - Not Lighted,98,Not Reported,0,No Additional Atmospheric Conditions,98,Not Reported,0,No,0000000,Not Applicable,19,7:00pm-7:59pm,58,58,20,8:00pm-8:59pm,4,4,88,Not Applicable (Not Transported),88,Not Applicable (Not Transported),0,,0,,0,,1,0
41,Oregon,410407,3,3,0,0,7,7,0,39,LANE (39),0,NOT APPLICABLE,31,31,8,August,2017,5,Thursday,17,5:00pm-5:59pm,51,51,0,This section IS NOT on the NHS,4,County Road,CR- CLEAR LAKE RD,,2,Urban,5,Major Collector,21,Other State Agency,2,2,44.10281667,44.10281667,-123.1773361,-123.17733611,0,No Special Jurisdiction,12,Motor Vehicle In-Transport,1,Front-to-Rear,0,No,1,Non-Junction,1,Not an Intersection,0,,1,On Roadway,1,Daylight,1,Clear,0,No Additional Atmospheric Conditions,1,Clear,0,No,0000000,Not Applicable,99,Unknown,99,Unknown,99,Unknown EMS Scene Arrival Hour,99,Unknown EMS Scene Arrival Minutes,99,Unknown,99,Unknown EMS Hospital Arrival Time,0,,0,,0,,1,0
41,Oregon,410408,1,1,0,1,1,1,1,41,LINCOLN (41),0,NOT APPLICABLE,3,3,12,December,2017,1,Sunday,16,4:00pm-4:59pm,56,56,1,This section IS ON the NHS,2,U.S. Highway,US-101 ODOT 9,NE NEOTSU DR,2,Urban,3,Principal Arterial - Other,1,State Highway Agency,1117,1117,45.00165278,45.00165278,-123.9868306,-123.98683056,0,No Special Jurisdiction,8,Pedestrian,0,Not a Collision with Motor Vehicle In-Transport,0,No,3,Intersection-Related,3,T-Intersection,0,,1,On Roadway,5,Dusk,10,Cloudy,0,No Additional Atmospheric Conditions,10,Cloudy,0,No,0000000,Not Applicable,16,4:00pm-4:59pm,56,56,17,5:00pm-5:59pm,0,0,99,Unknown,99,Unknown EMS Hospital Arrival Time,0,,0,,0,,1,0
41,Oregon,410409,1,1,0,0,1,1,0,47,MARION (47),2260,WOODBURN,23,23,9,September,2017,7,Saturday,23,11:00pm-11:59pm,48,48,0,This section IS NOT on the NHS,3,State Highway,SR-99 ODOT 81,,2,Urban,3,Principal Arterial - Other,1,State Highway Agency,318,318,45.14962222,45.14962222,-122.8326889,-122.83268889,0,No Special Jurisdiction,31,"Post, Pole or Other Supports",0,Not a Collision with Motor Vehicle In-Transport,0,No,1,Non-Junction,1,Not an Intersection,0,,4,On Roadside,2,Dark - Not Lighted,98,Not Reported,0,No Additional Atmospheric Conditions,98,Not Reported,0,No,0000000,Not Applicable,99,Unknown,99,Unknown,99,Unknown EMS Scene Arrival Hour,99,Unknown EMS Scene Arrival Minutes,88,Not Applicable (Not Transported),88,Not Applicable (Not Transported),20,Police Pursuit Involved,0,,0,,1,0
