STATE,STATENAME,ST_CASE,VEH_NO,VE_FORMS,NUMOCCS,NUMOCCSNAME,DAY,DAYNAME,MONTH,MONTHNAME,HOUR,HOURNAME,MINUTE,MINUTENAME,HARM_EV,HARM_EVNAME,MAN_COLL,MAN_COLLNAME,UNITTYPE,UNITTYPENAME,HIT_RUN,HIT_RUNNAME,REG_STAT,REG_STATNAME,OWNER,OWNERNAME,MAKE,MAKENAME,MODEL,MAK_MOD,MAK_MODNAME,BODY_TYP,BODY_TYPNAME,MOD_YEAR,MOD_YEARNAME,VIN,VINNAME,VIN_1,VIN_2,VIN_3,VIN_4,VIN_5,VIN_6,VIN_7,VIN_8,VIN_9,VIN_10,VIN_11,VIN_12,TOW_VEH,TOW_VEHNAME,J_KNIFE,J_KNIFENAME,MCARR_I1,MCARR_I1NAME,MCARR_I2,MCARR_I2NAME,MCARR_ID,MCARR_IDNAME,GVWR,GVWRNAME,V_CONFIG,V_CONFIGNAME,CARGO_BT,CARGO_BTNAME,HAZ_INV,HAZ_INVNAME,HAZ_PLAC,HAZ_PLACNAME,HAZ_ID,HAZ_IDNAME,HAZ_CNO,HAZ_CNONAME,HAZ_REL,HAZ_RELNAME,BUS_USE,BUS_USENAME,SPEC_USE,SPEC_USENAME,EMER_USE,EMER_USENAME,TRAV_SP,TRAV_SPNAME,UNDERIDE,UNDERIDENAME,ROLLOVER,ROLLOVERNAME,ROLINLOC,ROLINLOCNAME,IMPACT1,IMPACT1NAME,DEFORMED,DEFORMEDNAME,TOWED,TOWEDNAME,M_HARM,M_HARMNAME,VEH_SC1,VEH_SC1NAME,VEH_SC2,VEH_SC2NAME,FIRE_EXP,FIRE_EXPNAME,DR_PRES,DR_PRESNAME,L_STATE,L_STATENAME,DR_ZIP,DR_ZIPNAME,L_STATUS,L_STATUSNAME,L_TYPE,L_TYPENAME,CDL_STAT,CDL_STATNAME,L_ENDORS,L_ENDORSNAME,L_COMPL,L_COMPLNAME,L_RESTRI,L_RESTRINAME,DR_HGT,DR_HGTNAME,DR_WGT,DR_WGTNAME,PREV_ACC,PREV_ACCNAME,PREV_SUS,PREV_SUSNAME,PREV_DWI,PREV_DWINAME,PREV_SPD,PREV_SPDNAME,PREV_OTH,PREV_OTHNAME,FIRST_MO,FIRST_MONAME,FIRST_YR,FIRST_YRNAME,LAST_MO,LAST_MONAME,LAST_YR,LAST_YRNAME,SPEEDREL,SPEEDRELNAME,DR_SF1,DR_SF1NAME,DR_SF2,DR_SF2NAME,DR_SF3,DR_SF3NAME,DR_SF4,DR_SF4NAME,VTRAFWAY,VTRAFWAYNAME,VNUM_LAN,VNUM_LANNAME,VSPD_LIM,VSPD_LIMNAME,VALIGN,VALIGNNAME,VPROFILE,VPROFILENAME,VPAVETYP,VPAVETYPNAME,VSURCOND,VSURCONDNAME,VTRAFCON,VTRAFCONNAME,VTCONT_F,VTCONT_FNAME,P_CRASH1,P_CRASH1NAME,P_CRASH2,P_CRASH2NAME,P_CRASH3,P_CRASH3NAME,PCRASH4,PCRASH4NAME,PCRASH5,PCRASH5NAME,ACC_TYPE,ACC_TYPENAME,DEATHS,DR_DRINK,DR_DRINKNAME,TRLR1VIN,TRLR1VINNAME,TRLR2VIN,TRLR2VINNAME,TRLR3VIN,TRLR3VINNAME
41,Oregon,410001,1,1,1,01,1,1,1,January,99,Unknown Hours,99,Unknown Minutes,1,Rollover/Overturn,0,Not a Collision with Motor Vehicle In-Transport,1,Motor Vehicle In-Transport (Inside or Outside the Trafficway),0,No,41,Oregon,1,Driver (in this crash) was  Registered Owner,2,Jeep / Kaiser-Jeep / Willys- Jeep,403,2403,Jeep / Kaiser-Jeep / Willys- Jeep YJ series/Wrangler,14,"Compact Utility (Utility Vehicle Categories ""Small"" and ""Midsize"")",2006,2006,1J4FA49S26P7,1J4FA49S26P7,1,J,4,F,A,4,9,S,2,6,P,7,0,No Trailing Units,0,Not an Articulated Vehicle,0,Not Applicable,000000000,Not Applicable,00000000000,Not Applicable,0,Not Applicable,0,Not Applicable,0,Not Applicable (N/A),1,No,0,Not Applicable,0,Not Applicable,0,Not Applicable,0,Not Applicable,0,Not a Bus,0,No Special Use,0,Not Applicable,998,Not Reported,0,No Underride or Override Noted,1,"Rollover, Tripped by Object/Vehicle",6,Outside of Trafficway,0,Non-Collision,6,Disabling Damage,2,Towed Due to Disabling Damage,1,Rollover/Overturn,0,,0,,0,No or Not Reported,1,Yes,41,Oregon,97632,97632,6,Valid,1,Full Driver License,0,No (CDL),0,No Endorsements required for this vehicle,3,Valid license for this class vehicle,0,No Restrictions or Not Applicable,72,72,325,325 lbs.,0,,0,,0,,0,,0,,0,No Record,0,No Record,0,No Record,0,No Record,0,No,39,"Failure to Obey Actual Traffic Sign,Traffic Control Devices or Traffic Officers;Failure to Obey Safety Zone Traffic Laws",0,,0,,0,,1,"Two-Way, Not Divided",2,Two lanes,55,55 MPH,1,Straight,1,Level,2,"Blacktop, Bituminous, or Asphalt",1,Dry,20,Stop Sign,3,Device Functioning Properly,1,Going Straight,14,End departure,99,Unknown/Not Reported,1,Tracking,4,Departed roadway,14,C14-Single Driver-Forward Impact-End Departure,1,1,Yes,777777777777,No Trailing Units,777777777777,No Trailing Units,777777777777,No Trailing Units
41,Oregon,410002,1,1,4,04,2,2,1,January,23,11:00pm-11:59pm,23,23,14,Parked Motor Vehicle,0,Not a Collision with Motor Vehicle In-Transport,1,Motor Vehicle In-Transport (Inside or Outside the Trafficway),0,No,41,Oregon,2,Driver (in this crash) Not Registered Owner (Other Private Owner Listed),12,Ford,481,12481,Ford F-Series pickup,34,Light Pickup,2003,2003,2FTRX17203CA,2FTRX17203CA,2,F,T,R,X,1,7,2,0,3,C,A,0,No Trailing Units,0,Not an Articulated Vehicle,0,Not Applicable,000000000,Not Applicable,00000000000,Not Applicable,0,Not Applicable,0,Not Applicable,0,Not Applicable (N/A),1,No,0,Not Applicable,0,Not Applicable,0,Not Applicable,0,Not Applicable,0,Not a Bus,0,No Special Use,0,Not Applicable,998,Not Reported,0,No Underride or Override Noted,1,"Rollover, Tripped by Object/Vehicle",5,On Roadside,3,3 Clock Point,6,Disabling Damage,2,Towed Due to Disabling Damage,1,Rollover/Overturn,0,,0,,0,No or Not Reported,1,Yes,41,Oregon,97476,97476,6,Valid,1,Full Driver License,6,Valid,0,No Endorsements required for this vehicle,3,Valid license for this class vehicle,0,No Restrictions or Not Applicable,64,64,180,180 lbs.,0,,0,,0,,1,1,0,,3,March,2012,2012,3,March,2012,2012,4,"Yes, Too Fast for Conditions",0,,0,,0,,0,,3,"Two-Way,  Divided, Positive  Median Barrier",2,Two lanes,65,65 MPH,1,Straight,1,Level,2,"Blacktop, Bituminous, or Asphalt",3,Snow,0,No Controls,0,No Controls,1,Going Straight,6,Traveling too fast for conditions,99,Unknown/Not Reported,5,"Skidding Laterally, Rotation Direction Unknown",4,Departed roadway,11,C11-Single Driver-Forward Impact-Parked Veh.,1,0,No,777777777777,No Trailing Units,777777777777,No Trailing Units,777777777777,No Trailing Units
41,Oregon,410003,1,2,1,01,3,3,1,January,13,1:00pm-1:59pm,5,5,12,Motor Vehicle In-Transport,6,Angle,1,Motor Vehicle In-Transport (Inside or Outside the Trafficway),0,No,53,Washington,1,Driver (in this crash) was  Registered Owner,12,Ford,3,12003,Ford Mustang/Mustang II,2,"2-door sedan,hardtop,coupe",1995,1995,1FALP42T7SF1,1FALP42T7SF1,1,F,A,L,P,4,2,T,7,S,F,1,0,No Trailing Units,0,Not an Articulated Vehicle,0,Not Applicable,000000000,Not Applicable,00000000000,Not Applicable,0,Not Applicable,0,Not Applicable,0,Not Applicable (N/A),1,No,0,Not Applicable,0,Not Applicable,0,Not Applicable,0,Not Applicable,0,Not a Bus,0,No Special Use,0,Not Applicable,998,Not Reported,0,No Underride or Override Noted,0,No Rollover,0,No Rollover,11,11 Clock Point,6,Disabling Damage,2,Towed Due to Disabling Damage,12,Motor Vehicle In-Transport,0,,0,,0,No or Not Reported,1,Yes,53,Washington,98683,98683,6,Valid,1,Full Driver License,0,No (CDL),0,No Endorsements required for this vehicle,3,Valid license for this class vehicle,0,No Restrictions or Not Applicable,75,75,230,230 lbs.,0,,0,,0,,0,,1,1,5,May,2015,2015,5,May,2015,2015,9,Unknown,28,Improper Lane Usage,0,,0,,0,,1,"Two-Way, Not Divided",3,Three lanes,55,55 MPH,2,Curve Right,2,"Grade, Unknown Slope",2,"Blacktop, Bituminous, or Asphalt",4,Ice/Frost,0,No Controls,0,No Controls,14,Negotiating a Curve,9,Unknown cause of control loss,99,Unknown/Not Reported,9,Precrash stability unknown,2,"Stayed on roadway, but left original travel lane",64,"I64-Same Trafficway, Opposite Direction-Angle, Sideswipe-Lateral Move (Left/Right)",1,0,No,777777777777,No Trailing Units,777777777777,No Trailing Units,777777777777,No Trailing Units
41,Oregon,410003,2,2,3,03,3,3,1,January,13,1:00pm-1:59pm,5,5,12,Motor Vehicle In-Transport,6,Angle,1,Motor Vehicle In-Transport (Inside or Outside the Trafficway),0,No,41,Oregon,1,Driver (in this crash) was  Registered Owner,20,Chevrolet,481,20481,"Chevrolet C, K, R, V-series pickup/Silverado",34,Light Pickup,2006,2006,1GCHK29D86E1,1GCHK29D86E1,1,G,C,H,K,2,9,D,8,6,E,1,0,No Trailing Units,0,Not an Articulated Vehicle,0,Not Applicable,000000000,Not Applicable,00000000000,Not Applicable,0,Not Applicable,0,Not Applicable,0,Not Applicable (N/A),1,No,0,Not Applicable,0,Not Applicable,0,Not Applicable,0,Not Applicable,0,Not a Bus,0,No Special Use,0,Not Applicable,998,Not Reported,0,No Underride or Override Noted,0,No Rollover,0,No Rollover,12,12 Clock Point,6,Disabling Damage,2,Towed Due to Disabling Damage,12,Motor Vehicle In-Transport,0,,0,,0,No or Not Reported,1,Yes,41,Oregon,97042,97042,6,Valid,1,Full Driver License,6,Valid,0,No Endorsements required for this vehicle,3,Valid license for this class vehicle,0,No Restrictions or Not Applicable,73,73,200,200 lbs.,1,1,0,,0,,1,1,0,,4,April,2012,2012,5,May,2012,2012,0,No,0,,0,,0,,0,,1,"Two-Way, Not Divided",3,Three lanes,55,55 MPH,3,Curve Left,2,"Grade, Unknown Slope",2,"Blacktop, Bituminous, or Asphalt",4,Ice/Frost,0,No Controls,0,No Controls,14,Negotiating a Curve,62,From opposite direction  over left lane line,99,Unknown/Not Reported,1,Tracking,1,Stayed in original travel lane,65,"I65-Same Trafficway, Opposite Direction-Angle, Sideswipe-Lateral Move (Going Straight)",0,0,No,777777777777,No Trailing Units,777777777777,No Trailing Units,777777777777,No Trailing Units
41,Oregon,410004,1,2,1,01,3,3,1,January,13,1:00pm-1:59pm,5,5,12,Motor Vehicle In-Transport,1,Front-to-Rear,1,Motor Vehicle In-Transport (Inside or Outside the Trafficway),0,No,41,Oregon,2,Driver (in this crash) Not Registered Owner (Other Private Owner Listed),6,Chrysler,43,6043,Chrysler Sebring,1,"Convertible(excludes sun-roof,t-bar)",2002,2002,1C3EL75R92N3,1C3EL75R92N3,1,C,3,E,L,7,5,R,9,2,N,3,0,No Trailing Units,0,Not an Articulated Vehicle,0,Not Applicable,000000000,Not Applicable,00000000000,Not Applicable,0,Not Applicable,0,Not Applicable,0,Not Applicable (N/A),1,No,0,Not Applicable,0,Not Applicable,0,Not Applicable,0,Not Applicable,0,Not a Bus,0,No Special Use,0,Not Applicable,0,Stopped Motor Vehicle In- Transport,0,No Underride or Override Noted,0,No Rollover,0,No Rollover,6,6 Clock Point,6,Disabling Damage,2,Towed Due to Disabling Damage,12,Motor Vehicle In-Transport,0,,0,,0,No or Not Reported,1,Yes,41,Oregon,97424,97424,6,Valid,1,Full Driver License,0,No (CDL),0,No Endorsements required for this vehicle,3,Valid license for this class vehicle,0,No Restrictions or Not Applicable,64,64,145,145 lbs.,3,3,6,6,0,,1,1,3,3,3,March,2012,2012,6,June,2014,2014,9,Unknown,0,,0,,0,,0,,2,"Two-Way, Divided, Unprotected Median",2,Two lanes,65,65 MPH,1,Straight,1,Level,2,"Blacktop, Bituminous, or Asphalt",1,Dry,0,No Controls,0,No Controls,5,Stopped in Roadway,53,Traveling in same direction with higher speed,1,No Avoidance Maneuver,1,Tracking,1,Stayed in original travel lane,21,"D21-Same Trafficway, Same Direction-Rear End-Stopped, Straight",1,0,No,777777777777,No Trailing Units,777777777777,No Trailing Units,777777777777,No Trailing Units
41,Oregon,410004,2,2,1,01,3,3,1,January,13,1:00pm-1:59pm,5,5,12,Motor Vehicle In-Transport,1,Front-to-Rear,1,Motor Vehicle In-Transport (Inside or Outside the Trafficway),0,No,41,Oregon,3,Vehicle Registered as Business/Company/Government Vehicle,82,Freightliner,881,82881,Freightliner Medium/Heavy - CBE,60,"Step van (>10,000 lbs. GVWR)",2006,2006,4UZAAPDH66CW,4UZAAPDH66CW,4,U,Z,A,A,P,D,H,6,6,C,W,0,No Trailing Units,0,Not an Articulated Vehicle,88,,888888888,,88888888888,,2,"10,001 lbs - 26,000 lbs",1,"Single-Unit Truck (2- axle and GVWR more than 10,000 lbs)",1,Van/Enclosed Box,1,No,0,Not Applicable,0,Not Applicable,0,Not Applicable,0,Not Applicable,0,Not a Bus,0,No Special Use,0,Not Applicable,998,Not Reported,0,No Underride or Override Noted,0,No Rollover,0,No Rollover,12,12 Clock Point,8,Not Reported,3,Towed Not Due to Disabling Damage,12,Motor Vehicle In-Transport,0,,0,,0,No or Not Reported,1,Yes,41,Oregon,97470,97470,6,Valid,1,Full Driver License,0,No (CDL),0,No Endorsements required for this vehicle,3,Valid license for this class vehicle,0,No Restrictions or Not Applicable,64,64,180,180 lbs.,1,1,0,,0,,0,,0,,4,April,2013,2013,4,April,2013,2013,0,No,0,,0,,0,,0,,2,"Two-Way, Divided, Unprotected Median",2,Two lanes,65,65 MPH,1,Straight,1,Level,2,"Blacktop, Bituminous, or Asphalt",1,Dry,0,No Controls,0,No Controls,1,Going Straight,50,Other vehicle stopped,1,No Avoidance Maneuver,1,Tracking,1,Stayed in original travel lane,20,"D20-Same Trafficway, Same Direction-Rear End-Stopped",0,0,No,777777777777,No Trailing Units,777777777777,No Trailing Units,777777777777,No Trailing Units
41,Oregon,410005,1,2,2,02,9,9,1,January,6,6:00am-6:59am,58,58,12,Motor Vehicle In-Transport,2,Front-to-Front,1,Motor Vehicle In-Transport (Inside or Outside the Trafficway),0,No,41,Oregon,1,Driver (in this crash) was  Registered Owner,7,Dodge,880,7880,"Dodge Medium/Heavy Pickup (pickup-style only - over 10,000 lbs)",67,"Medium/heavy Pickup (>10,000 lbs. GVWR)",2014,2014,3C63RRGL2EG2,3C63RRGL2EG2,3,C,6,3,R,R,G,L,2,E,G,2,0,No Trailing Units,0,Not an Articulated Vehicle,88,,888888888,,88888888888,,2,"10,001 lbs - 26,000 lbs",1,"Single-Unit Truck (2- axle and GVWR more than 10,000 lbs)",97,Other,1,No,0,Not Applicable,0,Not Applicable,0,Not Applicable,0,Not Applicable,0,Not a Bus,0,No Special Use,0,Not Applicable,998,Not Reported,0,No Underride or Override Noted,0,No Rollover,0,No Rollover,12,12 Clock Point,9,Unknown,2,Towed Due to Disabling Damage,12,Motor Vehicle In-Transport,0,,0,,0,No or Not Reported,1,Yes,41,Oregon,97834,97834,6,Valid,1,Full Driver License,6,Valid,0,No Endorsements required for this vehicle,3,Valid license for this class vehicle,1,Restrictions Complied With,71,71,250,250 lbs.,0,,0,,0,,0,,0,,0,No Record,0,No Record,0,No Record,0,No Record,4,"Yes, Too Fast for Conditions",28,Improper Lane Usage,0,,0,,0,,5,"Two-Way, Not Divided With a Continuous Left-Turn Lane",5,Five lanes,55,55 MPH,1,Straight,1,Level,2,"Blacktop, Bituminous, or Asphalt",4,Ice/Frost,0,No Controls,0,No Controls,1,Going Straight,10,Over the lane line on left side of travel lane,99,Unknown/Not Reported,1,Tracking,2,"Stayed on roadway, but left original travel lane",50,"G50-Same Trafficway, Opposite Direction-Head-On-Lateral Move (Left/Right)",0,0,No,777777777777,No Trailing Units,777777777777,No Trailing Units,777777777777,No Trailing Units
41,Oregon,410005,2,2,2,02,9,9,1,January,6,6:00am-6:59am,58,58,12,Motor Vehicle In-Transport,2,Front-to-Front,1,Motor Vehicle In-Transport (Inside or Outside the Trafficway),0,No,41,Oregon,1,Driver (in this crash) was  Registered Owner,12,Ford,423,12423,Ford Excursion,16,"Utility station wagon (includes suburban limousines, Suburban, Travellall, Grand Wagoneer)",2001,2001,1FMNU43S11EA,1FMNU43S11EA,1,F,M,N,U,4,3,S,1,1,E,A,0,No Trailing Units,0,Not an Articulated Vehicle,0,Not Applicable,000000000,Not Applicable,00000000000,Not Applicable,0,Not Applicable,0,Not Applicable,0,Not Applicable (N/A),1,No,0,Not Applicable,0,Not Applicable,0,Not Applicable,0,Not Applicable,0,Not a Bus,0,No Special Use,0,Not Applicable,998,Not Reported,0,No Underride or Override Noted,0,No Rollover,0,No Rollover,12,12 Clock Point,6,Disabling Damage,2,Towed Due to Disabling Damage,12,Motor Vehicle In-Transport,0,,0,,0,No or Not Reported,1,Yes,41,Oregon,97918,97918,6,Valid,1,Full Driver License,0,No (CDL),0,No Endorsements required for this vehicle,3,Valid license for this class vehicle,0,No Restrictions or Not Applicable,72,72,180,180 lbs.,0,,0,,0,,0,,0,,0,No Record,0,No Record,0,No Record,0,No Record,0,No,0,,0,,0,,0,,5,"Two-Way, Not Divided With a Continuous Left-Turn Lane",5,Five lanes,55,55 MPH,1,Straight,1,Level,2,"Blacktop, Bituminous, or Asphalt",4,Ice/Frost,0,No Controls,0,No Controls,1,Going Straight,62,From opposite direction  over left lane line,99,Unknown/Not Reported,1,Tracking,1,Stayed in original travel lane,51,"G51-Same Trafficway, Opposite Direction-Head-On-Lateral Move (Going Straight)",1,0,No,777777777777,No Trailing Units,777777777777,No Trailing Units,777777777777,No Trailing Units
41,Oregon,410006,1,1,1,01,5,5,1,January,15,3:00pm-3:59pm,9,9,8,Pedestrian,0,Not a Collision with Motor Vehicle In-Transport,1,Motor Vehicle In-Transport (Inside or Outside the Trafficway),0,No,41,Oregon,1,Driver (in this crash) was  Registered Owner,45,Porsche,421,45421,Porsche Cayenne,15,"Large utility (ANSI D16.1 Utility Vehicle Categories and ""Full Size"" and ""Large"")",2014,2014,WP1AF2A22ELA,WP1AF2A22ELA,W,P,1,A,F,2,A,2,2,E,L,A,0,No Trailing Units,0,Not an Articulated Vehicle,0,Not Applicable,000000000,Not Applicable,00000000000,Not Applicable,0,Not Applicable,0,Not Applicable,0,Not Applicable (N/A),1,No,0,Not Applicable,0,Not Applicable,0,Not Applicable,0,Not Applicable,0,Not a Bus,0,No Special Use,0,Not Applicable,998,Not Reported,0,No Underride or Override Noted,0,No Rollover,0,No Rollover,12,12 Clock Point,8,Not Reported,5,Not Towed,8,Pedestrian,0,,0,,0,No or Not Reported,1,Yes,41,Oregon,97202,97202,6,Valid,1,Full Driver License,0,No (CDL),0,No Endorsements required for this vehicle,3,Valid license for this class vehicle,0,No Restrictions or Not Applicable,69,69,150,150 lbs.,0,,0,,0,,1,1,0,,1,January,2014,2014,1,January,2014,2014,0,No,38,Failure to Yield Right-of-Way,0,,0,,0,,1,"Two-Way, Not Divided",2,Two lanes,20,20 MPH,1,Straight,1,Level,2,"Blacktop, Bituminous, or Asphalt",1,Dry,0,No Controls,0,No Controls,11,Turning Left,80,Pedestrian in road,1,No Avoidance Maneuver,1,Tracking,1,Stayed in original travel lane,13,C13-Single Driver-Forward Impact-Pedestrian/ Animal,0,0,No,777777777777,No Trailing Units,777777777777,No Trailing Units,777777777777,No Trailing Units
41,Oregon,410008,1,1,1,01,4,4,1,January,17,5:00pm-5:59pm,11,11,8,Pedestrian,0,Not a Collision with Motor Vehicle In-Transport,1,Motor Vehicle In-Transport (Inside or Outside the Trafficway),0,No,16,Idaho,4,Vehicle Registered as Rental Vehicle,63,KIA,38,63038,KIA Forte,4,"4-door sedan, hardtop",2016,2016,KNAFX4A66G54,KNAFX4A66G54,K,N,A,F,X,4,A,6,6,G,5,4,0,No Trailing Units,0,Not an Articulated Vehicle,0,Not Applicable,000000000,Not Applicable,00000000000,Not Applicable,0,Not Applicable,0,Not Applicable,0,Not Applicable (N/A),1,No,0,Not Applicable,0,Not Applicable,0,Not Applicable,0,Not Applicable,0,Not a Bus,0,No Special Use,0,Not Applicable,998,Not Reported,0,No Underride or Override Noted,0,No Rollover,0,No Rollover,12,12 Clock Point,9,Unknown,8,Not Reported,8,Pedestrian,0,,0,,0,No or Not Reported,1,Yes,6,California,95758,95758,6,Valid,1,Full Driver License,0,No (CDL),0,No Endorsements required for this vehicle,3,Valid license for this class vehicle,0,No Restrictions or Not Applicable,66,66,175,175 lbs.,0,,0,,0,,0,,0,,0,No Record,0,No Record,0,No Record,0,No Record,9,Unknown,0,,0,,0,,0,,1,"Two-Way, Not Divided",2,Two lanes,98,Not Reported,1,Straight,1,Level,2,"Blacktop, Bituminous, or Asphalt",1,Dry,0,No Controls,0,No Controls,1,Going Straight,80,Pedestrian in road,1,No Avoidance Maneuver,1,Tracking,1,Stayed in original travel lane,13,C13-Single Driver-Forward Impact-Pedestrian/ Animal,0,0,No,777777777777,No Trailing Units,777777777777,No Trailing Units,777777777777,No Trailing Units
41,Oregon,410009,1,1,1,01,9,9,1,January,21,9:00pm-9:59pm,24,24,19,Building,0,Not a Collision with Motor Vehicle In-Transport,1,Motor Vehicle In-Transport (Inside or Outside the Trafficway),0,No,41,Oregon,2,Driver (in this crash) Not Registered Owner (Other Private Owner Listed),42,Mercedes-Benz,55,42055,Mercedes-Benz GLA Class,5,5-door/4-door hatchback,2015,2015,WDCTG4GB2FJ0,WDCTG4GB2FJ0,W,D,C,T,G,4,G,B,2,F,J,0,0,No Trailing Units,0,Not an Articulated Vehicle,0,Not Applicable,000000000,Not Applicable,00000000000,Not Applicable,0,Not Applicable,0,Not Applicable,0,Not Applicable (N/A),1,No,0,Not Applicable,0,Not Applicable,0,Not Applicable,0,Not Applicable,0,Not a Bus,0,No Special Use,0,Not Applicable,998,Not Reported,0,No Underride or Override Noted,0,No Rollover,0,No Rollover,12,12 Clock Point,9,Unknown,2,Towed Due to Disabling Damage,19,Building,0,,0,,0,No or Not Reported,1,Yes,53,Washington,97306,97306,6,Valid,1,Full Driver License,0,No (CDL),0,No Endorsements required for this vehicle,3,Valid license for this class vehicle,0,No Restrictions or Not Applicable,66,66,175,175 lbs.,0,,0,,0,,0,,0,,0,No Record,0,No Record,0,No Record,0,No Record,4,"Yes, Too Fast for Conditions",0,,0,,0,,0,,1,"Two-Way, Not Divided",2,Two lanes,25,25 MPH,1,Straight,6,Downhill,2,"Blacktop, Bituminous, or Asphalt",2,Wet,0,No Controls,0,No Controls,1,Going Straight,14,End departure,1,No Avoidance Maneuver,1,Tracking,4,Departed roadway,14,C14-Single Driver-Forward Impact-End Departure,0,0,No,777777777777,No Trailing Units,777777777777,No Trailing Units,777777777777,No Trailing Units
41,Oregon,410010,1,1,3,03,7,7,1,January,10,10:00am-10:59am,21,21,15,Non-Motorist on Personal Conveyance,0,Not a Collision with Motor Vehicle In-Transport,1,Motor Vehicle In-Transport (Inside or Outside the Trafficway),0,No,41,Oregon,1,Driver (in this crash) was  Registered Owner,23,GMC,880,23880,"GMC Medium/Heavy Pickup (pickup-style only - over 10,000 lbs",67,"Medium/heavy Pickup (>10,000 lbs. GVWR)",2016,2016,1GT42YE81GF1,1GT42YE81GF1,1,G,T,4,2,Y,E,8,1,G,F,1,0,No Trailing Units,0,Not an Articulated Vehicle,88,,888888888,,88888888888,,2,"10,001 lbs - 26,000 lbs",1,"Single-Unit Truck (2- axle and GVWR more than 10,000 lbs)",97,Other,1,No,0,Not Applicable,0,Not Applicable,0,Not Applicable,0,Not Applicable,0,Not a Bus,0,No Special Use,0,Not Applicable,998,Not Reported,0,No Underride or Override Noted,0,No Rollover,0,No Rollover,11,11 Clock Point,9,Unknown,8,Not Reported,15,Non-Motorist on Personal Conveyance,0,,0,,0,No or Not Reported,1,Yes,41,Oregon,97601,97601,6,Valid,1,Full Driver License,0,No (CDL),0,No Endorsements required for this vehicle,3,Valid license for this class vehicle,0,No Restrictions or Not Applicable,62,62,128,128 lbs.,0,,0,,0,,0,,1,1,6,June,2012,2012,6,June,2012,2012,0,No,0,,0,,0,,0,,1,"Two-Way, Not Divided",4,Four lanes,25,25 MPH,1,Straight,6,Downhill,2,"Blacktop, Bituminous, or Asphalt",3,Snow,0,No Controls,0,No Controls,1,Going Straight,80,Pedestrian in road,1,No Avoidance Maneuver,1,Tracking,1,Stayed in original travel lane,13,C13-Single Driver-Forward Impact-Pedestrian/ Animal,0,0,No,777777777777,No Trailing Units,777777777777,No Trailing Units,777777777777,No Trailing Units
41,Oregon,410011,1,1,1,01,15,15,1,January,19,7:00pm-7:59pm,49,49,30,Utility Pole/Light Support,0,Not a Collision with Motor Vehicle In-Transport,1,Motor Vehicle In-Transport (Inside or Outside the Trafficway),0,No,41,Oregon,2,Driver (in this crash) Not Registered Owner (Other Private Owner Listed),6,Chrysler,52,6052,Chrysler PT Cruiser,1,"Convertible(excludes sun-roof,t-bar)",2005,2005,3C3EY45X45T6,3C3EY45X45T6,3,C,3,E,Y,4,5,X,4,5,T,6,0,No Trailing Units,0,Not an Articulated Vehicle,0,Not Applicable,000000000,Not Applicable,00000000000,Not Applicable,0,Not Applicable,0,Not Applicable,0,Not Applicable (N/A),1,No,0,Not Applicable,0,Not Applicable,0,Not Applicable,0,Not Applicable,0,Not a Bus,0,No Special Use,0,Not Applicable,998,Not Reported,0,No Underride or Override Noted,1,"Rollover, Tripped by Object/Vehicle",6,Outside of Trafficway,9,9 Clock Point,6,Disabling Damage,2,Towed Due to Disabling Damage,1,Rollover/Overturn,0,,0,,0,No or Not Reported,1,Yes,41,Oregon,97358,97358,6,Valid,1,Full Driver License,0,No (CDL),0,No Endorsements required for this vehicle,3,Valid license for this class vehicle,0,No Restrictions or Not Applicable,67,67,115,115 lbs.,0,,0,,0,,0,,0,,0,No Record,0,No Record,0,No Record,0,No Record,4,"Yes, Too Fast for Conditions",99,Unknown,99,Unknown,99,Unknown,99,Unknown,1,"Two-Way, Not Divided",2,Two lanes,99,Unknown,3,Curve Left,2,"Grade, Unknown Slope",2,"Blacktop, Bituminous, or Asphalt",3,Snow,0,No Controls,0,No Controls,14,Negotiating a Curve,5,"Poor road conditions (puddle, pothole, ice, etc.) (Specify:)",1,No Avoidance Maneuver,5,"Skidding Laterally, Rotation Direction Unknown",4,Departed roadway,2,A2-Single Driver-Right Roadside Departure-Control/Traction Loss,1,0,No,777777777777,No Trailing Units,777777777777,No Trailing Units,777777777777,No Trailing Units
41,Oregon,410012,1,2,1,01,20,20,1,January,18,6:00pm-6:59pm,5,5,12,Motor Vehicle In-Transport,6,Angle,1,Motor Vehicle In-Transport (Inside or Outside the Trafficway),0,No,41,Oregon,1,Driver (in this crash) was  Registered Owner,37,Honda,32,37032,Honda Accord,4,"4-door sedan, hardtop",1996,1996,1HGCD5696TA2,1HGCD5696TA2,1,H,G,C,D,5,6,9,6,T,A,2,0,No Trailing Units,0,Not an Articulated Vehicle,0,Not Applicable,000000000,Not Applicable,00000000000,Not Applicable,0,Not Applicable,0,Not Applicable,0,Not Applicable (N/A),1,No,0,Not Applicable,0,Not Applicable,0,Not Applicable,0,Not Applicable,0,Not a Bus,0,No Special Use,0,Not Applicable,998,Not Reported,0,No Underride or Override Noted,0,No Rollover,0,No Rollover,9,9 Clock Point,6,Disabling Damage,2,Towed Due to Disabling Damage,12,Motor Vehicle In-Transport,0,,0,,0,No or Not Reported,1,Yes,41,Oregon,97420,97420,6,Valid,1,Full Driver License,0,No (CDL),0,No Endorsements required for this vehicle,3,Valid license for this class vehicle,1,Restrictions Complied With,64,64,290,290 lbs.,0,,0,,0,,0,,0,,0,No Record,0,No Record,0,No Record,0,No Record,0,No,38,Failure to Yield Right-of-Way,0,,0,,0,,3,"Two-Way,  Divided, Positive  Median Barrier",2,Two lanes,50,50 MPH,2,Curve Right,5,Uphill,2,"Blacktop, Bituminous, or Asphalt",2,Wet,0,No Controls,0,No Controls,11,Turning Left,15,Turning Left,99,Unknown/Not Reported,1,Tracking,1,Stayed in original travel lane,82,K82-Trafficway Vehicle Turning-Turn Into Path-Turn Into Opposite Directions (Turning Left),1,0,No,777777777777,No Trailing Units,777777777777,No Trailing Units,777777777777,No Trailing Units
41,Oregon,410012,2,2,1,01,20,20,1,January,18,6:00pm-6:59pm,5,5,12,Motor Vehicle In-Transport,6,Angle,1,Motor Vehicle In-Transport (Inside or Outside the Trafficway),0,No,41,Oregon,1,Driver (in this crash) was  Registered Owner,20,Chevrolet,481,20481,"Chevrolet C, K, R, V-series pickup/Silverado",34,Light Pickup,1992,1992,2GCEK19K6N11,2GCEK19K6N11,2,G,C,E,K,1,9,K,6,N,1,1,0,No Trailing Units,0,Not an Articulated Vehicle,0,Not Applicable,000000000,Not Applicable,00000000000,Not Applicable,0,Not Applicable,0,Not Applicable,0,Not Applicable (N/A),1,No,0,Not Applicable,0,Not Applicable,0,Not Applicable,0,Not Applicable,0,Not a Bus,0,No Special Use,0,Not Applicable,998,Not Reported,0,No Underride or Override Noted,0,No Rollover,0,No Rollover,12,12 Clock Point,6,Disabling Damage,2,Towed Due to Disabling Damage,12,Motor Vehicle In-Transport,0,,0,,0,No or Not Reported,1,Yes,41,Oregon,97458,97458,6,Valid,1,Full Driver License,0,No (CDL),0,No Endorsements required for this vehicle,3,Valid license for this class vehicle,0,No Restrictions or Not Applicable,69,69,170,170 lbs.,1,1,0,,0,,2,2,0,,12,December,2014,2014,4,April,2016,2016,0,No,0,,0,,0,,0,,5,"Two-Way, Not Divided With a Continuous Left-Turn Lane",5,Five lanes,50,50 MPH,2,Curve Right,5,Uphill,2,"Blacktop, Bituminous, or Asphalt",2,Wet,20,Stop Sign,3,Device Functioning Properly,14,Negotiating a Curve,67,"From crossing street, turning into opposite direction",99,Unknown/Not Reported,1,Tracking,1,Stayed in original travel lane,83,K83-Trafficway Vehicle Turning-Turn Into Path-Turn Into Opposite Directions (Going Straight),0,0,No,777777777777,No Trailing Units,777777777777,No Trailing Units,777777777777,No Trailing Units
41,Oregon,410013,1,2,2,02,17,17,1,January,10,10:00am-10:59am,50,50,12,Motor Vehicle In-Transport,6,Angle,1,Motor Vehicle In-Transport (Inside or Outside the Trafficway),0,No,6,California,1,Driver (in this crash) was  Registered Owner,49,Toyota,472,49472,Toyota Tacoma,40,"Cab Chassis Based (includes Rescue Vehicle, Light Stake, Dump, and Tow Truck)",1997,1997,4TAWN72N5VZ3,4TAWN72N5VZ3,4,T,A,W,N,7,2,N,5,V,Z,3,0,No Trailing Units,0,Not an Articulated Vehicle,0,Not Applicable,000000000,Not Applicable,00000000000,Not Applicable,0,Not Applicable,0,Not Applicable,0,Not Applicable (N/A),1,No,0,Not Applicable,0,Not Applicable,0,Not Applicable,0,Not Applicable,0,Not a Bus,0,No Special Use,0,Not Applicable,998,Not Reported,0,No Underride or Override Noted,0,No Rollover,0,No Rollover,3,3 Clock Point,6,Disabling Damage,2,Towed Due to Disabling Damage,12,Motor Vehicle In-Transport,0,,0,,0,No or Not Reported,1,Yes,6,California,95823,95823,6,Valid,1,Full Driver License,0,No (CDL),0,No Endorsements required for this vehicle,3,Valid license for this class vehicle,0,No Restrictions or Not Applicable,67,67,180,180 lbs.,0,,0,,0,,0,,0,,0,No Record,0,No Record,0,No Record,0,No Record,4,"Yes, Too Fast for Conditions",0,,0,,0,,0,,1,"Two-Way, Not Divided",2,Two lanes,55,55 MPH,1,Straight,2,"Grade, Unknown Slope",2,"Blacktop, Bituminous, or Asphalt",3,Snow,0,No Controls,0,No Controls,1,Going Straight,10,Over the lane line on left side of travel lane,6,Steering left,3,Skidding laterally clockwise rotation,2,"Stayed on roadway, but left original travel lane",64,"I64-Same Trafficway, Opposite Direction-Angle, Sideswipe-Lateral Move (Left/Right)",2,0,No,777777777777,No Trailing Units,777777777777,No Trailing Units,777777777777,No Trailing Units
41,Oregon,410013,2,2,1,01,17,17,1,January,10,10:00am-10:59am,50,50,12,Motor Vehicle In-Transport,6,Angle,1,Motor Vehicle In-Transport (Inside or Outside the Trafficway),0,No,93,Multiple State Registration,3,Vehicle Registered as Business/Company/Government Vehicle,84,International Harvester/Navistar,881,84881,International Harvester/Navistar Medium/Heavy - CBE,63,"Single-unit straight truck or Cab-Chassis (GVWR > 26,000 lbs.)",2008,2008,1HTMMAAN18H5,1HTMMAAN18H5,1,H,T,M,M,A,A,N,1,8,H,5,0,No Trailing Units,0,Not an Articulated Vehicle,57,US DOT,0236236,0236236,570236236,570236236,3,"26,001 lbs. or more",1,"Single-Unit Truck (2- axle and GVWR more than 10,000 lbs)",1,Van/Enclosed Box,1,No,0,Not Applicable,0,Not Applicable,0,Not Applicable,0,Not Applicable,0,Not a Bus,0,No Special Use,0,Not Applicable,998,Not Reported,0,No Underride or Override Noted,0,No Rollover,0,No Rollover,12,12 Clock Point,9,Unknown,3,Towed Not Due to Disabling Damage,12,Motor Vehicle In-Transport,0,,0,,0,No or Not Reported,1,Yes,41,Oregon,97526,97526,6,Valid,1,Full Driver License,6,Valid,0,No Endorsements required for this vehicle,3,Valid license for this class vehicle,0,No Restrictions or Not Applicable,68,68,190,190 lbs.,0,,0,,0,,0,,0,,0,No Record,0,No Record,0,No Record,0,No Record,0,No,0,,0,,0,,0,,1,"Two-Way, Not Divided",2,Two lanes,55,55 MPH,1,Straight,2,"Grade, Unknown Slope",2,"Blacktop, Bituminous, or Asphalt",3,Snow,0,No Controls,0,No Controls,1,Going Straight,62,From opposite direction  over left lane line,7,Steering right,1,Tracking,1,Stayed in original travel lane,65,"I65-Same Trafficway, Opposite Direction-Angle, Sideswipe-Lateral Move (Going Straight)",0,0,No,777777777777,No Trailing Units,777777777777,No Trailing Units,777777777777,No Trailing Units
41,Oregon,410014,1,1,1,01,17,17,1,January,18,6:00pm-6:59pm,0,0,8,Pedestrian,0,Not a Collision with Motor Vehicle In-Transport,1,Motor Vehicle In-Transport (Inside or Outside the Trafficway),0,No,30,Montana,1,Driver (in this crash) was  Registered Owner,7,Dodge,482,7482,Dodge Ram Pickup,34,Light Pickup,2010,2010,1D7RV1CT2AS1,1D7RV1CT2AS1,1,D,7,R,V,1,C,T,2,A,S,1,0,No Trailing Units,0,Not an Articulated Vehicle,0,Not Applicable,000000000,Not Applicable,00000000000,Not Applicable,0,Not Applicable,0,Not Applicable,0,Not Applicable (N/A),1,No,0,Not Applicable,0,Not Applicable,0,Not Applicable,0,Not Applicable,0,Not a Bus,0,No Special Use,0,Not Applicable,998,Not Reported,0,No Underride or Override Noted,0,No Rollover,0,No Rollover,12,12 Clock Point,9,Unknown,5,Not Towed,8,Pedestrian,0,,0,,0,No or Not Reported,1,Yes,41,Oregon,97223,97223,6,Valid,1,Full Driver License,0,No (CDL),0,No Endorsements required for this vehicle,3,Valid license for this class vehicle,1,Restrictions Complied With,67,67,220,220 lbs.,0,,0,,0,,0,,0,,0,No Record,0,No Record,0,No Record,0,No Record,4,"Yes, Too Fast for Conditions",39,"Failure to Obey Actual Traffic Sign,Traffic Control Devices or Traffic Officers;Failure to Obey Safety Zone Traffic Laws",0,,0,,0,,5,"Two-Way, Not Divided With a Continuous Left-Turn Lane",5,Five lanes,40,40 MPH,1,Straight,1,Level,2,"Blacktop, Bituminous, or Asphalt",3,Snow,2,Traffic control signal (on colors) with Pedestrian Signal,3,Device Functioning Properly,1,Going Straight,80,Pedestrian in road,1,No Avoidance Maneuver,1,Tracking,1,Stayed in original travel lane,13,C13-Single Driver-Forward Impact-Pedestrian/ Animal,0,0,No,777777777777,No Trailing Units,777777777777,No Trailing Units,777777777777,No Trailing Units
41,Oregon,410015,1,1,1,01,22,22,1,January,19,7:00pm-7:59pm,35,35,42,Tree (Standing Only),0,Not a Collision with Motor Vehicle In-Transport,1,Motor Vehicle In-Transport (Inside or Outside the Trafficway),0,No,41,Oregon,2,Driver (in this crash) Not Registered Owner (Other Private Owner Listed),59,Lexus,35,59035,Lexus IS-250/300/350/500/200t,4,"4-door sedan, hardtop",2002,2002,JTHBD1923200,JTHBD1923200,J,T,H,B,D,1,9,2,3,2,0,0,0,No Trailing Units,0,Not an Articulated Vehicle,0,Not Applicable,000000000,Not Applicable,00000000000,Not Applicable,0,Not Applicable,0,Not Applicable,0,Not Applicable (N/A),1,No,0,Not Applicable,0,Not Applicable,0,Not Applicable,0,Not Applicable,0,Not a Bus,0,No Special Use,0,Not Applicable,998,Not Reported,0,No Underride or Override Noted,0,No Rollover,0,No Rollover,5,5 Clock Point,6,Disabling Damage,2,Towed Due to Disabling Damage,42,Tree (Standing Only),0,,0,,0,No or Not Reported,1,Yes,41,Oregon,97408,97408,6,Valid,1,Full Driver License,0,No (CDL),0,No Endorsements required for this vehicle,3,Valid license for this class vehicle,0,No Restrictions or Not Applicable,64,64,170,170 lbs.,1,1,0,,0,,0,,0,,7,July,2016,2016,7,July,2016,2016,4,"Yes, Too Fast for Conditions",0,,0,,0,,0,,1,"Two-Way, Not Divided",2,Two lanes,55,55 MPH,3,Curve Left,1,Level,2,"Blacktop, Bituminous, or Asphalt",2,Wet,0,No Controls,0,No Controls,14,Negotiating a Curve,13,Off the edge of the road on the right side,99,Unknown/Not Reported,1,Tracking,4,Departed roadway,1,A1-Single Driver-Right Roadside Departure-Drive Off Road,1,0,No,777777777777,No Trailing Units,777777777777,No Trailing Units,777777777777,No Trailing Units
41,Oregon,410017,1,1,2,02,26,26,1,January,22,10:00pm-10:59pm,50,50,8,Pedestrian,0,Not a Collision with Motor Vehicle In-Transport,1,Motor Vehicle In-Transport (Inside or Outside the Trafficway),0,No,41,Oregon,1,Driver (in this crash) was  Registered Owner,20,Chevrolet,481,20481,"Chevrolet C, K, R, V-series pickup/Silverado",34,Light Pickup,1980,1980,CCD14AJ11560,CCD14AJ11560,C,C,D,1,4,A,J,1,1,5,6,0,0,No Trailing Units,0,Not an Articulated Vehicle,0,Not Applicable,000000000,Not Applicable,00000000000,Not Applicable,0,Not Applicable,0,Not Applicable,0,Not Applicable (N/A),1,No,0,Not Applicable,0,Not Applicable,0,Not Applicable,0,Not Applicable,0,Not a Bus,0,No Special Use,0,Not Applicable,998,Not Reported,0,No Underride or Override Noted,0,No Rollover,0,No Rollover,12,12 Clock Point,8,Not Reported,5,Not Towed,8,Pedestrian,0,,0,,0,No or Not Reported,1,Yes,41,Oregon,97138,97138,6,Valid,1,Full Driver License,0,No (CDL),0,No Endorsements required for this vehicle,3,Valid license for this class vehicle,0,No Restrictions or Not Applicable,70,70,160,160 lbs.,0,,0,,0,,0,,0,,0,No Record,0,No Record,0,No Record,0,No Record,0,No,0,,0,,0,,0,,3,"Two-Way,  Divided, Positive  Median Barrier",3,Three lanes,55,55 MPH,1,Straight,1,Level,2,"Blacktop, Bituminous, or Asphalt",1,Dry,0,No Controls,0,No Controls,1,Going Straight,80,Pedestrian in road,1,No Avoidance Maneuver,1,Tracking,1,Stayed in original travel lane,13,C13-Single Driver-Forward Impact-Pedestrian/ Animal,0,0,No,777777777777,No Trailing Units,777777777777,No Trailing Units,777777777777,No Trailing Units
41,Oregon,410018,1,1,2,02,29,29,1,January,22,10:00pm-10:59pm,56,56,1,Rollover/Overturn,0,Not a Collision with Motor Vehicle In-Transport,1,Motor Vehicle In-Transport (Inside or Outside the Trafficway),0,No,41,Oregon,2,Driver (in this crash) Not Registered Owner (Other Private Owner Listed),30,Volkswagen,46,30046,Volkswagen Passat (CC - 2008 thru 2011; see 052 for 2012 on),6,Station Wagon (excluding van and truck based),1993,1993,WVWND4312PE1,WVWND4312PE1,W,V,W,N,D,4,3,1,2,P,E,1,0,No Trailing Units,0,Not an Articulated Vehicle,0,Not Applicable,000000000,Not Applicable,00000000000,Not Applicable,0,Not Applicable,0,Not Applicable,0,Not Applicable (N/A),1,No,0,Not Applicable,0,Not Applicable,0,Not Applicable,0,Not Applicable,0,Not a Bus,0,No Special Use,0,Not Applicable,998,Not Reported,0,No Underride or Override Noted,1,"Rollover, Tripped by Object/Vehicle",5,On Roadside,0,Non-Collision,6,Disabling Damage,2,Towed Due to Disabling Damage,1,Rollover/Overturn,0,,0,,1,Yes,1,Yes,41,Oregon,97405,97405,6,Valid,1,Full Driver License,0,No (CDL),0,No Endorsements required for this vehicle,3,Valid license for this class vehicle,0,No Restrictions or Not Applicable,72,72,185,185 lbs.,0,,0,,0,,0,,0,,0,No Record,0,No Record,0,No Record,0,No Record,4,"Yes, Too Fast for Conditions",0,,0,,0,,0,,1,"Two-Way, Not Divided",2,Two lanes,55,55 MPH,3,Curve Left,1,Level,2,"Blacktop, Bituminous, or Asphalt",1,Dry,0,No Controls,0,No Controls,14,Negotiating a Curve,13,Off the edge of the road on the right side,1,No Avoidance Maneuver,1,Tracking,4,Departed roadway,1,A1-Single Driver-Right Roadside Departure-Drive Off Road,1,1,Yes,777777777777,No Trailing Units,777777777777,No Trailing Units,777777777777,No Trailing Units
41,Oregon,410019,1,2,1,01,29,29,1,January,8,8:00am-8:59am,6,6,12,Motor Vehicle In-Transport,2,Front-to-Front,1,Motor Vehicle In-Transport (Inside or Outside the Trafficway),0,No,41,Oregon,1,Driver (in this crash) was  Registered Owner,2,Jeep / Kaiser-Jeep / Willys- Jeep,405,2405,Jeep / Kaiser-Jeep / Willys- Jeep Liberty,14,"Compact Utility (Utility Vehicle Categories ""Small"" and ""Midsize"")",2005,2005,1J4GL38K15W6,1J4GL38K15W6,1,J,4,G,L,3,8,K,1,5,W,6,0,No Trailing Units,0,Not an Articulated Vehicle,0,Not Applicable,000000000,Not Applicable,00000000000,Not Applicable,0,Not Applicable,0,Not Applicable,0,Not Applicable (N/A),1,No,0,Not Applicable,0,Not Applicable,0,Not Applicable,0,Not Applicable,0,Not a Bus,0,No Special Use,0,Not Applicable,998,Not Reported,0,No Underride or Override Noted,0,No Rollover,0,No Rollover,12,12 Clock Point,6,Disabling Damage,2,Towed Due to Disabling Damage,12,Motor Vehicle In-Transport,0,,0,,0,No or Not Reported,1,Yes,41,Oregon,97006,97006,6,Valid,1,Full Driver License,0,No (CDL),0,No Endorsements required for this vehicle,3,Valid license for this class vehicle,0,No Restrictions or Not Applicable,61,61,111,111 lbs.,0,,0,,0,,0,,0,,0,No Record,0,No Record,0,No Record,0,No Record,0,No,28,Improper Lane Usage,0,,0,,0,,1,"Two-Way, Not Divided",2,Two lanes,55,55 MPH,1,Straight,1,Level,2,"Blacktop, Bituminous, or Asphalt",2,Wet,0,No Controls,0,No Controls,1,Going Straight,10,Over the lane line on left side of travel lane,99,Unknown/Not Reported,1,Tracking,2,"Stayed on roadway, but left original travel lane",50,"G50-Same Trafficway, Opposite Direction-Head-On-Lateral Move (Left/Right)",0,0,No,777777777777,No Trailing Units,777777777777,No Trailing Units,777777777777,No Trailing Units
41,Oregon,410019,2,2,1,01,29,29,1,January,8,8:00am-8:59am,6,6,12,Motor Vehicle In-Transport,2,Front-to-Front,1,Motor Vehicle In-Transport (Inside or Outside the Trafficway),0,No,41,Oregon,1,Driver (in this crash) was  Registered Owner,23,GMC,401,23401,GMC Jimmy/Typhoon/Envoy,14,"Compact Utility (Utility Vehicle Categories ""Small"" and ""Midsize"")",2000,2000,1GKDT13W0Y21,1GKDT13W0Y21,1,G,K,D,T,1,3,W,0,Y,2,1,0,No Trailing Units,0,Not an Articulated Vehicle,0,Not Applicable,000000000,Not Applicable,00000000000,Not Applicable,0,Not Applicable,0,Not Applicable,0,Not Applicable (N/A),1,No,0,Not Applicable,0,Not Applicable,0,Not Applicable,0,Not Applicable,0,Not a Bus,0,No Special Use,0,Not Applicable,998,Not Reported,0,No Underride or Override Noted,0,No Rollover,0,No Rollover,12,12 Clock Point,6,Disabling Damage,2,Towed Due to Disabling Damage,12,Motor Vehicle In-Transport,0,,0,,0,No or Not Reported,1,Yes,41,Oregon,97006,97006,6,Valid,1,Full Driver License,0,No (CDL),0,No Endorsements required for this vehicle,3,Valid license for this class vehicle,0,No Restrictions or Not Applicable,59,59,123,123 lbs.,0,,0,,0,,0,,0,,0,No Record,0,No Record,0,No Record,0,No Record,0,No,0,,0,,0,,0,,1,"Two-Way, Not Divided",2,Two lanes,55,55 MPH,1,Straight,1,Level,2,"Blacktop, Bituminous, or Asphalt",2,Wet,0,No Controls,0,No Controls,1,Going Straight,62,From opposite direction  over left lane line,99,Unknown/Not Reported,1,Tracking,1,Stayed in original travel lane,51,"G51-Same Trafficway, Opposite Direction-Head-On-Lateral Move (Going Straight)",1,0,No,777777777777,No Trailing Units,777777777777,No Trailing Units,777777777777,No Trailing Units
41,Oregon,410020,1,1,1,01,23,23,1,January,15,3:00pm-3:59pm,54,54,33,Curb,0,Not a Collision with Motor Vehicle In-Transport,1,Motor Vehicle In-Transport (Inside or Outside the Trafficway),0,No,41,Oregon,1,Driver (in this crash) was  Registered Owner,49,Toyota,32,49032,Toyota Corolla,4,"4-door sedan, hardtop",2011,2011,2T1BU4EE1BC5,2T1BU4EE1BC5,2,T,1,B,U,4,E,E,1,B,C,5,0,No Trailing Units,0,Not an Articulated Vehicle,0,Not Applicable,000000000,Not Applicable,00000000000,Not Applicable,0,Not Applicable,0,Not Applicable,0,Not Applicable (N/A),1,No,0,Not Applicable,0,Not Applicable,0,Not Applicable,0,Not Applicable,0,Not a Bus,0,No Special Use,0,Not Applicable,998,Not Reported,0,No Underride or Override Noted,0,No Rollover,0,No Rollover,12,12 Clock Point,6,Disabling Damage,2,Towed Due to Disabling Damage,58,Ground,0,,0,,0,No or Not Reported,1,Yes,41,Oregon,97206,97206,6,Valid,1,Full Driver License,0,No (CDL),0,No Endorsements required for this vehicle,3,Valid license for this class vehicle,1,Restrictions Complied With,70,70,250,250 lbs.,1,1,0,,0,,3,3,0,,1,January,2014,2014,2,February,2015,2015,0,No,99,Unknown,99,Unknown,99,Unknown,99,Unknown,1,"Two-Way, Not Divided",2,Two lanes,45,45 MPH,1,Straight,1,Level,2,"Blacktop, Bituminous, or Asphalt",1,Dry,0,No Controls,0,No Controls,1,Going Straight,13,Off the edge of the road on the right side,1,No Avoidance Maneuver,1,Tracking,4,Departed roadway,1,A1-Single Driver-Right Roadside Departure-Drive Off Road,1,0,No,777777777777,No Trailing Units,777777777777,No Trailing Units,777777777777,No Trailing Units
41,Oregon,410021,1,1,1,01,3,3,2,February,20,8:00pm-8:59pm,32,32,8,Pedestrian,0,Not a Collision with Motor Vehicle In-Transport,1,Motor Vehicle In-Transport (Inside or Outside the Trafficway),0,No,41,Oregon,1,Driver (in this crash) was  Registered Owner,13,Lincoln,1,13001,Lincoln Continental (thru `81)/ Town Car,4,"4-door sedan, hardtop",2007,2007,1LNHM81W07Y6,1LNHM81W07Y6,1,L,N,H,M,8,1,W,0,7,Y,6,0,No Trailing Units,0,Not an Articulated Vehicle,0,Not Applicable,000000000,Not Applicable,00000000000,Not Applicable,0,Not Applicable,0,Not Applicable,0,Not Applicable (N/A),1,No,0,Not Applicable,0,Not Applicable,0,Not Applicable,0,Not Applicable,0,Not a Bus,0,No Special Use,0,Not Applicable,998,Not Reported,0,No Underride or Override Noted,0,No Rollover,0,No Rollover,12,12 Clock Point,9,Unknown,5,Not Towed,8,Pedestrian,0,,0,,0,No or Not Reported,1,Yes,41,Oregon,97471,97471,6,Valid,1,Full Driver License,0,No (CDL),0,No Endorsements required for this vehicle,3,Valid license for this class vehicle,1,Restrictions Complied With,72,72,165,165 lbs.,0,,0,,0,,0,,0,,0,No Record,0,No Record,0,No Record,0,No Record,0,No,0,,0,,0,,0,,5,"Two-Way, Not Divided With a Continuous Left-Turn Lane",5,Five lanes,50,50 MPH,1,Straight,1,Level,2,"Blacktop, Bituminous, or Asphalt",2,Wet,0,No Controls,0,No Controls,1,Going Straight,80,Pedestrian in road,99,Unknown/Not Reported,1,Tracking,1,Stayed in original travel lane,13,C13-Single Driver-Forward Impact-Pedestrian/ Animal,0,0,No,777777777777,No Trailing Units,777777777777,No Trailing Units,777777777777,No Trailing Units
41,Oregon,410022,1,3,3,03,5,5,2,February,13,1:00pm-1:59pm,29,29,12,Motor Vehicle In-Transport,2,Front-to-Front,1,Motor Vehicle In-Transport (Inside or Outside the Trafficway),0,No,6,California,1,Driver (in this crash) was  Registered Owner,52,Mitsubishi,46,52046,Mitsubishi Lancer/Lancer Sportback/ Lancer Evolution,4,"4-door sedan, hardtop",2003,2003,JA3AH86F33U1,JA3AH86F33U1,J,A,3,A,H,8,6,F,3,3,U,1,0,No Trailing Units,0,Not an Articulated Vehicle,0,Not Applicable,000000000,Not Applicable,00000000000,Not Applicable,0,Not Applicable,0,Not Applicable,0,Not Applicable (N/A),1,No,0,Not Applicable,0,Not Applicable,0,Not Applicable,0,Not Applicable,0,Not a Bus,0,No Special Use,0,Not Applicable,998,Not Reported,0,No Underride or Override Noted,0,No Rollover,0,No Rollover,12,12 Clock Point,9,Unknown,2,Towed Due to Disabling Damage,12,Motor Vehicle In-Transport,0,,0,,0,No or Not Reported,1,Yes,41,Oregon,97420,97420,6,Valid,1,Full Driver License,0,No (CDL),0,No Endorsements required for this vehicle,3,Valid license for this class vehicle,0,No Restrictions or Not Applicable,70,70,174,174 lbs.,0,,0,,0,,2,2,1,1,2,February,2015,2015,7,July,2016,2016,4,"Yes, Too Fast for Conditions",0,,0,,0,,0,,1,"Two-Way, Not Divided",4,Four lanes,50,50 MPH,1,Straight,1,Level,2,"Blacktop, Bituminous, or Asphalt",1,Dry,0,No Controls,0,No Controls,1,Going Straight,10,Over the lane line on left side of travel lane,1,No Avoidance Maneuver,1,Tracking,1,Stayed in original travel lane,50,"G50-Same Trafficway, Opposite Direction-Head-On-Lateral Move (Left/Right)",2,0,No,777777777777,No Trailing Units,777777777777,No Trailing Units,777777777777,No Trailing Units
41,Oregon,410022,2,3,1,01,5,5,2,February,13,1:00pm-1:59pm,29,29,12,Motor Vehicle In-Transport,2,Front-to-Front,1,Motor Vehicle In-Transport (Inside or Outside the Trafficway),0,No,41,Oregon,3,Vehicle Registered as Business/Company/Government Vehicle,20,Chevrolet,481,20481,"Chevrolet C, K, R, V-series pickup/Silverado",34,Light Pickup,2011,2011,1GCPKPE31BF1,1GCPKPE31BF1,1,G,C,P,K,P,E,3,1,B,F,1,0,No Trailing Units,0,Not an Articulated Vehicle,0,Not Applicable,000000000,Not Applicable,00000000000,Not Applicable,0,Not Applicable,0,Not Applicable,0,Not Applicable (N/A),1,No,0,Not Applicable,0,Not Applicable,0,Not Applicable,0,Not Applicable,0,Not a Bus,0,No Special Use,0,Not Applicable,998,Not Reported,0,No Underride or Override Noted,0,No Rollover,0,No Rollover,12,12 Clock Point,9,Unknown,2,Towed Due to Disabling Damage,12,Motor Vehicle In-Transport,0,,0,,0,No or Not Reported,1,Yes,41,Oregon,97459,97459,6,Valid,1,Full Driver License,0,No (CDL),0,No Endorsements required for this vehicle,3,Valid license for this class vehicle,0,No Restrictions or Not Applicable,75,75,175,175 lbs.,0,,0,,0,,0,,0,,0,No Record,0,No Record,0,No Record,0,No Record,0,No,0,,0,,0,,0,,1,"Two-Way, Not Divided",4,Four lanes,50,50 MPH,1,Straight,1,Level,2,"Blacktop, Bituminous, or Asphalt",1,Dry,0,No Controls,0,No Controls,1,Going Straight,62,From opposite direction  over left lane line,99,Unknown/Not Reported,1,Tracking,1,Stayed in original travel lane,51,"G51-Same Trafficway, Opposite Direction-Head-On-Lateral Move (Going Straight)",0,0,No,777777777777,No Trailing Units,777777777777,No Trailing Units,777777777777,No Trailing Units
41,Oregon,410022,3,3,4,04,5,5,2,February,13,1:00pm-1:59pm,29,29,12,Motor Vehicle In-Transport,2,Front-to-Front,1,Motor Vehicle In-Transport (Inside or Outside the Trafficway),0,No,41,Oregon,1,Driver (in this crash) was  Registered Owner,6,Chrysler,52,6052,Chrysler PT Cruiser,6,Station Wagon (excluding van and truck based),2004,2004,3C4FY48B54T2,3C4FY48B54T2,3,C,4,F,Y,4,8,B,5,4,T,2,0,No Trailing Units,0,Not an Articulated Vehicle,0,Not Applicable,000000000,Not Applicable,00000000000,Not Applicable,0,Not Applicable,0,Not Applicable,0,Not Applicable (N/A),1,No,0,Not Applicable,0,Not Applicable,0,Not Applicable,0,Not Applicable,0,Not a Bus,0,No Special Use,0,Not Applicable,998,Not Reported,0,No Underride or Override Noted,0,No Rollover,0,No Rollover,12,12 Clock Point,9,Unknown,2,Towed Due to Disabling Damage,12,Motor Vehicle In-Transport,0,,0,,0,No or Not Reported,1,Yes,41,Oregon,97423,97423,6,Valid,1,Full Driver License,0,No (CDL),0,No Endorsements required for this vehicle,3,Valid license for this class vehicle,0,No Restrictions or Not Applicable,78,78,215,215 lbs.,0,,0,,0,,0,,0,,0,No Record,0,No Record,0,No Record,0,No Record,0,No,0,,0,,0,,0,,1,"Two-Way, Not Divided",4,Four lanes,50,50 MPH,1,Straight,1,Level,2,"Blacktop, Bituminous, or Asphalt",1,Dry,0,No Controls,0,No Controls,1,Going Straight,51,Traveling in same direction with lower steady speed,99,Unknown/Not Reported,1,Tracking,1,Stayed in original travel lane,98,M98-Other Crash Type,0,0,No,777777777777,No Trailing Units,777777777777,No Trailing Units,777777777777,No Trailing Units
41,Oregon,410023,1,2,1,01,5,5,2,February,13,1:00pm-1:59pm,40,40,12,Motor Vehicle In-Transport,6,Angle,1,Motor Vehicle In-Transport (Inside or Outside the Trafficway),0,No,41,Oregon,2,Driver (in this crash) Not Registered Owner (Other Private Owner Listed),6,Chrysler,54,6054,Chrysler Pacifica (Passenger Cars),6,Station Wagon (excluding van and truck based),2005,2005,2C4GF68425R6,2C4GF68425R6,2,C,4,G,F,6,8,4,2,5,R,6,0,No Trailing Units,0,Not an Articulated Vehicle,0,Not Applicable,000000000,Not Applicable,00000000000,Not Applicable,0,Not Applicable,0,Not Applicable,0,Not Applicable (N/A),1,No,0,Not Applicable,0,Not Applicable,0,Not Applicable,0,Not Applicable,0,Not a Bus,0,No Special Use,0,Not Applicable,998,Not Reported,0,No Underride or Override Noted,0,No Rollover,0,No Rollover,3,3 Clock Point,9,Unknown,2,Towed Due to Disabling Damage,12,Motor Vehicle In-Transport,0,,0,,0,No or Not Reported,1,Yes,41,Oregon,97116,97116,6,Valid,1,Full Driver License,0,No (CDL),0,No Endorsements required for this vehicle,3,Valid license for this class vehicle,1,Restrictions Complied With,67,67,190,190 lbs.,0,,0,,0,,0,,0,,0,No Record,0,No Record,0,No Record,0,No Record,4,"Yes, Too Fast for Conditions",28,Improper Lane Usage,0,,0,,0,,1,"Two-Way, Not Divided",2,Two lanes,55,55 MPH,1,Straight,1,Level,2,"Blacktop, Bituminous, or Asphalt",3,Snow,0,No Controls,0,No Controls,1,Going Straight,10,Over the lane line on left side of travel lane,99,Unknown/Not Reported,1,Tracking,2,"Stayed on roadway, but left original travel lane",64,"I64-Same Trafficway, Opposite Direction-Angle, Sideswipe-Lateral Move (Left/Right)",1,0,No,777777777777,No Trailing Units,777777777777,No Trailing Units,777777777777,No Trailing Units
41,Oregon,410023,2,2,5,05,5,5,2,February,13,1:00pm-1:59pm,40,40,12,Motor Vehicle In-Transport,6,Angle,1,Motor Vehicle In-Transport (Inside or Outside the Trafficway),0,No,41,Oregon,1,Driver (in this crash) was  Registered Owner,12,Ford,481,12481,Ford F-Series pickup,34,Light Pickup,1997,1997,1FTHW26F5VEC,1FTHW26F5VEC,1,F,T,H,W,2,6,F,5,V,E,C,0,No Trailing Units,0,Not an Articulated Vehicle,0,Not Applicable,000000000,Not Applicable,00000000000,Not Applicable,0,Not Applicable,0,Not Applicable,0,Not Applicable (N/A),1,No,0,Not Applicable,0,Not Applicable,0,Not Applicable,0,Not Applicable,0,Not a Bus,0,No Special Use,0,Not Applicable,998,Not Reported,0,No Underride or Override Noted,0,No Rollover,0,No Rollover,12,12 Clock Point,9,Unknown,2,Towed Due to Disabling Damage,12,Motor Vehicle In-Transport,0,,0,,0,No or Not Reported,1,Yes,41,Oregon,97106,97106,6,Valid,1,Full Driver License,0,No (CDL),0,No Endorsements required for this vehicle,3,Valid license for this class vehicle,0,No Restrictions or Not Applicable,75,75,190,190 lbs.,0,,0,,0,,0,,0,,0,No Record,0,No Record,0,No Record,0,No Record,4,"Yes, Too Fast for Conditions",0,,0,,0,,0,,1,"Two-Way, Not Divided",2,Two lanes,55,55 MPH,1,Straight,1,Level,2,"Blacktop, Bituminous, or Asphalt",3,Snow,0,No Controls,0,No Controls,1,Going Straight,62,From opposite direction  over left lane line,99,Unknown/Not Reported,1,Tracking,1,Stayed in original travel lane,65,"I65-Same Trafficway, Opposite Direction-Angle, Sideswipe-Lateral Move (Going Straight)",0,0,No,777777777777,No Trailing Units,777777777777,No Trailing Units,777777777777,No Trailing Units
41,Oregon,410024,1,1,1,01,6,6,2,February,9,9:00am-9:59am,6,6,9,Pedalcyclist,0,Not a Collision with Motor Vehicle In-Transport,1,Motor Vehicle In-Transport (Inside or Outside the Trafficway),0,No,41,Oregon,1,Driver (in this crash) was  Registered Owner,84,International Harvester/Navistar,881,84881,International Harvester/Navistar Medium/Heavy - CBE,62,"Single-unit straight truck or Cab-Chassis (19,500 lbs. < GVWR < or = 26,000 lbs.)",2012,2012,3HAMMAAL7CL5,3HAMMAAL7CL5,3,H,A,M,M,A,A,L,7,C,L,5,0,No Trailing Units,0,Not an Articulated Vehicle,88,,888888888,,88888888888,,2,"10,001 lbs - 26,000 lbs",1,"Single-Unit Truck (2- axle and GVWR more than 10,000 lbs)",1,Van/Enclosed Box,1,No,0,Not Applicable,0,Not Applicable,0,Not Applicable,0,Not Applicable,0,Not a Bus,0,No Special Use,0,Not Applicable,998,Not Reported,0,No Underride or Override Noted,0,No Rollover,0,No Rollover,3,3 Clock Point,2,Minor Damage,5,Not Towed,9,Pedalcyclist,0,,0,,0,No or Not Reported,1,Yes,41,Oregon,97230,97230,6,Valid,1,Full Driver License,0,No (CDL),0,No Endorsements required for this vehicle,3,Valid license for this class vehicle,0,No Restrictions or Not Applicable,70,70,220,220 lbs.,1,1,0,,0,,0,,0,,2,February,2015,2015,2,February,2015,2015,0,No,38,Failure to Yield Right-of-Way,0,,0,,0,,1,"Two-Way, Not Divided",3,Three lanes,98,Not Reported,1,Straight,2,"Grade, Unknown Slope",2,"Blacktop, Bituminous, or Asphalt",2,Wet,0,No Controls,0,No Controls,10,Turning Right,83,Pedalcyclist or other non-motorist in road,1,No Avoidance Maneuver,1,Tracking,1,Stayed in original travel lane,13,C13-Single Driver-Forward Impact-Pedestrian/ Animal,0,0,No,777777777777,No Trailing Units,777777777777,No Trailing Units,777777777777,No Trailing Units
41,Oregon,410025,1,1,1,01,12,12,2,February,2,2:00am-2:59am,30,30,33,Curb,0,Not a Collision with Motor Vehicle In-Transport,1,Motor Vehicle In-Transport (Inside or Outside the Trafficway),0,No,41,Oregon,1,Driver (in this crash) was  Registered Owner,19,Cadillac,18,19018,Cadillac CTS/CTC,4,"4-door sedan, hardtop",2016,2016,1G6AU5S8XG01,1G6AU5S8XG01,1,G,6,A,U,5,S,8,X,G,0,1,0,No Trailing Units,0,Not an Articulated Vehicle,0,Not Applicable,000000000,Not Applicable,00000000000,Not Applicable,0,Not Applicable,0,Not Applicable,0,Not Applicable (N/A),1,No,0,Not Applicable,0,Not Applicable,0,Not Applicable,0,Not Applicable,0,Not a Bus,0,No Special Use,0,Not Applicable,998,Not Reported,0,No Underride or Override Noted,1,"Rollover, Tripped by Object/Vehicle",5,On Roadside,12,12 Clock Point,6,Disabling Damage,2,Towed Due to Disabling Damage,1,Rollover/Overturn,0,,0,,0,No or Not Reported,1,Yes,41,Oregon,97103,97103,6,Valid,1,Full Driver License,0,No (CDL),0,No Endorsements required for this vehicle,3,Valid license for this class vehicle,1,Restrictions Complied With,71,71,180,180 lbs.,0,,0,,0,,3,3,0,,4,April,2013,2013,7,July,2015,2015,4,"Yes, Too Fast for Conditions",0,,0,,0,,0,,1,"Two-Way, Not Divided",2,Two lanes,35,35 MPH,3,Curve Left,1,Level,2,"Blacktop, Bituminous, or Asphalt",1,Dry,0,No Controls,0,No Controls,14,Negotiating a Curve,12,Off the edge of the road on the left side,6,Steering left,1,Tracking,4,Departed roadway,6,B6-Single Driver-Left Roadside Departure-Drive Off Road,1,1,Yes,777777777777,No Trailing Units,777777777777,No Trailing Units,777777777777,No Trailing Units
41,Oregon,410026,1,1,1,01,13,13,2,February,21,9:00pm-9:59pm,28,28,8,Pedestrian,0,Not a Collision with Motor Vehicle In-Transport,1,Motor Vehicle In-Transport (Inside or Outside the Trafficway),0,No,41,Oregon,1,Driver (in this crash) was  Registered Owner,34,BMW,402,34402,BMW X3,14,"Compact Utility (Utility Vehicle Categories ""Small"" and ""Midsize"")",2014,2014,5UXWX7C56E0E,5UXWX7C56E0E,5,U,X,W,X,7,C,5,6,E,0,E,0,No Trailing Units,0,Not an Articulated Vehicle,0,Not Applicable,000000000,Not Applicable,00000000000,Not Applicable,0,Not Applicable,0,Not Applicable,0,Not Applicable (N/A),1,No,0,Not Applicable,0,Not Applicable,0,Not Applicable,0,Not Applicable,0,Not a Bus,0,No Special Use,0,Not Applicable,998,Not Reported,0,No Underride or Override Noted,0,No Rollover,0,No Rollover,12,12 Clock Point,9,Unknown,5,Not Towed,8,Pedestrian,0,,0,,0,No or Not Reported,1,Yes,41,Oregon,97124,97124,6,Valid,1,Full Driver License,0,No (CDL),0,No Endorsements required for this vehicle,3,Valid license for this class vehicle,1,Restrictions Complied With,67,67,162,162 lbs.,0,,0,,0,,1,1,0,,11,November,2015,2015,11,November,2015,2015,0,No,0,,0,,0,,0,,3,"Two-Way,  Divided, Positive  Median Barrier",2,Two lanes,55,55 MPH,1,Straight,1,Level,2,"Blacktop, Bituminous, or Asphalt",1,Dry,0,No Controls,0,No Controls,1,Going Straight,80,Pedestrian in road,6,Steering left,1,Tracking,1,Stayed in original travel lane,13,C13-Single Driver-Forward Impact-Pedestrian/ Animal,0,0,No,777777777777,No Trailing Units,777777777777,No Trailing Units,777777777777,No Trailing Units
41,Oregon,410027,1,1,1,01,16,16,2,February,18,6:00pm-6:59pm,58,58,8,Pedestrian,0,Not a Collision with Motor Vehicle In-Transport,1,Motor Vehicle In-Transport (Inside or Outside the Trafficway),0,No,41,Oregon,1,Driver (in this crash) was  Registered Owner,49,Toyota,32,49032,Toyota Corolla,4,"4-door sedan, hardtop",2000,2000,1NXBR12E3YZ3,1NXBR12E3YZ3,1,N,X,B,R,1,2,E,3,Y,Z,3,0,No Trailing Units,0,Not an Articulated Vehicle,0,Not Applicable,000000000,Not Applicable,00000000000,Not Applicable,0,Not Applicable,0,Not Applicable,0,Not Applicable (N/A),1,No,0,Not Applicable,0,Not Applicable,0,Not Applicable,0,Not Applicable,0,Not a Bus,0,No Special Use,0,Not Applicable,998,Not Reported,0,No Underride or Override Noted,0,No Rollover,0,No Rollover,12,12 Clock Point,9,Unknown,5,Not Towed,8,Pedestrian,0,,0,,0,No or Not Reported,1,Yes,41,Oregon,97038,97038,6,Valid,1,Full Driver License,0,No (CDL),0,No Endorsements required for this vehicle,3,Valid license for this class vehicle,0,No Restrictions or Not Applicable,69,69,135,135 lbs.,0,,0,,0,,0,,0,,0,No Record,0,No Record,0,No Record,0,No Record,0,No,0,,0,,0,,0,,1,"Two-Way, Not Divided",2,Two lanes,40,40 MPH,1,Straight,1,Level,2,"Blacktop, Bituminous, or Asphalt",2,Wet,0,No Controls,0,No Controls,1,Going Straight,80,Pedestrian in road,1,No Avoidance Maneuver,1,Tracking,1,Stayed in original travel lane,13,C13-Single Driver-Forward Impact-Pedestrian/ Animal,0,0,No,777777777777,No Trailing Units,777777777777,No Trailing Units,777777777777,No Trailing Units
41,Oregon,410028,1,1,3,03,18,18,2,February,22,10:00pm-10:59pm,50,50,42,Tree (Standing Only),0,Not a Collision with Motor Vehicle In-Transport,1,Motor Vehicle In-Transport (Inside or Outside the Trafficway),0,No,41,Oregon,1,Driver (in this crash) was  Registered Owner,48,Subaru,38,48038,Subaru Impreza,5,5-door/4-door hatchback,2008,2008,JF1GR89658L8,JF1GR89658L8,J,F,1,G,R,8,9,6,5,8,L,8,0,No Trailing Units,0,Not an Articulated Vehicle,0,Not Applicable,000000000,Not Applicable,00000000000,Not Applicable,0,Not Applicable,0,Not Applicable,0,Not Applicable (N/A),1,No,0,Not Applicable,0,Not Applicable,0,Not Applicable,0,Not Applicable,0,Not a Bus,0,No Special Use,0,Not Applicable,998,Not Reported,0,No Underride or Override Noted,1,"Rollover, Tripped by Object/Vehicle",5,On Roadside,98,Not Reported,6,Disabling Damage,2,Towed Due to Disabling Damage,1,Rollover/Overturn,0,,0,,0,No or Not Reported,1,Yes,41,Oregon,97824,97824,6,Valid,1,Full Driver License,0,No (CDL),0,No Endorsements required for this vehicle,3,Valid license for this class vehicle,0,No Restrictions or Not Applicable,74,74,154,154 lbs.,0,,1,1,0,,0,,0,,7,July,2013,2013,7,July,2013,2013,3,"Yes, Exceeded Speed Limit",99,Unknown,99,Unknown,99,Unknown,99,Unknown,1,"Two-Way, Not Divided",2,Two lanes,35,35 MPH,2,Curve Right,6,Downhill,2,"Blacktop, Bituminous, or Asphalt",2,Wet,0,No Controls,0,No Controls,14,Negotiating a Curve,12,Off the edge of the road on the left side,1,No Avoidance Maneuver,1,Tracking,4,Departed roadway,6,B6-Single Driver-Left Roadside Departure-Drive Off Road,3,1,Yes,777777777777,No Trailing Units,777777777777,No Trailing Units,777777777777,No Trailing Units
41,Oregon,410029,1,4,1,01,21,21,2,February,22,10:00pm-10:59pm,37,37,12,Motor Vehicle In-Transport,2,Front-to-Front,1,Motor Vehicle In-Transport (Inside or Outside the Trafficway),0,No,41,Oregon,1,Driver (in this crash) was  Registered Owner,7,Dodge,482,7482,Dodge Ram Pickup,34,Light Pickup,2004,2004,1D7HU18N64S5,1D7HU18N64S5,1,D,7,H,U,1,8,N,6,4,S,5,0,No Trailing Units,0,Not an Articulated Vehicle,0,Not Applicable,000000000,Not Applicable,00000000000,Not Applicable,0,Not Applicable,0,Not Applicable,0,Not Applicable (N/A),1,No,0,Not Applicable,0,Not Applicable,0,Not Applicable,0,Not Applicable,0,Not a Bus,0,No Special Use,0,Not Applicable,998,Not Reported,0,No Underride or Override Noted,0,No Rollover,0,No Rollover,12,12 Clock Point,9,Unknown,2,Towed Due to Disabling Damage,12,Motor Vehicle In-Transport,0,,0,,0,No or Not Reported,1,Yes,41,Oregon,97370,97370,6,Valid,1,Full Driver License,0,No (CDL),0,No Endorsements required for this vehicle,3,Valid license for this class vehicle,0,No Restrictions or Not Applicable,72,72,260,260 lbs.,0,,0,,0,,0,,0,,0,No Record,0,No Record,0,No Record,0,No Record,0,No,28,Improper Lane Usage,0,,0,,0,,1,"Two-Way, Not Divided",2,Two lanes,50,50 MPH,1,Straight,1,Level,2,"Blacktop, Bituminous, or Asphalt",1,Dry,0,No Controls,0,No Controls,1,Going Straight,10,Over the lane line on left side of travel lane,99,Unknown/Not Reported,1,Tracking,2,"Stayed on roadway, but left original travel lane",50,"G50-Same Trafficway, Opposite Direction-Head-On-Lateral Move (Left/Right)",0,0,No,777777777777,No Trailing Units,777777777777,No Trailing Units,777777777777,No Trailing Units
41,Oregon,410029,2,4,1,01,21,21,2,February,22,10:00pm-10:59pm,37,37,12,Motor Vehicle In-Transport,2,Front-to-Front,1,Motor Vehicle In-Transport (Inside or Outside the Trafficway),0,No,41,Oregon,1,Driver (in this crash) was  Registered Owner,37,Honda,32,37032,Honda Accord,4,"4-door sedan, hardtop",1993,1993,1HGCB7676PA0,1HGCB7676PA0,1,H,G,C,B,7,6,7,6,P,A,0,0,No Trailing Units,0,Not an Articulated Vehicle,0,Not Applicable,000000000,Not Applicable,00000000000,Not Applicable,0,Not Applicable,0,Not Applicable,0,Not Applicable (N/A),1,No,0,Not Applicable,0,Not Applicable,0,Not Applicable,0,Not Applicable,0,Not a Bus,0,No Special Use,0,Not Applicable,998,Not Reported,0,No Underride or Override Noted,0,No Rollover,0,No Rollover,12,12 Clock Point,6,Disabling Damage,2,Towed Due to Disabling Damage,12,Motor Vehicle In-Transport,0,,0,,0,No or Not Reported,1,Yes,41,Oregon,97370,97370,6,Valid,1,Full Driver License,0,No (CDL),0,No Endorsements required for this vehicle,3,Valid license for this class vehicle,0,No Restrictions or Not Applicable,64,64,130,130 lbs.,0,,0,,0,,0,,1,1,5,May,2014,2014,5,May,2014,2014,9,Unknown,99,Unknown,99,Unknown,99,Unknown,99,Unknown,1,"Two-Way, Not Divided",2,Two lanes,50,50 MPH,1,Straight,1,Level,2,"Blacktop, Bituminous, or Asphalt",1,Dry,0,No Controls,0,No Controls,1,Going Straight,62,From opposite direction  over left lane line,99,Unknown/Not Reported,1,Tracking,1,Stayed in original travel lane,51,"G51-Same Trafficway, Opposite Direction-Head-On-Lateral Move (Going Straight)",1,0,No,777777777777,No Trailing Units,777777777777,No Trailing Units,777777777777,No Trailing Units
41,Oregon,410029,3,4,1,01,21,21,2,February,22,10:00pm-10:59pm,37,37,12,Motor Vehicle In-Transport,2,Front-to-Front,1,Motor Vehicle In-Transport (Inside or Outside the Trafficway),0,No,41,Oregon,2,Driver (in this crash) Not Registered Owner (Other Private Owner Listed),35,Datsun/Nissan,402,35402,Datsun/Nissan Xterra,14,"Compact Utility (Utility Vehicle Categories ""Small"" and ""Midsize"")",2002,2002,5N1MD28Y22C5,5N1MD28Y22C5,5,N,1,M,D,2,8,Y,2,2,C,5,0,No Trailing Units,0,Not an Articulated Vehicle,0,Not Applicable,000000000,Not Applicable,00000000000,Not Applicable,0,Not Applicable,0,Not Applicable,0,Not Applicable (N/A),1,No,0,Not Applicable,0,Not Applicable,0,Not Applicable,0,Not Applicable,0,Not a Bus,0,No Special Use,0,Not Applicable,998,Not Reported,0,No Underride or Override Noted,0,No Rollover,0,No Rollover,12,12 Clock Point,6,Disabling Damage,2,Towed Due to Disabling Damage,12,Motor Vehicle In-Transport,0,,0,,0,No or Not Reported,1,Yes,41,Oregon,97333,97333,6,Valid,1,Full Driver License,0,No (CDL),0,No Endorsements required for this vehicle,3,Valid license for this class vehicle,0,No Restrictions or Not Applicable,66,66,155,155 lbs.,0,,0,,0,,0,,0,,0,No Record,0,No Record,0,No Record,0,No Record,0,No,0,,0,,0,,0,,1,"Two-Way, Not Divided",2,Two lanes,50,50 MPH,1,Straight,1,Level,2,"Blacktop, Bituminous, or Asphalt",1,Dry,0,No Controls,0,No Controls,1,Going Straight,62,From opposite direction  over left lane line,99,Unknown/Not Reported,1,Tracking,1,Stayed in original travel lane,98,M98-Other Crash Type,0,0,No,777777777777,No Trailing Units,777777777777,No Trailing Units,777777777777,No Trailing Units
41,Oregon,410029,4,4,1,01,21,21,2,February,22,10:00pm-10:59pm,37,37,12,Motor Vehicle In-Transport,2,Front-to-Front,1,Motor Vehicle In-Transport (Inside or Outside the Trafficway),0,No,99,Unknown,9,Unknown,97,Not Reported,997,97997,Not Reported Not Reported,98,Not Reported,9998,Not Reported,888888888888,Not Reported,8,8,8,8,8,8,8,8,8,8,8,8,0,No Trailing Units,0,Not an Articulated Vehicle,0,Not Applicable,000000000,Not Applicable,00000000000,Not Applicable,9,Unknown,0,Not Applicable,0,Not Applicable (N/A),1,No,0,Not Applicable,0,Not Applicable,0,Not Applicable,0,Not Applicable,1,School,2,Vehicle Used for School Transport,0,Not Applicable,998,Not Reported,9,Unknown if Underride or Override,0,No Rollover,0,No Rollover,0,Non-Collision,9,Unknown,5,Not Towed,16,Thrown or Falling Object,0,,0,,0,No or Not Reported,1,Yes,99,Unknown,99999,Unknown,9,Unknown License Status,9,Unknown License Type,99,Unknown License Status,9,"Unknown, if required",9,Unknown,9,Unknown,999,Unknown,999,Unknown,99,Unknown,99,Unknown,99,Unknown,99,Unknown,99,Unknown,99,Unknown,9999,Unknown,99,Unknown,9999,Unknown,9,Unknown,0,,0,,0,,0,,1,"Two-Way, Not Divided",2,Two lanes,50,50 MPH,1,Straight,1,Level,2,"Blacktop, Bituminous, or Asphalt",1,Dry,0,No Controls,0,No Controls,1,Going Straight,98,Other critical precrash event (specify:),99,Unknown/Not Reported,1,Tracking,1,Stayed in original travel lane,98,M98-Other Crash Type,0,0,No,777777777777,No Trailing Units,777777777777,No Trailing Units,777777777777,No Trailing Units
41,Oregon,410030,1,2,1,01,25,25,2,February,8,8:00am-8:59am,45,45,12,Motor Vehicle In-Transport,6,Angle,1,Motor Vehicle In-Transport (Inside or Outside the Trafficway),0,No,41,Oregon,1,Driver (in this crash) was  Registered Owner,35,Datsun/Nissan,472,35472,Datsun/Nissan Frontier (1998 on),34,Light Pickup,2004,2004,5N1ED28T84C6,5N1ED28T84C6,5,N,1,E,D,2,8,T,8,4,C,6,0,No Trailing Units,0,Not an Articulated Vehicle,0,Not Applicable,000000000,Not Applicable,00000000000,Not Applicable,0,Not Applicable,0,Not Applicable,0,Not Applicable (N/A),1,No,0,Not Applicable,0,Not Applicable,0,Not Applicable,0,Not Applicable,0,Not a Bus,0,No Special Use,0,Not Applicable,998,Not Reported,0,No Underride or Override Noted,0,No Rollover,0,No Rollover,3,3 Clock Point,6,Disabling Damage,2,Towed Due to Disabling Damage,2,Fire/Explosion,0,,0,,1,Yes,1,Yes,41,Oregon,97411,97411,6,Valid,1,Full Driver License,0,No (CDL),0,No Endorsements required for this vehicle,3,Valid license for this class vehicle,1,Restrictions Complied With,70,70,155,155 lbs.,1,1,2,2,0,,0,,1,1,10,October,2013,2013,9,September,2014,2014,4,"Yes, Too Fast for Conditions",28,Improper Lane Usage,87,"Ice, Snow, Slush, Water, Sand, Dirt, Oil, Wet Leaves on Road",0,,0,,1,"Two-Way, Not Divided",2,Two lanes,55,55 MPH,4,Curve - Unknown Direction,2,"Grade, Unknown Slope",2,"Blacktop, Bituminous, or Asphalt",4,Ice/Frost,0,No Controls,0,No Controls,14,Negotiating a Curve,6,Traveling too fast for conditions,99,Unknown/Not Reported,4,Skidding laterally counterclockwise rotation,2,"Stayed on roadway, but left original travel lane",64,"I64-Same Trafficway, Opposite Direction-Angle, Sideswipe-Lateral Move (Left/Right)",1,0,No,777777777777,No Trailing Units,777777777777,No Trailing Units,777777777777,No Trailing Units
41,Oregon,410030,2,2,2,02,25,25,2,February,8,8:00am-8:59am,45,45,12,Motor Vehicle In-Transport,6,Angle,1,Motor Vehicle In-Transport (Inside or Outside the Trafficway),0,No,41,Oregon,1,Driver (in this crash) was  Registered Owner,12,Ford,17,12017,Ford Taurus/Taurus X,4,"4-door sedan, hardtop",2010,2010,1FAHP2KT4AG1,1FAHP2KT4AG1,1,F,A,H,P,2,K,T,4,A,G,1,0,No Trailing Units,0,Not an Articulated Vehicle,0,Not Applicable,000000000,Not Applicable,00000000000,Not Applicable,0,Not Applicable,0,Not Applicable,0,Not Applicable (N/A),1,No,0,Not Applicable,0,Not Applicable,0,Not Applicable,0,Not Applicable,0,Not a Bus,0,No Special Use,0,Not Applicable,998,Not Reported,0,No Underride or Override Noted,0,No Rollover,0,No Rollover,12,12 Clock Point,6,Disabling Damage,2,Towed Due to Disabling Damage,12,Motor Vehicle In-Transport,0,,0,,1,Yes,1,Yes,41,Oregon,97465,97465,6,Valid,1,Full Driver License,0,No (CDL),0,No Endorsements required for this vehicle,3,Valid license for this class vehicle,0,No Restrictions or Not Applicable,67,67,200,200 lbs.,0,,0,,0,,0,,0,,0,No Record,0,No Record,0,No Record,0,No Record,0,No,0,,0,,0,,0,,1,"Two-Way, Not Divided",2,Two lanes,55,55 MPH,4,Curve - Unknown Direction,2,"Grade, Unknown Slope",2,"Blacktop, Bituminous, or Asphalt",4,Ice/Frost,0,No Controls,0,No Controls,14,Negotiating a Curve,62,From opposite direction  over left lane line,99,Unknown/Not Reported,1,Tracking,1,Stayed in original travel lane,65,"I65-Same Trafficway, Opposite Direction-Angle, Sideswipe-Lateral Move (Going Straight)",0,0,No,777777777777,No Trailing Units,777777777777,No Trailing Units,777777777777,No Trailing Units
41,Oregon,410031,1,1,1,01,25,25,2,February,7,7:00am-7:59am,43,43,1,Rollover/Overturn,0,Not a Collision with Motor Vehicle In-Transport,1,Motor Vehicle In-Transport (Inside or Outside the Trafficway),0,No,41,Oregon,2,Driver (in this crash) Not Registered Owner (Other Private Owner Listed),12,Ford,473,12473,Ford Explorer Sport Trac,34,Light Pickup,2002,2002,1FMZU77E02UD,1FMZU77E02UD,1,F,M,Z,U,7,7,E,0,2,U,D,0,No Trailing Units,0,Not an Articulated Vehicle,0,Not Applicable,000000000,Not Applicable,00000000000,Not Applicable,0,Not Applicable,0,Not Applicable,0,Not Applicable (N/A),1,No,0,Not Applicable,0,Not Applicable,0,Not Applicable,0,Not Applicable,0,Not a Bus,0,No Special Use,0,Not Applicable,998,Not Reported,0,No Underride or Override Noted,1,"Rollover, Tripped by Object/Vehicle",5,On Roadside,0,Non-Collision,6,Disabling Damage,2,Towed Due to Disabling Damage,1,Rollover/Overturn,0,,0,,0,No or Not Reported,1,Yes,41,Oregon,97365,97365,6,Valid,1,Full Driver License,0,No (CDL),0,No Endorsements required for this vehicle,3,Valid license for this class vehicle,0,No Restrictions or Not Applicable,64,64,169,169 lbs.,0,,0,,0,,0,,0,,0,No Record,0,No Record,0,No Record,0,No Record,9,Unknown,99,Unknown,99,Unknown,99,Unknown,99,Unknown,1,"Two-Way, Not Divided",2,Two lanes,98,Not Reported,1,Straight,1,Level,2,"Blacktop, Bituminous, or Asphalt",4,Ice/Frost,0,No Controls,0,No Controls,1,Going Straight,12,Off the edge of the road on the left side,99,Unknown/Not Reported,4,Skidding laterally counterclockwise rotation,4,Departed roadway,7,B7-Single Driver-Left Roadside Departure-Control/Traction Loss,1,0,No,777777777777,No Trailing Units,777777777777,No Trailing Units,777777777777,No Trailing Units
41,Oregon,410032,1,2,1,01,25,25,2,February,13,1:00pm-1:59pm,35,35,12,Motor Vehicle In-Transport,2,Front-to-Front,1,Motor Vehicle In-Transport (Inside or Outside the Trafficway),0,No,41,Oregon,1,Driver (in this crash) was  Registered Owner,76,Yamaha,706,76706,Yamaha 750cc or greater,80,Two Wheel Motorcycle (excluding motor scooters),1999,1999,JYAVP02E2XA0,JYAVP02E2XA0,J,Y,A,V,P,0,2,E,2,X,A,0,0,No Trailing Units,0,Not an Articulated Vehicle,0,Not Applicable,000000000,Not Applicable,00000000000,Not Applicable,0,Not Applicable,0,Not Applicable,0,Not Applicable (N/A),1,No,0,Not Applicable,0,Not Applicable,0,Not Applicable,0,Not Applicable,0,Not a Bus,0,No Special Use,0,Not Applicable,998,Not Reported,0,No Underride or Override Noted,0,No Rollover,0,No Rollover,12,12 Clock Point,9,Unknown,2,Towed Due to Disabling Damage,42,Tree (Standing Only),0,,0,,0,No or Not Reported,1,Yes,41,Oregon,97477,97477,6,Valid,1,Full Driver License,0,No (CDL),0,No Endorsements required for this vehicle,3,Valid license for this class vehicle,0,No Restrictions or Not Applicable,70,70,170,170 lbs.,1,1,0,,0,,0,,0,,2,February,2013,2013,2,February,2013,2013,4,"Yes, Too Fast for Conditions",28,Improper Lane Usage,0,,0,,0,,1,"Two-Way, Not Divided",2,Two lanes,55,55 MPH,4,Curve - Unknown Direction,2,"Grade, Unknown Slope",2,"Blacktop, Bituminous, or Asphalt",1,Dry,0,No Controls,0,No Controls,14,Negotiating a Curve,10,Over the lane line on left side of travel lane,99,Unknown/Not Reported,1,Tracking,2,"Stayed on roadway, but left original travel lane",50,"G50-Same Trafficway, Opposite Direction-Head-On-Lateral Move (Left/Right)",1,0,No,777777777777,No Trailing Units,777777777777,No Trailing Units,777777777777,No Trailing Units
41,Oregon,410032,2,2,1,01,25,25,2,February,13,1:00pm-1:59pm,35,35,12,Motor Vehicle In-Transport,2,Front-to-Front,1,Motor Vehicle In-Transport (Inside or Outside the Trafficway),0,No,41,Oregon,1,Driver (in this crash) was  Registered Owner,72,Harley-Davidson,706,72706,Harley-Davidson 750cc or greater,80,Two Wheel Motorcycle (excluding motor scooters),2013,2013,1HD1KBM13DB6,1HD1KBM13DB6,1,H,D,1,K,B,M,1,3,D,B,6,0,No Trailing Units,0,Not an Articulated Vehicle,0,Not Applicable,000000000,Not Applicable,00000000000,Not Applicable,0,Not Applicable,0,Not Applicable,0,Not Applicable (N/A),1,No,0,Not Applicable,0,Not Applicable,0,Not Applicable,0,Not Applicable,0,Not a Bus,0,No Special Use,0,Not Applicable,998,Not Reported,0,No Underride or Override Noted,0,No Rollover,0,No Rollover,12,12 Clock Point,9,Unknown,2,Towed Due to Disabling Damage,12,Motor Vehicle In-Transport,0,,0,,0,No or Not Reported,1,Yes,41,Oregon,97404,97404,6,Valid,1,Full Driver License,0,No (CDL),0,No Endorsements required for this vehicle,3,Valid license for this class vehicle,0,No Restrictions or Not Applicable,70,70,180,180 lbs.,0,,0,,0,,0,,0,,0,No Record,0,No Record,0,No Record,0,No Record,9,Unknown,99,Unknown,99,Unknown,99,Unknown,99,Unknown,1,"Two-Way, Not Divided",2,Two lanes,55,55 MPH,4,Curve - Unknown Direction,2,"Grade, Unknown Slope",2,"Blacktop, Bituminous, or Asphalt",1,Dry,0,No Controls,0,No Controls,14,Negotiating a Curve,62,From opposite direction  over left lane line,99,Unknown/Not Reported,1,Tracking,1,Stayed in original travel lane,51,"G51-Same Trafficway, Opposite Direction-Head-On-Lateral Move (Going Straight)",0,0,No,777777777777,No Trailing Units,777777777777,No Trailing Units,777777777777,No Trailing Units
41,Oregon,410033,1,1,1,01,27,27,2,February,9,9:00am-9:59am,20,20,42,Tree (Standing Only),0,Not a Collision with Motor Vehicle In-Transport,1,Motor Vehicle In-Transport (Inside or Outside the Trafficway),0,No,41,Oregon,9,Unknown,19,Cadillac,14,19014,Cadillac Seville,4,"4-door sedan, hardtop",1995,1995,1G6KY5299SU8,1G6KY5299SU8,1,G,6,K,Y,5,2,9,9,S,U,8,0,No Trailing Units,0,Not an Articulated Vehicle,0,Not Applicable,000000000,Not Applicable,00000000000,Not Applicable,0,Not Applicable,0,Not Applicable,0,Not Applicable (N/A),1,No,0,Not Applicable,0,Not Applicable,0,Not Applicable,0,Not Applicable,0,Not a Bus,0,No Special Use,0,Not Applicable,998,Not Reported,0,No Underride or Override Noted,0,No Rollover,0,No Rollover,3,3 Clock Point,6,Disabling Damage,2,Towed Due to Disabling Damage,2,Fire/Explosion,0,,0,,1,Yes,1,Yes,41,Oregon,97702,97702,9,Unknown License Status,9,Unknown License Type,99,Unknown License Status,9,"Unknown, if required",9,Unknown,9,Unknown,999,Unknown,999,Unknown,99,Unknown,99,Unknown,99,Unknown,99,Unknown,99,Unknown,99,Unknown,9999,Unknown,99,Unknown,9999,Unknown,4,"Yes, Too Fast for Conditions",0,,0,,0,,0,,1,"Two-Way, Not Divided",2,Two lanes,55,55 MPH,1,Straight,1,Level,2,"Blacktop, Bituminous, or Asphalt",1,Dry,0,No Controls,0,No Controls,1,Going Straight,6,Traveling too fast for conditions,99,Unknown/Not Reported,5,"Skidding Laterally, Rotation Direction Unknown",4,Departed roadway,99,M99-Unknown,1,0,No,777777777777,No Trailing Units,777777777777,No Trailing Units,777777777777,No Trailing Units
41,Oregon,410034,1,1,1,01,2,2,1,January,12,12:00pm-12:59pm,45,45,8,Pedestrian,0,Not a Collision with Motor Vehicle In-Transport,1,Motor Vehicle In-Transport (Inside or Outside the Trafficway),0,No,41,Oregon,1,Driver (in this crash) was  Registered Owner,49,Toyota,472,49472,Toyota Tacoma,34,Light Pickup,2002,2002,5TEWM72N12Z0,5TEWM72N12Z0,5,T,E,W,M,7,2,N,1,2,Z,0,0,No Trailing Units,0,Not an Articulated Vehicle,0,Not Applicable,000000000,Not Applicable,00000000000,Not Applicable,0,Not Applicable,0,Not Applicable,0,Not Applicable (N/A),1,No,0,Not Applicable,0,Not Applicable,0,Not Applicable,0,Not Applicable,0,Not a Bus,0,No Special Use,0,Not Applicable,998,Not Reported,0,No Underride or Override Noted,0,No Rollover,0,No Rollover,12,12 Clock Point,9,Unknown,5,Not Towed,8,Pedestrian,0,,0,,0,No or Not Reported,1,Yes,41,Oregon,97038,97038,6,Valid,1,Full Driver License,6,Valid,0,No Endorsements required for this vehicle,3,Valid license for this class vehicle,3,"Restrictions, Compliance Unknown",69,69,190,190 lbs.,1,1,0,,0,,0,,1,1,8,August,2013,2013,10,October,2015,2015,0,No,0,,0,,0,,0,,5,"Two-Way, Not Divided With a Continuous Left-Turn Lane",5,Five lanes,55,55 MPH,1,Straight,1,Level,2,"Blacktop, Bituminous, or Asphalt",2,Wet,2,Traffic control signal (on colors) with Pedestrian Signal,3,Device Functioning Properly,1,Going Straight,80,Pedestrian in road,99,Unknown/Not Reported,1,Tracking,1,Stayed in original travel lane,13,C13-Single Driver-Forward Impact-Pedestrian/ Animal,0,0,No,777777777777,No Trailing Units,777777777777,No Trailing Units,777777777777,No Trailing Units
41,Oregon,410035,1,1,1,01,21,21,1,January,4,4:00am-4:59am,5,5,8,Pedestrian,0,Not a Collision with Motor Vehicle In-Transport,1,Motor Vehicle In-Transport (Inside or Outside the Trafficway),0,No,93,Multiple State Registration,3,Vehicle Registered as Business/Company/Government Vehicle,82,Freightliner,881,82881,Freightliner Medium/Heavy - CBE,66,"Truck-tractor (Cab only, or with any number of trailing unit; any weight)",2016,2016,3AKJGEDV6GDH,3AKJGEDV6GDH,3,A,K,J,G,E,D,V,6,G,D,H,1,One Trailing Unit,1,No,57,US DOT,251206,251206,57251206,57251206,3,"26,001 lbs. or more",6,Truck Tractor/Semi-Trailer,1,Van/Enclosed Box,1,No,0,Not Applicable,0,Not Applicable,0,Not Applicable,0,Not Applicable,0,Not a Bus,0,No Special Use,0,Not Applicable,998,Not Reported,0,No Underride or Override Noted,0,No Rollover,0,No Rollover,12,12 Clock Point,8,Not Reported,5,Not Towed,8,Pedestrian,0,,0,,0,No or Not Reported,1,Yes,41,Oregon,97301,97301,6,Valid,1,Full Driver License,6,Valid,0,No Endorsements required for this vehicle,3,Valid license for this class vehicle,0,No Restrictions or Not Applicable,69,69,290,290 lbs.,0,,0,,0,,0,,0,,0,No Record,0,No Record,0,No Record,0,No Record,0,No,0,,0,,0,,0,,3,"Two-Way,  Divided, Positive  Median Barrier",3,Three lanes,55,55 MPH,1,Straight,1,Level,2,"Blacktop, Bituminous, or Asphalt",2,Wet,0,No Controls,0,No Controls,1,Going Straight,80,Pedestrian in road,1,No Avoidance Maneuver,1,Tracking,1,Stayed in original travel lane,13,C13-Single Driver-Forward Impact-Pedestrian/ Animal,0,0,No,1UYVS2537GM5,1UYVS2537GM5,777777777777,No Trailing Units,777777777777,No Trailing Units
41,Oregon,410036,1,1,2,02,28,28,2,February,17,5:00pm-5:59pm,30,30,1,Rollover/Overturn,0,Not a Collision with Motor Vehicle In-Transport,1,Motor Vehicle In-Transport (Inside or Outside the Trafficway),0,No,41,Oregon,2,Driver (in this crash) Not Registered Owner (Other Private Owner Listed),7,Dodge,482,7482,Dodge Ram Pickup,34,Light Pickup,1995,1995,1B7HF16Y8SS1,1B7HF16Y8SS1,1,B,7,H,F,1,6,Y,8,S,S,1,0,No Trailing Units,0,Not an Articulated Vehicle,0,Not Applicable,000000000,Not Applicable,00000000000,Not Applicable,0,Not Applicable,0,Not Applicable,0,Not Applicable (N/A),1,No,0,Not Applicable,0,Not Applicable,0,Not Applicable,0,Not Applicable,0,Not a Bus,0,No Special Use,0,Not Applicable,998,Not Reported,0,No Underride or Override Noted,1,"Rollover, Tripped by Object/Vehicle",5,On Roadside,0,Non-Collision,6,Disabling Damage,2,Towed Due to Disabling Damage,1,Rollover/Overturn,0,,0,,0,No or Not Reported,1,Yes,41,Oregon,97850,97850,6,Valid,1,Full Driver License,0,No (CDL),0,No Endorsements required for this vehicle,3,Valid license for this class vehicle,0,No Restrictions or Not Applicable,71,71,170,170 lbs.,0,,0,,0,,0,,0,,0,No Record,0,No Record,0,No Record,0,No Record,0,No,0,,0,,0,,0,,1,"Two-Way, Not Divided",2,Two lanes,98,Not Reported,1,Straight,2,"Grade, Unknown Slope",2,"Blacktop, Bituminous, or Asphalt",4,Ice/Frost,0,No Controls,0,No Controls,1,Going Straight,13,Off the edge of the road on the right side,1,No Avoidance Maneuver,1,Tracking,4,Departed roadway,1,A1-Single Driver-Right Roadside Departure-Drive Off Road,1,0,No,777777777777,No Trailing Units,777777777777,No Trailing Units,777777777777,No Trailing Units
41,Oregon,410037,1,2,2,02,3,3,3,March,17,5:00pm-5:59pm,40,40,12,Motor Vehicle In-Transport,2,Front-to-Front,1,Motor Vehicle In-Transport (Inside or Outside the Trafficway),0,No,41,Oregon,2,Driver (in this crash) Not Registered Owner (Other Private Owner Listed),37,Honda,31,37031,"Honda Civic/CRX, del Sol",2,"2-door sedan,hardtop,coupe",1997,1997,1HGEJ8148VL1,1HGEJ8148VL1,1,H,G,E,J,8,1,4,8,V,L,1,0,No Trailing Units,0,Not an Articulated Vehicle,0,Not Applicable,000000000,Not Applicable,00000000000,Not Applicable,0,Not Applicable,0,Not Applicable,0,Not Applicable (N/A),1,No,0,Not Applicable,0,Not Applicable,0,Not Applicable,0,Not Applicable,0,Not a Bus,0,No Special Use,0,Not Applicable,998,Not Reported,0,No Underride or Override Noted,0,No Rollover,0,No Rollover,12,12 Clock Point,6,Disabling Damage,2,Towed Due to Disabling Damage,12,Motor Vehicle In-Transport,0,,0,,0,No or Not Reported,1,Yes,41,Oregon,97321,97321,1,Suspended,1,Full Driver License,0,No (CDL),0,No Endorsements required for this vehicle,2,No valid license for this class vehicle,0,No Restrictions or Not Applicable,63,63,135,135 lbs.,1,1,3,3,0,,0,,1,1,8,August,2013,2013,12,December,2014,2014,5,"Yes, Specifics Unknown",28,Improper Lane Usage,36,"Operating the Vehicle in an Erratic, Reckless or Negligent Manner.",91,"Non-Traffic Violation Charged - manslaughter, homicide or other assault committed without malice.",0,,1,"Two-Way, Not Divided",2,Two lanes,55,55 MPH,1,Straight,1,Level,2,"Blacktop, Bituminous, or Asphalt",2,Wet,0,No Controls,0,No Controls,1,Going Straight,10,Over the lane line on left side of travel lane,99,Unknown/Not Reported,1,Tracking,2,"Stayed on roadway, but left original travel lane",50,"G50-Same Trafficway, Opposite Direction-Head-On-Lateral Move (Left/Right)",1,1,Yes,777777777777,No Trailing Units,777777777777,No Trailing Units,777777777777,No Trailing Units
41,Oregon,410037,2,2,2,02,3,3,3,March,17,5:00pm-5:59pm,40,40,12,Motor Vehicle In-Transport,2,Front-to-Front,1,Motor Vehicle In-Transport (Inside or Outside the Trafficway),0,No,41,Oregon,1,Driver (in this crash) was  Registered Owner,37,Honda,32,37032,Honda Accord,4,"4-door sedan, hardtop",1999,1999,1HGCG5644XA1,1HGCG5644XA1,1,H,G,C,G,5,6,4,4,X,A,1,0,No Trailing Units,0,Not an Articulated Vehicle,0,Not Applicable,000000000,Not Applicable,00000000000,Not Applicable,0,Not Applicable,0,Not Applicable,0,Not Applicable (N/A),1,No,0,Not Applicable,0,Not Applicable,0,Not Applicable,0,Not Applicable,0,Not a Bus,0,No Special Use,0,Not Applicable,998,Not Reported,0,No Underride or Override Noted,0,No Rollover,0,No Rollover,12,12 Clock Point,6,Disabling Damage,2,Towed Due to Disabling Damage,12,Motor Vehicle In-Transport,0,,0,,0,No or Not Reported,1,Yes,41,Oregon,97402,97402,6,Valid,1,Full Driver License,0,No (CDL),0,No Endorsements required for this vehicle,3,Valid license for this class vehicle,0,No Restrictions or Not Applicable,71,71,180,180 lbs.,1,1,0,,0,,0,,0,,7,July,2014,2014,7,July,2014,2014,0,No,0,,0,,0,,0,,1,"Two-Way, Not Divided",2,Two lanes,55,55 MPH,1,Straight,1,Level,2,"Blacktop, Bituminous, or Asphalt",2,Wet,0,No Controls,0,No Controls,1,Going Straight,62,From opposite direction  over left lane line,99,Unknown/Not Reported,1,Tracking,1,Stayed in original travel lane,51,"G51-Same Trafficway, Opposite Direction-Head-On-Lateral Move (Going Straight)",0,0,No,777777777777,No Trailing Units,777777777777,No Trailing Units,777777777777,No Trailing Units
41,Oregon,410038,1,1,1,01,1,1,3,March,9,9:00am-9:59am,15,15,8,Pedestrian,0,Not a Collision with Motor Vehicle In-Transport,1,Motor Vehicle In-Transport (Inside or Outside the Trafficway),0,No,41,Oregon,1,Driver (in this crash) was  Registered Owner,30,Volkswagen,46,30046,Volkswagen Passat (CC - 2008 thru 2011; see 052 for 2012 on),4,"4-door sedan, hardtop",2007,2007,WVWLK73C37E0,WVWLK73C37E0,W,V,W,L,K,7,3,C,3,7,E,0,0,No Trailing Units,0,Not an Articulated Vehicle,0,Not Applicable,000000000,Not Applicable,00000000000,Not Applicable,0,Not Applicable,0,Not Applicable,0,Not Applicable (N/A),1,No,0,Not Applicable,0,Not Applicable,0,Not Applicable,0,Not Applicable,0,Not a Bus,0,No Special Use,0,Not Applicable,998,Not Reported,0,No Underride or Override Noted,0,No Rollover,0,No Rollover,12,12 Clock Point,9,Unknown,3,Towed Not Due to Disabling Damage,8,Pedestrian,0,,0,,0,No or Not Reported,1,Yes,41,Oregon,97405,97405,6,Valid,1,Full Driver License,0,No (CDL),0,No Endorsements required for this vehicle,3,Valid license for this class vehicle,0,No Restrictions or Not Applicable,69,69,165,165 lbs.,1,1,0,,0,,0,,0,,11,November,2015,2015,11,November,2015,2015,9,Unknown,99,Unknown,99,Unknown,99,Unknown,99,Unknown,1,"Two-Way, Not Divided",2,Two lanes,55,55 MPH,1,Straight,1,Level,2,"Blacktop, Bituminous, or Asphalt",1,Dry,0,No Controls,0,No Controls,1,Going Straight,80,Pedestrian in road,99,Unknown/Not Reported,1,Tracking,4,Departed roadway,13,C13-Single Driver-Forward Impact-Pedestrian/ Animal,0,0,No,777777777777,No Trailing Units,777777777777,No Trailing Units,777777777777,No Trailing Units
41,Oregon,410039,1,1,1,01,3,3,3,March,3,3:00am-3:59am,2,2,8,Pedestrian,0,Not a Collision with Motor Vehicle In-Transport,1,Motor Vehicle In-Transport (Inside or Outside the Trafficway),0,No,41,Oregon,1,Driver (in this crash) was  Registered Owner,55,Hyundai,33,55033,Hyundai Sonata,4,"4-door sedan, hardtop",2006,2006,5NPEU46F16H1,5NPEU46F16H1,5,N,P,E,U,4,6,F,1,6,H,1,0,No Trailing Units,0,Not an Articulated Vehicle,0,Not Applicable,000000000,Not Applicable,00000000000,Not Applicable,0,Not Applicable,0,Not Applicable,0,Not Applicable (N/A),1,No,0,Not Applicable,0,Not Applicable,0,Not Applicable,0,Not Applicable,0,Not a Bus,0,No Special Use,0,Not Applicable,998,Not Reported,0,No Underride or Override Noted,0,No Rollover,0,No Rollover,12,12 Clock Point,9,Unknown,5,Not Towed,8,Pedestrian,0,,0,,0,No or Not Reported,1,Yes,41,Oregon,97424,97424,6,Valid,1,Full Driver License,0,No (CDL),0,No Endorsements required for this vehicle,3,Valid license for this class vehicle,0,No Restrictions or Not Applicable,65,65,120,120 lbs.,0,,0,,0,,2,2,0,,6,June,2012,2012,5,May,2014,2014,0,No,0,,0,,0,,0,,1,"Two-Way, Not Divided",2,Two lanes,45,45 MPH,1,Straight,1,Level,2,"Blacktop, Bituminous, or Asphalt",1,Dry,0,No Controls,0,No Controls,1,Going Straight,80,Pedestrian in road,99,Unknown/Not Reported,1,Tracking,1,Stayed in original travel lane,13,C13-Single Driver-Forward Impact-Pedestrian/ Animal,0,0,No,777777777777,No Trailing Units,777777777777,No Trailing Units,777777777777,No Trailing Units
41,Oregon,410040,1,2,1,01,3,3,3,March,19,7:00pm-7:59pm,35,35,12,Motor Vehicle In-Transport,6,Angle,1,Motor Vehicle In-Transport (Inside or Outside the Trafficway),0,No,53,Washington,1,Driver (in this crash) was  Registered Owner,34,BMW,39,34039,BMW Z3,1,"Convertible(excludes sun-roof,t-bar)",1999,1999,WBSCK9337XLC,WBSCK9337XLC,W,B,S,C,K,9,3,3,7,X,L,C,0,No Trailing Units,0,Not an Articulated Vehicle,0,Not Applicable,000000000,Not Applicable,00000000000,Not Applicable,0,Not Applicable,0,Not Applicable,0,Not Applicable (N/A),1,No,0,Not Applicable,0,Not Applicable,0,Not Applicable,0,Not Applicable,0,Not a Bus,0,No Special Use,0,Not Applicable,998,Not Reported,0,No Underride or Override Noted,0,No Rollover,0,No Rollover,3,3 Clock Point,6,Disabling Damage,2,Towed Due to Disabling Damage,12,Motor Vehicle In-Transport,0,,0,,0,No or Not Reported,1,Yes,41,Oregon,98331,98331,6,Valid,1,Full Driver License,6,Valid,0,No Endorsements required for this vehicle,3,Valid license for this class vehicle,0,No Restrictions or Not Applicable,70,70,175,175 lbs.,0,,0,,1,1,0,,0,,3,March,2016,2016,3,March,2016,2016,9,Unknown,99,Unknown,99,Unknown,99,Unknown,99,Unknown,1,"Two-Way, Not Divided",2,Two lanes,55,55 MPH,1,Straight,1,Level,2,"Blacktop, Bituminous, or Asphalt",2,Wet,0,No Controls,0,No Controls,1,Going Straight,10,Over the lane line on left side of travel lane,99,Unknown/Not Reported,1,Tracking,2,"Stayed on roadway, but left original travel lane",64,"I64-Same Trafficway, Opposite Direction-Angle, Sideswipe-Lateral Move (Left/Right)",1,1,Yes,777777777777,No Trailing Units,777777777777,No Trailing Units,777777777777,No Trailing Units
41,Oregon,410040,2,2,4,04,3,3,3,March,19,7:00pm-7:59pm,35,35,12,Motor Vehicle In-Transport,6,Angle,1,Motor Vehicle In-Transport (Inside or Outside the Trafficway),0,No,2,Alaska,1,Driver (in this crash) was  Registered Owner,94,Thomas Built,982,94982,"Thomas Built Bus: Front engine, Flat front",58,Other Bus Type,2002,2002,1T88S3B29211,1T88S3B29211,1,T,8,8,S,3,B,2,9,2,1,1,0,No Trailing Units,0,Not an Articulated Vehicle,88,,888888888,,88888888888,,3,"26,001 lbs. or more",21,"Bus (seats for more than 15 occupants, including driver)",22,Bus,1,No,0,Not Applicable,0,Not Applicable,0,Not Applicable,0,Not Applicable,8,Modified for Personal/Private Use,0,No Special Use,0,Not Applicable,998,Not Reported,0,No Underride or Override Noted,0,No Rollover,0,No Rollover,12,12 Clock Point,8,Not Reported,2,Towed Due to Disabling Damage,12,Motor Vehicle In-Transport,0,,0,,0,No or Not Reported,1,Yes,41,Oregon,97023,97023,6,Valid,1,Full Driver License,6,Valid,0,No Endorsements required for this vehicle,3,Valid license for this class vehicle,0,No Restrictions or Not Applicable,70,70,220,220 lbs.,0,,0,,0,,0,,0,,0,No Record,0,No Record,0,No Record,0,No Record,0,No,0,,0,,0,,0,,1,"Two-Way, Not Divided",2,Two lanes,55,55 MPH,1,Straight,1,Level,2,"Blacktop, Bituminous, or Asphalt",2,Wet,0,No Controls,0,No Controls,1,Going Straight,62,From opposite direction  over left lane line,99,Unknown/Not Reported,1,Tracking,1,Stayed in original travel lane,65,"I65-Same Trafficway, Opposite Direction-Angle, Sideswipe-Lateral Move (Going Straight)",0,0,No,777777777777,No Trailing Units,777777777777,No Trailing Units,777777777777,No Trailing Units
41,Oregon,410041,1,1,1,01,4,4,3,March,7,7:00am-7:59am,35,35,42,Tree (Standing Only),0,Not a Collision with Motor Vehicle In-Transport,1,Motor Vehicle In-Transport (Inside or Outside the Trafficway),0,No,41,Oregon,1,Driver (in this crash) was  Registered Owner,49,Toyota,401,49401,Toyota 4-Runner,14,"Compact Utility (Utility Vehicle Categories ""Small"" and ""Midsize"")",1997,1997,JT3HN86R6V01,JT3HN86R6V01,J,T,3,H,N,8,6,R,6,V,0,1,0,No Trailing Units,0,Not an Articulated Vehicle,0,Not Applicable,000000000,Not Applicable,00000000000,Not Applicable,0,Not Applicable,0,Not Applicable,0,Not Applicable (N/A),1,No,0,Not Applicable,0,Not Applicable,0,Not Applicable,0,Not Applicable,0,Not a Bus,0,No Special Use,0,Not Applicable,998,Not Reported,0,No Underride or Override Noted,0,No Rollover,0,No Rollover,9,9 Clock Point,6,Disabling Damage,2,Towed Due to Disabling Damage,42,Tree (Standing Only),0,,0,,0,No or Not Reported,1,Yes,41,Oregon,97233,97233,6,Valid,1,Full Driver License,0,No (CDL),0,No Endorsements required for this vehicle,3,Valid license for this class vehicle,0,No Restrictions or Not Applicable,68,68,165,165 lbs.,0,,0,,0,,0,,0,,0,No Record,0,No Record,0,No Record,0,No Record,4,"Yes, Too Fast for Conditions",0,,0,,0,,0,,1,"Two-Way, Not Divided",2,Two lanes,55,55 MPH,1,Straight,1,Level,2,"Blacktop, Bituminous, or Asphalt",4,Ice/Frost,0,No Controls,0,No Controls,1,Going Straight,6,Traveling too fast for conditions,99,Unknown/Not Reported,9,Precrash stability unknown,4,Departed roadway,2,A2-Single Driver-Right Roadside Departure-Control/Traction Loss,1,0,No,777777777777,No Trailing Units,777777777777,No Trailing Units,777777777777,No Trailing Units
41,Oregon,410042,1,1,1,01,5,5,3,March,0,0:00am-0:59am,59,59,8,Pedestrian,0,Not a Collision with Motor Vehicle In-Transport,1,Motor Vehicle In-Transport (Inside or Outside the Trafficway),0,No,41,Oregon,3,Vehicle Registered as Business/Company/Government Vehicle,7,Dodge,442,7442,Dodge Caravan/Grand Caravan,20,"Minivan (Chrysler Town and Country, Caravan, Grand Caravan, Voyager, Voyager, Honda-Odyssey, ...)",2011,2011,2D4RN4DG5BR6,2D4RN4DG5BR6,2,D,4,R,N,4,D,G,5,B,R,6,0,No Trailing Units,0,Not an Articulated Vehicle,0,Not Applicable,000000000,Not Applicable,00000000000,Not Applicable,0,Not Applicable,0,Not Applicable,0,Not Applicable (N/A),1,No,0,Not Applicable,0,Not Applicable,0,Not Applicable,0,Not Applicable,0,Not a Bus,1,Taxi,0,Not Applicable,998,Not Reported,0,No Underride or Override Noted,0,No Rollover,0,No Rollover,12,12 Clock Point,9,Unknown,2,Towed Due to Disabling Damage,8,Pedestrian,0,,0,,0,No or Not Reported,1,Yes,41,Oregon,98683,98683,6,Valid,1,Full Driver License,0,No (CDL),0,No Endorsements required for this vehicle,3,Valid license for this class vehicle,0,No Restrictions or Not Applicable,65,65,199,199 lbs.,2,2,0,,0,,0,,0,,2,February,2013,2013,1,January,2017,2017,9,Unknown,0,,0,,0,,0,,5,"Two-Way, Not Divided With a Continuous Left-Turn Lane",5,Five lanes,98,Not Reported,1,Straight,1,Level,2,"Blacktop, Bituminous, or Asphalt",2,Wet,0,No Controls,0,No Controls,1,Going Straight,80,Pedestrian in road,99,Unknown/Not Reported,1,Tracking,1,Stayed in original travel lane,13,C13-Single Driver-Forward Impact-Pedestrian/ Animal,0,0,No,777777777777,No Trailing Units,777777777777,No Trailing Units,777777777777,No Trailing Units
41,Oregon,410043,1,2,1,01,5,5,3,March,20,8:00pm-8:59pm,43,43,12,Motor Vehicle In-Transport,6,Angle,1,Motor Vehicle In-Transport (Inside or Outside the Trafficway),0,No,41,Oregon,1,Driver (in this crash) was  Registered Owner,37,Honda,32,37032,Honda Accord,4,"4-door sedan, hardtop",2000,2000,1HGCG1646YA1,1HGCG1646YA1,1,H,G,C,G,1,6,4,6,Y,A,1,0,No Trailing Units,0,Not an Articulated Vehicle,0,Not Applicable,000000000,Not Applicable,00000000000,Not Applicable,0,Not Applicable,0,Not Applicable,0,Not Applicable (N/A),1,No,0,Not Applicable,0,Not Applicable,0,Not Applicable,0,Not Applicable,0,Not a Bus,0,No Special Use,0,Not Applicable,998,Not Reported,0,No Underride or Override Noted,0,No Rollover,0,No Rollover,81,Right,6,Disabling Damage,2,Towed Due to Disabling Damage,12,Motor Vehicle In-Transport,0,,0,,0,No or Not Reported,1,Yes,41,Oregon,97009,97009,1,Suspended,1,Full Driver License,0,No (CDL),0,No Endorsements required for this vehicle,2,No valid license for this class vehicle,0,No Restrictions or Not Applicable,64,64,160,160 lbs.,0,,7,7,0,,0,,2,2,9,September,2014,2014,2,February,2016,2016,0,No,38,Failure to Yield Right-of-Way,0,,0,,0,,5,"Two-Way, Not Divided With a Continuous Left-Turn Lane",5,Five lanes,55,55 MPH,1,Straight,2,"Grade, Unknown Slope",2,"Blacktop, Bituminous, or Asphalt",2,Wet,4,Flashing Traffic Control Signal,3,Device Functioning Properly,11,Turning Left,15,Turning Left,99,Unknown/Not Reported,1,Tracking,1,Stayed in original travel lane,68,J68-Trafficway Vehicle Turning-Turn Across Path-Initial Opposite Directions (Left/Right),1,0,No,777777777777,No Trailing Units,777777777777,No Trailing Units,777777777777,No Trailing Units
41,Oregon,410043,2,2,1,01,5,5,3,March,20,8:00pm-8:59pm,43,43,12,Motor Vehicle In-Transport,6,Angle,1,Motor Vehicle In-Transport (Inside or Outside the Trafficway),0,No,41,Oregon,1,Driver (in this crash) was  Registered Owner,49,Toyota,401,49401,Toyota 4-Runner,14,"Compact Utility (Utility Vehicle Categories ""Small"" and ""Midsize"")",1999,1999,JT3HN87R2X90,JT3HN87R2X90,J,T,3,H,N,8,7,R,2,X,9,0,0,No Trailing Units,0,Not an Articulated Vehicle,0,Not Applicable,000000000,Not Applicable,00000000000,Not Applicable,0,Not Applicable,0,Not Applicable,0,Not Applicable (N/A),1,No,0,Not Applicable,0,Not Applicable,0,Not Applicable,0,Not Applicable,0,Not a Bus,0,No Special Use,0,Not Applicable,998,Not Reported,0,No Underride or Override Noted,0,No Rollover,0,No Rollover,12,12 Clock Point,6,Disabling Damage,2,Towed Due to Disabling Damage,12,Motor Vehicle In-Transport,0,,0,,0,No or Not Reported,1,Yes,41,Oregon,97236,97236,6,Valid,1,Full Driver License,0,No (CDL),0,No Endorsements required for this vehicle,3,Valid license for this class vehicle,0,No Restrictions or Not Applicable,74,74,180,180 lbs.,2,2,0,,0,,1,1,1,1,12,December,2014,2014,12,December,2016,2016,3,"Yes, Exceeded Speed Limit",0,,0,,0,,0,,5,"Two-Way, Not Divided With a Continuous Left-Turn Lane",5,Five lanes,55,55 MPH,1,Straight,2,"Grade, Unknown Slope",2,"Blacktop, Bituminous, or Asphalt",2,Wet,4,Flashing Traffic Control Signal,3,Device Functioning Properly,1,Going Straight,62,From opposite direction  over left lane line,99,Unknown/Not Reported,1,Tracking,1,Stayed in original travel lane,69,J69-Trafficway Vehicle Turning-Turn Across Path-Initial Opposite Directions (Going Straight),0,0,No,777777777777,No Trailing Units,777777777777,No Trailing Units,777777777777,No Trailing Units
41,Oregon,410044,1,2,1,01,6,6,3,March,22,10:00pm-10:59pm,27,27,12,Motor Vehicle In-Transport,6,Angle,1,Motor Vehicle In-Transport (Inside or Outside the Trafficway),0,No,41,Oregon,1,Driver (in this crash) was  Registered Owner,45,Porsche,31,45031,Porsche 911/996,2,"2-door sedan,hardtop,coupe",1995,1995,WP0AA2996SS3,WP0AA2996SS3,W,P,0,A,A,2,9,9,6,S,S,3,0,No Trailing Units,0,Not an Articulated Vehicle,0,Not Applicable,000000000,Not Applicable,00000000000,Not Applicable,0,Not Applicable,0,Not Applicable,0,Not Applicable (N/A),1,No,0,Not Applicable,0,Not Applicable,0,Not Applicable,0,Not Applicable,0,Not a Bus,0,No Special Use,0,Not Applicable,76,076 MPH,0,No Underride or Override Noted,0,No Rollover,0,No Rollover,7,7 Clock Point,6,Disabling Damage,2,Towed Due to Disabling Damage,12,Motor Vehicle In-Transport,0,,0,,0,No or Not Reported,1,Yes,41,Oregon,97140,97140,6,Valid,1,Full Driver License,0,No (CDL),0,No Endorsements required for this vehicle,3,Valid license for this class vehicle,1,Restrictions Complied With,69,69,140,140 lbs.,1,1,0,,0,,0,,1,1,6,June,2012,2012,7,July,2012,2012,3,"Yes, Exceeded Speed Limit",28,Improper Lane Usage,0,,0,,0,,1,"Two-Way, Not Divided",2,Two lanes,45,45 MPH,3,Curve Left,1,Level,2,"Blacktop, Bituminous, or Asphalt",2,Wet,0,No Controls,0,No Controls,14,Negotiating a Curve,10,Over the lane line on left side of travel lane,99,Unknown/Not Reported,1,Tracking,2,"Stayed on roadway, but left original travel lane",64,"I64-Same Trafficway, Opposite Direction-Angle, Sideswipe-Lateral Move (Left/Right)",1,1,Yes,777777777777,No Trailing Units,777777777777,No Trailing Units,777777777777,No Trailing Units
41,Oregon,410044,2,2,1,01,6,6,3,March,22,10:00pm-10:59pm,27,27,12,Motor Vehicle In-Transport,6,Angle,1,Motor Vehicle In-Transport (Inside or Outside the Trafficway),0,No,41,Oregon,1,Driver (in this crash) was  Registered Owner,49,Toyota,442,49442,Toyota Sienna,20,"Minivan (Chrysler Town and Country, Caravan, Grand Caravan, Voyager, Voyager, Honda-Odyssey, ...)",2013,2013,5TDKK3DC6DS3,5TDKK3DC6DS3,5,T,D,K,K,3,D,C,6,D,S,3,0,No Trailing Units,0,Not an Articulated Vehicle,0,Not Applicable,000000000,Not Applicable,00000000000,Not Applicable,0,Not Applicable,0,Not Applicable,0,Not Applicable (N/A),1,No,0,Not Applicable,0,Not Applicable,0,Not Applicable,0,Not Applicable,0,Not a Bus,0,No Special Use,0,Not Applicable,998,Not Reported,0,No Underride or Override Noted,0,No Rollover,0,No Rollover,12,12 Clock Point,6,Disabling Damage,2,Towed Due to Disabling Damage,12,Motor Vehicle In-Transport,0,,0,,0,No or Not Reported,1,Yes,41,Oregon,97224,97224,6,Valid,1,Full Driver License,0,No (CDL),0,No Endorsements required for this vehicle,3,Valid license for this class vehicle,1,Restrictions Complied With,70,70,215,215 lbs.,0,,0,,0,,1,1,1,1,12,December,2012,2012,7,July,2013,2013,0,No,0,,0,,0,,0,,1,"Two-Way, Not Divided",2,Two lanes,45,45 MPH,3,Curve Left,1,Level,2,"Blacktop, Bituminous, or Asphalt",2,Wet,0,No Controls,0,No Controls,14,Negotiating a Curve,62,From opposite direction  over left lane line,99,Unknown/Not Reported,1,Tracking,1,Stayed in original travel lane,65,"I65-Same Trafficway, Opposite Direction-Angle, Sideswipe-Lateral Move (Going Straight)",0,0,No,777777777777,No Trailing Units,777777777777,No Trailing Units,777777777777,No Trailing Units
41,Oregon,410045,1,1,1,01,9,9,3,March,14,2:00pm-2:59pm,26,26,58,Ground,0,Not a Collision with Motor Vehicle In-Transport,1,Motor Vehicle In-Transport (Inside or Outside the Trafficway),0,No,41,Oregon,1,Driver (in this crash) was  Registered Owner,51,Volvo,42,51042,Volvo 850,4,"4-door sedan, hardtop",1997,1997,YV1LS5644V23,YV1LS5644V23,Y,V,1,L,S,5,6,4,4,V,2,3,0,No Trailing Units,0,Not an Articulated Vehicle,0,Not Applicable,000000000,Not Applicable,00000000000,Not Applicable,0,Not Applicable,0,Not Applicable,0,Not Applicable (N/A),1,No,0,Not Applicable,0,Not Applicable,0,Not Applicable,0,Not Applicable,0,Not a Bus,0,No Special Use,0,Not Applicable,998,Not Reported,0,No Underride or Override Noted,0,No Rollover,0,No Rollover,13,Top,6,Disabling Damage,2,Towed Due to Disabling Damage,58,Ground,0,,0,,0,No or Not Reported,1,Yes,41,Oregon,97045,97045,1,Suspended,1,Full Driver License,0,No (CDL),0,No Endorsements required for this vehicle,2,No valid license for this class vehicle,0,No Restrictions or Not Applicable,60,60,270,270 lbs.,0,,10,10,0,,2,2,2,2,8,August,2013,2013,2,February,2017,2017,9,Unknown,99,Unknown,99,Unknown,99,Unknown,99,Unknown,1,"Two-Way, Not Divided",2,Two lanes,40,40 MPH,1,Straight,1,Level,2,"Blacktop, Bituminous, or Asphalt",2,Wet,0,No Controls,0,No Controls,1,Going Straight,11,Over the lane line on right side of travel lane,99,Unknown/Not Reported,1,Tracking,4,Departed roadway,1,A1-Single Driver-Right Roadside Departure-Drive Off Road,1,0,No,777777777777,No Trailing Units,777777777777,No Trailing Units,777777777777,No Trailing Units
41,Oregon,410046,1,1,4,04,10,10,3,March,15,3:00pm-3:59pm,50,50,34,Ditch,0,Not a Collision with Motor Vehicle In-Transport,1,Motor Vehicle In-Transport (Inside or Outside the Trafficway),0,No,41,Oregon,2,Driver (in this crash) Not Registered Owner (Other Private Owner Listed),49,Toyota,421,49421,Toyota Land Cruiser,15,"Large utility (ANSI D16.1 Utility Vehicle Categories and ""Full Size"" and ""Large"")",1998,1998,JT3HT05J8W00,JT3HT05J8W00,J,T,3,H,T,0,5,J,8,W,0,0,0,No Trailing Units,0,Not an Articulated Vehicle,0,Not Applicable,000000000,Not Applicable,00000000000,Not Applicable,0,Not Applicable,0,Not Applicable,0,Not Applicable (N/A),1,No,0,Not Applicable,0,Not Applicable,0,Not Applicable,0,Not Applicable,0,Not a Bus,0,No Special Use,0,Not Applicable,998,Not Reported,0,No Underride or Override Noted,1,"Rollover, Tripped by Object/Vehicle",5,On Roadside,1,1 Clock Point,6,Disabling Damage,2,Towed Due to Disabling Damage,1,Rollover/Overturn,0,,0,,0,No or Not Reported,1,Yes,41,Oregon,97502,97502,6,Valid,2,Intermediate Driver License,0,No (CDL),0,No Endorsements required for this vehicle,3,Valid license for this class vehicle,0,No Restrictions or Not Applicable,69,69,115,115 lbs.,0,,0,,0,,0,,0,,0,No Record,0,No Record,0,No Record,0,No Record,0,No,27,Improper or Erratic Lane Changing,58,Overcorrecting,0,,0,,1,"Two-Way, Not Divided",2,Two lanes,65,65 MPH,1,Straight,1,Level,2,"Blacktop, Bituminous, or Asphalt",1,Dry,0,No Controls,0,No Controls,15,Changing Lanes,9,Unknown cause of control loss,7,Steering right,1,Tracking,4,Departed roadway,1,A1-Single Driver-Right Roadside Departure-Drive Off Road,1,0,No,777777777777,No Trailing Units,777777777777,No Trailing Units,777777777777,No Trailing Units
41,Oregon,410047,1,1,1,01,10,10,3,March,6,6:00am-6:59am,49,49,43,Other Fixed Object,0,Not a Collision with Motor Vehicle In-Transport,1,Motor Vehicle In-Transport (Inside or Outside the Trafficway),0,No,41,Oregon,1,Driver (in this crash) was  Registered Owner,12,Ford,471,12471,Ford Ranger,34,Light Pickup,2001,2001,1FTYR14U11PA,1FTYR14U11PA,1,F,T,Y,R,1,4,U,1,1,P,A,0,No Trailing Units,0,Not an Articulated Vehicle,0,Not Applicable,000000000,Not Applicable,00000000000,Not Applicable,0,Not Applicable,0,Not Applicable,0,Not Applicable (N/A),1,No,0,Not Applicable,0,Not Applicable,0,Not Applicable,0,Not Applicable,0,Not a Bus,0,No Special Use,0,Not Applicable,998,Not Reported,0,No Underride or Override Noted,0,No Rollover,0,No Rollover,98,Not Reported,8,Not Reported,2,Towed Due to Disabling Damage,8,Pedestrian,0,,0,,0,No or Not Reported,1,Yes,41,Oregon,97502,97502,6,Valid,1,Full Driver License,0,No (CDL),0,No Endorsements required for this vehicle,3,Valid license for this class vehicle,0,No Restrictions or Not Applicable,68,68,190,190 lbs.,0,,0,,0,,0,,0,,0,No Record,0,No Record,0,No Record,0,No Record,9,Unknown,91,"Non-Traffic Violation Charged - manslaughter, homicide or other assault committed without malice.",0,,0,,0,,5,"Two-Way, Not Divided With a Continuous Left-Turn Lane",3,Three lanes,35,35 MPH,1,Straight,1,Level,2,"Blacktop, Bituminous, or Asphalt",1,Dry,0,No Controls,0,No Controls,1,Going Straight,12,Off the edge of the road on the left side,99,Unknown/Not Reported,1,Tracking,4,Departed roadway,6,B6-Single Driver-Left Roadside Departure-Drive Off Road,0,0,No,777777777777,No Trailing Units,777777777777,No Trailing Units,777777777777,No Trailing Units
41,Oregon,410048,1,1,1,01,13,13,3,March,19,7:00pm-7:59pm,8,8,42,Tree (Standing Only),0,Not a Collision with Motor Vehicle In-Transport,1,Motor Vehicle In-Transport (Inside or Outside the Trafficway),0,No,41,Oregon,1,Driver (in this crash) was  Registered Owner,49,Toyota,40,49040,Toyota Camry,4,"4-door sedan, hardtop",2004,2004,4T1BE32K94U8,4T1BE32K94U8,4,T,1,B,E,3,2,K,9,4,U,8,0,No Trailing Units,0,Not an Articulated Vehicle,0,Not Applicable,000000000,Not Applicable,00000000000,Not Applicable,0,Not Applicable,0,Not Applicable,0,Not Applicable (N/A),1,No,0,Not Applicable,0,Not Applicable,0,Not Applicable,0,Not Applicable,0,Not a Bus,0,No Special Use,0,Not Applicable,998,Not Reported,0,No Underride or Override Noted,0,No Rollover,0,No Rollover,3,3 Clock Point,6,Disabling Damage,2,Towed Due to Disabling Damage,42,Tree (Standing Only),0,,0,,0,No or Not Reported,1,Yes,41,Oregon,97499,97499,6,Valid,1,Full Driver License,0,No (CDL),0,No Endorsements required for this vehicle,3,Valid license for this class vehicle,0,No Restrictions or Not Applicable,64,64,130,130 lbs.,0,,0,,0,,0,,0,,0,No Record,0,No Record,0,No Record,0,No Record,0,No,0,,0,,0,,0,,1,"Two-Way, Not Divided",2,Two lanes,98,Not Reported,3,Curve Left,2,"Grade, Unknown Slope",2,"Blacktop, Bituminous, or Asphalt",1,Dry,0,No Controls,0,No Controls,14,Negotiating a Curve,13,Off the edge of the road on the right side,99,Unknown/Not Reported,1,Tracking,4,Departed roadway,1,A1-Single Driver-Right Roadside Departure-Drive Off Road,1,1,Yes,777777777777,No Trailing Units,777777777777,No Trailing Units,777777777777,No Trailing Units
41,Oregon,410049,1,1,1,01,17,17,3,March,14,2:00pm-2:59pm,0,0,34,Ditch,0,Not a Collision with Motor Vehicle In-Transport,1,Motor Vehicle In-Transport (Inside or Outside the Trafficway),0,No,41,Oregon,1,Driver (in this crash) was  Registered Owner,12,Ford,481,12481,Ford F-Series pickup,34,Light Pickup,1989,1989,1FTEF14Y6KPA,1FTEF14Y6KPA,1,F,T,E,F,1,4,Y,6,K,P,A,0,No Trailing Units,0,Not an Articulated Vehicle,0,Not Applicable,000000000,Not Applicable,00000000000,Not Applicable,0,Not Applicable,0,Not Applicable,0,Not Applicable (N/A),1,No,0,Not Applicable,0,Not Applicable,0,Not Applicable,0,Not Applicable,0,Not a Bus,0,No Special Use,0,Not Applicable,998,Not Reported,0,No Underride or Override Noted,0,No Rollover,0,No Rollover,98,Not Reported,6,Disabling Damage,2,Towed Due to Disabling Damage,34,Ditch,0,,0,,0,No or Not Reported,1,Yes,41,Oregon,97838,97838,6,Valid,1,Full Driver License,0,No (CDL),0,No Endorsements required for this vehicle,3,Valid license for this class vehicle,1,Restrictions Complied With,64,64,150,150 lbs.,0,,0,,0,,0,,0,,0,No Record,0,No Record,0,No Record,0,No Record,0,No,0,,0,,0,,0,,1,"Two-Way, Not Divided",2,Two lanes,98,Not Reported,1,Straight,1,Level,2,"Blacktop, Bituminous, or Asphalt",1,Dry,0,No Controls,0,No Controls,1,Going Straight,13,Off the edge of the road on the right side,99,Unknown/Not Reported,1,Tracking,4,Departed roadway,1,A1-Single Driver-Right Roadside Departure-Drive Off Road,1,0,No,777777777777,No Trailing Units,777777777777,No Trailing Units,777777777777,No Trailing Units
41,Oregon,410050,1,1,2,02,6,6,3,March,21,9:00pm-9:59pm,8,8,1,Rollover/Overturn,0,Not a Collision with Motor Vehicle In-Transport,1,Motor Vehicle In-Transport (Inside or Outside the Trafficway),0,No,41,Oregon,2,Driver (in this crash) Not Registered Owner (Other Private Owner Listed),2,Jeep / Kaiser-Jeep / Willys- Jeep,404,2404,Jeep / Kaiser-Jeep / Willys- Jeep Cherokee (1984-on) (For Grand Cherokee for 2014 on use 02-422.),14,"Compact Utility (Utility Vehicle Categories ""Small"" and ""Midsize"")",1995,1995,1J4FJ28S5SL5,1J4FJ28S5SL5,1,J,4,F,J,2,8,S,5,S,L,5,0,No Trailing Units,0,Not an Articulated Vehicle,0,Not Applicable,000000000,Not Applicable,00000000000,Not Applicable,0,Not Applicable,0,Not Applicable,0,Not Applicable (N/A),1,No,0,Not Applicable,0,Not Applicable,0,Not Applicable,0,Not Applicable,0,Not a Bus,0,No Special Use,0,Not Applicable,998,Not Reported,0,No Underride or Override Noted,1,"Rollover, Tripped by Object/Vehicle",1,On Roadway,0,Non-Collision,6,Disabling Damage,2,Towed Due to Disabling Damage,1,Rollover/Overturn,0,,0,,0,No or Not Reported,1,Yes,41,Oregon,97754,97754,1,Suspended,1,Full Driver License,0,No (CDL),0,No Endorsements required for this vehicle,2,No valid license for this class vehicle,0,No Restrictions or Not Applicable,69,69,135,135 lbs.,0,,1,1,0,,1,1,0,,7,July,2014,2014,9,September,2014,2014,4,"Yes, Too Fast for Conditions",0,,0,,0,,0,,1,"Two-Way, Not Divided",2,Two lanes,55,55 MPH,1,Straight,1,Level,2,"Blacktop, Bituminous, or Asphalt",4,Ice/Frost,0,No Controls,0,No Controls,1,Going Straight,98,Other critical precrash event (specify:),1,No Avoidance Maneuver,4,Skidding laterally counterclockwise rotation,3,"Stayed on roadway, not known if left original travel lane",98,M98-Other Crash Type,1,0,No,777777777777,No Trailing Units,777777777777,No Trailing Units,777777777777,No Trailing Units
41,Oregon,410051,1,1,99,Unknown,9,9,3,March,23,11:00pm-11:59pm,15,15,8,Pedestrian,0,Not a Collision with Motor Vehicle In-Transport,1,Motor Vehicle In-Transport (Inside or Outside the Trafficway),1,Yes,41,Oregon,2,Driver (in this crash) Not Registered Owner (Other Private Owner Listed),49,Toyota,40,49040,Toyota Camry,4,"4-door sedan, hardtop",2012,2012,4T1BF1FK6CU0,4T1BF1FK6CU0,4,T,1,B,F,1,F,K,6,C,U,0,0,No Trailing Units,0,Not an Articulated Vehicle,0,Not Applicable,000000000,Not Applicable,00000000000,Not Applicable,0,Not Applicable,0,Not Applicable,0,Not Applicable (N/A),1,No,0,Not Applicable,0,Not Applicable,0,Not Applicable,0,Not Applicable,0,Not a Bus,0,No Special Use,0,Not Applicable,998,Not Reported,0,No Underride or Override Noted,0,No Rollover,0,No Rollover,12,12 Clock Point,8,Not Reported,2,Towed Due to Disabling Damage,8,Pedestrian,0,,0,,0,No or Not Reported,1,Yes,53,Washington,98661,98661,1,Suspended,1,Full Driver License,0,No (CDL),0,No Endorsements required for this vehicle,2,No valid license for this class vehicle,0,No Restrictions or Not Applicable,68,68,145,145 lbs.,0,,1,1,0,,1,1,0,,5,May,2016,2016,5,May,2016,2016,4,"Yes, Too Fast for Conditions",91,"Non-Traffic Violation Charged - manslaughter, homicide or other assault committed without malice.",6,Careless Driving,0,,0,,5,"Two-Way, Not Divided With a Continuous Left-Turn Lane",5,Five lanes,35,35 MPH,1,Straight,1,Level,2,"Blacktop, Bituminous, or Asphalt",1,Dry,0,No Controls,0,No Controls,1,Going Straight,80,Pedestrian in road,1,No Avoidance Maneuver,1,Tracking,1,Stayed in original travel lane,13,C13-Single Driver-Forward Impact-Pedestrian/ Animal,0,0,No,777777777777,No Trailing Units,777777777777,No Trailing Units,777777777777,No Trailing Units
41,Oregon,410052,1,2,3,03,18,18,3,March,7,7:00am-7:59am,30,30,1,Rollover/Overturn,0,Not a Collision with Motor Vehicle In-Transport,1,Motor Vehicle In-Transport (Inside or Outside the Trafficway),0,No,41,Oregon,2,Driver (in this crash) Not Registered Owner (Other Private Owner Listed),7,Dodge,482,7482,Dodge Ram Pickup,34,Light Pickup,2013,2013,1C6RR7KT4DS5,1C6RR7KT4DS5,1,C,6,R,R,7,K,T,4,D,S,5,0,No Trailing Units,0,Not an Articulated Vehicle,0,Not Applicable,000000000,Not Applicable,00000000000,Not Applicable,0,Not Applicable,0,Not Applicable,0,Not Applicable (N/A),1,No,0,Not Applicable,0,Not Applicable,0,Not Applicable,0,Not Applicable,0,Not a Bus,0,No Special Use,0,Not Applicable,998,Not Reported,0,No Underride or Override Noted,1,"Rollover, Tripped by Object/Vehicle",1,On Roadway,0,Non-Collision,6,Disabling Damage,2,Towed Due to Disabling Damage,1,Rollover/Overturn,0,,0,,0,No or Not Reported,1,Yes,41,Oregon,97754,97754,6,Valid,1,Full Driver License,0,No (CDL),0,No Endorsements required for this vehicle,3,Valid license for this class vehicle,0,No Restrictions or Not Applicable,63,63,150,150 lbs.,0,,0,,0,,0,,0,,0,No Record,0,No Record,0,No Record,0,No Record,4,"Yes, Too Fast for Conditions",99,Unknown,99,Unknown,99,Unknown,99,Unknown,1,"Two-Way, Not Divided",2,Two lanes,55,55 MPH,3,Curve Left,2,"Grade, Unknown Slope",2,"Blacktop, Bituminous, or Asphalt",2,Wet,0,No Controls,0,No Controls,14,Negotiating a Curve,98,Other critical precrash event (specify:),99,Unknown/Not Reported,1,Tracking,1,Stayed in original travel lane,98,M98-Other Crash Type,1,0,No,777777777777,No Trailing Units,777777777777,No Trailing Units,777777777777,No Trailing Units
41,Oregon,410052,2,2,2,02,18,18,3,March,7,7:00am-7:59am,30,30,1,Rollover/Overturn,0,Not a Collision with Motor Vehicle In-Transport,1,Motor Vehicle In-Transport (Inside or Outside the Trafficway),0,No,41,Oregon,1,Driver (in this crash) was  Registered Owner,6,Chrysler,44,6044,Chrysler Cirrus,4,"4-door sedan, hardtop",1995,1995,1C3EJ56H7SN5,1C3EJ56H7SN5,1,C,3,E,J,5,6,H,7,S,N,5,0,No Trailing Units,0,Not an Articulated Vehicle,0,Not Applicable,000000000,Not Applicable,00000000000,Not Applicable,0,Not Applicable,0,Not Applicable,0,Not Applicable (N/A),1,No,0,Not Applicable,0,Not Applicable,0,Not Applicable,0,Not Applicable,0,Not a Bus,0,No Special Use,0,Not Applicable,998,Not Reported,0,No Underride or Override Noted,0,No Rollover,0,No Rollover,12,12 Clock Point,9,Unknown,2,Towed Due to Disabling Damage,12,Motor Vehicle In-Transport,0,,0,,0,No or Not Reported,1,Yes,41,Oregon,97386,97386,6,Valid,1,Full Driver License,0,No (CDL),0,No Endorsements required for this vehicle,3,Valid license for this class vehicle,0,No Restrictions or Not Applicable,69,69,210,210 lbs.,0,,0,,0,,0,,0,,0,No Record,0,No Record,0,No Record,0,No Record,9,Unknown,99,Unknown,99,Unknown,99,Unknown,99,Unknown,1,"Two-Way, Not Divided",2,Two lanes,55,55 MPH,3,Curve Left,2,"Grade, Unknown Slope",2,"Blacktop, Bituminous, or Asphalt",2,Wet,0,No Controls,0,No Controls,14,Negotiating a Curve,50,Other vehicle stopped,99,Unknown/Not Reported,1,Tracking,1,Stayed in original travel lane,98,M98-Other Crash Type,0,0,No,777777777777,No Trailing Units,777777777777,No Trailing Units,777777777777,No Trailing Units
41,Oregon,410053,1,1,1,01,18,18,3,March,22,10:00pm-10:59pm,39,39,8,Pedestrian,0,Not a Collision with Motor Vehicle In-Transport,1,Motor Vehicle In-Transport (Inside or Outside the Trafficway),0,No,41,Oregon,1,Driver (in this crash) was  Registered Owner,20,Chevrolet,25,20025,Chevrolet Cruze,4,"4-door sedan, hardtop",2012,2012,1G1PC5SH6C73,1G1PC5SH6C73,1,G,1,P,C,5,S,H,6,C,7,3,0,No Trailing Units,0,Not an Articulated Vehicle,0,Not Applicable,000000000,Not Applicable,00000000000,Not Applicable,0,Not Applicable,0,Not Applicable,0,Not Applicable (N/A),1,No,0,Not Applicable,0,Not Applicable,0,Not Applicable,0,Not Applicable,0,Not a Bus,0,No Special Use,0,Not Applicable,998,Not Reported,0,No Underride or Override Noted,0,No Rollover,0,No Rollover,12,12 Clock Point,8,Not Reported,5,Not Towed,8,Pedestrian,0,,0,,0,No or Not Reported,1,Yes,41,Oregon,97007,97007,6,Valid,1,Full Driver License,0,No (CDL),0,No Endorsements required for this vehicle,3,Valid license for this class vehicle,0,No Restrictions or Not Applicable,61,61,107,107 lbs.,0,,0,,0,,0,,0,,0,No Record,0,No Record,0,No Record,0,No Record,0,No,91,"Non-Traffic Violation Charged - manslaughter, homicide or other assault committed without malice.",0,,0,,0,,5,"Two-Way, Not Divided With a Continuous Left-Turn Lane",5,Five lanes,35,35 MPH,1,Straight,1,Level,2,"Blacktop, Bituminous, or Asphalt",1,Dry,0,No Controls,0,No Controls,1,Going Straight,80,Pedestrian in road,1,No Avoidance Maneuver,1,Tracking,4,Departed roadway,13,C13-Single Driver-Forward Impact-Pedestrian/ Animal,0,1,Yes,777777777777,No Trailing Units,777777777777,No Trailing Units,777777777777,No Trailing Units
41,Oregon,410054,1,2,1,01,23,23,3,March,19,7:00pm-7:59pm,54,54,12,Motor Vehicle In-Transport,11,Other,1,Motor Vehicle In-Transport (Inside or Outside the Trafficway),0,No,41,Oregon,1,Driver (in this crash) was  Registered Owner,24,Saturn,1,24001,Saturn SL,4,"4-door sedan, hardtop",2001,2001,1G8ZH528X1Z2,1G8ZH528X1Z2,1,G,8,Z,H,5,2,8,X,1,Z,2,0,No Trailing Units,0,Not an Articulated Vehicle,0,Not Applicable,000000000,Not Applicable,00000000000,Not Applicable,0,Not Applicable,0,Not Applicable,0,Not Applicable (N/A),1,No,0,Not Applicable,0,Not Applicable,0,Not Applicable,0,Not Applicable,0,Not a Bus,0,No Special Use,0,Not Applicable,998,Not Reported,0,No Underride or Override Noted,0,No Rollover,0,No Rollover,11,11 Clock Point,8,Not Reported,2,Towed Due to Disabling Damage,12,Motor Vehicle In-Transport,0,,0,,0,No or Not Reported,1,Yes,41,Oregon,97322,97322,6,Valid,1,Full Driver License,0,No (CDL),0,No Endorsements required for this vehicle,3,Valid license for this class vehicle,1,Restrictions Complied With,63,63,185,185 lbs.,0,,0,,0,,0,,0,,0,No Record,0,No Record,0,No Record,0,No Record,9,Unknown,99,Unknown,99,Unknown,99,Unknown,99,Unknown,3,"Two-Way,  Divided, Positive  Median Barrier",3,Three lanes,65,65 MPH,1,Straight,1,Level,2,"Blacktop, Bituminous, or Asphalt",2,Wet,0,No Controls,0,No Controls,15,Changing Lanes,11,Over the lane line on right side of travel lane,99,Unknown/Not Reported,3,Skidding laterally clockwise rotation,6,Returned to roadway,47,"F47-Same Trafficway, Same Direction-Angle, Sideswipe-Changing Lanes to the Left",1,0,No,777777777777,No Trailing Units,777777777777,No Trailing Units,777777777777,No Trailing Units
41,Oregon,410054,2,2,1,01,23,23,3,March,19,7:00pm-7:59pm,54,54,12,Motor Vehicle In-Transport,11,Other,1,Motor Vehicle In-Transport (Inside or Outside the Trafficway),0,No,93,Multiple State Registration,3,Vehicle Registered as Business/Company/Government Vehicle,84,International Harvester/Navistar,881,84881,International Harvester/Navistar Medium/Heavy - CBE,66,"Truck-tractor (Cab only, or with any number of trailing unit; any weight)",2016,2016,3HSHSENR2GN0,3HSHSENR2GN0,3,H,S,H,S,E,N,R,2,G,N,0,1,One Trailing Unit,1,No,57,US DOT,0661173,0661173,570661173,570661173,3,"26,001 lbs. or more",6,Truck Tractor/Semi-Trailer,1,Van/Enclosed Box,1,No,0,Not Applicable,0,Not Applicable,0,Not Applicable,0,Not Applicable,0,Not a Bus,0,No Special Use,0,Not Applicable,998,Not Reported,0,No Underride or Override Noted,0,No Rollover,0,No Rollover,6,6 Clock Point,8,Not Reported,5,Not Towed,12,Motor Vehicle In-Transport,0,,0,,0,No or Not Reported,1,Yes,41,Oregon,97302,97302,6,Valid,1,Full Driver License,6,Valid,0,No Endorsements required for this vehicle,3,Valid license for this class vehicle,0,No Restrictions or Not Applicable,70,70,165,165 lbs.,1,1,0,,0,,1,1,1,1,7,July,2014,2014,11,November,2014,2014,0,No,0,,0,,0,,0,,3,"Two-Way,  Divided, Positive  Median Barrier",3,Three lanes,65,65 MPH,1,Straight,1,Level,2,"Blacktop, Bituminous, or Asphalt",2,Wet,0,No Controls,0,No Controls,1,Going Straight,61,From adjacent lane (same direction) over right lane line,99,Unknown/Not Reported,1,Tracking,1,Stayed in original travel lane,45,"F45-Same Trafficway, Same Direction-Angle, Sideswipe-Straight Ahead on Left/Right",0,0,No,999999999999,Unknown,777777777777,No Trailing Units,777777777777,No Trailing Units
41,Oregon,410055,1,2,1,01,19,19,3,March,3,3:00am-3:59am,8,8,12,Motor Vehicle In-Transport,2,Front-to-Front,1,Motor Vehicle In-Transport (Inside or Outside the Trafficway),0,No,41,Oregon,1,Driver (in this crash) was  Registered Owner,12,Ford,37,12037,Ford Focus,5,5-door/4-door hatchback,2014,2014,1FADP3K24EL1,1FADP3K24EL1,1,F,A,D,P,3,K,2,4,E,L,1,0,No Trailing Units,0,Not an Articulated Vehicle,0,Not Applicable,000000000,Not Applicable,00000000000,Not Applicable,0,Not Applicable,0,Not Applicable,0,Not Applicable (N/A),1,No,0,Not Applicable,0,Not Applicable,0,Not Applicable,0,Not Applicable,0,Not a Bus,0,No Special Use,0,Not Applicable,998,Not Reported,0,No Underride or Override Noted,0,No Rollover,0,No Rollover,12,12 Clock Point,6,Disabling Damage,2,Towed Due to Disabling Damage,12,Motor Vehicle In-Transport,0,,0,,0,No or Not Reported,1,Yes,41,Oregon,97469,97469,6,Valid,1,Full Driver License,0,No (CDL),0,No Endorsements required for this vehicle,3,Valid license for this class vehicle,0,No Restrictions or Not Applicable,67,67,190,190 lbs.,1,1,0,,0,,0,,2,2,5,May,2012,2012,11,November,2015,2015,3,"Yes, Exceeded Speed Limit",51,Driving on Wrong Side of Two-Way Trafficway (Intentional or Unintentional),0,,0,,0,,3,"Two-Way,  Divided, Positive  Median Barrier",2,Two lanes,65,65 MPH,3,Curve Left,1,Level,2,"Blacktop, Bituminous, or Asphalt",1,Dry,0,No Controls,0,No Controls,14,Negotiating a Curve,54,Traveling in opposite direction,99,Unknown/Not Reported,1,Tracking,3,"Stayed on roadway, not known if left original travel lane",52,"G52-Same Trafficway, Opposite Direction-Head-On-Specifics Other",1,1,Yes,777777777777,No Trailing Units,777777777777,No Trailing Units,777777777777,No Trailing Units
41,Oregon,410055,2,2,1,01,19,19,3,March,3,3:00am-3:59am,8,8,12,Motor Vehicle In-Transport,2,Front-to-Front,1,Motor Vehicle In-Transport (Inside or Outside the Trafficway),0,No,41,Oregon,1,Driver (in this crash) was  Registered Owner,30,Volkswagen,40,30040,Volkswagen Jetta/Jetta SportsWagen,6,Station Wagon (excluding van and truck based),2005,2005,WVWSR61J95W0,WVWSR61J95W0,W,V,W,S,R,6,1,J,9,5,W,0,0,No Trailing Units,0,Not an Articulated Vehicle,0,Not Applicable,000000000,Not Applicable,00000000000,Not Applicable,0,Not Applicable,0,Not Applicable,0,Not Applicable (N/A),1,No,0,Not Applicable,0,Not Applicable,0,Not Applicable,0,Not Applicable,0,Not a Bus,0,No Special Use,0,Not Applicable,998,Not Reported,0,No Underride or Override Noted,0,No Rollover,0,No Rollover,12,12 Clock Point,6,Disabling Damage,2,Towed Due to Disabling Damage,12,Motor Vehicle In-Transport,0,,0,,0,No or Not Reported,1,Yes,53,Washington,98118,98118,6,Valid,1,Full Driver License,0,No (CDL),0,No Endorsements required for this vehicle,3,Valid license for this class vehicle,1,Restrictions Complied With,67,67,188,188 lbs.,0,,2,2,0,,0,,2,2,10,October,2014,2014,11,November,2014,2014,9,Unknown,99,Unknown,99,Unknown,99,Unknown,99,Unknown,3,"Two-Way,  Divided, Positive  Median Barrier",2,Two lanes,65,65 MPH,2,Curve Right,1,Level,2,"Blacktop, Bituminous, or Asphalt",1,Dry,0,No Controls,0,No Controls,14,Negotiating a Curve,54,Traveling in opposite direction,99,Unknown/Not Reported,1,Tracking,1,Stayed in original travel lane,52,"G52-Same Trafficway, Opposite Direction-Head-On-Specifics Other",1,0,No,777777777777,No Trailing Units,777777777777,No Trailing Units,777777777777,No Trailing Units
41,Oregon,410056,1,2,1,01,18,18,3,March,20,8:00pm-8:59pm,20,20,12,Motor Vehicle In-Transport,1,Front-to-Rear,1,Motor Vehicle In-Transport (Inside or Outside the Trafficway),0,No,41,Oregon,2,Driver (in this crash) Not Registered Owner (Other Private Owner Listed),48,Subaru,34,48034,Subaru Legacy/Outback(prior to 2003 only; see 045 for 2003 on),4,"4-door sedan, hardtop",2010,2010,4S3BMBC68A32,4S3BMBC68A32,4,S,3,B,M,B,C,6,8,A,3,2,0,No Trailing Units,0,Not an Articulated Vehicle,0,Not Applicable,000000000,Not Applicable,00000000000,Not Applicable,0,Not Applicable,0,Not Applicable,0,Not Applicable (N/A),1,No,0,Not Applicable,0,Not Applicable,0,Not Applicable,0,Not Applicable,0,Not a Bus,0,No Special Use,0,Not Applicable,998,Not Reported,0,No Underride or Override Noted,0,No Rollover,0,No Rollover,12,12 Clock Point,8,Not Reported,5,Not Towed,12,Motor Vehicle In-Transport,0,,0,,0,No or Not Reported,1,Yes,41,Oregon,97526,97526,6,Valid,1,Full Driver License,0,No (CDL),0,No Endorsements required for this vehicle,3,Valid license for this class vehicle,0,No Restrictions or Not Applicable,68,68,150,150 lbs.,0,,1,1,0,,0,,0,,12,December,2014,2014,12,December,2014,2014,0,No,28,Improper Lane Usage,91,"Non-Traffic Violation Charged - manslaughter, homicide or other assault committed without malice.",0,,0,,3,"Two-Way,  Divided, Positive  Median Barrier",2,Two lanes,65,65 MPH,1,Straight,2,"Grade, Unknown Slope",2,"Blacktop, Bituminous, or Asphalt",2,Wet,0,No Controls,0,No Controls,1,Going Straight,52,Traveling in same direction while decelerating,99,Unknown/Not Reported,1,Tracking,1,Stayed in original travel lane,24,"D24-Same Trafficway, Same Direction-Rear End-Slower",0,1,Yes,777777777777,No Trailing Units,777777777777,No Trailing Units,777777777777,No Trailing Units
41,Oregon,410056,2,2,2,02,18,18,3,March,20,8:00pm-8:59pm,20,20,12,Motor Vehicle In-Transport,1,Front-to-Rear,1,Motor Vehicle In-Transport (Inside or Outside the Trafficway),0,No,41,Oregon,1,Driver (in this crash) was  Registered Owner,30,Volkswagen,40,30040,Volkswagen Jetta/Jetta SportsWagen,4,"4-door sedan, hardtop",2000,2000,3VWSF29M1YM0,3VWSF29M1YM0,3,V,W,S,F,2,9,M,1,Y,M,0,0,No Trailing Units,0,Not an Articulated Vehicle,0,Not Applicable,000000000,Not Applicable,00000000000,Not Applicable,0,Not Applicable,0,Not Applicable,0,Not Applicable (N/A),1,No,0,Not Applicable,0,Not Applicable,0,Not Applicable,0,Not Applicable,0,Not a Bus,0,No Special Use,0,Not Applicable,998,Not Reported,0,No Underride or Override Noted,0,No Rollover,0,No Rollover,6,6 Clock Point,6,Disabling Damage,2,Towed Due to Disabling Damage,12,Motor Vehicle In-Transport,0,,0,,0,No or Not Reported,1,Yes,41,Oregon,97410,97410,6,Valid,1,Full Driver License,0,No (CDL),0,No Endorsements required for this vehicle,3,Valid license for this class vehicle,1,Restrictions Complied With,66,66,135,135 lbs.,0,,0,,0,,0,,0,,0,No Record,0,No Record,0,No Record,0,No Record,0,No,0,,0,,0,,0,,3,"Two-Way,  Divided, Positive  Median Barrier",2,Two lanes,65,65 MPH,1,Straight,2,"Grade, Unknown Slope",2,"Blacktop, Bituminous, or Asphalt",2,Wet,0,No Controls,0,No Controls,1,Going Straight,51,Traveling in same direction with lower steady speed,1,No Avoidance Maneuver,1,Tracking,1,Stayed in original travel lane,25,"D25-Same Trafficway, Same Direction-Rear End-Slower, Going Straight",1,0,No,777777777777,No Trailing Units,777777777777,No Trailing Units,777777777777,No Trailing Units
41,Oregon,410057,1,1,1,01,3,3,4,April,20,8:00pm-8:59pm,18,18,9,Pedalcyclist,0,Not a Collision with Motor Vehicle In-Transport,1,Motor Vehicle In-Transport (Inside or Outside the Trafficway),0,No,93,Multiple State Registration,3,Vehicle Registered as Business/Company/Government Vehicle,87,Peterbilt,884,87884,Peterbilt Medium/Heavy - Unknown engine location,66,"Truck-tractor (Cab only, or with any number of trailing unit; any weight)",2005,2005,1XP5DB9X85D8,1XP5DB9X85D8,1,X,P,5,D,B,9,X,8,5,D,8,1,One Trailing Unit,1,No,57,US DOT,0650848,0650848,570650848,570650848,3,"26,001 lbs. or more",6,Truck Tractor/Semi-Trailer,8,Grain/ Chips/ Gravel,1,No,0,Not Applicable,0,Not Applicable,0,Not Applicable,0,Not Applicable,0,Not a Bus,0,No Special Use,0,Not Applicable,998,Not Reported,0,No Underride or Override Noted,0,No Rollover,0,No Rollover,98,Not Reported,8,Not Reported,5,Not Towed,9,Pedalcyclist,0,,0,,0,No or Not Reported,1,Yes,53,Washington,98857,98857,6,Valid,1,Full Driver License,6,Valid,0,No Endorsements required for this vehicle,3,Valid license for this class vehicle,0,No Restrictions or Not Applicable,74,74,255,255 lbs.,0,,0,,0,,2,2,1,1,3,March,2015,2015,3,March,2017,2017,0,No,48,Making Other Improper Turn,0,,0,,0,,1,"Two-Way, Not Divided",4,Four lanes,25,25 MPH,1,Straight,1,Level,2,"Blacktop, Bituminous, or Asphalt",1,Dry,2,Traffic control signal (on colors) with Pedestrian Signal,3,Device Functioning Properly,10,Turning Right,80,Pedestrian in road,1,No Avoidance Maneuver,1,Tracking,1,Stayed in original travel lane,13,C13-Single Driver-Forward Impact-Pedestrian/ Animal,0,0,No,999999999999,Unknown,777777777777,No Trailing Units,777777777777,No Trailing Units
41,Oregon,410058,1,1,1,01,6,6,4,April,2,2:00am-2:59am,0,0,43,Other Fixed Object,0,Not a Collision with Motor Vehicle In-Transport,1,Motor Vehicle In-Transport (Inside or Outside the Trafficway),0,No,41,Oregon,1,Driver (in this crash) was  Registered Owner,23,GMC,481,23481,"GMC C, K, R, V-series pickup/     Sierra",34,Light Pickup,2006,2006,2GTEK19B6611,2GTEK19B6611,2,G,T,E,K,1,9,B,6,6,1,1,0,No Trailing Units,0,Not an Articulated Vehicle,0,Not Applicable,000000000,Not Applicable,00000000000,Not Applicable,0,Not Applicable,0,Not Applicable,0,Not Applicable (N/A),1,No,0,Not Applicable,0,Not Applicable,0,Not Applicable,0,Not Applicable,0,Not a Bus,0,No Special Use,0,Not Applicable,998,Not Reported,0,No Underride or Override Noted,1,"Rollover, Tripped by Object/Vehicle",5,On Roadside,12,12 Clock Point,6,Disabling Damage,2,Towed Due to Disabling Damage,1,Rollover/Overturn,0,,0,,0,No or Not Reported,1,Yes,41,Oregon,97801,97801,6,Valid,1,Full Driver License,0,No (CDL),0,No Endorsements required for this vehicle,3,Valid license for this class vehicle,0,No Restrictions or Not Applicable,69,69,155,155 lbs.,0,,4,4,1,1,1,1,0,,11,November,2012,2012,11,November,2016,2016,9,Unknown,99,Unknown,99,Unknown,99,Unknown,99,Unknown,1,"Two-Way, Not Divided",2,Two lanes,50,50 MPH,4,Curve - Unknown Direction,2,"Grade, Unknown Slope",2,"Blacktop, Bituminous, or Asphalt",2,Wet,0,No Controls,0,No Controls,14,Negotiating a Curve,12,Off the edge of the road on the left side,99,Unknown/Not Reported,1,Tracking,4,Departed roadway,6,B6-Single Driver-Left Roadside Departure-Drive Off Road,1,1,Yes,777777777777,No Trailing Units,777777777777,No Trailing Units,777777777777,No Trailing Units
41,Oregon,410059,1,2,1,01,19,19,3,March,21,9:00pm-9:59pm,42,42,12,Motor Vehicle In-Transport,6,Angle,1,Motor Vehicle In-Transport (Inside or Outside the Trafficway),0,No,41,Oregon,1,Driver (in this crash) was  Registered Owner,35,Datsun/Nissan,403,35403,Datsun/Nissan Juke,14,"Compact Utility (Utility Vehicle Categories ""Small"" and ""Midsize"")",2012,2012,JN8AF5MV6CT1,JN8AF5MV6CT1,J,N,8,A,F,5,M,V,6,C,T,1,0,No Trailing Units,0,Not an Articulated Vehicle,0,Not Applicable,000000000,Not Applicable,00000000000,Not Applicable,0,Not Applicable,0,Not Applicable,0,Not Applicable (N/A),1,No,0,Not Applicable,0,Not Applicable,0,Not Applicable,0,Not Applicable,0,Not a Bus,0,No Special Use,0,Not Applicable,998,Not Reported,0,No Underride or Override Noted,0,No Rollover,0,No Rollover,61,Left,6,Disabling Damage,2,Towed Due to Disabling Damage,12,Motor Vehicle In-Transport,0,,0,,0,No or Not Reported,1,Yes,41,Oregon,97213,97213,6,Valid,1,Full Driver License,0,No (CDL),0,No Endorsements required for this vehicle,3,Valid license for this class vehicle,0,No Restrictions or Not Applicable,64,64,140,140 lbs.,0,,0,,0,,0,,1,1,12,December,2012,2012,12,December,2012,2012,0,No,48,Making Other Improper Turn,0,,0,,0,,1,"Two-Way, Not Divided",2,Two lanes,30,30 MPH,1,Straight,1,Level,2,"Blacktop, Bituminous, or Asphalt",98,Not Reported,0,No Controls,0,No Controls,12,Making a U-turn,21,Making a U-Turn,99,Unknown/Not Reported,1,Tracking,1,Stayed in original travel lane,98,M98-Other Crash Type,0,0,No,777777777777,No Trailing Units,777777777777,No Trailing Units,777777777777,No Trailing Units
41,Oregon,410059,2,2,1,01,19,19,3,March,21,9:00pm-9:59pm,42,42,12,Motor Vehicle In-Transport,6,Angle,1,Motor Vehicle In-Transport (Inside or Outside the Trafficway),0,No,41,Oregon,1,Driver (in this crash) was  Registered Owner,53,Suzuki,706,53706,Suzuki 750cc-over,80,Two Wheel Motorcycle (excluding motor scooters),1998,1998,JS1GV75A6W21,JS1GV75A6W21,J,S,1,G,V,7,5,A,6,W,2,1,0,No Trailing Units,0,Not an Articulated Vehicle,0,Not Applicable,000000000,Not Applicable,00000000000,Not Applicable,0,Not Applicable,0,Not Applicable,0,Not Applicable (N/A),1,No,0,Not Applicable,0,Not Applicable,0,Not Applicable,0,Not Applicable,0,Not a Bus,0,No Special Use,0,Not Applicable,998,Not Reported,0,No Underride or Override Noted,0,No Rollover,0,No Rollover,12,12 Clock Point,6,Disabling Damage,2,Towed Due to Disabling Damage,12,Motor Vehicle In-Transport,0,,0,,0,No or Not Reported,1,Yes,41,Oregon,97213,97213,6,Valid,1,Full Driver License,0,No (CDL),0,No Endorsements required for this vehicle,3,Valid license for this class vehicle,0,No Restrictions or Not Applicable,72,72,230,230 lbs.,0,,0,,0,,2,2,1,1,6,June,2012,2012,6,June,2015,2015,4,"Yes, Too Fast for Conditions",99,Unknown,99,Unknown,99,Unknown,99,Unknown,1,"Two-Way, Not Divided",2,Two lanes,30,30 MPH,1,Straight,1,Level,2,"Blacktop, Bituminous, or Asphalt",98,Not Reported,0,No Controls,0,No Controls,1,Going Straight,61,From adjacent lane (same direction) over right lane line,16,Braking,1,Tracking,1,Stayed in original travel lane,98,M98-Other Crash Type,1,1,Yes,777777777777,No Trailing Units,777777777777,No Trailing Units,777777777777,No Trailing Units
41,Oregon,410060,1,5,1,01,22,22,3,March,9,9:00am-9:59am,55,55,12,Motor Vehicle In-Transport,2,Front-to-Front,1,Motor Vehicle In-Transport (Inside or Outside the Trafficway),0,No,41,Oregon,2,Driver (in this crash) Not Registered Owner (Other Private Owner Listed),12,Ford,471,12471,Ford Ranger,34,Light Pickup,2004,2004,1FTYR14E14PA,1FTYR14E14PA,1,F,T,Y,R,1,4,E,1,4,P,A,0,No Trailing Units,0,Not an Articulated Vehicle,0,Not Applicable,000000000,Not Applicable,00000000000,Not Applicable,0,Not Applicable,0,Not Applicable,0,Not Applicable (N/A),1,No,0,Not Applicable,0,Not Applicable,0,Not Applicable,0,Not Applicable,0,Not a Bus,0,No Special Use,0,Not Applicable,998,Not Reported,0,No Underride or Override Noted,0,No Rollover,0,No Rollover,12,12 Clock Point,6,Disabling Damage,2,Towed Due to Disabling Damage,12,Motor Vehicle In-Transport,0,,0,,0,No or Not Reported,1,Yes,41,Oregon,97056,97056,6,Valid,1,Full Driver License,0,No (CDL),0,No Endorsements required for this vehicle,3,Valid license for this class vehicle,0,No Restrictions or Not Applicable,71,71,140,140 lbs.,0,,0,,0,,0,,0,,0,No Record,0,No Record,0,No Record,0,No Record,9,Unknown,28,Improper Lane Usage,0,,0,,0,,5,"Two-Way, Not Divided With a Continuous Left-Turn Lane",5,Five lanes,55,55 MPH,3,Curve Left,2,"Grade, Unknown Slope",2,"Blacktop, Bituminous, or Asphalt",2,Wet,0,No Controls,0,No Controls,14,Negotiating a Curve,10,Over the lane line on left side of travel lane,99,Unknown/Not Reported,1,Tracking,2,"Stayed on roadway, but left original travel lane",50,"G50-Same Trafficway, Opposite Direction-Head-On-Lateral Move (Left/Right)",1,0,No,777777777777,No Trailing Units,777777777777,No Trailing Units,777777777777,No Trailing Units
41,Oregon,410060,2,5,1,01,22,22,3,March,9,9:00am-9:59am,55,55,12,Motor Vehicle In-Transport,2,Front-to-Front,1,Motor Vehicle In-Transport (Inside or Outside the Trafficway),0,No,53,Washington,1,Driver (in this crash) was  Registered Owner,49,Toyota,40,49040,Toyota Camry,4,"4-door sedan, hardtop",2012,2012,4T1BD1FK5CU0,4T1BD1FK5CU0,4,T,1,B,D,1,F,K,5,C,U,0,0,No Trailing Units,0,Not an Articulated Vehicle,0,Not Applicable,000000000,Not Applicable,00000000000,Not Applicable,0,Not Applicable,0,Not Applicable,0,Not Applicable (N/A),1,No,0,Not Applicable,0,Not Applicable,0,Not Applicable,0,Not Applicable,0,Not a Bus,0,No Special Use,0,Not Applicable,998,Not Reported,0,No Underride or Override Noted,0,No Rollover,0,No Rollover,12,12 Clock Point,6,Disabling Damage,2,Towed Due to Disabling Damage,12,Motor Vehicle In-Transport,0,,0,,0,No or Not Reported,1,Yes,53,Washington,98683,98683,6,Valid,1,Full Driver License,0,No (CDL),0,No Endorsements required for this vehicle,3,Valid license for this class vehicle,0,No Restrictions or Not Applicable,73,73,160,160 lbs.,0,,0,,0,,0,,2,2,7,July,2014,2014,1,January,2016,2016,0,No,0,,0,,0,,0,,5,"Two-Way, Not Divided With a Continuous Left-Turn Lane",5,Five lanes,55,55 MPH,2,Curve Right,2,"Grade, Unknown Slope",2,"Blacktop, Bituminous, or Asphalt",2,Wet,0,No Controls,0,No Controls,14,Negotiating a Curve,62,From opposite direction  over left lane line,99,Unknown/Not Reported,1,Tracking,1,Stayed in original travel lane,51,"G51-Same Trafficway, Opposite Direction-Head-On-Lateral Move (Going Straight)",0,0,No,777777777777,No Trailing Units,777777777777,No Trailing Units,777777777777,No Trailing Units
41,Oregon,410060,3,5,1,01,22,22,3,March,9,9:00am-9:59am,55,55,12,Motor Vehicle In-Transport,2,Front-to-Front,1,Motor Vehicle In-Transport (Inside or Outside the Trafficway),0,No,41,Oregon,3,Vehicle Registered as Business/Company/Government Vehicle,85,Kenworth,881,85881,Kenworth Medium/Heavy - CBE,63,"Single-unit straight truck or Cab-Chassis (GVWR > 26,000 lbs.)",2007,2007,1NKDXBEX17R1,1NKDXBEX17R1,1,N,K,D,X,B,E,X,1,7,R,1,0,No Trailing Units,0,Not an Articulated Vehicle,57,US DOT,2546286,2546286,572546286,572546286,3,"26,001 lbs. or more",2,Single-Unit Truck (3 or more axles),4,Dump,1,No,0,Not Applicable,0,Not Applicable,0,Not Applicable,0,Not Applicable,0,Not a Bus,0,No Special Use,0,Not Applicable,998,Not Reported,0,No Underride or Override Noted,0,No Rollover,0,No Rollover,9,9 Clock Point,8,Not Reported,5,Not Towed,12,Motor Vehicle In-Transport,0,,0,,0,No or Not Reported,1,Yes,41,Oregon,97220,97220,6,Valid,1,Full Driver License,6,Valid,0,No Endorsements required for this vehicle,3,Valid license for this class vehicle,1,Restrictions Complied With,75,75,240,240 lbs.,0,,0,,0,,0,,0,,0,No Record,0,No Record,0,No Record,0,No Record,0,No,0,,0,,0,,0,,5,"Two-Way, Not Divided With a Continuous Left-Turn Lane",5,Five lanes,55,55 MPH,3,Curve Left,2,"Grade, Unknown Slope",2,"Blacktop, Bituminous, or Asphalt",2,Wet,0,No Controls,0,No Controls,14,Negotiating a Curve,62,From opposite direction  over left lane line,99,Unknown/Not Reported,1,Tracking,1,Stayed in original travel lane,98,M98-Other Crash Type,0,0,No,777777777777,No Trailing Units,777777777777,No Trailing Units,777777777777,No Trailing Units
41,Oregon,410060,4,5,1,01,22,22,3,March,9,9:00am-9:59am,55,55,12,Motor Vehicle In-Transport,2,Front-to-Front,1,Motor Vehicle In-Transport (Inside or Outside the Trafficway),0,No,41,Oregon,1,Driver (in this crash) was  Registered Owner,37,Honda,39,37039,Honda Fit,5,5-door/4-door hatchback,2010,2010,JHMGE8H26AC0,JHMGE8H26AC0,J,H,M,G,E,8,H,2,6,A,C,0,0,No Trailing Units,0,Not an Articulated Vehicle,0,Not Applicable,000000000,Not Applicable,00000000000,Not Applicable,0,Not Applicable,0,Not Applicable,0,Not Applicable (N/A),1,No,0,Not Applicable,0,Not Applicable,0,Not Applicable,0,Not Applicable,0,Not a Bus,0,No Special Use,0,Not Applicable,998,Not Reported,0,No Underride or Override Noted,0,No Rollover,0,No Rollover,12,12 Clock Point,6,Disabling Damage,2,Towed Due to Disabling Damage,12,Motor Vehicle In-Transport,0,,0,,0,No or Not Reported,1,Yes,41,Oregon,97056,97056,6,Valid,1,Full Driver License,0,No (CDL),0,No Endorsements required for this vehicle,3,Valid license for this class vehicle,1,Restrictions Complied With,67,67,230,230 lbs.,0,,0,,0,,0,,0,,0,No Record,0,No Record,0,No Record,0,No Record,0,No,0,,0,,0,,0,,5,"Two-Way, Not Divided With a Continuous Left-Turn Lane",5,Five lanes,55,55 MPH,3,Curve Left,2,"Grade, Unknown Slope",2,"Blacktop, Bituminous, or Asphalt",2,Wet,0,No Controls,0,No Controls,14,Negotiating a Curve,62,From opposite direction  over left lane line,99,Unknown/Not Reported,1,Tracking,1,Stayed in original travel lane,98,M98-Other Crash Type,0,0,No,777777777777,No Trailing Units,777777777777,No Trailing Units,777777777777,No Trailing Units
41,Oregon,410060,5,5,1,01,22,22,3,March,9,9:00am-9:59am,55,55,12,Motor Vehicle In-Transport,2,Front-to-Front,1,Motor Vehicle In-Transport (Inside or Outside the Trafficway),0,No,53,Washington,2,Driver (in this crash) Not Registered Owner (Other Private Owner Listed),23,GMC,461,23461,GMC G-series van/Savana,21,"Large Van-Includes van-based buses (B150-B350, Sportsman, Royal Maxiwagon, Ram, Tradesman,...)",2003,2003,1GTGG25U3312,1GTGG25U3312,1,G,T,G,G,2,5,U,3,3,1,2,0,No Trailing Units,0,Not an Articulated Vehicle,0,Not Applicable,000000000,Not Applicable,00000000000,Not Applicable,0,Not Applicable,0,Not Applicable,0,Not Applicable (N/A),1,No,0,Not Applicable,0,Not Applicable,0,Not Applicable,0,Not Applicable,0,Not a Bus,0,No Special Use,0,Not Applicable,998,Not Reported,0,No Underride or Override Noted,0,No Rollover,0,No Rollover,12,12 Clock Point,6,Disabling Damage,2,Towed Due to Disabling Damage,12,Motor Vehicle In-Transport,0,,0,,0,No or Not Reported,1,Yes,53,Washington,98607,98607,6,Valid,1,Full Driver License,0,No (CDL),0,No Endorsements required for this vehicle,3,Valid license for this class vehicle,0,No Restrictions or Not Applicable,73,73,160,160 lbs.,0,,0,,0,,0,,2,2,7,July,2014,2014,1,January,2016,2016,0,No,0,,0,,0,,0,,5,"Two-Way, Not Divided With a Continuous Left-Turn Lane",5,Five lanes,55,55 MPH,3,Curve Left,2,"Grade, Unknown Slope",2,"Blacktop, Bituminous, or Asphalt",2,Wet,0,No Controls,0,No Controls,14,Negotiating a Curve,62,From opposite direction  over left lane line,99,Unknown/Not Reported,1,Tracking,1,Stayed in original travel lane,98,M98-Other Crash Type,0,0,No,777777777777,No Trailing Units,777777777777,No Trailing Units,777777777777,No Trailing Units
41,Oregon,410061,1,1,1,01,14,14,3,March,6,6:00am-6:59am,58,58,8,Pedestrian,0,Not a Collision with Motor Vehicle In-Transport,1,Motor Vehicle In-Transport (Inside or Outside the Trafficway),0,No,41,Oregon,1,Driver (in this crash) was  Registered Owner,48,Subaru,34,48034,Subaru Legacy/Outback(prior to 2003 only; see 045 for 2003 on),4,"4-door sedan, hardtop",2011,2011,4S3BMBH63B32,4S3BMBH63B32,4,S,3,B,M,B,H,6,3,B,3,2,0,No Trailing Units,0,Not an Articulated Vehicle,0,Not Applicable,000000000,Not Applicable,00000000000,Not Applicable,0,Not Applicable,0,Not Applicable,0,Not Applicable (N/A),1,No,0,Not Applicable,0,Not Applicable,0,Not Applicable,0,Not Applicable,0,Not a Bus,0,No Special Use,0,Not Applicable,998,Not Reported,0,No Underride or Override Noted,0,No Rollover,0,No Rollover,12,12 Clock Point,8,Not Reported,2,Towed Due to Disabling Damage,8,Pedestrian,0,,0,,0,No or Not Reported,1,Yes,41,Oregon,97138,97138,6,Valid,1,Full Driver License,0,No (CDL),0,No Endorsements required for this vehicle,3,Valid license for this class vehicle,0,No Restrictions or Not Applicable,65,65,145,145 lbs.,0,,0,,0,,0,,0,,0,No Record,0,No Record,0,No Record,0,No Record,0,No,0,,0,,0,,0,,1,"Two-Way, Not Divided",2,Two lanes,55,55 MPH,1,Straight,1,Level,2,"Blacktop, Bituminous, or Asphalt",2,Wet,0,No Controls,0,No Controls,1,Going Straight,80,Pedestrian in road,1,No Avoidance Maneuver,1,Tracking,1,Stayed in original travel lane,13,C13-Single Driver-Forward Impact-Pedestrian/ Animal,0,0,No,777777777777,No Trailing Units,777777777777,No Trailing Units,777777777777,No Trailing Units
41,Oregon,410062,1,2,1,01,24,24,3,March,13,1:00pm-1:59pm,40,40,12,Motor Vehicle In-Transport,2,Front-to-Front,1,Motor Vehicle In-Transport (Inside or Outside the Trafficway),0,No,41,Oregon,1,Driver (in this crash) was  Registered Owner,49,Toyota,402,49402,Toyota RAV4 *,14,"Compact Utility (Utility Vehicle Categories ""Small"" and ""Midsize"")",2010,2010,2T3BK4DV0AW0,2T3BK4DV0AW0,2,T,3,B,K,4,D,V,0,A,W,0,0,No Trailing Units,0,Not an Articulated Vehicle,0,Not Applicable,000000000,Not Applicable,00000000000,Not Applicable,0,Not Applicable,0,Not Applicable,0,Not Applicable (N/A),1,No,0,Not Applicable,0,Not Applicable,0,Not Applicable,0,Not Applicable,0,Not a Bus,0,No Special Use,0,Not Applicable,998,Not Reported,0,No Underride or Override Noted,0,No Rollover,0,No Rollover,12,12 Clock Point,6,Disabling Damage,2,Towed Due to Disabling Damage,12,Motor Vehicle In-Transport,0,,0,,0,No or Not Reported,1,Yes,41,Oregon,97873,97873,6,Valid,1,Full Driver License,0,No (CDL),0,No Endorsements required for this vehicle,3,Valid license for this class vehicle,1,Restrictions Complied With,62,62,165,165 lbs.,0,,0,,0,,0,,0,,0,No Record,0,No Record,0,No Record,0,No Record,0,No,38,Failure to Yield Right-of-Way,0,,0,,0,,1,"Two-Way, Not Divided",2,Two lanes,55,55 MPH,1,Straight,1,Level,2,"Blacktop, Bituminous, or Asphalt",1,Dry,0,No Controls,0,No Controls,11,Turning Left,15,Turning Left,99,Unknown/Not Reported,1,Tracking,1,Stayed in original travel lane,82,K82-Trafficway Vehicle Turning-Turn Into Path-Turn Into Opposite Directions (Turning Left),0,0,No,777777777777,No Trailing Units,777777777777,No Trailing Units,777777777777,No Trailing Units
41,Oregon,410062,2,2,3,03,24,24,3,March,13,1:00pm-1:59pm,40,40,12,Motor Vehicle In-Transport,2,Front-to-Front,1,Motor Vehicle In-Transport (Inside or Outside the Trafficway),0,No,41,Oregon,2,Driver (in this crash) Not Registered Owner (Other Private Owner Listed),35,Datsun/Nissan,47,35047,Datsun/Nissan Altima,4,"4-door sedan, hardtop",2005,2005,1N4BL11D15N4,1N4BL11D15N4,1,N,4,B,L,1,1,D,1,5,N,4,0,No Trailing Units,0,Not an Articulated Vehicle,0,Not Applicable,000000000,Not Applicable,00000000000,Not Applicable,0,Not Applicable,0,Not Applicable,0,Not Applicable (N/A),1,No,0,Not Applicable,0,Not Applicable,0,Not Applicable,0,Not Applicable,0,Not a Bus,0,No Special Use,0,Not Applicable,998,Not Reported,0,No Underride or Override Noted,0,No Rollover,0,No Rollover,12,12 Clock Point,6,Disabling Damage,2,Towed Due to Disabling Damage,12,Motor Vehicle In-Transport,0,,0,,0,No or Not Reported,1,Yes,41,Oregon,97499,97499,6,Valid,1,Full Driver License,0,No (CDL),0,No Endorsements required for this vehicle,3,Valid license for this class vehicle,1,Restrictions Complied With,60,60,125,125 lbs.,0,,0,,0,,0,,0,,0,No Record,0,No Record,0,No Record,0,No Record,0,No,0,,0,,0,,0,,1,"Two-Way, Not Divided",2,Two lanes,55,55 MPH,1,Straight,1,Level,2,"Blacktop, Bituminous, or Asphalt",1,Dry,0,No Controls,0,No Controls,1,Going Straight,72,"From driveway, turning into opposite direction",99,Unknown/Not Reported,1,Tracking,1,Stayed in original travel lane,83,K83-Trafficway Vehicle Turning-Turn Into Path-Turn Into Opposite Directions (Going Straight),1,0,No,777777777777,No Trailing Units,777777777777,No Trailing Units,777777777777,No Trailing Units
41,Oregon,410063,1,3,1,01,28,28,3,March,13,1:00pm-1:59pm,14,14,12,Motor Vehicle In-Transport,6,Angle,1,Motor Vehicle In-Transport (Inside or Outside the Trafficway),0,No,38,North Dakota,1,Driver (in this crash) was  Registered Owner,12,Ford,401,12401,Ford Bronco (thru 1977)/Bronco II/Explorer/Explorer Sport,14,"Compact Utility (Utility Vehicle Categories ""Small"" and ""Midsize"")",2008,2008,1FMEU74E08UA,1FMEU74E08UA,1,F,M,E,U,7,4,E,0,8,U,A,0,No Trailing Units,0,Not an Articulated Vehicle,0,Not Applicable,000000000,Not Applicable,00000000000,Not Applicable,0,Not Applicable,0,Not Applicable,0,Not Applicable (N/A),1,No,0,Not Applicable,0,Not Applicable,0,Not Applicable,0,Not Applicable,0,Not a Bus,0,No Special Use,0,Not Applicable,998,Not Reported,0,No Underride or Override Noted,0,No Rollover,0,No Rollover,12,12 Clock Point,6,Disabling Damage,2,Towed Due to Disabling Damage,12,Motor Vehicle In-Transport,0,,0,,0,No or Not Reported,1,Yes,38,North Dakota,58503,58503,6,Valid,1,Full Driver License,0,No (CDL),0,No Endorsements required for this vehicle,3,Valid license for this class vehicle,0,No Restrictions or Not Applicable,65,65,140,140 lbs.,0,,0,,0,,2,2,2,2,11,November,2014,2014,12,December,2016,2016,9,Unknown,28,Improper Lane Usage,0,,0,,0,,1,"Two-Way, Not Divided",2,Two lanes,55,55 MPH,1,Straight,2,"Grade, Unknown Slope",2,"Blacktop, Bituminous, or Asphalt",1,Dry,0,No Controls,0,No Controls,1,Going Straight,10,Over the lane line on left side of travel lane,99,Unknown/Not Reported,1,Tracking,2,"Stayed on roadway, but left original travel lane",64,"I64-Same Trafficway, Opposite Direction-Angle, Sideswipe-Lateral Move (Left/Right)",1,0,No,777777777777,No Trailing Units,777777777777,No Trailing Units,777777777777,No Trailing Units
41,Oregon,410063,2,3,1,01,28,28,3,March,13,1:00pm-1:59pm,14,14,12,Motor Vehicle In-Transport,6,Angle,1,Motor Vehicle In-Transport (Inside or Outside the Trafficway),0,No,93,Multiple State Registration,3,Vehicle Registered as Business/Company/Government Vehicle,82,Freightliner,881,82881,Freightliner Medium/Heavy - CBE,66,"Truck-tractor (Cab only, or with any number of trailing unit; any weight)",2016,2016,3AKJGLD56GSG,3AKJGLD56GSG,3,A,K,J,G,L,D,5,6,G,S,G,1,One Trailing Unit,1,No,57,US DOT,1555129,1555129,571555129,571555129,3,"26,001 lbs. or more",6,Truck Tractor/Semi-Trailer,1,Van/Enclosed Box,1,No,0,Not Applicable,0,Not Applicable,0,Not Applicable,0,Not Applicable,0,Not a Bus,0,No Special Use,0,Not Applicable,998,Not Reported,0,No Underride or Override Noted,0,No Rollover,0,No Rollover,61,Left,8,Not Reported,2,Towed Due to Disabling Damage,12,Motor Vehicle In-Transport,0,,0,,0,No or Not Reported,1,Yes,53,Washington,98662,98662,6,Valid,1,Full Driver License,6,Valid,0,No Endorsements required for this vehicle,3,Valid license for this class vehicle,0,No Restrictions or Not Applicable,64,64,190,190 lbs.,0,,0,,0,,2,2,0,,5,May,2014,2014,3,March,2015,2015,0,No,0,,0,,0,,0,,1,"Two-Way, Not Divided",2,Two lanes,55,55 MPH,1,Straight,2,"Grade, Unknown Slope",2,"Blacktop, Bituminous, or Asphalt",1,Dry,0,No Controls,0,No Controls,1,Going Straight,62,From opposite direction  over left lane line,99,Unknown/Not Reported,1,Tracking,1,Stayed in original travel lane,65,"I65-Same Trafficway, Opposite Direction-Angle, Sideswipe-Lateral Move (Going Straight)",0,0,No,3H3V532CXHT0,3H3V532CXHT0,777777777777,No Trailing Units,777777777777,No Trailing Units
41,Oregon,410063,3,3,1,01,28,28,3,March,13,1:00pm-1:59pm,14,14,12,Motor Vehicle In-Transport,6,Angle,1,Motor Vehicle In-Transport (Inside or Outside the Trafficway),0,No,93,Multiple State Registration,3,Vehicle Registered as Business/Company/Government Vehicle,85,Kenworth,884,85884,Kenworth Medium/Heavy - Unknown engine location,66,"Truck-tractor (Cab only, or with any number of trailing unit; any weight)",2001,2001,1XKWDB9XX1J8,1XKWDB9XX1J8,1,X,K,W,D,B,9,X,X,1,J,8,1,One Trailing Unit,1,No,57,US DOT,1457862,1457862,571457862,571457862,3,"26,001 lbs. or more",6,Truck Tractor/Semi-Trailer,1,Van/Enclosed Box,1,No,0,Not Applicable,0,Not Applicable,0,Not Applicable,0,Not Applicable,0,Not a Bus,0,No Special Use,0,Not Applicable,998,Not Reported,0,No Underride or Override Noted,0,No Rollover,0,No Rollover,11,11 Clock Point,9,Unknown,5,Not Towed,12,Motor Vehicle In-Transport,0,,0,,0,No or Not Reported,1,Yes,53,Washington,99301,99301,6,Valid,1,Full Driver License,6,Valid,0,No Endorsements required for this vehicle,3,Valid license for this class vehicle,0,No Restrictions or Not Applicable,69,69,200,200 lbs.,0,,0,,0,,0,,0,,0,No Record,0,No Record,0,No Record,0,No Record,0,No,0,,0,,0,,0,,1,"Two-Way, Not Divided",2,Two lanes,55,55 MPH,1,Straight,2,"Grade, Unknown Slope",2,"Blacktop, Bituminous, or Asphalt",1,Dry,0,No Controls,0,No Controls,1,Going Straight,62,From opposite direction  over left lane line,99,Unknown/Not Reported,1,Tracking,1,Stayed in original travel lane,98,M98-Other Crash Type,0,0,No,1UYVS2535CU2,1UYVS2535CU2,777777777777,No Trailing Units,777777777777,No Trailing Units
41,Oregon,410064,1,1,1,01,25,25,3,March,19,7:00pm-7:59pm,15,15,34,Ditch,0,Not a Collision with Motor Vehicle In-Transport,1,Motor Vehicle In-Transport (Inside or Outside the Trafficway),0,No,41,Oregon,2,Driver (in this crash) Not Registered Owner (Other Private Owner Listed),20,Chevrolet,2,20002,"Chevrolet Impala/Caprice (For SS from 2014 on, use 20-021.)",4,"4-door sedan, hardtop",2007,2007,2G1WD58C7793,2G1WD58C7793,2,G,1,W,D,5,8,C,7,7,9,3,0,No Trailing Units,0,Not an Articulated Vehicle,0,Not Applicable,000000000,Not Applicable,00000000000,Not Applicable,0,Not Applicable,0,Not Applicable,0,Not Applicable (N/A),1,No,0,Not Applicable,0,Not Applicable,0,Not Applicable,0,Not Applicable,0,Not a Bus,0,No Special Use,0,Not Applicable,998,Not Reported,0,No Underride or Override Noted,1,"Rollover, Tripped by Object/Vehicle",5,On Roadside,98,Not Reported,6,Disabling Damage,2,Towed Due to Disabling Damage,1,Rollover/Overturn,0,,0,,0,No or Not Reported,1,Yes,41,Oregon,97071,97071,6,Valid,1,Full Driver License,0,No (CDL),0,No Endorsements required for this vehicle,3,Valid license for this class vehicle,1,Restrictions Complied With,74,74,175,175 lbs.,0,,0,,0,,0,,0,,0,No Record,0,No Record,0,No Record,0,No Record,5,"Yes, Specifics Unknown",99,Unknown,99,Unknown,99,Unknown,99,Unknown,1,"Two-Way, Not Divided",2,Two lanes,55,55 MPH,1,Straight,1,Level,2,"Blacktop, Bituminous, or Asphalt",1,Dry,0,No Controls,0,No Controls,1,Going Straight,19,Unknown travel direction,99,Unknown/Not Reported,1,Tracking,4,Departed roadway,99,M99-Unknown,1,1,Yes,777777777777,No Trailing Units,777777777777,No Trailing Units,777777777777,No Trailing Units
41,Oregon,410065,1,2,1,01,5,5,4,April,9,9:00am-9:59am,10,10,12,Motor Vehicle In-Transport,6,Angle,1,Motor Vehicle In-Transport (Inside or Outside the Trafficway),0,No,41,Oregon,1,Driver (in this crash) was  Registered Owner,72,Harley-Davidson,706,72706,Harley-Davidson 750cc or greater,80,Two Wheel Motorcycle (excluding motor scooters),2004,2004,1HD1GDV164K3,1HD1GDV164K3,1,H,D,1,G,D,V,1,6,4,K,3,0,No Trailing Units,0,Not an Articulated Vehicle,0,Not Applicable,000000000,Not Applicable,00000000000,Not Applicable,0,Not Applicable,0,Not Applicable,0,Not Applicable (N/A),1,No,0,Not Applicable,0,Not Applicable,0,Not Applicable,0,Not Applicable,0,Not a Bus,0,No Special Use,0,Not Applicable,998,Not Reported,0,No Underride or Override Noted,0,No Rollover,0,No Rollover,12,12 Clock Point,9,Unknown,2,Towed Due to Disabling Damage,12,Motor Vehicle In-Transport,0,,0,,0,No or Not Reported,1,Yes,41,Oregon,97080,97080,6,Valid,1,Full Driver License,0,No (CDL),0,No Endorsements required for this vehicle,3,Valid license for this class vehicle,0,No Restrictions or Not Applicable,70,70,190,190 lbs.,2,2,0,,0,,0,,0,,9,September,2016,2016,12,December,2016,2016,0,No,0,,0,,0,,0,,1,"Two-Way, Not Divided",2,Two lanes,65,65 MPH,1,Straight,1,Level,2,"Blacktop, Bituminous, or Asphalt",1,Dry,0,No Controls,0,No Controls,1,Going Straight,17,Crossing over (passing through) Junction,99,Unknown/Not Reported,1,Tracking,1,Stayed in original travel lane,69,J69-Trafficway Vehicle Turning-Turn Across Path-Initial Opposite Directions (Going Straight),1,0,No,777777777777,No Trailing Units,777777777777,No Trailing Units,777777777777,No Trailing Units
41,Oregon,410065,2,2,1,01,5,5,4,April,9,9:00am-9:59am,10,10,12,Motor Vehicle In-Transport,6,Angle,1,Motor Vehicle In-Transport (Inside or Outside the Trafficway),0,No,93,Multiple State Registration,3,Vehicle Registered as Business/Company/Government Vehicle,87,Peterbilt,884,87884,Peterbilt Medium/Heavy - Unknown engine location,66,"Truck-tractor (Cab only, or with any number of trailing unit; any weight)",2008,2008,1XPWDB9X68D7,1XPWDB9X68D7,1,X,P,W,D,B,9,X,6,8,D,7,1,One Trailing Unit,1,No,57,US DOT,2475511,2475511,572475511,572475511,3,"26,001 lbs. or more",6,Truck Tractor/Semi-Trailer,1,Van/Enclosed Box,1,No,0,Not Applicable,0,Not Applicable,0,Not Applicable,0,Not Applicable,0,Not a Bus,0,No Special Use,0,Not Applicable,998,Not Reported,0,No Underride or Override Noted,0,No Rollover,0,No Rollover,3,3 Clock Point,8,Not Reported,5,Not Towed,12,Motor Vehicle In-Transport,0,,0,,0,No or Not Reported,1,Yes,41,Oregon,97701,97701,6,Valid,1,Full Driver License,6,Valid,0,No Endorsements required for this vehicle,3,Valid license for this class vehicle,0,No Restrictions or Not Applicable,73,73,190,190 lbs.,0,,0,,0,,0,,0,,0,No Record,0,No Record,0,No Record,0,No Record,0,No,38,Failure to Yield Right-of-Way,0,,0,,0,,1,"Two-Way, Not Divided",2,Two lanes,65,65 MPH,1,Straight,1,Level,2,"Blacktop, Bituminous, or Asphalt",1,Dry,0,No Controls,0,No Controls,11,Turning Left,15,Turning Left,99,Unknown/Not Reported,1,Tracking,1,Stayed in original travel lane,68,J68-Trafficway Vehicle Turning-Turn Across Path-Initial Opposite Directions (Left/Right),0,0,No,13N2532C6C15,13N2532C6C15,777777777777,No Trailing Units,777777777777,No Trailing Units
41,Oregon,410066,1,1,2,02,6,6,4,April,3,3:00am-3:59am,30,30,58,Ground,0,Not a Collision with Motor Vehicle In-Transport,1,Motor Vehicle In-Transport (Inside or Outside the Trafficway),0,No,41,Oregon,2,Driver (in this crash) Not Registered Owner (Other Private Owner Listed),12,Ford,3,12003,Ford Mustang/Mustang II,2,"2-door sedan,hardtop,coupe",1999,1999,1FAFP4045XF1,1FAFP4045XF1,1,F,A,F,P,4,0,4,5,X,F,1,0,No Trailing Units,0,Not an Articulated Vehicle,0,Not Applicable,000000000,Not Applicable,00000000000,Not Applicable,0,Not Applicable,0,Not Applicable,0,Not Applicable (N/A),1,No,0,Not Applicable,0,Not Applicable,0,Not Applicable,0,Not Applicable,0,Not a Bus,0,No Special Use,0,Not Applicable,998,Not Reported,0,No Underride or Override Noted,0,No Rollover,0,No Rollover,81,Right,6,Disabling Damage,2,Towed Due to Disabling Damage,58,Ground,0,,0,,0,No or Not Reported,1,Yes,41,Oregon,97454,97454,6,Valid,1,Full Driver License,0,No (CDL),0,No Endorsements required for this vehicle,3,Valid license for this class vehicle,0,No Restrictions or Not Applicable,76,76,250,250 lbs.,0,,0,,0,,0,,0,,0,No Record,0,No Record,0,No Record,0,No Record,0,No,0,,0,,0,,0,,1,"Two-Way, Not Divided",2,Two lanes,55,55 MPH,3,Curve Left,1,Level,2,"Blacktop, Bituminous, or Asphalt",2,Wet,0,No Controls,0,No Controls,14,Negotiating a Curve,12,Off the edge of the road on the left side,99,Unknown/Not Reported,1,Tracking,4,Departed roadway,6,B6-Single Driver-Left Roadside Departure-Drive Off Road,1,1,Yes,777777777777,No Trailing Units,777777777777,No Trailing Units,777777777777,No Trailing Units
41,Oregon,410067,1,1,2,02,7,7,4,April,14,2:00pm-2:59pm,33,33,43,Other Fixed Object,0,Not a Collision with Motor Vehicle In-Transport,1,Motor Vehicle In-Transport (Inside or Outside the Trafficway),0,No,32,Nevada,4,Vehicle Registered as Rental Vehicle,12,Ford,37,12037,Ford Focus,4,"4-door sedan, hardtop",2016,2016,1FADP3F28GL3,1FADP3F28GL3,1,F,A,D,P,3,F,2,8,G,L,3,0,No Trailing Units,0,Not an Articulated Vehicle,0,Not Applicable,000000000,Not Applicable,00000000000,Not Applicable,0,Not Applicable,0,Not Applicable,0,Not Applicable (N/A),1,No,0,Not Applicable,0,Not Applicable,0,Not Applicable,0,Not Applicable,0,Not a Bus,0,No Special Use,0,Not Applicable,998,Not Reported,0,No Underride or Override Noted,0,No Rollover,0,No Rollover,9,9 Clock Point,6,Disabling Damage,2,Towed Due to Disabling Damage,43,Other Fixed Object,0,,0,,0,No or Not Reported,1,Yes,53,Washington,98444,98444,6,Valid,1,Full Driver License,0,No (CDL),0,No Endorsements required for this vehicle,3,Valid license for this class vehicle,0,No Restrictions or Not Applicable,66,66,200,200 lbs.,1,1,0,,0,,0,,2,2,11,November,2013,2013,1,January,2016,2016,4,"Yes, Too Fast for Conditions",0,,0,,0,,0,,1,"Two-Way, Not Divided",2,Two lanes,55,55 MPH,1,Straight,2,"Grade, Unknown Slope",2,"Blacktop, Bituminous, or Asphalt",2,Wet,0,No Controls,0,No Controls,6,Passing or Overtaking Another Vehicle,6,Traveling too fast for conditions,99,Unknown/Not Reported,4,Skidding laterally counterclockwise rotation,4,Departed roadway,7,B7-Single Driver-Left Roadside Departure-Control/Traction Loss,1,0,No,777777777777,No Trailing Units,777777777777,No Trailing Units,777777777777,No Trailing Units
41,Oregon,410068,1,1,1,01,3,3,3,March,4,4:00am-4:59am,37,37,1,Rollover/Overturn,0,Not a Collision with Motor Vehicle In-Transport,1,Motor Vehicle In-Transport (Inside or Outside the Trafficway),0,No,99,Unknown,9,Unknown,7,Dodge,20,7020,Dodge Neon,4,"4-door sedan, hardtop",2004,2004,999999999999,Unknown,9,9,9,9,9,9,9,9,9,9,9,9,0,No Trailing Units,0,Not an Articulated Vehicle,0,Not Applicable,000000000,Not Applicable,00000000000,Not Applicable,0,Not Applicable,0,Not Applicable,0,Not Applicable (N/A),1,No,0,Not Applicable,0,Not Applicable,0,Not Applicable,0,Not Applicable,0,Not a Bus,0,No Special Use,0,Not Applicable,998,Not Reported,0,No Underride or Override Noted,1,"Rollover, Tripped by Object/Vehicle",6,Outside of Trafficway,0,Non-Collision,6,Disabling Damage,2,Towed Due to Disabling Damage,3,Immersion or Partial Immersion,0,,0,,0,No or Not Reported,1,Yes,41,Oregon,97389,97389,6,Valid,1,Full Driver License,0,No (CDL),0,No Endorsements required for this vehicle,3,Valid license for this class vehicle,0,No Restrictions or Not Applicable,69,69,155,155 lbs.,1,1,1,1,0,,0,,1,1,3,March,2015,2015,12,December,2016,2016,5,"Yes, Specifics Unknown",99,Unknown,99,Unknown,99,Unknown,99,Unknown,1,"Two-Way, Not Divided",2,Two lanes,98,Not Reported,2,Curve Right,1,Level,2,"Blacktop, Bituminous, or Asphalt",98,Not Reported,0,No Controls,0,No Controls,14,Negotiating a Curve,13,Off the edge of the road on the right side,99,Unknown/Not Reported,1,Tracking,4,Departed roadway,1,A1-Single Driver-Right Roadside Departure-Drive Off Road,1,0,No,777777777777,No Trailing Units,777777777777,No Trailing Units,777777777777,No Trailing Units
41,Oregon,410069,1,1,1,01,20,20,3,March,18,6:00pm-6:59pm,10,10,1,Rollover/Overturn,0,Not a Collision with Motor Vehicle In-Transport,1,Motor Vehicle In-Transport (Inside or Outside the Trafficway),0,No,41,Oregon,1,Driver (in this crash) was  Registered Owner,35,Datsun/Nissan,43,35043,Datsun/Nissan Sentra,4,"4-door sedan, hardtop",1998,1998,1N4AB41D4WC7,1N4AB41D4WC7,1,N,4,A,B,4,1,D,4,W,C,7,0,No Trailing Units,0,Not an Articulated Vehicle,0,Not Applicable,000000000,Not Applicable,00000000000,Not Applicable,0,Not Applicable,0,Not Applicable,0,Not Applicable (N/A),1,No,0,Not Applicable,0,Not Applicable,0,Not Applicable,0,Not Applicable,0,Not a Bus,0,No Special Use,0,Not Applicable,998,Not Reported,0,No Underride or Override Noted,1,"Rollover, Tripped by Object/Vehicle",5,On Roadside,0,Non-Collision,6,Disabling Damage,2,Towed Due to Disabling Damage,1,Rollover/Overturn,0,,0,,0,No or Not Reported,1,Yes,41,Oregon,97741,97741,6,Valid,1,Full Driver License,0,No (CDL),0,No Endorsements required for this vehicle,3,Valid license for this class vehicle,0,No Restrictions or Not Applicable,64,64,155,155 lbs.,0,,0,,0,,0,,0,,0,No Record,0,No Record,0,No Record,0,No Record,4,"Yes, Too Fast for Conditions",99,Unknown,99,Unknown,99,Unknown,99,Unknown,1,"Two-Way, Not Divided",2,Two lanes,98,Not Reported,1,Straight,1,Level,2,"Blacktop, Bituminous, or Asphalt",1,Dry,0,No Controls,0,No Controls,1,Going Straight,19,Unknown travel direction,99,Unknown/Not Reported,1,Tracking,4,Departed roadway,98,M98-Other Crash Type,1,1,Yes,777777777777,No Trailing Units,777777777777,No Trailing Units,777777777777,No Trailing Units
41,Oregon,410070,1,2,1,01,26,26,3,March,22,10:00pm-10:59pm,46,46,12,Motor Vehicle In-Transport,2,Front-to-Front,1,Motor Vehicle In-Transport (Inside or Outside the Trafficway),0,No,41,Oregon,1,Driver (in this crash) was  Registered Owner,7,Dodge,21,7021,Dodge Magnum,6,Station Wagon (excluding van and truck based),2006,2006,2D4GZ57266H3,2D4GZ57266H3,2,D,4,G,Z,5,7,2,6,6,H,3,0,No Trailing Units,0,Not an Articulated Vehicle,0,Not Applicable,000000000,Not Applicable,00000000000,Not Applicable,0,Not Applicable,0,Not Applicable,0,Not Applicable (N/A),1,No,0,Not Applicable,0,Not Applicable,0,Not Applicable,0,Not Applicable,0,Not a Bus,0,No Special Use,0,Not Applicable,998,Not Reported,0,No Underride or Override Noted,0,No Rollover,0,No Rollover,12,12 Clock Point,6,Disabling Damage,2,Towed Due to Disabling Damage,12,Motor Vehicle In-Transport,0,,0,,0,No or Not Reported,1,Yes,41,Oregon,97222,97222,6,Valid,1,Full Driver License,0,No (CDL),0,No Endorsements required for this vehicle,3,Valid license for this class vehicle,0,No Restrictions or Not Applicable,73,73,190,190 lbs.,0,,4,4,0,,1,1,0,,7,July,2012,2012,11,November,2016,2016,4,"Yes, Too Fast for Conditions",28,Improper Lane Usage,0,,0,,0,,2,"Two-Way, Divided, Unprotected Median",3,Three lanes,55,55 MPH,3,Curve Left,2,"Grade, Unknown Slope",2,"Blacktop, Bituminous, or Asphalt",2,Wet,0,No Controls,0,No Controls,14,Negotiating a Curve,10,Over the lane line on left side of travel lane,99,Unknown/Not Reported,1,Tracking,2,"Stayed on roadway, but left original travel lane",52,"G52-Same Trafficway, Opposite Direction-Head-On-Specifics Other",0,1,Yes,777777777777,No Trailing Units,777777777777,No Trailing Units,777777777777,No Trailing Units
41,Oregon,410070,2,2,1,01,26,26,3,March,22,10:00pm-10:59pm,46,46,12,Motor Vehicle In-Transport,2,Front-to-Front,1,Motor Vehicle In-Transport (Inside or Outside the Trafficway),0,No,41,Oregon,1,Driver (in this crash) was  Registered Owner,12,Ford,471,12471,Ford Ranger,34,Light Pickup,1997,1997,1FTCR14A6VPA,1FTCR14A6VPA,1,F,T,C,R,1,4,A,6,V,P,A,0,No Trailing Units,0,Not an Articulated Vehicle,0,Not Applicable,000000000,Not Applicable,00000000000,Not Applicable,0,Not Applicable,0,Not Applicable,0,Not Applicable (N/A),1,No,0,Not Applicable,0,Not Applicable,0,Not Applicable,0,Not Applicable,0,Not a Bus,0,No Special Use,0,Not Applicable,998,Not Reported,0,No Underride or Override Noted,0,No Rollover,0,No Rollover,12,12 Clock Point,6,Disabling Damage,2,Towed Due to Disabling Damage,12,Motor Vehicle In-Transport,0,,0,,0,No or Not Reported,1,Yes,41,Oregon,97080,97080,6,Valid,1,Full Driver License,0,No (CDL),0,No Endorsements required for this vehicle,3,Valid license for this class vehicle,1,Restrictions Complied With,71,71,175,175 lbs.,0,,0,,0,,0,,0,,0,No Record,0,No Record,0,No Record,0,No Record,0,No,0,,0,,0,,0,,2,"Two-Way, Divided, Unprotected Median",3,Three lanes,55,55 MPH,2,Curve Right,2,"Grade, Unknown Slope",2,"Blacktop, Bituminous, or Asphalt",2,Wet,0,No Controls,0,No Controls,14,Negotiating a Curve,54,Traveling in opposite direction,99,Unknown/Not Reported,1,Tracking,1,Stayed in original travel lane,52,"G52-Same Trafficway, Opposite Direction-Head-On-Specifics Other",1,0,No,777777777777,No Trailing Units,777777777777,No Trailing Units,777777777777,No Trailing Units
41,Oregon,410071,1,2,3,03,30,30,3,March,10,10:00am-10:59am,19,19,12,Motor Vehicle In-Transport,6,Angle,1,Motor Vehicle In-Transport (Inside or Outside the Trafficway),0,No,41,Oregon,1,Driver (in this crash) was  Registered Owner,53,Suzuki,402,53402,Suzuki Sidekick/Vitara/ Vitara V6,14,"Compact Utility (Utility Vehicle Categories ""Small"" and ""Midsize"")",2002,2002,JS3TX92V8241,JS3TX92V8241,J,S,3,T,X,9,2,V,8,2,4,1,0,No Trailing Units,0,Not an Articulated Vehicle,0,Not Applicable,000000000,Not Applicable,00000000000,Not Applicable,0,Not Applicable,0,Not Applicable,0,Not Applicable (N/A),1,No,0,Not Applicable,0,Not Applicable,0,Not Applicable,0,Not Applicable,0,Not a Bus,0,No Special Use,0,Not Applicable,998,Not Reported,0,No Underride or Override Noted,0,No Rollover,0,No Rollover,9,9 Clock Point,6,Disabling Damage,2,Towed Due to Disabling Damage,12,Motor Vehicle In-Transport,0,,0,,0,No or Not Reported,1,Yes,41,Oregon,97402,97402,6,Valid,1,Full Driver License,0,No (CDL),0,No Endorsements required for this vehicle,3,Valid license for this class vehicle,1,Restrictions Complied With,70,70,145,145 lbs.,0,,0,,0,,1,1,0,,12,December,2013,2013,12,December,2013,2013,4,"Yes, Too Fast for Conditions",28,Improper Lane Usage,0,,0,,0,,1,"Two-Way, Not Divided",3,Three lanes,55,55 MPH,2,Curve Right,2,"Grade, Unknown Slope",2,"Blacktop, Bituminous, or Asphalt",4,Ice/Frost,0,No Controls,0,No Controls,14,Negotiating a Curve,6,Traveling too fast for conditions,99,Unknown/Not Reported,1,Tracking,2,"Stayed on roadway, but left original travel lane",64,"I64-Same Trafficway, Opposite Direction-Angle, Sideswipe-Lateral Move (Left/Right)",1,0,No,777777777777,No Trailing Units,777777777777,No Trailing Units,777777777777,No Trailing Units
41,Oregon,410071,2,2,1,01,30,30,3,March,10,10:00am-10:59am,19,19,12,Motor Vehicle In-Transport,6,Angle,1,Motor Vehicle In-Transport (Inside or Outside the Trafficway),0,No,41,Oregon,1,Driver (in this crash) was  Registered Owner,20,Chevrolet,461,20461,Chevrolet G-series van,21,"Large Van-Includes van-based buses (B150-B350, Sportsman, Royal Maxiwagon, Ram, Tradesman,...)",2005,2005,1GCFH15T7511,1GCFH15T7511,1,G,C,F,H,1,5,T,7,5,1,1,0,No Trailing Units,0,Not an Articulated Vehicle,0,Not Applicable,000000000,Not Applicable,00000000000,Not Applicable,0,Not Applicable,0,Not Applicable,0,Not Applicable (N/A),1,No,0,Not Applicable,0,Not Applicable,0,Not Applicable,0,Not Applicable,0,Not a Bus,0,No Special Use,0,Not Applicable,998,Not Reported,0,No Underride or Override Noted,0,No Rollover,0,No Rollover,12,12 Clock Point,6,Disabling Damage,2,Towed Due to Disabling Damage,12,Motor Vehicle In-Transport,0,,0,,0,No or Not Reported,1,Yes,41,Oregon,97708,97708,6,Valid,1,Full Driver License,0,No (CDL),0,No Endorsements required for this vehicle,3,Valid license for this class vehicle,0,No Restrictions or Not Applicable,71,71,160,160 lbs.,0,,0,,0,,2,2,0,,4,April,2012,2012,11,November,2012,2012,0,No,0,,0,,0,,0,,1,"Two-Way, Not Divided",3,Three lanes,55,55 MPH,3,Curve Left,2,"Grade, Unknown Slope",2,"Blacktop, Bituminous, or Asphalt",4,Ice/Frost,0,No Controls,0,No Controls,14,Negotiating a Curve,62,From opposite direction  over left lane line,99,Unknown/Not Reported,1,Tracking,1,Stayed in original travel lane,65,"I65-Same Trafficway, Opposite Direction-Angle, Sideswipe-Lateral Move (Going Straight)",0,0,No,777777777777,No Trailing Units,777777777777,No Trailing Units,777777777777,No Trailing Units
41,Oregon,410072,1,2,2,02,14,14,4,April,5,5:00am-5:59am,15,15,12,Motor Vehicle In-Transport,6,Angle,1,Motor Vehicle In-Transport (Inside or Outside the Trafficway),1,Yes,12,Florida,2,Driver (in this crash) Not Registered Owner (Other Private Owner Listed),49,Toyota,46,49046,Toyota Prius *,6,Station Wagon (excluding van and truck based),2016,2016,JTDKBRFU3G30,JTDKBRFU3G30,J,T,D,K,B,R,F,U,3,G,3,0,0,No Trailing Units,0,Not an Articulated Vehicle,0,Not Applicable,000000000,Not Applicable,00000000000,Not Applicable,0,Not Applicable,0,Not Applicable,0,Not Applicable (N/A),1,No,0,Not Applicable,0,Not Applicable,0,Not Applicable,0,Not Applicable,0,Not a Bus,0,No Special Use,0,Not Applicable,998,Not Reported,0,No Underride or Override Noted,0,No Rollover,0,No Rollover,9,9 Clock Point,6,Disabling Damage,2,Towed Due to Disabling Damage,12,Motor Vehicle In-Transport,0,,0,,1,Yes,1,Yes,41,Oregon,97128,97128,0,Not licensed,0,Not Licensed,0,No (CDL),0,No Endorsements required for this vehicle,0,Not licensed,0,No Restrictions or Not Applicable,999,Unknown,999,Unknown,0,,8,8,0,,0,,5,5,6,June,2012,2012,2,February,2017,2017,0,No,35,Passing with Insufficient Distance or Inadequate Visibility or Failing to Yield to Overtaking Vehicle,0,,0,,0,,1,"Two-Way, Not Divided",2,Two lanes,55,55 MPH,1,Straight,2,"Grade, Unknown Slope",2,"Blacktop, Bituminous, or Asphalt",2,Wet,0,No Controls,0,No Controls,6,Passing or Overtaking Another Vehicle,99,Unknown,99,Unknown/Not Reported,9,Precrash stability unknown,9,Unknown,99,M99-Unknown,0,0,No,777777777777,No Trailing Units,777777777777,No Trailing Units,777777777777,No Trailing Units
41,Oregon,410072,2,2,1,01,14,14,4,April,5,5:00am-5:59am,15,15,12,Motor Vehicle In-Transport,6,Angle,1,Motor Vehicle In-Transport (Inside or Outside the Trafficway),0,No,41,Oregon,1,Driver (in this crash) was  Registered Owner,37,Honda,705,37705,Honda 450-749 cc,80,Two Wheel Motorcycle (excluding motor scooters),2001,2001,JH2PC21381M2,JH2PC21381M2,J,H,2,P,C,2,1,3,8,1,M,2,0,No Trailing Units,0,Not an Articulated Vehicle,0,Not Applicable,000000000,Not Applicable,00000000000,Not Applicable,0,Not Applicable,0,Not Applicable,0,Not Applicable (N/A),1,No,0,Not Applicable,0,Not Applicable,0,Not Applicable,0,Not Applicable,0,Not a Bus,0,No Special Use,0,Not Applicable,998,Not Reported,0,No Underride or Override Noted,0,No Rollover,0,No Rollover,12,12 Clock Point,8,Not Reported,2,Towed Due to Disabling Damage,12,Motor Vehicle In-Transport,0,,0,,0,No or Not Reported,1,Yes,41,Oregon,97378,97378,6,Valid,1,Full Driver License,0,No (CDL),0,No Endorsements required for this vehicle,3,Valid license for this class vehicle,0,No Restrictions or Not Applicable,68,68,275,275 lbs.,1,1,0,,0,,0,,0,,11,November,2013,2013,11,November,2013,2013,0,No,0,,0,,0,,0,,1,"Two-Way, Not Divided",2,Two lanes,55,55 MPH,1,Straight,2,"Grade, Unknown Slope",2,"Blacktop, Bituminous, or Asphalt",2,Wet,0,No Controls,0,No Controls,1,Going Straight,99,Unknown,99,Unknown/Not Reported,9,Precrash stability unknown,9,Unknown,99,M99-Unknown,1,0,No,777777777777,No Trailing Units,777777777777,No Trailing Units,777777777777,No Trailing Units
41,Oregon,410073,1,2,1,01,15,15,4,April,0,0:00am-0:59am,0,0,12,Motor Vehicle In-Transport,1,Front-to-Rear,1,Motor Vehicle In-Transport (Inside or Outside the Trafficway),0,No,41,Oregon,1,Driver (in this crash) was  Registered Owner,34,BMW,34,34034,BMW 3-series,4,"4-door sedan, hardtop",1997,1997,WBSCD9322VEE,WBSCD9322VEE,W,B,S,C,D,9,3,2,2,V,E,E,0,No Trailing Units,0,Not an Articulated Vehicle,0,Not Applicable,000000000,Not Applicable,00000000000,Not Applicable,0,Not Applicable,0,Not Applicable,0,Not Applicable (N/A),1,No,0,Not Applicable,0,Not Applicable,0,Not Applicable,0,Not Applicable,0,Not a Bus,0,No Special Use,0,Not Applicable,998,Not Reported,0,No Underride or Override Noted,1,"Rollover, Tripped by Object/Vehicle",1,On Roadway,6,6 Clock Point,6,Disabling Damage,2,Towed Due to Disabling Damage,1,Rollover/Overturn,0,,0,,1,Yes,1,Yes,41,Oregon,97301,97301,6,Valid,1,Full Driver License,0,No (CDL),0,No Endorsements required for this vehicle,3,Valid license for this class vehicle,0,No Restrictions or Not Applicable,76,76,190,190 lbs.,1,1,6,6,0,,0,,1,1,12,December,2012,2012,2,February,2014,2014,4,"Yes, Too Fast for Conditions",28,Improper Lane Usage,0,,0,,0,,1,"Two-Way, Not Divided",4,Four lanes,45,45 MPH,1,Straight,1,Level,2,"Blacktop, Bituminous, or Asphalt",1,Dry,0,No Controls,0,No Controls,1,Going Straight,10,Over the lane line on left side of travel lane,99,Unknown/Not Reported,1,Tracking,2,"Stayed on roadway, but left original travel lane",32,"D32-Same Trafficway, Same Direction-Rear End-Specifics Other",1,0,No,777777777777,No Trailing Units,777777777777,No Trailing Units,777777777777,No Trailing Units
41,Oregon,410073,2,2,5,05,15,15,4,April,0,0:00am-0:59am,0,0,12,Motor Vehicle In-Transport,1,Front-to-Rear,1,Motor Vehicle In-Transport (Inside or Outside the Trafficway),0,No,41,Oregon,4,Vehicle Registered as Rental Vehicle,7,Dodge,27,7027,Dodge Journey,6,Station Wagon (excluding van and truck based),2017,2017,3C4PDDBGXHT6,3C4PDDBGXHT6,3,C,4,P,D,D,B,G,X,H,T,6,0,No Trailing Units,0,Not an Articulated Vehicle,0,Not Applicable,000000000,Not Applicable,00000000000,Not Applicable,0,Not Applicable,0,Not Applicable,0,Not Applicable (N/A),1,No,0,Not Applicable,0,Not Applicable,0,Not Applicable,0,Not Applicable,0,Not a Bus,0,No Special Use,0,Not Applicable,998,Not Reported,0,No Underride or Override Noted,0,No Rollover,0,No Rollover,12,12 Clock Point,6,Disabling Damage,2,Towed Due to Disabling Damage,12,Motor Vehicle In-Transport,0,,0,,0,No or Not Reported,1,Yes,15,Hawaii,96819,96819,6,Valid,1,Full Driver License,0,No (CDL),0,No Endorsements required for this vehicle,3,Valid license for this class vehicle,0,No Restrictions or Not Applicable,71,71,287,287 lbs.,0,,0,,0,,0,,1,1,11,November,2012,2012,11,November,2012,2012,0,No,0,,0,,0,,0,,1,"Two-Way, Not Divided",4,Four lanes,45,45 MPH,1,Straight,1,Level,2,"Blacktop, Bituminous, or Asphalt",1,Dry,0,No Controls,0,No Controls,1,Going Straight,62,From opposite direction  over left lane line,99,Unknown/Not Reported,1,Tracking,1,Stayed in original travel lane,32,"D32-Same Trafficway, Same Direction-Rear End-Specifics Other",0,0,No,777777777777,No Trailing Units,777777777777,No Trailing Units,777777777777,No Trailing Units
41,Oregon,410074,1,2,2,02,15,15,4,April,15,3:00pm-3:59pm,19,19,12,Motor Vehicle In-Transport,2,Front-to-Front,1,Motor Vehicle In-Transport (Inside or Outside the Trafficway),0,No,41,Oregon,1,Driver (in this crash) was  Registered Owner,7,Dodge,442,7442,Dodge Caravan/Grand Caravan,20,"Minivan (Chrysler Town and Country, Caravan, Grand Caravan, Voyager, Voyager, Honda-Odyssey, ...)",2016,2016,2C4RDGBG6GR3,2C4RDGBG6GR3,2,C,4,R,D,G,B,G,6,G,R,3,0,No Trailing Units,0,Not an Articulated Vehicle,0,Not Applicable,000000000,Not Applicable,00000000000,Not Applicable,0,Not Applicable,0,Not Applicable,0,Not Applicable (N/A),1,No,0,Not Applicable,0,Not Applicable,0,Not Applicable,0,Not Applicable,0,Not a Bus,0,No Special Use,0,Not Applicable,998,Not Reported,0,No Underride or Override Noted,0,No Rollover,0,No Rollover,12,12 Clock Point,6,Disabling Damage,2,Towed Due to Disabling Damage,12,Motor Vehicle In-Transport,0,,0,,0,No or Not Reported,1,Yes,41,Oregon,97062,97062,6,Valid,1,Full Driver License,0,No (CDL),0,No Endorsements required for this vehicle,3,Valid license for this class vehicle,0,No Restrictions or Not Applicable,69,69,160,160 lbs.,0,,0,,0,,0,,0,,0,No Record,0,No Record,0,No Record,0,No Record,0,No,28,Improper Lane Usage,0,,0,,0,,1,"Two-Way, Not Divided",2,Two lanes,55,55 MPH,2,Curve Right,1,Level,2,"Blacktop, Bituminous, or Asphalt",1,Dry,0,No Controls,0,No Controls,14,Negotiating a Curve,10,Over the lane line on left side of travel lane,99,Unknown/Not Reported,1,Tracking,2,"Stayed on roadway, but left original travel lane",50,"G50-Same Trafficway, Opposite Direction-Head-On-Lateral Move (Left/Right)",1,0,No,777777777777,No Trailing Units,777777777777,No Trailing Units,777777777777,No Trailing Units
41,Oregon,410074,2,2,1,01,15,15,4,April,15,3:00pm-3:59pm,19,19,12,Motor Vehicle In-Transport,2,Front-to-Front,1,Motor Vehicle In-Transport (Inside or Outside the Trafficway),0,No,32,Nevada,4,Vehicle Registered as Rental Vehicle,20,Chevrolet,37,20037,Chevrolet Malibu/Malibu Maxx,4,"4-door sedan, hardtop",2016,2016,1G11C5SA9GU1,1G11C5SA9GU1,1,G,1,1,C,5,S,A,9,G,U,1,0,No Trailing Units,0,Not an Articulated Vehicle,0,Not Applicable,000000000,Not Applicable,00000000000,Not Applicable,0,Not Applicable,0,Not Applicable,0,Not Applicable (N/A),1,No,0,Not Applicable,0,Not Applicable,0,Not Applicable,0,Not Applicable,0,Not a Bus,0,No Special Use,0,Not Applicable,998,Not Reported,0,No Underride or Override Noted,0,No Rollover,0,No Rollover,12,12 Clock Point,6,Disabling Damage,2,Towed Due to Disabling Damage,12,Motor Vehicle In-Transport,0,,0,,0,No or Not Reported,1,Yes,53,Washington,98004,98004,6,Valid,1,Full Driver License,0,No (CDL),0,No Endorsements required for this vehicle,3,Valid license for this class vehicle,1,Restrictions Complied With,76,76,200,200 lbs.,0,,0,,0,,1,1,0,,1,January,2013,2013,1,January,2013,2013,0,No,0,,0,,0,,0,,1,"Two-Way, Not Divided",2,Two lanes,55,55 MPH,3,Curve Left,1,Level,2,"Blacktop, Bituminous, or Asphalt",1,Dry,0,No Controls,0,No Controls,14,Negotiating a Curve,62,From opposite direction  over left lane line,99,Unknown/Not Reported,1,Tracking,1,Stayed in original travel lane,51,"G51-Same Trafficway, Opposite Direction-Head-On-Lateral Move (Going Straight)",1,0,No,777777777777,No Trailing Units,777777777777,No Trailing Units,777777777777,No Trailing Units
41,Oregon,410075,1,3,2,02,8,8,1,January,14,2:00pm-2:59pm,43,43,12,Motor Vehicle In-Transport,6,Angle,1,Motor Vehicle In-Transport (Inside or Outside the Trafficway),0,No,93,Multiple State Registration,3,Vehicle Registered as Business/Company/Government Vehicle,87,Peterbilt,884,87884,Peterbilt Medium/Heavy - Unknown engine location,66,"Truck-tractor (Cab only, or with any number of trailing unit; any weight)",2015,2015,1XPBD49X3FD2,1XPBD49X3FD2,1,X,P,B,D,4,9,X,3,F,D,2,1,One Trailing Unit,1,No,57,US DOT,0054283,0054283,570054283,570054283,3,"26,001 lbs. or more",6,Truck Tractor/Semi-Trailer,1,Van/Enclosed Box,1,No,0,Not Applicable,0,Not Applicable,0,Not Applicable,0,Not Applicable,0,Not a Bus,0,No Special Use,0,Not Applicable,998,Not Reported,0,No Underride or Override Noted,0,No Rollover,0,No Rollover,12,12 Clock Point,8,Not Reported,2,Towed Due to Disabling Damage,12,Motor Vehicle In-Transport,0,,0,,0,No or Not Reported,1,Yes,6,California,95832,95832,6,Valid,1,Full Driver License,3,Expired,0,No Endorsements required for this vehicle,2,No valid license for this class vehicle,0,No Restrictions or Not Applicable,73,73,250,250 lbs.,0,,0,,0,,0,,0,,0,No Record,0,No Record,0,No Record,0,No Record,4,"Yes, Too Fast for Conditions",28,Improper Lane Usage,0,,0,,0,,1,"Two-Way, Not Divided",2,Two lanes,60,60 MPH,1,Straight,1,Level,2,"Blacktop, Bituminous, or Asphalt",4,Ice/Frost,0,No Controls,0,No Controls,1,Going Straight,6,Traveling too fast for conditions,99,Unknown/Not Reported,1,Tracking,2,"Stayed on roadway, but left original travel lane",64,"I64-Same Trafficway, Opposite Direction-Angle, Sideswipe-Lateral Move (Left/Right)",0,0,No,1JJV532W63L8,1JJV532W63L8,777777777777,No Trailing Units,777777777777,No Trailing Units
41,Oregon,410075,2,3,1,01,8,8,1,January,14,2:00pm-2:59pm,43,43,12,Motor Vehicle In-Transport,6,Angle,1,Motor Vehicle In-Transport (Inside or Outside the Trafficway),0,No,41,Oregon,1,Driver (in this crash) was  Registered Owner,49,Toyota,472,49472,Toyota Tacoma,34,Light Pickup,2004,2004,5TEWN72N34Z3,5TEWN72N34Z3,5,T,E,W,N,7,2,N,3,4,Z,3,0,No Trailing Units,0,Not an Articulated Vehicle,0,Not Applicable,000000000,Not Applicable,00000000000,Not Applicable,0,Not Applicable,0,Not Applicable,0,Not Applicable (N/A),1,No,0,Not Applicable,0,Not Applicable,0,Not Applicable,0,Not Applicable,0,Not a Bus,0,No Special Use,0,Not Applicable,998,Not Reported,0,No Underride or Override Noted,0,No Rollover,0,No Rollover,9,9 Clock Point,6,Disabling Damage,2,Towed Due to Disabling Damage,12,Motor Vehicle In-Transport,0,,0,,0,No or Not Reported,1,Yes,41,Oregon,97401,97401,6,Valid,1,Full Driver License,0,No (CDL),0,No Endorsements required for this vehicle,3,Valid license for this class vehicle,0,No Restrictions or Not Applicable,70,70,145,145 lbs.,0,,0,,0,,0,,0,,0,No Record,0,No Record,0,No Record,0,No Record,0,No,0,,0,,0,,0,,1,"Two-Way, Not Divided",2,Two lanes,60,60 MPH,1,Straight,1,Level,2,"Blacktop, Bituminous, or Asphalt",4,Ice/Frost,0,No Controls,0,No Controls,1,Going Straight,62,From opposite direction  over left lane line,99,Unknown/Not Reported,1,Tracking,1,Stayed in original travel lane,65,"I65-Same Trafficway, Opposite Direction-Angle, Sideswipe-Lateral Move (Going Straight)",0,0,No,777777777777,No Trailing Units,777777777777,No Trailing Units,777777777777,No Trailing Units
41,Oregon,410075,3,3,1,01,8,8,1,January,14,2:00pm-2:59pm,43,43,12,Motor Vehicle In-Transport,6,Angle,1,Motor Vehicle In-Transport (Inside or Outside the Trafficway),0,No,41,Oregon,1,Driver (in this crash) was  Registered Owner,35,Datsun/Nissan,402,35402,Datsun/Nissan Xterra,14,"Compact Utility (Utility Vehicle Categories ""Small"" and ""Midsize"")",2008,2008,5N1AN08W58C5,5N1AN08W58C5,5,N,1,A,N,0,8,W,5,8,C,5,0,No Trailing Units,0,Not an Articulated Vehicle,0,Not Applicable,000000000,Not Applicable,00000000000,Not Applicable,0,Not Applicable,0,Not Applicable,0,Not Applicable (N/A),1,No,0,Not Applicable,0,Not Applicable,0,Not Applicable,0,Not Applicable,0,Not a Bus,0,No Special Use,0,Not Applicable,998,Not Reported,0,No Underride or Override Noted,0,No Rollover,0,No Rollover,12,12 Clock Point,6,Disabling Damage,2,Towed Due to Disabling Damage,12,Motor Vehicle In-Transport,0,,0,,0,No or Not Reported,1,Yes,41,Oregon,97739,97739,6,Valid,1,Full Driver License,0,No (CDL),0,No Endorsements required for this vehicle,3,Valid license for this class vehicle,1,Restrictions Complied With,74,74,230,230 lbs.,0,,0,,0,,0,,1,1,3,March,2015,2015,3,March,2015,2015,0,No,0,,0,,0,,0,,1,"Two-Way, Not Divided",2,Two lanes,60,60 MPH,1,Straight,1,Level,2,"Blacktop, Bituminous, or Asphalt",4,Ice/Frost,0,No Controls,0,No Controls,1,Going Straight,62,From opposite direction  over left lane line,99,Unknown/Not Reported,1,Tracking,1,Stayed in original travel lane,98,M98-Other Crash Type,1,0,No,777777777777,No Trailing Units,777777777777,No Trailing Units,777777777777,No Trailing Units
41,Oregon,410076,1,1,1,01,31,31,1,January,13,1:00pm-1:59pm,35,35,8,Pedestrian,0,Not a Collision with Motor Vehicle In-Transport,1,Motor Vehicle In-Transport (Inside or Outside the Trafficway),0,No,41,Oregon,3,Vehicle Registered as Business/Company/Government Vehicle,7,Dodge,463,7463,Dodge Ram Promaster,21,"Large Van-Includes van-based buses (B150-B350, Sportsman, Royal Maxiwagon, Ram, Tradesman,...)",2015,2015,3C6TRVDG3FE5,3C6TRVDG3FE5,3,C,6,T,R,V,D,G,3,F,E,5,0,No Trailing Units,0,Not an Articulated Vehicle,0,Not Applicable,000000000,Not Applicable,00000000000,Not Applicable,0,Not Applicable,0,Not Applicable,0,Not Applicable (N/A),1,No,0,Not Applicable,0,Not Applicable,0,Not Applicable,0,Not Applicable,0,Not a Bus,0,No Special Use,0,Not Applicable,998,Not Reported,0,No Underride or Override Noted,0,No Rollover,0,No Rollover,12,12 Clock Point,9,Unknown,2,Towed Due to Disabling Damage,8,Pedestrian,0,,0,,0,No or Not Reported,1,Yes,41,Oregon,97351,97351,6,Valid,1,Full Driver License,0,No (CDL),0,No Endorsements required for this vehicle,3,Valid license for this class vehicle,0,No Restrictions or Not Applicable,67,67,185,185 lbs.,1,1,0,,0,,2,2,1,1,6,June,2012,2012,12,December,2015,2015,0,No,0,,0,,0,,0,,1,"Two-Way, Not Divided",2,Two lanes,55,55 MPH,1,Straight,1,Level,2,"Blacktop, Bituminous, or Asphalt",1,Dry,0,No Controls,0,No Controls,1,Going Straight,80,Pedestrian in road,1,No Avoidance Maneuver,1,Tracking,1,Stayed in original travel lane,13,C13-Single Driver-Forward Impact-Pedestrian/ Animal,0,0,No,777777777777,No Trailing Units,777777777777,No Trailing Units,777777777777,No Trailing Units
41,Oregon,410077,1,1,1,01,21,21,3,March,16,4:00pm-4:59pm,19,19,1,Rollover/Overturn,0,Not a Collision with Motor Vehicle In-Transport,1,Motor Vehicle In-Transport (Inside or Outside the Trafficway),0,No,41,Oregon,1,Driver (in this crash) was  Registered Owner,72,Harley-Davidson,706,72706,Harley-Davidson 750cc or greater,80,Two Wheel Motorcycle (excluding motor scooters),2009,2009,1HD1FB4139Y6,1HD1FB4139Y6,1,H,D,1,F,B,4,1,3,9,Y,6,0,No Trailing Units,0,Not an Articulated Vehicle,0,Not Applicable,000000000,Not Applicable,00000000000,Not Applicable,0,Not Applicable,0,Not Applicable,0,Not Applicable (N/A),1,No,0,Not Applicable,0,Not Applicable,0,Not Applicable,0,Not Applicable,0,Not a Bus,0,No Special Use,0,Not Applicable,998,Not Reported,0,No Underride or Override Noted,0,No Rollover,0,No Rollover,0,Non-Collision,8,Not Reported,5,Not Towed,1,Rollover/Overturn,0,,0,,0,No or Not Reported,1,Yes,41,Oregon,97220,97220,6,Valid,1,Full Driver License,0,No (CDL),0,No Endorsements required for this vehicle,3,Valid license for this class vehicle,0,No Restrictions or Not Applicable,70,70,155,155 lbs.,1,1,0,,0,,2,2,0,,4,April,2012,2012,12,December,2015,2015,9,Unknown,99,Unknown,99,Unknown,99,Unknown,99,Unknown,1,"Two-Way, Not Divided",2,Two lanes,35,35 MPH,1,Straight,1,Level,2,"Blacktop, Bituminous, or Asphalt",1,Dry,0,No Controls,0,No Controls,1,Going Straight,98,Other critical precrash event (specify:),99,Unknown/Not Reported,1,Tracking,1,Stayed in original travel lane,98,M98-Other Crash Type,1,0,No,777777777777,No Trailing Units,777777777777,No Trailing Units,777777777777,No Trailing Units
41,Oregon,410078,1,1,1,01,16,16,4,April,4,4:00am-4:59am,16,16,42,Tree (Standing Only),0,Not a Collision with Motor Vehicle In-Transport,1,Motor Vehicle In-Transport (Inside or Outside the Trafficway),0,No,41,Oregon,1,Driver (in this crash) was  Registered Owner,49,Toyota,472,49472,Toyota Tacoma,34,Light Pickup,2006,2006,5TEJU62NX6Z2,5TEJU62NX6Z2,5,T,E,J,U,6,2,N,X,6,Z,2,0,No Trailing Units,0,Not an Articulated Vehicle,0,Not Applicable,000000000,Not Applicable,00000000000,Not Applicable,0,Not Applicable,0,Not Applicable,0,Not Applicable (N/A),1,No,0,Not Applicable,0,Not Applicable,0,Not Applicable,0,Not Applicable,0,Not a Bus,0,No Special Use,0,Not Applicable,998,Not Reported,0,No Underride or Override Noted,0,No Rollover,0,No Rollover,12,12 Clock Point,6,Disabling Damage,2,Towed Due to Disabling Damage,42,Tree (Standing Only),0,,0,,0,No or Not Reported,1,Yes,41,Oregon,97423,97423,6,Valid,1,Full Driver License,0,No (CDL),0,No Endorsements required for this vehicle,3,Valid license for this class vehicle,0,No Restrictions or Not Applicable,63,63,125,125 lbs.,0,,0,,0,,1,1,0,,10,October,2013,2013,10,October,2013,2013,4,"Yes, Too Fast for Conditions",0,,0,,0,,0,,1,"Two-Way, Not Divided",4,Four lanes,55,55 MPH,3,Curve Left,2,"Grade, Unknown Slope",2,"Blacktop, Bituminous, or Asphalt",1,Dry,0,No Controls,0,No Controls,14,Negotiating a Curve,13,Off the edge of the road on the right side,99,Unknown/Not Reported,1,Tracking,4,Departed roadway,1,A1-Single Driver-Right Roadside Departure-Drive Off Road,1,1,Yes,777777777777,No Trailing Units,777777777777,No Trailing Units,777777777777,No Trailing Units
41,Oregon,410079,1,1,1,01,20,20,4,April,13,1:00pm-1:59pm,25,25,58,Ground,0,Not a Collision with Motor Vehicle In-Transport,1,Motor Vehicle In-Transport (Inside or Outside the Trafficway),0,No,41,Oregon,1,Driver (in this crash) was  Registered Owner,2,Jeep / Kaiser-Jeep / Willys- Jeep,404,2404,Jeep / Kaiser-Jeep / Willys- Jeep Cherokee (1984-on) (For Grand Cherokee for 2014 on use 02-422.),14,"Compact Utility (Utility Vehicle Categories ""Small"" and ""Midsize"")",1996,1996,1J4FJ68S2TL1,1J4FJ68S2TL1,1,J,4,F,J,6,8,S,2,T,L,1,0,No Trailing Units,0,Not an Articulated Vehicle,0,Not Applicable,000000000,Not Applicable,00000000000,Not Applicable,0,Not Applicable,0,Not Applicable,0,Not Applicable (N/A),1,No,0,Not Applicable,0,Not Applicable,0,Not Applicable,0,Not Applicable,0,Not a Bus,0,No Special Use,0,Not Applicable,998,Not Reported,0,No Underride or Override Noted,0,No Rollover,0,No Rollover,98,Not Reported,6,Disabling Damage,2,Towed Due to Disabling Damage,58,Ground,0,,0,,0,No or Not Reported,1,Yes,41,Oregon,97720,97720,6,Valid,1,Full Driver License,0,No (CDL),0,No Endorsements required for this vehicle,3,Valid license for this class vehicle,0,No Restrictions or Not Applicable,66,66,140,140 lbs.,0,,0,,0,,0,,0,,0,No Record,0,No Record,0,No Record,0,No Record,0,No,0,,0,,0,,0,,1,"Two-Way, Not Divided",2,Two lanes,65,65 MPH,1,Straight,1,Level,2,"Blacktop, Bituminous, or Asphalt",1,Dry,0,No Controls,0,No Controls,1,Going Straight,13,Off the edge of the road on the right side,99,Unknown/Not Reported,1,Tracking,4,Departed roadway,1,A1-Single Driver-Right Roadside Departure-Drive Off Road,1,0,No,777777777777,No Trailing Units,777777777777,No Trailing Units,777777777777,No Trailing Units
41,Oregon,410080,1,2,1,01,21,21,4,April,23,11:00pm-11:59pm,41,41,12,Motor Vehicle In-Transport,6,Angle,1,Motor Vehicle In-Transport (Inside or Outside the Trafficway),0,No,41,Oregon,2,Driver (in this crash) Not Registered Owner (Other Private Owner Listed),37,Honda,705,37705,Honda 450-749 cc,80,Two Wheel Motorcycle (excluding motor scooters),2014,2014,MLHRC7401E50,MLHRC7401E50,M,L,H,R,C,7,4,0,1,E,5,0,0,No Trailing Units,0,Not an Articulated Vehicle,0,Not Applicable,000000000,Not Applicable,00000000000,Not Applicable,0,Not Applicable,0,Not Applicable,0,Not Applicable (N/A),1,No,0,Not Applicable,0,Not Applicable,0,Not Applicable,0,Not Applicable,0,Not a Bus,0,No Special Use,0,Not Applicable,998,Not Reported,0,No Underride or Override Noted,0,No Rollover,0,No Rollover,98,Not Reported,8,Not Reported,2,Towed Due to Disabling Damage,12,Motor Vehicle In-Transport,0,,0,,0,No or Not Reported,1,Yes,41,Oregon,97023,97023,6,Valid,1,Full Driver License,0,No (CDL),0,No Endorsements required for this vehicle,3,Valid license for this class vehicle,0,No Restrictions or Not Applicable,72,72,250,250 lbs.,1,1,0,,0,,0,,0,,5,May,2015,2015,5,May,2015,2015,4,"Yes, Too Fast for Conditions",0,,0,,0,,0,,5,"Two-Way, Not Divided With a Continuous Left-Turn Lane",5,Five lanes,35,35 MPH,1,Straight,2,"Grade, Unknown Slope",2,"Blacktop, Bituminous, or Asphalt",1,Dry,0,No Controls,0,No Controls,1,Going Straight,17,Crossing over (passing through) Junction,99,Unknown/Not Reported,1,Tracking,1,Stayed in original travel lane,69,J69-Trafficway Vehicle Turning-Turn Across Path-Initial Opposite Directions (Going Straight),1,0,No,777777777777,No Trailing Units,777777777777,No Trailing Units,777777777777,No Trailing Units
41,Oregon,410080,2,2,1,01,21,21,4,April,23,11:00pm-11:59pm,41,41,12,Motor Vehicle In-Transport,6,Angle,1,Motor Vehicle In-Transport (Inside or Outside the Trafficway),0,No,41,Oregon,2,Driver (in this crash) Not Registered Owner (Other Private Owner Listed),12,Ford,481,12481,Ford F-Series pickup,34,Light Pickup,2001,2001,2FTRX08LX1CA,2FTRX08LX1CA,2,F,T,R,X,0,8,L,X,1,C,A,0,No Trailing Units,0,Not an Articulated Vehicle,0,Not Applicable,000000000,Not Applicable,00000000000,Not Applicable,0,Not Applicable,0,Not Applicable,0,Not Applicable (N/A),1,No,0,Not Applicable,0,Not Applicable,0,Not Applicable,0,Not Applicable,0,Not a Bus,0,No Special Use,0,Not Applicable,998,Not Reported,0,No Underride or Override Noted,0,No Rollover,0,No Rollover,12,12 Clock Point,8,Not Reported,2,Towed Due to Disabling Damage,12,Motor Vehicle In-Transport,0,,0,,0,No or Not Reported,1,Yes,41,Oregon,97206,97206,6,Valid,1,Full Driver License,0,No (CDL),0,No Endorsements required for this vehicle,3,Valid license for this class vehicle,0,No Restrictions or Not Applicable,67,67,127,127 lbs.,0,,0,,0,,0,,0,,0,No Record,0,No Record,0,No Record,0,No Record,0,No,0,,0,,0,,0,,5,"Two-Way, Not Divided With a Continuous Left-Turn Lane",5,Five lanes,35,35 MPH,1,Straight,2,"Grade, Unknown Slope",2,"Blacktop, Bituminous, or Asphalt",1,Dry,0,No Controls,0,No Controls,11,Turning Left,15,Turning Left,99,Unknown/Not Reported,1,Tracking,1,Stayed in original travel lane,68,J68-Trafficway Vehicle Turning-Turn Across Path-Initial Opposite Directions (Left/Right),0,0,No,777777777777,No Trailing Units,777777777777,No Trailing Units,777777777777,No Trailing Units
41,Oregon,410081,1,1,1,01,16,16,4,April,16,4:00pm-4:59pm,29,29,35,Embankment,0,Not a Collision with Motor Vehicle In-Transport,1,Motor Vehicle In-Transport (Inside or Outside the Trafficway),0,No,41,Oregon,1,Driver (in this crash) was  Registered Owner,55,Hyundai,401,55401,Hyundai Santa Fe,14,"Compact Utility (Utility Vehicle Categories ""Small"" and ""Midsize"")",2008,2008,5NMSG13D08H1,5NMSG13D08H1,5,N,M,S,G,1,3,D,0,8,H,1,0,No Trailing Units,0,Not an Articulated Vehicle,0,Not Applicable,000000000,Not Applicable,00000000000,Not Applicable,0,Not Applicable,0,Not Applicable,0,Not Applicable (N/A),1,No,0,Not Applicable,0,Not Applicable,0,Not Applicable,0,Not Applicable,0,Not a Bus,0,No Special Use,0,Not Applicable,998,Not Reported,0,No Underride or Override Noted,1,"Rollover, Tripped by Object/Vehicle",5,On Roadside,2,2 Clock Point,6,Disabling Damage,2,Towed Due to Disabling Damage,1,Rollover/Overturn,0,,0,,0,No or Not Reported,1,Yes,41,Oregon,97423,97423,6,Valid,1,Full Driver License,0,No (CDL),0,No Endorsements required for this vehicle,3,Valid license for this class vehicle,1,Restrictions Complied With,72,72,225,225 lbs.,0,,0,,0,,0,,0,,0,No Record,0,No Record,0,No Record,0,No Record,9,Unknown,99,Unknown,99,Unknown,99,Unknown,99,Unknown,2,"Two-Way, Divided, Unprotected Median",2,Two lanes,50,50 MPH,3,Curve Left,1,Level,2,"Blacktop, Bituminous, or Asphalt",1,Dry,0,No Controls,0,No Controls,14,Negotiating a Curve,12,Off the edge of the road on the left side,99,Unknown/Not Reported,1,Tracking,4,Departed roadway,6,B6-Single Driver-Left Roadside Departure-Drive Off Road,1,0,No,777777777777,No Trailing Units,777777777777,No Trailing Units,777777777777,No Trailing Units
41,Oregon,410082,1,2,1,01,17,17,4,April,7,7:00am-7:59am,14,14,12,Motor Vehicle In-Transport,6,Angle,1,Motor Vehicle In-Transport (Inside or Outside the Trafficway),0,No,41,Oregon,1,Driver (in this crash) was  Registered Owner,48,Subaru,38,48038,Subaru Impreza,6,Station Wagon (excluding van and truck based),2004,2004,JF1GG29614G8,JF1GG29614G8,J,F,1,G,G,2,9,6,1,4,G,8,0,No Trailing Units,0,Not an Articulated Vehicle,0,Not Applicable,000000000,Not Applicable,00000000000,Not Applicable,0,Not Applicable,0,Not Applicable,0,Not Applicable (N/A),1,No,0,Not Applicable,0,Not Applicable,0,Not Applicable,0,Not Applicable,0,Not a Bus,0,No Special Use,0,Not Applicable,998,Not Reported,0,No Underride or Override Noted,0,No Rollover,0,No Rollover,3,3 Clock Point,6,Disabling Damage,2,Towed Due to Disabling Damage,12,Motor Vehicle In-Transport,0,,0,,0,No or Not Reported,1,Yes,41,Oregon,97317,97317,6,Valid,1,Full Driver License,0,No (CDL),0,No Endorsements required for this vehicle,3,Valid license for this class vehicle,0,No Restrictions or Not Applicable,69,69,205,205 lbs.,0,,0,,0,,0,,1,1,1,January,2013,2013,1,January,2013,2013,4,"Yes, Too Fast for Conditions",28,Improper Lane Usage,0,,0,,0,,1,"Two-Way, Not Divided",2,Two lanes,55,55 MPH,4,Curve - Unknown Direction,2,"Grade, Unknown Slope",2,"Blacktop, Bituminous, or Asphalt",4,Ice/Frost,0,No Controls,0,No Controls,14,Negotiating a Curve,10,Over the lane line on left side of travel lane,99,Unknown/Not Reported,1,Tracking,2,"Stayed on roadway, but left original travel lane",64,"I64-Same Trafficway, Opposite Direction-Angle, Sideswipe-Lateral Move (Left/Right)",1,0,No,777777777777,No Trailing Units,777777777777,No Trailing Units,777777777777,No Trailing Units
41,Oregon,410082,2,2,3,03,17,17,4,April,7,7:00am-7:59am,14,14,12,Motor Vehicle In-Transport,6,Angle,1,Motor Vehicle In-Transport (Inside or Outside the Trafficway),0,No,41,Oregon,1,Driver (in this crash) was  Registered Owner,35,Datsun/Nissan,402,35402,Datsun/Nissan Xterra,14,"Compact Utility (Utility Vehicle Categories ""Small"" and ""Midsize"")",2010,2010,5N1AN0NW5AC5,5N1AN0NW5AC5,5,N,1,A,N,0,N,W,5,A,C,5,0,No Trailing Units,0,Not an Articulated Vehicle,0,Not Applicable,000000000,Not Applicable,00000000000,Not Applicable,0,Not Applicable,0,Not Applicable,0,Not Applicable (N/A),1,No,0,Not Applicable,0,Not Applicable,0,Not Applicable,0,Not Applicable,0,Not a Bus,0,No Special Use,0,Not Applicable,998,Not Reported,0,No Underride or Override Noted,0,No Rollover,0,No Rollover,12,12 Clock Point,6,Disabling Damage,2,Towed Due to Disabling Damage,12,Motor Vehicle In-Transport,0,,0,,0,No or Not Reported,1,Yes,41,Oregon,97739,97739,6,Valid,1,Full Driver License,0,No (CDL),0,No Endorsements required for this vehicle,3,Valid license for this class vehicle,0,No Restrictions or Not Applicable,73,73,170,170 lbs.,0,,0,,0,,0,,0,,0,No Record,0,No Record,0,No Record,0,No Record,0,No,0,,0,,0,,0,,1,"Two-Way, Not Divided",2,Two lanes,55,55 MPH,4,Curve - Unknown Direction,2,"Grade, Unknown Slope",2,"Blacktop, Bituminous, or Asphalt",4,Ice/Frost,0,No Controls,0,No Controls,14,Negotiating a Curve,62,From opposite direction  over left lane line,99,Unknown/Not Reported,1,Tracking,1,Stayed in original travel lane,65,"I65-Same Trafficway, Opposite Direction-Angle, Sideswipe-Lateral Move (Going Straight)",0,0,No,777777777777,No Trailing Units,777777777777,No Trailing Units,777777777777,No Trailing Units
41,Oregon,410083,1,1,1,01,19,19,4,April,0,0:00am-0:59am,15,15,8,Pedestrian,0,Not a Collision with Motor Vehicle In-Transport,1,Motor Vehicle In-Transport (Inside or Outside the Trafficway),0,No,41,Oregon,2,Driver (in this crash) Not Registered Owner (Other Private Owner Listed),18,Buick / Opel,7,18007,Buick / Opel Century,4,"4-door sedan, hardtop",2002,2002,2G4WS52J7211,2G4WS52J7211,2,G,4,W,S,5,2,J,7,2,1,1,0,No Trailing Units,0,Not an Articulated Vehicle,0,Not Applicable,000000000,Not Applicable,00000000000,Not Applicable,0,Not Applicable,0,Not Applicable,0,Not Applicable (N/A),1,No,0,Not Applicable,0,Not Applicable,0,Not Applicable,0,Not Applicable,0,Not a Bus,0,No Special Use,0,Not Applicable,998,Not Reported,0,No Underride or Override Noted,0,No Rollover,0,No Rollover,12,12 Clock Point,8,Not Reported,2,Towed Due to Disabling Damage,8,Pedestrian,0,,0,,0,No or Not Reported,1,Yes,41,Oregon,97324,97324,6,Valid,1,Full Driver License,0,No (CDL),0,No Endorsements required for this vehicle,3,Valid license for this class vehicle,0,No Restrictions or Not Applicable,68,68,190,190 lbs.,0,,0,,0,,0,,0,,0,No Record,0,No Record,0,No Record,0,No Record,0,No,0,,0,,0,,0,,5,"Two-Way, Not Divided With a Continuous Left-Turn Lane",5,Five lanes,55,55 MPH,1,Straight,1,Level,2,"Blacktop, Bituminous, or Asphalt",1,Dry,0,No Controls,0,No Controls,1,Going Straight,80,Pedestrian in road,99,Unknown/Not Reported,1,Tracking,1,Stayed in original travel lane,13,C13-Single Driver-Forward Impact-Pedestrian/ Animal,0,0,No,777777777777,No Trailing Units,777777777777,No Trailing Units,777777777777,No Trailing Units
41,Oregon,410084,1,2,1,01,1,1,5,May,19,7:00pm-7:59pm,9,9,12,Motor Vehicle In-Transport,6,Angle,1,Motor Vehicle In-Transport (Inside or Outside the Trafficway),0,No,0,Not Applicable,0,"Not Applicable, Vehicle Not Registered",37,Honda,703,37703,Honda 125-349 cc,83,Off-road Motorcycle,1991,1991,JH2DF0365M10,JH2DF0365M10,J,H,2,D,F,0,3,6,5,M,1,0,0,No Trailing Units,0,Not an Articulated Vehicle,0,Not Applicable,000000000,Not Applicable,00000000000,Not Applicable,0,Not Applicable,0,Not Applicable,0,Not Applicable (N/A),1,No,0,Not Applicable,0,Not Applicable,0,Not Applicable,0,Not Applicable,0,Not a Bus,0,No Special Use,0,Not Applicable,998,Not Reported,0,No Underride or Override Noted,0,No Rollover,0,No Rollover,9,9 Clock Point,9,Unknown,5,Not Towed,12,Motor Vehicle In-Transport,0,,0,,0,No or Not Reported,1,Yes,41,Oregon,97601,97601,6,Valid,1,Full Driver License,0,No (CDL),0,No Endorsements required for this vehicle,3,Valid license for this class vehicle,0,No Restrictions or Not Applicable,70,70,130,130 lbs.,0,,0,,0,,1,1,1,1,4,April,2014,2014,5,May,2015,2015,4,"Yes, Too Fast for Conditions",0,,0,,0,,0,,1,"Two-Way, Not Divided",2,Two lanes,25,25 MPH,1,Straight,1,Level,2,"Blacktop, Bituminous, or Asphalt",1,Dry,0,No Controls,0,No Controls,1,Going Straight,66,"From crossing street, across path",99,Unknown/Not Reported,1,Tracking,1,Stayed in original travel lane,89,L89-Intersecting Paths-Straight Paths-Struck on the left,1,1,Yes,777777777777,No Trailing Units,777777777777,No Trailing Units,777777777777,No Trailing Units
41,Oregon,410084,2,2,1,01,1,1,5,May,19,7:00pm-7:59pm,9,9,12,Motor Vehicle In-Transport,6,Angle,1,Motor Vehicle In-Transport (Inside or Outside the Trafficway),0,No,41,Oregon,1,Driver (in this crash) was  Registered Owner,12,Ford,481,12481,Ford F-Series pickup,34,Light Pickup,2010,2010,1FTFX1EV3AKE,1FTFX1EV3AKE,1,F,T,F,X,1,E,V,3,A,K,E,0,No Trailing Units,0,Not an Articulated Vehicle,0,Not Applicable,000000000,Not Applicable,00000000000,Not Applicable,0,Not Applicable,0,Not Applicable,0,Not Applicable (N/A),1,No,0,Not Applicable,0,Not Applicable,0,Not Applicable,0,Not Applicable,0,Not a Bus,0,No Special Use,0,Not Applicable,998,Not Reported,0,No Underride or Override Noted,0,No Rollover,0,No Rollover,12,12 Clock Point,8,Not Reported,2,Towed Due to Disabling Damage,12,Motor Vehicle In-Transport,0,,0,,0,No or Not Reported,1,Yes,41,Oregon,97601,97601,6,Valid,1,Full Driver License,0,No (CDL),0,No Endorsements required for this vehicle,3,Valid license for this class vehicle,1,Restrictions Complied With,67,67,160,160 lbs.,0,,0,,0,,0,,0,,0,No Record,0,No Record,0,No Record,0,No Record,0,No,38,Failure to Yield Right-of-Way,0,,0,,0,,1,"Two-Way, Not Divided",2,Two lanes,25,25 MPH,1,Straight,2,"Grade, Unknown Slope",2,"Blacktop, Bituminous, or Asphalt",1,Dry,0,No Controls,0,No Controls,1,Going Straight,17,Crossing over (passing through) Junction,99,Unknown/Not Reported,1,Tracking,1,Stayed in original travel lane,88,L88-Intersecting Paths-Straight Paths-Striking from the Left,0,0,No,777777777777,No Trailing Units,777777777777,No Trailing Units,777777777777,No Trailing Units
41,Oregon,410085,1,1,1,01,5,5,5,May,0,0:00am-0:59am,41,41,14,Parked Motor Vehicle,0,Not a Collision with Motor Vehicle In-Transport,1,Motor Vehicle In-Transport (Inside or Outside the Trafficway),0,No,41,Oregon,3,Vehicle Registered as Business/Company/Government Vehicle,20,Chevrolet,461,20461,Chevrolet G-series van,21,"Large Van-Includes van-based buses (B150-B350, Sportsman, Royal Maxiwagon, Ram, Tradesman,...)",2011,2011,1GCWGFFA2B11,1GCWGFFA2B11,1,G,C,W,G,F,F,A,2,B,1,1,0,No Trailing Units,0,Not an Articulated Vehicle,0,Not Applicable,000000000,Not Applicable,00000000000,Not Applicable,0,Not Applicable,0,Not Applicable,0,Not Applicable (N/A),1,No,0,Not Applicable,0,Not Applicable,0,Not Applicable,0,Not Applicable,0,Not a Bus,0,No Special Use,0,Not Applicable,998,Not Reported,0,No Underride or Override Noted,0,No Rollover,0,No Rollover,12,12 Clock Point,8,Not Reported,2,Towed Due to Disabling Damage,14,Parked Motor Vehicle,0,,0,,0,No or Not Reported,1,Yes,41,Oregon,97321,97321,6,Valid,1,Full Driver License,0,No (CDL),0,No Endorsements required for this vehicle,3,Valid license for this class vehicle,0,No Restrictions or Not Applicable,73,73,185,185 lbs.,0,,0,,0,,0,,0,,0,No Record,0,No Record,0,No Record,0,No Record,9,Unknown,99,Unknown,99,Unknown,99,Unknown,99,Unknown,6,Entrance/Exit Ramp,1,One lane,65,65 MPH,1,Straight,1,Level,2,"Blacktop, Bituminous, or Asphalt",1,Dry,0,No Controls,0,No Controls,1,Going Straight,12,Off the edge of the road on the left side,99,Unknown/Not Reported,1,Tracking,4,Departed roadway,6,B6-Single Driver-Left Roadside Departure-Drive Off Road,1,1,Yes,777777777777,No Trailing Units,777777777777,No Trailing Units,777777777777,No Trailing Units
41,Oregon,410086,1,1,99,Unknown,5,5,5,May,4,4:00am-4:59am,31,31,8,Pedestrian,0,Not a Collision with Motor Vehicle In-Transport,1,Motor Vehicle In-Transport (Inside or Outside the Trafficway),1,Yes,99,Unknown,9,Unknown,99,Unknown Make,999,99999,"Unknown Make Unknown (as to automobile, motored cycle, light truck or truck)",99,Unknown body type,9999,Unknown,999999999999,Unknown,9,9,9,9,9,9,9,9,9,9,9,9,0,No Trailing Units,0,Not an Articulated Vehicle,0,Not Applicable,000000000,Not Applicable,00000000000,Not Applicable,0,Not Applicable,0,Not Applicable,0,Not Applicable (N/A),1,No,0,Not Applicable,0,Not Applicable,0,Not Applicable,0,Not Applicable,0,Not a Bus,0,No Special Use,0,Not Applicable,998,Not Reported,0,No Underride or Override Noted,0,No Rollover,0,No Rollover,12,12 Clock Point,8,Not Reported,5,Not Towed,8,Pedestrian,0,,0,,0,No or Not Reported,1,Yes,99,Unknown,99999,Unknown,9,Unknown License Status,9,Unknown License Type,99,Unknown License Status,9,"Unknown, if required",9,Unknown,9,Unknown,999,Unknown,999,Unknown,99,Unknown,99,Unknown,99,Unknown,99,Unknown,99,Unknown,99,Unknown,9999,Unknown,99,Unknown,9999,Unknown,4,"Yes, Too Fast for Conditions",99,Unknown,99,Unknown,99,Unknown,99,Unknown,5,"Two-Way, Not Divided With a Continuous Left-Turn Lane",5,Five lanes,98,Not Reported,1,Straight,1,Level,2,"Blacktop, Bituminous, or Asphalt",1,Dry,0,No Controls,0,No Controls,1,Going Straight,80,Pedestrian in road,99,Unknown/Not Reported,1,Tracking,1,Stayed in original travel lane,13,C13-Single Driver-Forward Impact-Pedestrian/ Animal,0,0,No,777777777777,No Trailing Units,777777777777,No Trailing Units,777777777777,No Trailing Units
41,Oregon,410087,1,3,1,01,7,7,5,May,21,9:00pm-9:59pm,44,44,12,Motor Vehicle In-Transport,8,Sideswipe - Opposite Direction,1,Motor Vehicle In-Transport (Inside or Outside the Trafficway),0,No,41,Oregon,1,Driver (in this crash) was  Registered Owner,12,Ford,37,12037,Ford Focus,4,"4-door sedan, hardtop",2012,2012,1FAHP3F27CL1,1FAHP3F27CL1,1,F,A,H,P,3,F,2,7,C,L,1,0,No Trailing Units,0,Not an Articulated Vehicle,0,Not Applicable,000000000,Not Applicable,00000000000,Not Applicable,0,Not Applicable,0,Not Applicable,0,Not Applicable (N/A),1,No,0,Not Applicable,0,Not Applicable,0,Not Applicable,0,Not Applicable,0,Not a Bus,0,No Special Use,0,Not Applicable,998,Not Reported,0,No Underride or Override Noted,0,No Rollover,0,No Rollover,11,11 Clock Point,6,Disabling Damage,2,Towed Due to Disabling Damage,12,Motor Vehicle In-Transport,0,,0,,0,No or Not Reported,1,Yes,41,Oregon,97868,97868,6,Valid,1,Full Driver License,0,No (CDL),0,No Endorsements required for this vehicle,3,Valid license for this class vehicle,0,No Restrictions or Not Applicable,68,68,170,170 lbs.,1,1,1,1,0,,2,2,0,,6,June,2012,2012,11,November,2015,2015,0,No,51,Driving on Wrong Side of Two-Way Trafficway (Intentional or Unintentional),0,,0,,0,,2,"Two-Way, Divided, Unprotected Median",2,Two lanes,65,65 MPH,1,Straight,1,Level,1,Concrete,1,Dry,0,No Controls,0,No Controls,1,Going Straight,54,Traveling in opposite direction,99,Unknown/Not Reported,1,Tracking,1,Stayed in original travel lane,64,"I64-Same Trafficway, Opposite Direction-Angle, Sideswipe-Lateral Move (Left/Right)",1,0,No,777777777777,No Trailing Units,777777777777,No Trailing Units,777777777777,No Trailing Units
41,Oregon,410087,2,3,2,02,7,7,5,May,21,9:00pm-9:59pm,44,44,12,Motor Vehicle In-Transport,8,Sideswipe - Opposite Direction,1,Motor Vehicle In-Transport (Inside or Outside the Trafficway),0,No,93,Multiple State Registration,3,Vehicle Registered as Business/Company/Government Vehicle,82,Freightliner,881,82881,Freightliner Medium/Heavy - CBE,66,"Truck-tractor (Cab only, or with any number of trailing unit; any weight)",2016,2016,3AKJGLDR3GSG,3AKJGLDR3GSG,3,A,K,J,G,L,D,R,3,G,S,G,1,One Trailing Unit,1,No,99,Unknown,999999999,Unknown,99999999999,Unknown,3,"26,001 lbs. or more",6,Truck Tractor/Semi-Trailer,1,Van/Enclosed Box,1,No,0,Not Applicable,0,Not Applicable,0,Not Applicable,0,Not Applicable,0,Not a Bus,0,No Special Use,0,Not Applicable,998,Not Reported,0,No Underride or Override Noted,0,No Rollover,0,No Rollover,7,7 Clock Point,8,Not Reported,5,Not Towed,12,Motor Vehicle In-Transport,0,,0,,0,No or Not Reported,1,Yes,18,Indiana,46324,46324,6,Valid,1,Full Driver License,6,Valid,0,No Endorsements required for this vehicle,3,Valid license for this class vehicle,1,Restrictions Complied With,69,69,220,220 lbs.,1,1,1,1,0,,0,,0,,8,August,2012,2012,6,June,2015,2015,0,No,0,,0,,0,,0,,2,"Two-Way, Divided, Unprotected Median",2,Two lanes,65,65 MPH,1,Straight,1,Level,1,Concrete,1,Dry,0,No Controls,0,No Controls,1,Going Straight,54,Traveling in opposite direction,99,Unknown/Not Reported,1,Tracking,1,Stayed in original travel lane,65,"I65-Same Trafficway, Opposite Direction-Angle, Sideswipe-Lateral Move (Going Straight)",0,0,No,999999999999,Unknown,777777777777,No Trailing Units,777777777777,No Trailing Units
41,Oregon,410087,3,3,1,01,7,7,5,May,21,9:00pm-9:59pm,44,44,12,Motor Vehicle In-Transport,8,Sideswipe - Opposite Direction,1,Motor Vehicle In-Transport (Inside or Outside the Trafficway),0,No,93,Multiple State Registration,3,Vehicle Registered as Business/Company/Government Vehicle,82,Freightliner,881,82881,Freightliner Medium/Heavy - CBE,66,"Truck-tractor (Cab only, or with any number of trailing unit; any weight)",2013,2013,1FUJGLDR3DLB,1FUJGLDR3DLB,1,F,U,J,G,L,D,R,3,D,L,B,1,One Trailing Unit,1,No,57,US DOT,053083763,053083763,57053083763,57053083763,3,"26,001 lbs. or more",6,Truck Tractor/Semi-Trailer,1,Van/Enclosed Box,1,No,0,Not Applicable,0,Not Applicable,0,Not Applicable,0,Not Applicable,0,Not a Bus,0,No Special Use,0,Not Applicable,998,Not Reported,0,No Underride or Override Noted,0,No Rollover,0,No Rollover,12,12 Clock Point,8,Not Reported,5,Not Towed,12,Motor Vehicle In-Transport,0,,0,,0,No or Not Reported,1,Yes,18,Indiana,31632,31632,6,Valid,1,Full Driver License,6,Valid,0,No Endorsements required for this vehicle,3,Valid license for this class vehicle,0,No Restrictions or Not Applicable,69,69,245,245 lbs.,0,,0,,0,,0,,1,1,6,June,2012,2012,6,June,2012,2012,0,No,0,,0,,0,,0,,2,"Two-Way, Divided, Unprotected Median",2,Two lanes,65,65 MPH,1,Straight,1,Level,1,Concrete,1,Dry,0,No Controls,0,No Controls,1,Going Straight,54,Traveling in opposite direction,99,Unknown/Not Reported,1,Tracking,1,Stayed in original travel lane,98,M98-Other Crash Type,0,0,No,999999999999,Unknown,777777777777,No Trailing Units,777777777777,No Trailing Units
41,Oregon,410088,1,2,1,01,9,9,5,May,9,9:00am-9:59am,45,45,12,Motor Vehicle In-Transport,6,Angle,1,Motor Vehicle In-Transport (Inside or Outside the Trafficway),0,No,41,Oregon,1,Driver (in this crash) was  Registered Owner,37,Honda,706,37706,Honda 750 cc or greater,80,Two Wheel Motorcycle (excluding motor scooters),2001,2001,JH2SC44121M1,JH2SC44121M1,J,H,2,S,C,4,4,1,2,1,M,1,0,No Trailing Units,0,Not an Articulated Vehicle,0,Not Applicable,000000000,Not Applicable,00000000000,Not Applicable,0,Not Applicable,0,Not Applicable,0,Not Applicable (N/A),1,No,0,Not Applicable,0,Not Applicable,0,Not Applicable,0,Not Applicable,0,Not a Bus,0,No Special Use,0,Not Applicable,998,Not Reported,0,No Underride or Override Noted,0,No Rollover,0,No Rollover,12,12 Clock Point,6,Disabling Damage,2,Towed Due to Disabling Damage,12,Motor Vehicle In-Transport,0,,0,,0,No or Not Reported,1,Yes,41,Oregon,97524,97524,6,Valid,1,Full Driver License,0,No (CDL),0,No Endorsements required for this vehicle,3,Valid license for this class vehicle,0,No Restrictions or Not Applicable,67,67,200,200 lbs.,0,,0,,0,,2,2,0,,3,March,2013,2013,11,November,2016,2016,4,"Yes, Too Fast for Conditions",0,,0,,0,,0,,1,"Two-Way, Not Divided",2,Two lanes,55,55 MPH,1,Straight,1,Level,2,"Blacktop, Bituminous, or Asphalt",1,Dry,0,No Controls,0,No Controls,1,Going Straight,17,Crossing over (passing through) Junction,99,Unknown/Not Reported,1,Tracking,1,Stayed in original travel lane,86,L86-Intersecting Paths-Straight Paths-Striking from the Right,1,0,No,777777777777,No Trailing Units,777777777777,No Trailing Units,777777777777,No Trailing Units
41,Oregon,410088,2,2,1,01,9,9,5,May,9,9:00am-9:59am,45,45,12,Motor Vehicle In-Transport,6,Angle,1,Motor Vehicle In-Transport (Inside or Outside the Trafficway),0,No,41,Oregon,1,Driver (in this crash) was  Registered Owner,12,Ford,481,12481,Ford F-Series pickup,34,Light Pickup,2004,2004,2FTRX17W24CA,2FTRX17W24CA,2,F,T,R,X,1,7,W,2,4,C,A,0,No Trailing Units,0,Not an Articulated Vehicle,0,Not Applicable,000000000,Not Applicable,00000000000,Not Applicable,0,Not Applicable,0,Not Applicable,0,Not Applicable (N/A),1,No,0,Not Applicable,0,Not Applicable,0,Not Applicable,0,Not Applicable,0,Not a Bus,0,No Special Use,0,Not Applicable,998,Not Reported,0,No Underride or Override Noted,0,No Rollover,0,No Rollover,1,1 Clock Point,8,Not Reported,2,Towed Due to Disabling Damage,12,Motor Vehicle In-Transport,0,,0,,0,No or Not Reported,1,Yes,41,Oregon,97504,97504,6,Valid,1,Full Driver License,0,No (CDL),0,No Endorsements required for this vehicle,3,Valid license for this class vehicle,0,No Restrictions or Not Applicable,73,73,183,183 lbs.,0,,0,,0,,0,,0,,0,No Record,0,No Record,0,No Record,0,No Record,0,No,0,,0,,0,,0,,1,"Two-Way, Not Divided",2,Two lanes,55,55 MPH,1,Straight,1,Level,2,"Blacktop, Bituminous, or Asphalt",1,Dry,0,No Controls,0,No Controls,1,Going Straight,17,Crossing over (passing through) Junction,99,Unknown/Not Reported,1,Tracking,1,Stayed in original travel lane,87,L87-Intersecting Paths-Straight Paths-Struck on the Right,0,0,No,777777777777,No Trailing Units,777777777777,No Trailing Units,777777777777,No Trailing Units
41,Oregon,410089,1,1,2,02,22,22,4,April,99,Unknown Hours,99,Unknown Minutes,58,Ground,0,Not a Collision with Motor Vehicle In-Transport,1,Motor Vehicle In-Transport (Inside or Outside the Trafficway),0,No,41,Oregon,0,"Not Applicable, Vehicle Not Registered",2,Jeep / Kaiser-Jeep / Willys- Jeep,404,2404,Jeep / Kaiser-Jeep / Willys- Jeep Cherokee (1984-on) (For Grand Cherokee for 2014 on use 02-422.),14,"Compact Utility (Utility Vehicle Categories ""Small"" and ""Midsize"")",2001,2001,1J4GW48SX1C5,1J4GW48SX1C5,1,J,4,G,W,4,8,S,X,1,C,5,0,No Trailing Units,0,Not an Articulated Vehicle,0,Not Applicable,000000000,Not Applicable,00000000000,Not Applicable,0,Not Applicable,0,Not Applicable,0,Not Applicable (N/A),1,No,0,Not Applicable,0,Not Applicable,0,Not Applicable,0,Not Applicable,0,Not a Bus,0,No Special Use,0,Not Applicable,998,Not Reported,0,No Underride or Override Noted,0,No Rollover,0,No Rollover,13,Top,6,Disabling Damage,2,Towed Due to Disabling Damage,58,Ground,0,,0,,0,No or Not Reported,1,Yes,41,Oregon,97868,97868,6,Valid,1,Full Driver License,0,No (CDL),0,No Endorsements required for this vehicle,3,Valid license for this class vehicle,0,No Restrictions or Not Applicable,62,62,110,110 lbs.,0,,3,3,0,,1,1,0,,1,January,2014,2014,6,June,2015,2015,9,Unknown,99,Unknown,99,Unknown,99,Unknown,99,Unknown,1,"Two-Way, Not Divided",2,Two lanes,98,Not Reported,3,Curve Left,1,Level,2,"Blacktop, Bituminous, or Asphalt",1,Dry,0,No Controls,0,No Controls,14,Negotiating a Curve,19,Unknown travel direction,99,Unknown/Not Reported,1,Tracking,4,Departed roadway,99,M99-Unknown,1,0,No,777777777777,No Trailing Units,777777777777,No Trailing Units,777777777777,No Trailing Units
41,Oregon,410090,1,2,1,01,24,24,4,April,13,1:00pm-1:59pm,54,54,12,Motor Vehicle In-Transport,2,Front-to-Front,1,Motor Vehicle In-Transport (Inside or Outside the Trafficway),0,No,41,Oregon,1,Driver (in this crash) was  Registered Owner,37,Honda,37,37037,Honda Insight,5,5-door/4-door hatchback,2010,2010,JHMZE2H79AS0,JHMZE2H79AS0,J,H,M,Z,E,2,H,7,9,A,S,0,0,No Trailing Units,0,Not an Articulated Vehicle,0,Not Applicable,000000000,Not Applicable,00000000000,Not Applicable,0,Not Applicable,0,Not Applicable,0,Not Applicable (N/A),1,No,0,Not Applicable,0,Not Applicable,0,Not Applicable,0,Not Applicable,0,Not a Bus,0,No Special Use,0,Not Applicable,998,Not Reported,0,No Underride or Override Noted,0,No Rollover,0,No Rollover,12,12 Clock Point,6,Disabling Damage,2,Towed Due to Disabling Damage,12,Motor Vehicle In-Transport,0,,0,,0,No or Not Reported,1,Yes,41,Oregon,97520,97520,6,Valid,1,Full Driver License,0,No (CDL),0,No Endorsements required for this vehicle,3,Valid license for this class vehicle,1,Restrictions Complied With,72,72,205,205 lbs.,0,,0,,0,,0,,0,,0,No Record,0,No Record,0,No Record,0,No Record,0,No,28,Improper Lane Usage,0,,0,,0,,1,"Two-Way, Not Divided",2,Two lanes,55,55 MPH,3,Curve Left,2,"Grade, Unknown Slope",2,"Blacktop, Bituminous, or Asphalt",2,Wet,0,No Controls,0,No Controls,14,Negotiating a Curve,10,Over the lane line on left side of travel lane,99,Unknown/Not Reported,1,Tracking,2,"Stayed on roadway, but left original travel lane",50,"G50-Same Trafficway, Opposite Direction-Head-On-Lateral Move (Left/Right)",1,1,Yes,777777777777,No Trailing Units,777777777777,No Trailing Units,777777777777,No Trailing Units
41,Oregon,410090,2,2,2,02,24,24,4,April,13,1:00pm-1:59pm,54,54,12,Motor Vehicle In-Transport,2,Front-to-Front,1,Motor Vehicle In-Transport (Inside or Outside the Trafficway),0,No,99,Unknown,9,Unknown,20,Chevrolet,499,20499,Chevrolet Unknown (light truck),39,Unknown (pickup style) light conventional truck type,9999,Unknown,999999999999,Unknown,9,9,9,9,9,9,9,9,9,9,9,9,0,No Trailing Units,0,Not an Articulated Vehicle,0,Not Applicable,000000000,Not Applicable,00000000000,Not Applicable,0,Not Applicable,0,Not Applicable,0,Not Applicable (N/A),1,No,0,Not Applicable,0,Not Applicable,0,Not Applicable,0,Not Applicable,0,Not a Bus,0,No Special Use,0,Not Applicable,998,Not Reported,0,No Underride or Override Noted,0,No Rollover,0,No Rollover,12,12 Clock Point,9,Unknown,2,Towed Due to Disabling Damage,12,Motor Vehicle In-Transport,0,,0,,0,No or Not Reported,1,Yes,41,Oregon,97540,97540,6,Valid,1,Full Driver License,0,No (CDL),0,No Endorsements required for this vehicle,3,Valid license for this class vehicle,0,No Restrictions or Not Applicable,69,69,142,142 lbs.,0,,0,,0,,0,,0,,0,No Record,0,No Record,0,No Record,0,No Record,0,No,0,,0,,0,,0,,1,"Two-Way, Not Divided",2,Two lanes,55,55 MPH,2,Curve Right,2,"Grade, Unknown Slope",2,"Blacktop, Bituminous, or Asphalt",2,Wet,0,No Controls,0,No Controls,14,Negotiating a Curve,62,From opposite direction  over left lane line,99,Unknown/Not Reported,1,Tracking,1,Stayed in original travel lane,51,"G51-Same Trafficway, Opposite Direction-Head-On-Lateral Move (Going Straight)",0,0,No,777777777777,No Trailing Units,777777777777,No Trailing Units,777777777777,No Trailing Units
41,Oregon,410091,1,1,1,01,26,26,4,April,5,5:00am-5:59am,55,55,42,Tree (Standing Only),0,Not a Collision with Motor Vehicle In-Transport,1,Motor Vehicle In-Transport (Inside or Outside the Trafficway),0,No,41,Oregon,2,Driver (in this crash) Not Registered Owner (Other Private Owner Listed),37,Honda,31,37031,"Honda Civic/CRX, del Sol",4,"4-door sedan, hardtop",2007,2007,JHMFA36267S0,JHMFA36267S0,J,H,M,F,A,3,6,2,6,7,S,0,0,No Trailing Units,0,Not an Articulated Vehicle,0,Not Applicable,000000000,Not Applicable,00000000000,Not Applicable,0,Not Applicable,0,Not Applicable,0,Not Applicable (N/A),1,No,0,Not Applicable,0,Not Applicable,0,Not Applicable,0,Not Applicable,0,Not a Bus,0,No Special Use,0,Not Applicable,998,Not Reported,0,No Underride or Override Noted,0,No Rollover,0,No Rollover,1,1 Clock Point,6,Disabling Damage,2,Towed Due to Disabling Damage,42,Tree (Standing Only),0,,0,,0,No or Not Reported,1,Yes,41,Oregon,97053,97053,6,Valid,1,Full Driver License,0,No (CDL),0,No Endorsements required for this vehicle,3,Valid license for this class vehicle,0,No Restrictions or Not Applicable,65,65,113,113 lbs.,0,,0,,0,,0,,0,,0,No Record,0,No Record,0,No Record,0,No Record,5,"Yes, Specifics Unknown",99,Unknown,99,Unknown,99,Unknown,99,Unknown,1,"Two-Way, Not Divided",3,Three lanes,55,55 MPH,4,Curve - Unknown Direction,2,"Grade, Unknown Slope",2,"Blacktop, Bituminous, or Asphalt",2,Wet,0,No Controls,0,No Controls,14,Negotiating a Curve,13,Off the edge of the road on the right side,99,Unknown/Not Reported,1,Tracking,4,Departed roadway,1,A1-Single Driver-Right Roadside Departure-Drive Off Road,1,0,No,777777777777,No Trailing Units,777777777777,No Trailing Units,777777777777,No Trailing Units
41,Oregon,410092,1,1,2,02,26,26,4,April,14,2:00pm-2:59pm,57,57,24,Guardrail Face,0,Not a Collision with Motor Vehicle In-Transport,1,Motor Vehicle In-Transport (Inside or Outside the Trafficway),0,No,53,Washington,1,Driver (in this crash) was  Registered Owner,7,Dodge,482,7482,Dodge Ram Pickup,34,Light Pickup,2005,2005,3D3KS28CX5G8,3D3KS28CX5G8,3,D,3,K,S,2,8,C,X,5,G,8,0,No Trailing Units,0,Not an Articulated Vehicle,0,Not Applicable,000000000,Not Applicable,00000000000,Not Applicable,0,Not Applicable,0,Not Applicable,0,Not Applicable (N/A),1,No,0,Not Applicable,0,Not Applicable,0,Not Applicable,0,Not Applicable,0,Not a Bus,0,No Special Use,0,Not Applicable,998,Not Reported,0,No Underride or Override Noted,1,"Rollover, Tripped by Object/Vehicle",3,On Median/Separator,1,1 Clock Point,6,Disabling Damage,2,Towed Due to Disabling Damage,1,Rollover/Overturn,0,,0,,0,No or Not Reported,1,Yes,53,Washington,99037,99037,6,Valid,1,Full Driver License,0,No (CDL),0,No Endorsements required for this vehicle,3,Valid license for this class vehicle,0,No Restrictions or Not Applicable,68,68,175,175 lbs.,0,,0,,0,,0,,0,,0,No Record,0,No Record,0,No Record,0,No Record,9,Unknown,99,Unknown,99,Unknown,99,Unknown,99,Unknown,2,"Two-Way, Divided, Unprotected Median",2,Two lanes,70,70 MPH,1,Straight,2,"Grade, Unknown Slope",2,"Blacktop, Bituminous, or Asphalt",2,Wet,0,No Controls,0,No Controls,1,Going Straight,12,Off the edge of the road on the left side,99,Unknown/Not Reported,1,Tracking,4,Departed roadway,6,B6-Single Driver-Left Roadside Departure-Drive Off Road,1,0,No,777777777777,No Trailing Units,777777777777,No Trailing Units,777777777777,No Trailing Units
41,Oregon,410093,1,1,1,01,26,26,4,April,4,4:00am-4:59am,26,26,8,Pedestrian,0,Not a Collision with Motor Vehicle In-Transport,1,Motor Vehicle In-Transport (Inside or Outside the Trafficway),0,No,41,Oregon,1,Driver (in this crash) was  Registered Owner,12,Ford,481,12481,Ford F-Series pickup,34,Light Pickup,2001,2001,2FTRX18W51CA,2FTRX18W51CA,2,F,T,R,X,1,8,W,5,1,C,A,0,No Trailing Units,0,Not an Articulated Vehicle,0,Not Applicable,000000000,Not Applicable,00000000000,Not Applicable,0,Not Applicable,0,Not Applicable,0,Not Applicable (N/A),1,No,0,Not Applicable,0,Not Applicable,0,Not Applicable,0,Not Applicable,0,Not a Bus,0,No Special Use,0,Not Applicable,998,Not Reported,0,No Underride or Override Noted,0,No Rollover,0,No Rollover,12,12 Clock Point,8,Not Reported,5,Not Towed,8,Pedestrian,0,,0,,0,No or Not Reported,1,Yes,41,Oregon,97236,97236,6,Valid,1,Full Driver License,0,No (CDL),0,No Endorsements required for this vehicle,3,Valid license for this class vehicle,0,No Restrictions or Not Applicable,73,73,200,200 lbs.,0,,0,,0,,0,,0,,0,No Record,0,No Record,0,No Record,0,No Record,9,Unknown,0,,0,,0,,0,,1,"Two-Way, Not Divided",4,Four lanes,35,35 MPH,1,Straight,1,Level,2,"Blacktop, Bituminous, or Asphalt",2,Wet,2,Traffic control signal (on colors) with Pedestrian Signal,3,Device Functioning Properly,1,Going Straight,80,Pedestrian in road,1,No Avoidance Maneuver,1,Tracking,1,Stayed in original travel lane,13,C13-Single Driver-Forward Impact-Pedestrian/ Animal,0,0,No,777777777777,No Trailing Units,777777777777,No Trailing Units,777777777777,No Trailing Units
41,Oregon,410094,1,1,2,02,30,30,4,April,15,3:00pm-3:59pm,22,22,42,Tree (Standing Only),0,Not a Collision with Motor Vehicle In-Transport,1,Motor Vehicle In-Transport (Inside or Outside the Trafficway),0,No,41,Oregon,1,Driver (in this crash) was  Registered Owner,7,Dodge,442,7442,Dodge Caravan/Grand Caravan,20,"Minivan (Chrysler Town and Country, Caravan, Grand Caravan, Voyager, Voyager, Honda-Odyssey, ...)",1998,1998,2B4GP4432WR6,2B4GP4432WR6,2,B,4,G,P,4,4,3,2,W,R,6,0,No Trailing Units,0,Not an Articulated Vehicle,0,Not Applicable,000000000,Not Applicable,00000000000,Not Applicable,0,Not Applicable,0,Not Applicable,0,Not Applicable (N/A),1,No,0,Not Applicable,0,Not Applicable,0,Not Applicable,0,Not Applicable,0,Not a Bus,0,No Special Use,0,Not Applicable,998,Not Reported,0,No Underride or Override Noted,0,No Rollover,0,No Rollover,12,12 Clock Point,6,Disabling Damage,2,Towed Due to Disabling Damage,42,Tree (Standing Only),0,,0,,0,No or Not Reported,1,Yes,41,Oregon,97420,97420,6,Valid,1,Full Driver License,0,No (CDL),0,No Endorsements required for this vehicle,3,Valid license for this class vehicle,0,No Restrictions or Not Applicable,62,62,310,310 lbs.,0,,0,,0,,0,,0,,0,No Record,0,No Record,0,No Record,0,No Record,9,Unknown,99,Unknown,99,Unknown,99,Unknown,99,Unknown,1,"Two-Way, Not Divided",2,Two lanes,55,55 MPH,1,Straight,1,Level,2,"Blacktop, Bituminous, or Asphalt",1,Dry,0,No Controls,0,No Controls,1,Going Straight,19,Unknown travel direction,99,Unknown/Not Reported,1,Tracking,4,Departed roadway,99,M99-Unknown,1,1,Yes,777777777777,No Trailing Units,777777777777,No Trailing Units,777777777777,No Trailing Units
41,Oregon,410095,1,1,1,01,30,30,4,April,21,9:00pm-9:59pm,51,51,8,Pedestrian,0,Not a Collision with Motor Vehicle In-Transport,1,Motor Vehicle In-Transport (Inside or Outside the Trafficway),0,No,41,Oregon,1,Driver (in this crash) was  Registered Owner,19,Cadillac,421,19421,Cadillac Escalade/ESV (from 2004 on; see 431 for 2003 only),15,"Large utility (ANSI D16.1 Utility Vehicle Categories and ""Full Size"" and ""Large"")",1999,1999,1GYEK13RXXR4,1GYEK13RXXR4,1,G,Y,E,K,1,3,R,X,X,R,4,0,No Trailing Units,0,Not an Articulated Vehicle,0,Not Applicable,000000000,Not Applicable,00000000000,Not Applicable,0,Not Applicable,0,Not Applicable,0,Not Applicable (N/A),1,No,0,Not Applicable,0,Not Applicable,0,Not Applicable,0,Not Applicable,0,Not a Bus,0,No Special Use,0,Not Applicable,998,Not Reported,0,No Underride or Override Noted,0,No Rollover,0,No Rollover,12,12 Clock Point,0,No Damage,5,Not Towed,8,Pedestrian,0,,0,,0,No or Not Reported,1,Yes,41,Oregon,97030,97030,6,Valid,1,Full Driver License,0,No (CDL),0,No Endorsements required for this vehicle,3,Valid license for this class vehicle,0,No Restrictions or Not Applicable,67,67,175,175 lbs.,1,1,0,,0,,1,1,0,,9,September,2012,2012,3,March,2015,2015,0,No,0,,0,,0,,0,,5,"Two-Way, Not Divided With a Continuous Left-Turn Lane",5,Five lanes,35,35 MPH,1,Straight,1,Level,2,"Blacktop, Bituminous, or Asphalt",1,Dry,0,No Controls,0,No Controls,1,Going Straight,80,Pedestrian in road,99,Unknown/Not Reported,1,Tracking,1,Stayed in original travel lane,13,C13-Single Driver-Forward Impact-Pedestrian/ Animal,0,0,No,777777777777,No Trailing Units,777777777777,No Trailing Units,777777777777,No Trailing Units
41,Oregon,410096,1,1,1,01,14,14,5,May,19,7:00pm-7:59pm,20,20,42,Tree (Standing Only),0,Not a Collision with Motor Vehicle In-Transport,1,Motor Vehicle In-Transport (Inside or Outside the Trafficway),0,No,41,Oregon,2,Driver (in this crash) Not Registered Owner (Other Private Owner Listed),20,Chevrolet,403,20403,"Chevrolet TrailBlazer (2003 on; for 2002 model, see 401)",14,"Compact Utility (Utility Vehicle Categories ""Small"" and ""Midsize"")",2004,2004,1GNDT13S8423,1GNDT13S8423,1,G,N,D,T,1,3,S,8,4,2,3,0,No Trailing Units,0,Not an Articulated Vehicle,0,Not Applicable,000000000,Not Applicable,00000000000,Not Applicable,0,Not Applicable,0,Not Applicable,0,Not Applicable (N/A),1,No,0,Not Applicable,0,Not Applicable,0,Not Applicable,0,Not Applicable,0,Not a Bus,0,No Special Use,0,Not Applicable,998,Not Reported,0,No Underride or Override Noted,0,No Rollover,0,No Rollover,9,9 Clock Point,6,Disabling Damage,2,Towed Due to Disabling Damage,42,Tree (Standing Only),0,,0,,0,No or Not Reported,1,Yes,41,Oregon,97478,97478,1,Suspended,7,Learner`s Permit,0,No (CDL),0,No Endorsements required for this vehicle,2,No valid license for this class vehicle,0,No Restrictions or Not Applicable,66,66,175,175 lbs.,0,,0,,0,,0,,0,,0,No Record,0,No Record,0,No Record,0,No Record,4,"Yes, Too Fast for Conditions",0,,0,,0,,0,,1,"Two-Way, Not Divided",2,Two lanes,45,45 MPH,2,Curve Right,1,Level,2,"Blacktop, Bituminous, or Asphalt",2,Wet,0,No Controls,0,No Controls,14,Negotiating a Curve,12,Off the edge of the road on the left side,99,Unknown/Not Reported,3,Skidding laterally clockwise rotation,4,Departed roadway,7,B7-Single Driver-Left Roadside Departure-Control/Traction Loss,1,1,Yes,777777777777,No Trailing Units,777777777777,No Trailing Units,777777777777,No Trailing Units
41,Oregon,410097,1,3,1,01,17,17,5,May,13,1:00pm-1:59pm,21,21,12,Motor Vehicle In-Transport,2,Front-to-Front,1,Motor Vehicle In-Transport (Inside or Outside the Trafficway),0,No,41,Oregon,1,Driver (in this crash) was  Registered Owner,7,Dodge,880,7880,"Dodge Medium/Heavy Pickup (pickup-style only - over 10,000 lbs)",67,"Medium/heavy Pickup (>10,000 lbs. GVWR)",2008,2008,3D7MX38A78G1,3D7MX38A78G1,3,D,7,M,X,3,8,A,7,8,G,1,0,No Trailing Units,0,Not an Articulated Vehicle,88,,888888888,,88888888888,,2,"10,001 lbs - 26,000 lbs",1,"Single-Unit Truck (2- axle and GVWR more than 10,000 lbs)",97,Other,1,No,0,Not Applicable,0,Not Applicable,0,Not Applicable,0,Not Applicable,0,Not a Bus,0,No Special Use,0,Not Applicable,998,Not Reported,0,No Underride or Override Noted,0,No Rollover,0,No Rollover,12,12 Clock Point,6,Disabling Damage,2,Towed Due to Disabling Damage,12,Motor Vehicle In-Transport,0,,0,,0,No or Not Reported,1,Yes,41,Oregon,97437,97437,6,Valid,1,Full Driver License,0,No (CDL),0,No Endorsements required for this vehicle,3,Valid license for this class vehicle,1,Restrictions Complied With,71,71,192,192 lbs.,0,,0,,0,,0,,0,,0,No Record,0,No Record,0,No Record,0,No Record,0,No,28,Improper Lane Usage,0,,0,,0,,1,"Two-Way, Not Divided",2,Two lanes,55,55 MPH,1,Straight,1,Level,2,"Blacktop, Bituminous, or Asphalt",1,Dry,0,No Controls,0,No Controls,1,Going Straight,10,Over the lane line on left side of travel lane,99,Unknown/Not Reported,1,Tracking,2,"Stayed on roadway, but left original travel lane",50,"G50-Same Trafficway, Opposite Direction-Head-On-Lateral Move (Left/Right)",0,0,No,777777777777,No Trailing Units,777777777777,No Trailing Units,777777777777,No Trailing Units
41,Oregon,410097,2,3,1,01,17,17,5,May,13,1:00pm-1:59pm,21,21,12,Motor Vehicle In-Transport,2,Front-to-Front,1,Motor Vehicle In-Transport (Inside or Outside the Trafficway),0,No,41,Oregon,1,Driver (in this crash) was  Registered Owner,35,Datsun/Nissan,43,35043,Datsun/Nissan Sentra,4,"4-door sedan, hardtop",2011,2011,3N1AB6AP0BL6,3N1AB6AP0BL6,3,N,1,A,B,6,A,P,0,B,L,6,0,No Trailing Units,0,Not an Articulated Vehicle,0,Not Applicable,000000000,Not Applicable,00000000000,Not Applicable,0,Not Applicable,0,Not Applicable,0,Not Applicable (N/A),1,No,0,Not Applicable,0,Not Applicable,0,Not Applicable,0,Not Applicable,0,Not a Bus,0,No Special Use,0,Not Applicable,998,Not Reported,0,No Underride or Override Noted,0,No Rollover,0,No Rollover,12,12 Clock Point,6,Disabling Damage,2,Towed Due to Disabling Damage,12,Motor Vehicle In-Transport,0,,0,,0,No or Not Reported,1,Yes,41,Oregon,97437,97437,6,Valid,1,Full Driver License,0,No (CDL),0,No Endorsements required for this vehicle,3,Valid license for this class vehicle,1,Restrictions Complied With,62,62,160,160 lbs.,0,,0,,0,,0,,0,,0,No Record,0,No Record,0,No Record,0,No Record,0,No,0,,0,,0,,0,,1,"Two-Way, Not Divided",2,Two lanes,55,55 MPH,1,Straight,1,Level,2,"Blacktop, Bituminous, or Asphalt",1,Dry,0,No Controls,0,No Controls,1,Going Straight,62,From opposite direction  over left lane line,99,Unknown/Not Reported,1,Tracking,1,Stayed in original travel lane,51,"G51-Same Trafficway, Opposite Direction-Head-On-Lateral Move (Going Straight)",1,0,No,777777777777,No Trailing Units,777777777777,No Trailing Units,777777777777,No Trailing Units
41,Oregon,410097,3,3,1,01,17,17,5,May,13,1:00pm-1:59pm,21,21,12,Motor Vehicle In-Transport,2,Front-to-Front,1,Motor Vehicle In-Transport (Inside or Outside the Trafficway),0,No,41,Oregon,1,Driver (in this crash) was  Registered Owner,12,Ford,481,12481,Ford F-Series pickup,34,Light Pickup,2005,2005,1FTPW14535KE,1FTPW14535KE,1,F,T,P,W,1,4,5,3,5,K,E,0,No Trailing Units,0,Not an Articulated Vehicle,0,Not Applicable,000000000,Not Applicable,00000000000,Not Applicable,0,Not Applicable,0,Not Applicable,0,Not Applicable (N/A),1,No,0,Not Applicable,0,Not Applicable,0,Not Applicable,0,Not Applicable,0,Not a Bus,0,No Special Use,0,Not Applicable,998,Not Reported,0,No Underride or Override Noted,0,No Rollover,0,No Rollover,9,9 Clock Point,9,Unknown,2,Towed Due to Disabling Damage,12,Motor Vehicle In-Transport,0,,0,,0,No or Not Reported,1,Yes,41,Oregon,97487,97487,6,Valid,1,Full Driver License,0,No (CDL),0,No Endorsements required for this vehicle,3,Valid license for this class vehicle,0,No Restrictions or Not Applicable,66,66,140,140 lbs.,0,,0,,0,,0,,0,,0,No Record,0,No Record,0,No Record,0,No Record,0,No,0,,0,,0,,0,,1,"Two-Way, Not Divided",2,Two lanes,55,55 MPH,1,Straight,1,Level,2,"Blacktop, Bituminous, or Asphalt",1,Dry,0,No Controls,0,No Controls,1,Going Straight,60,From adjacent lane (same direction) over left lane line,99,Unknown/Not Reported,1,Tracking,1,Stayed in original travel lane,98,M98-Other Crash Type,0,0,No,777777777777,No Trailing Units,777777777777,No Trailing Units,777777777777,No Trailing Units
41,Oregon,410098,1,2,1,01,9,9,5,May,14,2:00pm-2:59pm,36,36,12,Motor Vehicle In-Transport,2,Front-to-Front,1,Motor Vehicle In-Transport (Inside or Outside the Trafficway),0,No,41,Oregon,1,Driver (in this crash) was  Registered Owner,38,Isuzu,882,38882,"Isuzu Medium/Heavy - COE, low entry",61,"Single-unit straight truck or Cab-Chassis (10,000 lbs. < GVWR < or = 19,500 lbs.)",2007,2007,JALE5B164773,JALE5B164773,J,A,L,E,5,B,1,6,4,7,7,3,0,No Trailing Units,0,Not an Articulated Vehicle,88,,888888888,,88888888888,,2,"10,001 lbs - 26,000 lbs",1,"Single-Unit Truck (2- axle and GVWR more than 10,000 lbs)",97,Other,1,No,0,Not Applicable,0,Not Applicable,0,Not Applicable,0,Not Applicable,0,Not a Bus,0,No Special Use,0,Not Applicable,998,Not Reported,0,No Underride or Override Noted,0,No Rollover,0,No Rollover,12,12 Clock Point,6,Disabling Damage,2,Towed Due to Disabling Damage,12,Motor Vehicle In-Transport,0,,0,,0,No or Not Reported,1,Yes,41,Oregon,97227,97227,6,Valid,1,Full Driver License,0,No (CDL),0,No Endorsements required for this vehicle,3,Valid license for this class vehicle,0,No Restrictions or Not Applicable,66,66,178,178 lbs.,0,,1,1,0,,1,1,1,1,7,July,2013,2013,11,November,2016,2016,0,No,28,Improper Lane Usage,0,,0,,0,,1,"Two-Way, Not Divided",2,Two lanes,55,55 MPH,3,Curve Left,2,"Grade, Unknown Slope",2,"Blacktop, Bituminous, or Asphalt",1,Dry,0,No Controls,0,No Controls,14,Negotiating a Curve,10,Over the lane line on left side of travel lane,99,Unknown/Not Reported,1,Tracking,2,"Stayed on roadway, but left original travel lane",50,"G50-Same Trafficway, Opposite Direction-Head-On-Lateral Move (Left/Right)",1,0,No,777777777777,No Trailing Units,777777777777,No Trailing Units,777777777777,No Trailing Units
41,Oregon,410098,2,2,1,01,9,9,5,May,14,2:00pm-2:59pm,36,36,12,Motor Vehicle In-Transport,2,Front-to-Front,1,Motor Vehicle In-Transport (Inside or Outside the Trafficway),0,No,93,Multiple State Registration,3,Vehicle Registered as Business/Company/Government Vehicle,82,Freightliner,881,82881,Freightliner Medium/Heavy - CBE,66,"Truck-tractor (Cab only, or with any number of trailing unit; any weight)",2012,2012,1FVXA7004CDB,1FVXA7004CDB,1,F,V,X,A,7,0,0,4,C,D,B,1,One Trailing Unit,1,No,57,US DOT,0065544,0065544,570065544,570065544,3,"26,001 lbs. or more",6,Truck Tractor/Semi-Trailer,8,Grain/ Chips/ Gravel,1,No,0,Not Applicable,0,Not Applicable,0,Not Applicable,0,Not Applicable,0,Not a Bus,0,No Special Use,0,Not Applicable,998,Not Reported,0,No Underride or Override Noted,0,No Rollover,0,No Rollover,12,12 Clock Point,6,Disabling Damage,2,Towed Due to Disabling Damage,12,Motor Vehicle In-Transport,0,,0,,0,No or Not Reported,1,Yes,53,Washington,98611,98611,6,Valid,1,Full Driver License,6,Valid,0,No Endorsements required for this vehicle,3,Valid license for this class vehicle,0,No Restrictions or Not Applicable,66,66,178,178 lbs.,0,,0,,0,,1,1,1,1,11,November,2015,2015,11,November,2016,2016,0,No,0,,0,,0,,0,,1,"Two-Way, Not Divided",2,Two lanes,55,55 MPH,2,Curve Right,2,"Grade, Unknown Slope",2,"Blacktop, Bituminous, or Asphalt",1,Dry,0,No Controls,0,No Controls,14,Negotiating a Curve,62,From opposite direction  over left lane line,99,Unknown/Not Reported,1,Tracking,1,Stayed in original travel lane,51,"G51-Same Trafficway, Opposite Direction-Head-On-Lateral Move (Going Straight)",0,0,No,1C916U891W01,1C916U891W01,777777777777,No Trailing Units,777777777777,No Trailing Units
41,Oregon,410099,1,1,1,01,10,10,5,May,13,1:00pm-1:59pm,18,18,24,Guardrail Face,0,Not a Collision with Motor Vehicle In-Transport,1,Motor Vehicle In-Transport (Inside or Outside the Trafficway),0,No,41,Oregon,1,Driver (in this crash) was  Registered Owner,37,Honda,705,37705,Honda 450-749 cc,80,Two Wheel Motorcycle (excluding motor scooters),2006,2006,JH2RC50496M2,JH2RC50496M2,J,H,2,R,C,5,0,4,9,6,M,2,0,No Trailing Units,0,Not an Articulated Vehicle,0,Not Applicable,000000000,Not Applicable,00000000000,Not Applicable,0,Not Applicable,0,Not Applicable,0,Not Applicable (N/A),1,No,0,Not Applicable,0,Not Applicable,0,Not Applicable,0,Not Applicable,0,Not a Bus,0,No Special Use,0,Not Applicable,998,Not Reported,0,No Underride or Override Noted,0,No Rollover,0,No Rollover,1,1 Clock Point,9,Unknown,2,Towed Due to Disabling Damage,5,Fell/Jumped from Vehicle,0,,0,,0,No or Not Reported,1,Yes,41,Oregon,97058,97058,6,Valid,1,Full Driver License,0,No (CDL),0,No Endorsements required for this vehicle,3,Valid license for this class vehicle,1,Restrictions Complied With,72,72,230,230 lbs.,1,1,0,,0,,0,,0,,10,October,2012,2012,10,October,2012,2012,0,No,0,,0,,0,,0,,3,"Two-Way,  Divided, Positive  Median Barrier",2,Two lanes,70,70 MPH,1,Straight,2,"Grade, Unknown Slope",2,"Blacktop, Bituminous, or Asphalt",1,Dry,0,No Controls,0,No Controls,1,Going Straight,13,Off the edge of the road on the right side,99,Unknown/Not Reported,1,Tracking,4,Departed roadway,1,A1-Single Driver-Right Roadside Departure-Drive Off Road,1,0,No,777777777777,No Trailing Units,777777777777,No Trailing Units,777777777777,No Trailing Units
41,Oregon,410100,1,1,1,01,23,23,5,May,11,11:00am-11:59am,28,28,34,Ditch,0,Not a Collision with Motor Vehicle In-Transport,1,Motor Vehicle In-Transport (Inside or Outside the Trafficway),0,No,93,Multiple State Registration,3,Vehicle Registered as Business/Company/Government Vehicle,87,Peterbilt,884,87884,Peterbilt Medium/Heavy - Unknown engine location,66,"Truck-tractor (Cab only, or with any number of trailing unit; any weight)",1999,1999,1XP5DB9X0XD4,1XP5DB9X0XD4,1,X,P,5,D,B,9,X,0,X,D,4,1,One Trailing Unit,1,No,57,US DOT,514404,514404,57514404,57514404,3,"26,001 lbs. or more",6,Truck Tractor/Semi-Trailer,3,Flatbed,1,No,0,Not Applicable,0,Not Applicable,0,Not Applicable,0,Not Applicable,0,Not a Bus,0,No Special Use,0,Not Applicable,998,Not Reported,0,No Underride or Override Noted,0,No Rollover,0,No Rollover,12,12 Clock Point,6,Disabling Damage,2,Towed Due to Disabling Damage,34,Ditch,0,,0,,0,No or Not Reported,1,Yes,41,Oregon,97437,97437,6,Valid,1,Full Driver License,6,Valid,0,No Endorsements required for this vehicle,3,Valid license for this class vehicle,0,No Restrictions or Not Applicable,76,76,265,265 lbs.,1,1,0,,0,,0,,0,,5,May,2013,2013,5,May,2013,2013,0,No,0,,0,,0,,0,,6,Entrance/Exit Ramp,1,One lane,55,55 MPH,2,Curve Right,1,Level,2,"Blacktop, Bituminous, or Asphalt",1,Dry,0,No Controls,0,No Controls,1,Going Straight,12,Off the edge of the road on the left side,99,Unknown/Not Reported,1,Tracking,4,Departed roadway,6,B6-Single Driver-Left Roadside Departure-Drive Off Road,1,0,No,999999999999,Unknown,777777777777,No Trailing Units,777777777777,No Trailing Units
41,Oregon,410101,1,2,1,01,11,11,5,May,23,11:00pm-11:59pm,30,30,12,Motor Vehicle In-Transport,2,Front-to-Front,1,Motor Vehicle In-Transport (Inside or Outside the Trafficway),0,No,41,Oregon,1,Driver (in this crash) was  Registered Owner,37,Honda,421,37421,Honda Pilot,15,"Large utility (ANSI D16.1 Utility Vehicle Categories and ""Full Size"" and ""Large"")",2007,2007,2HKYF18747H5,2HKYF18747H5,2,H,K,Y,F,1,8,7,4,7,H,5,0,No Trailing Units,0,Not an Articulated Vehicle,0,Not Applicable,000000000,Not Applicable,00000000000,Not Applicable,0,Not Applicable,0,Not Applicable,0,Not Applicable (N/A),1,No,0,Not Applicable,0,Not Applicable,0,Not Applicable,0,Not Applicable,0,Not a Bus,0,No Special Use,0,Not Applicable,998,Not Reported,0,No Underride or Override Noted,0,No Rollover,0,No Rollover,12,12 Clock Point,6,Disabling Damage,2,Towed Due to Disabling Damage,12,Motor Vehicle In-Transport,0,,0,,0,No or Not Reported,1,Yes,41,Oregon,97101,97101,6,Valid,1,Full Driver License,0,No (CDL),0,No Endorsements required for this vehicle,3,Valid license for this class vehicle,1,Restrictions Complied With,75,75,255,255 lbs.,0,,0,,0,,0,,0,,0,No Record,0,No Record,0,No Record,0,No Record,9,Unknown,28,Improper Lane Usage,0,,0,,0,,1,"Two-Way, Not Divided",2,Two lanes,55,55 MPH,2,Curve Right,1,Level,2,"Blacktop, Bituminous, or Asphalt",1,Dry,0,No Controls,0,No Controls,14,Negotiating a Curve,10,Over the lane line on left side of travel lane,99,Unknown/Not Reported,1,Tracking,2,"Stayed on roadway, but left original travel lane",50,"G50-Same Trafficway, Opposite Direction-Head-On-Lateral Move (Left/Right)",1,1,Yes,777777777777,No Trailing Units,777777777777,No Trailing Units,777777777777,No Trailing Units
41,Oregon,410101,2,2,2,02,11,11,5,May,23,11:00pm-11:59pm,30,30,12,Motor Vehicle In-Transport,2,Front-to-Front,1,Motor Vehicle In-Transport (Inside or Outside the Trafficway),0,No,41,Oregon,3,Vehicle Registered as Business/Company/Government Vehicle,84,International Harvester/Navistar,881,84881,International Harvester/Navistar Medium/Heavy - CBE,63,"Single-unit straight truck or Cab-Chassis (GVWR > 26,000 lbs.)",2008,2008,1HTWGAAR18J6,1HTWGAAR18J6,1,H,T,W,G,A,A,R,1,8,J,6,0,No Trailing Units,0,Not an Articulated Vehicle,57,US DOT,750046,750046,57750046,57750046,3,"26,001 lbs. or more",2,Single-Unit Truck (3 or more axles),1,Van/Enclosed Box,1,No,0,Not Applicable,0,Not Applicable,0,Not Applicable,0,Not Applicable,0,Not a Bus,0,No Special Use,0,Not Applicable,998,Not Reported,0,No Underride or Override Noted,0,No Rollover,0,No Rollover,12,12 Clock Point,8,Not Reported,2,Towed Due to Disabling Damage,12,Motor Vehicle In-Transport,0,,0,,0,No or Not Reported,1,Yes,41,Oregon,97124,97124,6,Valid,1,Full Driver License,6,Valid,0,No Endorsements required for this vehicle,3,Valid license for this class vehicle,0,No Restrictions or Not Applicable,70,70,180,180 lbs.,0,,0,,0,,0,,0,,0,No Record,0,No Record,0,No Record,0,No Record,0,No,0,,0,,0,,0,,1,"Two-Way, Not Divided",2,Two lanes,55,55 MPH,3,Curve Left,1,Level,2,"Blacktop, Bituminous, or Asphalt",1,Dry,0,No Controls,0,No Controls,14,Negotiating a Curve,62,From opposite direction  over left lane line,99,Unknown/Not Reported,1,Tracking,1,Stayed in original travel lane,51,"G51-Same Trafficway, Opposite Direction-Head-On-Lateral Move (Going Straight)",0,0,No,777777777777,No Trailing Units,777777777777,No Trailing Units,777777777777,No Trailing Units
41,Oregon,410102,1,1,1,01,23,23,4,April,2,2:00am-2:59am,37,37,43,Other Fixed Object,0,Not a Collision with Motor Vehicle In-Transport,1,Motor Vehicle In-Transport (Inside or Outside the Trafficway),0,No,41,Oregon,1,Driver (in this crash) was  Registered Owner,49,Toyota,44,49044,Toyota Solara,2,"2-door sedan,hardtop,coupe",2006,2006,4T1CA30P26U1,4T1CA30P26U1,4,T,1,C,A,3,0,P,2,6,U,1,0,No Trailing Units,0,Not an Articulated Vehicle,0,Not Applicable,000000000,Not Applicable,00000000000,Not Applicable,0,Not Applicable,0,Not Applicable,0,Not Applicable (N/A),1,No,0,Not Applicable,0,Not Applicable,0,Not Applicable,0,Not Applicable,0,Not a Bus,0,No Special Use,0,Not Applicable,998,Not Reported,0,No Underride or Override Noted,1,"Rollover, Tripped by Object/Vehicle",5,On Roadside,12,12 Clock Point,6,Disabling Damage,2,Towed Due to Disabling Damage,1,Rollover/Overturn,0,,0,,0,No or Not Reported,1,Yes,41,Oregon,97219,97219,6,Valid,1,Full Driver License,0,No (CDL),0,No Endorsements required for this vehicle,3,Valid license for this class vehicle,0,No Restrictions or Not Applicable,79,79,250,250 lbs.,1,1,6,6,0,,2,2,3,3,5,May,2012,2012,12,December,2016,2016,3,"Yes, Exceeded Speed Limit",0,,0,,0,,0,,3,"Two-Way,  Divided, Positive  Median Barrier",3,Three lanes,65,65 MPH,1,Straight,1,Level,2,"Blacktop, Bituminous, or Asphalt",1,Dry,0,No Controls,0,No Controls,1,Going Straight,6,Traveling too fast for conditions,99,Unknown/Not Reported,5,"Skidding Laterally, Rotation Direction Unknown",4,Departed roadway,2,A2-Single Driver-Right Roadside Departure-Control/Traction Loss,1,1,Yes,777777777777,No Trailing Units,777777777777,No Trailing Units,777777777777,No Trailing Units
41,Oregon,410103,1,1,1,01,12,12,5,May,16,4:00pm-4:59pm,46,46,15,Non-Motorist on Personal Conveyance,0,Not a Collision with Motor Vehicle In-Transport,1,Motor Vehicle In-Transport (Inside or Outside the Trafficway),0,No,92,No Registration,0,"Not Applicable, Vehicle Not Registered",2,Jeep / Kaiser-Jeep / Willys- Jeep,404,2404,Jeep / Kaiser-Jeep / Willys- Jeep Cherokee (1984-on) (For Grand Cherokee for 2014 on use 02-422.),14,"Compact Utility (Utility Vehicle Categories ""Small"" and ""Midsize"")",2002,2002,1J4GW58J42C2,1J4GW58J42C2,1,J,4,G,W,5,8,J,4,2,C,2,0,No Trailing Units,0,Not an Articulated Vehicle,0,Not Applicable,000000000,Not Applicable,00000000000,Not Applicable,0,Not Applicable,0,Not Applicable,0,Not Applicable (N/A),1,No,0,Not Applicable,0,Not Applicable,0,Not Applicable,0,Not Applicable,0,Not a Bus,0,No Special Use,0,Not Applicable,998,Not Reported,0,No Underride or Override Noted,0,No Rollover,0,No Rollover,12,12 Clock Point,8,Not Reported,2,Towed Due to Disabling Damage,15,Non-Motorist on Personal Conveyance,0,,0,,0,No or Not Reported,1,Yes,41,Oregon,97203,97203,6,Valid,1,Full Driver License,0,No (CDL),0,No Endorsements required for this vehicle,3,Valid license for this class vehicle,0,No Restrictions or Not Applicable,72,72,155,155 lbs.,0,,0,,0,,0,,0,,0,No Record,0,No Record,0,No Record,0,No Record,4,"Yes, Too Fast for Conditions",0,,0,,0,,0,,5,"Two-Way, Not Divided With a Continuous Left-Turn Lane",5,Five lanes,55,55 MPH,1,Straight,1,Level,2,"Blacktop, Bituminous, or Asphalt",2,Wet,0,No Controls,0,No Controls,1,Going Straight,80,Pedestrian in road,99,Unknown/Not Reported,1,Tracking,1,Stayed in original travel lane,13,C13-Single Driver-Forward Impact-Pedestrian/ Animal,0,0,No,777777777777,No Trailing Units,777777777777,No Trailing Units,777777777777,No Trailing Units
41,Oregon,410104,1,2,1,01,19,19,5,May,11,11:00am-11:59am,41,41,12,Motor Vehicle In-Transport,2,Front-to-Front,1,Motor Vehicle In-Transport (Inside or Outside the Trafficway),0,No,41,Oregon,1,Driver (in this crash) was  Registered Owner,49,Toyota,402,49402,Toyota RAV4 *,14,"Compact Utility (Utility Vehicle Categories ""Small"" and ""Midsize"")",2008,2008,JTMZD33VX860,JTMZD33VX860,J,T,M,Z,D,3,3,V,X,8,6,0,0,No Trailing Units,0,Not an Articulated Vehicle,0,Not Applicable,000000000,Not Applicable,00000000000,Not Applicable,0,Not Applicable,0,Not Applicable,0,Not Applicable (N/A),1,No,0,Not Applicable,0,Not Applicable,0,Not Applicable,0,Not Applicable,0,Not a Bus,0,No Special Use,0,Not Applicable,998,Not Reported,0,No Underride or Override Noted,0,No Rollover,0,No Rollover,12,12 Clock Point,8,Not Reported,2,Towed Due to Disabling Damage,12,Motor Vehicle In-Transport,0,,0,,0,No or Not Reported,1,Yes,41,Oregon,97136,97136,6,Valid,1,Full Driver License,0,No (CDL),0,No Endorsements required for this vehicle,3,Valid license for this class vehicle,1,Restrictions Complied With,74,74,190,190 lbs.,0,,0,,0,,0,,0,,0,No Record,0,No Record,0,No Record,0,No Record,0,No,28,Improper Lane Usage,0,,0,,0,,1,"Two-Way, Not Divided",2,Two lanes,55,55 MPH,1,Straight,1,Level,2,"Blacktop, Bituminous, or Asphalt",1,Dry,0,No Controls,0,No Controls,1,Going Straight,10,Over the lane line on left side of travel lane,99,Unknown/Not Reported,1,Tracking,2,"Stayed on roadway, but left original travel lane",50,"G50-Same Trafficway, Opposite Direction-Head-On-Lateral Move (Left/Right)",1,0,No,777777777777,No Trailing Units,777777777777,No Trailing Units,777777777777,No Trailing Units
41,Oregon,410104,2,2,1,01,19,19,5,May,11,11:00am-11:59am,41,41,12,Motor Vehicle In-Transport,2,Front-to-Front,1,Motor Vehicle In-Transport (Inside or Outside the Trafficway),0,No,41,Oregon,1,Driver (in this crash) was  Registered Owner,20,Chevrolet,850,20850,Chevrolet Motor Home,65,Medium/heavy truck based motorhome,2006,2006,1GBG5U1296F4,1GBG5U1296F4,1,G,B,G,5,U,1,2,9,6,F,4,0,No Trailing Units,0,Not an Articulated Vehicle,88,,888888888,,88888888888,,2,"10,001 lbs - 26,000 lbs",19,"Truck More Than 10,000 lbs, Cannot Classify",97,Other,1,No,0,Not Applicable,0,Not Applicable,0,Not Applicable,0,Not Applicable,0,Not a Bus,0,No Special Use,0,Not Applicable,998,Not Reported,0,No Underride or Override Noted,0,No Rollover,0,No Rollover,12,12 Clock Point,8,Not Reported,2,Towed Due to Disabling Damage,12,Motor Vehicle In-Transport,0,,0,,0,No or Not Reported,1,Yes,41,Oregon,97056,97056,6,Valid,1,Full Driver License,0,No (CDL),0,No Endorsements required for this vehicle,3,Valid license for this class vehicle,0,No Restrictions or Not Applicable,68,68,175,175 lbs.,0,,0,,0,,0,,0,,0,No Record,0,No Record,0,No Record,0,No Record,0,No,0,,0,,0,,0,,1,"Two-Way, Not Divided",2,Two lanes,55,55 MPH,1,Straight,1,Level,2,"Blacktop, Bituminous, or Asphalt",1,Dry,0,No Controls,0,No Controls,1,Going Straight,62,From opposite direction  over left lane line,99,Unknown/Not Reported,1,Tracking,1,Stayed in original travel lane,51,"G51-Same Trafficway, Opposite Direction-Head-On-Lateral Move (Going Straight)",0,0,No,777777777777,No Trailing Units,777777777777,No Trailing Units,777777777777,No Trailing Units
41,Oregon,410105,1,2,2,02,20,20,5,May,19,7:00pm-7:59pm,3,3,12,Motor Vehicle In-Transport,1,Front-to-Rear,1,Motor Vehicle In-Transport (Inside or Outside the Trafficway),0,No,53,Washington,1,Driver (in this crash) was  Registered Owner,20,Chevrolet,481,20481,"Chevrolet C, K, R, V-series pickup/Silverado",34,Light Pickup,1996,1996,1GCEK19RXTE1,1GCEK19RXTE1,1,G,C,E,K,1,9,R,X,T,E,1,0,No Trailing Units,0,Not an Articulated Vehicle,0,Not Applicable,000000000,Not Applicable,00000000000,Not Applicable,0,Not Applicable,0,Not Applicable,0,Not Applicable (N/A),1,No,0,Not Applicable,0,Not Applicable,0,Not Applicable,0,Not Applicable,0,Not a Bus,0,No Special Use,0,Not Applicable,0,Stopped Motor Vehicle In- Transport,0,No Underride or Override Noted,0,No Rollover,0,No Rollover,6,6 Clock Point,6,Disabling Damage,2,Towed Due to Disabling Damage,12,Motor Vehicle In-Transport,0,,0,,1,Yes,1,Yes,53,Washington,98635,98635,6,Valid,1,Full Driver License,0,No (CDL),0,No Endorsements required for this vehicle,3,Valid license for this class vehicle,1,Restrictions Complied With,62,62,147,147 lbs.,0,,0,,0,,0,,0,,0,No Record,0,No Record,0,No Record,0,No Record,0,No,99,Unknown,99,Unknown,99,Unknown,99,Unknown,3,"Two-Way,  Divided, Positive  Median Barrier",3,Three lanes,60,60 MPH,1,Straight,1,Level,2,"Blacktop, Bituminous, or Asphalt",1,Dry,0,No Controls,0,No Controls,5,Stopped in Roadway,53,Traveling in same direction with higher speed,1,No Avoidance Maneuver,1,Tracking,1,Stayed in original travel lane,21,"D21-Same Trafficway, Same Direction-Rear End-Stopped, Straight",1,0,No,777777777777,No Trailing Units,777777777777,No Trailing Units,777777777777,No Trailing Units
41,Oregon,410105,2,2,1,01,20,20,5,May,19,7:00pm-7:59pm,3,3,12,Motor Vehicle In-Transport,1,Front-to-Rear,1,Motor Vehicle In-Transport (Inside or Outside the Trafficway),0,No,41,Oregon,1,Driver (in this crash) was  Registered Owner,7,Dodge,442,7442,Dodge Caravan/Grand Caravan,20,"Minivan (Chrysler Town and Country, Caravan, Grand Caravan, Voyager, Voyager, Honda-Odyssey, ...)",2012,2012,2C4RDGCGXCR2,2C4RDGCGXCR2,2,C,4,R,D,G,C,G,X,C,R,2,0,No Trailing Units,0,Not an Articulated Vehicle,0,Not Applicable,000000000,Not Applicable,00000000000,Not Applicable,0,Not Applicable,0,Not Applicable,0,Not Applicable (N/A),1,No,0,Not Applicable,0,Not Applicable,0,Not Applicable,0,Not Applicable,0,Not a Bus,0,No Special Use,0,Not Applicable,998,Not Reported,0,No Underride or Override Noted,0,No Rollover,0,No Rollover,12,12 Clock Point,6,Disabling Damage,2,Towed Due to Disabling Damage,12,Motor Vehicle In-Transport,0,,0,,1,Yes,1,Yes,41,Oregon,97060,97060,6,Valid,1,Full Driver License,0,No (CDL),0,No Endorsements required for this vehicle,3,Valid license for this class vehicle,0,No Restrictions or Not Applicable,69,69,214,214 lbs.,0,,0,,0,,3,3,0,,6,June,2012,2012,5,May,2017,2017,9,Unknown,99,Unknown,99,Unknown,99,Unknown,99,Unknown,3,"Two-Way,  Divided, Positive  Median Barrier",3,Three lanes,60,60 MPH,1,Straight,1,Level,2,"Blacktop, Bituminous, or Asphalt",1,Dry,0,No Controls,0,No Controls,1,Going Straight,50,Other vehicle stopped,99,Unknown/Not Reported,1,Tracking,1,Stayed in original travel lane,20,"D20-Same Trafficway, Same Direction-Rear End-Stopped",0,0,No,777777777777,No Trailing Units,777777777777,No Trailing Units,777777777777,No Trailing Units
41,Oregon,410106,1,3,2,02,20,20,5,May,7,7:00am-7:59am,6,6,12,Motor Vehicle In-Transport,6,Angle,1,Motor Vehicle In-Transport (Inside or Outside the Trafficway),0,No,41,Oregon,1,Driver (in this crash) was  Registered Owner,37,Honda,32,37032,Honda Accord,4,"4-door sedan, hardtop",1997,1997,1HGCD5609VA1,1HGCD5609VA1,1,H,G,C,D,5,6,0,9,V,A,1,0,No Trailing Units,0,Not an Articulated Vehicle,0,Not Applicable,000000000,Not Applicable,00000000000,Not Applicable,0,Not Applicable,0,Not Applicable,0,Not Applicable (N/A),1,No,0,Not Applicable,0,Not Applicable,0,Not Applicable,0,Not Applicable,0,Not a Bus,0,No Special Use,0,Not Applicable,998,Not Reported,0,No Underride or Override Noted,0,No Rollover,0,No Rollover,3,3 Clock Point,6,Disabling Damage,2,Towed Due to Disabling Damage,12,Motor Vehicle In-Transport,0,,0,,0,No or Not Reported,1,Yes,41,Oregon,97321,97321,6,Valid,1,Full Driver License,0,No (CDL),0,No Endorsements required for this vehicle,3,Valid license for this class vehicle,0,No Restrictions or Not Applicable,65,65,155,155 lbs.,0,,0,,0,,1,1,1,1,8,August,2016,2016,11,November,2016,2016,0,No,39,"Failure to Obey Actual Traffic Sign,Traffic Control Devices or Traffic Officers;Failure to Obey Safety Zone Traffic Laws",0,,0,,0,,5,"Two-Way, Not Divided With a Continuous Left-Turn Lane",5,Five lanes,45,45 MPH,1,Straight,1,Level,2,"Blacktop, Bituminous, or Asphalt",1,Dry,2,Traffic control signal (on colors) with Pedestrian Signal,3,Device Functioning Properly,1,Going Straight,17,Crossing over (passing through) Junction,99,Unknown/Not Reported,1,Tracking,1,Stayed in original travel lane,87,L87-Intersecting Paths-Straight Paths-Struck on the Right,1,0,No,777777777777,No Trailing Units,777777777777,No Trailing Units,777777777777,No Trailing Units
41,Oregon,410106,2,3,2,02,20,20,5,May,7,7:00am-7:59am,6,6,12,Motor Vehicle In-Transport,6,Angle,1,Motor Vehicle In-Transport (Inside or Outside the Trafficway),0,No,41,Oregon,2,Driver (in this crash) Not Registered Owner (Other Private Owner Listed),7,Dodge,482,7482,Dodge Ram Pickup,34,Light Pickup,2015,2015,1C6RR7KG7FS5,1C6RR7KG7FS5,1,C,6,R,R,7,K,G,7,F,S,5,0,No Trailing Units,0,Not an Articulated Vehicle,0,Not Applicable,000000000,Not Applicable,00000000000,Not Applicable,0,Not Applicable,0,Not Applicable,0,Not Applicable (N/A),1,No,0,Not Applicable,0,Not Applicable,0,Not Applicable,0,Not Applicable,0,Not a Bus,0,No Special Use,0,Not Applicable,998,Not Reported,0,No Underride or Override Noted,0,No Rollover,0,No Rollover,12,12 Clock Point,8,Not Reported,2,Towed Due to Disabling Damage,12,Motor Vehicle In-Transport,0,,0,,0,No or Not Reported,1,Yes,41,Oregon,97381,97381,6,Valid,1,Full Driver License,0,No (CDL),0,No Endorsements required for this vehicle,3,Valid license for this class vehicle,0,No Restrictions or Not Applicable,66,66,170,170 lbs.,0,,0,,0,,0,,0,,0,No Record,0,No Record,0,No Record,0,No Record,0,No,0,,0,,0,,0,,5,"Two-Way, Not Divided With a Continuous Left-Turn Lane",5,Five lanes,45,45 MPH,1,Straight,1,Level,2,"Blacktop, Bituminous, or Asphalt",1,Dry,2,Traffic control signal (on colors) with Pedestrian Signal,3,Device Functioning Properly,1,Going Straight,66,"From crossing street, across path",99,Unknown/Not Reported,1,Tracking,1,Stayed in original travel lane,86,L86-Intersecting Paths-Straight Paths-Striking from the Right,0,0,No,777777777777,No Trailing Units,777777777777,No Trailing Units,777777777777,No Trailing Units
41,Oregon,410106,3,3,2,02,20,20,5,May,7,7:00am-7:59am,6,6,12,Motor Vehicle In-Transport,6,Angle,1,Motor Vehicle In-Transport (Inside or Outside the Trafficway),0,No,41,Oregon,1,Driver (in this crash) was  Registered Owner,12,Ford,402,12402,Ford Escape,14,"Compact Utility (Utility Vehicle Categories ""Small"" and ""Midsize"")",2015,2015,1FMCU0F71FUB,1FMCU0F71FUB,1,F,M,C,U,0,F,7,1,F,U,B,0,No Trailing Units,0,Not an Articulated Vehicle,0,Not Applicable,000000000,Not Applicable,00000000000,Not Applicable,0,Not Applicable,0,Not Applicable,0,Not Applicable (N/A),1,No,0,Not Applicable,0,Not Applicable,0,Not Applicable,0,Not Applicable,0,Not a Bus,0,No Special Use,0,Not Applicable,998,Not Reported,0,No Underride or Override Noted,0,No Rollover,0,No Rollover,9,9 Clock Point,6,Disabling Damage,2,Towed Due to Disabling Damage,12,Motor Vehicle In-Transport,0,,0,,0,No or Not Reported,1,Yes,41,Oregon,97032,97032,6,Valid,1,Full Driver License,0,No (CDL),0,No Endorsements required for this vehicle,3,Valid license for this class vehicle,1,Restrictions Complied With,72,72,190,190 lbs.,0,,0,,0,,0,,0,,0,No Record,0,No Record,0,No Record,0,No Record,0,No,0,,0,,0,,0,,5,"Two-Way, Not Divided With a Continuous Left-Turn Lane",5,Five lanes,45,45 MPH,1,Straight,1,Level,2,"Blacktop, Bituminous, or Asphalt",1,Dry,2,Traffic control signal (on colors) with Pedestrian Signal,3,Device Functioning Properly,2,Decelerating in Road,62,From opposite direction  over left lane line,99,Unknown/Not Reported,1,Tracking,1,Stayed in original travel lane,98,M98-Other Crash Type,0,0,No,777777777777,No Trailing Units,777777777777,No Trailing Units,777777777777,No Trailing Units
41,Oregon,410107,1,1,1,01,21,21,5,May,22,10:00pm-10:59pm,24,24,8,Pedestrian,0,Not a Collision with Motor Vehicle In-Transport,1,Motor Vehicle In-Transport (Inside or Outside the Trafficway),0,No,53,Washington,1,Driver (in this crash) was  Registered Owner,12,Ford,402,12402,Ford Escape,14,"Compact Utility (Utility Vehicle Categories ""Small"" and ""Midsize"")",2009,2009,1FMCU93G79KA,1FMCU93G79KA,1,F,M,C,U,9,3,G,7,9,K,A,0,No Trailing Units,0,Not an Articulated Vehicle,0,Not Applicable,000000000,Not Applicable,00000000000,Not Applicable,0,Not Applicable,0,Not Applicable,0,Not Applicable (N/A),1,No,0,Not Applicable,0,Not Applicable,0,Not Applicable,0,Not Applicable,0,Not a Bus,0,No Special Use,0,Not Applicable,998,Not Reported,0,No Underride or Override Noted,0,No Rollover,0,No Rollover,12,12 Clock Point,8,Not Reported,2,Towed Due to Disabling Damage,8,Pedestrian,0,,0,,0,No or Not Reported,1,Yes,53,Washington,98607,98607,6,Valid,1,Full Driver License,0,No (CDL),0,No Endorsements required for this vehicle,3,Valid license for this class vehicle,1,Restrictions Complied With,65,65,105,105 lbs.,0,,0,,0,,0,,0,,0,No Record,0,No Record,0,No Record,0,No Record,0,No,0,,0,,0,,0,,5,"Two-Way, Not Divided With a Continuous Left-Turn Lane",5,Five lanes,35,35 MPH,1,Straight,1,Level,2,"Blacktop, Bituminous, or Asphalt",1,Dry,0,No Controls,0,No Controls,1,Going Straight,80,Pedestrian in road,99,Unknown/Not Reported,1,Tracking,1,Stayed in original travel lane,13,C13-Single Driver-Forward Impact-Pedestrian/ Animal,0,1,Yes,777777777777,No Trailing Units,777777777777,No Trailing Units,777777777777,No Trailing Units
41,Oregon,410108,1,1,1,01,19,19,5,May,23,11:00pm-11:59pm,10,10,1,Rollover/Overturn,0,Not a Collision with Motor Vehicle In-Transport,1,Motor Vehicle In-Transport (Inside or Outside the Trafficway),0,No,41,Oregon,1,Driver (in this crash) was  Registered Owner,49,Toyota,32,49032,Toyota Corolla,4,"4-door sedan, hardtop",2016,2016,5YFBURHE0GP4,5YFBURHE0GP4,5,Y,F,B,U,R,H,E,0,G,P,4,0,No Trailing Units,0,Not an Articulated Vehicle,0,Not Applicable,000000000,Not Applicable,00000000000,Not Applicable,0,Not Applicable,0,Not Applicable,0,Not Applicable (N/A),1,No,0,Not Applicable,0,Not Applicable,0,Not Applicable,0,Not Applicable,0,Not a Bus,0,No Special Use,0,Not Applicable,998,Not Reported,0,No Underride or Override Noted,1,"Rollover, Tripped by Object/Vehicle",5,On Roadside,0,Non-Collision,6,Disabling Damage,2,Towed Due to Disabling Damage,1,Rollover/Overturn,0,,0,,0,No or Not Reported,1,Yes,41,Oregon,97146,97146,6,Valid,1,Full Driver License,0,No (CDL),0,No Endorsements required for this vehicle,3,Valid license for this class vehicle,0,No Restrictions or Not Applicable,65,65,225,225 lbs.,0,,0,,0,,2,2,0,,6,June,2012,2012,7,July,2015,2015,4,"Yes, Too Fast for Conditions",0,,0,,0,,0,,3,"Two-Way,  Divided, Positive  Median Barrier",3,Three lanes,55,55 MPH,1,Straight,1,Level,2,"Blacktop, Bituminous, or Asphalt",2,Wet,0,No Controls,0,No Controls,1,Going Straight,6,Traveling too fast for conditions,99,Unknown/Not Reported,1,Tracking,4,Departed roadway,1,A1-Single Driver-Right Roadside Departure-Drive Off Road,1,1,Yes,777777777777,No Trailing Units,777777777777,No Trailing Units,777777777777,No Trailing Units
41,Oregon,410109,1,2,2,02,15,15,5,May,10,10:00am-10:59am,2,2,12,Motor Vehicle In-Transport,6,Angle,1,Motor Vehicle In-Transport (Inside or Outside the Trafficway),0,No,41,Oregon,1,Driver (in this crash) was  Registered Owner,12,Ford,481,12481,Ford F-Series pickup,34,Light Pickup,1993,1993,1FTHX26H1PKB,1FTHX26H1PKB,1,F,T,H,X,2,6,H,1,P,K,B,0,No Trailing Units,0,Not an Articulated Vehicle,0,Not Applicable,000000000,Not Applicable,00000000000,Not Applicable,0,Not Applicable,0,Not Applicable,0,Not Applicable (N/A),1,No,0,Not Applicable,0,Not Applicable,0,Not Applicable,0,Not Applicable,0,Not a Bus,0,No Special Use,0,Not Applicable,998,Not Reported,0,No Underride or Override Noted,0,No Rollover,0,No Rollover,1,1 Clock Point,6,Disabling Damage,2,Towed Due to Disabling Damage,12,Motor Vehicle In-Transport,0,,0,,0,No or Not Reported,1,Yes,41,Oregon,97479,97479,6,Valid,1,Full Driver License,0,No (CDL),0,No Endorsements required for this vehicle,3,Valid license for this class vehicle,1,Restrictions Complied With,72,72,235,235 lbs.,0,,0,,0,,0,,0,,0,No Record,0,No Record,0,No Record,0,No Record,0,No,38,Failure to Yield Right-of-Way,0,,0,,0,,1,"Two-Way, Not Divided",2,Two lanes,55,55 MPH,1,Straight,2,"Grade, Unknown Slope",2,"Blacktop, Bituminous, or Asphalt",1,Dry,0,No Controls,0,No Controls,11,Turning Left,15,Turning Left,99,Unknown/Not Reported,1,Tracking,1,Stayed in original travel lane,68,J68-Trafficway Vehicle Turning-Turn Across Path-Initial Opposite Directions (Left/Right),1,0,No,777777777777,No Trailing Units,777777777777,No Trailing Units,777777777777,No Trailing Units
41,Oregon,410109,2,2,1,01,15,15,5,May,10,10:00am-10:59am,2,2,12,Motor Vehicle In-Transport,6,Angle,1,Motor Vehicle In-Transport (Inside or Outside the Trafficway),0,No,41,Oregon,1,Driver (in this crash) was  Registered Owner,49,Toyota,472,49472,Toyota Tacoma,40,"Cab Chassis Based (includes Rescue Vehicle, Light Stake, Dump, and Tow Truck)",2001,2001,5TEWM72N11Z7,5TEWM72N11Z7,5,T,E,W,M,7,2,N,1,1,Z,7,0,No Trailing Units,0,Not an Articulated Vehicle,0,Not Applicable,000000000,Not Applicable,00000000000,Not Applicable,0,Not Applicable,0,Not Applicable,0,Not Applicable (N/A),1,No,0,Not Applicable,0,Not Applicable,0,Not Applicable,0,Not Applicable,0,Not a Bus,0,No Special Use,0,Not Applicable,998,Not Reported,0,No Underride or Override Noted,0,No Rollover,0,No Rollover,12,12 Clock Point,6,Disabling Damage,2,Towed Due to Disabling Damage,12,Motor Vehicle In-Transport,0,,0,,0,No or Not Reported,1,Yes,41,Oregon,97302,97302,6,Valid,1,Full Driver License,0,No (CDL),0,No Endorsements required for this vehicle,3,Valid license for this class vehicle,1,Restrictions Complied With,67,67,150,150 lbs.,0,,1,1,0,,1,1,2,2,6,June,2015,2015,5,May,2017,2017,0,No,0,,0,,0,,0,,1,"Two-Way, Not Divided",2,Two lanes,55,55 MPH,1,Straight,2,"Grade, Unknown Slope",2,"Blacktop, Bituminous, or Asphalt",1,Dry,0,No Controls,0,No Controls,1,Going Straight,62,From opposite direction  over left lane line,99,Unknown/Not Reported,1,Tracking,1,Stayed in original travel lane,69,J69-Trafficway Vehicle Turning-Turn Across Path-Initial Opposite Directions (Going Straight),0,0,No,777777777777,No Trailing Units,777777777777,No Trailing Units,777777777777,No Trailing Units
41,Oregon,410110,1,2,1,01,9,9,5,May,13,1:00pm-1:59pm,37,37,12,Motor Vehicle In-Transport,2,Front-to-Front,1,Motor Vehicle In-Transport (Inside or Outside the Trafficway),0,No,41,Oregon,1,Driver (in this crash) was  Registered Owner,19,Cadillac,421,19421,Cadillac Escalade/ESV (from 2004 on; see 431 for 2003 only),15,"Large utility (ANSI D16.1 Utility Vehicle Categories and ""Full Size"" and ""Large"")",2013,2013,1GYS4HEF7DR1,1GYS4HEF7DR1,1,G,Y,S,4,H,E,F,7,D,R,1,0,No Trailing Units,0,Not an Articulated Vehicle,0,Not Applicable,000000000,Not Applicable,00000000000,Not Applicable,0,Not Applicable,0,Not Applicable,0,Not Applicable (N/A),1,No,0,Not Applicable,0,Not Applicable,0,Not Applicable,0,Not Applicable,0,Not a Bus,0,No Special Use,0,Not Applicable,998,Not Reported,0,No Underride or Override Noted,0,No Rollover,0,No Rollover,12,12 Clock Point,6,Disabling Damage,2,Towed Due to Disabling Damage,12,Motor Vehicle In-Transport,0,,0,,0,No or Not Reported,1,Yes,41,Oregon,97524,97524,6,Valid,1,Full Driver License,0,No (CDL),0,No Endorsements required for this vehicle,3,Valid license for this class vehicle,1,Restrictions Complied With,64,64,195,195 lbs.,1,1,0,,0,,0,,0,,3,March,2013,2013,3,March,2013,2013,9,Unknown,28,Improper Lane Usage,0,,0,,0,,1,"Two-Way, Not Divided",2,Two lanes,55,55 MPH,1,Straight,2,"Grade, Unknown Slope",2,"Blacktop, Bituminous, or Asphalt",1,Dry,0,No Controls,0,No Controls,1,Going Straight,10,Over the lane line on left side of travel lane,99,Unknown/Not Reported,1,Tracking,2,"Stayed on roadway, but left original travel lane",50,"G50-Same Trafficway, Opposite Direction-Head-On-Lateral Move (Left/Right)",0,0,No,777777777777,No Trailing Units,777777777777,No Trailing Units,777777777777,No Trailing Units
41,Oregon,410110,2,2,2,02,9,9,5,May,13,1:00pm-1:59pm,37,37,12,Motor Vehicle In-Transport,2,Front-to-Front,1,Motor Vehicle In-Transport (Inside or Outside the Trafficway),0,No,41,Oregon,1,Driver (in this crash) was  Registered Owner,20,Chevrolet,431,20431,Chevrolet Suburban (from 1950-2003;see 422 for 2004 on),16,"Utility station wagon (includes suburban limousines, Suburban, Travellall, Grand Wagoneer)",2001,2001,3GNFK16T31G1,3GNFK16T31G1,3,G,N,F,K,1,6,T,3,1,G,1,0,No Trailing Units,0,Not an Articulated Vehicle,0,Not Applicable,000000000,Not Applicable,00000000000,Not Applicable,0,Not Applicable,0,Not Applicable,0,Not Applicable (N/A),1,No,0,Not Applicable,0,Not Applicable,0,Not Applicable,0,Not Applicable,0,Not a Bus,0,No Special Use,0,Not Applicable,998,Not Reported,0,No Underride or Override Noted,0,No Rollover,0,No Rollover,12,12 Clock Point,6,Disabling Damage,2,Towed Due to Disabling Damage,12,Motor Vehicle In-Transport,0,,0,,0,No or Not Reported,1,Yes,41,Oregon,97541,97541,6,Valid,1,Full Driver License,0,No (CDL),0,No Endorsements required for this vehicle,3,Valid license for this class vehicle,0,No Restrictions or Not Applicable,63,63,185,185 lbs.,0,,0,,0,,0,,0,,0,No Record,0,No Record,0,No Record,0,No Record,0,No,0,,0,,0,,0,,1,"Two-Way, Not Divided",2,Two lanes,55,55 MPH,1,Straight,2,"Grade, Unknown Slope",2,"Blacktop, Bituminous, or Asphalt",1,Dry,0,No Controls,0,No Controls,1,Going Straight,62,From opposite direction  over left lane line,99,Unknown/Not Reported,1,Tracking,1,Stayed in original travel lane,51,"G51-Same Trafficway, Opposite Direction-Head-On-Lateral Move (Going Straight)",1,0,No,777777777777,No Trailing Units,777777777777,No Trailing Units,777777777777,No Trailing Units
41,Oregon,410111,1,1,1,01,18,18,5,May,14,2:00pm-2:59pm,16,16,1,Rollover/Overturn,0,Not a Collision with Motor Vehicle In-Transport,1,Motor Vehicle In-Transport (Inside or Outside the Trafficway),0,No,41,Oregon,1,Driver (in this crash) was  Registered Owner,73,Kawasaki,706,73706,Kawasaki 750cc or greater,80,Two Wheel Motorcycle (excluding motor scooters),2002,2002,JKAZGCA102B5,JKAZGCA102B5,J,K,A,Z,G,C,A,1,0,2,B,5,0,No Trailing Units,0,Not an Articulated Vehicle,0,Not Applicable,000000000,Not Applicable,00000000000,Not Applicable,0,Not Applicable,0,Not Applicable,0,Not Applicable (N/A),1,No,0,Not Applicable,0,Not Applicable,0,Not Applicable,0,Not Applicable,0,Not a Bus,0,No Special Use,0,Not Applicable,74,074 MPH,0,No Underride or Override Noted,0,No Rollover,0,No Rollover,0,Non-Collision,6,Disabling Damage,2,Towed Due to Disabling Damage,1,Rollover/Overturn,0,,0,,0,No or Not Reported,1,Yes,41,Oregon,97219,97219,6,Valid,1,Full Driver License,0,No (CDL),0,No Endorsements required for this vehicle,3,Valid license for this class vehicle,0,No Restrictions or Not Applicable,74,74,200,200 lbs.,0,,0,,0,,4,4,0,,6,June,2013,2013,4,April,2015,2015,3,"Yes, Exceeded Speed Limit",6,Careless Driving,0,,0,,0,,1,"Two-Way, Not Divided",2,Two lanes,35,35 MPH,2,Curve Right,2,"Grade, Unknown Slope",2,"Blacktop, Bituminous, or Asphalt",1,Dry,98,Other,3,Device Functioning Properly,14,Negotiating a Curve,98,Other critical precrash event (specify:),99,Unknown/Not Reported,1,Tracking,1,Stayed in original travel lane,98,M98-Other Crash Type,1,0,No,777777777777,No Trailing Units,777777777777,No Trailing Units,777777777777,No Trailing Units
41,Oregon,410112,1,1,1,01,18,18,5,May,9,9:00am-9:59am,20,20,42,Tree (Standing Only),0,Not a Collision with Motor Vehicle In-Transport,1,Motor Vehicle In-Transport (Inside or Outside the Trafficway),0,No,93,Multiple State Registration,3,Vehicle Registered as Business/Company/Government Vehicle,87,Peterbilt,881,87881,Peterbilt Medium/Heavy - CBE,66,"Truck-tractor (Cab only, or with any number of trailing unit; any weight)",1998,1998,1NPFLB0X5WD4,1NPFLB0X5WD4,1,N,P,F,L,B,0,X,5,W,D,4,1,One Trailing Unit,1,No,57,US DOT,1437648,1437648,571437648,571437648,3,"26,001 lbs. or more",6,Truck Tractor/Semi-Trailer,10,Log,1,No,0,Not Applicable,0,Not Applicable,0,Not Applicable,0,Not Applicable,0,Not a Bus,0,No Special Use,0,Not Applicable,998,Not Reported,0,No Underride or Override Noted,0,No Rollover,0,No Rollover,98,Not Reported,8,Not Reported,9,Unknown,42,Tree (Standing Only),0,,0,,0,No or Not Reported,1,Yes,41,Oregon,97827,97827,6,Valid,1,Full Driver License,6,Valid,0,No Endorsements required for this vehicle,3,Valid license for this class vehicle,1,Restrictions Complied With,71,71,275,275 lbs.,0,,0,,0,,0,,0,,0,No Record,0,No Record,0,No Record,0,No Record,9,Unknown,99,Unknown,99,Unknown,99,Unknown,99,Unknown,1,"Two-Way, Not Divided",2,Two lanes,98,Not Reported,2,Curve Right,2,"Grade, Unknown Slope",4,"Slag, Gravel or Stone",1,Dry,0,No Controls,0,No Controls,14,Negotiating a Curve,13,Off the edge of the road on the right side,99,Unknown/Not Reported,1,Tracking,4,Departed roadway,1,A1-Single Driver-Right Roadside Departure-Drive Off Road,1,0,No,999999999999,Unknown,777777777777,No Trailing Units,777777777777,No Trailing Units
41,Oregon,410113,1,1,1,01,15,15,4,April,15,3:00pm-3:59pm,20,20,1,Rollover/Overturn,0,Not a Collision with Motor Vehicle In-Transport,1,Motor Vehicle In-Transport (Inside or Outside the Trafficway),0,No,41,Oregon,1,Driver (in this crash) was  Registered Owner,53,Suzuki,705,53705,Suzuki 450-749cc,80,Two Wheel Motorcycle (excluding motor scooters),2009,2009,JS1GN7EA3921,JS1GN7EA3921,J,S,1,G,N,7,E,A,3,9,2,1,0,No Trailing Units,0,Not an Articulated Vehicle,0,Not Applicable,000000000,Not Applicable,00000000000,Not Applicable,0,Not Applicable,0,Not Applicable,0,Not Applicable (N/A),1,No,0,Not Applicable,0,Not Applicable,0,Not Applicable,0,Not Applicable,0,Not a Bus,0,No Special Use,0,Not Applicable,998,Not Reported,0,No Underride or Override Noted,0,No Rollover,0,No Rollover,0,Non-Collision,6,Disabling Damage,2,Towed Due to Disabling Damage,5,Fell/Jumped from Vehicle,0,,0,,0,No or Not Reported,1,Yes,41,Oregon,97236,97236,6,Valid,1,Full Driver License,0,No (CDL),0,No Endorsements required for this vehicle,3,Valid license for this class vehicle,1,Restrictions Complied With,66,66,125,125 lbs.,0,,0,,0,,0,,0,,0,No Record,0,No Record,0,No Record,0,No Record,4,"Yes, Too Fast for Conditions",0,,0,,0,,0,,1,"Two-Way, Not Divided",2,Two lanes,50,50 MPH,4,Curve - Unknown Direction,1,Level,2,"Blacktop, Bituminous, or Asphalt",1,Dry,0,No Controls,0,No Controls,14,Negotiating a Curve,19,Unknown travel direction,99,Unknown/Not Reported,1,Tracking,4,Departed roadway,99,M99-Unknown,1,0,No,777777777777,No Trailing Units,777777777777,No Trailing Units,777777777777,No Trailing Units
41,Oregon,410114,1,1,1,01,5,5,6,June,23,11:00pm-11:59pm,15,15,31,"Post, Pole or Other Supports",0,Not a Collision with Motor Vehicle In-Transport,1,Motor Vehicle In-Transport (Inside or Outside the Trafficway),0,No,41,Oregon,2,Driver (in this crash) Not Registered Owner (Other Private Owner Listed),59,Lexus,31,59031,Lexus ES-250/300/300h/330/ 350,4,"4-door sedan, hardtop",1995,1995,JT8GK13T9S01,JT8GK13T9S01,J,T,8,G,K,1,3,T,9,S,0,1,0,No Trailing Units,0,Not an Articulated Vehicle,0,Not Applicable,000000000,Not Applicable,00000000000,Not Applicable,0,Not Applicable,0,Not Applicable,0,Not Applicable (N/A),1,No,0,Not Applicable,0,Not Applicable,0,Not Applicable,0,Not Applicable,0,Not a Bus,0,No Special Use,0,Not Applicable,998,Not Reported,0,No Underride or Override Noted,0,No Rollover,0,No Rollover,9,9 Clock Point,6,Disabling Damage,2,Towed Due to Disabling Damage,31,"Post, Pole or Other Supports",0,,0,,0,No or Not Reported,1,Yes,41,Oregon,97119,97119,6,Valid,1,Full Driver License,0,No (CDL),0,No Endorsements required for this vehicle,3,Valid license for this class vehicle,1,Restrictions Complied With,70,70,175,175 lbs.,1,1,0,,0,,1,1,0,,12,December,2014,2014,5,May,2015,2015,3,"Yes, Exceeded Speed Limit",0,,0,,0,,0,,1,"Two-Way, Not Divided",2,Two lanes,98,Not Reported,2,Curve Right,1,Level,2,"Blacktop, Bituminous, or Asphalt",1,Dry,0,No Controls,0,No Controls,14,Negotiating a Curve,12,Off the edge of the road on the left side,99,Unknown/Not Reported,1,Tracking,4,Departed roadway,6,B6-Single Driver-Left Roadside Departure-Drive Off Road,1,1,Yes,777777777777,No Trailing Units,777777777777,No Trailing Units,777777777777,No Trailing Units
41,Oregon,410115,1,1,1,01,17,17,1,January,13,1:00pm-1:59pm,9,9,8,Pedestrian,0,Not a Collision with Motor Vehicle In-Transport,1,Motor Vehicle In-Transport (Inside or Outside the Trafficway),0,No,41,Oregon,1,Driver (in this crash) was  Registered Owner,7,Dodge,482,7482,Dodge Ram Pickup,34,Light Pickup,2010,2010,1D7RV1GT8AS1,1D7RV1GT8AS1,1,D,7,R,V,1,G,T,8,A,S,1,0,No Trailing Units,0,Not an Articulated Vehicle,0,Not Applicable,000000000,Not Applicable,00000000000,Not Applicable,0,Not Applicable,0,Not Applicable,0,Not Applicable (N/A),1,No,0,Not Applicable,0,Not Applicable,0,Not Applicable,0,Not Applicable,0,Not a Bus,0,No Special Use,0,Not Applicable,998,Not Reported,0,No Underride or Override Noted,0,No Rollover,0,No Rollover,12,12 Clock Point,8,Not Reported,5,Not Towed,8,Pedestrian,0,,0,,0,No or Not Reported,1,Yes,41,Oregon,97459,97459,6,Valid,1,Full Driver License,0,No (CDL),0,No Endorsements required for this vehicle,3,Valid license for this class vehicle,1,Restrictions Complied With,72,72,165,165 lbs.,0,,0,,0,,0,,0,,0,No Record,0,No Record,0,No Record,0,No Record,0,No,38,Failure to Yield Right-of-Way,0,,0,,0,,1,"Two-Way, Not Divided",2,Two lanes,98,Not Reported,1,Straight,1,Level,2,"Blacktop, Bituminous, or Asphalt",2,Wet,2,Traffic control signal (on colors) with Pedestrian Signal,3,Device Functioning Properly,10,Turning Right,80,Pedestrian in road,99,Unknown/Not Reported,1,Tracking,1,Stayed in original travel lane,13,C13-Single Driver-Forward Impact-Pedestrian/ Animal,0,0,No,777777777777,No Trailing Units,777777777777,No Trailing Units,777777777777,No Trailing Units
41,Oregon,410116,1,2,99,Unknown,16,16,4,April,23,11:00pm-11:59pm,6,6,12,Motor Vehicle In-Transport,1,Front-to-Rear,1,Motor Vehicle In-Transport (Inside or Outside the Trafficway),1,Yes,99,Unknown,9,Unknown,99,Unknown Make,999,99999,"Unknown Make Unknown (as to automobile, motored cycle, light truck or truck)",99,Unknown body type,9999,Unknown,999999999999,Unknown,9,9,9,9,9,9,9,9,9,9,9,9,0,No Trailing Units,0,Not an Articulated Vehicle,0,Not Applicable,000000000,Not Applicable,00000000000,Not Applicable,0,Not Applicable,0,Not Applicable,0,Not Applicable (N/A),1,No,0,Not Applicable,0,Not Applicable,0,Not Applicable,0,Not Applicable,0,Not a Bus,0,No Special Use,0,Not Applicable,998,Not Reported,0,No Underride or Override Noted,0,No Rollover,0,No Rollover,12,12 Clock Point,9,Unknown,5,Not Towed,12,Motor Vehicle In-Transport,0,,0,,0,No or Not Reported,1,Yes,99,Unknown,99999,Unknown,9,Unknown License Status,9,Unknown License Type,99,Unknown License Status,9,"Unknown, if required",9,Unknown,9,Unknown,999,Unknown,999,Unknown,99,Unknown,99,Unknown,99,Unknown,99,Unknown,99,Unknown,99,Unknown,9999,Unknown,99,Unknown,9999,Unknown,9,Unknown,99,Unknown,99,Unknown,99,Unknown,99,Unknown,5,"Two-Way, Not Divided With a Continuous Left-Turn Lane",5,Five lanes,98,Not Reported,1,Straight,1,Level,2,"Blacktop, Bituminous, or Asphalt",1,Dry,0,No Controls,0,No Controls,1,Going Straight,51,Traveling in same direction with lower steady speed,99,Unknown/Not Reported,1,Tracking,1,Stayed in original travel lane,24,"D24-Same Trafficway, Same Direction-Rear End-Slower",0,0,No,777777777777,No Trailing Units,777777777777,No Trailing Units,777777777777,No Trailing Units
41,Oregon,410116,2,2,2,02,16,16,4,April,23,11:00pm-11:59pm,6,6,12,Motor Vehicle In-Transport,1,Front-to-Rear,1,Motor Vehicle In-Transport (Inside or Outside the Trafficway),0,No,41,Oregon,1,Driver (in this crash) was  Registered Owner,12,Ford,17,12017,Ford Taurus/Taurus X,4,"4-door sedan, hardtop",1998,1998,1FAFP52SXWA2,1FAFP52SXWA2,1,F,A,F,P,5,2,S,X,W,A,2,0,No Trailing Units,0,Not an Articulated Vehicle,0,Not Applicable,000000000,Not Applicable,00000000000,Not Applicable,0,Not Applicable,0,Not Applicable,0,Not Applicable (N/A),1,No,0,Not Applicable,0,Not Applicable,0,Not Applicable,0,Not Applicable,0,Not a Bus,0,No Special Use,0,Not Applicable,998,Not Reported,0,No Underride or Override Noted,0,No Rollover,0,No Rollover,6,6 Clock Point,6,Disabling Damage,2,Towed Due to Disabling Damage,30,Utility Pole/Light Support,0,,0,,0,No or Not Reported,1,Yes,41,Oregon,97211,97211,6,Valid,1,Full Driver License,0,No (CDL),0,No Endorsements required for this vehicle,3,Valid license for this class vehicle,1,Restrictions Complied With,72,72,220,220 lbs.,1,1,0,,0,,0,,0,,8,August,2014,2014,8,August,2014,2014,0,No,0,,0,,0,,0,,5,"Two-Way, Not Divided With a Continuous Left-Turn Lane",5,Five lanes,98,Not Reported,1,Straight,1,Level,2,"Blacktop, Bituminous, or Asphalt",1,Dry,0,No Controls,0,No Controls,1,Going Straight,53,Traveling in same direction with higher speed,99,Unknown/Not Reported,1,Tracking,1,Stayed in original travel lane,25,"D25-Same Trafficway, Same Direction-Rear End-Slower, Going Straight",1,0,No,777777777777,No Trailing Units,777777777777,No Trailing Units,777777777777,No Trailing Units
41,Oregon,410117,1,2,3,03,16,16,5,May,12,12:00pm-12:59pm,43,43,12,Motor Vehicle In-Transport,2,Front-to-Front,1,Motor Vehicle In-Transport (Inside or Outside the Trafficway),0,No,41,Oregon,2,Driver (in this crash) Not Registered Owner (Other Private Owner Listed),55,Hyundai,36,55036,Hyundai Accent,3,3-door/2-door hatchback,2005,2005,KMHCG35C45U3,KMHCG35C45U3,K,M,H,C,G,3,5,C,4,5,U,3,0,No Trailing Units,0,Not an Articulated Vehicle,0,Not Applicable,000000000,Not Applicable,00000000000,Not Applicable,0,Not Applicable,0,Not Applicable,0,Not Applicable (N/A),1,No,0,Not Applicable,0,Not Applicable,0,Not Applicable,0,Not Applicable,0,Not a Bus,0,No Special Use,0,Not Applicable,998,Not Reported,0,No Underride or Override Noted,1,"Rollover, Tripped by Object/Vehicle",1,On Roadway,12,12 Clock Point,6,Disabling Damage,2,Towed Due to Disabling Damage,1,Rollover/Overturn,0,,0,,0,No or Not Reported,1,Yes,53,Washington,98661,98661,6,Valid,1,Full Driver License,0,No (CDL),0,No Endorsements required for this vehicle,3,Valid license for this class vehicle,0,No Restrictions or Not Applicable,73,73,180,180 lbs.,0,,0,,0,,0,,0,,0,No Record,0,No Record,0,No Record,0,No Record,4,"Yes, Too Fast for Conditions",28,Improper Lane Usage,0,,0,,0,,1,"Two-Way, Not Divided",2,Two lanes,45,45 MPH,1,Straight,1,Level,2,"Blacktop, Bituminous, or Asphalt",1,Dry,0,No Controls,0,No Controls,1,Going Straight,10,Over the lane line on left side of travel lane,99,Unknown/Not Reported,1,Tracking,2,"Stayed on roadway, but left original travel lane",50,"G50-Same Trafficway, Opposite Direction-Head-On-Lateral Move (Left/Right)",1,0,No,777777777777,No Trailing Units,777777777777,No Trailing Units,777777777777,No Trailing Units
41,Oregon,410117,2,2,1,01,16,16,5,May,12,12:00pm-12:59pm,43,43,12,Motor Vehicle In-Transport,2,Front-to-Front,1,Motor Vehicle In-Transport (Inside or Outside the Trafficway),0,No,41,Oregon,3,Vehicle Registered as Business/Company/Government Vehicle,38,Isuzu,882,38882,"Isuzu Medium/Heavy - COE, low entry",61,"Single-unit straight truck or Cab-Chassis (10,000 lbs. < GVWR < or = 19,500 lbs.)",1995,1995,JALF5A120S37,JALF5A120S37,J,A,L,F,5,A,1,2,0,S,3,7,0,No Trailing Units,0,Not an Articulated Vehicle,57,US DOT,234671,234671,57234671,57234671,2,"10,001 lbs - 26,000 lbs",2,Single-Unit Truck (3 or more axles),1,Van/Enclosed Box,1,No,0,Not Applicable,0,Not Applicable,0,Not Applicable,0,Not Applicable,0,Not a Bus,0,No Special Use,0,Not Applicable,998,Not Reported,0,No Underride or Override Noted,0,No Rollover,0,No Rollover,12,12 Clock Point,8,Not Reported,2,Towed Due to Disabling Damage,12,Motor Vehicle In-Transport,0,,0,,0,No or Not Reported,1,Yes,41,Oregon,97030,97030,6,Valid,1,Full Driver License,0,No (CDL),0,No Endorsements required for this vehicle,3,Valid license for this class vehicle,1,Restrictions Complied With,66,66,144,144 lbs.,1,1,0,,0,,0,,0,,5,May,2013,2013,5,May,2013,2013,9,Unknown,99,Unknown,99,Unknown,99,Unknown,99,Unknown,1,"Two-Way, Not Divided",2,Two lanes,45,45 MPH,1,Straight,1,Level,2,"Blacktop, Bituminous, or Asphalt",1,Dry,0,No Controls,0,No Controls,1,Going Straight,62,From opposite direction  over left lane line,99,Unknown/Not Reported,1,Tracking,1,Stayed in original travel lane,51,"G51-Same Trafficway, Opposite Direction-Head-On-Lateral Move (Going Straight)",0,0,No,777777777777,No Trailing Units,777777777777,No Trailing Units,777777777777,No Trailing Units
41,Oregon,410118,1,1,1,01,23,23,5,May,12,12:00pm-12:59pm,35,35,8,Pedestrian,0,Not a Collision with Motor Vehicle In-Transport,1,Motor Vehicle In-Transport (Inside or Outside the Trafficway),0,No,41,Oregon,2,Driver (in this crash) Not Registered Owner (Other Private Owner Listed),59,Lexus,32,59032,Lexus LS-400/430/460/L/600h/L,4,"4-door sedan, hardtop",1990,1990,JT8UF11E9L00,JT8UF11E9L00,J,T,8,U,F,1,1,E,9,L,0,0,0,No Trailing Units,0,Not an Articulated Vehicle,0,Not Applicable,000000000,Not Applicable,00000000000,Not Applicable,0,Not Applicable,0,Not Applicable,0,Not Applicable (N/A),1,No,0,Not Applicable,0,Not Applicable,0,Not Applicable,0,Not Applicable,0,Not a Bus,0,No Special Use,0,Not Applicable,998,Not Reported,0,No Underride or Override Noted,1,"Rollover, Tripped by Object/Vehicle",1,On Roadway,12,12 Clock Point,6,Disabling Damage,2,Towed Due to Disabling Damage,8,Pedestrian,0,,0,,0,No or Not Reported,1,Yes,41,Oregon,97266,97266,6,Valid,1,Full Driver License,0,No (CDL),0,No Endorsements required for this vehicle,3,Valid license for this class vehicle,1,Restrictions Complied With,69,69,205,205 lbs.,0,,0,,0,,0,,0,,0,No Record,0,No Record,0,No Record,0,No Record,4,"Yes, Too Fast for Conditions",39,"Failure to Obey Actual Traffic Sign,Traffic Control Devices or Traffic Officers;Failure to Obey Safety Zone Traffic Laws",0,,0,,0,,1,"Two-Way, Not Divided",2,Two lanes,98,Not Reported,1,Straight,2,"Grade, Unknown Slope",2,"Blacktop, Bituminous, or Asphalt",1,Dry,50,Person,3,Device Functioning Properly,1,Going Straight,80,Pedestrian in road,99,Unknown/Not Reported,1,Tracking,1,Stayed in original travel lane,13,C13-Single Driver-Forward Impact-Pedestrian/ Animal,0,1,Yes,777777777777,No Trailing Units,777777777777,No Trailing Units,777777777777,No Trailing Units
41,Oregon,410120,1,1,1,01,26,26,5,May,20,8:00pm-8:59pm,59,59,1,Rollover/Overturn,0,Not a Collision with Motor Vehicle In-Transport,1,Motor Vehicle In-Transport (Inside or Outside the Trafficway),0,No,41,Oregon,2,Driver (in this crash) Not Registered Owner (Other Private Owner Listed),23,GMC,481,23481,"GMC C, K, R, V-series pickup/     Sierra",34,Light Pickup,1994,1994,1GTEK19K2RE5,1GTEK19K2RE5,1,G,T,E,K,1,9,K,2,R,E,5,0,No Trailing Units,0,Not an Articulated Vehicle,0,Not Applicable,000000000,Not Applicable,00000000000,Not Applicable,0,Not Applicable,0,Not Applicable,0,Not Applicable (N/A),1,No,0,Not Applicable,0,Not Applicable,0,Not Applicable,0,Not Applicable,0,Not a Bus,0,No Special Use,0,Not Applicable,998,Not Reported,0,No Underride or Override Noted,1,"Rollover, Tripped by Object/Vehicle",5,On Roadside,0,Non-Collision,6,Disabling Damage,2,Towed Due to Disabling Damage,1,Rollover/Overturn,0,,0,,0,No or Not Reported,1,Yes,41,Oregon,97702,97702,6,Valid,1,Full Driver License,0,No (CDL),0,No Endorsements required for this vehicle,3,Valid license for this class vehicle,0,No Restrictions or Not Applicable,72,72,195,195 lbs.,0,,5,5,1,1,0,,0,,11,November,2013,2013,3,March,2016,2016,0,No,99,Unknown,99,Unknown,99,Unknown,99,Unknown,1,"Two-Way, Not Divided",2,Two lanes,55,55 MPH,4,Curve - Unknown Direction,2,"Grade, Unknown Slope",2,"Blacktop, Bituminous, or Asphalt",1,Dry,0,No Controls,0,No Controls,14,Negotiating a Curve,19,Unknown travel direction,99,Unknown/Not Reported,1,Tracking,4,Departed roadway,99,M99-Unknown,1,1,Yes,777777777777,No Trailing Units,777777777777,No Trailing Units,777777777777,No Trailing Units
41,Oregon,410121,1,2,4,04,28,28,5,May,3,3:00am-3:59am,9,9,12,Motor Vehicle In-Transport,2,Front-to-Front,1,Motor Vehicle In-Transport (Inside or Outside the Trafficway),0,No,53,Washington,2,Driver (in this crash) Not Registered Owner (Other Private Owner Listed),12,Ford,37,12037,Ford Focus,4,"4-door sedan, hardtop",2007,2007,1FAFP34N87W3,1FAFP34N87W3,1,F,A,F,P,3,4,N,8,7,W,3,0,No Trailing Units,0,Not an Articulated Vehicle,0,Not Applicable,000000000,Not Applicable,00000000000,Not Applicable,0,Not Applicable,0,Not Applicable,0,Not Applicable (N/A),1,No,0,Not Applicable,0,Not Applicable,0,Not Applicable,0,Not Applicable,0,Not a Bus,0,No Special Use,0,Not Applicable,998,Not Reported,0,No Underride or Override Noted,0,No Rollover,0,No Rollover,12,12 Clock Point,6,Disabling Damage,2,Towed Due to Disabling Damage,12,Motor Vehicle In-Transport,0,,0,,0,No or Not Reported,1,Yes,53,Washington,98541,98541,6,Valid,1,Full Driver License,0,No (CDL),0,No Endorsements required for this vehicle,3,Valid license for this class vehicle,0,No Restrictions or Not Applicable,69,69,150,150 lbs.,0,,0,,0,,0,,0,,0,No Record,0,No Record,0,No Record,0,No Record,0,No,0,,0,,0,,0,,1,"Two-Way, Not Divided",2,Two lanes,45,45 MPH,1,Straight,1,Level,2,"Blacktop, Bituminous, or Asphalt",1,Dry,0,No Controls,0,No Controls,1,Going Straight,10,Over the lane line on left side of travel lane,99,Unknown/Not Reported,1,Tracking,2,"Stayed on roadway, but left original travel lane",50,"G50-Same Trafficway, Opposite Direction-Head-On-Lateral Move (Left/Right)",1,0,No,777777777777,No Trailing Units,777777777777,No Trailing Units,777777777777,No Trailing Units
41,Oregon,410121,2,2,1,01,28,28,5,May,3,3:00am-3:59am,9,9,12,Motor Vehicle In-Transport,2,Front-to-Front,1,Motor Vehicle In-Transport (Inside or Outside the Trafficway),0,No,93,Multiple State Registration,3,Vehicle Registered as Business/Company/Government Vehicle,82,Freightliner,881,82881,Freightliner Medium/Heavy - CBE,62,"Single-unit straight truck or Cab-Chassis (19,500 lbs. < GVWR < or = 26,000 lbs.)",2017,2017,3ALACWCY8HDJ,3ALACWCY8HDJ,3,A,L,A,C,W,C,Y,8,H,D,J,0,No Trailing Units,0,Not an Articulated Vehicle,57,US DOT,261902,261902,57261902,57261902,2,"10,001 lbs - 26,000 lbs",2,Single-Unit Truck (3 or more axles),1,Van/Enclosed Box,1,No,0,Not Applicable,0,Not Applicable,0,Not Applicable,0,Not Applicable,0,Not a Bus,0,No Special Use,0,Not Applicable,998,Not Reported,0,No Underride or Override Noted,0,No Rollover,0,No Rollover,12,12 Clock Point,8,Not Reported,2,Towed Due to Disabling Damage,12,Motor Vehicle In-Transport,0,,0,,0,No or Not Reported,1,Yes,53,Washington,98684,98684,6,Valid,1,Full Driver License,0,No (CDL),0,No Endorsements required for this vehicle,2,No valid license for this class vehicle,0,No Restrictions or Not Applicable,66,66,149,149 lbs.,0,,0,,0,,0,,0,,0,No Record,0,No Record,0,No Record,0,No Record,0,No,0,,0,,0,,0,,1,"Two-Way, Not Divided",2,Two lanes,45,45 MPH,1,Straight,1,Level,2,"Blacktop, Bituminous, or Asphalt",1,Dry,0,No Controls,0,No Controls,1,Going Straight,62,From opposite direction  over left lane line,99,Unknown/Not Reported,1,Tracking,1,Stayed in original travel lane,51,"G51-Same Trafficway, Opposite Direction-Head-On-Lateral Move (Going Straight)",0,0,No,777777777777,No Trailing Units,777777777777,No Trailing Units,777777777777,No Trailing Units
41,Oregon,410122,1,4,1,01,23,23,5,May,7,7:00am-7:59am,47,47,12,Motor Vehicle In-Transport,1,Front-to-Rear,1,Motor Vehicle In-Transport (Inside or Outside the Trafficway),0,No,41,Oregon,1,Driver (in this crash) was  Registered Owner,32,Audi,43,32043,Audi A4,4,"4-door sedan, hardtop",2009,2009,WAULF78K39N0,WAULF78K39N0,W,A,U,L,F,7,8,K,3,9,N,0,0,No Trailing Units,0,Not an Articulated Vehicle,0,Not Applicable,000000000,Not Applicable,00000000000,Not Applicable,0,Not Applicable,0,Not Applicable,0,Not Applicable (N/A),1,No,0,Not Applicable,0,Not Applicable,0,Not Applicable,0,Not Applicable,0,Not a Bus,0,No Special Use,0,Not Applicable,998,Not Reported,0,No Underride or Override Noted,0,No Rollover,0,No Rollover,12,12 Clock Point,8,Not Reported,2,Towed Due to Disabling Damage,12,Motor Vehicle In-Transport,0,,0,,0,No or Not Reported,1,Yes,41,Oregon,97045,97045,6,Valid,1,Full Driver License,0,No (CDL),0,No Endorsements required for this vehicle,3,Valid license for this class vehicle,1,Restrictions Complied With,67,67,200,200 lbs.,0,,0,,0,,0,,0,,0,No Record,0,No Record,0,No Record,0,No Record,0,No,0,,0,,0,,0,,3,"Two-Way,  Divided, Positive  Median Barrier",3,Three lanes,40,40 MPH,1,Straight,1,Level,2,"Blacktop, Bituminous, or Asphalt",1,Dry,0,No Controls,0,No Controls,1,Going Straight,50,Other vehicle stopped,99,Unknown/Not Reported,1,Tracking,1,Stayed in original travel lane,20,"D20-Same Trafficway, Same Direction-Rear End-Stopped",0,0,No,777777777777,No Trailing Units,777777777777,No Trailing Units,777777777777,No Trailing Units
41,Oregon,410122,2,4,1,01,23,23,5,May,7,7:00am-7:59am,47,47,12,Motor Vehicle In-Transport,1,Front-to-Rear,1,Motor Vehicle In-Transport (Inside or Outside the Trafficway),0,No,41,Oregon,1,Driver (in this crash) was  Registered Owner,76,Yamaha,705,76705,Yamaha 450-749cc,80,Two Wheel Motorcycle (excluding motor scooters),1998,1998,JYAVM01Y7WA0,JYAVM01Y7WA0,J,Y,A,V,M,0,1,Y,7,W,A,0,0,No Trailing Units,0,Not an Articulated Vehicle,0,Not Applicable,000000000,Not Applicable,00000000000,Not Applicable,0,Not Applicable,0,Not Applicable,0,Not Applicable (N/A),1,No,0,Not Applicable,0,Not Applicable,0,Not Applicable,0,Not Applicable,0,Not a Bus,0,No Special Use,0,Not Applicable,0,Stopped Motor Vehicle In- Transport,0,No Underride or Override Noted,0,No Rollover,0,No Rollover,6,6 Clock Point,6,Disabling Damage,2,Towed Due to Disabling Damage,12,Motor Vehicle In-Transport,0,,0,,0,No or Not Reported,1,Yes,41,Oregon,97045,97045,6,Valid,1,Full Driver License,0,No (CDL),0,No Endorsements required for this vehicle,3,Valid license for this class vehicle,1,Restrictions Complied With,72,72,165,165 lbs.,1,1,0,,0,,0,,0,,7,July,2014,2014,7,July,2014,2014,0,No,0,,0,,0,,0,,3,"Two-Way,  Divided, Positive  Median Barrier",3,Three lanes,40,40 MPH,1,Straight,1,Level,2,"Blacktop, Bituminous, or Asphalt",1,Dry,0,No Controls,0,No Controls,5,Stopped in Roadway,53,Traveling in same direction with higher speed,1,No Avoidance Maneuver,1,Tracking,1,Stayed in original travel lane,21,"D21-Same Trafficway, Same Direction-Rear End-Stopped, Straight",1,0,No,777777777777,No Trailing Units,777777777777,No Trailing Units,777777777777,No Trailing Units
41,Oregon,410122,3,4,1,01,23,23,5,May,7,7:00am-7:59am,47,47,12,Motor Vehicle In-Transport,1,Front-to-Rear,1,Motor Vehicle In-Transport (Inside or Outside the Trafficway),0,No,41,Oregon,1,Driver (in this crash) was  Registered Owner,41,Mazda,45,41045,Mazda Miata/MX-5,1,"Convertible(excludes sun-roof,t-bar)",1991,1991,JM1NA3517M12,JM1NA3517M12,J,M,1,N,A,3,5,1,7,M,1,2,0,No Trailing Units,0,Not an Articulated Vehicle,0,Not Applicable,000000000,Not Applicable,00000000000,Not Applicable,0,Not Applicable,0,Not Applicable,0,Not Applicable (N/A),1,No,0,Not Applicable,0,Not Applicable,0,Not Applicable,0,Not Applicable,0,Not a Bus,0,No Special Use,0,Not Applicable,0,Stopped Motor Vehicle In- Transport,0,No Underride or Override Noted,0,No Rollover,0,No Rollover,6,6 Clock Point,8,Not Reported,2,Towed Due to Disabling Damage,54,"Motor Vehicle In-Transport Strikes or is Struck by Cargo, Persons or Objects Set-in-Motion from/by Another Motor Vehicle In Transport",0,,0,,0,No or Not Reported,1,Yes,41,Oregon,97045,97045,6,Valid,1,Full Driver License,0,No (CDL),0,No Endorsements required for this vehicle,3,Valid license for this class vehicle,0,No Restrictions or Not Applicable,71,71,205,205 lbs.,0,,0,,0,,1,1,1,1,5,May,2014,2014,5,May,2016,2016,0,No,0,,0,,0,,0,,3,"Two-Way,  Divided, Positive  Median Barrier",3,Three lanes,40,40 MPH,1,Straight,1,Level,2,"Blacktop, Bituminous, or Asphalt",1,Dry,0,No Controls,0,No Controls,5,Stopped in Roadway,53,Traveling in same direction with higher speed,1,No Avoidance Maneuver,1,Tracking,1,Stayed in original travel lane,98,M98-Other Crash Type,0,0,No,777777777777,No Trailing Units,777777777777,No Trailing Units,777777777777,No Trailing Units
41,Oregon,410122,4,4,1,01,23,23,5,May,7,7:00am-7:59am,47,47,12,Motor Vehicle In-Transport,1,Front-to-Rear,1,Motor Vehicle In-Transport (Inside or Outside the Trafficway),0,No,41,Oregon,1,Driver (in this crash) was  Registered Owner,52,Mitsubishi,40,52040,Mitsubishi Diamante,4,"4-door sedan, hardtop",1994,1994,JA3AP47H1RY0,JA3AP47H1RY0,J,A,3,A,P,4,7,H,1,R,Y,0,0,No Trailing Units,0,Not an Articulated Vehicle,0,Not Applicable,000000000,Not Applicable,00000000000,Not Applicable,0,Not Applicable,0,Not Applicable,0,Not Applicable (N/A),1,No,0,Not Applicable,0,Not Applicable,0,Not Applicable,0,Not Applicable,0,Not a Bus,0,No Special Use,0,Not Applicable,0,Stopped Motor Vehicle In- Transport,0,No Underride or Override Noted,0,No Rollover,0,No Rollover,6,6 Clock Point,8,Not Reported,5,Not Towed,54,"Motor Vehicle In-Transport Strikes or is Struck by Cargo, Persons or Objects Set-in-Motion from/by Another Motor Vehicle In Transport",0,,0,,0,No or Not Reported,1,Yes,41,Oregon,97013,97013,6,Valid,1,Full Driver License,0,No (CDL),0,No Endorsements required for this vehicle,3,Valid license for this class vehicle,0,No Restrictions or Not Applicable,70,70,315,315 lbs.,1,1,0,,0,,1,1,0,,5,May,2012,2012,5,May,2013,2013,0,No,0,,0,,0,,0,,3,"Two-Way,  Divided, Positive  Median Barrier",3,Three lanes,40,40 MPH,1,Straight,1,Level,2,"Blacktop, Bituminous, or Asphalt",1,Dry,0,No Controls,0,No Controls,5,Stopped in Roadway,53,Traveling in same direction with higher speed,1,No Avoidance Maneuver,1,Tracking,1,Stayed in original travel lane,98,M98-Other Crash Type,0,0,No,777777777777,No Trailing Units,777777777777,No Trailing Units,777777777777,No Trailing Units
41,Oregon,410123,1,1,2,02,28,28,5,May,15,3:00pm-3:59pm,11,11,5,Fell/Jumped from Vehicle,0,Not a Collision with Motor Vehicle In-Transport,1,Motor Vehicle In-Transport (Inside or Outside the Trafficway),0,No,41,Oregon,1,Driver (in this crash) was  Registered Owner,72,Harley-Davidson,706,72706,Harley-Davidson 750cc or greater,80,Two Wheel Motorcycle (excluding motor scooters),2006,2006,1HD1FCW146Y6,1HD1FCW146Y6,1,H,D,1,F,C,W,1,4,6,Y,6,0,No Trailing Units,0,Not an Articulated Vehicle,0,Not Applicable,000000000,Not Applicable,00000000000,Not Applicable,0,Not Applicable,0,Not Applicable,0,Not Applicable (N/A),1,No,0,Not Applicable,0,Not Applicable,0,Not Applicable,0,Not Applicable,0,Not a Bus,0,No Special Use,0,Not Applicable,998,Not Reported,0,No Underride or Override Noted,0,No Rollover,0,No Rollover,0,Non-Collision,9,Unknown,2,Towed Due to Disabling Damage,5,Fell/Jumped from Vehicle,0,,0,,0,No or Not Reported,1,Yes,41,Oregon,97055,97055,6,Valid,1,Full Driver License,0,No (CDL),0,No Endorsements required for this vehicle,3,Valid license for this class vehicle,0,No Restrictions or Not Applicable,68,68,250,250 lbs.,0,,0,,0,,0,,0,,0,No Record,0,No Record,0,No Record,0,No Record,4,"Yes, Too Fast for Conditions",0,,0,,0,,0,,3,"Two-Way,  Divided, Positive  Median Barrier",2,Two lanes,55,55 MPH,2,Curve Right,2,"Grade, Unknown Slope",2,"Blacktop, Bituminous, or Asphalt",1,Dry,0,No Controls,0,No Controls,14,Negotiating a Curve,98,Other critical precrash event (specify:),99,Unknown/Not Reported,1,Tracking,1,Stayed in original travel lane,0,M0-No Impact,1,0,No,777777777777,No Trailing Units,777777777777,No Trailing Units,777777777777,No Trailing Units
41,Oregon,410124,1,1,1,01,1,1,6,June,9,9:00am-9:59am,23,23,1,Rollover/Overturn,0,Not a Collision with Motor Vehicle In-Transport,1,Motor Vehicle In-Transport (Inside or Outside the Trafficway),0,No,16,Idaho,1,Driver (in this crash) was  Registered Owner,72,Harley-Davidson,706,72706,Harley-Davidson 750cc or greater,80,Two Wheel Motorcycle (excluding motor scooters),2004,2004,1HD1BWB154Y0,1HD1BWB154Y0,1,H,D,1,B,W,B,1,5,4,Y,0,0,No Trailing Units,0,Not an Articulated Vehicle,0,Not Applicable,000000000,Not Applicable,00000000000,Not Applicable,0,Not Applicable,0,Not Applicable,0,Not Applicable (N/A),1,No,0,Not Applicable,0,Not Applicable,0,Not Applicable,0,Not Applicable,0,Not a Bus,0,No Special Use,0,Not Applicable,998,Not Reported,0,No Underride or Override Noted,0,No Rollover,0,No Rollover,0,Non-Collision,8,Not Reported,2,Towed Due to Disabling Damage,1,Rollover/Overturn,0,,0,,0,No or Not Reported,1,Yes,16,Idaho,83703,83703,6,Valid,1,Full Driver License,6,Valid,0,No Endorsements required for this vehicle,3,Valid license for this class vehicle,1,Restrictions Complied With,72,72,185,185 lbs.,0,,0,,0,,2,2,0,,6,June,2015,2015,9,September,2016,2016,9,Unknown,99,Unknown,99,Unknown,99,Unknown,99,Unknown,1,"Two-Way, Not Divided",2,Two lanes,70,70 MPH,1,Straight,1,Level,2,"Blacktop, Bituminous, or Asphalt",2,Wet,0,No Controls,0,No Controls,1,Going Straight,13,Off the edge of the road on the right side,99,Unknown/Not Reported,1,Tracking,4,Departed roadway,1,A1-Single Driver-Right Roadside Departure-Drive Off Road,1,0,No,777777777777,No Trailing Units,777777777777,No Trailing Units,777777777777,No Trailing Units
41,Oregon,410125,1,1,1,01,2,2,6,June,12,12:00pm-12:59pm,29,29,8,Pedestrian,0,Not a Collision with Motor Vehicle In-Transport,1,Motor Vehicle In-Transport (Inside or Outside the Trafficway),0,No,53,Washington,2,Driver (in this crash) Not Registered Owner (Other Private Owner Listed),12,Ford,401,12401,Ford Bronco (thru 1977)/Bronco II/Explorer/Explorer Sport,14,"Compact Utility (Utility Vehicle Categories ""Small"" and ""Midsize"")",2003,2003,1FMZU75FX3ZA,1FMZU75FX3ZA,1,F,M,Z,U,7,5,F,X,3,Z,A,0,No Trailing Units,0,Not an Articulated Vehicle,0,Not Applicable,000000000,Not Applicable,00000000000,Not Applicable,0,Not Applicable,0,Not Applicable,0,Not Applicable (N/A),1,No,0,Not Applicable,0,Not Applicable,0,Not Applicable,0,Not Applicable,0,Not a Bus,0,No Special Use,0,Not Applicable,998,Not Reported,0,No Underride or Override Noted,0,No Rollover,0,No Rollover,12,12 Clock Point,8,Not Reported,2,Towed Due to Disabling Damage,8,Pedestrian,0,,0,,0,No or Not Reported,1,Yes,41,Oregon,97045,97045,6,Valid,1,Full Driver License,0,No (CDL),0,No Endorsements required for this vehicle,3,Valid license for this class vehicle,0,No Restrictions or Not Applicable,72,72,300,300 lbs.,1,1,0,,0,,0,,0,,6,June,2016,2016,6,June,2016,2016,4,"Yes, Too Fast for Conditions",0,,0,,0,,0,,1,"Two-Way, Not Divided",2,Two lanes,25,25 MPH,1,Straight,1,Level,2,"Blacktop, Bituminous, or Asphalt",1,Dry,0,No Controls,0,No Controls,1,Going Straight,80,Pedestrian in road,99,Unknown/Not Reported,1,Tracking,4,Departed roadway,13,C13-Single Driver-Forward Impact-Pedestrian/ Animal,0,0,No,777777777777,No Trailing Units,777777777777,No Trailing Units,777777777777,No Trailing Units
41,Oregon,410126,1,1,1,01,5,5,6,June,19,7:00pm-7:59pm,11,11,1,Rollover/Overturn,0,Not a Collision with Motor Vehicle In-Transport,1,Motor Vehicle In-Transport (Inside or Outside the Trafficway),0,No,41,Oregon,2,Driver (in this crash) Not Registered Owner (Other Private Owner Listed),76,Yamaha,705,76705,Yamaha 450-749cc,80,Two Wheel Motorcycle (excluding motor scooters),2016,2016,JYARJ16E2GA0,JYARJ16E2GA0,J,Y,A,R,J,1,6,E,2,G,A,0,0,No Trailing Units,0,Not an Articulated Vehicle,0,Not Applicable,000000000,Not Applicable,00000000000,Not Applicable,0,Not Applicable,0,Not Applicable,0,Not Applicable (N/A),1,No,0,Not Applicable,0,Not Applicable,0,Not Applicable,0,Not Applicable,0,Not a Bus,0,No Special Use,0,Not Applicable,998,Not Reported,0,No Underride or Override Noted,0,No Rollover,0,No Rollover,0,Non-Collision,6,Disabling Damage,2,Towed Due to Disabling Damage,24,Guardrail Face,0,,0,,0,No or Not Reported,1,Yes,41,Oregon,97230,97230,6,Valid,1,Full Driver License,0,No (CDL),0,No Endorsements required for this vehicle,3,Valid license for this class vehicle,0,No Restrictions or Not Applicable,73,73,250,250 lbs.,0,,0,,0,,2,2,0,,3,March,2014,2014,4,April,2015,2015,4,"Yes, Too Fast for Conditions",0,,0,,0,,0,,1,"Two-Way, Not Divided",2,Two lanes,35,35 MPH,4,Curve - Unknown Direction,2,"Grade, Unknown Slope",2,"Blacktop, Bituminous, or Asphalt",1,Dry,0,No Controls,0,No Controls,14,Negotiating a Curve,6,Traveling too fast for conditions,99,Unknown/Not Reported,1,Tracking,1,Stayed in original travel lane,98,M98-Other Crash Type,1,0,No,777777777777,No Trailing Units,777777777777,No Trailing Units,777777777777,No Trailing Units
41,Oregon,410127,1,2,2,02,6,6,6,June,3,3:00am-3:59am,23,23,12,Motor Vehicle In-Transport,1,Front-to-Rear,1,Motor Vehicle In-Transport (Inside or Outside the Trafficway),0,No,41,Oregon,2,Driver (in this crash) Not Registered Owner (Other Private Owner Listed),12,Ford,481,12481,Ford F-Series pickup,34,Light Pickup,2011,2011,1FT7X2A67BEB,1FT7X2A67BEB,1,F,T,7,X,2,A,6,7,B,E,B,0,No Trailing Units,0,Not an Articulated Vehicle,0,Not Applicable,000000000,Not Applicable,00000000000,Not Applicable,0,Not Applicable,0,Not Applicable,0,Not Applicable (N/A),1,No,0,Not Applicable,0,Not Applicable,0,Not Applicable,0,Not Applicable,0,Not a Bus,0,No Special Use,0,Not Applicable,998,Not Reported,0,No Underride or Override Noted,0,No Rollover,0,No Rollover,6,6 Clock Point,6,Disabling Damage,2,Towed Due to Disabling Damage,12,Motor Vehicle In-Transport,0,,0,,0,No or Not Reported,1,Yes,41,Oregon,97753,97753,6,Valid,1,Full Driver License,0,No (CDL),0,No Endorsements required for this vehicle,3,Valid license for this class vehicle,0,No Restrictions or Not Applicable,70,70,230,230 lbs.,0,,0,,0,,0,,0,,0,No Record,0,No Record,0,No Record,0,No Record,5,"Yes, Specifics Unknown",0,,0,,0,,0,,3,"Two-Way,  Divided, Positive  Median Barrier",3,Three lanes,65,65 MPH,1,Straight,1,Level,2,"Blacktop, Bituminous, or Asphalt",1,Dry,0,No Controls,0,No Controls,1,Going Straight,53,Traveling in same direction with higher speed,99,Unknown/Not Reported,1,Tracking,1,Stayed in original travel lane,25,"D25-Same Trafficway, Same Direction-Rear End-Slower, Going Straight",1,0,No,777777777777,No Trailing Units,777777777777,No Trailing Units,777777777777,No Trailing Units
41,Oregon,410127,2,2,99,Unknown,6,6,6,June,3,3:00am-3:59am,23,23,12,Motor Vehicle In-Transport,1,Front-to-Rear,1,Motor Vehicle In-Transport (Inside or Outside the Trafficway),1,Yes,41,Oregon,3,Vehicle Registered as Business/Company/Government Vehicle,82,Freightliner,881,82881,Freightliner Medium/Heavy - CBE,62,"Single-unit straight truck or Cab-Chassis (19,500 lbs. < GVWR < or = 26,000 lbs.)",2005,2005,1FVACWCS85HV,1FVACWCS85HV,1,F,V,A,C,W,C,S,8,5,H,V,0,No Trailing Units,0,Not an Articulated Vehicle,57,US DOT,01037615,01037615,5701037615,5701037615,2,"10,001 lbs - 26,000 lbs",2,Single-Unit Truck (3 or more axles),1,Van/Enclosed Box,1,No,0,Not Applicable,0,Not Applicable,0,Not Applicable,0,Not Applicable,0,Not a Bus,0,No Special Use,0,Not Applicable,998,Not Reported,0,No Underride or Override Noted,0,No Rollover,0,No Rollover,12,12 Clock Point,8,Not Reported,5,Not Towed,12,Motor Vehicle In-Transport,0,,0,,0,No or Not Reported,1,Yes,41,Oregon,97220,97220,6,Valid,1,Full Driver License,0,No (CDL),0,No Endorsements required for this vehicle,3,Valid license for this class vehicle,0,No Restrictions or Not Applicable,69,69,160,160 lbs.,0,,0,,0,,0,,0,,0,No Record,0,No Record,0,No Record,0,No Record,5,"Yes, Specifics Unknown",99,Unknown,99,Unknown,99,Unknown,99,Unknown,3,"Two-Way,  Divided, Positive  Median Barrier",3,Three lanes,65,65 MPH,1,Straight,1,Level,2,"Blacktop, Bituminous, or Asphalt",1,Dry,0,No Controls,0,No Controls,1,Going Straight,51,Traveling in same direction with lower steady speed,99,Unknown/Not Reported,1,Tracking,1,Stayed in original travel lane,24,"D24-Same Trafficway, Same Direction-Rear End-Slower",0,0,No,777777777777,No Trailing Units,777777777777,No Trailing Units,777777777777,No Trailing Units
41,Oregon,410128,1,1,1,01,7,7,6,June,16,4:00pm-4:59pm,11,11,42,Tree (Standing Only),0,Not a Collision with Motor Vehicle In-Transport,1,Motor Vehicle In-Transport (Inside or Outside the Trafficway),0,No,41,Oregon,2,Driver (in this crash) Not Registered Owner (Other Private Owner Listed),35,Datsun/Nissan,401,35401,Datsun/Nissan Pathfinder,14,"Compact Utility (Utility Vehicle Categories ""Small"" and ""Midsize"")",1997,1997,JN8AR05Y1VW1,JN8AR05Y1VW1,J,N,8,A,R,0,5,Y,1,V,W,1,0,No Trailing Units,0,Not an Articulated Vehicle,0,Not Applicable,000000000,Not Applicable,00000000000,Not Applicable,0,Not Applicable,0,Not Applicable,0,Not Applicable (N/A),1,No,0,Not Applicable,0,Not Applicable,0,Not Applicable,0,Not Applicable,0,Not a Bus,0,No Special Use,0,Not Applicable,998,Not Reported,0,No Underride or Override Noted,0,No Rollover,0,No Rollover,12,12 Clock Point,6,Disabling Damage,2,Towed Due to Disabling Damage,42,Tree (Standing Only),0,,0,,0,No or Not Reported,1,Yes,41,Oregon,97411,97411,1,Suspended,1,Full Driver License,0,No (CDL),0,No Endorsements required for this vehicle,2,No valid license for this class vehicle,3,"Restrictions, Compliance Unknown",68,68,200,200 lbs.,0,,3,3,0,,0,,0,,8,August,2016,2016,5,May,2017,2017,0,No,0,,0,,0,,0,,1,"Two-Way, Not Divided",2,Two lanes,55,55 MPH,1,Straight,1,Level,2,"Blacktop, Bituminous, or Asphalt",1,Dry,0,No Controls,0,No Controls,1,Going Straight,12,Off the edge of the road on the left side,99,Unknown/Not Reported,1,Tracking,4,Departed roadway,6,B6-Single Driver-Left Roadside Departure-Drive Off Road,1,1,Yes,777777777777,No Trailing Units,777777777777,No Trailing Units,777777777777,No Trailing Units
41,Oregon,410129,1,1,1,01,8,8,6,June,10,10:00am-10:59am,22,22,42,Tree (Standing Only),0,Not a Collision with Motor Vehicle In-Transport,1,Motor Vehicle In-Transport (Inside or Outside the Trafficway),0,No,41,Oregon,2,Driver (in this crash) Not Registered Owner (Other Private Owner Listed),37,Honda,401,37401,Honda Passport,14,"Compact Utility (Utility Vehicle Categories ""Small"" and ""Midsize"")",1995,1995,4S6CY58VXS44,4S6CY58VXS44,4,S,6,C,Y,5,8,V,X,S,4,4,0,No Trailing Units,0,Not an Articulated Vehicle,0,Not Applicable,000000000,Not Applicable,00000000000,Not Applicable,0,Not Applicable,0,Not Applicable,0,Not Applicable (N/A),1,No,0,Not Applicable,0,Not Applicable,0,Not Applicable,0,Not Applicable,0,Not a Bus,0,No Special Use,0,Not Applicable,998,Not Reported,0,No Underride or Override Noted,0,No Rollover,0,No Rollover,12,12 Clock Point,6,Disabling Damage,2,Towed Due to Disabling Damage,42,Tree (Standing Only),0,,0,,0,No or Not Reported,1,Yes,41,Oregon,97292,97292,1,Suspended,1,Full Driver License,0,No (CDL),0,No Endorsements required for this vehicle,2,No valid license for this class vehicle,0,No Restrictions or Not Applicable,68,68,195,195 lbs.,1,1,3,3,0,,5,5,2,2,6,June,2012,2012,4,April,2017,2017,9,Unknown,99,Unknown,99,Unknown,99,Unknown,99,Unknown,1,"Two-Way, Not Divided",2,Two lanes,45,45 MPH,4,Curve - Unknown Direction,1,Level,2,"Blacktop, Bituminous, or Asphalt",1,Dry,0,No Controls,0,No Controls,14,Negotiating a Curve,19,Unknown travel direction,99,Unknown/Not Reported,1,Tracking,4,Departed roadway,99,M99-Unknown,1,0,No,777777777777,No Trailing Units,777777777777,No Trailing Units,777777777777,No Trailing Units
41,Oregon,410130,1,2,1,01,10,10,6,June,2,2:00am-2:59am,20,20,12,Motor Vehicle In-Transport,2,Front-to-Front,1,Motor Vehicle In-Transport (Inside or Outside the Trafficway),0,No,53,Washington,1,Driver (in this crash) was  Registered Owner,20,Chevrolet,481,20481,"Chevrolet C, K, R, V-series pickup/Silverado",34,Light Pickup,2014,2014,1GCGK24MXES1,1GCGK24MXES1,1,G,C,G,K,2,4,M,X,E,S,1,0,No Trailing Units,0,Not an Articulated Vehicle,0,Not Applicable,000000000,Not Applicable,00000000000,Not Applicable,0,Not Applicable,0,Not Applicable,0,Not Applicable (N/A),1,No,0,Not Applicable,0,Not Applicable,0,Not Applicable,0,Not Applicable,0,Not a Bus,0,No Special Use,0,Not Applicable,998,Not Reported,0,No Underride or Override Noted,1,"Rollover, Tripped by Object/Vehicle",5,On Roadside,12,12 Clock Point,6,Disabling Damage,2,Towed Due to Disabling Damage,12,Motor Vehicle In-Transport,0,,0,,0,No or Not Reported,1,Yes,6,California,90731,90731,6,Valid,1,Full Driver License,0,No (CDL),0,No Endorsements required for this vehicle,3,Valid license for this class vehicle,0,No Restrictions or Not Applicable,73,73,200,200 lbs.,0,,0,,0,,0,,0,,0,No Record,0,No Record,0,No Record,0,No Record,4,"Yes, Too Fast for Conditions",28,Improper Lane Usage,91,"Non-Traffic Violation Charged - manslaughter, homicide or other assault committed without malice.",0,,0,,1,"Two-Way, Not Divided",2,Two lanes,55,55 MPH,2,Curve Right,2,"Grade, Unknown Slope",2,"Blacktop, Bituminous, or Asphalt",1,Dry,0,No Controls,0,No Controls,14,Negotiating a Curve,10,Over the lane line on left side of travel lane,99,Unknown/Not Reported,1,Tracking,2,"Stayed on roadway, but left original travel lane",50,"G50-Same Trafficway, Opposite Direction-Head-On-Lateral Move (Left/Right)",0,1,Yes,777777777777,No Trailing Units,777777777777,No Trailing Units,777777777777,No Trailing Units
41,Oregon,410130,2,2,1,01,10,10,6,June,2,2:00am-2:59am,20,20,12,Motor Vehicle In-Transport,2,Front-to-Front,1,Motor Vehicle In-Transport (Inside or Outside the Trafficway),0,No,41,Oregon,1,Driver (in this crash) was  Registered Owner,49,Toyota,40,49040,Toyota Camry,4,"4-door sedan, hardtop",2001,2001,JT2BG22K4105,JT2BG22K4105,J,T,2,B,G,2,2,K,4,1,0,5,0,No Trailing Units,0,Not an Articulated Vehicle,0,Not Applicable,000000000,Not Applicable,00000000000,Not Applicable,0,Not Applicable,0,Not Applicable,0,Not Applicable (N/A),1,No,0,Not Applicable,0,Not Applicable,0,Not Applicable,0,Not Applicable,0,Not a Bus,0,No Special Use,0,Not Applicable,998,Not Reported,0,No Underride or Override Noted,0,No Rollover,0,No Rollover,12,12 Clock Point,6,Disabling Damage,2,Towed Due to Disabling Damage,12,Motor Vehicle In-Transport,0,,0,,0,No or Not Reported,1,Yes,41,Oregon,97138,97138,6,Valid,1,Full Driver License,0,No (CDL),0,No Endorsements required for this vehicle,3,Valid license for this class vehicle,0,No Restrictions or Not Applicable,64,64,250,250 lbs.,0,,0,,0,,0,,0,,0,No Record,0,No Record,0,No Record,0,No Record,9,Unknown,99,Unknown,99,Unknown,99,Unknown,99,Unknown,1,"Two-Way, Not Divided",2,Two lanes,55,55 MPH,3,Curve Left,2,"Grade, Unknown Slope",2,"Blacktop, Bituminous, or Asphalt",1,Dry,0,No Controls,0,No Controls,14,Negotiating a Curve,62,From opposite direction  over left lane line,99,Unknown/Not Reported,1,Tracking,1,Stayed in original travel lane,51,"G51-Same Trafficway, Opposite Direction-Head-On-Lateral Move (Going Straight)",1,0,No,777777777777,No Trailing Units,777777777777,No Trailing Units,777777777777,No Trailing Units
41,Oregon,410131,1,1,1,01,11,11,6,June,1,1:00am-1:59am,26,26,18,Other Object (not fixed),0,Not a Collision with Motor Vehicle In-Transport,1,Motor Vehicle In-Transport (Inside or Outside the Trafficway),0,No,41,Oregon,2,Driver (in this crash) Not Registered Owner (Other Private Owner Listed),49,Toyota,40,49040,Toyota Camry,2,"2-door sedan,hardtop,coupe",1994,1994,4T1SK12C7RU4,4T1SK12C7RU4,4,T,1,S,K,1,2,C,7,R,U,4,0,No Trailing Units,0,Not an Articulated Vehicle,0,Not Applicable,000000000,Not Applicable,00000000000,Not Applicable,0,Not Applicable,0,Not Applicable,0,Not Applicable (N/A),1,No,0,Not Applicable,0,Not Applicable,0,Not Applicable,0,Not Applicable,0,Not a Bus,0,No Special Use,0,Not Applicable,998,Not Reported,0,No Underride or Override Noted,0,No Rollover,0,No Rollover,12,12 Clock Point,9,Unknown,8,Not Reported,18,Other Object (not fixed),0,,0,,0,No or Not Reported,1,Yes,48,Texas,78412,78412,9,Unknown License Status,9,Unknown License Type,99,Unknown License Status,9,"Unknown, if required",9,Unknown,9,Unknown,999,Unknown,999,Unknown,99,Unknown,99,Unknown,99,Unknown,99,Unknown,99,Unknown,99,Unknown,9999,Unknown,99,Unknown,9999,Unknown,9,Unknown,99,Unknown,99,Unknown,99,Unknown,99,Unknown,1,"Two-Way, Not Divided",2,Two lanes,25,25 MPH,1,Straight,1,Level,2,"Blacktop, Bituminous, or Asphalt",2,Wet,0,No Controls,0,No Controls,1,Going Straight,13,Off the edge of the road on the right side,99,Unknown/Not Reported,1,Tracking,4,Departed roadway,1,A1-Single Driver-Right Roadside Departure-Drive Off Road,1,0,No,777777777777,No Trailing Units,777777777777,No Trailing Units,777777777777,No Trailing Units
41,Oregon,410132,1,1,1,01,13,13,6,June,14,2:00pm-2:59pm,40,40,42,Tree (Standing Only),0,Not a Collision with Motor Vehicle In-Transport,1,Motor Vehicle In-Transport (Inside or Outside the Trafficway),0,No,41,Oregon,2,Driver (in this crash) Not Registered Owner (Other Private Owner Listed),51,Volvo,43,51043,"Volvo 70 Series (For XC70 for 2014 on, use model code 402)",6,Station Wagon (excluding van and truck based),2002,2002,YV1SZ58D8210,YV1SZ58D8210,Y,V,1,S,Z,5,8,D,8,2,1,0,0,No Trailing Units,0,Not an Articulated Vehicle,0,Not Applicable,000000000,Not Applicable,00000000000,Not Applicable,0,Not Applicable,0,Not Applicable,0,Not Applicable (N/A),1,No,0,Not Applicable,0,Not Applicable,0,Not Applicable,0,Not Applicable,0,Not a Bus,0,No Special Use,0,Not Applicable,998,Not Reported,0,No Underride or Override Noted,0,No Rollover,0,No Rollover,98,Not Reported,6,Disabling Damage,2,Towed Due to Disabling Damage,42,Tree (Standing Only),0,,0,,0,No or Not Reported,1,Yes,25,Massachusetts,97527,97527,2,Revoked,1,Full Driver License,3,Expired,0,No Endorsements required for this vehicle,2,No valid license for this class vehicle,1,Restrictions Complied With,67,67,999,Unknown,0,,0,,0,,0,,0,,0,No Record,0,No Record,0,No Record,0,No Record,4,"Yes, Too Fast for Conditions",58,Overcorrecting,0,,0,,0,,1,"Two-Way, Not Divided",2,Two lanes,55,55 MPH,1,Straight,1,Level,2,"Blacktop, Bituminous, or Asphalt",1,Dry,0,No Controls,0,No Controls,1,Going Straight,12,Off the edge of the road on the left side,99,Unknown/Not Reported,3,Skidding laterally clockwise rotation,4,Departed roadway,7,B7-Single Driver-Left Roadside Departure-Control/Traction Loss,1,1,Yes,777777777777,No Trailing Units,777777777777,No Trailing Units,777777777777,No Trailing Units
41,Oregon,410133,1,1,1,01,17,17,3,March,10,10:00am-10:59am,50,50,8,Pedestrian,0,Not a Collision with Motor Vehicle In-Transport,1,Motor Vehicle In-Transport (Inside or Outside the Trafficway),0,No,41,Oregon,1,Driver (in this crash) was  Registered Owner,55,Hyundai,33,55033,Hyundai Sonata,4,"4-door sedan, hardtop",2006,2006,KMHET46C26A1,KMHET46C26A1,K,M,H,E,T,4,6,C,2,6,A,1,0,No Trailing Units,0,Not an Articulated Vehicle,0,Not Applicable,000000000,Not Applicable,00000000000,Not Applicable,0,Not Applicable,0,Not Applicable,0,Not Applicable (N/A),1,No,0,Not Applicable,0,Not Applicable,0,Not Applicable,0,Not Applicable,0,Not a Bus,0,No Special Use,0,Not Applicable,998,Not Reported,0,No Underride or Override Noted,0,No Rollover,0,No Rollover,12,12 Clock Point,8,Not Reported,5,Not Towed,8,Pedestrian,0,,0,,0,No or Not Reported,1,Yes,41,Oregon,97301,97301,6,Valid,1,Full Driver License,0,No (CDL),0,No Endorsements required for this vehicle,3,Valid license for this class vehicle,0,No Restrictions or Not Applicable,67,67,150,150 lbs.,0,,0,,0,,0,,0,,0,No Record,0,No Record,0,No Record,0,No Record,0,No,36,"Operating the Vehicle in an Erratic, Reckless or Negligent Manner.",91,"Non-Traffic Violation Charged - manslaughter, homicide or other assault committed without malice.",0,,0,,1,"Two-Way, Not Divided",2,Two lanes,25,25 MPH,1,Straight,1,Level,2,"Blacktop, Bituminous, or Asphalt",1,Dry,0,No Controls,0,No Controls,1,Going Straight,80,Pedestrian in road,99,Unknown/Not Reported,1,Tracking,4,Departed roadway,1,A1-Single Driver-Right Roadside Departure-Drive Off Road,0,0,No,777777777777,No Trailing Units,777777777777,No Trailing Units,777777777777,No Trailing Units
41,Oregon,410134,1,3,2,02,2,2,4,April,12,12:00pm-12:59pm,40,40,12,Motor Vehicle In-Transport,1,Front-to-Rear,1,Motor Vehicle In-Transport (Inside or Outside the Trafficway),0,No,6,California,3,Vehicle Registered as Business/Company/Government Vehicle,6,Chrysler,443,6443,Chrysler Pacifica (Light Trucks),20,"Minivan (Chrysler Town and Country, Caravan, Grand Caravan, Voyager, Voyager, Honda-Odyssey, ...)",2017,2017,2C4RC1BG2HR5,2C4RC1BG2HR5,2,C,4,R,C,1,B,G,2,H,R,5,0,No Trailing Units,0,Not an Articulated Vehicle,0,Not Applicable,000000000,Not Applicable,00000000000,Not Applicable,0,Not Applicable,0,Not Applicable,0,Not Applicable (N/A),1,No,0,Not Applicable,0,Not Applicable,0,Not Applicable,0,Not Applicable,0,Not a Bus,0,No Special Use,0,Not Applicable,998,Not Reported,0,No Underride or Override Noted,1,"Rollover, Tripped by Object/Vehicle",1,On Roadway,12,12 Clock Point,6,Disabling Damage,2,Towed Due to Disabling Damage,12,Motor Vehicle In-Transport,0,,0,,0,No or Not Reported,1,Yes,6,California,93444,93444,6,Valid,1,Full Driver License,0,No (CDL),0,No Endorsements required for this vehicle,3,Valid license for this class vehicle,0,No Restrictions or Not Applicable,66,66,250,250 lbs.,1,1,0,,0,,0,,0,,4,April,2016,2016,4,April,2016,2016,4,"Yes, Too Fast for Conditions",35,Passing with Insufficient Distance or Inadequate Visibility or Failing to Yield to Overtaking Vehicle,0,,0,,0,,1,"Two-Way, Not Divided",2,Two lanes,65,65 MPH,1,Straight,1,Level,2,"Blacktop, Bituminous, or Asphalt",1,Dry,0,No Controls,0,No Controls,1,Going Straight,51,Traveling in same direction with lower steady speed,99,Unknown/Not Reported,1,Tracking,2,"Stayed on roadway, but left original travel lane",24,"D24-Same Trafficway, Same Direction-Rear End-Slower",1,0,No,777777777777,No Trailing Units,777777777777,No Trailing Units,777777777777,No Trailing Units
41,Oregon,410134,2,3,2,02,2,2,4,April,12,12:00pm-12:59pm,40,40,12,Motor Vehicle In-Transport,1,Front-to-Rear,1,Motor Vehicle In-Transport (Inside or Outside the Trafficway),0,No,41,Oregon,1,Driver (in this crash) was  Registered Owner,20,Chevrolet,481,20481,"Chevrolet C, K, R, V-series pickup/Silverado",34,Light Pickup,1994,1994,1GCEK14H7RZ2,1GCEK14H7RZ2,1,G,C,E,K,1,4,H,7,R,Z,2,0,No Trailing Units,0,Not an Articulated Vehicle,0,Not Applicable,000000000,Not Applicable,00000000000,Not Applicable,0,Not Applicable,0,Not Applicable,0,Not Applicable (N/A),1,No,0,Not Applicable,0,Not Applicable,0,Not Applicable,0,Not Applicable,0,Not a Bus,0,No Special Use,0,Not Applicable,998,Not Reported,0,No Underride or Override Noted,0,No Rollover,0,No Rollover,6,6 Clock Point,6,Disabling Damage,2,Towed Due to Disabling Damage,12,Motor Vehicle In-Transport,0,,0,,0,No or Not Reported,1,Yes,41,Oregon,97702,97702,6,Valid,1,Full Driver License,0,No (CDL),0,No Endorsements required for this vehicle,3,Valid license for this class vehicle,0,No Restrictions or Not Applicable,65,65,180,180 lbs.,0,,0,,0,,0,,0,,0,No Record,0,No Record,0,No Record,0,No Record,0,No,0,,0,,0,,0,,1,"Two-Way, Not Divided",2,Two lanes,65,65 MPH,1,Straight,1,Level,2,"Blacktop, Bituminous, or Asphalt",1,Dry,0,No Controls,0,No Controls,1,Going Straight,53,Traveling in same direction with higher speed,99,Unknown/Not Reported,1,Tracking,1,Stayed in original travel lane,25,"D25-Same Trafficway, Same Direction-Rear End-Slower, Going Straight",0,0,No,777777777777,No Trailing Units,777777777777,No Trailing Units,777777777777,No Trailing Units
41,Oregon,410134,3,3,3,03,2,2,4,April,12,12:00pm-12:59pm,40,40,12,Motor Vehicle In-Transport,1,Front-to-Rear,1,Motor Vehicle In-Transport (Inside or Outside the Trafficway),0,No,6,California,2,Driver (in this crash) Not Registered Owner (Other Private Owner Listed),7,Dodge,482,7482,Dodge Ram Pickup,34,Light Pickup,2014,2014,3C6UR5NL4EG2,3C6UR5NL4EG2,3,C,6,U,R,5,N,L,4,E,G,2,0,No Trailing Units,0,Not an Articulated Vehicle,0,Not Applicable,000000000,Not Applicable,00000000000,Not Applicable,0,Not Applicable,0,Not Applicable,0,Not Applicable (N/A),1,No,0,Not Applicable,0,Not Applicable,0,Not Applicable,0,Not Applicable,0,Not a Bus,0,No Special Use,0,Not Applicable,998,Not Reported,0,No Underride or Override Noted,0,No Rollover,0,No Rollover,12,12 Clock Point,6,Disabling Damage,2,Towed Due to Disabling Damage,12,Motor Vehicle In-Transport,0,,0,,0,No or Not Reported,1,Yes,6,California,96022,96022,6,Valid,1,Full Driver License,0,No (CDL),0,No Endorsements required for this vehicle,3,Valid license for this class vehicle,0,No Restrictions or Not Applicable,67,67,120,120 lbs.,0,,0,,0,,0,,0,,0,No Record,0,No Record,0,No Record,0,No Record,0,No,0,,0,,0,,0,,1,"Two-Way, Not Divided",2,Two lanes,65,65 MPH,1,Straight,1,Level,2,"Blacktop, Bituminous, or Asphalt",1,Dry,0,No Controls,0,No Controls,1,Going Straight,62,From opposite direction  over left lane line,99,Unknown/Not Reported,1,Tracking,1,Stayed in original travel lane,98,M98-Other Crash Type,1,0,No,777777777777,No Trailing Units,777777777777,No Trailing Units,777777777777,No Trailing Units
41,Oregon,410135,1,1,1,01,11,11,5,May,10,10:00am-10:59am,35,35,35,Embankment,0,Not a Collision with Motor Vehicle In-Transport,1,Motor Vehicle In-Transport (Inside or Outside the Trafficway),0,No,41,Oregon,1,Driver (in this crash) was  Registered Owner,12,Ford,481,12481,Ford F-Series pickup,34,Light Pickup,2003,2003,1FTNW21F83EA,1FTNW21F83EA,1,F,T,N,W,2,1,F,8,3,E,A,0,No Trailing Units,0,Not an Articulated Vehicle,0,Not Applicable,000000000,Not Applicable,00000000000,Not Applicable,0,Not Applicable,0,Not Applicable,0,Not Applicable (N/A),1,No,0,Not Applicable,0,Not Applicable,0,Not Applicable,0,Not Applicable,0,Not a Bus,0,No Special Use,0,Not Applicable,998,Not Reported,0,No Underride or Override Noted,1,"Rollover, Tripped by Object/Vehicle",5,On Roadside,9,9 Clock Point,6,Disabling Damage,2,Towed Due to Disabling Damage,1,Rollover/Overturn,0,,0,,0,No or Not Reported,1,Yes,41,Oregon,97633,97633,6,Valid,1,Full Driver License,0,No (CDL),0,No Endorsements required for this vehicle,3,Valid license for this class vehicle,1,Restrictions Complied With,70,70,190,190 lbs.,0,,0,,0,,0,,0,,0,No Record,0,No Record,0,No Record,0,No Record,0,No,0,,0,,0,,0,,1,"Two-Way, Not Divided",2,Two lanes,55,55 MPH,1,Straight,1,Level,2,"Blacktop, Bituminous, or Asphalt",1,Dry,0,No Controls,0,No Controls,1,Going Straight,12,Off the edge of the road on the left side,99,Unknown/Not Reported,1,Tracking,4,Departed roadway,6,B6-Single Driver-Left Roadside Departure-Drive Off Road,1,1,Yes,777777777777,No Trailing Units,777777777777,No Trailing Units,777777777777,No Trailing Units
41,Oregon,410136,1,1,3,03,13,13,5,May,15,3:00pm-3:59pm,45,45,1,Rollover/Overturn,0,Not a Collision with Motor Vehicle In-Transport,1,Motor Vehicle In-Transport (Inside or Outside the Trafficway),0,No,41,Oregon,1,Driver (in this crash) was  Registered Owner,63,KIA,34,63034,KIA Optima,4,"4-door sedan, hardtop",2012,2012,5XXGN4A7XCG0,5XXGN4A7XCG0,5,X,X,G,N,4,A,7,X,C,G,0,0,No Trailing Units,0,Not an Articulated Vehicle,0,Not Applicable,000000000,Not Applicable,00000000000,Not Applicable,0,Not Applicable,0,Not Applicable,0,Not Applicable (N/A),1,No,0,Not Applicable,0,Not Applicable,0,Not Applicable,0,Not Applicable,0,Not a Bus,0,No Special Use,0,Not Applicable,998,Not Reported,0,No Underride or Override Noted,1,"Rollover, Tripped by Object/Vehicle",5,On Roadside,0,Non-Collision,6,Disabling Damage,2,Towed Due to Disabling Damage,1,Rollover/Overturn,0,,0,,0,No or Not Reported,1,Yes,41,Oregon,97801,97801,6,Valid,1,Full Driver License,0,No (CDL),0,No Endorsements required for this vehicle,3,Valid license for this class vehicle,1,Restrictions Complied With,62,62,150,150 lbs.,0,,0,,0,,1,1,0,,6,June,2016,2016,6,June,2016,2016,4,"Yes, Too Fast for Conditions",0,,0,,0,,0,,1,"Two-Way, Not Divided",2,Two lanes,55,55 MPH,1,Straight,2,"Grade, Unknown Slope",2,"Blacktop, Bituminous, or Asphalt",10,Slush,0,No Controls,0,No Controls,1,Going Straight,13,Off the edge of the road on the right side,99,Unknown/Not Reported,1,Tracking,4,Departed roadway,1,A1-Single Driver-Right Roadside Departure-Drive Off Road,1,0,No,777777777777,No Trailing Units,777777777777,No Trailing Units,777777777777,No Trailing Units
41,Oregon,410137,1,1,1,01,18,18,5,May,0,0:00am-0:59am,10,10,1,Rollover/Overturn,0,Not a Collision with Motor Vehicle In-Transport,1,Motor Vehicle In-Transport (Inside or Outside the Trafficway),0,No,41,Oregon,1,Driver (in this crash) was  Registered Owner,37,Honda,706,37706,Honda 750 cc or greater,80,Two Wheel Motorcycle (excluding motor scooters),1993,1993,JH2SC2802PM1,JH2SC2802PM1,J,H,2,S,C,2,8,0,2,P,M,1,0,No Trailing Units,0,Not an Articulated Vehicle,0,Not Applicable,000000000,Not Applicable,00000000000,Not Applicable,0,Not Applicable,0,Not Applicable,0,Not Applicable (N/A),1,No,0,Not Applicable,0,Not Applicable,0,Not Applicable,0,Not Applicable,0,Not a Bus,0,No Special Use,0,Not Applicable,998,Not Reported,0,No Underride or Override Noted,0,No Rollover,0,No Rollover,0,Non-Collision,6,Disabling Damage,2,Towed Due to Disabling Damage,1,Rollover/Overturn,0,,0,,0,No or Not Reported,1,Yes,41,Oregon,97301,97301,6,Valid,1,Full Driver License,0,No (CDL),0,No Endorsements required for this vehicle,3,Valid license for this class vehicle,1,Restrictions Complied With,70,70,215,215 lbs.,0,,0,,0,,1,1,0,,6,June,2016,2016,6,June,2016,2016,4,"Yes, Too Fast for Conditions",0,,0,,0,,0,,1,"Two-Way, Not Divided",2,Two lanes,98,Not Reported,3,Curve Left,1,Level,2,"Blacktop, Bituminous, or Asphalt",1,Dry,0,No Controls,0,No Controls,14,Negotiating a Curve,6,Traveling too fast for conditions,99,Unknown/Not Reported,1,Tracking,1,Stayed in original travel lane,98,M98-Other Crash Type,1,1,Yes,777777777777,No Trailing Units,777777777777,No Trailing Units,777777777777,No Trailing Units
41,Oregon,410138,1,1,1,01,15,15,6,June,22,10:00pm-10:59pm,46,46,8,Pedestrian,0,Not a Collision with Motor Vehicle In-Transport,1,Motor Vehicle In-Transport (Inside or Outside the Trafficway),0,No,41,Oregon,1,Driver (in this crash) was  Registered Owner,20,Chevrolet,481,20481,"Chevrolet C, K, R, V-series pickup/Silverado",34,Light Pickup,1997,1997,1GBEK19R8VE1,1GBEK19R8VE1,1,G,B,E,K,1,9,R,8,V,E,1,0,No Trailing Units,0,Not an Articulated Vehicle,0,Not Applicable,000000000,Not Applicable,00000000000,Not Applicable,0,Not Applicable,0,Not Applicable,0,Not Applicable (N/A),1,No,0,Not Applicable,0,Not Applicable,0,Not Applicable,0,Not Applicable,0,Not a Bus,0,No Special Use,0,Not Applicable,998,Not Reported,0,No Underride or Override Noted,0,No Rollover,0,No Rollover,12,12 Clock Point,8,Not Reported,5,Not Towed,8,Pedestrian,0,,0,,0,No or Not Reported,1,Yes,41,Oregon,97502,97502,6,Valid,1,Full Driver License,0,No (CDL),0,No Endorsements required for this vehicle,3,Valid license for this class vehicle,0,No Restrictions or Not Applicable,71,71,170,170 lbs.,0,,3,3,0,,1,1,1,1,12,December,2014,2014,2,February,2017,2017,0,No,0,,0,,0,,0,,1,"Two-Way, Not Divided",2,Two lanes,45,45 MPH,1,Straight,1,Level,2,"Blacktop, Bituminous, or Asphalt",1,Dry,0,No Controls,0,No Controls,1,Going Straight,80,Pedestrian in road,1,No Avoidance Maneuver,1,Tracking,1,Stayed in original travel lane,13,C13-Single Driver-Forward Impact-Pedestrian/ Animal,0,0,No,777777777777,No Trailing Units,777777777777,No Trailing Units,777777777777,No Trailing Units
41,Oregon,410139,1,1,1,01,17,17,6,June,12,12:00pm-12:59pm,5,5,24,Guardrail Face,0,Not a Collision with Motor Vehicle In-Transport,1,Motor Vehicle In-Transport (Inside or Outside the Trafficway),0,No,41,Oregon,2,Driver (in this crash) Not Registered Owner (Other Private Owner Listed),37,Honda,703,37703,Honda 125-349 cc,80,Two Wheel Motorcycle (excluding motor scooters),2015,2015,MLHNC5103F51,MLHNC5103F51,M,L,H,N,C,5,1,0,3,F,5,1,0,No Trailing Units,0,Not an Articulated Vehicle,0,Not Applicable,000000000,Not Applicable,00000000000,Not Applicable,0,Not Applicable,0,Not Applicable,0,Not Applicable (N/A),1,No,0,Not Applicable,0,Not Applicable,0,Not Applicable,0,Not Applicable,0,Not a Bus,0,No Special Use,0,Not Applicable,998,Not Reported,0,No Underride or Override Noted,0,No Rollover,0,No Rollover,12,12 Clock Point,8,Not Reported,2,Towed Due to Disabling Damage,24,Guardrail Face,0,,0,,0,No or Not Reported,1,Yes,41,Oregon,97381,97381,6,Valid,1,Full Driver License,0,No (CDL),0,No Endorsements required for this vehicle,2,No valid license for this class vehicle,0,No Restrictions or Not Applicable,72,72,180,180 lbs.,0,,0,,0,,2,2,0,,10,October,2013,2013,5,May,2015,2015,9,Unknown,99,Unknown,99,Unknown,99,Unknown,99,Unknown,3,"Two-Way,  Divided, Positive  Median Barrier",2,Two lanes,55,55 MPH,4,Curve - Unknown Direction,1,Level,2,"Blacktop, Bituminous, or Asphalt",1,Dry,0,No Controls,0,No Controls,14,Negotiating a Curve,19,Unknown travel direction,99,Unknown/Not Reported,1,Tracking,4,Departed roadway,99,M99-Unknown,1,0,No,777777777777,No Trailing Units,777777777777,No Trailing Units,777777777777,No Trailing Units
41,Oregon,410140,1,2,2,02,17,17,6,June,17,5:00pm-5:59pm,23,23,24,Guardrail Face,0,Not a Collision with Motor Vehicle In-Transport,1,Motor Vehicle In-Transport (Inside or Outside the Trafficway),0,No,41,Oregon,1,Driver (in this crash) was  Registered Owner,49,Toyota,402,49402,Toyota RAV4 *,14,"Compact Utility (Utility Vehicle Categories ""Small"" and ""Midsize"")",2007,2007,JTMBD32V3760,JTMBD32V3760,J,T,M,B,D,3,2,V,3,7,6,0,0,No Trailing Units,0,Not an Articulated Vehicle,0,Not Applicable,000000000,Not Applicable,00000000000,Not Applicable,0,Not Applicable,0,Not Applicable,0,Not Applicable (N/A),1,No,0,Not Applicable,0,Not Applicable,0,Not Applicable,0,Not Applicable,0,Not a Bus,0,No Special Use,0,Not Applicable,998,Not Reported,0,No Underride or Override Noted,0,No Rollover,0,No Rollover,12,12 Clock Point,6,Disabling Damage,2,Towed Due to Disabling Damage,12,Motor Vehicle In-Transport,0,,0,,0,No or Not Reported,1,Yes,41,Oregon,97756,97756,6,Valid,1,Full Driver License,0,No (CDL),0,No Endorsements required for this vehicle,3,Valid license for this class vehicle,0,No Restrictions or Not Applicable,72,72,225,225 lbs.,0,,0,,0,,0,,0,,0,No Record,0,No Record,0,No Record,0,No Record,0,No,28,Improper Lane Usage,0,,0,,0,,1,"Two-Way, Not Divided",2,Two lanes,55,55 MPH,3,Curve Left,2,"Grade, Unknown Slope",2,"Blacktop, Bituminous, or Asphalt",1,Dry,0,No Controls,0,No Controls,14,Negotiating a Curve,13,Off the edge of the road on the right side,99,Unknown/Not Reported,1,Tracking,4,Departed roadway,1,A1-Single Driver-Right Roadside Departure-Drive Off Road,2,0,No,777777777777,No Trailing Units,777777777777,No Trailing Units,777777777777,No Trailing Units
41,Oregon,410140,2,2,1,01,17,17,6,June,17,5:00pm-5:59pm,23,23,24,Guardrail Face,0,Not a Collision with Motor Vehicle In-Transport,1,Motor Vehicle In-Transport (Inside or Outside the Trafficway),0,No,41,Oregon,1,Driver (in this crash) was  Registered Owner,2,Jeep / Kaiser-Jeep / Willys- Jeep,407,2407,Jeep / Kaiser-Jeep / Willys- Jeep Patriot,14,"Compact Utility (Utility Vehicle Categories ""Small"" and ""Midsize"")",2008,2008,1J8FF48W78D7,1J8FF48W78D7,1,J,8,F,F,4,8,W,7,8,D,7,0,No Trailing Units,0,Not an Articulated Vehicle,0,Not Applicable,000000000,Not Applicable,00000000000,Not Applicable,0,Not Applicable,0,Not Applicable,0,Not Applicable (N/A),1,No,0,Not Applicable,0,Not Applicable,0,Not Applicable,0,Not Applicable,0,Not a Bus,0,No Special Use,0,Not Applicable,998,Not Reported,0,No Underride or Override Noted,0,No Rollover,0,No Rollover,12,12 Clock Point,8,Not Reported,2,Towed Due to Disabling Damage,12,Motor Vehicle In-Transport,0,,0,,0,No or Not Reported,1,Yes,41,Oregon,97124,97124,6,Valid,1,Full Driver License,0,No (CDL),0,No Endorsements required for this vehicle,3,Valid license for this class vehicle,0,No Restrictions or Not Applicable,66,66,140,140 lbs.,0,,0,,0,,0,,0,,0,No Record,0,No Record,0,No Record,0,No Record,0,No,0,,0,,0,,0,,1,"Two-Way, Not Divided",2,Two lanes,55,55 MPH,3,Curve Left,2,"Grade, Unknown Slope",2,"Blacktop, Bituminous, or Asphalt",1,Dry,0,No Controls,0,No Controls,14,Negotiating a Curve,62,From opposite direction  over left lane line,99,Unknown/Not Reported,1,Tracking,1,Stayed in original travel lane,98,M98-Other Crash Type,0,0,No,777777777777,No Trailing Units,777777777777,No Trailing Units,777777777777,No Trailing Units
41,Oregon,410141,1,1,1,01,17,17,6,June,20,8:00pm-8:59pm,20,20,34,Ditch,0,Not a Collision with Motor Vehicle In-Transport,1,Motor Vehicle In-Transport (Inside or Outside the Trafficway),0,No,41,Oregon,2,Driver (in this crash) Not Registered Owner (Other Private Owner Listed),12,Ford,481,12481,Ford F-Series pickup,34,Light Pickup,2004,2004,1FTNW21S24ED,1FTNW21S24ED,1,F,T,N,W,2,1,S,2,4,E,D,0,No Trailing Units,0,Not an Articulated Vehicle,0,Not Applicable,000000000,Not Applicable,00000000000,Not Applicable,0,Not Applicable,0,Not Applicable,0,Not Applicable (N/A),1,No,0,Not Applicable,0,Not Applicable,0,Not Applicable,0,Not Applicable,0,Not a Bus,0,No Special Use,0,Not Applicable,998,Not Reported,0,No Underride or Override Noted,1,"Rollover, Tripped by Object/Vehicle",5,On Roadside,1,1 Clock Point,6,Disabling Damage,2,Towed Due to Disabling Damage,1,Rollover/Overturn,0,,0,,0,No or Not Reported,1,Yes,41,Oregon,97910,97910,6,Valid,1,Full Driver License,0,No (CDL),0,No Endorsements required for this vehicle,3,Valid license for this class vehicle,0,No Restrictions or Not Applicable,73,73,190,190 lbs.,0,,1,1,0,,1,1,0,,9,September,2015,2015,11,November,2016,2016,5,"Yes, Specifics Unknown",99,Unknown,99,Unknown,99,Unknown,99,Unknown,1,"Two-Way, Not Divided",2,Two lanes,65,65 MPH,3,Curve Left,2,"Grade, Unknown Slope",2,"Blacktop, Bituminous, or Asphalt",1,Dry,0,No Controls,0,No Controls,14,Negotiating a Curve,12,Off the edge of the road on the left side,99,Unknown/Not Reported,1,Tracking,4,Departed roadway,6,B6-Single Driver-Left Roadside Departure-Drive Off Road,1,1,Yes,777777777777,No Trailing Units,777777777777,No Trailing Units,777777777777,No Trailing Units
41,Oregon,410142,1,2,1,01,17,17,6,June,12,12:00pm-12:59pm,8,8,12,Motor Vehicle In-Transport,6,Angle,1,Motor Vehicle In-Transport (Inside or Outside the Trafficway),0,No,41,Oregon,1,Driver (in this crash) was  Registered Owner,49,Toyota,46,49046,Toyota Prius *,5,5-door/4-door hatchback,2007,2007,JTDKB20U4732,JTDKB20U4732,J,T,D,K,B,2,0,U,4,7,3,2,0,No Trailing Units,0,Not an Articulated Vehicle,0,Not Applicable,000000000,Not Applicable,00000000000,Not Applicable,0,Not Applicable,0,Not Applicable,0,Not Applicable (N/A),1,No,0,Not Applicable,0,Not Applicable,0,Not Applicable,0,Not Applicable,0,Not a Bus,0,No Special Use,0,Not Applicable,998,Not Reported,0,No Underride or Override Noted,0,No Rollover,0,No Rollover,9,9 Clock Point,8,Not Reported,2,Towed Due to Disabling Damage,12,Motor Vehicle In-Transport,0,,0,,0,No or Not Reported,1,Yes,41,Oregon,97030,97030,6,Valid,1,Full Driver License,0,No (CDL),0,No Endorsements required for this vehicle,3,Valid license for this class vehicle,1,Restrictions Complied With,66,66,260,260 lbs.,0,,0,,0,,1,1,0,,7,July,2016,2016,7,July,2016,2016,0,No,38,Failure to Yield Right-of-Way,0,,0,,0,,3,"Two-Way,  Divided, Positive  Median Barrier",3,Three lanes,40,40 MPH,1,Straight,1,Level,2,"Blacktop, Bituminous, or Asphalt",1,Dry,0,No Controls,0,No Controls,11,Turning Left,15,Turning Left,99,Unknown/Not Reported,1,Tracking,1,Stayed in original travel lane,82,K82-Trafficway Vehicle Turning-Turn Into Path-Turn Into Opposite Directions (Turning Left),0,0,No,777777777777,No Trailing Units,777777777777,No Trailing Units,777777777777,No Trailing Units
41,Oregon,410142,2,2,1,01,17,17,6,June,12,12:00pm-12:59pm,8,8,12,Motor Vehicle In-Transport,6,Angle,1,Motor Vehicle In-Transport (Inside or Outside the Trafficway),0,No,41,Oregon,1,Driver (in this crash) was  Registered Owner,50,Triumph,705,50705,Triumph 450-749cc,80,Two Wheel Motorcycle (excluding motor scooters),2014,2014,SMTA02YK6EJ6,SMTA02YK6EJ6,S,M,T,A,0,2,Y,K,6,E,J,6,0,No Trailing Units,0,Not an Articulated Vehicle,0,Not Applicable,000000000,Not Applicable,00000000000,Not Applicable,0,Not Applicable,0,Not Applicable,0,Not Applicable (N/A),1,No,0,Not Applicable,0,Not Applicable,0,Not Applicable,0,Not Applicable,0,Not a Bus,0,No Special Use,0,Not Applicable,998,Not Reported,0,No Underride or Override Noted,0,No Rollover,0,No Rollover,12,12 Clock Point,8,Not Reported,2,Towed Due to Disabling Damage,12,Motor Vehicle In-Transport,0,,0,,0,No or Not Reported,1,Yes,41,Oregon,97213,97213,6,Valid,1,Full Driver License,6,Valid,0,No Endorsements required for this vehicle,3,Valid license for this class vehicle,0,No Restrictions or Not Applicable,67,67,160,160 lbs.,0,,0,,0,,0,,0,,0,No Record,0,No Record,0,No Record,0,No Record,0,No,0,,0,,0,,0,,3,"Two-Way,  Divided, Positive  Median Barrier",3,Three lanes,40,40 MPH,1,Straight,1,Level,2,"Blacktop, Bituminous, or Asphalt",1,Dry,0,No Controls,0,No Controls,1,Going Straight,72,"From driveway, turning into opposite direction",99,Unknown/Not Reported,1,Tracking,1,Stayed in original travel lane,83,K83-Trafficway Vehicle Turning-Turn Into Path-Turn Into Opposite Directions (Going Straight),1,1,Yes,777777777777,No Trailing Units,777777777777,No Trailing Units,777777777777,No Trailing Units
41,Oregon,410143,1,1,1,01,18,18,6,June,1,1:00am-1:59am,40,40,31,"Post, Pole or Other Supports",0,Not a Collision with Motor Vehicle In-Transport,1,Motor Vehicle In-Transport (Inside or Outside the Trafficway),0,No,41,Oregon,1,Driver (in this crash) was  Registered Owner,49,Toyota,472,49472,Toyota Tacoma,40,"Cab Chassis Based (includes Rescue Vehicle, Light Stake, Dump, and Tow Truck)",1996,1996,4TAWN72N5TZ1,4TAWN72N5TZ1,4,T,A,W,N,7,2,N,5,T,Z,1,0,No Trailing Units,0,Not an Articulated Vehicle,0,Not Applicable,000000000,Not Applicable,00000000000,Not Applicable,0,Not Applicable,0,Not Applicable,0,Not Applicable (N/A),1,No,0,Not Applicable,0,Not Applicable,0,Not Applicable,0,Not Applicable,0,Not a Bus,0,No Special Use,0,Not Applicable,998,Not Reported,0,No Underride or Override Noted,0,No Rollover,0,No Rollover,98,Not Reported,6,Disabling Damage,2,Towed Due to Disabling Damage,2,Fire/Explosion,0,,0,,1,Yes,1,Yes,41,Oregon,97058,97058,6,Valid,1,Full Driver License,0,No (CDL),0,No Endorsements required for this vehicle,3,Valid license for this class vehicle,0,No Restrictions or Not Applicable,74,74,185,185 lbs.,0,,0,,0,,3,3,0,,4,April,2014,2014,5,May,2016,2016,5,"Yes, Specifics Unknown",99,Unknown,99,Unknown,99,Unknown,99,Unknown,3,"Two-Way,  Divided, Positive  Median Barrier",2,Two lanes,65,65 MPH,1,Straight,1,Level,2,"Blacktop, Bituminous, or Asphalt",1,Dry,0,No Controls,0,No Controls,1,Going Straight,13,Off the edge of the road on the right side,99,Unknown/Not Reported,1,Tracking,4,Departed roadway,1,A1-Single Driver-Right Roadside Departure-Drive Off Road,1,0,No,777777777777,No Trailing Units,777777777777,No Trailing Units,777777777777,No Trailing Units
41,Oregon,410144,1,2,1,01,19,19,6,June,13,1:00pm-1:59pm,11,11,12,Motor Vehicle In-Transport,2,Front-to-Front,1,Motor Vehicle In-Transport (Inside or Outside the Trafficway),0,No,53,Washington,1,Driver (in this crash) was  Registered Owner,7,Dodge,463,7463,Dodge Ram Promaster,21,"Large Van-Includes van-based buses (B150-B350, Sportsman, Royal Maxiwagon, Ram, Tradesman,...)",2017,2017,3C6URVJG2HE5,3C6URVJG2HE5,3,C,6,U,R,V,J,G,2,H,E,5,0,No Trailing Units,0,Not an Articulated Vehicle,0,Not Applicable,000000000,Not Applicable,00000000000,Not Applicable,0,Not Applicable,0,Not Applicable,0,Not Applicable (N/A),1,No,0,Not Applicable,0,Not Applicable,0,Not Applicable,0,Not Applicable,0,Not a Bus,0,No Special Use,0,Not Applicable,998,Not Reported,0,No Underride or Override Noted,0,No Rollover,0,No Rollover,12,12 Clock Point,6,Disabling Damage,2,Towed Due to Disabling Damage,12,Motor Vehicle In-Transport,0,,0,,0,No or Not Reported,1,Yes,53,Washington,98661,98661,6,Valid,1,Full Driver License,0,No (CDL),0,No Endorsements required for this vehicle,3,Valid license for this class vehicle,1,Restrictions Complied With,69,69,250,250 lbs.,0,,0,,0,,0,,0,,0,No Record,0,No Record,0,No Record,0,No Record,0,No,28,Improper Lane Usage,0,,0,,0,,1,"Two-Way, Not Divided",4,Four lanes,35,35 MPH,1,Straight,1,Level,2,"Blacktop, Bituminous, or Asphalt",1,Dry,0,No Controls,0,No Controls,1,Going Straight,10,Over the lane line on left side of travel lane,99,Unknown/Not Reported,1,Tracking,2,"Stayed on roadway, but left original travel lane",50,"G50-Same Trafficway, Opposite Direction-Head-On-Lateral Move (Left/Right)",1,0,No,777777777777,No Trailing Units,777777777777,No Trailing Units,777777777777,No Trailing Units
41,Oregon,410144,2,2,5,05,19,19,6,June,13,1:00pm-1:59pm,11,11,12,Motor Vehicle In-Transport,2,Front-to-Front,1,Motor Vehicle In-Transport (Inside or Outside the Trafficway),0,No,41,Oregon,2,Driver (in this crash) Not Registered Owner (Other Private Owner Listed),37,Honda,441,37441,Honda Odyssey,20,"Minivan (Chrysler Town and Country, Caravan, Grand Caravan, Voyager, Voyager, Honda-Odyssey, ...)",2012,2012,5FNRL5H22CB0,5FNRL5H22CB0,5,F,N,R,L,5,H,2,2,C,B,0,0,No Trailing Units,0,Not an Articulated Vehicle,0,Not Applicable,000000000,Not Applicable,00000000000,Not Applicable,0,Not Applicable,0,Not Applicable,0,Not Applicable (N/A),1,No,0,Not Applicable,0,Not Applicable,0,Not Applicable,0,Not Applicable,0,Not a Bus,0,No Special Use,0,Not Applicable,0,Stopped Motor Vehicle In- Transport,0,No Underride or Override Noted,0,No Rollover,0,No Rollover,12,12 Clock Point,6,Disabling Damage,2,Towed Due to Disabling Damage,12,Motor Vehicle In-Transport,0,,0,,0,No or Not Reported,1,Yes,41,Oregon,97013,97013,6,Valid,1,Full Driver License,0,No (CDL),0,No Endorsements required for this vehicle,3,Valid license for this class vehicle,0,No Restrictions or Not Applicable,59,59,199,199 lbs.,0,,0,,0,,0,,0,,0,No Record,0,No Record,0,No Record,0,No Record,0,No,0,,0,,0,,0,,1,"Two-Way, Not Divided",4,Four lanes,35,35 MPH,1,Straight,1,Level,2,"Blacktop, Bituminous, or Asphalt",1,Dry,0,No Controls,0,No Controls,5,Stopped in Roadway,54,Traveling in opposite direction,1,No Avoidance Maneuver,1,Tracking,1,Stayed in original travel lane,51,"G51-Same Trafficway, Opposite Direction-Head-On-Lateral Move (Going Straight)",0,0,No,777777777777,No Trailing Units,777777777777,No Trailing Units,777777777777,No Trailing Units
41,Oregon,410145,1,1,2,02,20,20,6,June,16,4:00pm-4:59pm,0,0,1,Rollover/Overturn,0,Not a Collision with Motor Vehicle In-Transport,1,Motor Vehicle In-Transport (Inside or Outside the Trafficway),0,No,41,Oregon,1,Driver (in this crash) was  Registered Owner,72,Harley-Davidson,706,72706,Harley-Davidson 750cc or greater,80,Two Wheel Motorcycle (excluding motor scooters),2003,2003,1HD1PGE173Y9,1HD1PGE173Y9,1,H,D,1,P,G,E,1,7,3,Y,9,0,No Trailing Units,0,Not an Articulated Vehicle,0,Not Applicable,000000000,Not Applicable,00000000000,Not Applicable,0,Not Applicable,0,Not Applicable,0,Not Applicable (N/A),1,No,0,Not Applicable,0,Not Applicable,0,Not Applicable,0,Not Applicable,0,Not a Bus,0,No Special Use,0,Not Applicable,998,Not Reported,0,No Underride or Override Noted,0,No Rollover,0,No Rollover,0,Non-Collision,9,Unknown,2,Towed Due to Disabling Damage,1,Rollover/Overturn,0,,0,,0,No or Not Reported,1,Yes,41,Oregon,97527,97527,6,Valid,1,Full Driver License,6,Valid,0,No Endorsements required for this vehicle,3,Valid license for this class vehicle,0,No Restrictions or Not Applicable,73,73,265,265 lbs.,0,,0,,0,,0,,0,,0,No Record,0,No Record,0,No Record,0,No Record,4,"Yes, Too Fast for Conditions",0,,0,,0,,0,,1,"Two-Way, Not Divided",2,Two lanes,55,55 MPH,1,Straight,1,Level,2,"Blacktop, Bituminous, or Asphalt",1,Dry,0,No Controls,0,No Controls,1,Going Straight,98,Other critical precrash event (specify:),16,Braking,1,Tracking,1,Stayed in original travel lane,98,M98-Other Crash Type,1,0,No,777777777777,No Trailing Units,777777777777,No Trailing Units,777777777777,No Trailing Units
41,Oregon,410146,1,1,5,05,21,21,6,June,16,4:00pm-4:59pm,55,55,42,Tree (Standing Only),0,Not a Collision with Motor Vehicle In-Transport,1,Motor Vehicle In-Transport (Inside or Outside the Trafficway),0,No,41,Oregon,2,Driver (in this crash) Not Registered Owner (Other Private Owner Listed),20,Chevrolet,431,20431,Chevrolet Suburban (from 1950-2003;see 422 for 2004 on),16,"Utility station wagon (includes suburban limousines, Suburban, Travellall, Grand Wagoneer)",2003,2003,3GNFK16Z93G2,3GNFK16Z93G2,3,G,N,F,K,1,6,Z,9,3,G,2,0,No Trailing Units,0,Not an Articulated Vehicle,0,Not Applicable,000000000,Not Applicable,00000000000,Not Applicable,0,Not Applicable,0,Not Applicable,0,Not Applicable (N/A),1,No,0,Not Applicable,0,Not Applicable,0,Not Applicable,0,Not Applicable,0,Not a Bus,0,No Special Use,0,Not Applicable,998,Not Reported,0,No Underride or Override Noted,0,No Rollover,0,No Rollover,12,12 Clock Point,6,Disabling Damage,2,Towed Due to Disabling Damage,2,Fire/Explosion,0,,0,,1,Yes,1,Yes,41,Oregon,97338,97338,6,Valid,1,Full Driver License,0,No (CDL),0,No Endorsements required for this vehicle,3,Valid license for this class vehicle,1,Restrictions Complied With,68,68,194,194 lbs.,0,,0,,0,,0,,0,,0,No Record,0,No Record,0,No Record,0,No Record,0,No,0,,0,,0,,0,,1,"Two-Way, Not Divided",2,Two lanes,55,55 MPH,1,Straight,1,Level,2,"Blacktop, Bituminous, or Asphalt",1,Dry,0,No Controls,0,No Controls,1,Going Straight,12,Off the edge of the road on the left side,99,Unknown/Not Reported,4,Skidding laterally counterclockwise rotation,4,Departed roadway,7,B7-Single Driver-Left Roadside Departure-Control/Traction Loss,1,0,No,777777777777,No Trailing Units,777777777777,No Trailing Units,777777777777,No Trailing Units
41,Oregon,410147,1,1,99,Unknown,22,22,6,June,15,3:00pm-3:59pm,7,7,8,Pedestrian,0,Not a Collision with Motor Vehicle In-Transport,1,Motor Vehicle In-Transport (Inside or Outside the Trafficway),1,Yes,99,Unknown,9,Unknown,99,Unknown Make,999,99999,"Unknown Make Unknown (as to automobile, motored cycle, light truck or truck)",99,Unknown body type,9999,Unknown,999999999999,Unknown,9,9,9,9,9,9,9,9,9,9,9,9,0,No Trailing Units,0,Not an Articulated Vehicle,0,Not Applicable,000000000,Not Applicable,00000000000,Not Applicable,0,Not Applicable,0,Not Applicable,0,Not Applicable (N/A),1,No,0,Not Applicable,0,Not Applicable,0,Not Applicable,0,Not Applicable,0,Not a Bus,0,No Special Use,0,Not Applicable,998,Not Reported,0,No Underride or Override Noted,0,No Rollover,0,No Rollover,12,12 Clock Point,9,Unknown,5,Not Towed,8,Pedestrian,0,,0,,0,No or Not Reported,1,Yes,99,Unknown,99999,Unknown,9,Unknown License Status,9,Unknown License Type,99,Unknown License Status,9,"Unknown, if required",9,Unknown,9,Unknown,999,Unknown,999,Unknown,99,Unknown,99,Unknown,99,Unknown,99,Unknown,99,Unknown,99,Unknown,9999,Unknown,99,Unknown,9999,Unknown,9,Unknown,99,Unknown,99,Unknown,99,Unknown,99,Unknown,1,"Two-Way, Not Divided",2,Two lanes,98,Not Reported,1,Straight,1,Level,2,"Blacktop, Bituminous, or Asphalt",1,Dry,0,No Controls,0,No Controls,1,Going Straight,80,Pedestrian in road,99,Unknown/Not Reported,1,Tracking,1,Stayed in original travel lane,13,C13-Single Driver-Forward Impact-Pedestrian/ Animal,0,0,No,777777777777,No Trailing Units,777777777777,No Trailing Units,777777777777,No Trailing Units
41,Oregon,410148,1,1,1,01,23,23,6,June,21,9:00pm-9:59pm,35,35,38,Fence,0,Not a Collision with Motor Vehicle In-Transport,1,Motor Vehicle In-Transport (Inside or Outside the Trafficway),0,No,41,Oregon,1,Driver (in this crash) was  Registered Owner,72,Harley-Davidson,706,72706,Harley-Davidson 750cc or greater,80,Two Wheel Motorcycle (excluding motor scooters),2011,2011,1HD1GX418BC3,1HD1GX418BC3,1,H,D,1,G,X,4,1,8,B,C,3,0,No Trailing Units,0,Not an Articulated Vehicle,0,Not Applicable,000000000,Not Applicable,00000000000,Not Applicable,0,Not Applicable,0,Not Applicable,0,Not Applicable (N/A),1,No,0,Not Applicable,0,Not Applicable,0,Not Applicable,0,Not Applicable,0,Not a Bus,0,No Special Use,0,Not Applicable,998,Not Reported,0,No Underride or Override Noted,0,No Rollover,0,No Rollover,12,12 Clock Point,8,Not Reported,2,Towed Due to Disabling Damage,38,Fence,0,,0,,0,No or Not Reported,1,Yes,41,Oregon,97027,97027,6,Valid,1,Full Driver License,0,No (CDL),0,No Endorsements required for this vehicle,3,Valid license for this class vehicle,1,Restrictions Complied With,67,67,160,160 lbs.,1,1,0,,0,,0,,1,1,1,January,2014,2014,4,April,2015,2015,4,"Yes, Too Fast for Conditions",99,Unknown,99,Unknown,99,Unknown,99,Unknown,1,"Two-Way, Not Divided",2,Two lanes,55,55 MPH,3,Curve Left,1,Level,2,"Blacktop, Bituminous, or Asphalt",1,Dry,0,No Controls,0,No Controls,1,Going Straight,13,Off the edge of the road on the right side,99,Unknown/Not Reported,1,Tracking,4,Departed roadway,1,A1-Single Driver-Right Roadside Departure-Drive Off Road,1,1,Yes,777777777777,No Trailing Units,777777777777,No Trailing Units,777777777777,No Trailing Units
41,Oregon,410149,1,2,1,01,24,24,6,June,11,11:00am-11:59am,50,50,12,Motor Vehicle In-Transport,6,Angle,1,Motor Vehicle In-Transport (Inside or Outside the Trafficway),0,No,41,Oregon,1,Driver (in this crash) was  Registered Owner,48,Subaru,45,48045,Subaru Outback (2003 on)(see 034 for prior to 2003),6,Station Wagon (excluding van and truck based),2007,2007,4S4BP61C8773,4S4BP61C8773,4,S,4,B,P,6,1,C,8,7,7,3,0,No Trailing Units,0,Not an Articulated Vehicle,0,Not Applicable,000000000,Not Applicable,00000000000,Not Applicable,0,Not Applicable,0,Not Applicable,0,Not Applicable (N/A),1,No,0,Not Applicable,0,Not Applicable,0,Not Applicable,0,Not Applicable,0,Not a Bus,0,No Special Use,0,Not Applicable,998,Not Reported,0,No Underride or Override Noted,0,No Rollover,0,No Rollover,9,9 Clock Point,6,Disabling Damage,2,Towed Due to Disabling Damage,12,Motor Vehicle In-Transport,0,,0,,0,No or Not Reported,1,Yes,41,Oregon,97702,97702,6,Valid,1,Full Driver License,0,No (CDL),0,No Endorsements required for this vehicle,3,Valid license for this class vehicle,0,No Restrictions or Not Applicable,69,69,147,147 lbs.,0,,0,,0,,0,,1,1,8,August,2014,2014,8,August,2014,2014,0,No,38,Failure to Yield Right-of-Way,0,,0,,0,,1,"Two-Way, Not Divided",2,Two lanes,55,55 MPH,1,Straight,1,Level,2,"Blacktop, Bituminous, or Asphalt",1,Dry,20,Stop Sign,3,Device Functioning Properly,1,Going Straight,17,Crossing over (passing through) Junction,99,Unknown/Not Reported,1,Tracking,1,Stayed in original travel lane,89,L89-Intersecting Paths-Straight Paths-Struck on the left,1,0,No,777777777777,No Trailing Units,777777777777,No Trailing Units,777777777777,No Trailing Units
41,Oregon,410149,2,2,2,02,24,24,6,June,11,11:00am-11:59am,50,50,12,Motor Vehicle In-Transport,6,Angle,1,Motor Vehicle In-Transport (Inside or Outside the Trafficway),0,No,6,California,1,Driver (in this crash) was  Registered Owner,7,Dodge,880,7880,"Dodge Medium/Heavy Pickup (pickup-style only - over 10,000 lbs)",67,"Medium/heavy Pickup (>10,000 lbs. GVWR)",2011,2011,3D73Y4CL3BG5,3D73Y4CL3BG5,3,D,7,3,Y,4,C,L,3,B,G,5,0,No Trailing Units,0,Not an Articulated Vehicle,88,,888888888,,88888888888,,2,"10,001 lbs - 26,000 lbs",1,"Single-Unit Truck (2- axle and GVWR more than 10,000 lbs)",97,Other,1,No,0,Not Applicable,0,Not Applicable,0,Not Applicable,0,Not Applicable,0,Not a Bus,0,No Special Use,0,Not Applicable,998,Not Reported,0,No Underride or Override Noted,0,No Rollover,0,No Rollover,12,12 Clock Point,8,Not Reported,2,Towed Due to Disabling Damage,12,Motor Vehicle In-Transport,0,,0,,0,No or Not Reported,1,Yes,6,California,93514,93514,6,Valid,1,Full Driver License,0,No (CDL),0,No Endorsements required for this vehicle,3,Valid license for this class vehicle,0,No Restrictions or Not Applicable,74,74,190,190 lbs.,0,,0,,0,,0,,0,,0,No Record,0,No Record,0,No Record,0,No Record,0,No,0,,0,,0,,0,,1,"Two-Way, Not Divided",3,Three lanes,55,55 MPH,1,Straight,1,Level,2,"Blacktop, Bituminous, or Asphalt",1,Dry,0,No Controls,0,No Controls,1,Going Straight,66,"From crossing street, across path",99,Unknown/Not Reported,1,Tracking,1,Stayed in original travel lane,88,L88-Intersecting Paths-Straight Paths-Striking from the Left,0,0,No,777777777777,No Trailing Units,777777777777,No Trailing Units,777777777777,No Trailing Units
41,Oregon,410150,1,1,2,02,24,24,6,June,15,3:00pm-3:59pm,30,30,42,Tree (Standing Only),0,Not a Collision with Motor Vehicle In-Transport,1,Motor Vehicle In-Transport (Inside or Outside the Trafficway),0,No,53,Washington,1,Driver (in this crash) was  Registered Owner,30,Volkswagen,40,30040,Volkswagen Jetta/Jetta SportsWagen,4,"4-door sedan, hardtop",2001,2001,3VWPD69M81M1,3VWPD69M81M1,3,V,W,P,D,6,9,M,8,1,M,1,0,No Trailing Units,0,Not an Articulated Vehicle,0,Not Applicable,000000000,Not Applicable,00000000000,Not Applicable,0,Not Applicable,0,Not Applicable,0,Not Applicable (N/A),1,No,0,Not Applicable,0,Not Applicable,0,Not Applicable,0,Not Applicable,0,Not a Bus,0,No Special Use,0,Not Applicable,998,Not Reported,0,No Underride or Override Noted,0,No Rollover,0,No Rollover,12,12 Clock Point,6,Disabling Damage,2,Towed Due to Disabling Damage,42,Tree (Standing Only),0,,0,,0,No or Not Reported,1,Yes,53,Washington,98531,98531,6,Valid,1,Full Driver License,0,No (CDL),0,No Endorsements required for this vehicle,3,Valid license for this class vehicle,0,No Restrictions or Not Applicable,66,66,135,135 lbs.,0,,0,,0,,1,1,0,,10,October,2014,2014,10,October,2014,2014,5,"Yes, Specifics Unknown",99,Unknown,99,Unknown,99,Unknown,99,Unknown,1,"Two-Way, Not Divided",2,Two lanes,45,45 MPH,1,Straight,1,Level,2,"Blacktop, Bituminous, or Asphalt",1,Dry,0,No Controls,0,No Controls,1,Going Straight,13,Off the edge of the road on the right side,99,Unknown/Not Reported,1,Tracking,4,Departed roadway,1,A1-Single Driver-Right Roadside Departure-Drive Off Road,1,1,Yes,777777777777,No Trailing Units,777777777777,No Trailing Units,777777777777,No Trailing Units
41,Oregon,410151,1,1,1,01,24,24,6,June,19,7:00pm-7:59pm,0,0,18,Other Object (not fixed),0,Not a Collision with Motor Vehicle In-Transport,1,Motor Vehicle In-Transport (Inside or Outside the Trafficway),0,No,0,Not Applicable,0,"Not Applicable, Vehicle Not Registered",76,Yamaha,703,76703,Yamaha 125-349cc,83,Off-road Motorcycle,1986,1986,JYA1TY005GA0,JYA1TY005GA0,J,Y,A,1,T,Y,0,0,5,G,A,0,0,No Trailing Units,0,Not an Articulated Vehicle,0,Not Applicable,000000000,Not Applicable,00000000000,Not Applicable,0,Not Applicable,0,Not Applicable,0,Not Applicable (N/A),1,No,0,Not Applicable,0,Not Applicable,0,Not Applicable,0,Not Applicable,0,Not a Bus,0,No Special Use,0,Not Applicable,998,Not Reported,0,No Underride or Override Noted,0,No Rollover,0,No Rollover,12,12 Clock Point,9,Unknown,2,Towed Due to Disabling Damage,18,Other Object (not fixed),0,,0,,0,No or Not Reported,1,Yes,53,Washington,98632,98632,6,Valid,1,Full Driver License,0,No (CDL),0,No Endorsements required for this vehicle,1,No license required for this class vehicle,0,No Restrictions or Not Applicable,73,73,180,180 lbs.,0,,3,3,0,,0,,1,1,8,August,2012,2012,12,December,2013,2013,0,No,99,Unknown,99,Unknown,99,Unknown,99,Unknown,1,"Two-Way, Not Divided",2,Two lanes,98,Not Reported,1,Straight,5,Uphill,4,"Slag, Gravel or Stone",1,Dry,0,No Controls,0,No Controls,1,Going Straight,90,Object in road,1,No Avoidance Maneuver,1,Tracking,1,Stayed in original travel lane,12,C12-Single Driver-Forward Impact-Sta. Object,1,0,No,777777777777,No Trailing Units,777777777777,No Trailing Units,777777777777,No Trailing Units
41,Oregon,410152,1,1,2,02,24,24,6,June,15,3:00pm-3:59pm,54,54,35,Embankment,0,Not a Collision with Motor Vehicle In-Transport,1,Motor Vehicle In-Transport (Inside or Outside the Trafficway),0,No,41,Oregon,1,Driver (in this crash) was  Registered Owner,72,Harley-Davidson,706,72706,Harley-Davidson 750cc or greater,80,Two Wheel Motorcycle (excluding motor scooters),1999,1999,1HD1GEV19XY3,1HD1GEV19XY3,1,H,D,1,G,E,V,1,9,X,Y,3,0,No Trailing Units,0,Not an Articulated Vehicle,0,Not Applicable,000000000,Not Applicable,00000000000,Not Applicable,0,Not Applicable,0,Not Applicable,0,Not Applicable (N/A),1,No,0,Not Applicable,0,Not Applicable,0,Not Applicable,0,Not Applicable,0,Not a Bus,0,No Special Use,0,Not Applicable,998,Not Reported,0,No Underride or Override Noted,0,No Rollover,0,No Rollover,98,Not Reported,6,Disabling Damage,2,Towed Due to Disabling Damage,35,Embankment,0,,0,,0,No or Not Reported,1,Yes,41,Oregon,97734,97734,6,Valid,1,Full Driver License,0,No (CDL),0,No Endorsements required for this vehicle,3,Valid license for this class vehicle,0,No Restrictions or Not Applicable,66,66,160,160 lbs.,0,,0,,0,,0,,0,,0,No Record,0,No Record,0,No Record,0,No Record,0,No,58,Overcorrecting,0,,0,,0,,1,"Two-Way, Not Divided",2,Two lanes,50,50 MPH,3,Curve Left,2,"Grade, Unknown Slope",2,"Blacktop, Bituminous, or Asphalt",1,Dry,0,No Controls,0,No Controls,14,Negotiating a Curve,13,Off the edge of the road on the right side,99,Unknown/Not Reported,1,Tracking,4,Departed roadway,1,A1-Single Driver-Right Roadside Departure-Drive Off Road,1,0,No,777777777777,No Trailing Units,777777777777,No Trailing Units,777777777777,No Trailing Units
41,Oregon,410153,1,4,1,01,25,25,6,June,15,3:00pm-3:59pm,8,8,12,Motor Vehicle In-Transport,2,Front-to-Front,1,Motor Vehicle In-Transport (Inside or Outside the Trafficway),0,No,41,Oregon,2,Driver (in this crash) Not Registered Owner (Other Private Owner Listed),48,Subaru,34,48034,Subaru Legacy/Outback(prior to 2003 only; see 045 for 2003 on),6,Station Wagon (excluding van and truck based),1996,1996,4S3BK435XT73,4S3BK435XT73,4,S,3,B,K,4,3,5,X,T,7,3,0,No Trailing Units,0,Not an Articulated Vehicle,0,Not Applicable,000000000,Not Applicable,00000000000,Not Applicable,0,Not Applicable,0,Not Applicable,0,Not Applicable (N/A),1,No,0,Not Applicable,0,Not Applicable,0,Not Applicable,0,Not Applicable,0,Not a Bus,0,No Special Use,0,Not Applicable,998,Not Reported,0,No Underride or Override Noted,0,No Rollover,0,No Rollover,12,12 Clock Point,6,Disabling Damage,2,Towed Due to Disabling Damage,12,Motor Vehicle In-Transport,0,,0,,0,No or Not Reported,1,Yes,41,Oregon,97701,97701,6,Valid,1,Full Driver License,0,No (CDL),0,No Endorsements required for this vehicle,3,Valid license for this class vehicle,0,No Restrictions or Not Applicable,70,70,160,160 lbs.,0,,0,,0,,0,,0,,0,No Record,0,No Record,0,No Record,0,No Record,0,No,28,Improper Lane Usage,0,,0,,0,,1,"Two-Way, Not Divided",2,Two lanes,55,55 MPH,1,Straight,1,Level,2,"Blacktop, Bituminous, or Asphalt",1,Dry,0,No Controls,0,No Controls,1,Going Straight,10,Over the lane line on left side of travel lane,99,Unknown/Not Reported,1,Tracking,2,"Stayed on roadway, but left original travel lane",50,"G50-Same Trafficway, Opposite Direction-Head-On-Lateral Move (Left/Right)",1,1,Yes,777777777777,No Trailing Units,777777777777,No Trailing Units,777777777777,No Trailing Units
41,Oregon,410153,2,4,1,01,25,25,6,June,15,3:00pm-3:59pm,8,8,12,Motor Vehicle In-Transport,2,Front-to-Front,1,Motor Vehicle In-Transport (Inside or Outside the Trafficway),0,No,41,Oregon,1,Driver (in this crash) was  Registered Owner,20,Chevrolet,404,20404,Chevrolet Equinox,14,"Compact Utility (Utility Vehicle Categories ""Small"" and ""Midsize"")",2013,2013,2GNFLGEK7D62,2GNFLGEK7D62,2,G,N,F,L,G,E,K,7,D,6,2,0,No Trailing Units,0,Not an Articulated Vehicle,0,Not Applicable,000000000,Not Applicable,00000000000,Not Applicable,0,Not Applicable,0,Not Applicable,0,Not Applicable (N/A),1,No,0,Not Applicable,0,Not Applicable,0,Not Applicable,0,Not Applicable,0,Not a Bus,0,No Special Use,0,Not Applicable,998,Not Reported,0,No Underride or Override Noted,0,No Rollover,0,No Rollover,12,12 Clock Point,6,Disabling Damage,2,Towed Due to Disabling Damage,12,Motor Vehicle In-Transport,0,,0,,0,No or Not Reported,1,Yes,41,Oregon,97402,97402,6,Valid,1,Full Driver License,0,No (CDL),0,No Endorsements required for this vehicle,3,Valid license for this class vehicle,1,Restrictions Complied With,63,63,170,170 lbs.,0,,0,,0,,0,,0,,0,No Record,0,No Record,0,No Record,0,No Record,0,No,0,,0,,0,,0,,1,"Two-Way, Not Divided",2,Two lanes,55,55 MPH,1,Straight,1,Level,2,"Blacktop, Bituminous, or Asphalt",1,Dry,0,No Controls,0,No Controls,1,Going Straight,62,From opposite direction  over left lane line,99,Unknown/Not Reported,1,Tracking,1,Stayed in original travel lane,51,"G51-Same Trafficway, Opposite Direction-Head-On-Lateral Move (Going Straight)",1,0,No,777777777777,No Trailing Units,777777777777,No Trailing Units,777777777777,No Trailing Units
41,Oregon,410153,3,4,2,02,25,25,6,June,15,3:00pm-3:59pm,8,8,12,Motor Vehicle In-Transport,2,Front-to-Front,1,Motor Vehicle In-Transport (Inside or Outside the Trafficway),0,No,41,Oregon,1,Driver (in this crash) was  Registered Owner,98,Other Make,850,98850,Other Make Motor Home,65,Medium/heavy truck based motorhome,2004,2004,1RF424646420,1RF424646420,1,R,F,4,2,4,6,4,6,4,2,0,5,Vehicle Towing Another Motor Vehicle - Fixed Linkage,1,No,88,,888888888,,88888888888,,3,"26,001 lbs. or more",19,"Truck More Than 10,000 lbs, Cannot Classify",97,Other,1,No,0,Not Applicable,0,Not Applicable,0,Not Applicable,0,Not Applicable,0,Not a Bus,0,No Special Use,0,Not Applicable,998,Not Reported,0,No Underride or Override Noted,0,No Rollover,0,No Rollover,12,12 Clock Point,8,Not Reported,2,Towed Due to Disabling Damage,12,Motor Vehicle In-Transport,0,,0,,0,No or Not Reported,1,Yes,41,Oregon,97459,97459,6,Valid,1,Full Driver License,0,No (CDL),0,No Endorsements required for this vehicle,3,Valid license for this class vehicle,0,No Restrictions or Not Applicable,66,66,145,145 lbs.,0,,0,,0,,0,,0,,0,No Record,0,No Record,0,No Record,0,No Record,0,No,0,,0,,0,,0,,1,"Two-Way, Not Divided",2,Two lanes,55,55 MPH,1,Straight,1,Level,2,"Blacktop, Bituminous, or Asphalt",1,Dry,0,No Controls,0,No Controls,17,Successful Avoidance Maneuver to a Previous Critical Event,10,Over the lane line on left side of travel lane,6,Steering left,1,Tracking,2,"Stayed on roadway, but left original travel lane",98,M98-Other Crash Type,0,0,No,777777777777,No Trailing Units,777777777777,No Trailing Units,777777777777,No Trailing Units
41,Oregon,410153,4,4,1,01,25,25,6,June,15,3:00pm-3:59pm,8,8,12,Motor Vehicle In-Transport,2,Front-to-Front,1,Motor Vehicle In-Transport (Inside or Outside the Trafficway),0,No,53,Washington,1,Driver (in this crash) was  Registered Owner,30,Volkswagen,40,30040,Volkswagen Jetta/Jetta SportsWagen,4,"4-door sedan, hardtop",1998,1998,3VWRA81HXWM1,3VWRA81HXWM1,3,V,W,R,A,8,1,H,X,W,M,1,0,No Trailing Units,0,Not an Articulated Vehicle,0,Not Applicable,000000000,Not Applicable,00000000000,Not Applicable,0,Not Applicable,0,Not Applicable,0,Not Applicable (N/A),1,No,0,Not Applicable,0,Not Applicable,0,Not Applicable,0,Not Applicable,0,Not a Bus,0,No Special Use,0,Not Applicable,998,Not Reported,0,No Underride or Override Noted,0,No Rollover,0,No Rollover,12,12 Clock Point,6,Disabling Damage,2,Towed Due to Disabling Damage,12,Motor Vehicle In-Transport,0,,0,,0,No or Not Reported,1,Yes,41,Oregon,97132,97132,6,Valid,1,Full Driver License,0,No (CDL),0,No Endorsements required for this vehicle,3,Valid license for this class vehicle,1,Restrictions Complied With,67,67,140,140 lbs.,0,,0,,0,,0,,0,,0,No Record,0,No Record,0,No Record,0,No Record,0,No,28,Improper Lane Usage,0,,0,,0,,1,"Two-Way, Not Divided",2,Two lanes,55,55 MPH,1,Straight,1,Level,2,"Blacktop, Bituminous, or Asphalt",1,Dry,0,No Controls,0,No Controls,1,Going Straight,62,From opposite direction  over left lane line,99,Unknown/Not Reported,1,Tracking,1,Stayed in original travel lane,98,M98-Other Crash Type,1,1,Yes,777777777777,No Trailing Units,777777777777,No Trailing Units,777777777777,No Trailing Units
41,Oregon,410154,1,1,1,01,25,25,6,June,16,4:00pm-4:59pm,10,10,1,Rollover/Overturn,0,Not a Collision with Motor Vehicle In-Transport,1,Motor Vehicle In-Transport (Inside or Outside the Trafficway),0,No,6,California,1,Driver (in this crash) was  Registered Owner,12,Ford,37,12037,Ford Focus,3,3-door/2-door hatchback,2007,2007,1FAFP31N77W1,1FAFP31N77W1,1,F,A,F,P,3,1,N,7,7,W,1,0,No Trailing Units,0,Not an Articulated Vehicle,0,Not Applicable,000000000,Not Applicable,00000000000,Not Applicable,0,Not Applicable,0,Not Applicable,0,Not Applicable (N/A),1,No,0,Not Applicable,0,Not Applicable,0,Not Applicable,0,Not Applicable,0,Not a Bus,0,No Special Use,0,Not Applicable,998,Not Reported,0,No Underride or Override Noted,1,"Rollover, Tripped by Object/Vehicle",5,On Roadside,0,Non-Collision,6,Disabling Damage,2,Towed Due to Disabling Damage,1,Rollover/Overturn,0,,0,,0,No or Not Reported,1,Yes,6,California,96002,96002,1,Suspended,1,Full Driver License,0,No (CDL),0,No Endorsements required for this vehicle,2,No valid license for this class vehicle,3,"Restrictions, Compliance Unknown",73,73,185,185 lbs.,0,,2,2,0,,1,1,1,1,10,October,2016,2016,12,December,2016,2016,9,Unknown,99,Unknown,99,Unknown,99,Unknown,99,Unknown,1,"Two-Way, Not Divided",2,Two lanes,98,Not Reported,3,Curve Left,2,"Grade, Unknown Slope",2,"Blacktop, Bituminous, or Asphalt",1,Dry,0,No Controls,0,No Controls,14,Negotiating a Curve,13,Off the edge of the road on the right side,99,Unknown/Not Reported,1,Tracking,4,Departed roadway,1,A1-Single Driver-Right Roadside Departure-Drive Off Road,1,1,Yes,777777777777,No Trailing Units,777777777777,No Trailing Units,777777777777,No Trailing Units
41,Oregon,410155,1,2,1,01,26,26,6,June,12,12:00pm-12:59pm,53,53,54,"Motor Vehicle In-Transport Strikes or is Struck by Cargo, Persons or Objects Set-in-Motion from/by Another Motor Vehicle In Transport",11,Other,1,Motor Vehicle In-Transport (Inside or Outside the Trafficway),0,No,94,U.S. Government Tags (includes military),3,Vehicle Registered as Business/Company/Government Vehicle,20,Chevrolet,481,20481,"Chevrolet C, K, R, V-series pickup/Silverado",34,Light Pickup,2009,2009,1GBHK44K29E1,1GBHK44K29E1,1,G,B,H,K,4,4,K,2,9,E,1,0,No Trailing Units,0,Not an Articulated Vehicle,0,Not Applicable,000000000,Not Applicable,00000000000,Not Applicable,0,Not Applicable,0,Not Applicable,0,Not Applicable (N/A),1,No,0,Not Applicable,0,Not Applicable,0,Not Applicable,0,Not Applicable,0,Not a Bus,0,No Special Use,0,Not Applicable,998,Not Reported,0,No Underride or Override Noted,0,No Rollover,0,No Rollover,18,Cargo/Vehicle Parts Set-In-Motion,0,No Damage,5,Not Towed,54,"Motor Vehicle In-Transport Strikes or is Struck by Cargo, Persons or Objects Set-in-Motion from/by Another Motor Vehicle In Transport",0,,0,,0,No or Not Reported,1,Yes,41,Oregon,97041,97041,6,Valid,1,Full Driver License,6,Valid,0,No Endorsements required for this vehicle,3,Valid license for this class vehicle,1,Restrictions Complied With,69,69,170,170 lbs.,0,,0,,0,,1,1,0,,2,February,2017,2017,2,February,2017,2017,0,No,0,,0,,0,,0,,1,"Two-Way, Not Divided",2,Two lanes,55,55 MPH,2,Curve Right,2,"Grade, Unknown Slope",2,"Blacktop, Bituminous, or Asphalt",1,Dry,0,No Controls,0,No Controls,14,Negotiating a Curve,98,Other critical precrash event (specify:),99,Unknown/Not Reported,1,Tracking,1,Stayed in original travel lane,98,M98-Other Crash Type,0,0,No,777777777777,No Trailing Units,777777777777,No Trailing Units,777777777777,No Trailing Units
41,Oregon,410155,2,2,1,01,26,26,6,June,12,12:00pm-12:59pm,53,53,54,"Motor Vehicle In-Transport Strikes or is Struck by Cargo, Persons or Objects Set-in-Motion from/by Another Motor Vehicle In Transport",11,Other,1,Motor Vehicle In-Transport (Inside or Outside the Trafficway),0,No,41,Oregon,2,Driver (in this crash) Not Registered Owner (Other Private Owner Listed),72,Harley-Davidson,706,72706,Harley-Davidson 750cc or greater,80,Two Wheel Motorcycle (excluding motor scooters),2006,2006,1HD1FCW146Y6,1HD1FCW146Y6,1,H,D,1,F,C,W,1,4,6,Y,6,0,No Trailing Units,0,Not an Articulated Vehicle,0,Not Applicable,000000000,Not Applicable,00000000000,Not Applicable,0,Not Applicable,0,Not Applicable,0,Not Applicable (N/A),1,No,0,Not Applicable,0,Not Applicable,0,Not Applicable,0,Not Applicable,0,Not a Bus,0,No Special Use,0,Not Applicable,998,Not Reported,0,No Underride or Override Noted,0,No Rollover,0,No Rollover,12,12 Clock Point,6,Disabling Damage,2,Towed Due to Disabling Damage,54,"Motor Vehicle In-Transport Strikes or is Struck by Cargo, Persons or Objects Set-in-Motion from/by Another Motor Vehicle In Transport",0,,0,,0,No or Not Reported,1,Yes,41,Oregon,97415,97415,6,Valid,1,Full Driver License,0,No (CDL),0,No Endorsements required for this vehicle,3,Valid license for this class vehicle,1,Restrictions Complied With,72,72,185,185 lbs.,0,,0,,0,,0,,0,,0,No Record,0,No Record,0,No Record,0,No Record,0,No,0,,0,,0,,0,,1,"Two-Way, Not Divided",2,Two lanes,55,55 MPH,2,Curve Right,2,"Grade, Unknown Slope",2,"Blacktop, Bituminous, or Asphalt",1,Dry,0,No Controls,0,No Controls,14,Negotiating a Curve,98,Other critical precrash event (specify:),99,Unknown/Not Reported,1,Tracking,1,Stayed in original travel lane,98,M98-Other Crash Type,1,0,No,777777777777,No Trailing Units,777777777777,No Trailing Units,777777777777,No Trailing Units
41,Oregon,410156,1,1,2,02,26,26,6,June,13,1:00pm-1:59pm,15,15,17,Boulder,0,Not a Collision with Motor Vehicle In-Transport,1,Motor Vehicle In-Transport (Inside or Outside the Trafficway),0,No,41,Oregon,1,Driver (in this crash) was  Registered Owner,20,Chevrolet,37,20037,Chevrolet Malibu/Malibu Maxx,4,"4-door sedan, hardtop",2013,2013,1G11D5RR4DF1,1G11D5RR4DF1,1,G,1,1,D,5,R,R,4,D,F,1,0,No Trailing Units,0,Not an Articulated Vehicle,0,Not Applicable,000000000,Not Applicable,00000000000,Not Applicable,0,Not Applicable,0,Not Applicable,0,Not Applicable (N/A),1,No,0,Not Applicable,0,Not Applicable,0,Not Applicable,0,Not Applicable,0,Not a Bus,0,No Special Use,0,Not Applicable,998,Not Reported,0,No Underride or Override Noted,0,No Rollover,0,No Rollover,12,12 Clock Point,6,Disabling Damage,2,Towed Due to Disabling Damage,3,Immersion or Partial Immersion,0,,0,,0,No or Not Reported,1,Yes,41,Oregon,97062,97062,6,Valid,1,Full Driver License,0,No (CDL),0,No Endorsements required for this vehicle,3,Valid license for this class vehicle,1,Restrictions Complied With,67,67,158,158 lbs.,0,,0,,0,,0,,0,,0,No Record,0,No Record,0,No Record,0,No Record,0,No,0,,0,,0,,0,,1,"Two-Way, Not Divided",2,Two lanes,55,55 MPH,4,Curve - Unknown Direction,1,Level,2,"Blacktop, Bituminous, or Asphalt",1,Dry,0,No Controls,0,No Controls,14,Negotiating a Curve,19,Unknown travel direction,99,Unknown/Not Reported,1,Tracking,4,Departed roadway,99,M99-Unknown,2,0,No,777777777777,No Trailing Units,777777777777,No Trailing Units,777777777777,No Trailing Units
41,Oregon,410157,1,3,2,02,26,26,6,June,12,12:00pm-12:59pm,35,35,12,Motor Vehicle In-Transport,1,Front-to-Rear,1,Motor Vehicle In-Transport (Inside or Outside the Trafficway),0,No,41,Oregon,3,Vehicle Registered as Business/Company/Government Vehicle,82,Freightliner,881,82881,Freightliner Medium/Heavy - CBE,62,"Single-unit straight truck or Cab-Chassis (19,500 lbs. < GVWR < or = 26,000 lbs.)",2000,2000,1FV3GFBC6YHF,1FV3GFBC6YHF,1,F,V,3,G,F,B,C,6,Y,H,F,0,No Trailing Units,0,Not an Articulated Vehicle,57,US DOT,0809532,0809532,570809532,570809532,2,"10,001 lbs - 26,000 lbs",2,Single-Unit Truck (3 or more axles),97,Other,1,No,0,Not Applicable,0,Not Applicable,0,Not Applicable,0,Not Applicable,0,Not a Bus,0,No Special Use,0,Not Applicable,998,Not Reported,0,No Underride or Override Noted,0,No Rollover,0,No Rollover,12,12 Clock Point,9,Unknown,5,Not Towed,12,Motor Vehicle In-Transport,0,,0,,0,No or Not Reported,1,Yes,41,Oregon,97739,97739,6,Valid,1,Full Driver License,0,No (CDL),0,No Endorsements required for this vehicle,3,Valid license for this class vehicle,1,Restrictions Complied With,69,69,150,150 lbs.,0,,0,,0,,1,1,0,,3,March,2017,2017,3,March,2017,2017,9,Unknown,99,Unknown,99,Unknown,99,Unknown,99,Unknown,1,"Two-Way, Not Divided",2,Two lanes,45,45 MPH,1,Straight,1,Level,2,"Blacktop, Bituminous, or Asphalt",1,Dry,0,No Controls,0,No Controls,1,Going Straight,51,Traveling in same direction with lower steady speed,99,Unknown/Not Reported,1,Tracking,1,Stayed in original travel lane,24,"D24-Same Trafficway, Same Direction-Rear End-Slower",0,0,No,777777777777,No Trailing Units,777777777777,No Trailing Units,777777777777,No Trailing Units
41,Oregon,410157,2,3,1,01,26,26,6,June,12,12:00pm-12:59pm,35,35,12,Motor Vehicle In-Transport,1,Front-to-Rear,1,Motor Vehicle In-Transport (Inside or Outside the Trafficway),0,No,41,Oregon,1,Driver (in this crash) was  Registered Owner,20,Chevrolet,471,20471,Chevrolet S-10/T-10 Pickup,34,Light Pickup,2000,2000,1GCCS14W8Y81,1GCCS14W8Y81,1,G,C,C,S,1,4,W,8,Y,8,1,0,No Trailing Units,0,Not an Articulated Vehicle,0,Not Applicable,000000000,Not Applicable,00000000000,Not Applicable,0,Not Applicable,0,Not Applicable,0,Not Applicable (N/A),1,No,0,Not Applicable,0,Not Applicable,0,Not Applicable,0,Not Applicable,0,Not a Bus,0,No Special Use,0,Not Applicable,998,Not Reported,0,No Underride or Override Noted,0,No Rollover,0,No Rollover,6,6 Clock Point,8,Not Reported,2,Towed Due to Disabling Damage,12,Motor Vehicle In-Transport,0,,0,,0,No or Not Reported,1,Yes,41,Oregon,97739,97739,6,Valid,1,Full Driver License,0,No (CDL),0,No Endorsements required for this vehicle,3,Valid license for this class vehicle,1,Restrictions Complied With,74,74,230,230 lbs.,0,,0,,0,,0,,0,,0,No Record,0,No Record,0,No Record,0,No Record,0,No,0,,0,,0,,0,,1,"Two-Way, Not Divided",2,Two lanes,45,45 MPH,1,Straight,1,Level,2,"Blacktop, Bituminous, or Asphalt",1,Dry,0,No Controls,0,No Controls,1,Going Straight,53,Traveling in same direction with higher speed,99,Unknown/Not Reported,1,Tracking,1,Stayed in original travel lane,25,"D25-Same Trafficway, Same Direction-Rear End-Slower, Going Straight",1,0,No,777777777777,No Trailing Units,777777777777,No Trailing Units,777777777777,No Trailing Units
41,Oregon,410157,3,3,2,02,26,26,6,June,12,12:00pm-12:59pm,35,35,12,Motor Vehicle In-Transport,1,Front-to-Rear,1,Motor Vehicle In-Transport (Inside or Outside the Trafficway),0,No,41,Oregon,1,Driver (in this crash) was  Registered Owner,63,KIA,37,63037,KIA Soul,6,Station Wagon (excluding van and truck based),2015,2015,KNDJN2A26F77,KNDJN2A26F77,K,N,D,J,N,2,A,2,6,F,7,7,0,No Trailing Units,0,Not an Articulated Vehicle,0,Not Applicable,000000000,Not Applicable,00000000000,Not Applicable,0,Not Applicable,0,Not Applicable,0,Not Applicable (N/A),1,No,0,Not Applicable,0,Not Applicable,0,Not Applicable,0,Not Applicable,0,Not a Bus,0,No Special Use,0,Not Applicable,998,Not Reported,0,No Underride or Override Noted,0,No Rollover,0,No Rollover,12,12 Clock Point,8,Not Reported,2,Towed Due to Disabling Damage,12,Motor Vehicle In-Transport,0,,0,,0,No or Not Reported,1,Yes,41,Oregon,97739,97739,6,Valid,1,Full Driver License,0,No (CDL),0,No Endorsements required for this vehicle,3,Valid license for this class vehicle,0,No Restrictions or Not Applicable,65,65,230,230 lbs.,0,,0,,0,,0,,0,,0,No Record,0,No Record,0,No Record,0,No Record,0,No,0,,0,,0,,0,,1,"Two-Way, Not Divided",2,Two lanes,45,45 MPH,1,Straight,1,Level,2,"Blacktop, Bituminous, or Asphalt",1,Dry,0,No Controls,0,No Controls,1,Going Straight,62,From opposite direction  over left lane line,99,Unknown/Not Reported,1,Tracking,1,Stayed in original travel lane,98,M98-Other Crash Type,0,0,No,777777777777,No Trailing Units,777777777777,No Trailing Units,777777777777,No Trailing Units
41,Oregon,410158,1,2,1,01,27,27,6,June,20,8:00pm-8:59pm,26,26,12,Motor Vehicle In-Transport,1,Front-to-Rear,1,Motor Vehicle In-Transport (Inside or Outside the Trafficway),0,No,6,California,1,Driver (in this crash) was  Registered Owner,98,Other Make,709,98709,Other Make Unknown cc,80,Two Wheel Motorcycle (excluding motor scooters),2006,2006,5J11RBJ146W0,5J11RBJ146W0,5,J,1,1,R,B,J,1,4,6,W,0,0,No Trailing Units,0,Not an Articulated Vehicle,0,Not Applicable,000000000,Not Applicable,00000000000,Not Applicable,0,Not Applicable,0,Not Applicable,0,Not Applicable (N/A),1,No,0,Not Applicable,0,Not Applicable,0,Not Applicable,0,Not Applicable,0,Not a Bus,0,No Special Use,0,Not Applicable,998,Not Reported,0,No Underride or Override Noted,0,No Rollover,0,No Rollover,12,12 Clock Point,8,Not Reported,2,Towed Due to Disabling Damage,12,Motor Vehicle In-Transport,0,,0,,0,No or Not Reported,1,Yes,41,Oregon,97038,97038,6,Valid,1,Full Driver License,0,No (CDL),0,No Endorsements required for this vehicle,3,Valid license for this class vehicle,0,No Restrictions or Not Applicable,72,72,220,220 lbs.,0,,1,1,0,,1,1,3,3,4,April,2013,2013,7,July,2015,2015,4,"Yes, Too Fast for Conditions",0,,0,,0,,0,,1,"Two-Way, Not Divided",2,Two lanes,45,45 MPH,4,Curve - Unknown Direction,1,Level,2,"Blacktop, Bituminous, or Asphalt",1,Dry,0,No Controls,0,No Controls,14,Negotiating a Curve,51,Traveling in same direction with lower steady speed,99,Unknown/Not Reported,1,Tracking,1,Stayed in original travel lane,24,"D24-Same Trafficway, Same Direction-Rear End-Slower",1,0,No,777777777777,No Trailing Units,777777777777,No Trailing Units,777777777777,No Trailing Units
41,Oregon,410158,2,2,1,01,27,27,6,June,20,8:00pm-8:59pm,26,26,12,Motor Vehicle In-Transport,1,Front-to-Rear,1,Motor Vehicle In-Transport (Inside or Outside the Trafficway),0,No,41,Oregon,2,Driver (in this crash) Not Registered Owner (Other Private Owner Listed),2,Jeep / Kaiser-Jeep / Willys- Jeep,405,2405,Jeep / Kaiser-Jeep / Willys- Jeep Liberty,14,"Compact Utility (Utility Vehicle Categories ""Small"" and ""Midsize"")",2007,2007,1J4GL48K47W6,1J4GL48K47W6,1,J,4,G,L,4,8,K,4,7,W,6,0,No Trailing Units,0,Not an Articulated Vehicle,0,Not Applicable,000000000,Not Applicable,00000000000,Not Applicable,0,Not Applicable,0,Not Applicable,0,Not Applicable (N/A),1,No,0,Not Applicable,0,Not Applicable,0,Not Applicable,0,Not Applicable,0,Not a Bus,0,No Special Use,0,Not Applicable,998,Not Reported,0,No Underride or Override Noted,0,No Rollover,0,No Rollover,6,6 Clock Point,8,Not Reported,5,Not Towed,12,Motor Vehicle In-Transport,0,,0,,0,No or Not Reported,1,Yes,41,Oregon,97038,97038,6,Valid,1,Full Driver License,0,No (CDL),0,No Endorsements required for this vehicle,3,Valid license for this class vehicle,1,Restrictions Complied With,74,74,175,175 lbs.,0,,0,,0,,1,1,0,,12,December,2013,2013,12,December,2013,2013,0,No,0,,0,,0,,0,,1,"Two-Way, Not Divided",2,Two lanes,45,45 MPH,4,Curve - Unknown Direction,1,Level,2,"Blacktop, Bituminous, or Asphalt",1,Dry,0,No Controls,0,No Controls,14,Negotiating a Curve,53,Traveling in same direction with higher speed,99,Unknown/Not Reported,1,Tracking,1,Stayed in original travel lane,25,"D25-Same Trafficway, Same Direction-Rear End-Slower, Going Straight",0,0,No,777777777777,No Trailing Units,777777777777,No Trailing Units,777777777777,No Trailing Units
41,Oregon,410159,1,2,3,03,28,28,6,June,22,10:00pm-10:59pm,46,46,12,Motor Vehicle In-Transport,6,Angle,1,Motor Vehicle In-Transport (Inside or Outside the Trafficway),0,No,41,Oregon,2,Driver (in this crash) Not Registered Owner (Other Private Owner Listed),42,Mercedes-Benz,43,42043,Mercedes-Benz S Class (95 on),4,"4-door sedan, hardtop",2001,2001,WDBNG75J31A1,WDBNG75J31A1,W,D,B,N,G,7,5,J,3,1,A,1,0,No Trailing Units,0,Not an Articulated Vehicle,0,Not Applicable,000000000,Not Applicable,00000000000,Not Applicable,0,Not Applicable,0,Not Applicable,0,Not Applicable (N/A),1,No,0,Not Applicable,0,Not Applicable,0,Not Applicable,0,Not Applicable,0,Not a Bus,0,No Special Use,0,Not Applicable,998,Not Reported,0,No Underride or Override Noted,0,No Rollover,0,No Rollover,3,3 Clock Point,6,Disabling Damage,2,Towed Due to Disabling Damage,12,Motor Vehicle In-Transport,0,,0,,0,No or Not Reported,1,Yes,41,Oregon,97203,97203,6,Valid,1,Full Driver License,0,No (CDL),0,No Endorsements required for this vehicle,3,Valid license for this class vehicle,3,"Restrictions, Compliance Unknown",59,59,115,115 lbs.,0,,0,,0,,1,1,0,,5,May,2016,2016,5,May,2016,2016,0,No,38,Failure to Yield Right-of-Way,0,,0,,0,,5,"Two-Way, Not Divided With a Continuous Left-Turn Lane",5,Five lanes,40,40 MPH,1,Straight,1,Level,2,"Blacktop, Bituminous, or Asphalt",1,Dry,0,No Controls,0,No Controls,11,Turning Left,15,Turning Left,99,Unknown/Not Reported,1,Tracking,1,Stayed in original travel lane,68,J68-Trafficway Vehicle Turning-Turn Across Path-Initial Opposite Directions (Left/Right),2,1,Yes,777777777777,No Trailing Units,777777777777,No Trailing Units,777777777777,No Trailing Units
41,Oregon,410159,2,2,1,01,28,28,6,June,22,10:00pm-10:59pm,46,46,12,Motor Vehicle In-Transport,6,Angle,1,Motor Vehicle In-Transport (Inside or Outside the Trafficway),0,No,41,Oregon,2,Driver (in this crash) Not Registered Owner (Other Private Owner Listed),34,BMW,34,34034,BMW 3-series,4,"4-door sedan, hardtop",2001,2001,WBAAV534X1JS,WBAAV534X1JS,W,B,A,A,V,5,3,4,X,1,J,S,0,No Trailing Units,0,Not an Articulated Vehicle,0,Not Applicable,000000000,Not Applicable,00000000000,Not Applicable,0,Not Applicable,0,Not Applicable,0,Not Applicable (N/A),1,No,0,Not Applicable,0,Not Applicable,0,Not Applicable,0,Not Applicable,0,Not a Bus,0,No Special Use,0,Not Applicable,998,Not Reported,0,No Underride or Override Noted,0,No Rollover,0,No Rollover,12,12 Clock Point,6,Disabling Damage,2,Towed Due to Disabling Damage,12,Motor Vehicle In-Transport,0,,0,,0,No or Not Reported,1,Yes,41,Oregon,97211,97211,0,Not licensed,0,Not Licensed,0,No (CDL),0,No Endorsements required for this vehicle,0,Not licensed,0,No Restrictions or Not Applicable,64,64,145,145 lbs.,0,,0,,0,,0,,0,,0,No Record,0,No Record,0,No Record,0,No Record,0,No,0,,0,,0,,0,,5,"Two-Way, Not Divided With a Continuous Left-Turn Lane",5,Five lanes,40,40 MPH,1,Straight,1,Level,2,"Blacktop, Bituminous, or Asphalt",1,Dry,0,No Controls,0,No Controls,1,Going Straight,62,From opposite direction  over left lane line,99,Unknown/Not Reported,1,Tracking,1,Stayed in original travel lane,69,J69-Trafficway Vehicle Turning-Turn Across Path-Initial Opposite Directions (Going Straight),0,0,No,777777777777,No Trailing Units,777777777777,No Trailing Units,777777777777,No Trailing Units
41,Oregon,410160,1,1,31,31,29,29,6,June,1,1:00am-1:59am,29,29,8,Pedestrian,0,Not a Collision with Motor Vehicle In-Transport,1,Motor Vehicle In-Transport (Inside or Outside the Trafficway),0,No,93,Multiple State Registration,3,Vehicle Registered as Business/Company/Government Vehicle,93,MCI,988,93988,MCI Other (bus),58,Other Bus Type,2010,2010,1M86DMHA3AP0,1M86DMHA3AP0,1,M,8,6,D,M,H,A,3,A,P,0,0,No Trailing Units,0,Not an Articulated Vehicle,88,,888888888,,88888888888,,3,"26,001 lbs. or more",21,"Bus (seats for more than 15 occupants, including driver)",22,Bus,1,No,0,Not Applicable,0,Not Applicable,0,Not Applicable,0,Not Applicable,5,Charter/Tour,3,Vehicle Used as Other Bus,0,Not Applicable,998,Not Reported,0,No Underride or Override Noted,0,No Rollover,0,No Rollover,14,Undercarriage,0,No Damage,5,Not Towed,8,Pedestrian,0,,0,,0,No or Not Reported,1,Yes,6,California,90746,90746,6,Valid,1,Full Driver License,6,Valid,0,No Endorsements required for this vehicle,3,Valid license for this class vehicle,1,Restrictions Complied With,65,65,155,155 lbs.,2,2,0,,0,,0,,0,,4,April,2017,2017,5,May,2017,2017,0,No,0,,0,,0,,0,,1,"Two-Way, Not Divided",4,Four lanes,25,25 MPH,1,Straight,1,Level,2,"Blacktop, Bituminous, or Asphalt",1,Dry,0,No Controls,0,No Controls,1,Going Straight,81,Pedestrian approaching road,1,No Avoidance Maneuver,1,Tracking,1,Stayed in original travel lane,13,C13-Single Driver-Forward Impact-Pedestrian/ Animal,0,0,No,777777777777,No Trailing Units,777777777777,No Trailing Units,777777777777,No Trailing Units
41,Oregon,410161,1,2,1,01,30,30,6,June,8,8:00am-8:59am,0,0,12,Motor Vehicle In-Transport,2,Front-to-Front,1,Motor Vehicle In-Transport (Inside or Outside the Trafficway),0,No,41,Oregon,1,Driver (in this crash) was  Registered Owner,20,Chevrolet,481,20481,"Chevrolet C, K, R, V-series pickup/Silverado",34,Light Pickup,2007,2007,1GCHK29D67E1,1GCHK29D67E1,1,G,C,H,K,2,9,D,6,7,E,1,1,One Trailing Unit,1,No,0,Not Applicable,000000000,Not Applicable,00000000000,Not Applicable,0,Not Applicable,0,Not Applicable,0,Not Applicable (N/A),1,No,0,Not Applicable,0,Not Applicable,0,Not Applicable,0,Not Applicable,0,Not a Bus,0,No Special Use,0,Not Applicable,998,Not Reported,0,No Underride or Override Noted,0,No Rollover,0,No Rollover,12,12 Clock Point,6,Disabling Damage,2,Towed Due to Disabling Damage,12,Motor Vehicle In-Transport,0,,0,,0,No or Not Reported,1,Yes,41,Oregon,97524,97524,6,Valid,1,Full Driver License,0,No (CDL),0,No Endorsements required for this vehicle,3,Valid license for this class vehicle,0,No Restrictions or Not Applicable,73,73,235,235 lbs.,1,1,0,,0,,1,1,0,,6,June,2012,2012,8,August,2015,2015,0,No,28,Improper Lane Usage,0,,0,,0,,1,"Two-Way, Not Divided",2,Two lanes,55,55 MPH,1,Straight,1,Level,2,"Blacktop, Bituminous, or Asphalt",1,Dry,0,No Controls,0,No Controls,1,Going Straight,10,Over the lane line on left side of travel lane,99,Unknown/Not Reported,1,Tracking,2,"Stayed on roadway, but left original travel lane",50,"G50-Same Trafficway, Opposite Direction-Head-On-Lateral Move (Left/Right)",0,0,No,1W9D612R74C1,1W9D612R74C1,777777777777,No Trailing Units,777777777777,No Trailing Units
41,Oregon,410161,2,2,2,02,30,30,6,June,8,8:00am-8:59am,0,0,12,Motor Vehicle In-Transport,2,Front-to-Front,1,Motor Vehicle In-Transport (Inside or Outside the Trafficway),0,No,16,Idaho,1,Driver (in this crash) was  Registered Owner,63,KIA,35,63035,KIA Amanti,4,"4-door sedan, hardtop",2006,2006,KNALD1245651,KNALD1245651,K,N,A,L,D,1,2,4,5,6,5,1,0,No Trailing Units,0,Not an Articulated Vehicle,0,Not Applicable,000000000,Not Applicable,00000000000,Not Applicable,0,Not Applicable,0,Not Applicable,0,Not Applicable (N/A),1,No,0,Not Applicable,0,Not Applicable,0,Not Applicable,0,Not Applicable,0,Not a Bus,0,No Special Use,0,Not Applicable,998,Not Reported,0,No Underride or Override Noted,0,No Rollover,0,No Rollover,12,12 Clock Point,6,Disabling Damage,2,Towed Due to Disabling Damage,12,Motor Vehicle In-Transport,0,,0,,0,No or Not Reported,1,Yes,51,Virginia,22920,22920,6,Valid,1,Full Driver License,0,No (CDL),0,No Endorsements required for this vehicle,3,Valid license for this class vehicle,0,No Restrictions or Not Applicable,72,72,250,250 lbs.,0,,0,,0,,2,2,0,,11,November,2014,2014,12,December,2015,2015,0,No,0,,0,,0,,0,,1,"Two-Way, Not Divided",2,Two lanes,55,55 MPH,1,Straight,1,Level,2,"Blacktop, Bituminous, or Asphalt",1,Dry,0,No Controls,0,No Controls,1,Going Straight,62,From opposite direction  over left lane line,99,Unknown/Not Reported,1,Tracking,1,Stayed in original travel lane,51,"G51-Same Trafficway, Opposite Direction-Head-On-Lateral Move (Going Straight)",1,0,No,777777777777,No Trailing Units,777777777777,No Trailing Units,777777777777,No Trailing Units
41,Oregon,410162,1,3,1,01,30,30,6,June,14,2:00pm-2:59pm,27,27,12,Motor Vehicle In-Transport,6,Angle,1,Motor Vehicle In-Transport (Inside or Outside the Trafficway),0,No,53,Washington,1,Driver (in this crash) was  Registered Owner,2,Jeep / Kaiser-Jeep / Willys- Jeep,404,2404,Jeep / Kaiser-Jeep / Willys- Jeep Cherokee (1984-on) (For Grand Cherokee for 2014 on use 02-422.),14,"Compact Utility (Utility Vehicle Categories ""Small"" and ""Midsize"")",2005,2005,1J8HR58225C6,1J8HR58225C6,1,J,8,H,R,5,8,2,2,5,C,6,0,No Trailing Units,0,Not an Articulated Vehicle,0,Not Applicable,000000000,Not Applicable,00000000000,Not Applicable,0,Not Applicable,0,Not Applicable,0,Not Applicable (N/A),1,No,0,Not Applicable,0,Not Applicable,0,Not Applicable,0,Not Applicable,0,Not a Bus,0,No Special Use,0,Not Applicable,998,Not Reported,0,No Underride or Override Noted,0,No Rollover,0,No Rollover,9,9 Clock Point,6,Disabling Damage,2,Towed Due to Disabling Damage,12,Motor Vehicle In-Transport,0,,0,,0,No or Not Reported,1,Yes,53,Washington,98607,98607,6,Valid,1,Full Driver License,0,No (CDL),0,No Endorsements required for this vehicle,3,Valid license for this class vehicle,0,No Restrictions or Not Applicable,71,71,200,200 lbs.,0,,0,,0,,0,,0,,0,No Record,0,No Record,0,No Record,0,No Record,0,No,38,Failure to Yield Right-of-Way,0,,0,,0,,1,"Two-Way, Not Divided",2,Two lanes,40,40 MPH,1,Straight,1,Level,2,"Blacktop, Bituminous, or Asphalt",1,Dry,0,No Controls,0,No Controls,11,Turning Left,15,Turning Left,99,Unknown/Not Reported,1,Tracking,1,Stayed in original travel lane,72,J72-Trafficway Vehicle Turning-Turn Across Path-Initial Same Directions (Turning Left),1,1,Yes,777777777777,No Trailing Units,777777777777,No Trailing Units,777777777777,No Trailing Units
41,Oregon,410162,2,3,1,01,30,30,6,June,14,2:00pm-2:59pm,27,27,12,Motor Vehicle In-Transport,6,Angle,1,Motor Vehicle In-Transport (Inside or Outside the Trafficway),0,No,41,Oregon,3,Vehicle Registered as Business/Company/Government Vehicle,86,Mack,881,86881,Mack Medium/Heavy - CBE,66,"Truck-tractor (Cab only, or with any number of trailing unit; any weight)",2015,2015,1M1AW02Y9FM0,1M1AW02Y9FM0,1,M,1,A,W,0,2,Y,9,F,M,0,1,One Trailing Unit,1,No,57,US DOT,0059492,0059492,570059492,570059492,3,"26,001 lbs. or more",6,Truck Tractor/Semi-Trailer,1,Van/Enclosed Box,1,No,0,Not Applicable,0,Not Applicable,0,Not Applicable,0,Not Applicable,0,Not a Bus,0,No Special Use,0,Not Applicable,998,Not Reported,0,No Underride or Override Noted,0,No Rollover,0,No Rollover,12,12 Clock Point,8,Not Reported,2,Towed Due to Disabling Damage,12,Motor Vehicle In-Transport,0,,0,,0,No or Not Reported,1,Yes,41,Oregon,97739,97739,6,Valid,1,Full Driver License,6,Valid,0,No Endorsements required for this vehicle,3,Valid license for this class vehicle,1,Restrictions Complied With,68,68,215,215 lbs.,0,,0,,0,,0,,2,2,8,August,2013,2013,10,October,2016,2016,0,No,0,,0,,0,,0,,1,"Two-Way, Not Divided",2,Two lanes,40,40 MPH,1,Straight,1,Level,2,"Blacktop, Bituminous, or Asphalt",1,Dry,0,No Controls,0,No Controls,1,Going Straight,67,"From crossing street, turning into opposite direction",99,Unknown/Not Reported,1,Tracking,1,Stayed in original travel lane,73,J73-Trafficway Vehicle Turning-Turn Across Path-Initial Same Directions (Going Straight),0,0,No,5DN1253437B0,5DN1253437B0,777777777777,No Trailing Units,777777777777,No Trailing Units
41,Oregon,410162,3,3,1,01,30,30,6,June,14,2:00pm-2:59pm,27,27,12,Motor Vehicle In-Transport,6,Angle,1,Motor Vehicle In-Transport (Inside or Outside the Trafficway),0,No,41,Oregon,1,Driver (in this crash) was  Registered Owner,32,Audi,401,32401,Audi Q7,14,"Compact Utility (Utility Vehicle Categories ""Small"" and ""Midsize"")",2013,2013,WA1LMAFE7DD0,WA1LMAFE7DD0,W,A,1,L,M,A,F,E,7,D,D,0,0,No Trailing Units,0,Not an Articulated Vehicle,0,Not Applicable,000000000,Not Applicable,00000000000,Not Applicable,0,Not Applicable,0,Not Applicable,0,Not Applicable (N/A),1,No,0,Not Applicable,0,Not Applicable,0,Not Applicable,0,Not Applicable,0,Not a Bus,0,No Special Use,0,Not Applicable,998,Not Reported,0,No Underride or Override Noted,0,No Rollover,0,No Rollover,12,12 Clock Point,8,Not Reported,8,Not Reported,12,Motor Vehicle In-Transport,0,,0,,0,No or Not Reported,1,Yes,41,Oregon,97218,97218,6,Valid,1,Full Driver License,0,No (CDL),0,No Endorsements required for this vehicle,3,Valid license for this class vehicle,0,No Restrictions or Not Applicable,64,64,115,115 lbs.,0,,0,,0,,0,,0,,0,No Record,0,No Record,0,No Record,0,No Record,0,No,0,,0,,0,,0,,1,"Two-Way, Not Divided",2,Two lanes,40,40 MPH,1,Straight,1,Level,2,"Blacktop, Bituminous, or Asphalt",1,Dry,0,No Controls,0,No Controls,1,Going Straight,62,From opposite direction  over left lane line,99,Unknown/Not Reported,1,Tracking,1,Stayed in original travel lane,98,M98-Other Crash Type,0,0,No,777777777777,No Trailing Units,777777777777,No Trailing Units,777777777777,No Trailing Units
41,Oregon,410163,1,2,1,01,30,30,6,June,15,3:00pm-3:59pm,3,3,12,Motor Vehicle In-Transport,2,Front-to-Front,1,Motor Vehicle In-Transport (Inside or Outside the Trafficway),0,No,41,Oregon,1,Driver (in this crash) was  Registered Owner,12,Ford,15,12015,Ford Tempo,4,"4-door sedan, hardtop",1992,1992,1FAPP36U3NK1,1FAPP36U3NK1,1,F,A,P,P,3,6,U,3,N,K,1,0,No Trailing Units,0,Not an Articulated Vehicle,0,Not Applicable,000000000,Not Applicable,00000000000,Not Applicable,0,Not Applicable,0,Not Applicable,0,Not Applicable (N/A),1,No,0,Not Applicable,0,Not Applicable,0,Not Applicable,0,Not Applicable,0,Not a Bus,0,No Special Use,0,Not Applicable,998,Not Reported,0,No Underride or Override Noted,0,No Rollover,0,No Rollover,12,12 Clock Point,6,Disabling Damage,2,Towed Due to Disabling Damage,12,Motor Vehicle In-Transport,0,,0,,0,No or Not Reported,1,Yes,41,Oregon,97601,97601,6,Valid,1,Full Driver License,0,No (CDL),0,No Endorsements required for this vehicle,3,Valid license for this class vehicle,1,Restrictions Complied With,68,68,180,180 lbs.,0,,0,,0,,0,,0,,0,No Record,0,No Record,0,No Record,0,No Record,9,Unknown,28,Improper Lane Usage,0,,0,,0,,1,"Two-Way, Not Divided",2,Two lanes,65,65 MPH,2,Curve Right,1,Level,2,"Blacktop, Bituminous, or Asphalt",1,Dry,0,No Controls,0,No Controls,14,Negotiating a Curve,10,Over the lane line on left side of travel lane,99,Unknown/Not Reported,1,Tracking,2,"Stayed on roadway, but left original travel lane",50,"G50-Same Trafficway, Opposite Direction-Head-On-Lateral Move (Left/Right)",1,1,Yes,777777777777,No Trailing Units,777777777777,No Trailing Units,777777777777,No Trailing Units
41,Oregon,410163,2,2,2,02,30,30,6,June,15,3:00pm-3:59pm,3,3,12,Motor Vehicle In-Transport,2,Front-to-Front,1,Motor Vehicle In-Transport (Inside or Outside the Trafficway),0,No,30,Montana,1,Driver (in this crash) was  Registered Owner,7,Dodge,482,7482,Dodge Ram Pickup,34,Light Pickup,2015,2015,1C6RR7SMXFS5,1C6RR7SMXFS5,1,C,6,R,R,7,S,M,X,F,S,5,0,No Trailing Units,0,Not an Articulated Vehicle,0,Not Applicable,000000000,Not Applicable,00000000000,Not Applicable,0,Not Applicable,0,Not Applicable,0,Not Applicable (N/A),1,No,0,Not Applicable,0,Not Applicable,0,Not Applicable,0,Not Applicable,0,Not a Bus,0,No Special Use,0,Not Applicable,998,Not Reported,0,No Underride or Override Noted,0,No Rollover,0,No Rollover,12,12 Clock Point,6,Disabling Damage,2,Towed Due to Disabling Damage,12,Motor Vehicle In-Transport,0,,0,,0,No or Not Reported,1,Yes,30,Montana,59711,59711,6,Valid,1,Full Driver License,0,No (CDL),0,No Endorsements required for this vehicle,3,Valid license for this class vehicle,0,No Restrictions or Not Applicable,999,Unknown,999,Unknown,98,Crashes Not Reported on Driving Record,0,,0,,0,,0,,0,No Record,0,No Record,0,No Record,0,No Record,0,No,0,,0,,0,,0,,1,"Two-Way, Not Divided",2,Two lanes,65,65 MPH,2,Curve Right,1,Level,2,"Blacktop, Bituminous, or Asphalt",1,Dry,0,No Controls,0,No Controls,14,Negotiating a Curve,62,From opposite direction  over left lane line,99,Unknown/Not Reported,1,Tracking,1,Stayed in original travel lane,51,"G51-Same Trafficway, Opposite Direction-Head-On-Lateral Move (Going Straight)",0,0,No,777777777777,No Trailing Units,777777777777,No Trailing Units,777777777777,No Trailing Units
41,Oregon,410164,1,2,2,02,30,30,6,June,16,4:00pm-4:59pm,54,54,12,Motor Vehicle In-Transport,6,Angle,1,Motor Vehicle In-Transport (Inside or Outside the Trafficway),0,No,41,Oregon,1,Driver (in this crash) was  Registered Owner,12,Ford,402,12402,Ford Escape,14,"Compact Utility (Utility Vehicle Categories ""Small"" and ""Midsize"")",2012,2012,1FMCU9DG6CKB,1FMCU9DG6CKB,1,F,M,C,U,9,D,G,6,C,K,B,0,No Trailing Units,0,Not an Articulated Vehicle,0,Not Applicable,000000000,Not Applicable,00000000000,Not Applicable,0,Not Applicable,0,Not Applicable,0,Not Applicable (N/A),1,No,0,Not Applicable,0,Not Applicable,0,Not Applicable,0,Not Applicable,0,Not a Bus,0,No Special Use,0,Not Applicable,998,Not Reported,0,No Underride or Override Noted,1,"Rollover, Tripped by Object/Vehicle",1,On Roadway,1,1 Clock Point,6,Disabling Damage,2,Towed Due to Disabling Damage,12,Motor Vehicle In-Transport,0,,0,,0,No or Not Reported,1,Yes,41,Oregon,97734,97734,6,Valid,1,Full Driver License,0,No (CDL),0,No Endorsements required for this vehicle,3,Valid license for this class vehicle,0,No Restrictions or Not Applicable,74,74,190,190 lbs.,0,,0,,0,,0,,0,,0,No Record,0,No Record,0,No Record,0,No Record,0,No,38,Failure to Yield Right-of-Way,0,,0,,0,,1,"Two-Way, Not Divided",3,Three lanes,55,55 MPH,1,Straight,1,Level,2,"Blacktop, Bituminous, or Asphalt",1,Dry,0,No Controls,0,No Controls,11,Turning Left,15,Turning Left,99,Unknown/Not Reported,1,Tracking,1,Stayed in original travel lane,68,J68-Trafficway Vehicle Turning-Turn Across Path-Initial Opposite Directions (Left/Right),1,1,Yes,777777777777,No Trailing Units,777777777777,No Trailing Units,777777777777,No Trailing Units
41,Oregon,410164,2,2,1,01,30,30,6,June,16,4:00pm-4:59pm,54,54,12,Motor Vehicle In-Transport,6,Angle,1,Motor Vehicle In-Transport (Inside or Outside the Trafficway),0,No,41,Oregon,3,Vehicle Registered as Business/Company/Government Vehicle,12,Ford,881,12881,Ford Medium/Heavy - CBE,63,"Single-unit straight truck or Cab-Chassis (GVWR > 26,000 lbs.)",2015,2015,3FRXX7FG8FV0,3FRXX7FG8FV0,3,F,R,X,X,7,F,G,8,F,V,0,0,No Trailing Units,0,Not an Articulated Vehicle,57,US DOT,0706278,0706278,570706278,570706278,3,"26,001 lbs. or more",2,Single-Unit Truck (3 or more axles),1,Van/Enclosed Box,1,No,0,Not Applicable,0,Not Applicable,0,Not Applicable,0,Not Applicable,0,Not a Bus,0,No Special Use,0,Not Applicable,998,Not Reported,0,No Underride or Override Noted,0,No Rollover,0,No Rollover,12,12 Clock Point,8,Not Reported,2,Towed Due to Disabling Damage,12,Motor Vehicle In-Transport,0,,0,,0,No or Not Reported,1,Yes,41,Oregon,97756,97756,6,Valid,1,Full Driver License,6,Valid,0,No Endorsements required for this vehicle,3,Valid license for this class vehicle,0,No Restrictions or Not Applicable,71,71,220,220 lbs.,0,,0,,0,,0,,0,,0,No Record,0,No Record,0,No Record,0,No Record,0,No,0,,0,,0,,0,,1,"Two-Way, Not Divided",3,Three lanes,55,55 MPH,1,Straight,1,Level,2,"Blacktop, Bituminous, or Asphalt",1,Dry,0,No Controls,0,No Controls,1,Going Straight,62,From opposite direction  over left lane line,99,Unknown/Not Reported,1,Tracking,1,Stayed in original travel lane,69,J69-Trafficway Vehicle Turning-Turn Across Path-Initial Opposite Directions (Going Straight),0,0,No,777777777777,No Trailing Units,777777777777,No Trailing Units,777777777777,No Trailing Units
41,Oregon,410165,1,1,2,02,3,3,7,July,16,4:00pm-4:59pm,0,0,39,Wall,0,Not a Collision with Motor Vehicle In-Transport,1,Motor Vehicle In-Transport (Inside or Outside the Trafficway),0,No,41,Oregon,2,Driver (in this crash) Not Registered Owner (Other Private Owner Listed),37,Honda,32,37032,Honda Accord,2,"2-door sedan,hardtop,coupe",1990,1990,1HGCB7259LA0,1HGCB7259LA0,1,H,G,C,B,7,2,5,9,L,A,0,0,No Trailing Units,0,Not an Articulated Vehicle,0,Not Applicable,000000000,Not Applicable,00000000000,Not Applicable,0,Not Applicable,0,Not Applicable,0,Not Applicable (N/A),1,No,0,Not Applicable,0,Not Applicable,0,Not Applicable,0,Not Applicable,0,Not a Bus,0,No Special Use,0,Not Applicable,998,Not Reported,0,No Underride or Override Noted,0,No Rollover,0,No Rollover,12,12 Clock Point,6,Disabling Damage,2,Towed Due to Disabling Damage,39,Wall,0,,0,,0,No or Not Reported,1,Yes,41,Oregon,97470,97470,6,Valid,1,Full Driver License,0,No (CDL),0,No Endorsements required for this vehicle,3,Valid license for this class vehicle,1,Restrictions Complied With,70,70,135,135 lbs.,0,,0,,0,,0,,0,,0,No Record,0,No Record,0,No Record,0,No Record,5,"Yes, Specifics Unknown",99,Unknown,99,Unknown,99,Unknown,99,Unknown,5,"Two-Way, Not Divided With a Continuous Left-Turn Lane",5,Five lanes,98,Not Reported,1,Straight,1,Level,2,"Blacktop, Bituminous, or Asphalt",1,Dry,0,No Controls,0,No Controls,1,Going Straight,13,Off the edge of the road on the right side,99,Unknown/Not Reported,1,Tracking,4,Departed roadway,1,A1-Single Driver-Right Roadside Departure-Drive Off Road,1,0,No,777777777777,No Trailing Units,777777777777,No Trailing Units,777777777777,No Trailing Units
41,Oregon,410166,1,1,2,02,3,3,7,July,18,6:00pm-6:59pm,15,15,14,Parked Motor Vehicle,0,Not a Collision with Motor Vehicle In-Transport,1,Motor Vehicle In-Transport (Inside or Outside the Trafficway),0,No,41,Oregon,1,Driver (in this crash) was  Registered Owner,98,Other Make,498,98498,Other Make Other (light truck),48,Unknown light truck type,2011,2011,OR81572,OR81572,O,R,8,1,5,7,2,,,,,,0,No Trailing Units,0,Not an Articulated Vehicle,0,Not Applicable,000000000,Not Applicable,00000000000,Not Applicable,0,Not Applicable,0,Not Applicable,0,Not Applicable (N/A),1,No,0,Not Applicable,0,Not Applicable,0,Not Applicable,0,Not Applicable,0,Not a Bus,0,No Special Use,0,Not Applicable,998,Not Reported,0,No Underride or Override Noted,0,No Rollover,0,No Rollover,12,12 Clock Point,6,Disabling Damage,2,Towed Due to Disabling Damage,14,Parked Motor Vehicle,0,,0,,0,No or Not Reported,1,Yes,41,Oregon,97216,97216,6,Valid,1,Full Driver License,0,No (CDL),0,No Endorsements required for this vehicle,3,Valid license for this class vehicle,0,No Restrictions or Not Applicable,67,67,200,200 lbs.,0,,0,,0,,1,1,0,,6,June,2014,2014,6,June,2014,2014,2,"Yes, Racing",0,,0,,0,,0,,1,"Two-Way, Not Divided",2,Two lanes,30,30 MPH,1,Straight,1,Level,2,"Blacktop, Bituminous, or Asphalt",1,Dry,0,No Controls,0,No Controls,1,Going Straight,13,Off the edge of the road on the right side,99,Unknown/Not Reported,1,Tracking,4,Departed roadway,1,A1-Single Driver-Right Roadside Departure-Drive Off Road,1,1,Yes,777777777777,No Trailing Units,777777777777,No Trailing Units,777777777777,No Trailing Units
41,Oregon,410167,1,1,2,02,3,3,7,July,19,7:00pm-7:59pm,55,55,42,Tree (Standing Only),0,Not a Collision with Motor Vehicle In-Transport,1,Motor Vehicle In-Transport (Inside or Outside the Trafficway),0,No,41,Oregon,1,Driver (in this crash) was  Registered Owner,12,Ford,471,12471,Ford Ranger,34,Light Pickup,1995,1995,1FTCR10A3SPA,1FTCR10A3SPA,1,F,T,C,R,1,0,A,3,S,P,A,0,No Trailing Units,0,Not an Articulated Vehicle,0,Not Applicable,000000000,Not Applicable,00000000000,Not Applicable,0,Not Applicable,0,Not Applicable,0,Not Applicable (N/A),1,No,0,Not Applicable,0,Not Applicable,0,Not Applicable,0,Not Applicable,0,Not a Bus,0,No Special Use,0,Not Applicable,998,Not Reported,0,No Underride or Override Noted,0,No Rollover,0,No Rollover,12,12 Clock Point,8,Not Reported,2,Towed Due to Disabling Damage,42,Tree (Standing Only),0,,0,,0,No or Not Reported,1,Yes,41,Oregon,97220,97220,0,Not licensed,0,Not Licensed,0,No (CDL),0,No Endorsements required for this vehicle,0,Not licensed,0,No Restrictions or Not Applicable,70,70,165,165 lbs.,0,,2,2,0,,0,,0,,7,July,2014,2014,11,November,2014,2014,0,No,99,Unknown,99,Unknown,99,Unknown,99,Unknown,2,"Two-Way, Divided, Unprotected Median",2,Two lanes,45,45 MPH,3,Curve Left,1,Level,2,"Blacktop, Bituminous, or Asphalt",1,Dry,0,No Controls,0,No Controls,14,Negotiating a Curve,12,Off the edge of the road on the left side,99,Unknown/Not Reported,1,Tracking,4,Departed roadway,6,B6-Single Driver-Left Roadside Departure-Drive Off Road,1,0,No,777777777777,No Trailing Units,777777777777,No Trailing Units,777777777777,No Trailing Units
41,Oregon,410168,1,1,1,01,3,3,7,July,22,10:00pm-10:59pm,23,23,8,Pedestrian,0,Not a Collision with Motor Vehicle In-Transport,1,Motor Vehicle In-Transport (Inside or Outside the Trafficway),0,No,41,Oregon,2,Driver (in this crash) Not Registered Owner (Other Private Owner Listed),7,Dodge,482,7482,Dodge Ram Pickup,34,Light Pickup,2004,2004,3D7KU28C34G1,3D7KU28C34G1,3,D,7,K,U,2,8,C,3,4,G,1,0,No Trailing Units,0,Not an Articulated Vehicle,0,Not Applicable,000000000,Not Applicable,00000000000,Not Applicable,0,Not Applicable,0,Not Applicable,0,Not Applicable (N/A),1,No,0,Not Applicable,0,Not Applicable,0,Not Applicable,0,Not Applicable,0,Not a Bus,0,No Special Use,0,Not Applicable,998,Not Reported,0,No Underride or Override Noted,0,No Rollover,0,No Rollover,12,12 Clock Point,9,Unknown,9,Unknown,8,Pedestrian,0,,0,,0,No or Not Reported,1,Yes,41,Oregon,97236,97236,6,Valid,1,Full Driver License,0,No (CDL),0,No Endorsements required for this vehicle,3,Valid license for this class vehicle,0,No Restrictions or Not Applicable,67,67,185,185 lbs.,0,,0,,0,,0,,0,,0,No Record,0,No Record,0,No Record,0,No Record,0,No,0,,0,,0,,0,,5,"Two-Way, Not Divided With a Continuous Left-Turn Lane",5,Five lanes,35,35 MPH,1,Straight,1,Level,2,"Blacktop, Bituminous, or Asphalt",1,Dry,0,No Controls,0,No Controls,1,Going Straight,80,Pedestrian in road,99,Unknown/Not Reported,1,Tracking,1,Stayed in original travel lane,13,C13-Single Driver-Forward Impact-Pedestrian/ Animal,0,1,Yes,777777777777,No Trailing Units,777777777777,No Trailing Units,777777777777,No Trailing Units
41,Oregon,410169,1,2,1,01,7,7,6,June,18,6:00pm-6:59pm,48,48,12,Motor Vehicle In-Transport,2,Front-to-Front,1,Motor Vehicle In-Transport (Inside or Outside the Trafficway),0,No,41,Oregon,1,Driver (in this crash) was  Registered Owner,53,Suzuki,705,53705,Suzuki 450-749cc,80,Two Wheel Motorcycle (excluding motor scooters),2013,2013,JS1GN7FA7D21,JS1GN7FA7D21,J,S,1,G,N,7,F,A,7,D,2,1,0,No Trailing Units,0,Not an Articulated Vehicle,0,Not Applicable,000000000,Not Applicable,00000000000,Not Applicable,0,Not Applicable,0,Not Applicable,0,Not Applicable (N/A),1,No,0,Not Applicable,0,Not Applicable,0,Not Applicable,0,Not Applicable,0,Not a Bus,0,No Special Use,0,Not Applicable,998,Not Reported,0,No Underride or Override Noted,0,No Rollover,0,No Rollover,12,12 Clock Point,6,Disabling Damage,2,Towed Due to Disabling Damage,12,Motor Vehicle In-Transport,0,,0,,0,No or Not Reported,1,Yes,41,Oregon,97051,97051,6,Valid,1,Full Driver License,0,No (CDL),0,No Endorsements required for this vehicle,3,Valid license for this class vehicle,0,No Restrictions or Not Applicable,74,74,140,140 lbs.,0,,0,,0,,3,3,0,,7,July,2013,2013,8,August,2015,2015,5,"Yes, Specifics Unknown",28,Improper Lane Usage,0,,0,,0,,1,"Two-Way, Not Divided",2,Two lanes,98,Not Reported,1,Straight,1,Level,2,"Blacktop, Bituminous, or Asphalt",1,Dry,0,No Controls,0,No Controls,1,Going Straight,10,Over the lane line on left side of travel lane,99,Unknown/Not Reported,1,Tracking,2,"Stayed on roadway, but left original travel lane",50,"G50-Same Trafficway, Opposite Direction-Head-On-Lateral Move (Left/Right)",1,0,No,777777777777,No Trailing Units,777777777777,No Trailing Units,777777777777,No Trailing Units
41,Oregon,410169,2,2,1,01,7,7,6,June,18,6:00pm-6:59pm,48,48,12,Motor Vehicle In-Transport,2,Front-to-Front,1,Motor Vehicle In-Transport (Inside or Outside the Trafficway),0,No,41,Oregon,1,Driver (in this crash) was  Registered Owner,37,Honda,31,37031,"Honda Civic/CRX, del Sol",4,"4-door sedan, hardtop",1995,1995,1HGEG8651SL0,1HGEG8651SL0,1,H,G,E,G,8,6,5,1,S,L,0,0,No Trailing Units,0,Not an Articulated Vehicle,0,Not Applicable,000000000,Not Applicable,00000000000,Not Applicable,0,Not Applicable,0,Not Applicable,0,Not Applicable (N/A),1,No,0,Not Applicable,0,Not Applicable,0,Not Applicable,0,Not Applicable,0,Not a Bus,0,No Special Use,0,Not Applicable,998,Not Reported,0,No Underride or Override Noted,0,No Rollover,0,No Rollover,12,12 Clock Point,6,Disabling Damage,2,Towed Due to Disabling Damage,12,Motor Vehicle In-Transport,0,,0,,0,No or Not Reported,1,Yes,41,Oregon,97051,97051,6,Valid,1,Full Driver License,0,No (CDL),0,No Endorsements required for this vehicle,3,Valid license for this class vehicle,0,No Restrictions or Not Applicable,62,62,140,140 lbs.,0,,0,,0,,3,3,0,,7,July,2013,2013,8,August,2015,2015,0,No,0,,0,,0,,0,,1,"Two-Way, Not Divided",2,Two lanes,98,Not Reported,1,Straight,1,Level,2,"Blacktop, Bituminous, or Asphalt",1,Dry,0,No Controls,0,No Controls,1,Going Straight,62,From opposite direction  over left lane line,99,Unknown/Not Reported,1,Tracking,1,Stayed in original travel lane,51,"G51-Same Trafficway, Opposite Direction-Head-On-Lateral Move (Going Straight)",0,0,No,777777777777,No Trailing Units,777777777777,No Trailing Units,777777777777,No Trailing Units
41,Oregon,410170,1,2,1,01,21,21,6,June,13,1:00pm-1:59pm,38,38,12,Motor Vehicle In-Transport,6,Angle,1,Motor Vehicle In-Transport (Inside or Outside the Trafficway),0,No,41,Oregon,1,Driver (in this crash) was  Registered Owner,37,Honda,421,37421,Honda Pilot,15,"Large utility (ANSI D16.1 Utility Vehicle Categories and ""Full Size"" and ""Large"")",2008,2008,5FNYF18518B0,5FNYF18518B0,5,F,N,Y,F,1,8,5,1,8,B,0,0,No Trailing Units,0,Not an Articulated Vehicle,0,Not Applicable,000000000,Not Applicable,00000000000,Not Applicable,0,Not Applicable,0,Not Applicable,0,Not Applicable (N/A),1,No,0,Not Applicable,0,Not Applicable,0,Not Applicable,0,Not Applicable,0,Not a Bus,0,No Special Use,0,Not Applicable,998,Not Reported,0,No Underride or Override Noted,0,No Rollover,0,No Rollover,3,3 Clock Point,6,Disabling Damage,2,Towed Due to Disabling Damage,12,Motor Vehicle In-Transport,0,,0,,0,No or Not Reported,1,Yes,41,Oregon,97741,97741,6,Valid,1,Full Driver License,0,No (CDL),0,No Endorsements required for this vehicle,3,Valid license for this class vehicle,0,No Restrictions or Not Applicable,61,61,232,232 lbs.,0,,0,,0,,0,,0,,0,No Record,0,No Record,0,No Record,0,No Record,0,No,28,Improper Lane Usage,0,,0,,0,,1,"Two-Way, Not Divided",3,Three lanes,55,55 MPH,3,Curve Left,1,Level,2,"Blacktop, Bituminous, or Asphalt",1,Dry,0,No Controls,0,No Controls,14,Negotiating a Curve,10,Over the lane line on left side of travel lane,99,Unknown/Not Reported,1,Tracking,2,"Stayed on roadway, but left original travel lane",64,"I64-Same Trafficway, Opposite Direction-Angle, Sideswipe-Lateral Move (Left/Right)",0,0,No,777777777777,No Trailing Units,777777777777,No Trailing Units,777777777777,No Trailing Units
41,Oregon,410170,2,2,4,04,21,21,6,June,13,1:00pm-1:59pm,38,38,12,Motor Vehicle In-Transport,6,Angle,1,Motor Vehicle In-Transport (Inside or Outside the Trafficway),0,No,41,Oregon,1,Driver (in this crash) was  Registered Owner,49,Toyota,40,49040,Toyota Camry,4,"4-door sedan, hardtop",2015,2015,4T1BD1FK4FU1,4T1BD1FK4FU1,4,T,1,B,D,1,F,K,4,F,U,1,0,No Trailing Units,0,Not an Articulated Vehicle,0,Not Applicable,000000000,Not Applicable,00000000000,Not Applicable,0,Not Applicable,0,Not Applicable,0,Not Applicable (N/A),1,No,0,Not Applicable,0,Not Applicable,0,Not Applicable,0,Not Applicable,0,Not a Bus,0,No Special Use,0,Not Applicable,998,Not Reported,0,No Underride or Override Noted,0,No Rollover,0,No Rollover,12,12 Clock Point,6,Disabling Damage,2,Towed Due to Disabling Damage,12,Motor Vehicle In-Transport,0,,0,,0,No or Not Reported,1,Yes,41,Oregon,97119,97119,6,Valid,1,Full Driver License,0,No (CDL),0,No Endorsements required for this vehicle,3,Valid license for this class vehicle,0,No Restrictions or Not Applicable,70,70,185,185 lbs.,0,,0,,0,,0,,0,,0,No Record,0,No Record,0,No Record,0,No Record,0,No,0,,0,,0,,0,,1,"Two-Way, Not Divided",3,Three lanes,55,55 MPH,3,Curve Left,1,Level,2,"Blacktop, Bituminous, or Asphalt",1,Dry,0,No Controls,0,No Controls,14,Negotiating a Curve,62,From opposite direction  over left lane line,99,Unknown/Not Reported,1,Tracking,1,Stayed in original travel lane,65,"I65-Same Trafficway, Opposite Direction-Angle, Sideswipe-Lateral Move (Going Straight)",1,0,No,777777777777,No Trailing Units,777777777777,No Trailing Units,777777777777,No Trailing Units
41,Oregon,410171,1,2,1,01,1,1,7,July,7,7:00am-7:59am,38,38,12,Motor Vehicle In-Transport,2,Front-to-Front,1,Motor Vehicle In-Transport (Inside or Outside the Trafficway),0,No,41,Oregon,2,Driver (in this crash) Not Registered Owner (Other Private Owner Listed),59,Lexus,31,59031,Lexus ES-250/300/300h/330/ 350,4,"4-door sedan, hardtop",1999,1999,JT8BF28G8X50,JT8BF28G8X50,J,T,8,B,F,2,8,G,8,X,5,0,0,No Trailing Units,0,Not an Articulated Vehicle,0,Not Applicable,000000000,Not Applicable,00000000000,Not Applicable,0,Not Applicable,0,Not Applicable,0,Not Applicable (N/A),1,No,0,Not Applicable,0,Not Applicable,0,Not Applicable,0,Not Applicable,0,Not a Bus,0,No Special Use,0,Not Applicable,998,Not Reported,0,No Underride or Override Noted,0,No Rollover,0,No Rollover,12,12 Clock Point,6,Disabling Damage,2,Towed Due to Disabling Damage,12,Motor Vehicle In-Transport,0,,0,,0,No or Not Reported,1,Yes,41,Oregon,97463,97463,1,Suspended,1,Full Driver License,0,No (CDL),0,No Endorsements required for this vehicle,2,No valid license for this class vehicle,0,No Restrictions or Not Applicable,68,68,160,160 lbs.,0,,10,10,0,,0,,2,2,7,July,2013,2013,11,November,2016,2016,0,No,28,Improper Lane Usage,0,,0,,0,,1,"Two-Way, Not Divided",2,Two lanes,55,55 MPH,2,Curve Right,1,Level,2,"Blacktop, Bituminous, or Asphalt",1,Dry,0,No Controls,0,No Controls,14,Negotiating a Curve,10,Over the lane line on left side of travel lane,99,Unknown/Not Reported,1,Tracking,2,"Stayed on roadway, but left original travel lane",50,"G50-Same Trafficway, Opposite Direction-Head-On-Lateral Move (Left/Right)",0,0,No,777777777777,No Trailing Units,777777777777,No Trailing Units,777777777777,No Trailing Units
41,Oregon,410171,2,2,1,01,1,1,7,July,7,7:00am-7:59am,38,38,12,Motor Vehicle In-Transport,2,Front-to-Front,1,Motor Vehicle In-Transport (Inside or Outside the Trafficway),0,No,41,Oregon,1,Driver (in this crash) was  Registered Owner,37,Honda,402,37402,Honda CR-V,14,"Compact Utility (Utility Vehicle Categories ""Small"" and ""Midsize"")",2001,2001,JHLRD17421S0,JHLRD17421S0,J,H,L,R,D,1,7,4,2,1,S,0,0,No Trailing Units,0,Not an Articulated Vehicle,0,Not Applicable,000000000,Not Applicable,00000000000,Not Applicable,0,Not Applicable,0,Not Applicable,0,Not Applicable (N/A),1,No,0,Not Applicable,0,Not Applicable,0,Not Applicable,0,Not Applicable,0,Not a Bus,0,No Special Use,0,Not Applicable,998,Not Reported,0,No Underride or Override Noted,0,No Rollover,0,No Rollover,12,12 Clock Point,6,Disabling Damage,2,Towed Due to Disabling Damage,12,Motor Vehicle In-Transport,0,,0,,0,No or Not Reported,1,Yes,41,Oregon,97463,97463,6,Valid,1,Full Driver License,0,No (CDL),0,No Endorsements required for this vehicle,3,Valid license for this class vehicle,1,Restrictions Complied With,70,70,167,167 lbs.,0,,0,,0,,0,,0,,0,No Record,0,No Record,0,No Record,0,No Record,0,No,0,,0,,0,,0,,1,"Two-Way, Not Divided",2,Two lanes,55,55 MPH,3,Curve Left,1,Level,2,"Blacktop, Bituminous, or Asphalt",1,Dry,0,No Controls,0,No Controls,14,Negotiating a Curve,62,From opposite direction  over left lane line,99,Unknown/Not Reported,1,Tracking,1,Stayed in original travel lane,51,"G51-Same Trafficway, Opposite Direction-Head-On-Lateral Move (Going Straight)",1,0,No,777777777777,No Trailing Units,777777777777,No Trailing Units,777777777777,No Trailing Units
41,Oregon,410172,1,1,1,01,30,30,5,May,1,1:00am-1:59am,0,0,42,Tree (Standing Only),0,Not a Collision with Motor Vehicle In-Transport,1,Motor Vehicle In-Transport (Inside or Outside the Trafficway),0,No,41,Oregon,1,Driver (in this crash) was  Registered Owner,41,Mazda,50,41050,Mazda Mazda6,4,"4-door sedan, hardtop",2005,2005,1YVHP80C455M,1YVHP80C455M,1,Y,V,H,P,8,0,C,4,5,5,M,0,No Trailing Units,0,Not an Articulated Vehicle,0,Not Applicable,000000000,Not Applicable,00000000000,Not Applicable,0,Not Applicable,0,Not Applicable,0,Not Applicable (N/A),1,No,0,Not Applicable,0,Not Applicable,0,Not Applicable,0,Not Applicable,0,Not a Bus,0,No Special Use,0,Not Applicable,998,Not Reported,0,No Underride or Override Noted,1,"Rollover, Tripped by Object/Vehicle",5,On Roadside,12,12 Clock Point,6,Disabling Damage,2,Towed Due to Disabling Damage,1,Rollover/Overturn,0,,0,,0,No or Not Reported,1,Yes,41,Oregon,97526,97526,6,Valid,1,Full Driver License,0,No (CDL),0,No Endorsements required for this vehicle,3,Valid license for this class vehicle,1,Restrictions Complied With,67,67,223,223 lbs.,0,,0,,0,,0,,0,,0,No Record,0,No Record,0,No Record,0,No Record,5,"Yes, Specifics Unknown",99,Unknown,99,Unknown,99,Unknown,99,Unknown,1,"Two-Way, Not Divided",2,Two lanes,55,55 MPH,4,Curve - Unknown Direction,2,"Grade, Unknown Slope",2,"Blacktop, Bituminous, or Asphalt",1,Dry,0,No Controls,0,No Controls,14,Negotiating a Curve,19,Unknown travel direction,99,Unknown/Not Reported,1,Tracking,4,Departed roadway,99,M99-Unknown,1,1,Yes,777777777777,No Trailing Units,777777777777,No Trailing Units,777777777777,No Trailing Units
41,Oregon,410174,1,1,1,01,2,2,7,July,1,1:00am-1:59am,18,18,17,Boulder,0,Not a Collision with Motor Vehicle In-Transport,1,Motor Vehicle In-Transport (Inside or Outside the Trafficway),0,No,41,Oregon,2,Driver (in this crash) Not Registered Owner (Other Private Owner Listed),12,Ford,3,12003,Ford Mustang/Mustang II,2,"2-door sedan,hardtop,coupe",2000,2000,1FAFP4046YF2,1FAFP4046YF2,1,F,A,F,P,4,0,4,6,Y,F,2,0,No Trailing Units,0,Not an Articulated Vehicle,0,Not Applicable,000000000,Not Applicable,00000000000,Not Applicable,0,Not Applicable,0,Not Applicable,0,Not Applicable (N/A),1,No,0,Not Applicable,0,Not Applicable,0,Not Applicable,0,Not Applicable,0,Not a Bus,0,No Special Use,0,Not Applicable,998,Not Reported,0,No Underride or Override Noted,1,"Rollover, Tripped by Object/Vehicle",5,On Roadside,9,9 Clock Point,6,Disabling Damage,2,Towed Due to Disabling Damage,1,Rollover/Overturn,0,,0,,0,No or Not Reported,1,Yes,41,Oregon,97756,97756,1,Suspended,1,Full Driver License,0,No (CDL),0,No Endorsements required for this vehicle,2,No valid license for this class vehicle,0,No Restrictions or Not Applicable,59,59,100,100 lbs.,0,,6,6,0,,1,1,0,,8,August,2012,2012,3,March,2017,2017,4,"Yes, Too Fast for Conditions",0,,0,,0,,0,,1,"Two-Way, Not Divided",2,Two lanes,55,55 MPH,2,Curve Right,1,Level,2,"Blacktop, Bituminous, or Asphalt",1,Dry,0,No Controls,0,No Controls,14,Negotiating a Curve,19,Unknown travel direction,99,Unknown/Not Reported,1,Tracking,4,Departed roadway,99,M99-Unknown,1,1,Yes,777777777777,No Trailing Units,777777777777,No Trailing Units,777777777777,No Trailing Units
41,Oregon,410175,1,1,1,01,3,3,7,July,18,6:00pm-6:59pm,35,35,33,Curb,0,Not a Collision with Motor Vehicle In-Transport,1,Motor Vehicle In-Transport (Inside or Outside the Trafficway),0,No,41,Oregon,1,Driver (in this crash) was  Registered Owner,72,Harley-Davidson,706,72706,Harley-Davidson 750cc or greater,80,Two Wheel Motorcycle (excluding motor scooters),2006,2006,1HD1HCZ446K8,1HD1HCZ446K8,1,H,D,1,H,C,Z,4,4,6,K,8,0,No Trailing Units,0,Not an Articulated Vehicle,0,Not Applicable,000000000,Not Applicable,00000000000,Not Applicable,0,Not Applicable,0,Not Applicable,0,Not Applicable (N/A),1,No,0,Not Applicable,0,Not Applicable,0,Not Applicable,0,Not Applicable,0,Not a Bus,0,No Special Use,0,Not Applicable,998,Not Reported,0,No Underride or Override Noted,0,No Rollover,0,No Rollover,12,12 Clock Point,6,Disabling Damage,2,Towed Due to Disabling Damage,42,Tree (Standing Only),0,,0,,0,No or Not Reported,1,Yes,41,Oregon,97525,97525,6,Valid,1,Full Driver License,0,No (CDL),0,No Endorsements required for this vehicle,3,Valid license for this class vehicle,0,No Restrictions or Not Applicable,65,65,125,125 lbs.,0,,0,,0,,0,,0,,0,No Record,0,No Record,0,No Record,0,No Record,4,"Yes, Too Fast for Conditions",0,,0,,0,,0,,5,"Two-Way, Not Divided With a Continuous Left-Turn Lane",5,Five lanes,40,40 MPH,3,Curve Left,1,Level,2,"Blacktop, Bituminous, or Asphalt",1,Dry,0,No Controls,0,No Controls,14,Negotiating a Curve,13,Off the edge of the road on the right side,1,No Avoidance Maneuver,1,Tracking,4,Departed roadway,1,A1-Single Driver-Right Roadside Departure-Drive Off Road,1,1,Yes,777777777777,No Trailing Units,777777777777,No Trailing Units,777777777777,No Trailing Units
41,Oregon,410176,1,1,2,02,4,4,7,July,3,3:00am-3:59am,13,13,8,Pedestrian,0,Not a Collision with Motor Vehicle In-Transport,1,Motor Vehicle In-Transport (Inside or Outside the Trafficway),0,No,41,Oregon,2,Driver (in this crash) Not Registered Owner (Other Private Owner Listed),12,Ford,401,12401,Ford Bronco (thru 1977)/Bronco II/Explorer/Explorer Sport,14,"Compact Utility (Utility Vehicle Categories ""Small"" and ""Midsize"")",1998,1998,1FMZU34X9WZA,1FMZU34X9WZA,1,F,M,Z,U,3,4,X,9,W,Z,A,0,No Trailing Units,0,Not an Articulated Vehicle,0,Not Applicable,000000000,Not Applicable,00000000000,Not Applicable,0,Not Applicable,0,Not Applicable,0,Not Applicable (N/A),1,No,0,Not Applicable,0,Not Applicable,0,Not Applicable,0,Not Applicable,0,Not a Bus,0,No Special Use,0,Not Applicable,998,Not Reported,0,No Underride or Override Noted,0,No Rollover,0,No Rollover,14,Undercarriage,0,No Damage,5,Not Towed,8,Pedestrian,0,,0,,0,No or Not Reported,1,Yes,41,Oregon,97138,97138,6,Valid,1,Full Driver License,0,No (CDL),0,No Endorsements required for this vehicle,3,Valid license for this class vehicle,3,"Restrictions, Compliance Unknown",68,68,170,170 lbs.,0,,0,,0,,1,1,0,,8,August,2016,2016,8,August,2016,2016,0,No,0,,0,,0,,0,,3,"Two-Way,  Divided, Positive  Median Barrier",3,Three lanes,40,40 MPH,1,Straight,1,Level,2,"Blacktop, Bituminous, or Asphalt",1,Dry,0,No Controls,0,No Controls,1,Going Straight,80,Pedestrian in road,1,No Avoidance Maneuver,1,Tracking,1,Stayed in original travel lane,13,C13-Single Driver-Forward Impact-Pedestrian/ Animal,0,0,No,777777777777,No Trailing Units,777777777777,No Trailing Units,777777777777,No Trailing Units
41,Oregon,410177,1,2,1,01,4,4,7,July,17,5:00pm-5:59pm,25,25,12,Motor Vehicle In-Transport,2,Front-to-Front,1,Motor Vehicle In-Transport (Inside or Outside the Trafficway),0,No,41,Oregon,1,Driver (in this crash) was  Registered Owner,20,Chevrolet,16,20016,Chevrolet Cavalier,4,"4-door sedan, hardtop",2002,2002,1G1JF5249271,1G1JF5249271,1,G,1,J,F,5,2,4,9,2,7,1,0,No Trailing Units,0,Not an Articulated Vehicle,0,Not Applicable,000000000,Not Applicable,00000000000,Not Applicable,0,Not Applicable,0,Not Applicable,0,Not Applicable (N/A),1,No,0,Not Applicable,0,Not Applicable,0,Not Applicable,0,Not Applicable,0,Not a Bus,0,No Special Use,0,Not Applicable,998,Not Reported,0,No Underride or Override Noted,0,No Rollover,0,No Rollover,12,12 Clock Point,8,Not Reported,2,Towed Due to Disabling Damage,12,Motor Vehicle In-Transport,0,,0,,0,No or Not Reported,1,Yes,41,Oregon,97216,97216,1,Suspended,1,Full Driver License,0,No (CDL),0,No Endorsements required for this vehicle,2,No valid license for this class vehicle,0,No Restrictions or Not Applicable,68,68,180,180 lbs.,0,,5,5,0,,0,,0,,8,August,2015,2015,12,December,2016,2016,0,No,28,Improper Lane Usage,0,,0,,0,,1,"Two-Way, Not Divided",2,Two lanes,55,55 MPH,1,Straight,1,Level,2,"Blacktop, Bituminous, or Asphalt",1,Dry,0,No Controls,0,No Controls,1,Going Straight,10,Over the lane line on left side of travel lane,99,Unknown/Not Reported,1,Tracking,2,"Stayed on roadway, but left original travel lane",50,"G50-Same Trafficway, Opposite Direction-Head-On-Lateral Move (Left/Right)",1,0,No,777777777777,No Trailing Units,777777777777,No Trailing Units,777777777777,No Trailing Units
41,Oregon,410177,2,2,2,02,4,4,7,July,17,5:00pm-5:59pm,25,25,12,Motor Vehicle In-Transport,2,Front-to-Front,1,Motor Vehicle In-Transport (Inside or Outside the Trafficway),0,No,41,Oregon,2,Driver (in this crash) Not Registered Owner (Other Private Owner Listed),12,Ford,481,12481,Ford F-Series pickup,34,Light Pickup,2004,2004,1FTPX14524NA,1FTPX14524NA,1,F,T,P,X,1,4,5,2,4,N,A,0,No Trailing Units,0,Not an Articulated Vehicle,0,Not Applicable,000000000,Not Applicable,00000000000,Not Applicable,0,Not Applicable,0,Not Applicable,0,Not Applicable (N/A),1,No,0,Not Applicable,0,Not Applicable,0,Not Applicable,0,Not Applicable,0,Not a Bus,0,No Special Use,0,Not Applicable,998,Not Reported,0,No Underride or Override Noted,0,No Rollover,0,No Rollover,12,12 Clock Point,8,Not Reported,2,Towed Due to Disabling Damage,12,Motor Vehicle In-Transport,0,,0,,0,No or Not Reported,1,Yes,41,Oregon,97351,97351,6,Valid,1,Full Driver License,6,Valid,0,No Endorsements required for this vehicle,3,Valid license for this class vehicle,1,Restrictions Complied With,70,70,210,210 lbs.,0,,0,,0,,0,,0,,0,No Record,0,No Record,0,No Record,0,No Record,0,No,0,,0,,0,,0,,1,"Two-Way, Not Divided",2,Two lanes,55,55 MPH,1,Straight,1,Level,2,"Blacktop, Bituminous, or Asphalt",1,Dry,0,No Controls,0,No Controls,1,Going Straight,62,From opposite direction  over left lane line,99,Unknown/Not Reported,1,Tracking,1,Stayed in original travel lane,51,"G51-Same Trafficway, Opposite Direction-Head-On-Lateral Move (Going Straight)",0,0,No,777777777777,No Trailing Units,777777777777,No Trailing Units,777777777777,No Trailing Units
41,Oregon,410178,1,2,1,01,6,6,7,July,12,12:00pm-12:59pm,16,16,12,Motor Vehicle In-Transport,6,Angle,1,Motor Vehicle In-Transport (Inside or Outside the Trafficway),0,No,41,Oregon,2,Driver (in this crash) Not Registered Owner (Other Private Owner Listed),37,Honda,703,37703,Honda 125-349 cc,80,Two Wheel Motorcycle (excluding motor scooters),2013,2013,MLHMC4104D53,MLHMC4104D53,M,L,H,M,C,4,1,0,4,D,5,3,0,No Trailing Units,0,Not an Articulated Vehicle,0,Not Applicable,000000000,Not Applicable,00000000000,Not Applicable,0,Not Applicable,0,Not Applicable,0,Not Applicable (N/A),1,No,0,Not Applicable,0,Not Applicable,0,Not Applicable,0,Not Applicable,0,Not a Bus,0,No Special Use,0,Not Applicable,998,Not Reported,0,No Underride or Override Noted,0,No Rollover,0,No Rollover,12,12 Clock Point,6,Disabling Damage,2,Towed Due to Disabling Damage,12,Motor Vehicle In-Transport,0,,0,,0,No or Not Reported,1,Yes,41,Oregon,97478,97478,6,Valid,1,Full Driver License,0,No (CDL),0,No Endorsements required for this vehicle,2,No valid license for this class vehicle,0,No Restrictions or Not Applicable,71,71,170,170 lbs.,0,,0,,0,,1,1,1,1,10,October,2012,2012,4,April,2015,2015,9,Unknown,99,Unknown,99,Unknown,99,Unknown,99,Unknown,1,"Two-Way, Not Divided",2,Two lanes,98,Not Reported,3,Curve Left,1,Level,2,"Blacktop, Bituminous, or Asphalt",1,Dry,0,No Controls,0,No Controls,14,Negotiating a Curve,10,Over the lane line on left side of travel lane,99,Unknown/Not Reported,1,Tracking,2,"Stayed on roadway, but left original travel lane",64,"I64-Same Trafficway, Opposite Direction-Angle, Sideswipe-Lateral Move (Left/Right)",1,0,No,777777777777,No Trailing Units,777777777777,No Trailing Units,777777777777,No Trailing Units
41,Oregon,410178,2,2,1,01,6,6,7,July,12,12:00pm-12:59pm,16,16,12,Motor Vehicle In-Transport,6,Angle,1,Motor Vehicle In-Transport (Inside or Outside the Trafficway),0,No,93,Multiple State Registration,3,Vehicle Registered as Business/Company/Government Vehicle,85,Kenworth,881,85881,Kenworth Medium/Heavy - CBE,66,"Truck-tractor (Cab only, or with any number of trailing unit; any weight)",2005,2005,1NKDGGGG70R0,1NKDGGGG70R0,1,N,K,D,G,G,G,G,7,0,R,0,1,One Trailing Unit,1,No,57,US DOT,0587615,0587615,570587615,570587615,3,"26,001 lbs. or more",6,Truck Tractor/Semi-Trailer,1,Van/Enclosed Box,1,No,0,Not Applicable,0,Not Applicable,0,Not Applicable,0,Not Applicable,0,Not a Bus,0,No Special Use,0,Not Applicable,998,Not Reported,0,No Underride or Override Noted,0,No Rollover,0,No Rollover,3,3 Clock Point,9,Unknown,9,Unknown,12,Motor Vehicle In-Transport,0,,0,,0,No or Not Reported,1,Yes,41,Oregon,97386,97386,6,Valid,1,Full Driver License,6,Valid,0,No Endorsements required for this vehicle,3,Valid license for this class vehicle,0,No Restrictions or Not Applicable,81,81,380,380 lbs.,0,,0,,0,,0,,0,,0,No Record,0,No Record,0,No Record,0,No Record,0,No,0,,0,,0,,0,,1,"Two-Way, Not Divided",2,Two lanes,98,Not Reported,2,Curve Right,1,Level,2,"Blacktop, Bituminous, or Asphalt",1,Dry,0,No Controls,0,No Controls,14,Negotiating a Curve,62,From opposite direction  over left lane line,99,Unknown/Not Reported,1,Tracking,1,Stayed in original travel lane,65,"I65-Same Trafficway, Opposite Direction-Angle, Sideswipe-Lateral Move (Going Straight)",0,0,No,999999999999,Unknown,777777777777,No Trailing Units,777777777777,No Trailing Units
41,Oregon,410179,1,1,1,01,8,8,7,July,22,10:00pm-10:59pm,24,24,1,Rollover/Overturn,0,Not a Collision with Motor Vehicle In-Transport,1,Motor Vehicle In-Transport (Inside or Outside the Trafficway),0,No,41,Oregon,1,Driver (in this crash) was  Registered Owner,12,Ford,3,12003,Ford Mustang/Mustang II,1,"Convertible(excludes sun-roof,t-bar)",1996,1996,1FALP45X2TF1,1FALP45X2TF1,1,F,A,L,P,4,5,X,2,T,F,1,0,No Trailing Units,0,Not an Articulated Vehicle,0,Not Applicable,000000000,Not Applicable,00000000000,Not Applicable,0,Not Applicable,0,Not Applicable,0,Not Applicable (N/A),1,No,0,Not Applicable,0,Not Applicable,0,Not Applicable,0,Not Applicable,0,Not a Bus,0,No Special Use,0,Not Applicable,998,Not Reported,0,No Underride or Override Noted,1,"Rollover, Tripped by Object/Vehicle",5,On Roadside,0,Non-Collision,6,Disabling Damage,2,Towed Due to Disabling Damage,1,Rollover/Overturn,0,,0,,0,No or Not Reported,1,Yes,41,Oregon,97420,97420,6,Valid,1,Full Driver License,0,No (CDL),0,No Endorsements required for this vehicle,3,Valid license for this class vehicle,1,Restrictions Complied With,71,71,145,145 lbs.,1,1,0,,0,,0,,0,,8,August,2016,2016,8,August,2016,2016,5,"Yes, Specifics Unknown",99,Unknown,99,Unknown,99,Unknown,99,Unknown,1,"Two-Way, Not Divided",2,Two lanes,55,55 MPH,4,Curve - Unknown Direction,2,"Grade, Unknown Slope",2,"Blacktop, Bituminous, or Asphalt",1,Dry,0,No Controls,0,No Controls,14,Negotiating a Curve,19,Unknown travel direction,99,Unknown/Not Reported,1,Tracking,4,Departed roadway,99,M99-Unknown,1,1,Yes,777777777777,No Trailing Units,777777777777,No Trailing Units,777777777777,No Trailing Units
41,Oregon,410180,1,2,1,01,8,8,7,July,22,10:00pm-10:59pm,15,15,12,Motor Vehicle In-Transport,2,Front-to-Front,1,Motor Vehicle In-Transport (Inside or Outside the Trafficway),0,No,41,Oregon,1,Driver (in this crash) was  Registered Owner,23,GMC,481,23481,"GMC C, K, R, V-series pickup/     Sierra",34,Light Pickup,2002,2002,1GTEK19T82E1,1GTEK19T82E1,1,G,T,E,K,1,9,T,8,2,E,1,0,No Trailing Units,0,Not an Articulated Vehicle,0,Not Applicable,000000000,Not Applicable,00000000000,Not Applicable,0,Not Applicable,0,Not Applicable,0,Not Applicable (N/A),1,No,0,Not Applicable,0,Not Applicable,0,Not Applicable,0,Not Applicable,0,Not a Bus,0,No Special Use,0,Not Applicable,998,Not Reported,0,No Underride or Override Noted,0,No Rollover,0,No Rollover,12,12 Clock Point,6,Disabling Damage,2,Towed Due to Disabling Damage,12,Motor Vehicle In-Transport,0,,0,,0,No or Not Reported,1,Yes,41,Oregon,97504,97504,6,Valid,1,Full Driver License,0,No (CDL),0,No Endorsements required for this vehicle,3,Valid license for this class vehicle,0,No Restrictions or Not Applicable,74,74,205,205 lbs.,0,,0,,0,,0,,0,,0,No Record,0,No Record,0,No Record,0,No Record,0,No,0,,0,,0,,0,,3,"Two-Way,  Divided, Positive  Median Barrier",2,Two lanes,65,65 MPH,1,Straight,1,Level,2,"Blacktop, Bituminous, or Asphalt",1,Dry,0,No Controls,0,No Controls,1,Going Straight,54,Traveling in opposite direction,99,Unknown/Not Reported,1,Tracking,1,Stayed in original travel lane,52,"G52-Same Trafficway, Opposite Direction-Head-On-Specifics Other",1,0,No,777777777777,No Trailing Units,777777777777,No Trailing Units,777777777777,No Trailing Units
41,Oregon,410180,2,2,1,01,8,8,7,July,22,10:00pm-10:59pm,15,15,12,Motor Vehicle In-Transport,2,Front-to-Front,1,Motor Vehicle In-Transport (Inside or Outside the Trafficway),0,No,95,Canada,3,Vehicle Registered as Business/Company/Government Vehicle,82,Freightliner,881,82881,Freightliner Medium/Heavy - CBE,66,"Truck-tractor (Cab only, or with any number of trailing unit; any weight)",2016,2016,3AKJGLBG2GSH,3AKJGLBG2GSH,3,A,K,J,G,L,B,G,2,G,S,H,1,One Trailing Unit,1,No,57,US DOT,1700397,1700397,571700397,571700397,3,"26,001 lbs. or more",6,Truck Tractor/Semi-Trailer,1,Van/Enclosed Box,1,No,0,Not Applicable,0,Not Applicable,0,Not Applicable,0,Not Applicable,0,Not a Bus,0,No Special Use,0,Not Applicable,998,Not Reported,0,No Underride or Override Noted,0,No Rollover,0,No Rollover,12,12 Clock Point,6,Disabling Damage,2,Towed Due to Disabling Damage,12,Motor Vehicle In-Transport,0,,0,,0,No or Not Reported,1,Yes,95,Canada,99999,Unknown,9,Unknown License Status,9,Unknown License Type,99,Unknown License Status,9,"Unknown, if required",9,Unknown,9,Unknown,999,Unknown,999,Unknown,99,Unknown,99,Unknown,99,Unknown,99,Unknown,99,Unknown,99,Unknown,9999,Unknown,99,Unknown,9999,Unknown,0,No,0,,0,,0,,0,,3,"Two-Way,  Divided, Positive  Median Barrier",2,Two lanes,65,65 MPH,1,Straight,1,Level,2,"Blacktop, Bituminous, or Asphalt",1,Dry,0,No Controls,0,No Controls,1,Going Straight,54,Traveling in opposite direction,99,Unknown/Not Reported,1,Tracking,1,Stayed in original travel lane,52,"G52-Same Trafficway, Opposite Direction-Head-On-Specifics Other",0,0,No,1JJV532B9HL9,1JJV532B9HL9,777777777777,No Trailing Units,777777777777,No Trailing Units
41,Oregon,410181,1,1,1,01,8,8,7,July,99,Unknown Hours,99,Unknown Minutes,42,Tree (Standing Only),0,Not a Collision with Motor Vehicle In-Transport,1,Motor Vehicle In-Transport (Inside or Outside the Trafficway),0,No,41,Oregon,2,Driver (in this crash) Not Registered Owner (Other Private Owner Listed),12,Ford,37,12037,Ford Focus,3,3-door/2-door hatchback,2003,2003,3FAFP31363R1,3FAFP31363R1,3,F,A,F,P,3,1,3,6,3,R,1,0,No Trailing Units,0,Not an Articulated Vehicle,0,Not Applicable,000000000,Not Applicable,00000000000,Not Applicable,0,Not Applicable,0,Not Applicable,0,Not Applicable (N/A),1,No,0,Not Applicable,0,Not Applicable,0,Not Applicable,0,Not Applicable,0,Not a Bus,0,No Special Use,0,Not Applicable,998,Not Reported,0,No Underride or Override Noted,1,"Rollover, Tripped by Object/Vehicle",5,On Roadside,12,12 Clock Point,6,Disabling Damage,2,Towed Due to Disabling Damage,1,Rollover/Overturn,0,,0,,0,No or Not Reported,1,Yes,41,Oregon,97303,97303,0,Not licensed,0,Not Licensed,0,No (CDL),0,No Endorsements required for this vehicle,0,Not licensed,0,No Restrictions or Not Applicable,999,Unknown,999,Unknown,0,,11,11,0,,1,1,3,3,8,August,2012,2012,11,November,2016,2016,9,Unknown,99,Unknown,99,Unknown,99,Unknown,99,Unknown,1,"Two-Way, Not Divided",2,Two lanes,55,55 MPH,1,Straight,2,"Grade, Unknown Slope",2,"Blacktop, Bituminous, or Asphalt",1,Dry,0,No Controls,0,No Controls,1,Going Straight,12,Off the edge of the road on the left side,99,Unknown/Not Reported,1,Tracking,4,Departed roadway,6,B6-Single Driver-Left Roadside Departure-Drive Off Road,1,0,No,777777777777,No Trailing Units,777777777777,No Trailing Units,777777777777,No Trailing Units
41,Oregon,410182,1,1,1,01,10,10,7,July,18,6:00pm-6:59pm,50,50,30,Utility Pole/Light Support,0,Not a Collision with Motor Vehicle In-Transport,1,Motor Vehicle In-Transport (Inside or Outside the Trafficway),0,No,41,Oregon,2,Driver (in this crash) Not Registered Owner (Other Private Owner Listed),20,Chevrolet,403,20403,"Chevrolet TrailBlazer (2003 on; for 2002 model, see 401)",14,"Compact Utility (Utility Vehicle Categories ""Small"" and ""Midsize"")",2007,2007,1GNDT13S9721,1GNDT13S9721,1,G,N,D,T,1,3,S,9,7,2,1,0,No Trailing Units,0,Not an Articulated Vehicle,0,Not Applicable,000000000,Not Applicable,00000000000,Not Applicable,0,Not Applicable,0,Not Applicable,0,Not Applicable (N/A),1,No,0,Not Applicable,0,Not Applicable,0,Not Applicable,0,Not Applicable,0,Not a Bus,0,No Special Use,0,Not Applicable,998,Not Reported,0,No Underride or Override Noted,1,"Rollover, Tripped by Object/Vehicle",6,Outside of Trafficway,12,12 Clock Point,6,Disabling Damage,2,Towed Due to Disabling Damage,1,Rollover/Overturn,0,,0,,0,No or Not Reported,1,Yes,32,Nevada,89403,89403,6,Valid,1,Full Driver License,0,No (CDL),0,No Endorsements required for this vehicle,3,Valid license for this class vehicle,0,No Restrictions or Not Applicable,66,66,165,165 lbs.,0,,0,,0,,0,,1,1,4,April,2013,2013,4,April,2013,2013,4,"Yes, Too Fast for Conditions",0,,0,,0,,0,,1,"Two-Way, Not Divided",4,Four lanes,55,55 MPH,4,Curve - Unknown Direction,1,Level,2,"Blacktop, Bituminous, or Asphalt",1,Dry,0,No Controls,0,No Controls,14,Negotiating a Curve,13,Off the edge of the road on the right side,99,Unknown/Not Reported,1,Tracking,4,Departed roadway,1,A1-Single Driver-Right Roadside Departure-Drive Off Road,1,0,No,777777777777,No Trailing Units,777777777777,No Trailing Units,777777777777,No Trailing Units
41,Oregon,410183,1,1,2,02,11,11,7,July,13,1:00pm-1:59pm,32,32,1,Rollover/Overturn,0,Not a Collision with Motor Vehicle In-Transport,1,Motor Vehicle In-Transport (Inside or Outside the Trafficway),0,No,41,Oregon,1,Driver (in this crash) was  Registered Owner,37,Honda,31,37031,"Honda Civic/CRX, del Sol",4,"4-door sedan, hardtop",1996,1996,2HGEJ657XTH5,2HGEJ657XTH5,2,H,G,E,J,6,5,7,X,T,H,5,0,No Trailing Units,0,Not an Articulated Vehicle,0,Not Applicable,000000000,Not Applicable,00000000000,Not Applicable,0,Not Applicable,0,Not Applicable,0,Not Applicable (N/A),1,No,0,Not Applicable,0,Not Applicable,0,Not Applicable,0,Not Applicable,0,Not a Bus,0,No Special Use,0,Not Applicable,998,Not Reported,0,No Underride or Override Noted,1,"Rollover, Tripped by Object/Vehicle",5,On Roadside,0,Non-Collision,6,Disabling Damage,2,Towed Due to Disabling Damage,1,Rollover/Overturn,0,,0,,0,No or Not Reported,1,Yes,41,Oregon,97030,97030,6,Valid,1,Full Driver License,0,No (CDL),0,No Endorsements required for this vehicle,3,Valid license for this class vehicle,1,Restrictions Complied With,69,69,115,115 lbs.,0,,1,1,0,,0,,0,,12,December,2016,2016,12,December,2016,2016,9,Unknown,99,Unknown,99,Unknown,99,Unknown,99,Unknown,3,"Two-Way,  Divided, Positive  Median Barrier",2,Two lanes,70,70 MPH,3,Curve Left,1,Level,2,"Blacktop, Bituminous, or Asphalt",1,Dry,0,No Controls,0,No Controls,14,Negotiating a Curve,13,Off the edge of the road on the right side,99,Unknown/Not Reported,3,Skidding laterally clockwise rotation,4,Departed roadway,2,A2-Single Driver-Right Roadside Departure-Control/Traction Loss,1,0,No,777777777777,No Trailing Units,777777777777,No Trailing Units,777777777777,No Trailing Units
41,Oregon,410184,1,1,1,01,13,13,7,July,9,9:00am-9:59am,20,20,35,Embankment,0,Not a Collision with Motor Vehicle In-Transport,1,Motor Vehicle In-Transport (Inside or Outside the Trafficway),0,No,41,Oregon,2,Driver (in this crash) Not Registered Owner (Other Private Owner Listed),20,Chevrolet,482,20482,Chevrolet Avalanche,34,Light Pickup,2004,2004,3GNEK12T84G3,3GNEK12T84G3,3,G,N,E,K,1,2,T,8,4,G,3,0,No Trailing Units,0,Not an Articulated Vehicle,0,Not Applicable,000000000,Not Applicable,00000000000,Not Applicable,0,Not Applicable,0,Not Applicable,0,Not Applicable (N/A),1,No,0,Not Applicable,0,Not Applicable,0,Not Applicable,0,Not Applicable,0,Not a Bus,0,No Special Use,0,Not Applicable,998,Not Reported,0,No Underride or Override Noted,1,"Rollover, Tripped by Object/Vehicle",5,On Roadside,12,12 Clock Point,6,Disabling Damage,2,Towed Due to Disabling Damage,1,Rollover/Overturn,0,,0,,0,No or Not Reported,1,Yes,41,Oregon,97303,97303,6,Valid,1,Full Driver License,0,No (CDL),0,No Endorsements required for this vehicle,3,Valid license for this class vehicle,0,No Restrictions or Not Applicable,72,72,175,175 lbs.,0,,1,1,0,,5,5,1,1,10,October,2013,2013,3,March,2017,2017,9,Unknown,99,Unknown,99,Unknown,99,Unknown,99,Unknown,1,"Two-Way, Not Divided",2,Two lanes,55,55 MPH,4,Curve - Unknown Direction,2,"Grade, Unknown Slope",2,"Blacktop, Bituminous, or Asphalt",1,Dry,0,No Controls,0,No Controls,1,Going Straight,12,Off the edge of the road on the left side,99,Unknown/Not Reported,1,Tracking,4,Departed roadway,6,B6-Single Driver-Left Roadside Departure-Drive Off Road,1,0,No,777777777777,No Trailing Units,777777777777,No Trailing Units,777777777777,No Trailing Units
41,Oregon,410185,1,1,1,01,13,13,7,July,0,0:00am-0:59am,47,47,30,Utility Pole/Light Support,0,Not a Collision with Motor Vehicle In-Transport,1,Motor Vehicle In-Transport (Inside or Outside the Trafficway),0,No,53,Washington,1,Driver (in this crash) was  Registered Owner,41,Mazda,43,41043,Mazda 929,4,"4-door sedan, hardtop",1988,1988,JM1HC2216J01,JM1HC2216J01,J,M,1,H,C,2,2,1,6,J,0,1,0,No Trailing Units,0,Not an Articulated Vehicle,0,Not Applicable,000000000,Not Applicable,00000000000,Not Applicable,0,Not Applicable,0,Not Applicable,0,Not Applicable (N/A),1,No,0,Not Applicable,0,Not Applicable,0,Not Applicable,0,Not Applicable,0,Not a Bus,0,No Special Use,0,Not Applicable,998,Not Reported,0,No Underride or Override Noted,0,No Rollover,0,No Rollover,12,12 Clock Point,6,Disabling Damage,2,Towed Due to Disabling Damage,30,Utility Pole/Light Support,0,,0,,0,No or Not Reported,1,Yes,41,Oregon,97228,97228,3,Expired,1,Full Driver License,0,No (CDL),0,No Endorsements required for this vehicle,2,No valid license for this class vehicle,0,No Restrictions or Not Applicable,69,69,170,170 lbs.,1,1,2,2,1,1,0,,1,1,5,May,2014,2014,1,January,2015,2015,3,"Yes, Exceeded Speed Limit",99,Unknown,99,Unknown,99,Unknown,99,Unknown,1,"Two-Way, Not Divided",2,Two lanes,98,Not Reported,1,Straight,1,Level,2,"Blacktop, Bituminous, or Asphalt",1,Dry,0,No Controls,0,No Controls,1,Going Straight,19,Unknown travel direction,99,Unknown/Not Reported,1,Tracking,4,Departed roadway,99,M99-Unknown,1,1,Yes,777777777777,No Trailing Units,777777777777,No Trailing Units,777777777777,No Trailing Units
41,Oregon,410186,1,2,1,01,4,4,8,August,23,11:00pm-11:59pm,17,17,12,Motor Vehicle In-Transport,2,Front-to-Front,1,Motor Vehicle In-Transport (Inside or Outside the Trafficway),0,No,41,Oregon,1,Driver (in this crash) was  Registered Owner,12,Ford,37,12037,Ford Focus,4,"4-door sedan, hardtop",2002,2002,1FAFP38322W2,1FAFP38322W2,1,F,A,F,P,3,8,3,2,2,W,2,0,No Trailing Units,0,Not an Articulated Vehicle,0,Not Applicable,000000000,Not Applicable,00000000000,Not Applicable,0,Not Applicable,0,Not Applicable,0,Not Applicable (N/A),1,No,0,Not Applicable,0,Not Applicable,0,Not Applicable,0,Not Applicable,0,Not a Bus,0,No Special Use,0,Not Applicable,998,Not Reported,0,No Underride or Override Noted,0,No Rollover,0,No Rollover,12,12 Clock Point,6,Disabling Damage,2,Towed Due to Disabling Damage,12,Motor Vehicle In-Transport,0,,0,,0,No or Not Reported,1,Yes,41,Oregon,97071,97071,0,Not licensed,0,Not Licensed,0,No (CDL),0,No Endorsements required for this vehicle,0,Not licensed,0,No Restrictions or Not Applicable,999,Unknown,999,Unknown,0,,0,,0,,0,,0,,0,No Record,0,No Record,0,No Record,0,No Record,4,"Yes, Too Fast for Conditions",28,Improper Lane Usage,0,,0,,0,,1,"Two-Way, Not Divided",2,Two lanes,55,55 MPH,3,Curve Left,2,"Grade, Unknown Slope",2,"Blacktop, Bituminous, or Asphalt",1,Dry,0,No Controls,0,No Controls,14,Negotiating a Curve,10,Over the lane line on left side of travel lane,99,Unknown/Not Reported,1,Tracking,2,"Stayed on roadway, but left original travel lane",50,"G50-Same Trafficway, Opposite Direction-Head-On-Lateral Move (Left/Right)",1,1,Yes,777777777777,No Trailing Units,777777777777,No Trailing Units,777777777777,No Trailing Units
41,Oregon,410186,2,2,1,01,4,4,8,August,23,11:00pm-11:59pm,17,17,12,Motor Vehicle In-Transport,2,Front-to-Front,1,Motor Vehicle In-Transport (Inside or Outside the Trafficway),0,No,41,Oregon,1,Driver (in this crash) was  Registered Owner,12,Ford,481,12481,Ford F-Series pickup,34,Light Pickup,2003,2003,1FTSW31PX3EB,1FTSW31PX3EB,1,F,T,S,W,3,1,P,X,3,E,B,0,No Trailing Units,0,Not an Articulated Vehicle,0,Not Applicable,000000000,Not Applicable,00000000000,Not Applicable,0,Not Applicable,0,Not Applicable,0,Not Applicable (N/A),1,No,0,Not Applicable,0,Not Applicable,0,Not Applicable,0,Not Applicable,0,Not a Bus,0,No Special Use,0,Not Applicable,998,Not Reported,0,No Underride or Override Noted,0,No Rollover,0,No Rollover,12,12 Clock Point,6,Disabling Damage,2,Towed Due to Disabling Damage,12,Motor Vehicle In-Transport,0,,0,,0,No or Not Reported,1,Yes,41,Oregon,97128,97128,6,Valid,1,Full Driver License,0,No (CDL),0,No Endorsements required for this vehicle,3,Valid license for this class vehicle,0,No Restrictions or Not Applicable,69,69,145,145 lbs.,0,,0,,0,,0,,0,,0,No Record,0,No Record,0,No Record,0,No Record,0,No,0,,0,,0,,0,,1,"Two-Way, Not Divided",2,Two lanes,55,55 MPH,2,Curve Right,2,"Grade, Unknown Slope",2,"Blacktop, Bituminous, or Asphalt",1,Dry,0,No Controls,0,No Controls,14,Negotiating a Curve,62,From opposite direction  over left lane line,99,Unknown/Not Reported,1,Tracking,1,Stayed in original travel lane,51,"G51-Same Trafficway, Opposite Direction-Head-On-Lateral Move (Going Straight)",0,0,No,777777777777,No Trailing Units,777777777777,No Trailing Units,777777777777,No Trailing Units
41,Oregon,410187,1,1,1,01,4,4,8,August,8,8:00am-8:59am,34,34,34,Ditch,0,Not a Collision with Motor Vehicle In-Transport,1,Motor Vehicle In-Transport (Inside or Outside the Trafficway),0,No,41,Oregon,2,Driver (in this crash) Not Registered Owner (Other Private Owner Listed),12,Ford,471,12471,Ford Ranger,34,Light Pickup,2003,2003,1FTYR14V43PB,1FTYR14V43PB,1,F,T,Y,R,1,4,V,4,3,P,B,0,No Trailing Units,0,Not an Articulated Vehicle,0,Not Applicable,000000000,Not Applicable,00000000000,Not Applicable,0,Not Applicable,0,Not Applicable,0,Not Applicable (N/A),1,No,0,Not Applicable,0,Not Applicable,0,Not Applicable,0,Not Applicable,0,Not a Bus,0,No Special Use,0,Not Applicable,998,Not Reported,0,No Underride or Override Noted,0,No Rollover,0,No Rollover,12,12 Clock Point,6,Disabling Damage,2,Towed Due to Disabling Damage,34,Ditch,0,,0,,1,Yes,1,Yes,41,Oregon,97303,97303,6,Valid,1,Full Driver License,0,No (CDL),0,No Endorsements required for this vehicle,3,Valid license for this class vehicle,1,Restrictions Complied With,71,71,190,190 lbs.,0,,0,,0,,0,,0,,0,No Record,0,No Record,0,No Record,0,No Record,9,Unknown,99,Unknown,99,Unknown,99,Unknown,99,Unknown,1,"Two-Way, Not Divided",2,Two lanes,55,55 MPH,2,Curve Right,1,Level,2,"Blacktop, Bituminous, or Asphalt",1,Dry,0,No Controls,0,No Controls,14,Negotiating a Curve,12,Off the edge of the road on the left side,99,Unknown/Not Reported,1,Tracking,4,Departed roadway,6,B6-Single Driver-Left Roadside Departure-Drive Off Road,1,0,No,777777777777,No Trailing Units,777777777777,No Trailing Units,777777777777,No Trailing Units
41,Oregon,410188,1,2,1,01,5,5,8,August,6,6:00am-6:59am,28,28,12,Motor Vehicle In-Transport,2,Front-to-Front,1,Motor Vehicle In-Transport (Inside or Outside the Trafficway),0,No,41,Oregon,2,Driver (in this crash) Not Registered Owner (Other Private Owner Listed),12,Ford,471,12471,Ford Ranger,34,Light Pickup,1995,1995,1FTCR15X1SPA,1FTCR15X1SPA,1,F,T,C,R,1,5,X,1,S,P,A,0,No Trailing Units,0,Not an Articulated Vehicle,0,Not Applicable,000000000,Not Applicable,00000000000,Not Applicable,0,Not Applicable,0,Not Applicable,0,Not Applicable (N/A),1,No,0,Not Applicable,0,Not Applicable,0,Not Applicable,0,Not Applicable,0,Not a Bus,0,No Special Use,0,Not Applicable,998,Not Reported,0,No Underride or Override Noted,0,No Rollover,0,No Rollover,12,12 Clock Point,6,Disabling Damage,2,Towed Due to Disabling Damage,12,Motor Vehicle In-Transport,0,,0,,0,No or Not Reported,1,Yes,41,Oregon,97454,97454,6,Valid,2,Intermediate Driver License,0,No (CDL),0,No Endorsements required for this vehicle,3,Valid license for this class vehicle,0,No Restrictions or Not Applicable,70,70,165,165 lbs.,1,1,0,,0,,0,,1,1,4,April,2017,2017,7,July,2017,2017,0,No,28,Improper Lane Usage,0,,0,,0,,1,"Two-Way, Not Divided",2,Two lanes,55,55 MPH,1,Straight,1,Level,2,"Blacktop, Bituminous, or Asphalt",1,Dry,0,No Controls,0,No Controls,1,Going Straight,10,Over the lane line on left side of travel lane,99,Unknown/Not Reported,1,Tracking,2,"Stayed on roadway, but left original travel lane",50,"G50-Same Trafficway, Opposite Direction-Head-On-Lateral Move (Left/Right)",1,0,No,777777777777,No Trailing Units,777777777777,No Trailing Units,777777777777,No Trailing Units
41,Oregon,410188,2,2,1,01,5,5,8,August,6,6:00am-6:59am,28,28,12,Motor Vehicle In-Transport,2,Front-to-Front,1,Motor Vehicle In-Transport (Inside or Outside the Trafficway),0,No,41,Oregon,2,Driver (in this crash) Not Registered Owner (Other Private Owner Listed),6,Chrysler,441,6441,Chrysler Town and Country,20,"Minivan (Chrysler Town and Country, Caravan, Grand Caravan, Voyager, Voyager, Honda-Odyssey, ...)",2011,2011,2A4RR8DG0BR6,2A4RR8DG0BR6,2,A,4,R,R,8,D,G,0,B,R,6,0,No Trailing Units,0,Not an Articulated Vehicle,0,Not Applicable,000000000,Not Applicable,00000000000,Not Applicable,0,Not Applicable,0,Not Applicable,0,Not Applicable (N/A),1,No,0,Not Applicable,0,Not Applicable,0,Not Applicable,0,Not Applicable,0,Not a Bus,0,No Special Use,0,Not Applicable,998,Not Reported,0,No Underride or Override Noted,0,No Rollover,0,No Rollover,12,12 Clock Point,6,Disabling Damage,2,Towed Due to Disabling Damage,12,Motor Vehicle In-Transport,0,,0,,0,No or Not Reported,1,Yes,41,Oregon,97392,97392,6,Valid,1,Full Driver License,0,No (CDL),0,No Endorsements required for this vehicle,3,Valid license for this class vehicle,0,No Restrictions or Not Applicable,68,68,200,200 lbs.,1,1,0,,0,,0,,1,1,2,February,2014,2014,4,April,2014,2014,0,No,0,,0,,0,,0,,1,"Two-Way, Not Divided",2,Two lanes,55,55 MPH,1,Straight,1,Level,2,"Blacktop, Bituminous, or Asphalt",1,Dry,0,No Controls,0,No Controls,1,Going Straight,62,From opposite direction  over left lane line,99,Unknown/Not Reported,1,Tracking,1,Stayed in original travel lane,51,"G51-Same Trafficway, Opposite Direction-Head-On-Lateral Move (Going Straight)",1,0,No,777777777777,No Trailing Units,777777777777,No Trailing Units,777777777777,No Trailing Units
41,Oregon,410189,1,1,1,01,6,6,8,August,16,4:00pm-4:59pm,5,5,74,Road Vehicle on Rails,0,Not a Collision with Motor Vehicle In-Transport,1,Motor Vehicle In-Transport (Inside or Outside the Trafficway),0,No,41,Oregon,1,Driver (in this crash) was  Registered Owner,35,Datsun/Nissan,50,35050,Datsun/Nissan Versa,5,5-door/4-door hatchback,2009,2009,3N1BC13E19L4,3N1BC13E19L4,3,N,1,B,C,1,3,E,1,9,L,4,0,No Trailing Units,0,Not an Articulated Vehicle,0,Not Applicable,000000000,Not Applicable,00000000000,Not Applicable,0,Not Applicable,0,Not Applicable,0,Not Applicable (N/A),1,No,0,Not Applicable,0,Not Applicable,0,Not Applicable,0,Not Applicable,0,Not a Bus,0,No Special Use,0,Not Applicable,998,Not Reported,0,No Underride or Override Noted,0,No Rollover,0,No Rollover,98,Not Reported,6,Disabling Damage,2,Towed Due to Disabling Damage,74,Road Vehicle on Rails,0,,0,,0,No or Not Reported,1,Yes,41,Oregon,97220,97220,6,Valid,1,Full Driver License,0,No (CDL),0,No Endorsements required for this vehicle,3,Valid license for this class vehicle,1,Restrictions Complied With,65,65,117,117 lbs.,1,1,0,,0,,0,,0,,4,April,2017,2017,4,April,2017,2017,0,No,38,Failure to Yield Right-of-Way,0,,0,,0,,1,"Two-Way, Not Divided",2,Two lanes,25,25 MPH,1,Straight,1,Level,2,"Blacktop, Bituminous, or Asphalt",1,Dry,1,Traffic control signal (on colors) without Pedestrian Signal,3,Device Functioning Properly,1,Going Straight,90,Object in road,99,Unknown/Not Reported,1,Tracking,1,Stayed in original travel lane,98,M98-Other Crash Type,1,0,No,777777777777,No Trailing Units,777777777777,No Trailing Units,777777777777,No Trailing Units
41,Oregon,410191,1,1,1,01,9,9,8,August,16,4:00pm-4:59pm,20,20,17,Boulder,0,Not a Collision with Motor Vehicle In-Transport,1,Motor Vehicle In-Transport (Inside or Outside the Trafficway),0,No,16,Idaho,2,Driver (in this crash) Not Registered Owner (Other Private Owner Listed),12,Ford,401,12401,Ford Bronco (thru 1977)/Bronco II/Explorer/Explorer Sport,14,"Compact Utility (Utility Vehicle Categories ""Small"" and ""Midsize"")",2001,2001,1FMZU73E31ZA,1FMZU73E31ZA,1,F,M,Z,U,7,3,E,3,1,Z,A,0,No Trailing Units,0,Not an Articulated Vehicle,0,Not Applicable,000000000,Not Applicable,00000000000,Not Applicable,0,Not Applicable,0,Not Applicable,0,Not Applicable (N/A),1,No,0,Not Applicable,0,Not Applicable,0,Not Applicable,0,Not Applicable,0,Not a Bus,0,No Special Use,0,Not Applicable,998,Not Reported,0,No Underride or Override Noted,0,No Rollover,0,No Rollover,12,12 Clock Point,6,Disabling Damage,2,Towed Due to Disabling Damage,17,Boulder,0,,0,,1,Yes,1,Yes,41,Oregon,97221,97221,6,Valid,1,Full Driver License,0,No (CDL),0,No Endorsements required for this vehicle,3,Valid license for this class vehicle,0,No Restrictions or Not Applicable,64,64,130,130 lbs.,0,,0,,0,,1,1,0,,11,November,2012,2012,11,November,2012,2012,9,Unknown,99,Unknown,99,Unknown,99,Unknown,99,Unknown,1,"Two-Way, Not Divided",2,Two lanes,55,55 MPH,1,Straight,2,"Grade, Unknown Slope",2,"Blacktop, Bituminous, or Asphalt",1,Dry,0,No Controls,0,No Controls,1,Going Straight,13,Off the edge of the road on the right side,99,Unknown/Not Reported,1,Tracking,4,Departed roadway,1,A1-Single Driver-Right Roadside Departure-Drive Off Road,1,0,No,777777777777,No Trailing Units,777777777777,No Trailing Units,777777777777,No Trailing Units
41,Oregon,410192,1,2,1,01,10,10,8,August,17,5:00pm-5:59pm,25,25,12,Motor Vehicle In-Transport,2,Front-to-Front,1,Motor Vehicle In-Transport (Inside or Outside the Trafficway),0,No,0,Not Applicable,0,"Not Applicable, Vehicle Not Registered",53,Suzuki,734,53734,Suzuki 350cc or greater (ATV),96,Recreational Off-Highway Vehicle,9999,Unknown,L403107141,L403107141,L,4,0,3,1,0,7,1,4,1,,,0,No Trailing Units,0,Not an Articulated Vehicle,0,Not Applicable,000000000,Not Applicable,00000000000,Not Applicable,0,Not Applicable,0,Not Applicable,0,Not Applicable (N/A),1,No,0,Not Applicable,0,Not Applicable,0,Not Applicable,0,Not Applicable,0,Not a Bus,0,No Special Use,0,Not Applicable,998,Not Reported,0,No Underride or Override Noted,0,No Rollover,0,No Rollover,12,12 Clock Point,6,Disabling Damage,2,Towed Due to Disabling Damage,12,Motor Vehicle In-Transport,0,,0,,0,No or Not Reported,1,Yes,6,California,97537,97537,6,Valid,1,Full Driver License,0,No (CDL),0,No Endorsements required for this vehicle,3,Valid license for this class vehicle,1,Restrictions Complied With,66,66,210,210 lbs.,0,,0,,0,,0,,0,,0,No Record,0,No Record,0,No Record,0,No Record,4,"Yes, Too Fast for Conditions",28,Improper Lane Usage,0,,0,,0,,1,"Two-Way, Not Divided",3,Three lanes,40,40 MPH,1,Straight,1,Level,2,"Blacktop, Bituminous, or Asphalt",1,Dry,0,No Controls,0,No Controls,1,Going Straight,10,Over the lane line on left side of travel lane,99,Unknown/Not Reported,1,Tracking,2,"Stayed on roadway, but left original travel lane",50,"G50-Same Trafficway, Opposite Direction-Head-On-Lateral Move (Left/Right)",1,1,Yes,777777777777,No Trailing Units,777777777777,No Trailing Units,777777777777,No Trailing Units
41,Oregon,410192,2,2,2,02,10,10,8,August,17,5:00pm-5:59pm,25,25,12,Motor Vehicle In-Transport,2,Front-to-Front,1,Motor Vehicle In-Transport (Inside or Outside the Trafficway),0,No,41,Oregon,1,Driver (in this crash) was  Registered Owner,2,Jeep / Kaiser-Jeep / Willys- Jeep,404,2404,Jeep / Kaiser-Jeep / Willys- Jeep Cherokee (1984-on) (For Grand Cherokee for 2014 on use 02-422.),14,"Compact Utility (Utility Vehicle Categories ""Small"" and ""Midsize"")",1996,1996,1J4GZ58Y4TC2,1J4GZ58Y4TC2,1,J,4,G,Z,5,8,Y,4,T,C,2,0,No Trailing Units,0,Not an Articulated Vehicle,0,Not Applicable,000000000,Not Applicable,00000000000,Not Applicable,0,Not Applicable,0,Not Applicable,0,Not Applicable (N/A),1,No,0,Not Applicable,0,Not Applicable,0,Not Applicable,0,Not Applicable,0,Not a Bus,0,No Special Use,0,Not Applicable,998,Not Reported,0,No Underride or Override Noted,0,No Rollover,0,No Rollover,12,12 Clock Point,6,Disabling Damage,2,Towed Due to Disabling Damage,12,Motor Vehicle In-Transport,0,,0,,0,No or Not Reported,1,Yes,41,Oregon,97501,97501,0,Not licensed,0,Not Licensed,0,No (CDL),0,No Endorsements required for this vehicle,0,Not licensed,0,No Restrictions or Not Applicable,999,Unknown,999,Unknown,0,,0,,0,,0,,0,,0,No Record,0,No Record,0,No Record,0,No Record,0,No,0,,0,,0,,0,,1,"Two-Way, Not Divided",3,Three lanes,40,40 MPH,1,Straight,1,Level,2,"Blacktop, Bituminous, or Asphalt",1,Dry,0,No Controls,0,No Controls,1,Going Straight,62,From opposite direction  over left lane line,99,Unknown/Not Reported,1,Tracking,1,Stayed in original travel lane,51,"G51-Same Trafficway, Opposite Direction-Head-On-Lateral Move (Going Straight)",0,0,No,777777777777,No Trailing Units,777777777777,No Trailing Units,777777777777,No Trailing Units
41,Oregon,410193,1,10,1,01,27,27,5,May,22,10:00pm-10:59pm,34,34,12,Motor Vehicle In-Transport,2,Front-to-Front,1,Motor Vehicle In-Transport (Inside or Outside the Trafficway),0,No,41,Oregon,1,Driver (in this crash) was  Registered Owner,20,Chevrolet,36,20036,Chevrolet Monte Carlo (1995 on),2,"2-door sedan,hardtop,coupe",1997,1997,2G1WW12M1V93,2G1WW12M1V93,2,G,1,W,W,1,2,M,1,V,9,3,0,No Trailing Units,0,Not an Articulated Vehicle,0,Not Applicable,000000000,Not Applicable,00000000000,Not Applicable,0,Not Applicable,0,Not Applicable,0,Not Applicable (N/A),1,No,0,Not Applicable,0,Not Applicable,0,Not Applicable,0,Not Applicable,0,Not a Bus,0,No Special Use,0,Not Applicable,998,Not Reported,0,No Underride or Override Noted,0,No Rollover,0,No Rollover,12,12 Clock Point,6,Disabling Damage,2,Towed Due to Disabling Damage,12,Motor Vehicle In-Transport,0,,0,,0,No or Not Reported,1,Yes,41,Oregon,97823,97823,6,Valid,1,Full Driver License,0,No (CDL),0,No Endorsements required for this vehicle,3,Valid license for this class vehicle,0,No Restrictions or Not Applicable,74,74,200,200 lbs.,0,,0,,0,,0,,0,,0,No Record,0,No Record,0,No Record,0,No Record,9,Unknown,28,Improper Lane Usage,0,,0,,0,,1,"Two-Way, Not Divided",2,Two lanes,55,55 MPH,1,Straight,2,"Grade, Unknown Slope",2,"Blacktop, Bituminous, or Asphalt",1,Dry,0,No Controls,0,No Controls,1,Going Straight,10,Over the lane line on left side of travel lane,99,Unknown/Not Reported,1,Tracking,2,"Stayed on roadway, but left original travel lane",50,"G50-Same Trafficway, Opposite Direction-Head-On-Lateral Move (Left/Right)",0,0,No,777777777777,No Trailing Units,777777777777,No Trailing Units,777777777777,No Trailing Units
41,Oregon,410193,2,10,1,01,27,27,5,May,22,10:00pm-10:59pm,34,34,12,Motor Vehicle In-Transport,2,Front-to-Front,1,Motor Vehicle In-Transport (Inside or Outside the Trafficway),0,No,41,Oregon,1,Driver (in this crash) was  Registered Owner,72,Harley-Davidson,706,72706,Harley-Davidson 750cc or greater,80,Two Wheel Motorcycle (excluding motor scooters),2001,2001,1HD1FDV161Y6,1HD1FDV161Y6,1,H,D,1,F,D,V,1,6,1,Y,6,0,No Trailing Units,0,Not an Articulated Vehicle,0,Not Applicable,000000000,Not Applicable,00000000000,Not Applicable,0,Not Applicable,0,Not Applicable,0,Not Applicable (N/A),1,No,0,Not Applicable,0,Not Applicable,0,Not Applicable,0,Not Applicable,0,Not a Bus,0,No Special Use,0,Not Applicable,998,Not Reported,0,No Underride or Override Noted,0,No Rollover,0,No Rollover,12,12 Clock Point,9,Unknown,2,Towed Due to Disabling Damage,12,Motor Vehicle In-Transport,0,,0,,0,No or Not Reported,1,Yes,41,Oregon,97212,97212,6,Valid,1,Full Driver License,0,No (CDL),0,No Endorsements required for this vehicle,3,Valid license for this class vehicle,1,Restrictions Complied With,70,70,160,160 lbs.,0,,0,,0,,0,,0,,0,No Record,0,No Record,0,No Record,0,No Record,9,Unknown,99,Unknown,99,Unknown,99,Unknown,99,Unknown,1,"Two-Way, Not Divided",2,Two lanes,55,55 MPH,1,Straight,2,"Grade, Unknown Slope",2,"Blacktop, Bituminous, or Asphalt",1,Dry,0,No Controls,0,No Controls,1,Going Straight,62,From opposite direction  over left lane line,99,Unknown/Not Reported,1,Tracking,1,Stayed in original travel lane,51,"G51-Same Trafficway, Opposite Direction-Head-On-Lateral Move (Going Straight)",0,0,No,777777777777,No Trailing Units,777777777777,No Trailing Units,777777777777,No Trailing Units
41,Oregon,410193,3,10,1,01,27,27,5,May,22,10:00pm-10:59pm,34,34,12,Motor Vehicle In-Transport,2,Front-to-Front,1,Motor Vehicle In-Transport (Inside or Outside the Trafficway),0,No,41,Oregon,1,Driver (in this crash) was  Registered Owner,72,Harley-Davidson,706,72706,Harley-Davidson 750cc or greater,80,Two Wheel Motorcycle (excluding motor scooters),2004,2004,1HD1GEV154K3,1HD1GEV154K3,1,H,D,1,G,E,V,1,5,4,K,3,0,No Trailing Units,0,Not an Articulated Vehicle,0,Not Applicable,000000000,Not Applicable,00000000000,Not Applicable,0,Not Applicable,0,Not Applicable,0,Not Applicable (N/A),1,No,0,Not Applicable,0,Not Applicable,0,Not Applicable,0,Not Applicable,0,Not a Bus,0,No Special Use,0,Not Applicable,998,Not Reported,0,No Underride or Override Noted,0,No Rollover,0,No Rollover,12,12 Clock Point,9,Unknown,9,Unknown,12,Motor Vehicle In-Transport,0,,0,,0,No or Not Reported,1,Yes,41,Oregon,97236,97236,1,Suspended,1,Full Driver License,0,No (CDL),0,No Endorsements required for this vehicle,2,No valid license for this class vehicle,0,No Restrictions or Not Applicable,70,70,240,240 lbs.,1,1,13,13,0,,1,1,4,4,5,May,2013,2013,3,March,2017,2017,0,No,0,,0,,0,,0,,1,"Two-Way, Not Divided",2,Two lanes,55,55 MPH,1,Straight,2,"Grade, Unknown Slope",2,"Blacktop, Bituminous, or Asphalt",1,Dry,0,No Controls,0,No Controls,1,Going Straight,62,From opposite direction  over left lane line,99,Unknown/Not Reported,1,Tracking,1,Stayed in original travel lane,98,M98-Other Crash Type,0,0,No,777777777777,No Trailing Units,777777777777,No Trailing Units,777777777777,No Trailing Units
41,Oregon,410193,4,10,2,02,27,27,5,May,22,10:00pm-10:59pm,34,34,12,Motor Vehicle In-Transport,2,Front-to-Front,1,Motor Vehicle In-Transport (Inside or Outside the Trafficway),0,No,41,Oregon,1,Driver (in this crash) was  Registered Owner,72,Harley-Davidson,706,72706,Harley-Davidson 750cc or greater,80,Two Wheel Motorcycle (excluding motor scooters),2004,2004,1HD1GPW164K3,1HD1GPW164K3,1,H,D,1,G,P,W,1,6,4,K,3,0,No Trailing Units,0,Not an Articulated Vehicle,0,Not Applicable,000000000,Not Applicable,00000000000,Not Applicable,0,Not Applicable,0,Not Applicable,0,Not Applicable (N/A),1,No,0,Not Applicable,0,Not Applicable,0,Not Applicable,0,Not Applicable,0,Not a Bus,0,No Special Use,0,Not Applicable,998,Not Reported,0,No Underride or Override Noted,0,No Rollover,0,No Rollover,12,12 Clock Point,9,Unknown,2,Towed Due to Disabling Damage,12,Motor Vehicle In-Transport,0,,0,,0,No or Not Reported,1,Yes,41,Oregon,97304,97304,6,Valid,1,Full Driver License,0,No (CDL),0,No Endorsements required for this vehicle,3,Valid license for this class vehicle,0,No Restrictions or Not Applicable,75,75,260,260 lbs.,0,,3,3,0,,2,2,2,2,8,August,2012,2012,6,June,2016,2016,0,No,0,,0,,0,,0,,1,"Two-Way, Not Divided",2,Two lanes,55,55 MPH,1,Straight,2,"Grade, Unknown Slope",2,"Blacktop, Bituminous, or Asphalt",1,Dry,0,No Controls,0,No Controls,1,Going Straight,62,From opposite direction  over left lane line,99,Unknown/Not Reported,1,Tracking,1,Stayed in original travel lane,98,M98-Other Crash Type,0,0,No,777777777777,No Trailing Units,777777777777,No Trailing Units,777777777777,No Trailing Units
41,Oregon,410193,5,10,1,01,27,27,5,May,22,10:00pm-10:59pm,34,34,12,Motor Vehicle In-Transport,2,Front-to-Front,1,Motor Vehicle In-Transport (Inside or Outside the Trafficway),0,No,41,Oregon,1,Driver (in this crash) was  Registered Owner,72,Harley-Davidson,706,72706,Harley-Davidson 750cc or greater,80,Two Wheel Motorcycle (excluding motor scooters),2009,2009,1HD1GY4189K3,1HD1GY4189K3,1,H,D,1,G,Y,4,1,8,9,K,3,0,No Trailing Units,0,Not an Articulated Vehicle,0,Not Applicable,000000000,Not Applicable,00000000000,Not Applicable,0,Not Applicable,0,Not Applicable,0,Not Applicable (N/A),1,No,0,Not Applicable,0,Not Applicable,0,Not Applicable,0,Not Applicable,0,Not a Bus,0,No Special Use,0,Not Applicable,998,Not Reported,0,No Underride or Override Noted,0,No Rollover,0,No Rollover,12,12 Clock Point,9,Unknown,2,Towed Due to Disabling Damage,12,Motor Vehicle In-Transport,0,,0,,0,No or Not Reported,1,Yes,41,Oregon,97301,97301,6,Valid,1,Full Driver License,0,No (CDL),0,No Endorsements required for this vehicle,3,Valid license for this class vehicle,0,No Restrictions or Not Applicable,77,77,300,300 lbs.,0,,0,,0,,1,1,1,1,10,October,2014,2014,10,October,2015,2015,0,No,0,,0,,0,,0,,1,"Two-Way, Not Divided",2,Two lanes,55,55 MPH,1,Straight,2,"Grade, Unknown Slope",2,"Blacktop, Bituminous, or Asphalt",1,Dry,0,No Controls,0,No Controls,1,Going Straight,62,From opposite direction  over left lane line,99,Unknown/Not Reported,1,Tracking,1,Stayed in original travel lane,98,M98-Other Crash Type,0,0,No,777777777777,No Trailing Units,777777777777,No Trailing Units,777777777777,No Trailing Units
41,Oregon,410193,6,10,1,01,27,27,5,May,22,10:00pm-10:59pm,34,34,12,Motor Vehicle In-Transport,2,Front-to-Front,1,Motor Vehicle In-Transport (Inside or Outside the Trafficway),0,No,53,Washington,1,Driver (in this crash) was  Registered Owner,72,Harley-Davidson,706,72706,Harley-Davidson 750cc or greater,80,Two Wheel Motorcycle (excluding motor scooters),1988,1988,1HD1FAL14JY5,1HD1FAL14JY5,1,H,D,1,F,A,L,1,4,J,Y,5,0,No Trailing Units,0,Not an Articulated Vehicle,0,Not Applicable,000000000,Not Applicable,00000000000,Not Applicable,0,Not Applicable,0,Not Applicable,0,Not Applicable (N/A),1,No,0,Not Applicable,0,Not Applicable,0,Not Applicable,0,Not Applicable,0,Not a Bus,0,No Special Use,0,Not Applicable,998,Not Reported,0,No Underride or Override Noted,0,No Rollover,0,No Rollover,12,12 Clock Point,9,Unknown,2,Towed Due to Disabling Damage,12,Motor Vehicle In-Transport,0,,0,,0,No or Not Reported,1,Yes,53,Washington,98022,98022,6,Valid,1,Full Driver License,0,No (CDL),0,No Endorsements required for this vehicle,3,Valid license for this class vehicle,0,No Restrictions or Not Applicable,73,73,180,180 lbs.,0,,0,,0,,0,,0,,0,No Record,0,No Record,0,No Record,0,No Record,0,No,0,,0,,0,,0,,1,"Two-Way, Not Divided",2,Two lanes,55,55 MPH,1,Straight,2,"Grade, Unknown Slope",2,"Blacktop, Bituminous, or Asphalt",1,Dry,0,No Controls,0,No Controls,1,Going Straight,62,From opposite direction  over left lane line,99,Unknown/Not Reported,1,Tracking,1,Stayed in original travel lane,98,M98-Other Crash Type,1,0,No,777777777777,No Trailing Units,777777777777,No Trailing Units,777777777777,No Trailing Units
41,Oregon,410193,7,10,1,01,27,27,5,May,22,10:00pm-10:59pm,34,34,12,Motor Vehicle In-Transport,2,Front-to-Front,1,Motor Vehicle In-Transport (Inside or Outside the Trafficway),0,No,16,Idaho,1,Driver (in this crash) was  Registered Owner,72,Harley-Davidson,706,72706,Harley-Davidson 750cc or greater,80,Two Wheel Motorcycle (excluding motor scooters),1999,1999,1HD1FJV15XY6,1HD1FJV15XY6,1,H,D,1,F,J,V,1,5,X,Y,6,0,No Trailing Units,0,Not an Articulated Vehicle,0,Not Applicable,000000000,Not Applicable,00000000000,Not Applicable,0,Not Applicable,0,Not Applicable,0,Not Applicable (N/A),1,No,0,Not Applicable,0,Not Applicable,0,Not Applicable,0,Not Applicable,0,Not a Bus,0,No Special Use,0,Not Applicable,998,Not Reported,0,No Underride or Override Noted,0,No Rollover,0,No Rollover,12,12 Clock Point,9,Unknown,2,Towed Due to Disabling Damage,12,Motor Vehicle In-Transport,0,,0,,0,No or Not Reported,1,Yes,16,Idaho,83814,83814,6,Valid,1,Full Driver License,0,No (CDL),0,No Endorsements required for this vehicle,3,Valid license for this class vehicle,0,No Restrictions or Not Applicable,73,73,180,180 lbs.,0,,0,,0,,0,,0,,0,No Record,0,No Record,0,No Record,0,No Record,0,No,0,,0,,0,,0,,1,"Two-Way, Not Divided",2,Two lanes,55,55 MPH,1,Straight,2,"Grade, Unknown Slope",2,"Blacktop, Bituminous, or Asphalt",1,Dry,0,No Controls,0,No Controls,1,Going Straight,62,From opposite direction  over left lane line,99,Unknown/Not Reported,1,Tracking,1,Stayed in original travel lane,98,M98-Other Crash Type,1,0,No,777777777777,No Trailing Units,777777777777,No Trailing Units,777777777777,No Trailing Units
41,Oregon,410193,8,10,1,01,27,27,5,May,22,10:00pm-10:59pm,34,34,12,Motor Vehicle In-Transport,2,Front-to-Front,1,Motor Vehicle In-Transport (Inside or Outside the Trafficway),0,No,41,Oregon,1,Driver (in this crash) was  Registered Owner,72,Harley-Davidson,706,72706,Harley-Davidson 750cc or greater,80,Two Wheel Motorcycle (excluding motor scooters),2013,2013,1HD1GPM1XDC3,1HD1GPM1XDC3,1,H,D,1,G,P,M,1,X,D,C,3,0,No Trailing Units,0,Not an Articulated Vehicle,0,Not Applicable,000000000,Not Applicable,00000000000,Not Applicable,0,Not Applicable,0,Not Applicable,0,Not Applicable (N/A),1,No,0,Not Applicable,0,Not Applicable,0,Not Applicable,0,Not Applicable,0,Not a Bus,0,No Special Use,0,Not Applicable,998,Not Reported,0,No Underride or Override Noted,0,No Rollover,0,No Rollover,12,12 Clock Point,9,Unknown,2,Towed Due to Disabling Damage,12,Motor Vehicle In-Transport,0,,0,,0,No or Not Reported,1,Yes,41,Oregon,97233,97233,6,Valid,1,Full Driver License,0,No (CDL),0,No Endorsements required for this vehicle,3,Valid license for this class vehicle,0,No Restrictions or Not Applicable,71,71,225,225 lbs.,0,,0,,0,,2,2,0,,9,September,2015,2015,11,November,2015,2015,0,No,0,,0,,0,,0,,1,"Two-Way, Not Divided",2,Two lanes,55,55 MPH,1,Straight,2,"Grade, Unknown Slope",2,"Blacktop, Bituminous, or Asphalt",1,Dry,0,No Controls,0,No Controls,1,Going Straight,62,From opposite direction  over left lane line,99,Unknown/Not Reported,1,Tracking,1,Stayed in original travel lane,98,M98-Other Crash Type,1,1,Yes,777777777777,No Trailing Units,777777777777,No Trailing Units,777777777777,No Trailing Units
41,Oregon,410193,9,10,2,02,27,27,5,May,22,10:00pm-10:59pm,34,34,12,Motor Vehicle In-Transport,2,Front-to-Front,1,Motor Vehicle In-Transport (Inside or Outside the Trafficway),0,No,41,Oregon,1,Driver (in this crash) was  Registered Owner,72,Harley-Davidson,706,72706,Harley-Davidson 750cc or greater,80,Two Wheel Motorcycle (excluding motor scooters),2007,2007,1HD1GX4347K3,1HD1GX4347K3,1,H,D,1,G,X,4,3,4,7,K,3,0,No Trailing Units,0,Not an Articulated Vehicle,0,Not Applicable,000000000,Not Applicable,00000000000,Not Applicable,0,Not Applicable,0,Not Applicable,0,Not Applicable (N/A),1,No,0,Not Applicable,0,Not Applicable,0,Not Applicable,0,Not Applicable,0,Not a Bus,0,No Special Use,0,Not Applicable,998,Not Reported,0,No Underride or Override Noted,0,No Rollover,0,No Rollover,12,12 Clock Point,9,Unknown,2,Towed Due to Disabling Damage,12,Motor Vehicle In-Transport,0,,0,,0,No or Not Reported,1,Yes,41,Oregon,97106,97106,6,Valid,1,Full Driver License,0,No (CDL),0,No Endorsements required for this vehicle,3,Valid license for this class vehicle,1,Restrictions Complied With,75,75,260,260 lbs.,1,1,2,2,0,,0,,0,,12,December,2012,2012,1,January,2014,2014,0,No,0,,0,,0,,0,,1,"Two-Way, Not Divided",2,Two lanes,55,55 MPH,1,Straight,2,"Grade, Unknown Slope",2,"Blacktop, Bituminous, or Asphalt",1,Dry,0,No Controls,0,No Controls,1,Going Straight,62,From opposite direction  over left lane line,99,Unknown/Not Reported,1,Tracking,1,Stayed in original travel lane,98,M98-Other Crash Type,0,0,No,777777777777,No Trailing Units,777777777777,No Trailing Units,777777777777,No Trailing Units
41,Oregon,410193,10,10,1,01,27,27,5,May,22,10:00pm-10:59pm,34,34,12,Motor Vehicle In-Transport,2,Front-to-Front,1,Motor Vehicle In-Transport (Inside or Outside the Trafficway),0,No,41,Oregon,1,Driver (in this crash) was  Registered Owner,72,Harley-Davidson,706,72706,Harley-Davidson 750cc or greater,80,Two Wheel Motorcycle (excluding motor scooters),2008,2008,1HD1JA5128Y0,1HD1JA5128Y0,1,H,D,1,J,A,5,1,2,8,Y,0,0,No Trailing Units,0,Not an Articulated Vehicle,0,Not Applicable,000000000,Not Applicable,00000000000,Not Applicable,0,Not Applicable,0,Not Applicable,0,Not Applicable (N/A),1,No,0,Not Applicable,0,Not Applicable,0,Not Applicable,0,Not Applicable,0,Not a Bus,0,No Special Use,0,Not Applicable,998,Not Reported,0,No Underride or Override Noted,0,No Rollover,0,No Rollover,12,12 Clock Point,9,Unknown,2,Towed Due to Disabling Damage,12,Motor Vehicle In-Transport,0,,0,,0,No or Not Reported,1,Yes,41,Oregon,97525,97525,6,Valid,1,Full Driver License,0,No (CDL),0,No Endorsements required for this vehicle,3,Valid license for this class vehicle,0,No Restrictions or Not Applicable,74,74,180,180 lbs.,1,1,1,1,0,,3,3,0,,8,August,2013,2013,8,August,2015,2015,0,No,0,,0,,0,,0,,1,"Two-Way, Not Divided",2,Two lanes,55,55 MPH,1,Straight,2,"Grade, Unknown Slope",2,"Blacktop, Bituminous, or Asphalt",1,Dry,0,No Controls,0,No Controls,1,Going Straight,62,From opposite direction  over left lane line,99,Unknown/Not Reported,1,Tracking,1,Stayed in original travel lane,98,M98-Other Crash Type,0,0,No,777777777777,No Trailing Units,777777777777,No Trailing Units,777777777777,No Trailing Units
41,Oregon,410194,1,1,1,01,13,13,7,July,15,3:00pm-3:59pm,1,1,42,Tree (Standing Only),0,Not a Collision with Motor Vehicle In-Transport,1,Motor Vehicle In-Transport (Inside or Outside the Trafficway),0,No,41,Oregon,1,Driver (in this crash) was  Registered Owner,20,Chevrolet,471,20471,Chevrolet S-10/T-10 Pickup,34,Light Pickup,2000,2000,1GCCT19W8Y82,1GCCT19W8Y82,1,G,C,C,T,1,9,W,8,Y,8,2,0,No Trailing Units,0,Not an Articulated Vehicle,0,Not Applicable,000000000,Not Applicable,00000000000,Not Applicable,0,Not Applicable,0,Not Applicable,0,Not Applicable (N/A),1,No,0,Not Applicable,0,Not Applicable,0,Not Applicable,0,Not Applicable,0,Not a Bus,0,No Special Use,0,Not Applicable,998,Not Reported,0,No Underride or Override Noted,0,No Rollover,0,No Rollover,3,3 Clock Point,6,Disabling Damage,2,Towed Due to Disabling Damage,42,Tree (Standing Only),0,,0,,0,No or Not Reported,1,Yes,41,Oregon,97017,97017,6,Valid,1,Full Driver License,0,No (CDL),0,No Endorsements required for this vehicle,3,Valid license for this class vehicle,0,No Restrictions or Not Applicable,70,70,150,150 lbs.,0,,0,,0,,1,1,0,,10,October,2014,2014,10,October,2014,2014,9,Unknown,99,Unknown,99,Unknown,99,Unknown,99,Unknown,1,"Two-Way, Not Divided",2,Two lanes,98,Not Reported,1,Straight,2,"Grade, Unknown Slope",2,"Blacktop, Bituminous, or Asphalt",1,Dry,0,No Controls,0,No Controls,1,Going Straight,13,Off the edge of the road on the right side,99,Unknown/Not Reported,4,Skidding laterally counterclockwise rotation,4,Departed roadway,2,A2-Single Driver-Right Roadside Departure-Control/Traction Loss,1,0,No,777777777777,No Trailing Units,777777777777,No Trailing Units,777777777777,No Trailing Units
41,Oregon,410195,1,1,1,01,14,14,7,July,11,11:00am-11:59am,50,50,1,Rollover/Overturn,0,Not a Collision with Motor Vehicle In-Transport,1,Motor Vehicle In-Transport (Inside or Outside the Trafficway),0,No,41,Oregon,1,Driver (in this crash) was  Registered Owner,72,Harley-Davidson,706,72706,Harley-Davidson 750cc or greater,80,Two Wheel Motorcycle (excluding motor scooters),2017,2017,1HD1KBC19HB6,1HD1KBC19HB6,1,H,D,1,K,B,C,1,9,H,B,6,0,No Trailing Units,0,Not an Articulated Vehicle,0,Not Applicable,000000000,Not Applicable,00000000000,Not Applicable,0,Not Applicable,0,Not Applicable,0,Not Applicable (N/A),1,No,0,Not Applicable,0,Not Applicable,0,Not Applicable,0,Not Applicable,0,Not a Bus,0,No Special Use,0,Not Applicable,998,Not Reported,0,No Underride or Override Noted,0,No Rollover,0,No Rollover,0,Non-Collision,6,Disabling Damage,2,Towed Due to Disabling Damage,1,Rollover/Overturn,0,,0,,0,No or Not Reported,1,Yes,41,Oregon,97439,97439,6,Valid,1,Full Driver License,0,No (CDL),0,No Endorsements required for this vehicle,3,Valid license for this class vehicle,1,Restrictions Complied With,71,71,275,275 lbs.,0,,0,,0,,0,,0,,0,No Record,0,No Record,0,No Record,0,No Record,3,"Yes, Exceeded Speed Limit",99,Unknown,99,Unknown,99,Unknown,99,Unknown,1,"Two-Way, Not Divided",2,Two lanes,65,65 MPH,1,Straight,2,"Grade, Unknown Slope",2,"Blacktop, Bituminous, or Asphalt",1,Dry,0,No Controls,0,No Controls,1,Going Straight,13,Off the edge of the road on the right side,99,Unknown/Not Reported,1,Tracking,4,Departed roadway,1,A1-Single Driver-Right Roadside Departure-Drive Off Road,1,0,No,777777777777,No Trailing Units,777777777777,No Trailing Units,777777777777,No Trailing Units
41,Oregon,410196,1,1,1,01,14,14,7,July,0,0:00am-0:59am,46,46,8,Pedestrian,0,Not a Collision with Motor Vehicle In-Transport,1,Motor Vehicle In-Transport (Inside or Outside the Trafficway),0,No,41,Oregon,1,Driver (in this crash) was  Registered Owner,35,Datsun/Nissan,47,35047,Datsun/Nissan Altima,4,"4-door sedan, hardtop",2013,2013,1N4AL3AP4DN5,1N4AL3AP4DN5,1,N,4,A,L,3,A,P,4,D,N,5,0,No Trailing Units,0,Not an Articulated Vehicle,0,Not Applicable,000000000,Not Applicable,00000000000,Not Applicable,0,Not Applicable,0,Not Applicable,0,Not Applicable (N/A),1,No,0,Not Applicable,0,Not Applicable,0,Not Applicable,0,Not Applicable,0,Not a Bus,0,No Special Use,0,Not Applicable,998,Not Reported,0,No Underride or Override Noted,0,No Rollover,0,No Rollover,12,12 Clock Point,9,Unknown,5,Not Towed,8,Pedestrian,0,,0,,0,No or Not Reported,1,Yes,41,Oregon,97266,97266,1,Suspended,1,Full Driver License,0,No (CDL),0,No Endorsements required for this vehicle,2,No valid license for this class vehicle,0,No Restrictions or Not Applicable,70,70,180,180 lbs.,0,,5,5,0,,1,1,1,1,1,January,2016,2016,6,June,2017,2017,9,Unknown,99,Unknown,99,Unknown,99,Unknown,99,Unknown,2,"Two-Way, Divided, Unprotected Median",2,Two lanes,98,Not Reported,1,Straight,1,Level,2,"Blacktop, Bituminous, or Asphalt",1,Dry,0,No Controls,0,No Controls,1,Going Straight,80,Pedestrian in road,1,No Avoidance Maneuver,1,Tracking,1,Stayed in original travel lane,13,C13-Single Driver-Forward Impact-Pedestrian/ Animal,0,0,No,777777777777,No Trailing Units,777777777777,No Trailing Units,777777777777,No Trailing Units
41,Oregon,410197,1,2,1,01,20,20,7,July,23,11:00pm-11:59pm,55,55,12,Motor Vehicle In-Transport,1,Front-to-Rear,1,Motor Vehicle In-Transport (Inside or Outside the Trafficway),0,No,93,Multiple State Registration,3,Vehicle Registered as Business/Company/Government Vehicle,84,International Harvester/Navistar,881,84881,International Harvester/Navistar Medium/Heavy - CBE,66,"Truck-tractor (Cab only, or with any number of trailing unit; any weight)",2012,2012,3HSDJSJR5CN5,3HSDJSJR5CN5,3,H,S,D,J,S,J,R,5,C,N,5,1,One Trailing Unit,1,No,57,US DOT,2334119,2334119,572334119,572334119,3,"26,001 lbs. or more",6,Truck Tractor/Semi-Trailer,1,Van/Enclosed Box,1,No,0,Not Applicable,0,Not Applicable,0,Not Applicable,0,Not Applicable,0,Not a Bus,0,No Special Use,0,Not Applicable,998,Not Reported,0,No Underride or Override Noted,0,No Rollover,0,No Rollover,12,12 Clock Point,8,Not Reported,2,Towed Due to Disabling Damage,12,Motor Vehicle In-Transport,0,,0,,0,No or Not Reported,1,Yes,41,Oregon,97217,97217,6,Valid,1,Full Driver License,6,Valid,0,No Endorsements required for this vehicle,3,Valid license for this class vehicle,1,Restrictions Complied With,72,72,262,262 lbs.,0,,0,,0,,0,,0,,0,No Record,0,No Record,0,No Record,0,No Record,0,No,0,,0,,0,,0,,1,"Two-Way, Not Divided",3,Three lanes,35,35 MPH,1,Straight,1,Level,2,"Blacktop, Bituminous, or Asphalt",1,Dry,0,No Controls,0,No Controls,1,Going Straight,51,Traveling in same direction with lower steady speed,99,Unknown/Not Reported,1,Tracking,1,Stayed in original travel lane,24,"D24-Same Trafficway, Same Direction-Rear End-Slower",0,0,No,999999999999,Unknown,777777777777,No Trailing Units,777777777777,No Trailing Units
41,Oregon,410197,2,2,3,03,20,20,7,July,23,11:00pm-11:59pm,55,55,12,Motor Vehicle In-Transport,1,Front-to-Rear,1,Motor Vehicle In-Transport (Inside or Outside the Trafficway),0,No,0,Not Applicable,0,"Not Applicable, Vehicle Not Registered",98,Other Make,998,98998,Other Make Other (vehicle),92,Farm equipment other than trucks,2013,2013,SR1306,SR1306,S,R,1,3,0,6,,,,,,,0,No Trailing Units,0,Not an Articulated Vehicle,0,Not Applicable,000000000,Not Applicable,00000000000,Not Applicable,0,Not Applicable,0,Not Applicable,0,Not Applicable (N/A),1,No,0,Not Applicable,0,Not Applicable,0,Not Applicable,0,Not Applicable,0,Not a Bus,0,No Special Use,0,Not Applicable,998,Not Reported,0,No Underride or Override Noted,0,No Rollover,0,No Rollover,6,6 Clock Point,8,Not Reported,5,Not Towed,12,Motor Vehicle In-Transport,0,,0,,0,No or Not Reported,1,Yes,41,Oregon,97071,97071,9,Unknown License Status,9,Unknown License Type,99,Unknown License Status,9,"Unknown, if required",9,Unknown,9,Unknown,999,Unknown,999,Unknown,99,Unknown,99,Unknown,99,Unknown,99,Unknown,99,Unknown,99,Unknown,9999,Unknown,99,Unknown,9999,Unknown,0,No,0,,0,,0,,0,,1,"Two-Way, Not Divided",3,Three lanes,35,35 MPH,1,Straight,1,Level,2,"Blacktop, Bituminous, or Asphalt",1,Dry,0,No Controls,0,No Controls,1,Going Straight,53,Traveling in same direction with higher speed,99,Unknown/Not Reported,1,Tracking,1,Stayed in original travel lane,25,"D25-Same Trafficway, Same Direction-Rear End-Slower, Going Straight",1,0,No,777777777777,No Trailing Units,777777777777,No Trailing Units,777777777777,No Trailing Units
41,Oregon,410198,1,1,1,01,15,15,7,July,1,1:00am-1:59am,5,5,1,Rollover/Overturn,0,Not a Collision with Motor Vehicle In-Transport,1,Motor Vehicle In-Transport (Inside or Outside the Trafficway),0,No,41,Oregon,0,"Not Applicable, Vehicle Not Registered",72,Harley-Davidson,706,72706,Harley-Davidson 750cc or greater,80,Two Wheel Motorcycle (excluding motor scooters),2005,2005,1HD1JDB135Y0,1HD1JDB135Y0,1,H,D,1,J,D,B,1,3,5,Y,0,0,No Trailing Units,0,Not an Articulated Vehicle,0,Not Applicable,000000000,Not Applicable,00000000000,Not Applicable,0,Not Applicable,0,Not Applicable,0,Not Applicable (N/A),1,No,0,Not Applicable,0,Not Applicable,0,Not Applicable,0,Not Applicable,0,Not a Bus,0,No Special Use,0,Not Applicable,998,Not Reported,0,No Underride or Override Noted,0,No Rollover,0,No Rollover,0,Non-Collision,6,Disabling Damage,2,Towed Due to Disabling Damage,1,Rollover/Overturn,0,,0,,0,No or Not Reported,1,Yes,41,Oregon,97918,97918,6,Valid,1,Full Driver License,0,No (CDL),0,No Endorsements required for this vehicle,3,Valid license for this class vehicle,0,No Restrictions or Not Applicable,70,70,215,215 lbs.,0,,0,,0,,0,,0,,0,No Record,0,No Record,0,No Record,0,No Record,9,Unknown,99,Unknown,99,Unknown,99,Unknown,99,Unknown,1,"Two-Way, Not Divided",2,Two lanes,98,Not Reported,1,Straight,1,Level,2,"Blacktop, Bituminous, or Asphalt",1,Dry,0,No Controls,0,No Controls,1,Going Straight,12,Off the edge of the road on the left side,99,Unknown/Not Reported,1,Tracking,4,Departed roadway,6,B6-Single Driver-Left Roadside Departure-Drive Off Road,1,1,Yes,777777777777,No Trailing Units,777777777777,No Trailing Units,777777777777,No Trailing Units
41,Oregon,410199,1,1,2,02,16,16,7,July,16,4:00pm-4:59pm,59,59,1,Rollover/Overturn,0,Not a Collision with Motor Vehicle In-Transport,1,Motor Vehicle In-Transport (Inside or Outside the Trafficway),0,No,41,Oregon,1,Driver (in this crash) was  Registered Owner,20,Chevrolet,441,20441,Chevrolet Astro Van,20,"Minivan (Chrysler Town and Country, Caravan, Grand Caravan, Voyager, Voyager, Honda-Odyssey, ...)",2002,2002,1GNEL19X22B1,1GNEL19X22B1,1,G,N,E,L,1,9,X,2,2,B,1,0,No Trailing Units,0,Not an Articulated Vehicle,0,Not Applicable,000000000,Not Applicable,00000000000,Not Applicable,0,Not Applicable,0,Not Applicable,0,Not Applicable (N/A),1,No,0,Not Applicable,0,Not Applicable,0,Not Applicable,0,Not Applicable,0,Not a Bus,0,No Special Use,0,Not Applicable,998,Not Reported,0,No Underride or Override Noted,1,"Rollover, Tripped by Object/Vehicle",5,On Roadside,0,Non-Collision,8,Not Reported,2,Towed Due to Disabling Damage,1,Rollover/Overturn,0,,0,,0,No or Not Reported,1,Yes,41,Oregon,97401,97401,6,Valid,1,Full Driver License,0,No (CDL),0,No Endorsements required for this vehicle,3,Valid license for this class vehicle,0,No Restrictions or Not Applicable,67,67,125,125 lbs.,0,,0,,0,,0,,0,,0,No Record,0,No Record,0,No Record,0,No Record,0,No,0,,0,,0,,0,,2,"Two-Way, Divided, Unprotected Median",2,Two lanes,65,65 MPH,1,Straight,1,Level,2,"Blacktop, Bituminous, or Asphalt",1,Dry,0,No Controls,0,No Controls,1,Going Straight,3,"Disabling vehicle failure (e.g., wheel fell off) (specify:)",99,Unknown/Not Reported,1,Tracking,4,Departed roadway,1,A1-Single Driver-Right Roadside Departure-Drive Off Road,1,0,No,777777777777,No Trailing Units,777777777777,No Trailing Units,777777777777,No Trailing Units
41,Oregon,410200,1,1,1,01,19,19,7,July,23,11:00pm-11:59pm,55,55,1,Rollover/Overturn,0,Not a Collision with Motor Vehicle In-Transport,1,Motor Vehicle In-Transport (Inside or Outside the Trafficway),0,No,41,Oregon,2,Driver (in this crash) Not Registered Owner (Other Private Owner Listed),51,Volvo,47,51047,Volvo 60 Series,4,"4-door sedan, hardtop",2001,2001,YV1RS58DX120,YV1RS58DX120,Y,V,1,R,S,5,8,D,X,1,2,0,0,No Trailing Units,0,Not an Articulated Vehicle,0,Not Applicable,000000000,Not Applicable,00000000000,Not Applicable,0,Not Applicable,0,Not Applicable,0,Not Applicable (N/A),1,No,0,Not Applicable,0,Not Applicable,0,Not Applicable,0,Not Applicable,0,Not a Bus,0,No Special Use,0,Not Applicable,998,Not Reported,0,No Underride or Override Noted,1,"Rollover, Tripped by Object/Vehicle",6,Outside of Trafficway,0,Non-Collision,6,Disabling Damage,2,Towed Due to Disabling Damage,1,Rollover/Overturn,0,,0,,1,Yes,1,Yes,41,Oregon,97402,97402,0,Not licensed,0,Not Licensed,0,No (CDL),0,No Endorsements required for this vehicle,0,Not licensed,0,No Restrictions or Not Applicable,999,Unknown,999,Unknown,0,,0,,0,,0,,0,,0,No Record,0,No Record,0,No Record,0,No Record,9,Unknown,99,Unknown,99,Unknown,99,Unknown,99,Unknown,1,"Two-Way, Not Divided",2,Two lanes,98,Not Reported,1,Straight,2,"Grade, Unknown Slope",2,"Blacktop, Bituminous, or Asphalt",1,Dry,0,No Controls,0,No Controls,1,Going Straight,13,Off the edge of the road on the right side,99,Unknown/Not Reported,1,Tracking,4,Departed roadway,1,A1-Single Driver-Right Roadside Departure-Drive Off Road,1,0,No,777777777777,No Trailing Units,777777777777,No Trailing Units,777777777777,No Trailing Units
41,Oregon,410201,1,1,1,01,21,21,7,July,20,8:00pm-8:59pm,59,59,34,Ditch,0,Not a Collision with Motor Vehicle In-Transport,1,Motor Vehicle In-Transport (Inside or Outside the Trafficway),0,No,41,Oregon,2,Driver (in this crash) Not Registered Owner (Other Private Owner Listed),12,Ford,471,12471,Ford Ranger,34,Light Pickup,2002,2002,1FTZR45E62PA,1FTZR45E62PA,1,F,T,Z,R,4,5,E,6,2,P,A,0,No Trailing Units,0,Not an Articulated Vehicle,0,Not Applicable,000000000,Not Applicable,00000000000,Not Applicable,0,Not Applicable,0,Not Applicable,0,Not Applicable (N/A),1,No,0,Not Applicable,0,Not Applicable,0,Not Applicable,0,Not Applicable,0,Not a Bus,0,No Special Use,0,Not Applicable,998,Not Reported,0,No Underride or Override Noted,0,No Rollover,0,No Rollover,4,4 Clock Point,6,Disabling Damage,2,Towed Due to Disabling Damage,34,Ditch,0,,0,,0,No or Not Reported,1,Yes,41,Oregon,97488,97488,6,Valid,1,Full Driver License,0,No (CDL),0,No Endorsements required for this vehicle,3,Valid license for this class vehicle,0,No Restrictions or Not Applicable,67,67,140,140 lbs.,0,,0,,0,,1,1,0,,7,July,2013,2013,7,July,2013,2013,9,Unknown,99,Unknown,99,Unknown,99,Unknown,99,Unknown,1,"Two-Way, Not Divided",2,Two lanes,55,55 MPH,4,Curve - Unknown Direction,2,"Grade, Unknown Slope",2,"Blacktop, Bituminous, or Asphalt",1,Dry,0,No Controls,0,No Controls,14,Negotiating a Curve,19,Unknown travel direction,99,Unknown/Not Reported,1,Tracking,4,Departed roadway,99,M99-Unknown,1,1,Yes,777777777777,No Trailing Units,777777777777,No Trailing Units,777777777777,No Trailing Units
41,Oregon,410202,1,2,1,01,22,22,7,July,3,3:00am-3:59am,54,54,12,Motor Vehicle In-Transport,2,Front-to-Front,1,Motor Vehicle In-Transport (Inside or Outside the Trafficway),0,No,41,Oregon,1,Driver (in this crash) was  Registered Owner,49,Toyota,32,49032,Toyota Corolla,4,"4-door sedan, hardtop",2008,2008,1NXBR32E08Z0,1NXBR32E08Z0,1,N,X,B,R,3,2,E,0,8,Z,0,0,No Trailing Units,0,Not an Articulated Vehicle,0,Not Applicable,000000000,Not Applicable,00000000000,Not Applicable,0,Not Applicable,0,Not Applicable,0,Not Applicable (N/A),1,No,0,Not Applicable,0,Not Applicable,0,Not Applicable,0,Not Applicable,0,Not a Bus,0,No Special Use,0,Not Applicable,998,Not Reported,0,No Underride or Override Noted,0,No Rollover,0,No Rollover,12,12 Clock Point,6,Disabling Damage,2,Towed Due to Disabling Damage,12,Motor Vehicle In-Transport,0,,0,,0,No or Not Reported,1,Yes,41,Oregon,97338,97338,6,Valid,1,Full Driver License,0,No (CDL),0,No Endorsements required for this vehicle,3,Valid license for this class vehicle,0,No Restrictions or Not Applicable,75,75,230,230 lbs.,0,,0,,0,,0,,0,,0,No Record,0,No Record,0,No Record,0,No Record,0,No,0,,0,,0,,0,,1,"Two-Way, Not Divided",2,Two lanes,55,55 MPH,1,Straight,1,Level,2,"Blacktop, Bituminous, or Asphalt",1,Dry,0,No Controls,0,No Controls,1,Going Straight,13,Off the edge of the road on the right side,99,Unknown/Not Reported,1,Tracking,4,Departed roadway,50,"G50-Same Trafficway, Opposite Direction-Head-On-Lateral Move (Left/Right)",0,0,No,777777777777,No Trailing Units,777777777777,No Trailing Units,777777777777,No Trailing Units
41,Oregon,410202,2,2,2,02,22,22,7,July,3,3:00am-3:59am,54,54,12,Motor Vehicle In-Transport,2,Front-to-Front,1,Motor Vehicle In-Transport (Inside or Outside the Trafficway),0,No,41,Oregon,2,Driver (in this crash) Not Registered Owner (Other Private Owner Listed),37,Honda,31,37031,"Honda Civic/CRX, del Sol",4,"4-door sedan, hardtop",1990,1990,1HGED3651LL0,1HGED3651LL0,1,H,G,E,D,3,6,5,1,L,L,0,0,No Trailing Units,0,Not an Articulated Vehicle,0,Not Applicable,000000000,Not Applicable,00000000000,Not Applicable,0,Not Applicable,0,Not Applicable,0,Not Applicable (N/A),1,No,0,Not Applicable,0,Not Applicable,0,Not Applicable,0,Not Applicable,0,Not a Bus,0,No Special Use,0,Not Applicable,998,Not Reported,0,No Underride or Override Noted,0,No Rollover,0,No Rollover,12,12 Clock Point,6,Disabling Damage,2,Towed Due to Disabling Damage,12,Motor Vehicle In-Transport,0,,0,,0,No or Not Reported,1,Yes,41,Oregon,97361,97361,6,Valid,1,Full Driver License,0,No (CDL),0,No Endorsements required for this vehicle,3,Valid license for this class vehicle,0,No Restrictions or Not Applicable,64,64,230,230 lbs.,1,1,0,,0,,1,1,1,1,9,September,2014,2014,2,February,2016,2016,0,No,0,,0,,0,,0,,1,"Two-Way, Not Divided",2,Two lanes,55,55 MPH,1,Straight,1,Level,2,"Blacktop, Bituminous, or Asphalt",1,Dry,0,No Controls,0,No Controls,1,Going Straight,63,From opposite direction  over right lane line,99,Unknown/Not Reported,1,Tracking,5,Remained off roadway,51,"G51-Same Trafficway, Opposite Direction-Head-On-Lateral Move (Going Straight)",1,0,No,777777777777,No Trailing Units,777777777777,No Trailing Units,777777777777,No Trailing Units
41,Oregon,410203,1,2,1,01,23,23,7,July,21,9:00pm-9:59pm,52,52,12,Motor Vehicle In-Transport,2,Front-to-Front,1,Motor Vehicle In-Transport (Inside or Outside the Trafficway),0,No,41,Oregon,1,Driver (in this crash) was  Registered Owner,23,GMC,431,23431,GMC Suburban/Yukon XL (2000 on) (1950-2003 only; see 422 for 2004 on),16,"Utility station wagon (includes suburban limousines, Suburban, Travellall, Grand Wagoneer)",1996,1996,1GKFK16R9TJ7,1GKFK16R9TJ7,1,G,K,F,K,1,6,R,9,T,J,7,0,No Trailing Units,0,Not an Articulated Vehicle,0,Not Applicable,000000000,Not Applicable,00000000000,Not Applicable,0,Not Applicable,0,Not Applicable,0,Not Applicable (N/A),1,No,0,Not Applicable,0,Not Applicable,0,Not Applicable,0,Not Applicable,0,Not a Bus,0,No Special Use,0,Not Applicable,998,Not Reported,0,No Underride or Override Noted,0,No Rollover,0,No Rollover,12,12 Clock Point,6,Disabling Damage,2,Towed Due to Disabling Damage,12,Motor Vehicle In-Transport,0,,0,,0,No or Not Reported,1,Yes,41,Oregon,97502,97502,6,Valid,1,Full Driver License,0,No (CDL),0,No Endorsements required for this vehicle,3,Valid license for this class vehicle,1,Restrictions Complied With,71,71,185,185 lbs.,0,,0,,0,,0,,0,,0,No Record,0,No Record,0,No Record,0,No Record,5,"Yes, Specifics Unknown",35,Passing with Insufficient Distance or Inadequate Visibility or Failing to Yield to Overtaking Vehicle,0,,0,,0,,1,"Two-Way, Not Divided",2,Two lanes,55,55 MPH,1,Straight,1,Level,2,"Blacktop, Bituminous, or Asphalt",1,Dry,0,No Controls,0,No Controls,6,Passing or Overtaking Another Vehicle,10,Over the lane line on left side of travel lane,99,Unknown/Not Reported,1,Tracking,2,"Stayed on roadway, but left original travel lane",50,"G50-Same Trafficway, Opposite Direction-Head-On-Lateral Move (Left/Right)",1,0,No,777777777777,No Trailing Units,777777777777,No Trailing Units,777777777777,No Trailing Units
41,Oregon,410203,2,2,4,04,23,23,7,July,21,9:00pm-9:59pm,52,52,12,Motor Vehicle In-Transport,2,Front-to-Front,1,Motor Vehicle In-Transport (Inside or Outside the Trafficway),0,No,49,Utah,2,Driver (in this crash) Not Registered Owner (Other Private Owner Listed),12,Ford,850,12850,Ford Motorhome,65,Medium/heavy truck based motorhome,1994,1994,3FCMF53G8RJA,3FCMF53G8RJA,3,F,C,M,F,5,3,G,8,R,J,A,0,No Trailing Units,0,Not an Articulated Vehicle,88,,888888888,,88888888888,,2,"10,001 lbs - 26,000 lbs",19,"Truck More Than 10,000 lbs, Cannot Classify",97,Other,1,No,0,Not Applicable,0,Not Applicable,0,Not Applicable,0,Not Applicable,0,Not a Bus,0,No Special Use,0,Not Applicable,998,Not Reported,0,No Underride or Override Noted,0,No Rollover,0,No Rollover,12,12 Clock Point,6,Disabling Damage,2,Towed Due to Disabling Damage,12,Motor Vehicle In-Transport,0,,0,,0,No or Not Reported,1,Yes,49,Utah,84062,84062,6,Valid,1,Full Driver License,0,No (CDL),0,No Endorsements required for this vehicle,3,Valid license for this class vehicle,0,No Restrictions or Not Applicable,73,73,270,270 lbs.,98,Crashes Not Reported on Driving Record,0,,0,,0,,0,,0,No Record,0,No Record,0,No Record,0,No Record,0,No,0,,0,,0,,0,,1,"Two-Way, Not Divided",2,Two lanes,55,55 MPH,1,Straight,1,Level,2,"Blacktop, Bituminous, or Asphalt",1,Dry,0,No Controls,0,No Controls,1,Going Straight,62,From opposite direction  over left lane line,99,Unknown/Not Reported,1,Tracking,1,Stayed in original travel lane,51,"G51-Same Trafficway, Opposite Direction-Head-On-Lateral Move (Going Straight)",0,0,No,777777777777,No Trailing Units,777777777777,No Trailing Units,777777777777,No Trailing Units
41,Oregon,410204,1,1,1,01,23,23,7,July,20,8:00pm-8:59pm,19,19,34,Ditch,0,Not a Collision with Motor Vehicle In-Transport,1,Motor Vehicle In-Transport (Inside or Outside the Trafficway),0,No,41,Oregon,1,Driver (in this crash) was  Registered Owner,72,Harley-Davidson,706,72706,Harley-Davidson 750cc or greater,80,Two Wheel Motorcycle (excluding motor scooters),2006,2006,1HD1GM1156K3,1HD1GM1156K3,1,H,D,1,G,M,1,1,5,6,K,3,0,No Trailing Units,0,Not an Articulated Vehicle,0,Not Applicable,000000000,Not Applicable,00000000000,Not Applicable,0,Not Applicable,0,Not Applicable,0,Not Applicable (N/A),1,No,0,Not Applicable,0,Not Applicable,0,Not Applicable,0,Not Applicable,0,Not a Bus,0,No Special Use,0,Not Applicable,998,Not Reported,0,No Underride or Override Noted,0,No Rollover,0,No Rollover,98,Not Reported,8,Not Reported,2,Towed Due to Disabling Damage,34,Ditch,0,,0,,0,No or Not Reported,1,Yes,41,Oregon,97539,97539,6,Valid,1,Full Driver License,0,No (CDL),0,No Endorsements required for this vehicle,3,Valid license for this class vehicle,0,No Restrictions or Not Applicable,68,68,140,140 lbs.,0,,0,,0,,1,1,0,,7,July,2013,2013,7,July,2013,2013,0,No,35,Passing with Insufficient Distance or Inadequate Visibility or Failing to Yield to Overtaking Vehicle,0,,0,,0,,1,"Two-Way, Not Divided",2,Two lanes,35,35 MPH,4,Curve - Unknown Direction,1,Level,2,"Blacktop, Bituminous, or Asphalt",1,Dry,0,No Controls,0,No Controls,6,Passing or Overtaking Another Vehicle,6,Traveling too fast for conditions,99,Unknown/Not Reported,1,Tracking,4,Departed roadway,6,B6-Single Driver-Left Roadside Departure-Drive Off Road,1,1,Yes,777777777777,No Trailing Units,777777777777,No Trailing Units,777777777777,No Trailing Units
41,Oregon,410205,1,1,1,01,24,24,7,July,2,2:00am-2:59am,51,51,8,Pedestrian,0,Not a Collision with Motor Vehicle In-Transport,1,Motor Vehicle In-Transport (Inside or Outside the Trafficway),0,No,41,Oregon,3,Vehicle Registered as Business/Company/Government Vehicle,38,Isuzu,882,38882,"Isuzu Medium/Heavy - COE, low entry",61,"Single-unit straight truck or Cab-Chassis (10,000 lbs. < GVWR < or = 19,500 lbs.)",2014,2014,JALC4W164E70,JALC4W164E70,J,A,L,C,4,W,1,6,4,E,7,0,0,No Trailing Units,0,Not an Articulated Vehicle,88,,888888888,,88888888888,,2,"10,001 lbs - 26,000 lbs",1,"Single-Unit Truck (2- axle and GVWR more than 10,000 lbs)",96,No Cargo Body Type,1,No,0,Not Applicable,0,Not Applicable,0,Not Applicable,0,Not Applicable,0,Not a Bus,0,No Special Use,0,Not Applicable,998,Not Reported,0,No Underride or Override Noted,0,No Rollover,0,No Rollover,12,12 Clock Point,8,Not Reported,5,Not Towed,8,Pedestrian,0,,0,,0,No or Not Reported,1,Yes,41,Oregon,97352,97352,6,Valid,1,Full Driver License,0,No (CDL),0,No Endorsements required for this vehicle,3,Valid license for this class vehicle,0,No Restrictions or Not Applicable,70,70,170,170 lbs.,1,1,1,1,0,,1,1,0,,2,February,2016,2016,5,May,2016,2016,4,"Yes, Too Fast for Conditions",0,,0,,0,,0,,3,"Two-Way,  Divided, Positive  Median Barrier",3,Three lanes,55,55 MPH,1,Straight,1,Level,2,"Blacktop, Bituminous, or Asphalt",1,Dry,0,No Controls,0,No Controls,1,Going Straight,80,Pedestrian in road,99,Unknown/Not Reported,1,Tracking,1,Stayed in original travel lane,13,C13-Single Driver-Forward Impact-Pedestrian/ Animal,0,0,No,777777777777,No Trailing Units,777777777777,No Trailing Units,777777777777,No Trailing Units
41,Oregon,410206,1,2,1,01,27,27,7,July,15,3:00pm-3:59pm,30,30,12,Motor Vehicle In-Transport,6,Angle,1,Motor Vehicle In-Transport (Inside or Outside the Trafficway),0,No,41,Oregon,1,Driver (in this crash) was  Registered Owner,76,Yamaha,706,76706,Yamaha 750cc or greater,80,Two Wheel Motorcycle (excluding motor scooters),2003,2003,JYAVP11Y23A0,JYAVP11Y23A0,J,Y,A,V,P,1,1,Y,2,3,A,0,0,No Trailing Units,0,Not an Articulated Vehicle,0,Not Applicable,000000000,Not Applicable,00000000000,Not Applicable,0,Not Applicable,0,Not Applicable,0,Not Applicable (N/A),1,No,0,Not Applicable,0,Not Applicable,0,Not Applicable,0,Not Applicable,0,Not a Bus,0,No Special Use,0,Not Applicable,998,Not Reported,0,No Underride or Override Noted,0,No Rollover,0,No Rollover,3,3 Clock Point,6,Disabling Damage,2,Towed Due to Disabling Damage,12,Motor Vehicle In-Transport,0,,0,,0,No or Not Reported,1,Yes,41,Oregon,97470,97470,6,Valid,1,Full Driver License,0,No (CDL),0,No Endorsements required for this vehicle,3,Valid license for this class vehicle,1,Restrictions Complied With,71,71,260,260 lbs.,0,,0,,0,,1,1,0,,6,June,2017,2017,6,June,2017,2017,4,"Yes, Too Fast for Conditions",35,Passing with Insufficient Distance or Inadequate Visibility or Failing to Yield to Overtaking Vehicle,0,,0,,0,,1,"Two-Way, Not Divided",2,Two lanes,55,55 MPH,2,Curve Right,1,Level,2,"Blacktop, Bituminous, or Asphalt",1,Dry,0,No Controls,0,No Controls,14,Negotiating a Curve,10,Over the lane line on left side of travel lane,99,Unknown/Not Reported,1,Tracking,2,"Stayed on roadway, but left original travel lane",64,"I64-Same Trafficway, Opposite Direction-Angle, Sideswipe-Lateral Move (Left/Right)",1,0,No,777777777777,No Trailing Units,777777777777,No Trailing Units,777777777777,No Trailing Units
41,Oregon,410206,2,2,1,01,27,27,7,July,15,3:00pm-3:59pm,30,30,12,Motor Vehicle In-Transport,6,Angle,1,Motor Vehicle In-Transport (Inside or Outside the Trafficway),0,No,53,Washington,3,Vehicle Registered as Business/Company/Government Vehicle,7,Dodge,422,7422,Dodge Durango (2004 on; see 402 for 1998-2003 models),15,"Large utility (ANSI D16.1 Utility Vehicle Categories and ""Full Size"" and ""Large"")",2015,2015,WADOL0000,WADOL0000,W,A,D,O,L,0,0,0,0,,,,0,No Trailing Units,0,Not an Articulated Vehicle,0,Not Applicable,000000000,Not Applicable,00000000000,Not Applicable,0,Not Applicable,0,Not Applicable,0,Not Applicable (N/A),1,No,0,Not Applicable,0,Not Applicable,0,Not Applicable,0,Not Applicable,0,Not a Bus,0,No Special Use,0,Not Applicable,998,Not Reported,0,No Underride or Override Noted,0,No Rollover,0,No Rollover,12,12 Clock Point,8,Not Reported,2,Towed Due to Disabling Damage,12,Motor Vehicle In-Transport,0,,0,,0,No or Not Reported,1,Yes,41,Oregon,97443,97443,6,Valid,1,Full Driver License,0,No (CDL),0,No Endorsements required for this vehicle,3,Valid license for this class vehicle,1,Restrictions Complied With,63,63,190,190 lbs.,0,,0,,0,,0,,0,,0,No Record,0,No Record,0,No Record,0,No Record,0,No,0,,0,,0,,0,,1,"Two-Way, Not Divided",2,Two lanes,55,55 MPH,3,Curve Left,1,Level,2,"Blacktop, Bituminous, or Asphalt",1,Dry,0,No Controls,0,No Controls,14,Negotiating a Curve,62,From opposite direction  over left lane line,99,Unknown/Not Reported,1,Tracking,1,Stayed in original travel lane,65,"I65-Same Trafficway, Opposite Direction-Angle, Sideswipe-Lateral Move (Going Straight)",0,0,No,777777777777,No Trailing Units,777777777777,No Trailing Units,777777777777,No Trailing Units
41,Oregon,410207,1,1,2,02,1,1,7,July,17,5:00pm-5:59pm,25,25,8,Pedestrian,0,Not a Collision with Motor Vehicle In-Transport,1,Motor Vehicle In-Transport (Inside or Outside the Trafficway),0,No,53,Washington,1,Driver (in this crash) was  Registered Owner,20,Chevrolet,441,20441,Chevrolet Astro Van,20,"Minivan (Chrysler Town and Country, Caravan, Grand Caravan, Voyager, Voyager, Honda-Odyssey, ...)",1999,1999,1GCDM19WXXB1,1GCDM19WXXB1,1,G,C,D,M,1,9,W,X,X,B,1,0,No Trailing Units,0,Not an Articulated Vehicle,0,Not Applicable,000000000,Not Applicable,00000000000,Not Applicable,0,Not Applicable,0,Not Applicable,0,Not Applicable (N/A),1,No,0,Not Applicable,0,Not Applicable,0,Not Applicable,0,Not Applicable,0,Not a Bus,0,No Special Use,0,Not Applicable,998,Not Reported,0,No Underride or Override Noted,0,No Rollover,0,No Rollover,12,12 Clock Point,8,Not Reported,2,Towed Due to Disabling Damage,8,Pedestrian,0,,0,,0,No or Not Reported,1,Yes,53,Washington,98663,98663,1,Suspended,1,Full Driver License,0,No (CDL),0,No Endorsements required for this vehicle,2,No valid license for this class vehicle,0,No Restrictions or Not Applicable,67,67,175,175 lbs.,0,,1,1,0,,0,,0,,12,December,2016,2016,12,December,2016,2016,0,No,36,"Operating the Vehicle in an Erratic, Reckless or Negligent Manner.",91,"Non-Traffic Violation Charged - manslaughter, homicide or other assault committed without malice.",0,,0,,5,"Two-Way, Not Divided With a Continuous Left-Turn Lane",5,Five lanes,35,35 MPH,1,Straight,1,Level,2,"Blacktop, Bituminous, or Asphalt",1,Dry,0,No Controls,0,No Controls,1,Going Straight,80,Pedestrian in road,99,Unknown/Not Reported,1,Tracking,1,Stayed in original travel lane,13,C13-Single Driver-Forward Impact-Pedestrian/ Animal,0,0,No,777777777777,No Trailing Units,777777777777,No Trailing Units,777777777777,No Trailing Units
41,Oregon,410208,1,1,1,01,2,2,7,July,18,6:00pm-6:59pm,19,19,1,Rollover/Overturn,0,Not a Collision with Motor Vehicle In-Transport,1,Motor Vehicle In-Transport (Inside or Outside the Trafficway),0,No,41,Oregon,1,Driver (in this crash) was  Registered Owner,18,Buick / Opel,5,18005,Buick / Opel Riviera,2,"2-door sedan,hardtop,coupe",1995,1995,1G4GD2216S47,1G4GD2216S47,1,G,4,G,D,2,2,1,6,S,4,7,0,No Trailing Units,0,Not an Articulated Vehicle,0,Not Applicable,000000000,Not Applicable,00000000000,Not Applicable,0,Not Applicable,0,Not Applicable,0,Not Applicable (N/A),1,No,0,Not Applicable,0,Not Applicable,0,Not Applicable,0,Not Applicable,0,Not a Bus,0,No Special Use,0,Not Applicable,998,Not Reported,0,No Underride or Override Noted,1,"Rollover, Tripped by Object/Vehicle",5,On Roadside,0,Non-Collision,8,Not Reported,2,Towed Due to Disabling Damage,1,Rollover/Overturn,0,,0,,0,No or Not Reported,1,Yes,41,Oregon,97305,97305,6,Valid,1,Full Driver License,0,No (CDL),0,No Endorsements required for this vehicle,3,Valid license for this class vehicle,3,"Restrictions, Compliance Unknown",67,67,180,180 lbs.,0,,0,,0,,0,,0,,0,No Record,0,No Record,0,No Record,0,No Record,4,"Yes, Too Fast for Conditions",99,Unknown,99,Unknown,99,Unknown,99,Unknown,1,"Two-Way, Not Divided",2,Two lanes,98,Not Reported,1,Straight,1,Level,2,"Blacktop, Bituminous, or Asphalt",1,Dry,0,No Controls,0,No Controls,1,Going Straight,12,Off the edge of the road on the left side,99,Unknown/Not Reported,1,Tracking,4,Departed roadway,6,B6-Single Driver-Left Roadside Departure-Drive Off Road,1,1,Yes,777777777777,No Trailing Units,777777777777,No Trailing Units,777777777777,No Trailing Units
41,Oregon,410209,1,2,1,01,3,3,7,July,7,7:00am-7:59am,59,59,12,Motor Vehicle In-Transport,2,Front-to-Front,1,Motor Vehicle In-Transport (Inside or Outside the Trafficway),0,No,41,Oregon,1,Driver (in this crash) was  Registered Owner,37,Honda,402,37402,Honda CR-V,14,"Compact Utility (Utility Vehicle Categories ""Small"" and ""Midsize"")",2008,2008,JHLRE48748C0,JHLRE48748C0,J,H,L,R,E,4,8,7,4,8,C,0,0,No Trailing Units,0,Not an Articulated Vehicle,0,Not Applicable,000000000,Not Applicable,00000000000,Not Applicable,0,Not Applicable,0,Not Applicable,0,Not Applicable (N/A),1,No,0,Not Applicable,0,Not Applicable,0,Not Applicable,0,Not Applicable,0,Not a Bus,0,No Special Use,0,Not Applicable,998,Not Reported,0,No Underride or Override Noted,0,No Rollover,0,No Rollover,12,12 Clock Point,6,Disabling Damage,2,Towed Due to Disabling Damage,12,Motor Vehicle In-Transport,0,,0,,0,No or Not Reported,1,Yes,41,Oregon,97477,97477,6,Valid,1,Full Driver License,0,No (CDL),0,No Endorsements required for this vehicle,3,Valid license for this class vehicle,1,Restrictions Complied With,67,67,150,150 lbs.,1,1,0,,0,,0,,0,,6,June,2015,2015,6,June,2015,2015,9,Unknown,28,Improper Lane Usage,0,,0,,0,,1,"Two-Way, Not Divided",2,Two lanes,55,55 MPH,2,Curve Right,1,Level,2,"Blacktop, Bituminous, or Asphalt",1,Dry,0,No Controls,0,No Controls,14,Negotiating a Curve,10,Over the lane line on left side of travel lane,99,Unknown/Not Reported,1,Tracking,2,"Stayed on roadway, but left original travel lane",50,"G50-Same Trafficway, Opposite Direction-Head-On-Lateral Move (Left/Right)",1,0,No,777777777777,No Trailing Units,777777777777,No Trailing Units,777777777777,No Trailing Units
41,Oregon,410209,2,2,1,01,3,3,7,July,7,7:00am-7:59am,59,59,12,Motor Vehicle In-Transport,2,Front-to-Front,1,Motor Vehicle In-Transport (Inside or Outside the Trafficway),0,No,53,Washington,3,Vehicle Registered as Business/Company/Government Vehicle,85,Kenworth,881,85881,Kenworth Medium/Heavy - CBE,66,"Truck-tractor (Cab only, or with any number of trailing unit; any weight)",2009,2009,1XKDD49X09R2,1XKDD49X09R2,1,X,K,D,D,4,9,X,0,9,R,2,1,One Trailing Unit,1,No,57,US DOT,2984643,2984643,572984643,572984643,3,"26,001 lbs. or more",6,Truck Tractor/Semi-Trailer,1,Van/Enclosed Box,1,No,0,Not Applicable,0,Not Applicable,0,Not Applicable,0,Not Applicable,0,Not a Bus,0,No Special Use,0,Not Applicable,998,Not Reported,0,No Underride or Override Noted,0,No Rollover,0,No Rollover,12,12 Clock Point,9,Unknown,2,Towed Due to Disabling Damage,12,Motor Vehicle In-Transport,0,,0,,0,No or Not Reported,1,Yes,53,Washington,98332,98332,6,Valid,1,Full Driver License,6,Valid,0,No Endorsements required for this vehicle,3,Valid license for this class vehicle,0,No Restrictions or Not Applicable,70,70,185,185 lbs.,0,,0,,0,,0,,1,1,5,May,2013,2013,5,May,2013,2013,0,No,0,,0,,0,,0,,1,"Two-Way, Not Divided",2,Two lanes,55,55 MPH,3,Curve Left,1,Level,2,"Blacktop, Bituminous, or Asphalt",1,Dry,0,No Controls,0,No Controls,14,Negotiating a Curve,62,From opposite direction  over left lane line,99,Unknown/Not Reported,1,Tracking,1,Stayed in original travel lane,51,"G51-Same Trafficway, Opposite Direction-Head-On-Lateral Move (Going Straight)",0,0,No,999999999999,Unknown,777777777777,No Trailing Units,777777777777,No Trailing Units
41,Oregon,410210,1,1,2,02,5,5,7,July,21,9:00pm-9:59pm,36,36,1,Rollover/Overturn,0,Not a Collision with Motor Vehicle In-Transport,1,Motor Vehicle In-Transport (Inside or Outside the Trafficway),0,No,41,Oregon,1,Driver (in this crash) was  Registered Owner,12,Ford,481,12481,Ford F-Series pickup,34,Light Pickup,1999,1999,1FTNF21F5XEA,1FTNF21F5XEA,1,F,T,N,F,2,1,F,5,X,E,A,0,No Trailing Units,0,Not an Articulated Vehicle,0,Not Applicable,000000000,Not Applicable,00000000000,Not Applicable,0,Not Applicable,0,Not Applicable,0,Not Applicable (N/A),1,No,0,Not Applicable,0,Not Applicable,0,Not Applicable,0,Not Applicable,0,Not a Bus,0,No Special Use,0,Not Applicable,998,Not Reported,0,No Underride or Override Noted,1,"Rollover, Tripped by Object/Vehicle",5,On Roadside,0,Non-Collision,6,Disabling Damage,2,Towed Due to Disabling Damage,1,Rollover/Overturn,0,,0,,0,No or Not Reported,1,Yes,41,Oregon,97537,97537,6,Valid,1,Full Driver License,0,No (CDL),0,No Endorsements required for this vehicle,3,Valid license for this class vehicle,0,No Restrictions or Not Applicable,72,72,220,220 lbs.,0,,1,1,0,,0,,0,,1,January,2016,2016,1,January,2016,2016,4,"Yes, Too Fast for Conditions",36,"Operating the Vehicle in an Erratic, Reckless or Negligent Manner.",91,"Non-Traffic Violation Charged - manslaughter, homicide or other assault committed without malice.",0,,0,,1,"Two-Way, Not Divided",2,Two lanes,45,45 MPH,3,Curve Left,1,Level,2,"Blacktop, Bituminous, or Asphalt",1,Dry,0,No Controls,0,No Controls,14,Negotiating a Curve,12,Off the edge of the road on the left side,99,Unknown/Not Reported,1,Tracking,4,Departed roadway,6,B6-Single Driver-Left Roadside Departure-Drive Off Road,1,1,Yes,777777777777,No Trailing Units,777777777777,No Trailing Units,777777777777,No Trailing Units
41,Oregon,410211,1,3,1,01,10,10,7,July,21,9:00pm-9:59pm,55,55,8,Pedestrian,0,Not a Collision with Motor Vehicle In-Transport,1,Motor Vehicle In-Transport (Inside or Outside the Trafficway),0,No,93,Multiple State Registration,3,Vehicle Registered as Business/Company/Government Vehicle,85,Kenworth,881,85881,Kenworth Medium/Heavy - CBE,66,"Truck-tractor (Cab only, or with any number of trailing unit; any weight)",2009,2009,1XKTD49X49J2,1XKTD49X49J2,1,X,K,T,D,4,9,X,4,9,J,2,1,One Trailing Unit,1,No,57,US DOT,2531621,2531621,572531621,572531621,3,"26,001 lbs. or more",6,Truck Tractor/Semi-Trailer,1,Van/Enclosed Box,1,No,0,Not Applicable,0,Not Applicable,0,Not Applicable,0,Not Applicable,0,Not a Bus,0,No Special Use,0,Not Applicable,998,Not Reported,0,No Underride or Override Noted,0,No Rollover,0,No Rollover,9,9 Clock Point,9,Unknown,5,Not Towed,8,Pedestrian,0,,0,,0,No or Not Reported,1,Yes,32,Nevada,89434,89434,6,Valid,1,Full Driver License,6,Valid,0,No Endorsements required for this vehicle,3,Valid license for this class vehicle,1,Restrictions Complied With,73,73,378,378 lbs.,0,,0,,0,,0,,1,1,6,June,2015,2015,6,June,2015,2015,0,No,0,,0,,0,,0,,3,"Two-Way,  Divided, Positive  Median Barrier",2,Two lanes,55,55 MPH,1,Straight,2,"Grade, Unknown Slope",2,"Blacktop, Bituminous, or Asphalt",1,Dry,0,No Controls,0,No Controls,1,Going Straight,80,Pedestrian in road,99,Unknown/Not Reported,1,Tracking,1,Stayed in original travel lane,13,C13-Single Driver-Forward Impact-Pedestrian/ Animal,0,0,No,1U9C452F8T10,1U9C452F8T10,777777777777,No Trailing Units,777777777777,No Trailing Units
41,Oregon,410211,2,3,1,01,10,10,7,July,21,9:00pm-9:59pm,55,55,8,Pedestrian,0,Not a Collision with Motor Vehicle In-Transport,1,Motor Vehicle In-Transport (Inside or Outside the Trafficway),0,No,93,Multiple State Registration,3,Vehicle Registered as Business/Company/Government Vehicle,87,Peterbilt,884,87884,Peterbilt Medium/Heavy - Unknown engine location,66,"Truck-tractor (Cab only, or with any number of trailing unit; any weight)",2014,2014,1XPHD49XXED2,1XPHD49XXED2,1,X,P,H,D,4,9,X,X,E,D,2,1,One Trailing Unit,1,No,57,US DOT,1607177,1607177,571607177,571607177,3,"26,001 lbs. or more",6,Truck Tractor/Semi-Trailer,1,Van/Enclosed Box,1,No,0,Not Applicable,0,Not Applicable,0,Not Applicable,0,Not Applicable,0,Not a Bus,0,No Special Use,0,Not Applicable,998,Not Reported,0,No Underride or Override Noted,0,No Rollover,0,No Rollover,98,Not Reported,8,Not Reported,5,Not Towed,8,Pedestrian,0,,0,,0,No or Not Reported,1,Yes,6,California,93280,93280,6,Valid,1,Full Driver License,6,Valid,0,No Endorsements required for this vehicle,3,Valid license for this class vehicle,1,Restrictions Complied With,64,64,195,195 lbs.,0,,0,,0,,0,,0,,0,No Record,0,No Record,0,No Record,0,No Record,0,No,0,,0,,0,,0,,3,"Two-Way,  Divided, Positive  Median Barrier",2,Two lanes,55,55 MPH,1,Straight,2,"Grade, Unknown Slope",2,"Blacktop, Bituminous, or Asphalt",1,Dry,0,No Controls,0,No Controls,1,Going Straight,80,Pedestrian in road,99,Unknown/Not Reported,1,Tracking,1,Stayed in original travel lane,98,M98-Other Crash Type,0,0,No,13N153204H15,13N153204H15,777777777777,No Trailing Units,777777777777,No Trailing Units
41,Oregon,410211,3,3,1,01,10,10,7,July,21,9:00pm-9:59pm,55,55,8,Pedestrian,0,Not a Collision with Motor Vehicle In-Transport,1,Motor Vehicle In-Transport (Inside or Outside the Trafficway),0,No,93,Multiple State Registration,3,Vehicle Registered as Business/Company/Government Vehicle,82,Freightliner,881,82881,Freightliner Medium/Heavy - CBE,66,"Truck-tractor (Cab only, or with any number of trailing unit; any weight)",1997,1997,1FUYDZYB1VP8,1FUYDZYB1VP8,1,F,U,Y,D,Z,Y,B,1,V,P,8,1,One Trailing Unit,1,No,57,US DOT,1607177,1607177,571607177,571607177,3,"26,001 lbs. or more",6,Truck Tractor/Semi-Trailer,1,Van/Enclosed Box,1,No,0,Not Applicable,0,Not Applicable,0,Not Applicable,0,Not Applicable,0,Not a Bus,0,No Special Use,0,Not Applicable,998,Not Reported,0,No Underride or Override Noted,0,No Rollover,0,No Rollover,98,Not Reported,9,Unknown,5,Not Towed,8,Pedestrian,0,,0,,0,No or Not Reported,1,Yes,53,Washington,97301,97301,6,Valid,1,Full Driver License,6,Valid,0,No Endorsements required for this vehicle,3,Valid license for this class vehicle,1,Restrictions Complied With,66,66,170,170 lbs.,0,,0,,0,,0,,0,,0,No Record,0,No Record,0,No Record,0,No Record,0,No,0,,0,,0,,0,,3,"Two-Way,  Divided, Positive  Median Barrier",2,Two lanes,55,55 MPH,1,Straight,2,"Grade, Unknown Slope",2,"Blacktop, Bituminous, or Asphalt",1,Dry,0,No Controls,0,No Controls,1,Going Straight,80,Pedestrian in road,99,Unknown/Not Reported,1,Tracking,1,Stayed in original travel lane,98,M98-Other Crash Type,0,0,No,1TTF48207X20,1TTF48207X20,777777777777,No Trailing Units,777777777777,No Trailing Units
41,Oregon,410212,1,2,3,03,28,28,7,July,17,5:00pm-5:59pm,2,2,12,Motor Vehicle In-Transport,2,Front-to-Front,1,Motor Vehicle In-Transport (Inside or Outside the Trafficway),0,No,6,California,2,Driver (in this crash) Not Registered Owner (Other Private Owner Listed),35,Datsun/Nissan,47,35047,Datsun/Nissan Altima,4,"4-door sedan, hardtop",2015,2015,1N4AL3AP1FN3,1N4AL3AP1FN3,1,N,4,A,L,3,A,P,1,F,N,3,0,No Trailing Units,0,Not an Articulated Vehicle,0,Not Applicable,000000000,Not Applicable,00000000000,Not Applicable,0,Not Applicable,0,Not Applicable,0,Not Applicable (N/A),1,No,0,Not Applicable,0,Not Applicable,0,Not Applicable,0,Not Applicable,0,Not a Bus,0,No Special Use,0,Not Applicable,998,Not Reported,0,No Underride or Override Noted,0,No Rollover,0,No Rollover,12,12 Clock Point,6,Disabling Damage,2,Towed Due to Disabling Damage,12,Motor Vehicle In-Transport,0,,0,,0,No or Not Reported,1,Yes,6,California,90037,90037,6,Valid,1,Full Driver License,0,No (CDL),0,No Endorsements required for this vehicle,3,Valid license for this class vehicle,0,No Restrictions or Not Applicable,72,72,160,160 lbs.,2,2,0,,0,,0,,0,,12,December,2015,2015,9,September,2016,2016,0,No,28,Improper Lane Usage,0,,0,,0,,1,"Two-Way, Not Divided",2,Two lanes,55,55 MPH,1,Straight,1,Level,2,"Blacktop, Bituminous, or Asphalt",1,Dry,0,No Controls,0,No Controls,1,Going Straight,10,Over the lane line on left side of travel lane,99,Unknown/Not Reported,1,Tracking,2,"Stayed on roadway, but left original travel lane",50,"G50-Same Trafficway, Opposite Direction-Head-On-Lateral Move (Left/Right)",0,0,No,777777777777,No Trailing Units,777777777777,No Trailing Units,777777777777,No Trailing Units
41,Oregon,410212,2,2,1,01,28,28,7,July,17,5:00pm-5:59pm,2,2,12,Motor Vehicle In-Transport,2,Front-to-Front,1,Motor Vehicle In-Transport (Inside or Outside the Trafficway),0,No,41,Oregon,1,Driver (in this crash) was  Registered Owner,73,Kawasaki,705,73705,Kawasaki 450-749cc,80,Two Wheel Motorcycle (excluding motor scooters),2017,2017,JKAKLEE15HDA,JKAKLEE15HDA,J,K,A,K,L,E,E,1,5,H,D,A,0,No Trailing Units,0,Not an Articulated Vehicle,0,Not Applicable,000000000,Not Applicable,00000000000,Not Applicable,0,Not Applicable,0,Not Applicable,0,Not Applicable (N/A),1,No,0,Not Applicable,0,Not Applicable,0,Not Applicable,0,Not Applicable,0,Not a Bus,0,No Special Use,0,Not Applicable,998,Not Reported,0,No Underride or Override Noted,0,No Rollover,0,No Rollover,12,12 Clock Point,6,Disabling Damage,2,Towed Due to Disabling Damage,12,Motor Vehicle In-Transport,0,,0,,0,No or Not Reported,1,Yes,41,Oregon,97124,97124,6,Valid,1,Full Driver License,0,No (CDL),0,No Endorsements required for this vehicle,3,Valid license for this class vehicle,1,Restrictions Complied With,73,73,220,220 lbs.,0,,0,,0,,2,2,1,1,9,September,2014,2014,6,June,2017,2017,9,Unknown,99,Unknown,99,Unknown,99,Unknown,99,Unknown,1,"Two-Way, Not Divided",2,Two lanes,55,55 MPH,1,Straight,1,Level,2,"Blacktop, Bituminous, or Asphalt",1,Dry,0,No Controls,0,No Controls,1,Going Straight,62,From opposite direction  over left lane line,99,Unknown/Not Reported,1,Tracking,1,Stayed in original travel lane,51,"G51-Same Trafficway, Opposite Direction-Head-On-Lateral Move (Going Straight)",1,1,Yes,777777777777,No Trailing Units,777777777777,No Trailing Units,777777777777,No Trailing Units
41,Oregon,410213,1,2,1,01,30,30,7,July,18,6:00pm-6:59pm,32,32,12,Motor Vehicle In-Transport,6,Angle,1,Motor Vehicle In-Transport (Inside or Outside the Trafficway),0,No,41,Oregon,1,Driver (in this crash) was  Registered Owner,20,Chevrolet,25,20025,Chevrolet Cruze,4,"4-door sedan, hardtop",2014,2014,1G1PC5SB8E74,1G1PC5SB8E74,1,G,1,P,C,5,S,B,8,E,7,4,0,No Trailing Units,0,Not an Articulated Vehicle,0,Not Applicable,000000000,Not Applicable,00000000000,Not Applicable,0,Not Applicable,0,Not Applicable,0,Not Applicable (N/A),1,No,0,Not Applicable,0,Not Applicable,0,Not Applicable,0,Not Applicable,0,Not a Bus,0,No Special Use,0,Not Applicable,998,Not Reported,0,No Underride or Override Noted,0,No Rollover,0,No Rollover,2,2 Clock Point,6,Disabling Damage,2,Towed Due to Disabling Damage,12,Motor Vehicle In-Transport,0,,0,,0,No or Not Reported,1,Yes,41,Oregon,97224,97224,6,Valid,1,Full Driver License,0,No (CDL),0,No Endorsements required for this vehicle,3,Valid license for this class vehicle,1,Restrictions Complied With,62,62,130,130 lbs.,0,,0,,0,,0,,0,,0,No Record,0,No Record,0,No Record,0,No Record,9,Unknown,38,Failure to Yield Right-of-Way,0,,0,,0,,2,"Two-Way, Divided, Unprotected Median",3,Three lanes,45,45 MPH,1,Straight,2,"Grade, Unknown Slope",1,Concrete,1,Dry,0,No Controls,0,No Controls,1,Going Straight,17,Crossing over (passing through) Junction,99,Unknown/Not Reported,1,Tracking,1,Stayed in original travel lane,87,L87-Intersecting Paths-Straight Paths-Struck on the Right,0,1,Yes,777777777777,No Trailing Units,777777777777,No Trailing Units,777777777777,No Trailing Units
41,Oregon,410213,2,2,1,01,30,30,7,July,18,6:00pm-6:59pm,32,32,12,Motor Vehicle In-Transport,6,Angle,1,Motor Vehicle In-Transport (Inside or Outside the Trafficway),0,No,41,Oregon,1,Driver (in this crash) was  Registered Owner,20,Chevrolet,422,20422,Chevrolet Suburban (from 2004 on; see 431 for 1950-2003),15,"Large utility (ANSI D16.1 Utility Vehicle Categories and ""Full Size"" and ""Large"")",2011,2011,1GNSKKE39BR1,1GNSKKE39BR1,1,G,N,S,K,K,E,3,9,B,R,1,0,No Trailing Units,0,Not an Articulated Vehicle,0,Not Applicable,000000000,Not Applicable,00000000000,Not Applicable,0,Not Applicable,0,Not Applicable,0,Not Applicable (N/A),1,No,0,Not Applicable,0,Not Applicable,0,Not Applicable,0,Not Applicable,0,Not a Bus,0,No Special Use,0,Not Applicable,998,Not Reported,0,No Underride or Override Noted,0,No Rollover,0,No Rollover,12,12 Clock Point,6,Disabling Damage,2,Towed Due to Disabling Damage,8,Pedestrian,0,,0,,0,No or Not Reported,1,Yes,41,Oregon,97140,97140,6,Valid,1,Full Driver License,0,No (CDL),0,No Endorsements required for this vehicle,3,Valid license for this class vehicle,0,No Restrictions or Not Applicable,67,67,240,240 lbs.,0,,0,,0,,0,,0,,0,No Record,0,No Record,0,No Record,0,No Record,9,Unknown,99,Unknown,99,Unknown,99,Unknown,99,Unknown,2,"Two-Way, Divided, Unprotected Median",3,Three lanes,45,45 MPH,1,Straight,1,Level,1,Concrete,1,Dry,0,No Controls,0,No Controls,1,Going Straight,71,"From driveway, across path",99,Unknown/Not Reported,1,Tracking,1,Stayed in original travel lane,86,L86-Intersecting Paths-Straight Paths-Striking from the Right,0,1,Yes,777777777777,No Trailing Units,777777777777,No Trailing Units,777777777777,No Trailing Units
41,Oregon,410214,1,2,1,01,31,31,7,July,14,2:00pm-2:59pm,44,44,12,Motor Vehicle In-Transport,6,Angle,1,Motor Vehicle In-Transport (Inside or Outside the Trafficway),0,No,41,Oregon,1,Driver (in this crash) was  Registered Owner,20,Chevrolet,481,20481,"Chevrolet C, K, R, V-series pickup/Silverado",34,Light Pickup,1993,1993,1GCDC14K8PZ2,1GCDC14K8PZ2,1,G,C,D,C,1,4,K,8,P,Z,2,0,No Trailing Units,0,Not an Articulated Vehicle,0,Not Applicable,000000000,Not Applicable,00000000000,Not Applicable,0,Not Applicable,0,Not Applicable,0,Not Applicable (N/A),1,No,0,Not Applicable,0,Not Applicable,0,Not Applicable,0,Not Applicable,0,Not a Bus,0,No Special Use,0,Not Applicable,998,Not Reported,0,No Underride or Override Noted,0,No Rollover,0,No Rollover,3,3 Clock Point,9,Unknown,2,Towed Due to Disabling Damage,12,Motor Vehicle In-Transport,0,,0,,0,No or Not Reported,1,Yes,41,Oregon,97355,97355,6,Valid,1,Full Driver License,0,No (CDL),0,No Endorsements required for this vehicle,3,Valid license for this class vehicle,0,No Restrictions or Not Applicable,64,64,138,138 lbs.,0,,0,,0,,0,,0,,0,No Record,0,No Record,0,No Record,0,No Record,0,No,38,Failure to Yield Right-of-Way,0,,0,,0,,1,"Two-Way, Not Divided",3,Three lanes,45,45 MPH,1,Straight,1,Level,2,"Blacktop, Bituminous, or Asphalt",1,Dry,2,Traffic control signal (on colors) with Pedestrian Signal,3,Device Functioning Properly,11,Turning Left,15,Turning Left,1,No Avoidance Maneuver,1,Tracking,1,Stayed in original travel lane,68,J68-Trafficway Vehicle Turning-Turn Across Path-Initial Opposite Directions (Left/Right),0,0,No,777777777777,No Trailing Units,777777777777,No Trailing Units,777777777777,No Trailing Units
41,Oregon,410214,2,2,1,01,31,31,7,July,14,2:00pm-2:59pm,44,44,12,Motor Vehicle In-Transport,6,Angle,1,Motor Vehicle In-Transport (Inside or Outside the Trafficway),0,No,41,Oregon,1,Driver (in this crash) was  Registered Owner,72,Harley-Davidson,706,72706,Harley-Davidson 750cc or greater,80,Two Wheel Motorcycle (excluding motor scooters),2005,2005,1HD1BWB145Y0,1HD1BWB145Y0,1,H,D,1,B,W,B,1,4,5,Y,0,0,No Trailing Units,0,Not an Articulated Vehicle,0,Not Applicable,000000000,Not Applicable,00000000000,Not Applicable,0,Not Applicable,0,Not Applicable,0,Not Applicable (N/A),1,No,0,Not Applicable,0,Not Applicable,0,Not Applicable,0,Not Applicable,0,Not a Bus,0,No Special Use,0,Not Applicable,998,Not Reported,0,No Underride or Override Noted,0,No Rollover,0,No Rollover,12,12 Clock Point,9,Unknown,2,Towed Due to Disabling Damage,12,Motor Vehicle In-Transport,0,,0,,0,No or Not Reported,1,Yes,41,Oregon,97370,97370,6,Valid,1,Full Driver License,0,No (CDL),0,No Endorsements required for this vehicle,3,Valid license for this class vehicle,0,No Restrictions or Not Applicable,69,69,155,155 lbs.,0,,0,,0,,0,,0,,0,No Record,0,No Record,0,No Record,0,No Record,0,No,0,,0,,0,,0,,1,"Two-Way, Not Divided",3,Three lanes,45,45 MPH,1,Straight,1,Level,2,"Blacktop, Bituminous, or Asphalt",1,Dry,2,Traffic control signal (on colors) with Pedestrian Signal,3,Device Functioning Properly,1,Going Straight,66,"From crossing street, across path",99,Unknown/Not Reported,1,Tracking,1,Stayed in original travel lane,69,J69-Trafficway Vehicle Turning-Turn Across Path-Initial Opposite Directions (Going Straight),1,0,No,777777777777,No Trailing Units,777777777777,No Trailing Units,777777777777,No Trailing Units
41,Oregon,410215,1,2,2,02,31,31,7,July,20,8:00pm-8:59pm,36,36,12,Motor Vehicle In-Transport,6,Angle,1,Motor Vehicle In-Transport (Inside or Outside the Trafficway),0,No,41,Oregon,1,Driver (in this crash) was  Registered Owner,53,Suzuki,709,53709,Suzuki Unknown cc,80,Two Wheel Motorcycle (excluding motor scooters),1978,1978,GS550E102320,GS550E102320,G,S,5,5,0,E,1,0,2,3,2,0,0,No Trailing Units,0,Not an Articulated Vehicle,0,Not Applicable,000000000,Not Applicable,00000000000,Not Applicable,0,Not Applicable,0,Not Applicable,0,Not Applicable (N/A),1,No,0,Not Applicable,0,Not Applicable,0,Not Applicable,0,Not Applicable,0,Not a Bus,0,No Special Use,0,Not Applicable,998,Not Reported,0,No Underride or Override Noted,0,No Rollover,0,No Rollover,12,12 Clock Point,6,Disabling Damage,2,Towed Due to Disabling Damage,12,Motor Vehicle In-Transport,0,,0,,0,No or Not Reported,1,Yes,41,Oregon,97330,97330,1,Suspended,1,Full Driver License,0,No (CDL),0,No Endorsements required for this vehicle,2,No valid license for this class vehicle,0,No Restrictions or Not Applicable,68,68,155,155 lbs.,0,,5,5,0,,0,,1,1,3,March,2015,2015,2,February,2017,2017,5,"Yes, Specifics Unknown",28,Improper Lane Usage,0,,0,,0,,1,"Two-Way, Not Divided",2,Two lanes,45,45 MPH,1,Straight,1,Level,2,"Blacktop, Bituminous, or Asphalt",1,Dry,0,No Controls,0,No Controls,1,Going Straight,10,Over the lane line on left side of travel lane,99,Unknown/Not Reported,1,Tracking,2,"Stayed on roadway, but left original travel lane",64,"I64-Same Trafficway, Opposite Direction-Angle, Sideswipe-Lateral Move (Left/Right)",2,1,Yes,777777777777,No Trailing Units,777777777777,No Trailing Units,777777777777,No Trailing Units
41,Oregon,410215,2,2,1,01,31,31,7,July,20,8:00pm-8:59pm,36,36,12,Motor Vehicle In-Transport,6,Angle,1,Motor Vehicle In-Transport (Inside or Outside the Trafficway),0,No,41,Oregon,1,Driver (in this crash) was  Registered Owner,55,Hyundai,36,55036,Hyundai Accent,5,5-door/4-door hatchback,2013,2013,KMHCT5AEXDU1,KMHCT5AEXDU1,K,M,H,C,T,5,A,E,X,D,U,1,0,No Trailing Units,0,Not an Articulated Vehicle,0,Not Applicable,000000000,Not Applicable,00000000000,Not Applicable,0,Not Applicable,0,Not Applicable,0,Not Applicable (N/A),1,No,0,Not Applicable,0,Not Applicable,0,Not Applicable,0,Not Applicable,0,Not a Bus,0,No Special Use,0,Not Applicable,998,Not Reported,0,No Underride or Override Noted,0,No Rollover,0,No Rollover,9,9 Clock Point,8,Not Reported,2,Towed Due to Disabling Damage,12,Motor Vehicle In-Transport,0,,0,,0,No or Not Reported,1,Yes,41,Oregon,97324,97324,6,Valid,1,Full Driver License,0,No (CDL),0,No Endorsements required for this vehicle,3,Valid license for this class vehicle,0,No Restrictions or Not Applicable,63,63,145,145 lbs.,0,,0,,0,,0,,0,,0,No Record,0,No Record,0,No Record,0,No Record,9,Unknown,0,,0,,0,,0,,1,"Two-Way, Not Divided",2,Two lanes,45,45 MPH,1,Straight,1,Level,2,"Blacktop, Bituminous, or Asphalt",1,Dry,0,No Controls,0,No Controls,1,Going Straight,62,From opposite direction  over left lane line,99,Unknown/Not Reported,1,Tracking,1,Stayed in original travel lane,65,"I65-Same Trafficway, Opposite Direction-Angle, Sideswipe-Lateral Move (Going Straight)",0,0,No,777777777777,No Trailing Units,777777777777,No Trailing Units,777777777777,No Trailing Units
41,Oregon,410216,1,1,3,03,10,10,8,August,16,4:00pm-4:59pm,30,30,42,Tree (Standing Only),0,Not a Collision with Motor Vehicle In-Transport,1,Motor Vehicle In-Transport (Inside or Outside the Trafficway),0,No,41,Oregon,2,Driver (in this crash) Not Registered Owner (Other Private Owner Listed),20,Chevrolet,481,20481,"Chevrolet C, K, R, V-series pickup/Silverado",34,Light Pickup,1990,1990,2GCHC39NXL11,2GCHC39NXL11,2,G,C,H,C,3,9,N,X,L,1,1,1,One Trailing Unit,1,No,0,Not Applicable,000000000,Not Applicable,00000000000,Not Applicable,0,Not Applicable,0,Not Applicable,0,Not Applicable (N/A),1,No,0,Not Applicable,0,Not Applicable,0,Not Applicable,0,Not Applicable,0,Not a Bus,0,No Special Use,0,Not Applicable,998,Not Reported,0,No Underride or Override Noted,1,"Rollover, Tripped by Object/Vehicle",5,On Roadside,12,12 Clock Point,6,Disabling Damage,2,Towed Due to Disabling Damage,42,Tree (Standing Only),0,,0,,1,Yes,1,Yes,41,Oregon,97322,97322,6,Valid,1,Full Driver License,0,No (CDL),0,No Endorsements required for this vehicle,3,Valid license for this class vehicle,0,No Restrictions or Not Applicable,71,71,185,185 lbs.,0,,4,4,0,,2,2,1,1,3,March,2014,2014,10,October,2016,2016,9,Unknown,99,Unknown,99,Unknown,99,Unknown,99,Unknown,1,"Two-Way, Not Divided",2,Two lanes,98,Not Reported,1,Straight,6,Downhill,2,"Blacktop, Bituminous, or Asphalt",1,Dry,0,No Controls,0,No Controls,1,Going Straight,12,Off the edge of the road on the left side,99,Unknown/Not Reported,1,Tracking,4,Departed roadway,6,B6-Single Driver-Left Roadside Departure-Drive Off Road,1,0,No,999999999999,Unknown,777777777777,No Trailing Units,777777777777,No Trailing Units
41,Oregon,410217,1,1,3,03,5,5,4,April,18,6:00pm-6:59pm,1,1,1,Rollover/Overturn,0,Not a Collision with Motor Vehicle In-Transport,1,Motor Vehicle In-Transport (Inside or Outside the Trafficway),0,No,41,Oregon,2,Driver (in this crash) Not Registered Owner (Other Private Owner Listed),12,Ford,401,12401,Ford Bronco (thru 1977)/Bronco II/Explorer/Explorer Sport,14,"Compact Utility (Utility Vehicle Categories ""Small"" and ""Midsize"")",1995,1995,1FMEU15H6SLA,1FMEU15H6SLA,1,F,M,E,U,1,5,H,6,S,L,A,0,No Trailing Units,0,Not an Articulated Vehicle,0,Not Applicable,000000000,Not Applicable,00000000000,Not Applicable,0,Not Applicable,0,Not Applicable,0,Not Applicable (N/A),1,No,0,Not Applicable,0,Not Applicable,0,Not Applicable,0,Not Applicable,0,Not a Bus,0,No Special Use,0,Not Applicable,998,Not Reported,0,No Underride or Override Noted,1,"Rollover, Tripped by Object/Vehicle",5,On Roadside,0,Non-Collision,8,Not Reported,8,Not Reported,1,Rollover/Overturn,0,,0,,0,No or Not Reported,1,Yes,41,Oregon,97048,97048,6,Valid,7,Learner`s Permit,0,No (CDL),0,No Endorsements required for this vehicle,3,Valid license for this class vehicle,0,No Restrictions or Not Applicable,74,74,180,180 lbs.,0,,0,,0,,0,,0,,0,No Record,0,No Record,0,No Record,0,No Record,5,"Yes, Specifics Unknown",99,Unknown,99,Unknown,99,Unknown,99,Unknown,1,"Two-Way, Not Divided",2,Two lanes,98,Not Reported,3,Curve Left,1,Level,2,"Blacktop, Bituminous, or Asphalt",1,Dry,0,No Controls,0,No Controls,14,Negotiating a Curve,19,Unknown travel direction,99,Unknown/Not Reported,1,Tracking,4,Departed roadway,99,M99-Unknown,1,0,No,777777777777,No Trailing Units,777777777777,No Trailing Units,777777777777,No Trailing Units
41,Oregon,410218,1,3,1,01,30,30,7,July,16,4:00pm-4:59pm,23,23,12,Motor Vehicle In-Transport,2,Front-to-Front,1,Motor Vehicle In-Transport (Inside or Outside the Trafficway),0,No,41,Oregon,1,Driver (in this crash) was  Registered Owner,23,GMC,472,23472,GMC Canyon,34,Light Pickup,2012,2012,1GTD5MFE2C81,1GTD5MFE2C81,1,G,T,D,5,M,F,E,2,C,8,1,0,No Trailing Units,0,Not an Articulated Vehicle,0,Not Applicable,000000000,Not Applicable,00000000000,Not Applicable,0,Not Applicable,0,Not Applicable,0,Not Applicable (N/A),1,No,0,Not Applicable,0,Not Applicable,0,Not Applicable,0,Not Applicable,0,Not a Bus,0,No Special Use,0,Not Applicable,998,Not Reported,0,No Underride or Override Noted,0,No Rollover,0,No Rollover,12,12 Clock Point,6,Disabling Damage,2,Towed Due to Disabling Damage,12,Motor Vehicle In-Transport,0,,0,,0,No or Not Reported,1,Yes,41,Oregon,97420,97420,6,Valid,1,Full Driver License,0,No (CDL),0,No Endorsements required for this vehicle,3,Valid license for this class vehicle,0,No Restrictions or Not Applicable,70,70,190,190 lbs.,0,,0,,0,,0,,0,,0,No Record,0,No Record,0,No Record,0,No Record,0,No,28,Improper Lane Usage,0,,0,,0,,1,"Two-Way, Not Divided",2,Two lanes,55,55 MPH,4,Curve - Unknown Direction,1,Level,2,"Blacktop, Bituminous, or Asphalt",1,Dry,0,No Controls,0,No Controls,14,Negotiating a Curve,10,Over the lane line on left side of travel lane,99,Unknown/Not Reported,1,Tracking,2,"Stayed on roadway, but left original travel lane",50,"G50-Same Trafficway, Opposite Direction-Head-On-Lateral Move (Left/Right)",0,0,No,777777777777,No Trailing Units,777777777777,No Trailing Units,777777777777,No Trailing Units
41,Oregon,410218,2,3,2,02,30,30,7,July,16,4:00pm-4:59pm,23,23,12,Motor Vehicle In-Transport,2,Front-to-Front,1,Motor Vehicle In-Transport (Inside or Outside the Trafficway),0,No,41,Oregon,1,Driver (in this crash) was  Registered Owner,49,Toyota,472,49472,Toyota Tacoma,40,"Cab Chassis Based (includes Rescue Vehicle, Light Stake, Dump, and Tow Truck)",1997,1997,4TAVL52N3VZ3,4TAVL52N3VZ3,4,T,A,V,L,5,2,N,3,V,Z,3,0,No Trailing Units,0,Not an Articulated Vehicle,0,Not Applicable,000000000,Not Applicable,00000000000,Not Applicable,0,Not Applicable,0,Not Applicable,0,Not Applicable (N/A),1,No,0,Not Applicable,0,Not Applicable,0,Not Applicable,0,Not Applicable,0,Not a Bus,0,No Special Use,0,Not Applicable,998,Not Reported,0,No Underride or Override Noted,0,No Rollover,0,No Rollover,12,12 Clock Point,6,Disabling Damage,2,Towed Due to Disabling Damage,12,Motor Vehicle In-Transport,0,,0,,0,No or Not Reported,1,Yes,41,Oregon,97448,97448,6,Valid,1,Full Driver License,0,No (CDL),0,No Endorsements required for this vehicle,3,Valid license for this class vehicle,0,No Restrictions or Not Applicable,72,72,240,240 lbs.,0,,1,1,0,,0,,0,,2,February,2013,2013,2,February,2013,2013,0,No,0,,0,,0,,0,,1,"Two-Way, Not Divided",2,Two lanes,55,55 MPH,4,Curve - Unknown Direction,1,Level,2,"Blacktop, Bituminous, or Asphalt",1,Dry,0,No Controls,0,No Controls,14,Negotiating a Curve,62,From opposite direction  over left lane line,99,Unknown/Not Reported,1,Tracking,1,Stayed in original travel lane,51,"G51-Same Trafficway, Opposite Direction-Head-On-Lateral Move (Going Straight)",1,0,No,777777777777,No Trailing Units,777777777777,No Trailing Units,777777777777,No Trailing Units
41,Oregon,410218,3,3,1,01,30,30,7,July,16,4:00pm-4:59pm,23,23,12,Motor Vehicle In-Transport,2,Front-to-Front,1,Motor Vehicle In-Transport (Inside or Outside the Trafficway),0,No,41,Oregon,1,Driver (in this crash) was  Registered Owner,7,Dodge,482,7482,Dodge Ram Pickup,34,Light Pickup,2001,2001,3B7KF23671G7,3B7KF23671G7,3,B,7,K,F,2,3,6,7,1,G,7,0,No Trailing Units,0,Not an Articulated Vehicle,0,Not Applicable,000000000,Not Applicable,00000000000,Not Applicable,0,Not Applicable,0,Not Applicable,0,Not Applicable (N/A),1,No,0,Not Applicable,0,Not Applicable,0,Not Applicable,0,Not Applicable,0,Not a Bus,0,No Special Use,0,Not Applicable,998,Not Reported,0,No Underride or Override Noted,0,No Rollover,0,No Rollover,12,12 Clock Point,6,Disabling Damage,2,Towed Due to Disabling Damage,12,Motor Vehicle In-Transport,0,,0,,0,No or Not Reported,1,Yes,41,Oregon,97424,97424,6,Valid,1,Full Driver License,0,No (CDL),0,No Endorsements required for this vehicle,3,Valid license for this class vehicle,0,No Restrictions or Not Applicable,67,67,180,180 lbs.,0,,0,,0,,0,,0,,0,No Record,0,No Record,0,No Record,0,No Record,0,No,0,,0,,0,,0,,1,"Two-Way, Not Divided",2,Two lanes,55,55 MPH,4,Curve - Unknown Direction,1,Level,2,"Blacktop, Bituminous, or Asphalt",1,Dry,0,No Controls,0,No Controls,14,Negotiating a Curve,62,From opposite direction  over left lane line,99,Unknown/Not Reported,1,Tracking,1,Stayed in original travel lane,98,M98-Other Crash Type,0,0,No,777777777777,No Trailing Units,777777777777,No Trailing Units,777777777777,No Trailing Units
41,Oregon,410219,1,1,1,01,24,24,7,July,7,7:00am-7:59am,53,53,24,Guardrail Face,0,Not a Collision with Motor Vehicle In-Transport,1,Motor Vehicle In-Transport (Inside or Outside the Trafficway),0,No,41,Oregon,1,Driver (in this crash) was  Registered Owner,35,Datsun/Nissan,473,35473,Datsun/Nissan Titan (from 2004-06; see 481 for 2007 on),34,Light Pickup,2005,2005,1N6AA07B45N5,1N6AA07B45N5,1,N,6,A,A,0,7,B,4,5,N,5,0,No Trailing Units,0,Not an Articulated Vehicle,0,Not Applicable,000000000,Not Applicable,00000000000,Not Applicable,0,Not Applicable,0,Not Applicable,0,Not Applicable (N/A),1,No,0,Not Applicable,0,Not Applicable,0,Not Applicable,0,Not Applicable,0,Not a Bus,0,No Special Use,0,Not Applicable,998,Not Reported,0,No Underride or Override Noted,0,No Rollover,0,No Rollover,98,Not Reported,6,Disabling Damage,2,Towed Due to Disabling Damage,42,Tree (Standing Only),0,,0,,0,No or Not Reported,1,Yes,41,Oregon,97365,97365,6,Valid,1,Full Driver License,0,No (CDL),0,No Endorsements required for this vehicle,3,Valid license for this class vehicle,0,No Restrictions or Not Applicable,71,71,220,220 lbs.,3,3,2,2,0,,1,1,3,3,6,June,2015,2015,5,May,2017,2017,4,"Yes, Too Fast for Conditions",0,,0,,0,,0,,1,"Two-Way, Not Divided",3,Three lanes,55,55 MPH,3,Curve Left,2,"Grade, Unknown Slope",2,"Blacktop, Bituminous, or Asphalt",1,Dry,0,No Controls,0,No Controls,1,Going Straight,12,Off the edge of the road on the left side,1,No Avoidance Maneuver,1,Tracking,4,Departed roadway,6,B6-Single Driver-Left Roadside Departure-Drive Off Road,1,0,No,777777777777,No Trailing Units,777777777777,No Trailing Units,777777777777,No Trailing Units
41,Oregon,410220,1,1,1,01,11,11,8,August,14,2:00pm-2:59pm,45,45,1,Rollover/Overturn,0,Not a Collision with Motor Vehicle In-Transport,1,Motor Vehicle In-Transport (Inside or Outside the Trafficway),0,No,6,California,1,Driver (in this crash) was  Registered Owner,50,Triumph,706,50706,Triumph 750cc or greater,80,Two Wheel Motorcycle (excluding motor scooters),2016,2016,SMTD21HF3GT6,SMTD21HF3GT6,S,M,T,D,2,1,H,F,3,G,T,6,0,No Trailing Units,0,Not an Articulated Vehicle,0,Not Applicable,000000000,Not Applicable,00000000000,Not Applicable,0,Not Applicable,0,Not Applicable,0,Not Applicable (N/A),1,No,0,Not Applicable,0,Not Applicable,0,Not Applicable,0,Not Applicable,0,Not a Bus,0,No Special Use,0,Not Applicable,998,Not Reported,0,No Underride or Override Noted,0,No Rollover,0,No Rollover,0,Non-Collision,6,Disabling Damage,2,Towed Due to Disabling Damage,1,Rollover/Overturn,0,,0,,0,No or Not Reported,1,Yes,6,California,92115,92115,6,Valid,1,Full Driver License,0,No (CDL),0,No Endorsements required for this vehicle,3,Valid license for this class vehicle,1,Restrictions Complied With,72,72,200,200 lbs.,1,1,0,,0,,0,,0,,2,February,2016,2016,2,February,2016,2016,4,"Yes, Too Fast for Conditions",0,,0,,0,,0,,1,"Two-Way, Not Divided",2,Two lanes,55,55 MPH,3,Curve Left,2,"Grade, Unknown Slope",2,"Blacktop, Bituminous, or Asphalt",1,Dry,0,No Controls,0,No Controls,1,Going Straight,13,Off the edge of the road on the right side,1,No Avoidance Maneuver,1,Tracking,4,Departed roadway,1,A1-Single Driver-Right Roadside Departure-Drive Off Road,1,0,No,777777777777,No Trailing Units,777777777777,No Trailing Units,777777777777,No Trailing Units
41,Oregon,410221,1,1,1,01,11,11,8,August,13,1:00pm-1:59pm,52,52,30,Utility Pole/Light Support,0,Not a Collision with Motor Vehicle In-Transport,1,Motor Vehicle In-Transport (Inside or Outside the Trafficway),0,No,41,Oregon,1,Driver (in this crash) was  Registered Owner,20,Chevrolet,401,20401,"Chevrolet S-10 Blazer/TrailBlazer (2002 only; for 2003 on, see 403)",14,"Compact Utility (Utility Vehicle Categories ""Small"" and ""Midsize"")",2002,2002,1GNDT13S5225,1GNDT13S5225,1,G,N,D,T,1,3,S,5,2,2,5,0,No Trailing Units,0,Not an Articulated Vehicle,0,Not Applicable,000000000,Not Applicable,00000000000,Not Applicable,0,Not Applicable,0,Not Applicable,0,Not Applicable (N/A),1,No,0,Not Applicable,0,Not Applicable,0,Not Applicable,0,Not Applicable,0,Not a Bus,0,No Special Use,0,Not Applicable,998,Not Reported,0,No Underride or Override Noted,0,No Rollover,0,No Rollover,12,12 Clock Point,6,Disabling Damage,2,Towed Due to Disabling Damage,30,Utility Pole/Light Support,0,,0,,0,No or Not Reported,1,Yes,41,Oregon,97303,97303,6,Valid,1,Full Driver License,0,No (CDL),0,No Endorsements required for this vehicle,3,Valid license for this class vehicle,0,No Restrictions or Not Applicable,67,67,175,175 lbs.,0,,0,,0,,1,1,0,,3,March,2017,2017,3,March,2017,2017,9,Unknown,99,Unknown,99,Unknown,99,Unknown,99,Unknown,1,"Two-Way, Not Divided",2,Two lanes,98,Not Reported,1,Straight,1,Level,2,"Blacktop, Bituminous, or Asphalt",1,Dry,0,No Controls,0,No Controls,1,Going Straight,6,Traveling too fast for conditions,6,Steering left,5,"Skidding Laterally, Rotation Direction Unknown",4,Departed roadway,7,B7-Single Driver-Left Roadside Departure-Control/Traction Loss,1,1,Yes,777777777777,No Trailing Units,777777777777,No Trailing Units,777777777777,No Trailing Units
41,Oregon,410222,1,1,1,01,12,12,8,August,9,9:00am-9:59am,30,30,1,Rollover/Overturn,0,Not a Collision with Motor Vehicle In-Transport,1,Motor Vehicle In-Transport (Inside or Outside the Trafficway),0,No,41,Oregon,1,Driver (in this crash) was  Registered Owner,72,Harley-Davidson,706,72706,Harley-Davidson 750cc or greater,80,Two Wheel Motorcycle (excluding motor scooters),1999,1999,1HD1BHL10XY0,1HD1BHL10XY0,1,H,D,1,B,H,L,1,0,X,Y,0,0,No Trailing Units,0,Not an Articulated Vehicle,0,Not Applicable,000000000,Not Applicable,00000000000,Not Applicable,0,Not Applicable,0,Not Applicable,0,Not Applicable (N/A),1,No,0,Not Applicable,0,Not Applicable,0,Not Applicable,0,Not Applicable,0,Not a Bus,0,No Special Use,0,Not Applicable,998,Not Reported,0,No Underride or Override Noted,0,No Rollover,0,No Rollover,0,Non-Collision,6,Disabling Damage,2,Towed Due to Disabling Damage,1,Rollover/Overturn,0,,0,,0,No or Not Reported,1,Yes,41,Oregon,97015,97015,6,Valid,1,Full Driver License,0,No (CDL),0,No Endorsements required for this vehicle,3,Valid license for this class vehicle,0,No Restrictions or Not Applicable,72,72,170,170 lbs.,0,,0,,0,,0,,0,,0,No Record,0,No Record,0,No Record,0,No Record,4,"Yes, Too Fast for Conditions",0,,0,,0,,0,,1,"Two-Way, Not Divided",2,Two lanes,98,Not Reported,1,Straight,1,Level,2,"Blacktop, Bituminous, or Asphalt",1,Dry,0,No Controls,0,No Controls,1,Going Straight,98,Other critical precrash event (specify:),99,Unknown/Not Reported,1,Tracking,1,Stayed in original travel lane,98,M98-Other Crash Type,1,0,No,777777777777,No Trailing Units,777777777777,No Trailing Units,777777777777,No Trailing Units
41,Oregon,410223,1,1,1,01,13,13,8,August,21,9:00pm-9:59pm,35,35,9,Pedalcyclist,0,Not a Collision with Motor Vehicle In-Transport,1,Motor Vehicle In-Transport (Inside or Outside the Trafficway),0,No,41,Oregon,1,Driver (in this crash) was  Registered Owner,22,Pontiac,5,22005,Pontiac Fiero,2,"2-door sedan,hardtop,coupe",1984,1984,1G2AM37R3EP2,1G2AM37R3EP2,1,G,2,A,M,3,7,R,3,E,P,2,0,No Trailing Units,0,Not an Articulated Vehicle,0,Not Applicable,000000000,Not Applicable,00000000000,Not Applicable,0,Not Applicable,0,Not Applicable,0,Not Applicable (N/A),1,No,0,Not Applicable,0,Not Applicable,0,Not Applicable,0,Not Applicable,0,Not a Bus,0,No Special Use,0,Not Applicable,998,Not Reported,0,No Underride or Override Noted,0,No Rollover,0,No Rollover,12,12 Clock Point,8,Not Reported,2,Towed Due to Disabling Damage,9,Pedalcyclist,0,,0,,0,No or Not Reported,1,Yes,41,Oregon,97492,97492,1,Suspended,1,Full Driver License,0,No (CDL),0,No Endorsements required for this vehicle,2,No valid license for this class vehicle,3,"Restrictions, Compliance Unknown",71,71,165,165 lbs.,0,,2,2,0,,0,,0,,4,April,2017,2017,5,May,2017,2017,0,No,0,,0,,0,,0,,5,"Two-Way, Not Divided With a Continuous Left-Turn Lane",5,Five lanes,35,35 MPH,1,Straight,1,Level,2,"Blacktop, Bituminous, or Asphalt",1,Dry,0,No Controls,0,No Controls,1,Going Straight,83,Pedalcyclist or other non-motorist in road,99,Unknown/Not Reported,1,Tracking,1,Stayed in original travel lane,13,C13-Single Driver-Forward Impact-Pedestrian/ Animal,0,0,No,777777777777,No Trailing Units,777777777777,No Trailing Units,777777777777,No Trailing Units
41,Oregon,410224,1,1,2,02,6,6,8,August,1,1:00am-1:59am,51,51,1,Rollover/Overturn,0,Not a Collision with Motor Vehicle In-Transport,1,Motor Vehicle In-Transport (Inside or Outside the Trafficway),0,No,41,Oregon,1,Driver (in this crash) was  Registered Owner,12,Ford,481,12481,Ford F-Series pickup,34,Light Pickup,1999,1999,1FTSW31F7XEC,1FTSW31F7XEC,1,F,T,S,W,3,1,F,7,X,E,C,0,No Trailing Units,0,Not an Articulated Vehicle,0,Not Applicable,000000000,Not Applicable,00000000000,Not Applicable,0,Not Applicable,0,Not Applicable,0,Not Applicable (N/A),1,No,0,Not Applicable,0,Not Applicable,0,Not Applicable,0,Not Applicable,0,Not a Bus,0,No Special Use,0,Not Applicable,998,Not Reported,0,No Underride or Override Noted,1,"Rollover, Tripped by Object/Vehicle",5,On Roadside,0,Non-Collision,8,Not Reported,2,Towed Due to Disabling Damage,1,Rollover/Overturn,0,,0,,0,No or Not Reported,1,Yes,41,Oregon,97089,97089,6,Valid,1,Full Driver License,6,Valid,0,No Endorsements required for this vehicle,3,Valid license for this class vehicle,0,No Restrictions or Not Applicable,73,73,240,240 lbs.,1,1,0,,0,,1,1,1,1,6,June,2014,2014,4,April,2017,2017,3,"Yes, Exceeded Speed Limit",58,Overcorrecting,0,,0,,0,,1,"Two-Way, Not Divided",2,Two lanes,98,Not Reported,2,Curve Right,1,Level,2,"Blacktop, Bituminous, or Asphalt",1,Dry,0,No Controls,0,No Controls,14,Negotiating a Curve,6,Traveling too fast for conditions,6,Steering left,5,"Skidding Laterally, Rotation Direction Unknown",4,Departed roadway,7,B7-Single Driver-Left Roadside Departure-Control/Traction Loss,1,1,Yes,777777777777,No Trailing Units,777777777777,No Trailing Units,777777777777,No Trailing Units
41,Oregon,410225,1,2,2,02,25,25,8,August,15,3:00pm-3:59pm,25,25,12,Motor Vehicle In-Transport,6,Angle,1,Motor Vehicle In-Transport (Inside or Outside the Trafficway),0,No,6,California,1,Driver (in this crash) was  Registered Owner,49,Toyota,49,49049,Toyota Scion xB (2004-2011 only.  See Scion for 2012 on.),6,Station Wagon (excluding van and truck based),2004,2004,JTLKT3240401,JTLKT3240401,J,T,L,K,T,3,2,4,0,4,0,1,0,No Trailing Units,0,Not an Articulated Vehicle,0,Not Applicable,000000000,Not Applicable,00000000000,Not Applicable,0,Not Applicable,0,Not Applicable,0,Not Applicable (N/A),1,No,0,Not Applicable,0,Not Applicable,0,Not Applicable,0,Not Applicable,0,Not a Bus,0,No Special Use,0,Not Applicable,998,Not Reported,0,No Underride or Override Noted,0,No Rollover,0,No Rollover,3,3 Clock Point,6,Disabling Damage,2,Towed Due to Disabling Damage,12,Motor Vehicle In-Transport,0,,0,,1,Yes,1,Yes,41,Oregon,97601,97601,0,Not licensed,0,Not Licensed,0,No (CDL),0,No Endorsements required for this vehicle,0,Not licensed,0,No Restrictions or Not Applicable,62,62,130,130 lbs.,0,,1,1,0,,0,,0,,10,October,2016,2016,10,October,2016,2016,5,"Yes, Specifics Unknown",28,Improper Lane Usage,0,,0,,0,,1,"Two-Way, Not Divided",2,Two lanes,65,65 MPH,1,Straight,2,"Grade, Unknown Slope",2,"Blacktop, Bituminous, or Asphalt",1,Dry,0,No Controls,0,No Controls,6,Passing or Overtaking Another Vehicle,9,Unknown cause of control loss,99,Unknown/Not Reported,4,Skidding laterally counterclockwise rotation,2,"Stayed on roadway, but left original travel lane",64,"I64-Same Trafficway, Opposite Direction-Angle, Sideswipe-Lateral Move (Left/Right)",1,0,No,777777777777,No Trailing Units,777777777777,No Trailing Units,777777777777,No Trailing Units
41,Oregon,410225,2,2,1,01,25,25,8,August,15,3:00pm-3:59pm,25,25,12,Motor Vehicle In-Transport,6,Angle,1,Motor Vehicle In-Transport (Inside or Outside the Trafficway),0,No,41,Oregon,3,Vehicle Registered as Business/Company/Government Vehicle,12,Ford,481,12481,Ford F-Series pickup,34,Light Pickup,2008,2008,1FTSX21588EA,1FTSX21588EA,1,F,T,S,X,2,1,5,8,8,E,A,0,No Trailing Units,0,Not an Articulated Vehicle,0,Not Applicable,000000000,Not Applicable,00000000000,Not Applicable,0,Not Applicable,0,Not Applicable,0,Not Applicable (N/A),1,No,0,Not Applicable,0,Not Applicable,0,Not Applicable,0,Not Applicable,0,Not a Bus,0,No Special Use,0,Not Applicable,998,Not Reported,0,No Underride or Override Noted,0,No Rollover,0,No Rollover,12,12 Clock Point,6,Disabling Damage,2,Towed Due to Disabling Damage,12,Motor Vehicle In-Transport,0,,0,,1,Yes,1,Yes,41,Oregon,97756,97756,6,Valid,1,Full Driver License,0,No (CDL),0,No Endorsements required for this vehicle,3,Valid license for this class vehicle,0,No Restrictions or Not Applicable,68,68,155,155 lbs.,0,,0,,0,,0,,0,,0,No Record,0,No Record,0,No Record,0,No Record,0,No,0,,0,,0,,0,,1,"Two-Way, Not Divided",2,Two lanes,65,65 MPH,1,Straight,2,"Grade, Unknown Slope",2,"Blacktop, Bituminous, or Asphalt",1,Dry,0,No Controls,0,No Controls,1,Going Straight,62,From opposite direction  over left lane line,99,Unknown/Not Reported,1,Tracking,1,Stayed in original travel lane,65,"I65-Same Trafficway, Opposite Direction-Angle, Sideswipe-Lateral Move (Going Straight)",0,0,No,777777777777,No Trailing Units,777777777777,No Trailing Units,777777777777,No Trailing Units
41,Oregon,410226,1,1,1,01,3,3,7,July,17,5:00pm-5:59pm,54,54,8,Pedestrian,0,Not a Collision with Motor Vehicle In-Transport,1,Motor Vehicle In-Transport (Inside or Outside the Trafficway),0,No,41,Oregon,1,Driver (in this crash) was  Registered Owner,49,Toyota,404,49404,Toyota FJ Cruiser,14,"Compact Utility (Utility Vehicle Categories ""Small"" and ""Midsize"")",2007,2007,JTEBU11F0700,JTEBU11F0700,J,T,E,B,U,1,1,F,0,7,0,0,0,No Trailing Units,0,Not an Articulated Vehicle,0,Not Applicable,000000000,Not Applicable,00000000000,Not Applicable,0,Not Applicable,0,Not Applicable,0,Not Applicable (N/A),1,No,0,Not Applicable,0,Not Applicable,0,Not Applicable,0,Not Applicable,0,Not a Bus,0,No Special Use,0,Not Applicable,998,Not Reported,0,No Underride or Override Noted,0,No Rollover,0,No Rollover,12,12 Clock Point,8,Not Reported,5,Not Towed,8,Pedestrian,0,,0,,0,No or Not Reported,1,Yes,41,Oregon,97302,97302,6,Valid,1,Full Driver License,0,No (CDL),0,No Endorsements required for this vehicle,3,Valid license for this class vehicle,0,No Restrictions or Not Applicable,66,66,170,170 lbs.,1,1,2,2,0,,1,1,3,3,1,January,2014,2014,3,March,2016,2016,0,No,0,,0,,0,,0,,5,"Two-Way, Not Divided With a Continuous Left-Turn Lane",5,Five lanes,40,40 MPH,1,Straight,1,Level,2,"Blacktop, Bituminous, or Asphalt",1,Dry,0,No Controls,0,No Controls,1,Going Straight,80,Pedestrian in road,1,No Avoidance Maneuver,1,Tracking,1,Stayed in original travel lane,13,C13-Single Driver-Forward Impact-Pedestrian/ Animal,0,0,No,777777777777,No Trailing Units,777777777777,No Trailing Units,777777777777,No Trailing Units
41,Oregon,410227,1,3,2,02,2,2,8,August,17,5:00pm-5:59pm,6,6,12,Motor Vehicle In-Transport,2,Front-to-Front,1,Motor Vehicle In-Transport (Inside or Outside the Trafficway),0,No,41,Oregon,1,Driver (in this crash) was  Registered Owner,7,Dodge,472,7472,Dodge Dakota,34,Light Pickup,2003,2003,1D7HG38X33S2,1D7HG38X33S2,1,D,7,H,G,3,8,X,3,3,S,2,0,No Trailing Units,0,Not an Articulated Vehicle,0,Not Applicable,000000000,Not Applicable,00000000000,Not Applicable,0,Not Applicable,0,Not Applicable,0,Not Applicable (N/A),1,No,0,Not Applicable,0,Not Applicable,0,Not Applicable,0,Not Applicable,0,Not a Bus,0,No Special Use,0,Not Applicable,998,Not Reported,0,No Underride or Override Noted,0,No Rollover,0,No Rollover,12,12 Clock Point,6,Disabling Damage,2,Towed Due to Disabling Damage,12,Motor Vehicle In-Transport,0,,0,,1,Yes,1,Yes,41,Oregon,97338,97338,6,Valid,1,Full Driver License,0,No (CDL),0,No Endorsements required for this vehicle,3,Valid license for this class vehicle,1,Restrictions Complied With,71,71,220,220 lbs.,0,,0,,0,,0,,0,,0,No Record,0,No Record,0,No Record,0,No Record,9,Unknown,28,Improper Lane Usage,0,,0,,0,,1,"Two-Way, Not Divided",3,Three lanes,55,55 MPH,3,Curve Left,2,"Grade, Unknown Slope",2,"Blacktop, Bituminous, or Asphalt",1,Dry,0,No Controls,0,No Controls,14,Negotiating a Curve,10,Over the lane line on left side of travel lane,99,Unknown/Not Reported,1,Tracking,2,"Stayed on roadway, but left original travel lane",50,"G50-Same Trafficway, Opposite Direction-Head-On-Lateral Move (Left/Right)",2,0,No,777777777777,No Trailing Units,777777777777,No Trailing Units,777777777777,No Trailing Units
41,Oregon,410227,2,3,2,02,2,2,8,August,17,5:00pm-5:59pm,6,6,12,Motor Vehicle In-Transport,2,Front-to-Front,1,Motor Vehicle In-Transport (Inside or Outside the Trafficway),0,No,41,Oregon,1,Driver (in this crash) was  Registered Owner,20,Chevrolet,404,20404,Chevrolet Equinox,14,"Compact Utility (Utility Vehicle Categories ""Small"" and ""Midsize"")",2015,2015,2GNALCEK8F63,2GNALCEK8F63,2,G,N,A,L,C,E,K,8,F,6,3,0,No Trailing Units,0,Not an Articulated Vehicle,0,Not Applicable,000000000,Not Applicable,00000000000,Not Applicable,0,Not Applicable,0,Not Applicable,0,Not Applicable (N/A),1,No,0,Not Applicable,0,Not Applicable,0,Not Applicable,0,Not Applicable,0,Not a Bus,0,No Special Use,0,Not Applicable,998,Not Reported,0,No Underride or Override Noted,0,No Rollover,0,No Rollover,12,12 Clock Point,6,Disabling Damage,2,Towed Due to Disabling Damage,12,Motor Vehicle In-Transport,0,,0,,0,No or Not Reported,1,Yes,41,Oregon,97391,97391,6,Valid,1,Full Driver License,0,No (CDL),0,No Endorsements required for this vehicle,3,Valid license for this class vehicle,0,No Restrictions or Not Applicable,71,71,250,250 lbs.,0,,0,,0,,0,,0,,0,No Record,0,No Record,0,No Record,0,No Record,0,No,0,,0,,0,,0,,1,"Two-Way, Not Divided",3,Three lanes,55,55 MPH,2,Curve Right,2,"Grade, Unknown Slope",2,"Blacktop, Bituminous, or Asphalt",1,Dry,0,No Controls,0,No Controls,14,Negotiating a Curve,62,From opposite direction  over left lane line,99,Unknown/Not Reported,1,Tracking,1,Stayed in original travel lane,51,"G51-Same Trafficway, Opposite Direction-Head-On-Lateral Move (Going Straight)",1,0,No,777777777777,No Trailing Units,777777777777,No Trailing Units,777777777777,No Trailing Units
41,Oregon,410227,3,3,2,02,2,2,8,August,17,5:00pm-5:59pm,6,6,12,Motor Vehicle In-Transport,2,Front-to-Front,1,Motor Vehicle In-Transport (Inside or Outside the Trafficway),0,No,41,Oregon,2,Driver (in this crash) Not Registered Owner (Other Private Owner Listed),37,Honda,441,37441,Honda Odyssey,20,"Minivan (Chrysler Town and Country, Caravan, Grand Caravan, Voyager, Voyager, Honda-Odyssey, ...)",2005,2005,5FNRL38405B0,5FNRL38405B0,5,F,N,R,L,3,8,4,0,5,B,0,0,No Trailing Units,0,Not an Articulated Vehicle,0,Not Applicable,000000000,Not Applicable,00000000000,Not Applicable,0,Not Applicable,0,Not Applicable,0,Not Applicable (N/A),1,No,0,Not Applicable,0,Not Applicable,0,Not Applicable,0,Not Applicable,0,Not a Bus,0,No Special Use,0,Not Applicable,998,Not Reported,0,No Underride or Override Noted,0,No Rollover,0,No Rollover,12,12 Clock Point,6,Disabling Damage,2,Towed Due to Disabling Damage,12,Motor Vehicle In-Transport,0,,0,,0,No or Not Reported,1,Yes,41,Oregon,97330,97330,6,Valid,2,Intermediate Driver License,0,No (CDL),0,No Endorsements required for this vehicle,3,Valid license for this class vehicle,1,Restrictions Complied With,63,63,130,130 lbs.,0,,0,,0,,0,,0,,0,No Record,0,No Record,0,No Record,0,No Record,0,No,0,,0,,0,,0,,1,"Two-Way, Not Divided",3,Three lanes,55,55 MPH,2,Curve Right,2,"Grade, Unknown Slope",2,"Blacktop, Bituminous, or Asphalt",1,Dry,0,No Controls,0,No Controls,14,Negotiating a Curve,62,From opposite direction  over left lane line,99,Unknown/Not Reported,1,Tracking,1,Stayed in original travel lane,98,M98-Other Crash Type,0,0,No,777777777777,No Trailing Units,777777777777,No Trailing Units,777777777777,No Trailing Units
41,Oregon,410228,1,1,1,01,4,4,8,August,13,1:00pm-1:59pm,30,30,1,Rollover/Overturn,0,Not a Collision with Motor Vehicle In-Transport,1,Motor Vehicle In-Transport (Inside or Outside the Trafficway),0,No,41,Oregon,3,Vehicle Registered as Business/Company/Government Vehicle,87,Peterbilt,881,87881,Peterbilt Medium/Heavy - CBE,63,"Single-unit straight truck or Cab-Chassis (GVWR > 26,000 lbs.)",2005,2005,1NPGHU0X25D8,1NPGHU0X25D8,1,N,P,G,H,U,0,X,2,5,D,8,0,No Trailing Units,0,Not an Articulated Vehicle,57,US DOT,2410997,2410997,572410997,572410997,3,"26,001 lbs. or more",1,"Single-Unit Truck (2- axle and GVWR more than 10,000 lbs)",4,Dump,1,No,0,Not Applicable,0,Not Applicable,0,Not Applicable,0,Not Applicable,0,Not a Bus,0,No Special Use,0,Not Applicable,998,Not Reported,0,No Underride or Override Noted,1,"Rollover, Tripped by Object/Vehicle",1,On Roadway,0,Non-Collision,6,Disabling Damage,2,Towed Due to Disabling Damage,1,Rollover/Overturn,0,,0,,0,No or Not Reported,1,Yes,41,Oregon,97301,97301,6,Valid,1,Full Driver License,6,Valid,0,No Endorsements required for this vehicle,3,Valid license for this class vehicle,0,No Restrictions or Not Applicable,68,68,240,240 lbs.,0,,0,,0,,0,,0,,0,No Record,0,No Record,0,No Record,0,No Record,9,Unknown,99,Unknown,99,Unknown,99,Unknown,99,Unknown,1,"Two-Way, Not Divided",2,Two lanes,55,55 MPH,1,Straight,1,Level,2,"Blacktop, Bituminous, or Asphalt",1,Dry,0,No Controls,0,No Controls,1,Going Straight,98,Other critical precrash event (specify:),99,Unknown/Not Reported,1,Tracking,1,Stayed in original travel lane,98,M98-Other Crash Type,1,0,No,777777777777,No Trailing Units,777777777777,No Trailing Units,777777777777,No Trailing Units
41,Oregon,410229,1,2,1,01,11,11,8,August,12,12:00pm-12:59pm,31,31,12,Motor Vehicle In-Transport,2,Front-to-Front,1,Motor Vehicle In-Transport (Inside or Outside the Trafficway),0,No,41,Oregon,1,Driver (in this crash) was  Registered Owner,12,Ford,402,12402,Ford Escape,14,"Compact Utility (Utility Vehicle Categories ""Small"" and ""Midsize"")",2017,2017,1FMCU9G91HUA,1FMCU9G91HUA,1,F,M,C,U,9,G,9,1,H,U,A,0,No Trailing Units,0,Not an Articulated Vehicle,0,Not Applicable,000000000,Not Applicable,00000000000,Not Applicable,0,Not Applicable,0,Not Applicable,0,Not Applicable (N/A),1,No,0,Not Applicable,0,Not Applicable,0,Not Applicable,0,Not Applicable,0,Not a Bus,0,No Special Use,0,Not Applicable,998,Not Reported,0,No Underride or Override Noted,0,No Rollover,0,No Rollover,12,12 Clock Point,6,Disabling Damage,2,Towed Due to Disabling Damage,12,Motor Vehicle In-Transport,0,,0,,0,No or Not Reported,1,Yes,41,Oregon,97370,97370,6,Valid,1,Full Driver License,0,No (CDL),0,No Endorsements required for this vehicle,3,Valid license for this class vehicle,3,"Restrictions, Compliance Unknown",70,70,225,225 lbs.,0,,0,,0,,0,,1,1,3,March,2014,2014,3,March,2014,2014,0,No,28,Improper Lane Usage,0,,0,,0,,1,"Two-Way, Not Divided",2,Two lanes,98,Not Reported,1,Straight,1,Level,2,"Blacktop, Bituminous, or Asphalt",1,Dry,0,No Controls,0,No Controls,1,Going Straight,10,Over the lane line on left side of travel lane,99,Unknown/Not Reported,1,Tracking,2,"Stayed on roadway, but left original travel lane",50,"G50-Same Trafficway, Opposite Direction-Head-On-Lateral Move (Left/Right)",1,0,No,777777777777,No Trailing Units,777777777777,No Trailing Units,777777777777,No Trailing Units
41,Oregon,410229,2,2,1,01,11,11,8,August,12,12:00pm-12:59pm,31,31,12,Motor Vehicle In-Transport,2,Front-to-Front,1,Motor Vehicle In-Transport (Inside or Outside the Trafficway),0,No,41,Oregon,1,Driver (in this crash) was  Registered Owner,22,Pontiac,18,22018,Pontiac Grand AM,4,"4-door sedan, hardtop",1999,1999,1G2NE52E7XM7,1G2NE52E7XM7,1,G,2,N,E,5,2,E,7,X,M,7,0,No Trailing Units,0,Not an Articulated Vehicle,0,Not Applicable,000000000,Not Applicable,00000000000,Not Applicable,0,Not Applicable,0,Not Applicable,0,Not Applicable (N/A),1,No,0,Not Applicable,0,Not Applicable,0,Not Applicable,0,Not Applicable,0,Not a Bus,0,No Special Use,0,Not Applicable,998,Not Reported,0,No Underride or Override Noted,0,No Rollover,0,No Rollover,12,12 Clock Point,6,Disabling Damage,2,Towed Due to Disabling Damage,12,Motor Vehicle In-Transport,0,,0,,0,No or Not Reported,1,Yes,41,Oregon,97333,97333,6,Valid,1,Full Driver License,0,No (CDL),0,No Endorsements required for this vehicle,3,Valid license for this class vehicle,0,No Restrictions or Not Applicable,70,70,155,155 lbs.,0,,0,,0,,0,,0,,0,No Record,0,No Record,0,No Record,0,No Record,0,No,0,,0,,0,,0,,1,"Two-Way, Not Divided",2,Two lanes,98,Not Reported,1,Straight,1,Level,2,"Blacktop, Bituminous, or Asphalt",1,Dry,0,No Controls,0,No Controls,1,Going Straight,62,From opposite direction  over left lane line,99,Unknown/Not Reported,1,Tracking,1,Stayed in original travel lane,51,"G51-Same Trafficway, Opposite Direction-Head-On-Lateral Move (Going Straight)",0,0,No,777777777777,No Trailing Units,777777777777,No Trailing Units,777777777777,No Trailing Units
41,Oregon,410230,1,2,1,01,16,16,8,August,12,12:00pm-12:59pm,55,55,1,Rollover/Overturn,0,Not a Collision with Motor Vehicle In-Transport,1,Motor Vehicle In-Transport (Inside or Outside the Trafficway),0,No,95,Canada,1,Driver (in this crash) was  Registered Owner,73,Kawasaki,706,73706,Kawasaki 750cc or greater,80,Two Wheel Motorcycle (excluding motor scooters),2013,2013,JKAZXCH17DA0,JKAZXCH17DA0,J,K,A,Z,X,C,H,1,7,D,A,0,0,No Trailing Units,0,Not an Articulated Vehicle,0,Not Applicable,000000000,Not Applicable,00000000000,Not Applicable,0,Not Applicable,0,Not Applicable,0,Not Applicable (N/A),1,No,0,Not Applicable,0,Not Applicable,0,Not Applicable,0,Not Applicable,0,Not a Bus,0,No Special Use,0,Not Applicable,998,Not Reported,0,No Underride or Override Noted,0,No Rollover,0,No Rollover,0,Non-Collision,6,Disabling Damage,2,Towed Due to Disabling Damage,1,Rollover/Overturn,0,,0,,0,No or Not Reported,1,Yes,95,Canada,0,Not resident of U.S. or Territories,9,Unknown License Status,9,Unknown License Type,99,Unknown License Status,9,"Unknown, if required",9,Unknown,9,Unknown,999,Unknown,999,Unknown,99,Unknown,99,Unknown,99,Unknown,99,Unknown,99,Unknown,99,Unknown,9999,Unknown,99,Unknown,9999,Unknown,9,Unknown,28,Improper Lane Usage,0,,0,,0,,1,"Two-Way, Not Divided",3,Three lanes,55,55 MPH,2,Curve Right,5,Uphill,2,"Blacktop, Bituminous, or Asphalt",1,Dry,0,No Controls,0,No Controls,14,Negotiating a Curve,98,Other critical precrash event (specify:),99,Unknown/Not Reported,1,Tracking,2,"Stayed on roadway, but left original travel lane",98,M98-Other Crash Type,1,0,No,777777777777,No Trailing Units,777777777777,No Trailing Units,777777777777,No Trailing Units
41,Oregon,410230,2,2,4,04,16,16,8,August,12,12:00pm-12:59pm,55,55,1,Rollover/Overturn,0,Not a Collision with Motor Vehicle In-Transport,1,Motor Vehicle In-Transport (Inside or Outside the Trafficway),0,No,37,North Carolina,1,Driver (in this crash) was  Registered Owner,12,Ford,481,12481,Ford F-Series pickup,34,Light Pickup,2014,2014,1FTFW1EFXEFC,1FTFW1EFXEFC,1,F,T,F,W,1,E,F,X,E,F,C,0,No Trailing Units,0,Not an Articulated Vehicle,0,Not Applicable,000000000,Not Applicable,00000000000,Not Applicable,0,Not Applicable,0,Not Applicable,0,Not Applicable (N/A),1,No,0,Not Applicable,0,Not Applicable,0,Not Applicable,0,Not Applicable,0,Not a Bus,0,No Special Use,0,Not Applicable,998,Not Reported,0,No Underride or Override Noted,0,No Rollover,0,No Rollover,12,12 Clock Point,8,Not Reported,2,Towed Due to Disabling Damage,12,Motor Vehicle In-Transport,0,,0,,0,No or Not Reported,1,Yes,37,North Carolina,27889,27889,6,Valid,1,Full Driver License,0,No (CDL),0,No Endorsements required for this vehicle,3,Valid license for this class vehicle,0,No Restrictions or Not Applicable,72,72,999,Unknown,0,,0,,0,,1,1,1,1,5,May,2016,2016,5,May,2016,2016,0,No,0,,0,,0,,0,,1,"Two-Way, Not Divided",3,Three lanes,55,55 MPH,3,Curve Left,6,Downhill,2,"Blacktop, Bituminous, or Asphalt",1,Dry,0,No Controls,0,No Controls,14,Negotiating a Curve,62,From opposite direction  over left lane line,99,Unknown/Not Reported,1,Tracking,1,Stayed in original travel lane,98,M98-Other Crash Type,0,0,No,777777777777,No Trailing Units,777777777777,No Trailing Units,777777777777,No Trailing Units
41,Oregon,410231,1,2,1,01,20,20,8,August,19,7:00pm-7:59pm,15,15,12,Motor Vehicle In-Transport,2,Front-to-Front,1,Motor Vehicle In-Transport (Inside or Outside the Trafficway),0,No,92,No Registration,0,"Not Applicable, Vehicle Not Registered",37,Honda,32,37032,Honda Accord,2,"2-door sedan,hardtop,coupe",1991,1991,1HGCB7250MA0,1HGCB7250MA0,1,H,G,C,B,7,2,5,0,M,A,0,0,No Trailing Units,0,Not an Articulated Vehicle,0,Not Applicable,000000000,Not Applicable,00000000000,Not Applicable,0,Not Applicable,0,Not Applicable,0,Not Applicable (N/A),1,No,0,Not Applicable,0,Not Applicable,0,Not Applicable,0,Not Applicable,0,Not a Bus,0,No Special Use,0,Not Applicable,998,Not Reported,0,No Underride or Override Noted,0,No Rollover,0,No Rollover,12,12 Clock Point,8,Not Reported,2,Towed Due to Disabling Damage,12,Motor Vehicle In-Transport,0,,0,,1,Yes,1,Yes,41,Oregon,97305,97305,1,Suspended,1,Full Driver License,0,No (CDL),0,No Endorsements required for this vehicle,2,No valid license for this class vehicle,0,No Restrictions or Not Applicable,70,70,175,175 lbs.,1,1,20,20,4,4,0,,1,1,3,March,2013,2013,10,October,2016,2016,0,No,28,Improper Lane Usage,0,,0,,0,,1,"Two-Way, Not Divided",2,Two lanes,55,55 MPH,1,Straight,1,Level,2,"Blacktop, Bituminous, or Asphalt",1,Dry,0,No Controls,0,No Controls,1,Going Straight,10,Over the lane line on left side of travel lane,99,Unknown/Not Reported,1,Tracking,2,"Stayed on roadway, but left original travel lane",50,"G50-Same Trafficway, Opposite Direction-Head-On-Lateral Move (Left/Right)",1,1,Yes,777777777777,No Trailing Units,777777777777,No Trailing Units,777777777777,No Trailing Units
41,Oregon,410231,2,2,2,02,20,20,8,August,19,7:00pm-7:59pm,15,15,12,Motor Vehicle In-Transport,2,Front-to-Front,1,Motor Vehicle In-Transport (Inside or Outside the Trafficway),0,No,41,Oregon,1,Driver (in this crash) was  Registered Owner,37,Honda,39,37039,Honda Fit,5,5-door/4-door hatchback,2016,2016,JHMGK5H72GX0,JHMGK5H72GX0,J,H,M,G,K,5,H,7,2,G,X,0,0,No Trailing Units,0,Not an Articulated Vehicle,0,Not Applicable,000000000,Not Applicable,00000000000,Not Applicable,0,Not Applicable,0,Not Applicable,0,Not Applicable (N/A),1,No,0,Not Applicable,0,Not Applicable,0,Not Applicable,0,Not Applicable,0,Not a Bus,0,No Special Use,0,Not Applicable,998,Not Reported,0,No Underride or Override Noted,0,No Rollover,0,No Rollover,12,12 Clock Point,8,Not Reported,2,Towed Due to Disabling Damage,12,Motor Vehicle In-Transport,0,,0,,0,No or Not Reported,1,Yes,41,Oregon,97303,97303,6,Valid,1,Full Driver License,0,No (CDL),0,No Endorsements required for this vehicle,3,Valid license for this class vehicle,3,"Restrictions, Compliance Unknown",65,65,215,215 lbs.,0,,0,,0,,0,,0,,0,No Record,0,No Record,0,No Record,0,No Record,0,No,0,,0,,0,,0,,1,"Two-Way, Not Divided",2,Two lanes,55,55 MPH,1,Straight,1,Level,2,"Blacktop, Bituminous, or Asphalt",1,Dry,0,No Controls,0,No Controls,1,Going Straight,62,From opposite direction  over left lane line,99,Unknown/Not Reported,1,Tracking,1,Stayed in original travel lane,51,"G51-Same Trafficway, Opposite Direction-Head-On-Lateral Move (Going Straight)",0,0,No,777777777777,No Trailing Units,777777777777,No Trailing Units,777777777777,No Trailing Units
41,Oregon,410232,1,1,1,01,21,21,8,August,1,1:00am-1:59am,48,48,9,Pedalcyclist,0,Not a Collision with Motor Vehicle In-Transport,1,Motor Vehicle In-Transport (Inside or Outside the Trafficway),0,No,41,Oregon,3,Vehicle Registered as Business/Company/Government Vehicle,89,White/Autocar White/GMC,890,89890,White/Autocar White/GMC Medium/Heavy - COE entry position unknown,63,"Single-unit straight truck or Cab-Chassis (GVWR > 26,000 lbs.)",2010,2010,5VCACLJF4AH2,5VCACLJF4AH2,5,V,C,A,C,L,J,F,4,A,H,2,0,No Trailing Units,0,Not an Articulated Vehicle,57,US DOT,684476,684476,57684476,57684476,3,"26,001 lbs. or more",2,Single-Unit Truck (3 or more axles),7,Garbage/Refuse,1,No,0,Not Applicable,0,Not Applicable,0,Not Applicable,0,Not Applicable,0,Not a Bus,0,No Special Use,0,Not Applicable,998,Not Reported,0,No Underride or Override Noted,0,No Rollover,0,No Rollover,12,12 Clock Point,8,Not Reported,2,Towed Due to Disabling Damage,9,Pedalcyclist,0,,0,,0,No or Not Reported,1,Yes,41,Oregon,97230,97230,6,Valid,1,Full Driver License,6,Valid,0,No Endorsements required for this vehicle,3,Valid license for this class vehicle,1,Restrictions Complied With,70,70,195,195 lbs.,0,,0,,0,,0,,0,,0,No Record,0,No Record,0,No Record,0,No Record,9,Unknown,99,Unknown,99,Unknown,99,Unknown,99,Unknown,1,"Two-Way, Not Divided",2,Two lanes,98,Not Reported,1,Straight,1,Level,2,"Blacktop, Bituminous, or Asphalt",1,Dry,0,No Controls,0,No Controls,11,Turning Left,83,Pedalcyclist or other non-motorist in road,99,Unknown/Not Reported,1,Tracking,1,Stayed in original travel lane,13,C13-Single Driver-Forward Impact-Pedestrian/ Animal,0,0,No,777777777777,No Trailing Units,777777777777,No Trailing Units,777777777777,No Trailing Units
41,Oregon,410233,1,1,1,01,24,24,8,August,11,11:00am-11:59am,33,33,42,Tree (Standing Only),0,Not a Collision with Motor Vehicle In-Transport,1,Motor Vehicle In-Transport (Inside or Outside the Trafficway),0,No,41,Oregon,1,Driver (in this crash) was  Registered Owner,41,Mazda,51,41051,Mazda Mazda3,5,5-door/4-door hatchback,2014,2014,JM1BM1M74E11,JM1BM1M74E11,J,M,1,B,M,1,M,7,4,E,1,1,0,No Trailing Units,0,Not an Articulated Vehicle,0,Not Applicable,000000000,Not Applicable,00000000000,Not Applicable,0,Not Applicable,0,Not Applicable,0,Not Applicable (N/A),1,No,0,Not Applicable,0,Not Applicable,0,Not Applicable,0,Not Applicable,0,Not a Bus,0,No Special Use,0,Not Applicable,998,Not Reported,0,No Underride or Override Noted,0,No Rollover,0,No Rollover,12,12 Clock Point,6,Disabling Damage,2,Towed Due to Disabling Damage,42,Tree (Standing Only),0,,0,,0,No or Not Reported,1,Yes,41,Oregon,97306,97306,6,Valid,1,Full Driver License,0,No (CDL),0,No Endorsements required for this vehicle,3,Valid license for this class vehicle,1,Restrictions Complied With,66,66,150,150 lbs.,1,1,0,,0,,1,1,0,,9,September,2013,2013,5,May,2017,2017,9,Unknown,99,Unknown,99,Unknown,99,Unknown,99,Unknown,1,"Two-Way, Not Divided",2,Two lanes,55,55 MPH,2,Curve Right,2,"Grade, Unknown Slope",2,"Blacktop, Bituminous, or Asphalt",1,Dry,0,No Controls,0,No Controls,14,Negotiating a Curve,12,Off the edge of the road on the left side,99,Unknown/Not Reported,1,Tracking,4,Departed roadway,6,B6-Single Driver-Left Roadside Departure-Drive Off Road,1,1,Yes,777777777777,No Trailing Units,777777777777,No Trailing Units,777777777777,No Trailing Units
41,Oregon,410234,1,2,2,02,24,24,8,August,0,0:00am-0:59am,32,32,12,Motor Vehicle In-Transport,6,Angle,1,Motor Vehicle In-Transport (Inside or Outside the Trafficway),0,No,41,Oregon,2,Driver (in this crash) Not Registered Owner (Other Private Owner Listed),2,Jeep / Kaiser-Jeep / Willys- Jeep,404,2404,Jeep / Kaiser-Jeep / Willys- Jeep Cherokee (1984-on) (For Grand Cherokee for 2014 on use 02-422.),14,"Compact Utility (Utility Vehicle Categories ""Small"" and ""Midsize"")",1992,1992,1J4FJ28S9NL2,1J4FJ28S9NL2,1,J,4,F,J,2,8,S,9,N,L,2,0,No Trailing Units,0,Not an Articulated Vehicle,0,Not Applicable,000000000,Not Applicable,00000000000,Not Applicable,0,Not Applicable,0,Not Applicable,0,Not Applicable (N/A),1,No,0,Not Applicable,0,Not Applicable,0,Not Applicable,0,Not Applicable,0,Not a Bus,0,No Special Use,0,Not Applicable,998,Not Reported,0,No Underride or Override Noted,0,No Rollover,0,No Rollover,12,12 Clock Point,8,Not Reported,2,Towed Due to Disabling Damage,12,Motor Vehicle In-Transport,0,,0,,0,No or Not Reported,1,Yes,41,Oregon,97405,97405,1,Suspended,1,Full Driver License,0,No (CDL),0,No Endorsements required for this vehicle,2,No valid license for this class vehicle,0,No Restrictions or Not Applicable,61,61,93,93 lbs.,0,,6,6,0,,0,,2,2,2,February,2016,2016,1,January,2017,2017,4,"Yes, Too Fast for Conditions",39,"Failure to Obey Actual Traffic Sign,Traffic Control Devices or Traffic Officers;Failure to Obey Safety Zone Traffic Laws",0,,0,,0,,4,One-Way Trafficway,2,Two lanes,30,30 MPH,1,Straight,1,Level,2,"Blacktop, Bituminous, or Asphalt",1,Dry,2,Traffic control signal (on colors) with Pedestrian Signal,3,Device Functioning Properly,1,Going Straight,17,Crossing over (passing through) Junction,99,Unknown/Not Reported,1,Tracking,1,Stayed in original travel lane,88,L88-Intersecting Paths-Straight Paths-Striking from the Left,0,0,No,777777777777,No Trailing Units,777777777777,No Trailing Units,777777777777,No Trailing Units
41,Oregon,410234,2,2,1,01,24,24,8,August,0,0:00am-0:59am,32,32,12,Motor Vehicle In-Transport,6,Angle,1,Motor Vehicle In-Transport (Inside or Outside the Trafficway),0,No,41,Oregon,1,Driver (in this crash) was  Registered Owner,7,Dodge,21,7021,Dodge Magnum,6,Station Wagon (excluding van and truck based),2006,2006,2D4GV57256H5,2D4GV57256H5,2,D,4,G,V,5,7,2,5,6,H,5,0,No Trailing Units,0,Not an Articulated Vehicle,0,Not Applicable,000000000,Not Applicable,00000000000,Not Applicable,0,Not Applicable,0,Not Applicable,0,Not Applicable (N/A),1,No,0,Not Applicable,0,Not Applicable,0,Not Applicable,0,Not Applicable,0,Not a Bus,0,No Special Use,0,Not Applicable,998,Not Reported,0,No Underride or Override Noted,0,No Rollover,0,No Rollover,9,9 Clock Point,8,Not Reported,8,Not Reported,12,Motor Vehicle In-Transport,0,,0,,0,No or Not Reported,1,Yes,41,Oregon,97401,97401,6,Valid,1,Full Driver License,0,No (CDL),0,No Endorsements required for this vehicle,3,Valid license for this class vehicle,1,Restrictions Complied With,74,74,250,250 lbs.,0,,0,,0,,0,,0,,0,No Record,0,No Record,0,No Record,0,No Record,0,No,0,,0,,0,,0,,4,One-Way Trafficway,2,Two lanes,30,30 MPH,1,Straight,1,Level,2,"Blacktop, Bituminous, or Asphalt",1,Dry,2,Traffic control signal (on colors) with Pedestrian Signal,3,Device Functioning Properly,1,Going Straight,66,"From crossing street, across path",99,Unknown/Not Reported,1,Tracking,1,Stayed in original travel lane,89,L89-Intersecting Paths-Straight Paths-Struck on the left,1,0,No,777777777777,No Trailing Units,777777777777,No Trailing Units,777777777777,No Trailing Units
41,Oregon,410235,1,3,2,02,25,25,8,August,12,12:00pm-12:59pm,39,39,12,Motor Vehicle In-Transport,2,Front-to-Front,1,Motor Vehicle In-Transport (Inside or Outside the Trafficway),0,No,41,Oregon,4,Vehicle Registered as Rental Vehicle,7,Dodge,422,7422,Dodge Durango (2004 on; see 402 for 1998-2003 models),15,"Large utility (ANSI D16.1 Utility Vehicle Categories and ""Full Size"" and ""Large"")",2017,2017,1C4RDJDG7HC9,1C4RDJDG7HC9,1,C,4,R,D,J,D,G,7,H,C,9,0,No Trailing Units,0,Not an Articulated Vehicle,0,Not Applicable,000000000,Not Applicable,00000000000,Not Applicable,0,Not Applicable,0,Not Applicable,0,Not Applicable (N/A),1,No,0,Not Applicable,0,Not Applicable,0,Not Applicable,0,Not Applicable,0,Not a Bus,0,No Special Use,0,Not Applicable,998,Not Reported,0,No Underride or Override Noted,0,No Rollover,0,No Rollover,12,12 Clock Point,6,Disabling Damage,2,Towed Due to Disabling Damage,12,Motor Vehicle In-Transport,0,,0,,0,No or Not Reported,1,Yes,9,Connecticut,6905,6905,6,Valid,1,Full Driver License,0,No (CDL),0,No Endorsements required for this vehicle,3,Valid license for this class vehicle,1,Restrictions Complied With,70,70,999,Unknown,98,Crashes Not Reported on Driving Record,0,,0,,0,,0,,0,No Record,0,No Record,0,No Record,0,No Record,9,Unknown,28,Improper Lane Usage,0,,0,,0,,1,"Two-Way, Not Divided",2,Two lanes,55,55 MPH,1,Straight,2,"Grade, Unknown Slope",2,"Blacktop, Bituminous, or Asphalt",1,Dry,0,No Controls,0,No Controls,1,Going Straight,10,Over the lane line on left side of travel lane,99,Unknown/Not Reported,1,Tracking,2,"Stayed on roadway, but left original travel lane",50,"G50-Same Trafficway, Opposite Direction-Head-On-Lateral Move (Left/Right)",0,0,No,777777777777,No Trailing Units,777777777777,No Trailing Units,777777777777,No Trailing Units
41,Oregon,410235,2,3,1,01,25,25,8,August,12,12:00pm-12:59pm,39,39,12,Motor Vehicle In-Transport,2,Front-to-Front,1,Motor Vehicle In-Transport (Inside or Outside the Trafficway),0,No,41,Oregon,1,Driver (in this crash) was  Registered Owner,49,Toyota,46,49046,Toyota Prius *,5,5-door/4-door hatchback,2009,2009,JTDKB20U2935,JTDKB20U2935,J,T,D,K,B,2,0,U,2,9,3,5,0,No Trailing Units,0,Not an Articulated Vehicle,0,Not Applicable,000000000,Not Applicable,00000000000,Not Applicable,0,Not Applicable,0,Not Applicable,0,Not Applicable (N/A),1,No,0,Not Applicable,0,Not Applicable,0,Not Applicable,0,Not Applicable,0,Not a Bus,0,No Special Use,0,Not Applicable,998,Not Reported,0,No Underride or Override Noted,0,No Rollover,0,No Rollover,12,12 Clock Point,6,Disabling Damage,2,Towed Due to Disabling Damage,12,Motor Vehicle In-Transport,0,,0,,0,No or Not Reported,1,Yes,41,Oregon,97370,97370,6,Valid,1,Full Driver License,0,No (CDL),0,No Endorsements required for this vehicle,3,Valid license for this class vehicle,0,No Restrictions or Not Applicable,76,76,275,275 lbs.,0,,0,,0,,0,,0,,0,No Record,0,No Record,0,No Record,0,No Record,0,No,0,,0,,0,,0,,1,"Two-Way, Not Divided",2,Two lanes,55,55 MPH,1,Straight,2,"Grade, Unknown Slope",2,"Blacktop, Bituminous, or Asphalt",1,Dry,0,No Controls,0,No Controls,1,Going Straight,62,From opposite direction  over left lane line,99,Unknown/Not Reported,1,Tracking,1,Stayed in original travel lane,51,"G51-Same Trafficway, Opposite Direction-Head-On-Lateral Move (Going Straight)",1,0,No,777777777777,No Trailing Units,777777777777,No Trailing Units,777777777777,No Trailing Units
41,Oregon,410235,3,3,3,03,25,25,8,August,12,12:00pm-12:59pm,39,39,12,Motor Vehicle In-Transport,2,Front-to-Front,1,Motor Vehicle In-Transport (Inside or Outside the Trafficway),0,No,41,Oregon,2,Driver (in this crash) Not Registered Owner (Other Private Owner Listed),7,Dodge,850,7850,Dodge Motor Home,65,Medium/heavy truck based motorhome,9999,Unknown,9264480,9264480,9,2,6,4,4,8,0,,,,,,0,No Trailing Units,0,Not an Articulated Vehicle,88,,888888888,,88888888888,,2,"10,001 lbs - 26,000 lbs",19,"Truck More Than 10,000 lbs, Cannot Classify",97,Other,1,No,0,Not Applicable,0,Not Applicable,0,Not Applicable,0,Not Applicable,0,Not a Bus,0,No Special Use,0,Not Applicable,998,Not Reported,0,No Underride or Override Noted,0,No Rollover,0,No Rollover,12,12 Clock Point,8,Not Reported,2,Towed Due to Disabling Damage,12,Motor Vehicle In-Transport,0,,0,,0,No or Not Reported,1,Yes,41,Oregon,97381,97381,6,Valid,1,Full Driver License,6,Valid,0,No Endorsements required for this vehicle,3,Valid license for this class vehicle,1,Restrictions Complied With,70,70,190,190 lbs.,0,,0,,0,,0,,0,,0,No Record,0,No Record,0,No Record,0,No Record,0,No,0,,0,,0,,0,,1,"Two-Way, Not Divided",2,Two lanes,55,55 MPH,1,Straight,2,"Grade, Unknown Slope",2,"Blacktop, Bituminous, or Asphalt",1,Dry,0,No Controls,0,No Controls,1,Going Straight,51,Traveling in same direction with lower steady speed,99,Unknown/Not Reported,1,Tracking,1,Stayed in original travel lane,98,M98-Other Crash Type,0,0,No,777777777777,No Trailing Units,777777777777,No Trailing Units,777777777777,No Trailing Units
41,Oregon,410236,1,1,2,02,26,26,8,August,17,5:00pm-5:59pm,2,2,1,Rollover/Overturn,0,Not a Collision with Motor Vehicle In-Transport,1,Motor Vehicle In-Transport (Inside or Outside the Trafficway),0,No,53,Washington,1,Driver (in this crash) was  Registered Owner,72,Harley-Davidson,706,72706,Harley-Davidson 750cc or greater,80,Two Wheel Motorcycle (excluding motor scooters),2007,2007,1HD1FL4167Y7,1HD1FL4167Y7,1,H,D,1,F,L,4,1,6,7,Y,7,0,No Trailing Units,0,Not an Articulated Vehicle,0,Not Applicable,000000000,Not Applicable,00000000000,Not Applicable,0,Not Applicable,0,Not Applicable,0,Not Applicable (N/A),1,No,0,Not Applicable,0,Not Applicable,0,Not Applicable,0,Not Applicable,0,Not a Bus,0,No Special Use,0,Not Applicable,998,Not Reported,0,No Underride or Override Noted,0,No Rollover,0,No Rollover,0,Non-Collision,8,Not Reported,2,Towed Due to Disabling Damage,1,Rollover/Overturn,0,,0,,0,No or Not Reported,1,Yes,53,Washington,99117,99117,6,Valid,1,Full Driver License,0,No (CDL),0,No Endorsements required for this vehicle,3,Valid license for this class vehicle,0,No Restrictions or Not Applicable,70,70,270,270 lbs.,0,,0,,0,,1,1,0,,12,December,2013,2013,12,December,2013,2013,9,Unknown,99,Unknown,99,Unknown,99,Unknown,99,Unknown,2,"Two-Way, Divided, Unprotected Median",2,Two lanes,70,70 MPH,4,Curve - Unknown Direction,2,"Grade, Unknown Slope",2,"Blacktop, Bituminous, or Asphalt",1,Dry,0,No Controls,0,No Controls,14,Negotiating a Curve,3,"Disabling vehicle failure (e.g., wheel fell off) (specify:)",99,Unknown/Not Reported,1,Tracking,1,Stayed in original travel lane,98,M98-Other Crash Type,1,0,No,777777777777,No Trailing Units,777777777777,No Trailing Units,777777777777,No Trailing Units
41,Oregon,410237,1,1,1,01,26,26,8,August,17,5:00pm-5:59pm,52,52,1,Rollover/Overturn,0,Not a Collision with Motor Vehicle In-Transport,1,Motor Vehicle In-Transport (Inside or Outside the Trafficway),0,No,41,Oregon,2,Driver (in this crash) Not Registered Owner (Other Private Owner Listed),34,BMW,35,34035,BMW 5-series,4,"4-door sedan, hardtop",2000,2000,WBADM5347YBY,WBADM5347YBY,W,B,A,D,M,5,3,4,7,Y,B,Y,0,No Trailing Units,0,Not an Articulated Vehicle,0,Not Applicable,000000000,Not Applicable,00000000000,Not Applicable,0,Not Applicable,0,Not Applicable,0,Not Applicable (N/A),1,No,0,Not Applicable,0,Not Applicable,0,Not Applicable,0,Not Applicable,0,Not a Bus,0,No Special Use,0,Not Applicable,998,Not Reported,0,No Underride or Override Noted,1,"Rollover, Tripped by Object/Vehicle",5,On Roadside,0,Non-Collision,6,Disabling Damage,2,Towed Due to Disabling Damage,1,Rollover/Overturn,0,,0,,0,No or Not Reported,1,Yes,41,Oregon,97527,97527,6,Valid,1,Full Driver License,0,No (CDL),0,No Endorsements required for this vehicle,3,Valid license for this class vehicle,0,No Restrictions or Not Applicable,75,75,185,185 lbs.,0,,0,,0,,0,,1,1,9,September,2014,2014,9,September,2014,2014,4,"Yes, Too Fast for Conditions",0,,0,,0,,0,,6,Entrance/Exit Ramp,1,One lane,65,65 MPH,2,Curve Right,1,Level,2,"Blacktop, Bituminous, or Asphalt",1,Dry,0,No Controls,0,No Controls,14,Negotiating a Curve,13,Off the edge of the road on the right side,99,Unknown/Not Reported,1,Tracking,4,Departed roadway,1,A1-Single Driver-Right Roadside Departure-Drive Off Road,1,0,No,777777777777,No Trailing Units,777777777777,No Trailing Units,777777777777,No Trailing Units
41,Oregon,410238,1,1,1,01,27,27,8,August,17,5:00pm-5:59pm,50,50,23,Bridge Rail (Includes parapet),0,Not a Collision with Motor Vehicle In-Transport,1,Motor Vehicle In-Transport (Inside or Outside the Trafficway),0,No,41,Oregon,1,Driver (in this crash) was  Registered Owner,76,Yamaha,705,76705,Yamaha 450-749cc,80,Two Wheel Motorcycle (excluding motor scooters),2005,2005,JYARJ06E55A0,JYARJ06E55A0,J,Y,A,R,J,0,6,E,5,5,A,0,0,No Trailing Units,0,Not an Articulated Vehicle,0,Not Applicable,000000000,Not Applicable,00000000000,Not Applicable,0,Not Applicable,0,Not Applicable,0,Not Applicable (N/A),1,No,0,Not Applicable,0,Not Applicable,0,Not Applicable,0,Not Applicable,0,Not a Bus,0,No Special Use,0,Not Applicable,998,Not Reported,0,No Underride or Override Noted,0,No Rollover,0,No Rollover,98,Not Reported,8,Not Reported,2,Towed Due to Disabling Damage,23,Bridge Rail (Includes parapet),0,,0,,0,No or Not Reported,1,Yes,41,Oregon,97214,97214,0,Not licensed,0,Not Licensed,0,No (CDL),0,No Endorsements required for this vehicle,0,Not licensed,0,No Restrictions or Not Applicable,69,69,210,210 lbs.,0,,1,1,0,,1,1,0,,4,April,2013,2013,7,July,2013,2013,4,"Yes, Too Fast for Conditions",0,,0,,0,,0,,3,"Two-Way,  Divided, Positive  Median Barrier",2,Two lanes,50,50 MPH,3,Curve Left,2,"Grade, Unknown Slope",2,"Blacktop, Bituminous, or Asphalt",1,Dry,0,No Controls,0,No Controls,14,Negotiating a Curve,13,Off the edge of the road on the right side,99,Unknown/Not Reported,1,Tracking,4,Departed roadway,1,A1-Single Driver-Right Roadside Departure-Drive Off Road,1,0,No,777777777777,No Trailing Units,777777777777,No Trailing Units,777777777777,No Trailing Units
41,Oregon,410239,1,1,1,01,30,30,8,August,9,9:00am-9:59am,39,39,3,Immersion or Partial Immersion,0,Not a Collision with Motor Vehicle In-Transport,1,Motor Vehicle In-Transport (Inside or Outside the Trafficway),0,No,41,Oregon,2,Driver (in this crash) Not Registered Owner (Other Private Owner Listed),20,Chevrolet,471,20471,Chevrolet S-10/T-10 Pickup,34,Light Pickup,1994,1994,1GCCS1445R81,1GCCS1445R81,1,G,C,C,S,1,4,4,5,R,8,1,0,No Trailing Units,0,Not an Articulated Vehicle,0,Not Applicable,000000000,Not Applicable,00000000000,Not Applicable,0,Not Applicable,0,Not Applicable,0,Not Applicable (N/A),1,No,0,Not Applicable,0,Not Applicable,0,Not Applicable,0,Not Applicable,0,Not a Bus,0,No Special Use,0,Not Applicable,998,Not Reported,0,No Underride or Override Noted,0,No Rollover,0,No Rollover,0,Non-Collision,6,Disabling Damage,8,Not Reported,3,Immersion or Partial Immersion,0,,0,,1,Yes,1,Yes,4,Arizona,85282,85282,1,Suspended,1,Full Driver License,0,No (CDL),0,No Endorsements required for this vehicle,2,No valid license for this class vehicle,0,No Restrictions or Not Applicable,71,71,180,180 lbs.,0,,5,5,0,,1,1,0,,10,October,2013,2013,8,August,2014,2014,9,Unknown,99,Unknown,99,Unknown,99,Unknown,99,Unknown,1,"Two-Way, Not Divided",2,Two lanes,98,Not Reported,1,Straight,1,Level,2,"Blacktop, Bituminous, or Asphalt",1,Dry,0,No Controls,0,No Controls,1,Going Straight,12,Off the edge of the road on the left side,1,No Avoidance Maneuver,1,Tracking,4,Departed roadway,0,M0-No Impact,1,1,Yes,777777777777,No Trailing Units,777777777777,No Trailing Units,777777777777,No Trailing Units
41,Oregon,410240,1,2,1,01,2,2,9,September,2,2:00am-2:59am,29,29,12,Motor Vehicle In-Transport,2,Front-to-Front,1,Motor Vehicle In-Transport (Inside or Outside the Trafficway),0,No,41,Oregon,1,Driver (in this crash) was  Registered Owner,76,Yamaha,705,76705,Yamaha 450-749cc,80,Two Wheel Motorcycle (excluding motor scooters),2000,2000,JYARJ04E6YA0,JYARJ04E6YA0,J,Y,A,R,J,0,4,E,6,Y,A,0,0,No Trailing Units,0,Not an Articulated Vehicle,0,Not Applicable,000000000,Not Applicable,00000000000,Not Applicable,0,Not Applicable,0,Not Applicable,0,Not Applicable (N/A),1,No,0,Not Applicable,0,Not Applicable,0,Not Applicable,0,Not Applicable,0,Not a Bus,0,No Special Use,0,Not Applicable,998,Not Reported,0,No Underride or Override Noted,0,No Rollover,0,No Rollover,12,12 Clock Point,6,Disabling Damage,2,Towed Due to Disabling Damage,12,Motor Vehicle In-Transport,0,,0,,0,No or Not Reported,1,Yes,41,Oregon,97754,97754,1,Suspended,1,Full Driver License,0,No (CDL),0,No Endorsements required for this vehicle,2,No valid license for this class vehicle,0,No Restrictions or Not Applicable,67,67,175,175 lbs.,1,1,5,5,0,,0,,1,1,8,August,2016,2016,4,April,2017,2017,5,"Yes, Specifics Unknown",39,"Failure to Obey Actual Traffic Sign,Traffic Control Devices or Traffic Officers;Failure to Obey Safety Zone Traffic Laws",48,Making Other Improper Turn,0,,0,,1,"Two-Way, Not Divided",2,Two lanes,98,Not Reported,1,Straight,1,Level,2,"Blacktop, Bituminous, or Asphalt",1,Dry,20,Stop Sign,3,Device Functioning Properly,11,Turning Left,15,Turning Left,1,No Avoidance Maneuver,1,Tracking,1,Stayed in original travel lane,82,K82-Trafficway Vehicle Turning-Turn Into Path-Turn Into Opposite Directions (Turning Left),1,0,No,777777777777,No Trailing Units,777777777777,No Trailing Units,777777777777,No Trailing Units
41,Oregon,410240,2,2,1,01,2,2,9,September,2,2:00am-2:59am,29,29,12,Motor Vehicle In-Transport,2,Front-to-Front,1,Motor Vehicle In-Transport (Inside or Outside the Trafficway),0,No,93,Multiple State Registration,3,Vehicle Registered as Business/Company/Government Vehicle,82,Freightliner,881,82881,Freightliner Medium/Heavy - CBE,66,"Truck-tractor (Cab only, or with any number of trailing unit; any weight)",2017,2017,3AKJGHDV4HSH,3AKJGHDV4HSH,3,A,K,J,G,H,D,V,4,H,S,H,1,One Trailing Unit,1,No,57,US DOT,080806,080806,57080806,57080806,3,"26,001 lbs. or more",6,Truck Tractor/Semi-Trailer,1,Van/Enclosed Box,1,No,0,Not Applicable,0,Not Applicable,0,Not Applicable,0,Not Applicable,0,Not a Bus,0,No Special Use,0,Not Applicable,998,Not Reported,0,No Underride or Override Noted,1,"Rollover, Tripped by Object/Vehicle",5,On Roadside,12,12 Clock Point,6,Disabling Damage,2,Towed Due to Disabling Damage,12,Motor Vehicle In-Transport,0,,0,,0,No or Not Reported,1,Yes,53,Washington,98564,98564,6,Valid,1,Full Driver License,6,Valid,0,No Endorsements required for this vehicle,3,Valid license for this class vehicle,0,No Restrictions or Not Applicable,71,71,220,220 lbs.,0,,0,,0,,0,,0,,0,No Record,0,No Record,0,No Record,0,No Record,0,No,0,,0,,0,,0,,1,"Two-Way, Not Divided",2,Two lanes,55,55 MPH,1,Straight,1,Level,2,"Blacktop, Bituminous, or Asphalt",1,Dry,0,No Controls,0,No Controls,1,Going Straight,67,"From crossing street, turning into opposite direction",6,Steering left,1,Tracking,1,Stayed in original travel lane,83,K83-Trafficway Vehicle Turning-Turn Into Path-Turn Into Opposite Directions (Going Straight),0,0,No,LJRC54268B10,LJRC54268B10,777777777777,No Trailing Units,777777777777,No Trailing Units
41,Oregon,410241,1,2,1,01,2,2,9,September,21,9:00pm-9:59pm,7,7,12,Motor Vehicle In-Transport,6,Angle,1,Motor Vehicle In-Transport (Inside or Outside the Trafficway),0,No,6,California,2,Driver (in this crash) Not Registered Owner (Other Private Owner Listed),72,Harley-Davidson,706,72706,Harley-Davidson 750cc or greater,80,Two Wheel Motorcycle (excluding motor scooters),2007,2007,1HD1FR4177Y6,1HD1FR4177Y6,1,H,D,1,F,R,4,1,7,7,Y,6,0,No Trailing Units,0,Not an Articulated Vehicle,0,Not Applicable,000000000,Not Applicable,00000000000,Not Applicable,0,Not Applicable,0,Not Applicable,0,Not Applicable (N/A),1,No,0,Not Applicable,0,Not Applicable,0,Not Applicable,0,Not Applicable,0,Not a Bus,0,No Special Use,0,Not Applicable,998,Not Reported,0,No Underride or Override Noted,0,No Rollover,0,No Rollover,12,12 Clock Point,6,Disabling Damage,2,Towed Due to Disabling Damage,12,Motor Vehicle In-Transport,0,,0,,0,No or Not Reported,1,Yes,6,California,95117,95117,1,Suspended,1,Full Driver License,0,No (CDL),0,No Endorsements required for this vehicle,2,No valid license for this class vehicle,1,Restrictions Complied With,70,70,155,155 lbs.,0,,1,1,0,,0,,0,,1,January,2017,2017,1,January,2017,2017,4,"Yes, Too Fast for Conditions",0,,0,,0,,0,,1,"Two-Way, Not Divided",2,Two lanes,25,25 MPH,1,Straight,1,Level,2,"Blacktop, Bituminous, or Asphalt",1,Dry,0,No Controls,0,No Controls,1,Going Straight,62,From opposite direction  over left lane line,99,Unknown/Not Reported,1,Tracking,1,Stayed in original travel lane,69,J69-Trafficway Vehicle Turning-Turn Across Path-Initial Opposite Directions (Going Straight),1,1,Yes,777777777777,No Trailing Units,777777777777,No Trailing Units,777777777777,No Trailing Units
41,Oregon,410241,2,2,1,01,2,2,9,September,21,9:00pm-9:59pm,7,7,12,Motor Vehicle In-Transport,6,Angle,1,Motor Vehicle In-Transport (Inside or Outside the Trafficway),0,No,41,Oregon,1,Driver (in this crash) was  Registered Owner,20,Chevrolet,481,20481,"Chevrolet C, K, R, V-series pickup/Silverado",34,Light Pickup,1997,1997,1GCHK33R1VF0,1GCHK33R1VF0,1,G,C,H,K,3,3,R,1,V,F,0,0,No Trailing Units,0,Not an Articulated Vehicle,0,Not Applicable,000000000,Not Applicable,00000000000,Not Applicable,0,Not Applicable,0,Not Applicable,0,Not Applicable (N/A),1,No,0,Not Applicable,0,Not Applicable,0,Not Applicable,0,Not Applicable,0,Not a Bus,0,No Special Use,0,Not Applicable,998,Not Reported,0,No Underride or Override Noted,0,No Rollover,0,No Rollover,5,5 Clock Point,8,Not Reported,5,Not Towed,12,Motor Vehicle In-Transport,0,,0,,0,No or Not Reported,1,Yes,41,Oregon,97305,97305,6,Valid,1,Full Driver License,0,No (CDL),0,No Endorsements required for this vehicle,3,Valid license for this class vehicle,1,Restrictions Complied With,73,73,260,260 lbs.,0,,0,,0,,0,,1,1,5,May,2014,2014,5,May,2014,2014,0,No,0,,0,,0,,0,,1,"Two-Way, Not Divided",2,Two lanes,25,25 MPH,1,Straight,1,Level,2,"Blacktop, Bituminous, or Asphalt",1,Dry,0,No Controls,0,No Controls,11,Turning Left,15,Turning Left,99,Unknown/Not Reported,1,Tracking,1,Stayed in original travel lane,68,J68-Trafficway Vehicle Turning-Turn Across Path-Initial Opposite Directions (Left/Right),0,0,No,777777777777,No Trailing Units,777777777777,No Trailing Units,777777777777,No Trailing Units
41,Oregon,410242,1,1,1,01,2,2,9,September,99,Unknown Hours,99,Unknown Minutes,38,Fence,0,Not a Collision with Motor Vehicle In-Transport,1,Motor Vehicle In-Transport (Inside or Outside the Trafficway),0,No,41,Oregon,1,Driver (in this crash) was  Registered Owner,7,Dodge,482,7482,Dodge Ram Pickup,34,Light Pickup,2005,2005,3D7KS28C75G8,3D7KS28C75G8,3,D,7,K,S,2,8,C,7,5,G,8,0,No Trailing Units,0,Not an Articulated Vehicle,0,Not Applicable,000000000,Not Applicable,00000000000,Not Applicable,0,Not Applicable,0,Not Applicable,0,Not Applicable (N/A),1,No,0,Not Applicable,0,Not Applicable,0,Not Applicable,0,Not Applicable,0,Not a Bus,0,No Special Use,0,Not Applicable,998,Not Reported,0,No Underride or Override Noted,1,"Rollover, Tripped by Object/Vehicle",5,On Roadside,98,Not Reported,6,Disabling Damage,2,Towed Due to Disabling Damage,38,Fence,0,,0,,0,No or Not Reported,1,Yes,41,Oregon,97814,97814,6,Valid,1,Full Driver License,0,No (CDL),0,No Endorsements required for this vehicle,3,Valid license for this class vehicle,0,No Restrictions or Not Applicable,64,64,205,205 lbs.,0,,0,,0,,0,,0,,0,No Record,0,No Record,0,No Record,0,No Record,9,Unknown,99,Unknown,99,Unknown,99,Unknown,99,Unknown,1,"Two-Way, Not Divided",2,Two lanes,55,55 MPH,1,Straight,1,Level,2,"Blacktop, Bituminous, or Asphalt",1,Dry,0,No Controls,0,No Controls,1,Going Straight,13,Off the edge of the road on the right side,99,Unknown/Not Reported,1,Tracking,4,Departed roadway,1,A1-Single Driver-Right Roadside Departure-Drive Off Road,1,1,Yes,777777777777,No Trailing Units,777777777777,No Trailing Units,777777777777,No Trailing Units
41,Oregon,410243,1,1,2,02,3,3,9,September,17,5:00pm-5:59pm,45,45,17,Boulder,0,Not a Collision with Motor Vehicle In-Transport,1,Motor Vehicle In-Transport (Inside or Outside the Trafficway),0,No,41,Oregon,1,Driver (in this crash) was  Registered Owner,12,Ford,481,12481,Ford F-Series pickup,34,Light Pickup,1994,1994,2FTDF15Y2RCA,2FTDF15Y2RCA,2,F,T,D,F,1,5,Y,2,R,C,A,0,No Trailing Units,0,Not an Articulated Vehicle,0,Not Applicable,000000000,Not Applicable,00000000000,Not Applicable,0,Not Applicable,0,Not Applicable,0,Not Applicable (N/A),1,No,0,Not Applicable,0,Not Applicable,0,Not Applicable,0,Not Applicable,0,Not a Bus,0,No Special Use,0,Not Applicable,998,Not Reported,0,No Underride or Override Noted,0,No Rollover,0,No Rollover,3,3 Clock Point,6,Disabling Damage,2,Towed Due to Disabling Damage,17,Boulder,0,,0,,0,No or Not Reported,1,Yes,41,Oregon,97454,97454,6,Valid,1,Full Driver License,0,No (CDL),0,No Endorsements required for this vehicle,3,Valid license for this class vehicle,0,No Restrictions or Not Applicable,63,63,160,160 lbs.,0,,0,,0,,0,,0,,0,No Record,0,No Record,0,No Record,0,No Record,0,No,0,,0,,0,,0,,1,"Two-Way, Not Divided",2,Two lanes,55,55 MPH,3,Curve Left,2,"Grade, Unknown Slope",2,"Blacktop, Bituminous, or Asphalt",1,Dry,0,No Controls,0,No Controls,14,Negotiating a Curve,12,Off the edge of the road on the left side,6,Steering left,4,Skidding laterally counterclockwise rotation,4,Departed roadway,7,B7-Single Driver-Left Roadside Departure-Control/Traction Loss,1,1,Yes,777777777777,No Trailing Units,777777777777,No Trailing Units,777777777777,No Trailing Units
41,Oregon,410244,1,1,1,01,4,4,9,September,15,3:00pm-3:59pm,48,48,1,Rollover/Overturn,0,Not a Collision with Motor Vehicle In-Transport,1,Motor Vehicle In-Transport (Inside or Outside the Trafficway),0,No,41,Oregon,1,Driver (in this crash) was  Registered Owner,41,Mazda,471,41471,Mazda Pickup/ B-Series Pickup,34,Light Pickup,2000,2000,4F4ZR17X0YTM,4F4ZR17X0YTM,4,F,4,Z,R,1,7,X,0,Y,T,M,0,No Trailing Units,0,Not an Articulated Vehicle,0,Not Applicable,000000000,Not Applicable,00000000000,Not Applicable,0,Not Applicable,0,Not Applicable,0,Not Applicable (N/A),1,No,0,Not Applicable,0,Not Applicable,0,Not Applicable,0,Not Applicable,0,Not a Bus,0,No Special Use,0,Not Applicable,998,Not Reported,0,No Underride or Override Noted,1,"Rollover, Tripped by Object/Vehicle",1,On Roadway,0,Non-Collision,6,Disabling Damage,2,Towed Due to Disabling Damage,1,Rollover/Overturn,0,,0,,0,No or Not Reported,1,Yes,41,Oregon,97352,97352,6,Valid,1,Full Driver License,0,No (CDL),0,No Endorsements required for this vehicle,3,Valid license for this class vehicle,0,No Restrictions or Not Applicable,70,70,175,175 lbs.,0,,0,,0,,0,,0,,0,No Record,0,No Record,0,No Record,0,No Record,5,"Yes, Specifics Unknown",99,Unknown,99,Unknown,99,Unknown,99,Unknown,1,"Two-Way, Not Divided",2,Two lanes,55,55 MPH,1,Straight,1,Level,2,"Blacktop, Bituminous, or Asphalt",1,Dry,0,No Controls,0,No Controls,1,Going Straight,98,Other critical precrash event (specify:),99,Unknown/Not Reported,1,Tracking,1,Stayed in original travel lane,98,M98-Other Crash Type,1,1,Yes,777777777777,No Trailing Units,777777777777,No Trailing Units,777777777777,No Trailing Units
41,Oregon,410245,1,2,1,01,5,5,9,September,11,11:00am-11:59am,11,11,12,Motor Vehicle In-Transport,2,Front-to-Front,1,Motor Vehicle In-Transport (Inside or Outside the Trafficway),0,No,41,Oregon,1,Driver (in this crash) was  Registered Owner,20,Chevrolet,7,20007,Chevrolet El Camino,10,"Auto-based pickup (includes E1 Camino, Caballero, Ranchero, SSR, G8-ST, Subaru Brat, Rabbit Pickup)",1978,1978,1W80U8K43588,1W80U8K43588,1,W,8,0,U,8,K,4,3,5,8,8,0,No Trailing Units,0,Not an Articulated Vehicle,0,Not Applicable,000000000,Not Applicable,00000000000,Not Applicable,0,Not Applicable,0,Not Applicable,0,Not Applicable (N/A),1,No,0,Not Applicable,0,Not Applicable,0,Not Applicable,0,Not Applicable,0,Not a Bus,0,No Special Use,0,Not Applicable,998,Not Reported,0,No Underride or Override Noted,0,No Rollover,0,No Rollover,12,12 Clock Point,8,Not Reported,2,Towed Due to Disabling Damage,12,Motor Vehicle In-Transport,0,,0,,0,No or Not Reported,1,Yes,41,Oregon,97321,97321,6,Valid,1,Full Driver License,0,No (CDL),0,No Endorsements required for this vehicle,3,Valid license for this class vehicle,0,No Restrictions or Not Applicable,66,66,205,205 lbs.,0,,0,,0,,0,,0,,0,No Record,0,No Record,0,No Record,0,No Record,9,Unknown,28,Improper Lane Usage,0,,0,,0,,1,"Two-Way, Not Divided",3,Three lanes,40,40 MPH,1,Straight,1,Level,2,"Blacktop, Bituminous, or Asphalt",1,Dry,0,No Controls,0,No Controls,1,Going Straight,10,Over the lane line on left side of travel lane,99,Unknown/Not Reported,1,Tracking,2,"Stayed on roadway, but left original travel lane",50,"G50-Same Trafficway, Opposite Direction-Head-On-Lateral Move (Left/Right)",1,1,Yes,777777777777,No Trailing Units,777777777777,No Trailing Units,777777777777,No Trailing Units
41,Oregon,410245,2,2,1,01,5,5,9,September,11,11:00am-11:59am,11,11,12,Motor Vehicle In-Transport,2,Front-to-Front,1,Motor Vehicle In-Transport (Inside or Outside the Trafficway),0,No,41,Oregon,1,Driver (in this crash) was  Registered Owner,55,Hyundai,35,55035,Hyundai Elantra,4,"4-door sedan, hardtop",2013,2013,KMHDH4AE9DU5,KMHDH4AE9DU5,K,M,H,D,H,4,A,E,9,D,U,5,0,No Trailing Units,0,Not an Articulated Vehicle,0,Not Applicable,000000000,Not Applicable,00000000000,Not Applicable,0,Not Applicable,0,Not Applicable,0,Not Applicable (N/A),1,No,0,Not Applicable,0,Not Applicable,0,Not Applicable,0,Not Applicable,0,Not a Bus,0,No Special Use,0,Not Applicable,998,Not Reported,0,No Underride or Override Noted,0,No Rollover,0,No Rollover,12,12 Clock Point,8,Not Reported,2,Towed Due to Disabling Damage,12,Motor Vehicle In-Transport,0,,0,,0,No or Not Reported,1,Yes,41,Oregon,97321,97321,6,Valid,1,Full Driver License,0,No (CDL),0,No Endorsements required for this vehicle,3,Valid license for this class vehicle,1,Restrictions Complied With,67,67,128,128 lbs.,0,,0,,0,,0,,0,,0,No Record,0,No Record,0,No Record,0,No Record,0,No,0,,0,,0,,0,,1,"Two-Way, Not Divided",3,Three lanes,40,40 MPH,1,Straight,1,Level,2,"Blacktop, Bituminous, or Asphalt",1,Dry,0,No Controls,0,No Controls,1,Going Straight,62,From opposite direction  over left lane line,99,Unknown/Not Reported,1,Tracking,1,Stayed in original travel lane,51,"G51-Same Trafficway, Opposite Direction-Head-On-Lateral Move (Going Straight)",0,0,No,777777777777,No Trailing Units,777777777777,No Trailing Units,777777777777,No Trailing Units
41,Oregon,410246,1,1,1,01,5,5,9,September,14,2:00pm-2:59pm,47,47,8,Pedestrian,0,Not a Collision with Motor Vehicle In-Transport,1,Motor Vehicle In-Transport (Inside or Outside the Trafficway),0,No,41,Oregon,2,Driver (in this crash) Not Registered Owner (Other Private Owner Listed),12,Ford,471,12471,Ford Ranger,34,Light Pickup,1994,1994,1FTCR15XXRPA,1FTCR15XXRPA,1,F,T,C,R,1,5,X,X,R,P,A,0,No Trailing Units,0,Not an Articulated Vehicle,0,Not Applicable,000000000,Not Applicable,00000000000,Not Applicable,0,Not Applicable,0,Not Applicable,0,Not Applicable (N/A),1,No,0,Not Applicable,0,Not Applicable,0,Not Applicable,0,Not Applicable,0,Not a Bus,0,No Special Use,0,Not Applicable,998,Not Reported,0,No Underride or Override Noted,0,No Rollover,0,No Rollover,12,12 Clock Point,8,Not Reported,2,Towed Due to Disabling Damage,8,Pedestrian,0,,0,,0,No or Not Reported,1,Yes,41,Oregon,97051,97051,6,Valid,1,Full Driver License,0,No (CDL),0,No Endorsements required for this vehicle,3,Valid license for this class vehicle,0,No Restrictions or Not Applicable,66,66,117,117 lbs.,0,,0,,0,,0,,0,,0,No Record,0,No Record,0,No Record,0,No Record,0,No,36,"Operating the Vehicle in an Erratic, Reckless or Negligent Manner.",91,"Non-Traffic Violation Charged - manslaughter, homicide or other assault committed without malice.",0,,0,,1,"Two-Way, Not Divided",2,Two lanes,40,40 MPH,3,Curve Left,2,"Grade, Unknown Slope",2,"Blacktop, Bituminous, or Asphalt",1,Dry,0,No Controls,0,No Controls,14,Negotiating a Curve,80,Pedestrian in road,1,No Avoidance Maneuver,1,Tracking,4,Departed roadway,15,C15-Single Driver-Forward Impact-Specifics Other,0,0,No,777777777777,No Trailing Units,777777777777,No Trailing Units,777777777777,No Trailing Units
41,Oregon,410247,1,2,1,01,7,7,9,September,17,5:00pm-5:59pm,30,30,12,Motor Vehicle In-Transport,6,Angle,1,Motor Vehicle In-Transport (Inside or Outside the Trafficway),0,No,27,Minnesota,1,Driver (in this crash) was  Registered Owner,14,Mercury,17,14017,Mercury Sable,4,"4-door sedan, hardtop",2005,2005,1MEFM55S65A6,1MEFM55S65A6,1,M,E,F,M,5,5,S,6,5,A,6,0,No Trailing Units,0,Not an Articulated Vehicle,0,Not Applicable,000000000,Not Applicable,00000000000,Not Applicable,0,Not Applicable,0,Not Applicable,0,Not Applicable (N/A),1,No,0,Not Applicable,0,Not Applicable,0,Not Applicable,0,Not Applicable,0,Not a Bus,0,No Special Use,0,Not Applicable,998,Not Reported,0,No Underride or Override Noted,0,No Rollover,0,No Rollover,9,9 Clock Point,6,Disabling Damage,2,Towed Due to Disabling Damage,12,Motor Vehicle In-Transport,0,,0,,0,No or Not Reported,1,Yes,27,Minnesota,97471,97471,6,Valid,1,Full Driver License,0,No (CDL),0,No Endorsements required for this vehicle,3,Valid license for this class vehicle,0,No Restrictions or Not Applicable,67,67,157,157 lbs.,0,,0,,0,,0,,0,,0,No Record,0,No Record,0,No Record,0,No Record,9,Unknown,99,Unknown,99,Unknown,99,Unknown,99,Unknown,5,"Two-Way, Not Divided With a Continuous Left-Turn Lane",5,Five lanes,35,35 MPH,1,Straight,1,Level,2,"Blacktop, Bituminous, or Asphalt",1,Dry,0,No Controls,0,No Controls,11,Turning Left,15,Turning Left,99,Unknown/Not Reported,1,Tracking,1,Stayed in original travel lane,82,K82-Trafficway Vehicle Turning-Turn Into Path-Turn Into Opposite Directions (Turning Left),1,1,Yes,777777777777,No Trailing Units,777777777777,No Trailing Units,777777777777,No Trailing Units
41,Oregon,410247,2,2,1,01,7,7,9,September,17,5:00pm-5:59pm,30,30,12,Motor Vehicle In-Transport,6,Angle,1,Motor Vehicle In-Transport (Inside or Outside the Trafficway),0,No,41,Oregon,1,Driver (in this crash) was  Registered Owner,41,Mazda,471,41471,Mazda Pickup/ B-Series Pickup,34,Light Pickup,1997,1997,4F4DR17X0VTM,4F4DR17X0VTM,4,F,4,D,R,1,7,X,0,V,T,M,0,No Trailing Units,0,Not an Articulated Vehicle,0,Not Applicable,000000000,Not Applicable,00000000000,Not Applicable,0,Not Applicable,0,Not Applicable,0,Not Applicable (N/A),1,No,0,Not Applicable,0,Not Applicable,0,Not Applicable,0,Not Applicable,0,Not a Bus,0,No Special Use,0,Not Applicable,998,Not Reported,0,No Underride or Override Noted,0,No Rollover,0,No Rollover,12,12 Clock Point,6,Disabling Damage,2,Towed Due to Disabling Damage,12,Motor Vehicle In-Transport,0,,0,,0,No or Not Reported,1,Yes,41,Oregon,97471,97471,6,Valid,1,Full Driver License,0,No (CDL),0,No Endorsements required for this vehicle,3,Valid license for this class vehicle,0,No Restrictions or Not Applicable,72,72,165,165 lbs.,0,,0,,0,,1,1,0,,1,January,2017,2017,1,January,2017,2017,0,No,0,,0,,0,,0,,5,"Two-Way, Not Divided With a Continuous Left-Turn Lane",5,Five lanes,35,35 MPH,1,Straight,1,Level,2,"Blacktop, Bituminous, or Asphalt",1,Dry,0,No Controls,0,No Controls,1,Going Straight,60,From adjacent lane (same direction) over left lane line,99,Unknown/Not Reported,1,Tracking,1,Stayed in original travel lane,83,K83-Trafficway Vehicle Turning-Turn Into Path-Turn Into Opposite Directions (Going Straight),0,0,No,777777777777,No Trailing Units,777777777777,No Trailing Units,777777777777,No Trailing Units
41,Oregon,410248,1,1,3,03,1,1,10,October,17,5:00pm-5:59pm,44,44,42,Tree (Standing Only),0,Not a Collision with Motor Vehicle In-Transport,1,Motor Vehicle In-Transport (Inside or Outside the Trafficway),0,No,41,Oregon,2,Driver (in this crash) Not Registered Owner (Other Private Owner Listed),7,Dodge,43,7043,Dodge Stratus,4,"4-door sedan, hardtop",2006,2006,1B3EL46X66N2,1B3EL46X66N2,1,B,3,E,L,4,6,X,6,6,N,2,0,No Trailing Units,0,Not an Articulated Vehicle,0,Not Applicable,000000000,Not Applicable,00000000000,Not Applicable,0,Not Applicable,0,Not Applicable,0,Not Applicable (N/A),1,No,0,Not Applicable,0,Not Applicable,0,Not Applicable,0,Not Applicable,0,Not a Bus,0,No Special Use,0,Not Applicable,998,Not Reported,0,No Underride or Override Noted,0,No Rollover,0,No Rollover,1,1 Clock Point,6,Disabling Damage,2,Towed Due to Disabling Damage,42,Tree (Standing Only),0,,0,,0,No or Not Reported,1,Yes,41,Oregon,97528,97528,6,Valid,1,Full Driver License,0,No (CDL),0,No Endorsements required for this vehicle,3,Valid license for this class vehicle,0,No Restrictions or Not Applicable,70,70,125,125 lbs.,1,1,0,,0,,1,1,0,,10,October,2014,2014,2,February,2015,2015,4,"Yes, Too Fast for Conditions",0,,0,,0,,0,,1,"Two-Way, Not Divided",2,Two lanes,55,55 MPH,4,Curve - Unknown Direction,1,Level,2,"Blacktop, Bituminous, or Asphalt",1,Dry,0,No Controls,0,No Controls,14,Negotiating a Curve,6,Traveling too fast for conditions,99,Unknown/Not Reported,5,"Skidding Laterally, Rotation Direction Unknown",4,Departed roadway,99,M99-Unknown,1,1,Yes,777777777777,No Trailing Units,777777777777,No Trailing Units,777777777777,No Trailing Units
41,Oregon,410249,1,2,1,01,4,4,10,October,21,9:00pm-9:59pm,5,5,1,Rollover/Overturn,0,Not a Collision with Motor Vehicle In-Transport,1,Motor Vehicle In-Transport (Inside or Outside the Trafficway),0,No,41,Oregon,1,Driver (in this crash) was  Registered Owner,12,Ford,401,12401,Ford Bronco (thru 1977)/Bronco II/Explorer/Explorer Sport,14,"Compact Utility (Utility Vehicle Categories ""Small"" and ""Midsize"")",1985,1985,1FMCU14S1FUC,1FMCU14S1FUC,1,F,M,C,U,1,4,S,1,F,U,C,0,No Trailing Units,0,Not an Articulated Vehicle,0,Not Applicable,000000000,Not Applicable,00000000000,Not Applicable,0,Not Applicable,0,Not Applicable,0,Not Applicable (N/A),1,No,0,Not Applicable,0,Not Applicable,0,Not Applicable,0,Not Applicable,0,Not a Bus,0,No Special Use,0,Not Applicable,998,Not Reported,0,No Underride or Override Noted,1,"Rollover, Tripped by Object/Vehicle",5,On Roadside,0,Non-Collision,6,Disabling Damage,2,Towed Due to Disabling Damage,1,Rollover/Overturn,0,,0,,0,No or Not Reported,1,Yes,41,Oregon,97448,97448,6,Valid,1,Full Driver License,0,No (CDL),0,No Endorsements required for this vehicle,3,Valid license for this class vehicle,0,No Restrictions or Not Applicable,67,67,145,145 lbs.,0,,0,,0,,0,,0,,0,No Record,0,No Record,0,No Record,0,No Record,0,No,0,,0,,0,,0,,1,"Two-Way, Not Divided",2,Two lanes,55,55 MPH,1,Straight,1,Level,2,"Blacktop, Bituminous, or Asphalt",1,Dry,0,No Controls,0,No Controls,1,Going Straight,13,Off the edge of the road on the right side,99,Unknown/Not Reported,1,Tracking,4,Departed roadway,1,A1-Single Driver-Right Roadside Departure-Drive Off Road,1,1,Yes,777777777777,No Trailing Units,777777777777,No Trailing Units,777777777777,No Trailing Units
41,Oregon,410249,2,2,5,05,4,4,10,October,21,9:00pm-9:59pm,5,5,1,Rollover/Overturn,0,Not a Collision with Motor Vehicle In-Transport,1,Motor Vehicle In-Transport (Inside or Outside the Trafficway),0,No,53,Washington,2,Driver (in this crash) Not Registered Owner (Other Private Owner Listed),37,Honda,402,37402,Honda CR-V,14,"Compact Utility (Utility Vehicle Categories ""Small"" and ""Midsize"")",2008,2008,5J6RE48568L0,5J6RE48568L0,5,J,6,R,E,4,8,5,6,8,L,0,0,No Trailing Units,0,Not an Articulated Vehicle,0,Not Applicable,000000000,Not Applicable,00000000000,Not Applicable,0,Not Applicable,0,Not Applicable,0,Not Applicable (N/A),1,No,0,Not Applicable,0,Not Applicable,0,Not Applicable,0,Not Applicable,0,Not a Bus,0,No Special Use,0,Not Applicable,998,Not Reported,0,No Underride or Override Noted,0,No Rollover,0,No Rollover,12,12 Clock Point,0,No Damage,5,Not Towed,54,"Motor Vehicle In-Transport Strikes or is Struck by Cargo, Persons or Objects Set-in-Motion from/by Another Motor Vehicle In Transport",0,,0,,0,No or Not Reported,1,Yes,53,Washington,98901,98901,6,Valid,1,Full Driver License,0,No (CDL),0,No Endorsements required for this vehicle,3,Valid license for this class vehicle,0,No Restrictions or Not Applicable,62,62,205,205 lbs.,0,,0,,0,,0,,0,,0,No Record,0,No Record,0,No Record,0,No Record,0,No,0,,0,,0,,0,,1,"Two-Way, Not Divided",2,Two lanes,55,55 MPH,1,Straight,1,Level,2,"Blacktop, Bituminous, or Asphalt",1,Dry,0,No Controls,0,No Controls,1,Going Straight,50,Other vehicle stopped,99,Unknown/Not Reported,1,Tracking,1,Stayed in original travel lane,98,M98-Other Crash Type,0,0,No,777777777777,No Trailing Units,777777777777,No Trailing Units,777777777777,No Trailing Units
41,Oregon,410250,1,2,1,01,6,6,10,October,16,4:00pm-4:59pm,45,45,12,Motor Vehicle In-Transport,6,Angle,1,Motor Vehicle In-Transport (Inside or Outside the Trafficway),0,No,41,Oregon,2,Driver (in this crash) Not Registered Owner (Other Private Owner Listed),12,Ford,471,12471,Ford Ranger,34,Light Pickup,1998,1998,1FTZR15X2WPA,1FTZR15X2WPA,1,F,T,Z,R,1,5,X,2,W,P,A,0,No Trailing Units,0,Not an Articulated Vehicle,0,Not Applicable,000000000,Not Applicable,00000000000,Not Applicable,0,Not Applicable,0,Not Applicable,0,Not Applicable (N/A),1,No,0,Not Applicable,0,Not Applicable,0,Not Applicable,0,Not Applicable,0,Not a Bus,0,No Special Use,0,Not Applicable,998,Not Reported,0,No Underride or Override Noted,0,No Rollover,0,No Rollover,9,9 Clock Point,6,Disabling Damage,2,Towed Due to Disabling Damage,12,Motor Vehicle In-Transport,0,,0,,0,No or Not Reported,1,Yes,41,Oregon,97431,97431,6,Valid,1,Full Driver License,0,No (CDL),0,No Endorsements required for this vehicle,3,Valid license for this class vehicle,0,No Restrictions or Not Applicable,69,69,150,150 lbs.,0,,0,,0,,0,,0,,0,No Record,0,No Record,0,No Record,0,No Record,0,No,38,Failure to Yield Right-of-Way,0,,0,,0,,1,"Two-Way, Not Divided",2,Two lanes,55,55 MPH,1,Straight,1,Level,2,"Blacktop, Bituminous, or Asphalt",1,Dry,20,Stop Sign,3,Device Functioning Properly,11,Turning Left,15,Turning Left,99,Unknown/Not Reported,1,Tracking,1,Stayed in original travel lane,82,K82-Trafficway Vehicle Turning-Turn Into Path-Turn Into Opposite Directions (Turning Left),1,0,No,777777777777,No Trailing Units,777777777777,No Trailing Units,777777777777,No Trailing Units
41,Oregon,410250,2,2,1,01,6,6,10,October,16,4:00pm-4:59pm,45,45,12,Motor Vehicle In-Transport,6,Angle,1,Motor Vehicle In-Transport (Inside or Outside the Trafficway),0,No,41,Oregon,1,Driver (in this crash) was  Registered Owner,84,International Harvester/Navistar,481,84481,International Harvester/Navistar Pickup,34,Light Pickup,1972,1972,B13201H27826,B13201H27826,B,1,3,2,0,1,H,2,7,8,2,6,0,No Trailing Units,0,Not an Articulated Vehicle,0,Not Applicable,000000000,Not Applicable,00000000000,Not Applicable,0,Not Applicable,0,Not Applicable,0,Not Applicable (N/A),1,No,0,Not Applicable,0,Not Applicable,0,Not Applicable,0,Not Applicable,0,Not a Bus,0,No Special Use,0,Not Applicable,998,Not Reported,0,No Underride or Override Noted,0,No Rollover,0,No Rollover,12,12 Clock Point,6,Disabling Damage,2,Towed Due to Disabling Damage,12,Motor Vehicle In-Transport,0,,0,,0,No or Not Reported,1,Yes,41,Oregon,97535,97535,6,Valid,1,Full Driver License,0,No (CDL),0,No Endorsements required for this vehicle,3,Valid license for this class vehicle,0,No Restrictions or Not Applicable,71,71,320,320 lbs.,0,,0,,0,,0,,0,,0,No Record,0,No Record,0,No Record,0,No Record,0,No,0,,0,,0,,0,,1,"Two-Way, Not Divided",2,Two lanes,55,55 MPH,1,Straight,1,Level,2,"Blacktop, Bituminous, or Asphalt",2,Wet,0,No Controls,0,No Controls,1,Going Straight,17,Crossing over (passing through) Junction,99,Unknown/Not Reported,1,Tracking,1,Stayed in original travel lane,83,K83-Trafficway Vehicle Turning-Turn Into Path-Turn Into Opposite Directions (Going Straight),0,0,No,777777777777,No Trailing Units,777777777777,No Trailing Units,777777777777,No Trailing Units
41,Oregon,410251,1,2,1,01,7,7,10,October,19,7:00pm-7:59pm,53,53,12,Motor Vehicle In-Transport,2,Front-to-Front,1,Motor Vehicle In-Transport (Inside or Outside the Trafficway),0,No,41,Oregon,1,Driver (in this crash) was  Registered Owner,22,Pontiac,23,22023,Pontiac Solstice,1,"Convertible(excludes sun-roof,t-bar)",2007,2007,1G2MB35B27Y1,1G2MB35B27Y1,1,G,2,M,B,3,5,B,2,7,Y,1,0,No Trailing Units,0,Not an Articulated Vehicle,0,Not Applicable,000000000,Not Applicable,00000000000,Not Applicable,0,Not Applicable,0,Not Applicable,0,Not Applicable (N/A),1,No,0,Not Applicable,0,Not Applicable,0,Not Applicable,0,Not Applicable,0,Not a Bus,0,No Special Use,0,Not Applicable,998,Not Reported,0,No Underride or Override Noted,0,No Rollover,0,No Rollover,12,12 Clock Point,6,Disabling Damage,2,Towed Due to Disabling Damage,12,Motor Vehicle In-Transport,0,,0,,0,No or Not Reported,1,Yes,41,Oregon,97038,97038,6,Valid,1,Full Driver License,0,No (CDL),0,No Endorsements required for this vehicle,3,Valid license for this class vehicle,0,No Restrictions or Not Applicable,71,71,215,215 lbs.,0,,2,2,0,,0,,0,,12,December,2012,2012,5,May,2013,2013,0,No,28,Improper Lane Usage,0,,0,,0,,1,"Two-Way, Not Divided",2,Two lanes,55,55 MPH,4,Curve - Unknown Direction,2,"Grade, Unknown Slope",2,"Blacktop, Bituminous, or Asphalt",2,Wet,0,No Controls,0,No Controls,14,Negotiating a Curve,10,Over the lane line on left side of travel lane,99,Unknown/Not Reported,1,Tracking,2,"Stayed on roadway, but left original travel lane",50,"G50-Same Trafficway, Opposite Direction-Head-On-Lateral Move (Left/Right)",1,1,Yes,777777777777,No Trailing Units,777777777777,No Trailing Units,777777777777,No Trailing Units
41,Oregon,410251,2,2,2,02,7,7,10,October,19,7:00pm-7:59pm,53,53,12,Motor Vehicle In-Transport,2,Front-to-Front,1,Motor Vehicle In-Transport (Inside or Outside the Trafficway),0,No,41,Oregon,1,Driver (in this crash) was  Registered Owner,37,Honda,402,37402,Honda CR-V,14,"Compact Utility (Utility Vehicle Categories ""Small"" and ""Midsize"")",1998,1998,JHLRD1763WC0,JHLRD1763WC0,J,H,L,R,D,1,7,6,3,W,C,0,0,No Trailing Units,0,Not an Articulated Vehicle,0,Not Applicable,000000000,Not Applicable,00000000000,Not Applicable,0,Not Applicable,0,Not Applicable,0,Not Applicable (N/A),1,No,0,Not Applicable,0,Not Applicable,0,Not Applicable,0,Not Applicable,0,Not a Bus,0,No Special Use,0,Not Applicable,998,Not Reported,0,No Underride or Override Noted,0,No Rollover,0,No Rollover,12,12 Clock Point,6,Disabling Damage,2,Towed Due to Disabling Damage,12,Motor Vehicle In-Transport,0,,0,,0,No or Not Reported,1,Yes,41,Oregon,97022,97022,1,Suspended,1,Full Driver License,0,No (CDL),0,No Endorsements required for this vehicle,2,No valid license for this class vehicle,0,No Restrictions or Not Applicable,999,Unknown,999,Unknown,1,1,2,2,0,,0,,0,,12,December,2013,2013,3,March,2015,2015,0,No,0,,0,,0,,0,,1,"Two-Way, Not Divided",2,Two lanes,55,55 MPH,4,Curve - Unknown Direction,2,"Grade, Unknown Slope",2,"Blacktop, Bituminous, or Asphalt",2,Wet,0,No Controls,0,No Controls,14,Negotiating a Curve,62,From opposite direction  over left lane line,99,Unknown/Not Reported,1,Tracking,1,Stayed in original travel lane,51,"G51-Same Trafficway, Opposite Direction-Head-On-Lateral Move (Going Straight)",0,0,No,777777777777,No Trailing Units,777777777777,No Trailing Units,777777777777,No Trailing Units
41,Oregon,410252,1,1,1,01,7,7,10,October,2,2:00am-2:59am,12,12,8,Pedestrian,0,Not a Collision with Motor Vehicle In-Transport,1,Motor Vehicle In-Transport (Inside or Outside the Trafficway),0,No,41,Oregon,1,Driver (in this crash) was  Registered Owner,49,Toyota,403,49403,Toyota Highlander,14,"Compact Utility (Utility Vehicle Categories ""Small"" and ""Midsize"")",2003,2003,JTEGD21A1300,JTEGD21A1300,J,T,E,G,D,2,1,A,1,3,0,0,0,No Trailing Units,0,Not an Articulated Vehicle,0,Not Applicable,000000000,Not Applicable,00000000000,Not Applicable,0,Not Applicable,0,Not Applicable,0,Not Applicable (N/A),1,No,0,Not Applicable,0,Not Applicable,0,Not Applicable,0,Not Applicable,0,Not a Bus,0,No Special Use,0,Not Applicable,38,038 MPH,0,No Underride or Override Noted,0,No Rollover,0,No Rollover,12,12 Clock Point,9,Unknown,9,Unknown,8,Pedestrian,0,,0,,0,No or Not Reported,1,Yes,41,Oregon,97219,97219,6,Valid,1,Full Driver License,0,No (CDL),0,No Endorsements required for this vehicle,3,Valid license for this class vehicle,0,No Restrictions or Not Applicable,67,67,150,150 lbs.,1,1,0,,0,,0,,0,,8,August,2015,2015,8,August,2015,2015,0,No,0,,0,,0,,0,,1,"Two-Way, Not Divided",4,Four lanes,35,35 MPH,1,Straight,1,Level,2,"Blacktop, Bituminous, or Asphalt",1,Dry,2,Traffic control signal (on colors) with Pedestrian Signal,3,Device Functioning Properly,1,Going Straight,80,Pedestrian in road,99,Unknown/Not Reported,1,Tracking,1,Stayed in original travel lane,13,C13-Single Driver-Forward Impact-Pedestrian/ Animal,0,0,No,777777777777,No Trailing Units,777777777777,No Trailing Units,777777777777,No Trailing Units
41,Oregon,410253,1,1,1,01,8,8,10,October,18,6:00pm-6:59pm,38,38,1,Rollover/Overturn,0,Not a Collision with Motor Vehicle In-Transport,1,Motor Vehicle In-Transport (Inside or Outside the Trafficway),0,No,41,Oregon,2,Driver (in this crash) Not Registered Owner (Other Private Owner Listed),72,Harley-Davidson,706,72706,Harley-Davidson 750cc or greater,80,Two Wheel Motorcycle (excluding motor scooters),2009,2009,1HD4CP2139K4,1HD4CP2139K4,1,H,D,4,C,P,2,1,3,9,K,4,0,No Trailing Units,0,Not an Articulated Vehicle,0,Not Applicable,000000000,Not Applicable,00000000000,Not Applicable,0,Not Applicable,0,Not Applicable,0,Not Applicable (N/A),1,No,0,Not Applicable,0,Not Applicable,0,Not Applicable,0,Not Applicable,0,Not a Bus,0,No Special Use,0,Not Applicable,998,Not Reported,0,No Underride or Override Noted,0,No Rollover,0,No Rollover,0,Non-Collision,9,Unknown,2,Towed Due to Disabling Damage,1,Rollover/Overturn,0,,0,,0,No or Not Reported,1,Yes,41,Oregon,97103,97103,6,Valid,1,Full Driver License,0,No (CDL),0,No Endorsements required for this vehicle,3,Valid license for this class vehicle,0,No Restrictions or Not Applicable,64,64,117,117 lbs.,1,1,0,,0,,0,,0,,12,December,2013,2013,12,December,2013,2013,4,"Yes, Too Fast for Conditions",0,,0,,0,,0,,1,"Two-Way, Not Divided",2,Two lanes,45,45 MPH,1,Straight,1,Level,2,"Blacktop, Bituminous, or Asphalt",1,Dry,0,No Controls,0,No Controls,1,Going Straight,6,Traveling too fast for conditions,99,Unknown/Not Reported,1,Tracking,4,Departed roadway,1,A1-Single Driver-Right Roadside Departure-Drive Off Road,1,1,Yes,777777777777,No Trailing Units,777777777777,No Trailing Units,777777777777,No Trailing Units
41,Oregon,410254,1,1,1,01,9,9,10,October,99,Unknown Hours,99,Unknown Minutes,42,Tree (Standing Only),0,Not a Collision with Motor Vehicle In-Transport,1,Motor Vehicle In-Transport (Inside or Outside the Trafficway),0,No,41,Oregon,1,Driver (in this crash) was  Registered Owner,12,Ford,461,12461,Ford E-Series Van/Econoline,21,"Large Van-Includes van-based buses (B150-B350, Sportsman, Royal Maxiwagon, Ram, Tradesman,...)",1996,1996,1FBJS31H1THA,1FBJS31H1THA,1,F,B,J,S,3,1,H,1,T,H,A,0,No Trailing Units,0,Not an Articulated Vehicle,0,Not Applicable,000000000,Not Applicable,00000000000,Not Applicable,0,Not Applicable,0,Not Applicable,0,Not Applicable (N/A),1,No,0,Not Applicable,0,Not Applicable,0,Not Applicable,0,Not Applicable,0,Not a Bus,0,No Special Use,0,Not Applicable,998,Not Reported,0,No Underride or Override Noted,0,No Rollover,0,No Rollover,12,12 Clock Point,6,Disabling Damage,2,Towed Due to Disabling Damage,42,Tree (Standing Only),0,,0,,0,No or Not Reported,1,Yes,41,Oregon,97358,97358,6,Valid,1,Full Driver License,6,Valid,0,No Endorsements required for this vehicle,3,Valid license for this class vehicle,0,No Restrictions or Not Applicable,69,69,240,240 lbs.,0,,0,,0,,0,,0,,0,No Record,0,No Record,0,No Record,0,No Record,9,Unknown,99,Unknown,99,Unknown,99,Unknown,99,Unknown,1,"Two-Way, Not Divided",2,Two lanes,55,55 MPH,4,Curve - Unknown Direction,2,"Grade, Unknown Slope",2,"Blacktop, Bituminous, or Asphalt",1,Dry,0,No Controls,0,No Controls,14,Negotiating a Curve,19,Unknown travel direction,99,Unknown/Not Reported,1,Tracking,4,Departed roadway,99,M99-Unknown,1,1,Yes,777777777777,No Trailing Units,777777777777,No Trailing Units,777777777777,No Trailing Units
41,Oregon,410255,1,1,1,01,12,12,10,October,19,7:00pm-7:59pm,0,0,8,Pedestrian,0,Not a Collision with Motor Vehicle In-Transport,1,Motor Vehicle In-Transport (Inside or Outside the Trafficway),0,No,41,Oregon,1,Driver (in this crash) was  Registered Owner,12,Ford,422,12422,Ford Expedition,15,"Large utility (ANSI D16.1 Utility Vehicle Categories and ""Full Size"" and ""Large"")",2004,2004,1FMPU16L04LB,1FMPU16L04LB,1,F,M,P,U,1,6,L,0,4,L,B,0,No Trailing Units,0,Not an Articulated Vehicle,0,Not Applicable,000000000,Not Applicable,00000000000,Not Applicable,0,Not Applicable,0,Not Applicable,0,Not Applicable (N/A),1,No,0,Not Applicable,0,Not Applicable,0,Not Applicable,0,Not Applicable,0,Not a Bus,0,No Special Use,0,Not Applicable,998,Not Reported,0,No Underride or Override Noted,0,No Rollover,0,No Rollover,12,12 Clock Point,8,Not Reported,3,Towed Not Due to Disabling Damage,8,Pedestrian,0,,0,,0,No or Not Reported,1,Yes,41,Oregon,97321,97321,6,Valid,1,Full Driver License,0,No (CDL),0,No Endorsements required for this vehicle,3,Valid license for this class vehicle,1,Restrictions Complied With,68,68,245,245 lbs.,0,,0,,0,,0,,0,,0,No Record,0,No Record,0,No Record,0,No Record,0,No,0,,0,,0,,0,,1,"Two-Way, Not Divided",4,Four lanes,35,35 MPH,1,Straight,1,Level,2,"Blacktop, Bituminous, or Asphalt",2,Wet,0,No Controls,0,No Controls,1,Going Straight,80,Pedestrian in road,1,No Avoidance Maneuver,1,Tracking,1,Stayed in original travel lane,13,C13-Single Driver-Forward Impact-Pedestrian/ Animal,0,0,No,777777777777,No Trailing Units,777777777777,No Trailing Units,777777777777,No Trailing Units
41,Oregon,410256,1,1,1,01,12,12,10,October,23,11:00pm-11:59pm,30,30,23,Bridge Rail (Includes parapet),0,Not a Collision with Motor Vehicle In-Transport,1,Motor Vehicle In-Transport (Inside or Outside the Trafficway),0,No,41,Oregon,1,Driver (in this crash) was  Registered Owner,50,Triumph,706,50706,Triumph 750cc or greater,80,Two Wheel Motorcycle (excluding motor scooters),2017,2017,SMTD10GN4HT8,SMTD10GN4HT8,S,M,T,D,1,0,G,N,4,H,T,8,0,No Trailing Units,0,Not an Articulated Vehicle,0,Not Applicable,000000000,Not Applicable,00000000000,Not Applicable,0,Not Applicable,0,Not Applicable,0,Not Applicable (N/A),1,No,0,Not Applicable,0,Not Applicable,0,Not Applicable,0,Not Applicable,0,Not a Bus,0,No Special Use,0,Not Applicable,998,Not Reported,0,No Underride or Override Noted,0,No Rollover,0,No Rollover,61,Left,8,Not Reported,8,Not Reported,23,Bridge Rail (Includes parapet),0,,0,,0,No or Not Reported,1,Yes,41,Oregon,97203,97203,6,Valid,1,Full Driver License,0,No (CDL),0,No Endorsements required for this vehicle,3,Valid license for this class vehicle,0,No Restrictions or Not Applicable,67,67,175,175 lbs.,1,1,0,,0,,0,,0,,10,October,2013,2013,10,October,2013,2013,9,Unknown,99,Unknown,99,Unknown,99,Unknown,99,Unknown,3,"Two-Way,  Divided, Positive  Median Barrier",2,Two lanes,45,45 MPH,3,Curve Left,2,"Grade, Unknown Slope",2,"Blacktop, Bituminous, or Asphalt",2,Wet,0,No Controls,0,No Controls,14,Negotiating a Curve,12,Off the edge of the road on the left side,99,Unknown/Not Reported,1,Tracking,4,Departed roadway,6,B6-Single Driver-Left Roadside Departure-Drive Off Road,1,1,Yes,777777777777,No Trailing Units,777777777777,No Trailing Units,777777777777,No Trailing Units
41,Oregon,410257,1,1,1,01,13,13,10,October,17,5:00pm-5:59pm,30,30,52,Guardrail End,0,Not a Collision with Motor Vehicle In-Transport,1,Motor Vehicle In-Transport (Inside or Outside the Trafficway),0,No,41,Oregon,2,Driver (in this crash) Not Registered Owner (Other Private Owner Listed),7,Dodge,482,7482,Dodge Ram Pickup,34,Light Pickup,1997,1997,3B7KF23D3VM5,3B7KF23D3VM5,3,B,7,K,F,2,3,D,3,V,M,5,0,No Trailing Units,0,Not an Articulated Vehicle,0,Not Applicable,000000000,Not Applicable,00000000000,Not Applicable,0,Not Applicable,0,Not Applicable,0,Not Applicable (N/A),1,No,0,Not Applicable,0,Not Applicable,0,Not Applicable,0,Not Applicable,0,Not a Bus,0,No Special Use,0,Not Applicable,998,Not Reported,0,No Underride or Override Noted,1,"Rollover, Tripped by Object/Vehicle",5,On Roadside,12,12 Clock Point,6,Disabling Damage,2,Towed Due to Disabling Damage,52,Guardrail End,0,,0,,0,No or Not Reported,1,Yes,41,Oregon,97702,97702,6,Valid,1,Full Driver License,0,No (CDL),0,No Endorsements required for this vehicle,3,Valid license for this class vehicle,0,No Restrictions or Not Applicable,70,70,165,165 lbs.,0,,0,,0,,0,,0,,0,No Record,0,No Record,0,No Record,0,No Record,9,Unknown,99,Unknown,99,Unknown,99,Unknown,99,Unknown,1,"Two-Way, Not Divided",2,Two lanes,55,55 MPH,4,Curve - Unknown Direction,1,Level,2,"Blacktop, Bituminous, or Asphalt",1,Dry,0,No Controls,0,No Controls,14,Negotiating a Curve,13,Off the edge of the road on the right side,99,Unknown/Not Reported,9,Precrash stability unknown,4,Departed roadway,1,A1-Single Driver-Right Roadside Departure-Drive Off Road,1,1,Yes,777777777777,No Trailing Units,777777777777,No Trailing Units,777777777777,No Trailing Units
41,Oregon,410258,1,2,1,01,13,13,10,October,13,1:00pm-1:59pm,40,40,12,Motor Vehicle In-Transport,6,Angle,1,Motor Vehicle In-Transport (Inside or Outside the Trafficway),0,No,41,Oregon,1,Driver (in this crash) was  Registered Owner,35,Datsun/Nissan,39,35039,Datsun/Nissan 810/Maxima,4,"4-door sedan, hardtop",2009,2009,1N4AA51E69C8,1N4AA51E69C8,1,N,4,A,A,5,1,E,6,9,C,8,0,No Trailing Units,0,Not an Articulated Vehicle,0,Not Applicable,000000000,Not Applicable,00000000000,Not Applicable,0,Not Applicable,0,Not Applicable,0,Not Applicable (N/A),1,No,0,Not Applicable,0,Not Applicable,0,Not Applicable,0,Not Applicable,0,Not a Bus,0,No Special Use,0,Not Applicable,998,Not Reported,0,No Underride or Override Noted,0,No Rollover,0,No Rollover,98,Not Reported,6,Disabling Damage,2,Towed Due to Disabling Damage,12,Motor Vehicle In-Transport,0,,0,,0,No or Not Reported,1,Yes,41,Oregon,97230,97230,0,Not licensed,0,Not Licensed,0,No (CDL),0,No Endorsements required for this vehicle,0,Not licensed,0,No Restrictions or Not Applicable,71,71,200,200 lbs.,0,,0,,0,,2,2,0,,1,January,2013,2013,1,January,2013,2013,4,"Yes, Too Fast for Conditions",28,Improper Lane Usage,0,,0,,0,,5,"Two-Way, Not Divided With a Continuous Left-Turn Lane",3,Three lanes,99,Unknown,4,Curve - Unknown Direction,1,Level,2,"Blacktop, Bituminous, or Asphalt",2,Wet,0,No Controls,0,No Controls,14,Negotiating a Curve,9,Unknown cause of control loss,99,Unknown/Not Reported,2,Skidding longitudinally  rotation less than 30 degrees,2,"Stayed on roadway, but left original travel lane",64,"I64-Same Trafficway, Opposite Direction-Angle, Sideswipe-Lateral Move (Left/Right)",1,0,No,777777777777,No Trailing Units,777777777777,No Trailing Units,777777777777,No Trailing Units
41,Oregon,410258,2,2,1,01,13,13,10,October,13,1:00pm-1:59pm,40,40,12,Motor Vehicle In-Transport,6,Angle,1,Motor Vehicle In-Transport (Inside or Outside the Trafficway),0,No,41,Oregon,3,Vehicle Registered as Business/Company/Government Vehicle,85,Kenworth,881,85881,Kenworth Medium/Heavy - CBE,66,"Truck-tractor (Cab only, or with any number of trailing unit; any weight)",2007,2007,1XKDPBEX47R2,1XKDPBEX47R2,1,X,K,D,P,B,E,X,4,7,R,2,1,One Trailing Unit,1,No,57,US DOT,00794698,00794698,5700794698,5700794698,3,"26,001 lbs. or more",6,Truck Tractor/Semi-Trailer,98,Unknown Cargo Body Type,1,No,0,Not Applicable,0,Not Applicable,0,Not Applicable,0,Not Applicable,0,Not a Bus,0,No Special Use,0,Not Applicable,998,Not Reported,0,No Underride or Override Noted,0,No Rollover,0,No Rollover,82,Right-Front Side,9,Unknown,3,Towed Not Due to Disabling Damage,12,Motor Vehicle In-Transport,0,,0,,0,No or Not Reported,1,Yes,41,Oregon,97070,97070,6,Valid,1,Full Driver License,6,Valid,0,No Endorsements required for this vehicle,3,Valid license for this class vehicle,3,"Restrictions, Compliance Unknown",72,72,185,185 lbs.,0,,0,,0,,1,1,0,,5,May,2014,2014,5,May,2014,2014,0,No,0,,0,,0,,0,,5,"Two-Way, Not Divided With a Continuous Left-Turn Lane",3,Three lanes,99,Unknown,4,Curve - Unknown Direction,1,Level,2,"Blacktop, Bituminous, or Asphalt",2,Wet,0,No Controls,0,No Controls,14,Negotiating a Curve,62,From opposite direction  over left lane line,6,Steering left,2,Skidding longitudinally  rotation less than 30 degrees,1,Stayed in original travel lane,65,"I65-Same Trafficway, Opposite Direction-Angle, Sideswipe-Lateral Move (Going Straight)",0,0,No,888888888888,Not Reported,777777777777,No Trailing Units,777777777777,No Trailing Units
41,Oregon,410259,1,1,1,01,15,15,10,October,11,11:00am-11:59am,0,0,33,Curb,0,Not a Collision with Motor Vehicle In-Transport,1,Motor Vehicle In-Transport (Inside or Outside the Trafficway),0,No,41,Oregon,1,Driver (in this crash) was  Registered Owner,73,Kawasaki,706,73706,Kawasaki 750cc or greater,80,Two Wheel Motorcycle (excluding motor scooters),2007,2007,JKAVN2C177A0,JKAVN2C177A0,J,K,A,V,N,2,C,1,7,7,A,0,0,No Trailing Units,0,Not an Articulated Vehicle,0,Not Applicable,000000000,Not Applicable,00000000000,Not Applicable,0,Not Applicable,0,Not Applicable,0,Not Applicable (N/A),1,No,0,Not Applicable,0,Not Applicable,0,Not Applicable,0,Not Applicable,0,Not a Bus,0,No Special Use,0,Not Applicable,998,Not Reported,0,No Underride or Override Noted,0,No Rollover,0,No Rollover,12,12 Clock Point,4,Functional Damage,3,Towed Not Due to Disabling Damage,42,Tree (Standing Only),0,,0,,0,No or Not Reported,1,Yes,41,Oregon,97501,97501,6,Valid,1,Full Driver License,0,No (CDL),0,No Endorsements required for this vehicle,3,Valid license for this class vehicle,3,"Restrictions, Compliance Unknown",70,70,210,210 lbs.,0,,0,,0,,0,,0,,0,No Record,0,No Record,0,No Record,0,No Record,9,Unknown,99,Unknown,99,Unknown,99,Unknown,99,Unknown,3,"Two-Way,  Divided, Positive  Median Barrier",2,Two lanes,35,35 MPH,4,Curve - Unknown Direction,2,"Grade, Unknown Slope",2,"Blacktop, Bituminous, or Asphalt",1,Dry,0,No Controls,0,No Controls,14,Negotiating a Curve,13,Off the edge of the road on the right side,99,Unknown/Not Reported,9,Precrash stability unknown,4,Departed roadway,1,A1-Single Driver-Right Roadside Departure-Drive Off Road,1,0,No,777777777777,No Trailing Units,777777777777,No Trailing Units,777777777777,No Trailing Units
41,Oregon,410260,1,1,1,01,19,19,10,October,8,8:00am-8:59am,28,28,24,Guardrail Face,0,Not a Collision with Motor Vehicle In-Transport,1,Motor Vehicle In-Transport (Inside or Outside the Trafficway),0,No,41,Oregon,3,Vehicle Registered as Business/Company/Government Vehicle,84,International Harvester/Navistar,881,84881,International Harvester/Navistar Medium/Heavy - CBE,63,"Single-unit straight truck or Cab-Chassis (GVWR > 26,000 lbs.)",1974,1974,24947DYB1500,24947DYB1500,2,4,9,4,7,D,Y,B,1,5,0,0,0,No Trailing Units,0,Not an Articulated Vehicle,57,US DOT,0701205,0701205,570701205,570701205,3,"26,001 lbs. or more",2,Single-Unit Truck (3 or more axles),1,Van/Enclosed Box,1,No,0,Not Applicable,0,Not Applicable,0,Not Applicable,0,Not Applicable,0,Not a Bus,0,No Special Use,0,Not Applicable,998,Not Reported,0,No Underride or Override Noted,1,"Rollover, Tripped by Object/Vehicle",5,On Roadside,62,Left-Front Side,6,Disabling Damage,2,Towed Due to Disabling Damage,1,Rollover/Overturn,0,,0,,1,Yes,1,Yes,41,Oregon,97525,97525,6,Valid,1,Full Driver License,6,Valid,9,"Unknown, if required",3,Valid license for this class vehicle,3,"Restrictions, Compliance Unknown",71,71,135,135 lbs.,0,,1,1,0,,1,1,0,,10,October,2013,2013,6,June,2014,2014,9,Unknown,99,Unknown,99,Unknown,99,Unknown,99,Unknown,1,"Two-Way, Not Divided",2,Two lanes,98,Not Reported,1,Straight,1,Level,2,"Blacktop, Bituminous, or Asphalt",1,Dry,0,No Controls,0,No Controls,1,Going Straight,12,Off the edge of the road on the left side,99,Unknown/Not Reported,9,Precrash stability unknown,4,Departed roadway,6,B6-Single Driver-Left Roadside Departure-Drive Off Road,1,0,No,777777777777,No Trailing Units,777777777777,No Trailing Units,777777777777,No Trailing Units
41,Oregon,410261,1,2,2,02,20,20,10,October,21,9:00pm-9:59pm,40,40,12,Motor Vehicle In-Transport,6,Angle,1,Motor Vehicle In-Transport (Inside or Outside the Trafficway),0,No,41,Oregon,2,Driver (in this crash) Not Registered Owner (Other Private Owner Listed),12,Ford,471,12471,Ford Ranger,34,Light Pickup,1995,1995,1FTCR10A8SUA,1FTCR10A8SUA,1,F,T,C,R,1,0,A,8,S,U,A,0,No Trailing Units,0,Not an Articulated Vehicle,0,Not Applicable,000000000,Not Applicable,00000000000,Not Applicable,0,Not Applicable,0,Not Applicable,0,Not Applicable (N/A),1,No,0,Not Applicable,0,Not Applicable,0,Not Applicable,0,Not Applicable,0,Not a Bus,0,No Special Use,0,Not Applicable,998,Not Reported,0,No Underride or Override Noted,0,No Rollover,0,No Rollover,98,Not Reported,6,Disabling Damage,2,Towed Due to Disabling Damage,12,Motor Vehicle In-Transport,0,,0,,0,No or Not Reported,1,Yes,41,Oregon,97539,97539,6,Valid,1,Full Driver License,0,No (CDL),0,No Endorsements required for this vehicle,3,Valid license for this class vehicle,0,No Restrictions or Not Applicable,70,70,130,130 lbs.,0,,0,,0,,0,,0,,0,No Record,0,No Record,0,No Record,0,No Record,4,"Yes, Too Fast for Conditions",38,Failure to Yield Right-of-Way,0,,0,,0,,1,"Two-Way, Not Divided",5,Five lanes,45,45 MPH,1,Straight,1,Level,2,"Blacktop, Bituminous, or Asphalt",1,Dry,2,Traffic control signal (on colors) with Pedestrian Signal,3,Device Functioning Properly,1,Going Straight,17,Crossing over (passing through) Junction,99,Unknown/Not Reported,1,Tracking,1,Stayed in original travel lane,91,L91-Intersecting Paths-Straight Paths-Specifics Unknown,1,1,Yes,777777777777,No Trailing Units,777777777777,No Trailing Units,777777777777,No Trailing Units
41,Oregon,410261,2,2,4,04,20,20,10,October,21,9:00pm-9:59pm,40,40,12,Motor Vehicle In-Transport,6,Angle,1,Motor Vehicle In-Transport (Inside or Outside the Trafficway),0,No,41,Oregon,1,Driver (in this crash) was  Registered Owner,7,Dodge,29,7029,Dodge Dart (2013 on. See model 001 for 1960-1976.),4,"4-door sedan, hardtop",2016,2016,1C3CDFAA2GD6,1C3CDFAA2GD6,1,C,3,C,D,F,A,A,2,G,D,6,0,No Trailing Units,0,Not an Articulated Vehicle,0,Not Applicable,000000000,Not Applicable,00000000000,Not Applicable,0,Not Applicable,0,Not Applicable,0,Not Applicable (N/A),1,No,0,Not Applicable,0,Not Applicable,0,Not Applicable,0,Not Applicable,0,Not a Bus,0,No Special Use,0,Not Applicable,998,Not Reported,0,No Underride or Override Noted,0,No Rollover,0,No Rollover,12,12 Clock Point,9,Unknown,3,Towed Not Due to Disabling Damage,12,Motor Vehicle In-Transport,0,,0,,0,No or Not Reported,1,Yes,41,Oregon,97524,97524,6,Valid,1,Full Driver License,0,No (CDL),0,No Endorsements required for this vehicle,3,Valid license for this class vehicle,0,No Restrictions or Not Applicable,61,61,150,150 lbs.,0,,0,,0,,0,,0,,0,No Record,0,No Record,0,No Record,0,No Record,0,No,0,,0,,0,,0,,9,Unknown,9,Unknown,45,45 MPH,1,Straight,1,Level,2,"Blacktop, Bituminous, or Asphalt",1,Dry,2,Traffic control signal (on colors) with Pedestrian Signal,3,Device Functioning Properly,1,Going Straight,17,Crossing over (passing through) Junction,99,Unknown/Not Reported,1,Tracking,1,Stayed in original travel lane,91,L91-Intersecting Paths-Straight Paths-Specifics Unknown,0,0,No,777777777777,No Trailing Units,777777777777,No Trailing Units,777777777777,No Trailing Units
41,Oregon,410262,1,1,5,05,21,21,10,October,2,2:00am-2:59am,22,22,1,Rollover/Overturn,0,Not a Collision with Motor Vehicle In-Transport,1,Motor Vehicle In-Transport (Inside or Outside the Trafficway),0,No,41,Oregon,1,Driver (in this crash) was  Registered Owner,35,Datsun/Nissan,39,35039,Datsun/Nissan 810/Maxima,4,"4-door sedan, hardtop",1987,1987,JN1HU11S6HT2,JN1HU11S6HT2,J,N,1,H,U,1,1,S,6,H,T,2,0,No Trailing Units,0,Not an Articulated Vehicle,0,Not Applicable,000000000,Not Applicable,00000000000,Not Applicable,0,Not Applicable,0,Not Applicable,0,Not Applicable (N/A),1,No,0,Not Applicable,0,Not Applicable,0,Not Applicable,0,Not Applicable,0,Not a Bus,0,No Special Use,0,Not Applicable,998,Not Reported,0,No Underride or Override Noted,1,"Rollover, Tripped by Object/Vehicle",5,On Roadside,0,Non-Collision,6,Disabling Damage,2,Towed Due to Disabling Damage,1,Rollover/Overturn,0,,0,,0,No or Not Reported,1,Yes,41,Oregon,97754,97754,6,Valid,1,Full Driver License,0,No (CDL),0,No Endorsements required for this vehicle,3,Valid license for this class vehicle,0,No Restrictions or Not Applicable,72,72,155,155 lbs.,0,,1,1,0,,0,,0,,7,July,2016,2016,7,July,2016,2016,4,"Yes, Too Fast for Conditions",0,,0,,0,,0,,1,"Two-Way, Not Divided",2,Two lanes,55,55 MPH,3,Curve Left,1,Level,2,"Blacktop, Bituminous, or Asphalt",1,Dry,0,No Controls,0,No Controls,14,Negotiating a Curve,13,Off the edge of the road on the right side,99,Unknown/Not Reported,1,Tracking,4,Departed roadway,1,A1-Single Driver-Right Roadside Departure-Drive Off Road,2,1,Yes,777777777777,No Trailing Units,777777777777,No Trailing Units,777777777777,No Trailing Units
41,Oregon,410263,1,1,1,01,22,22,10,October,1,1:00am-1:59am,37,37,19,Building,0,Not a Collision with Motor Vehicle In-Transport,1,Motor Vehicle In-Transport (Inside or Outside the Trafficway),0,No,41,Oregon,1,Driver (in this crash) was  Registered Owner,49,Toyota,472,49472,Toyota Tacoma,34,Light Pickup,2017,2017,3TMCZ5AN8HM0,3TMCZ5AN8HM0,3,T,M,C,Z,5,A,N,8,H,M,0,0,No Trailing Units,0,Not an Articulated Vehicle,0,Not Applicable,000000000,Not Applicable,00000000000,Not Applicable,0,Not Applicable,0,Not Applicable,0,Not Applicable (N/A),1,No,0,Not Applicable,0,Not Applicable,0,Not Applicable,0,Not Applicable,0,Not a Bus,0,No Special Use,0,Not Applicable,998,Not Reported,0,No Underride or Override Noted,0,No Rollover,0,No Rollover,98,Not Reported,9,Unknown,9,Unknown,19,Building,0,,0,,0,No or Not Reported,1,Yes,41,Oregon,97233,97233,6,Valid,1,Full Driver License,0,No (CDL),0,No Endorsements required for this vehicle,3,Valid license for this class vehicle,0,No Restrictions or Not Applicable,75,75,260,260 lbs.,0,,0,,0,,1,1,0,,11,November,2016,2016,11,November,2016,2016,4,"Yes, Too Fast for Conditions",39,"Failure to Obey Actual Traffic Sign,Traffic Control Devices or Traffic Officers;Failure to Obey Safety Zone Traffic Laws",0,,0,,0,,8,Not Reported,8,Not Reported,25,25 MPH,1,Straight,1,Level,2,"Blacktop, Bituminous, or Asphalt",2,Wet,20,Stop Sign,3,Device Functioning Properly,1,Going Straight,19,Unknown travel direction,99,Unknown/Not Reported,9,Precrash stability unknown,4,Departed roadway,98,M98-Other Crash Type,1,1,Yes,777777777777,No Trailing Units,777777777777,No Trailing Units,777777777777,No Trailing Units
41,Oregon,410264,1,1,1,01,22,22,10,October,5,5:00am-5:59am,50,50,42,Tree (Standing Only),0,Not a Collision with Motor Vehicle In-Transport,1,Motor Vehicle In-Transport (Inside or Outside the Trafficway),0,No,41,Oregon,2,Driver (in this crash) Not Registered Owner (Other Private Owner Listed),63,KIA,32,63032,KIA Rio/Rio5,4,"4-door sedan, hardtop",2011,2011,KNADH4A31B69,KNADH4A31B69,K,N,A,D,H,4,A,3,1,B,6,9,0,No Trailing Units,0,Not an Articulated Vehicle,0,Not Applicable,000000000,Not Applicable,00000000000,Not Applicable,0,Not Applicable,0,Not Applicable,0,Not Applicable (N/A),1,No,0,Not Applicable,0,Not Applicable,0,Not Applicable,0,Not Applicable,0,Not a Bus,0,No Special Use,0,Not Applicable,998,Not Reported,0,No Underride or Override Noted,0,No Rollover,0,No Rollover,9,9 Clock Point,6,Disabling Damage,2,Towed Due to Disabling Damage,42,Tree (Standing Only),0,,0,,0,No or Not Reported,1,Yes,41,Oregon,97040,97040,6,Valid,1,Full Driver License,0,No (CDL),0,No Endorsements required for this vehicle,3,Valid license for this class vehicle,3,"Restrictions, Compliance Unknown",64,64,150,150 lbs.,0,,0,,0,,0,,0,,0,No Record,0,No Record,0,No Record,0,No Record,4,"Yes, Too Fast for Conditions",99,Unknown,99,Unknown,99,Unknown,99,Unknown,3,"Two-Way,  Divided, Positive  Median Barrier",2,Two lanes,65,65 MPH,1,Straight,1,Level,2,"Blacktop, Bituminous, or Asphalt",2,Wet,0,No Controls,0,No Controls,1,Going Straight,6,Traveling too fast for conditions,99,Unknown/Not Reported,3,Skidding laterally clockwise rotation,4,Departed roadway,2,A2-Single Driver-Right Roadside Departure-Control/Traction Loss,1,0,No,777777777777,No Trailing Units,777777777777,No Trailing Units,777777777777,No Trailing Units
41,Oregon,410265,1,1,1,01,22,22,10,October,15,3:00pm-3:59pm,10,10,8,Pedestrian,0,Not a Collision with Motor Vehicle In-Transport,1,Motor Vehicle In-Transport (Inside or Outside the Trafficway),0,No,6,California,1,Driver (in this crash) was  Registered Owner,12,Ford,24,12024,Ford Edge,6,Station Wagon (excluding van and truck based),2008,2008,2FMDK49C58BB,2FMDK49C58BB,2,F,M,D,K,4,9,C,5,8,B,B,0,No Trailing Units,0,Not an Articulated Vehicle,0,Not Applicable,000000000,Not Applicable,00000000000,Not Applicable,0,Not Applicable,0,Not Applicable,0,Not Applicable (N/A),1,No,0,Not Applicable,0,Not Applicable,0,Not Applicable,0,Not Applicable,0,Not a Bus,0,No Special Use,0,Not Applicable,998,Not Reported,0,No Underride or Override Noted,1,"Rollover, Tripped by Object/Vehicle",5,On Roadside,12,12 Clock Point,6,Disabling Damage,2,Towed Due to Disabling Damage,8,Pedestrian,0,,0,,0,No or Not Reported,1,Yes,30,Montana,59875,59875,6,Valid,1,Full Driver License,0,No (CDL),0,No Endorsements required for this vehicle,3,Valid license for this class vehicle,3,"Restrictions, Compliance Unknown",999,Unknown,999,Unknown,98,Crashes Not Reported on Driving Record,0,,0,,0,,0,,0,No Record,0,No Record,0,No Record,0,No Record,9,Unknown,99,Unknown,99,Unknown,99,Unknown,99,Unknown,1,"Two-Way, Not Divided",2,Two lanes,55,55 MPH,1,Straight,1,Level,2,"Blacktop, Bituminous, or Asphalt",2,Wet,0,No Controls,0,No Controls,1,Going Straight,8,Other cause of control loss (specify:),99,Unknown/Not Reported,1,Tracking,4,Departed roadway,1,A1-Single Driver-Right Roadside Departure-Drive Off Road,0,0,No,777777777777,No Trailing Units,777777777777,No Trailing Units,777777777777,No Trailing Units
41,Oregon,410266,1,1,1,01,23,23,10,October,1,1:00am-1:59am,25,25,33,Curb,0,Not a Collision with Motor Vehicle In-Transport,1,Motor Vehicle In-Transport (Inside or Outside the Trafficway),0,No,41,Oregon,2,Driver (in this crash) Not Registered Owner (Other Private Owner Listed),12,Ford,481,12481,Ford F-Series pickup,34,Light Pickup,1994,1994,1FTHX25H4RKB,1FTHX25H4RKB,1,F,T,H,X,2,5,H,4,R,K,B,0,No Trailing Units,0,Not an Articulated Vehicle,0,Not Applicable,000000000,Not Applicable,00000000000,Not Applicable,0,Not Applicable,0,Not Applicable,0,Not Applicable (N/A),1,No,0,Not Applicable,0,Not Applicable,0,Not Applicable,0,Not Applicable,0,Not a Bus,0,No Special Use,0,Not Applicable,998,Not Reported,0,No Underride or Override Noted,1,"Rollover, Tripped by Object/Vehicle",6,Outside of Trafficway,14,Undercarriage,6,Disabling Damage,2,Towed Due to Disabling Damage,30,Utility Pole/Light Support,0,,0,,1,Yes,1,Yes,41,Oregon,97113,97113,1,Suspended,1,Full Driver License,0,No (CDL),0,No Endorsements required for this vehicle,2,No valid license for this class vehicle,2,Restrictions Not Complied With,66,66,245,245 lbs.,0,,4,4,0,,0,,0,,11,November,2013,2013,12,December,2015,2015,5,"Yes, Specifics Unknown",74,Driver Has Not Complied With Physical or Other Imposed Restrictions (not including GDL Restrictions),0,,0,,0,,1,"Two-Way, Not Divided",2,Two lanes,40,40 MPH,4,Curve - Unknown Direction,1,Level,2,"Blacktop, Bituminous, or Asphalt",1,Dry,0,No Controls,0,No Controls,99,Unknown,9,Unknown cause of control loss,99,Unknown/Not Reported,1,Tracking,4,Departed roadway,1,A1-Single Driver-Right Roadside Departure-Drive Off Road,1,1,Yes,777777777777,No Trailing Units,777777777777,No Trailing Units,777777777777,No Trailing Units
41,Oregon,410267,1,1,1,01,23,23,10,October,23,11:00pm-11:59pm,0,0,50,Bridge Overhead Structure,0,Not a Collision with Motor Vehicle In-Transport,1,Motor Vehicle In-Transport (Inside or Outside the Trafficway),0,No,41,Oregon,1,Driver (in this crash) was  Registered Owner,49,Toyota,403,49403,Toyota Highlander,14,"Compact Utility (Utility Vehicle Categories ""Small"" and ""Midsize"")",2013,2013,5TDDK3EH2DS2,5TDDK3EH2DS2,5,T,D,D,K,3,E,H,2,D,S,2,0,No Trailing Units,0,Not an Articulated Vehicle,0,Not Applicable,000000000,Not Applicable,00000000000,Not Applicable,0,Not Applicable,0,Not Applicable,0,Not Applicable (N/A),1,No,0,Not Applicable,0,Not Applicable,0,Not Applicable,0,Not Applicable,0,Not a Bus,0,No Special Use,0,Not Applicable,998,Not Reported,0,No Underride or Override Noted,1,"Rollover, Tripped by Object/Vehicle",3,On Median/Separator,12,12 Clock Point,6,Disabling Damage,2,Towed Due to Disabling Damage,50,Bridge Overhead Structure,0,,0,,0,No or Not Reported,1,Yes,41,Oregon,97202,97202,6,Valid,1,Full Driver License,0,No (CDL),0,No Endorsements required for this vehicle,3,Valid license for this class vehicle,3,"Restrictions, Compliance Unknown",69,69,175,175 lbs.,1,1,0,,0,,0,,0,,11,November,2016,2016,11,November,2016,2016,4,"Yes, Too Fast for Conditions",0,,0,,0,,0,,3,"Two-Way,  Divided, Positive  Median Barrier",2,Two lanes,65,65 MPH,1,Straight,1,Level,2,"Blacktop, Bituminous, or Asphalt",1,Dry,0,No Controls,0,No Controls,1,Going Straight,9,Unknown cause of control loss,99,Unknown/Not Reported,1,Tracking,4,Departed roadway,6,B6-Single Driver-Left Roadside Departure-Drive Off Road,1,1,Yes,777777777777,No Trailing Units,777777777777,No Trailing Units,777777777777,No Trailing Units
41,Oregon,410268,1,1,1,01,23,23,10,October,22,10:00pm-10:59pm,0,0,1,Rollover/Overturn,0,Not a Collision with Motor Vehicle In-Transport,1,Motor Vehicle In-Transport (Inside or Outside the Trafficway),0,No,41,Oregon,1,Driver (in this crash) was  Registered Owner,35,Datsun/Nissan,43,35043,Datsun/Nissan Sentra,4,"4-door sedan, hardtop",2001,2001,3N1CB51D51L4,3N1CB51D51L4,3,N,1,C,B,5,1,D,5,1,L,4,0,No Trailing Units,0,Not an Articulated Vehicle,0,Not Applicable,000000000,Not Applicable,00000000000,Not Applicable,0,Not Applicable,0,Not Applicable,0,Not Applicable (N/A),1,No,0,Not Applicable,0,Not Applicable,0,Not Applicable,0,Not Applicable,0,Not a Bus,0,No Special Use,0,Not Applicable,998,Not Reported,0,No Underride or Override Noted,9,"Rollover, Unknown Type",9,Unknown,0,Non-Collision,6,Disabling Damage,2,Towed Due to Disabling Damage,1,Rollover/Overturn,0,,0,,0,No or Not Reported,1,Yes,41,Oregon,97741,97741,6,Valid,1,Full Driver License,0,No (CDL),0,No Endorsements required for this vehicle,3,Valid license for this class vehicle,0,No Restrictions or Not Applicable,63,63,160,160 lbs.,0,,0,,0,,0,,0,,0,No Record,0,No Record,0,No Record,0,No Record,9,Unknown,99,Unknown,99,Unknown,99,Unknown,99,Unknown,1,"Two-Way, Not Divided",2,Two lanes,98,Not Reported,8,Not Reported,8,Not Reported,8,Not Reported,98,Not Reported,97,Not Reported,8,Not Reported,99,Unknown,9,Unknown cause of control loss,99,Unknown/Not Reported,9,Precrash stability unknown,4,Departed roadway,99,M99-Unknown,1,1,Yes,777777777777,No Trailing Units,777777777777,No Trailing Units,777777777777,No Trailing Units
41,Oregon,410269,1,1,1,01,25,25,10,October,6,6:00am-6:59am,9,9,8,Pedestrian,0,Not a Collision with Motor Vehicle In-Transport,1,Motor Vehicle In-Transport (Inside or Outside the Trafficway),0,No,41,Oregon,1,Driver (in this crash) was  Registered Owner,49,Toyota,40,49040,Toyota Camry,4,"4-door sedan, hardtop",2014,2014,4T4BF1FK4ER3,4T4BF1FK4ER3,4,T,4,B,F,1,F,K,4,E,R,3,0,No Trailing Units,0,Not an Articulated Vehicle,0,Not Applicable,000000000,Not Applicable,00000000000,Not Applicable,0,Not Applicable,0,Not Applicable,0,Not Applicable (N/A),1,No,0,Not Applicable,0,Not Applicable,0,Not Applicable,0,Not Applicable,0,Not a Bus,0,No Special Use,0,Not Applicable,998,Not Reported,0,No Underride or Override Noted,0,No Rollover,0,No Rollover,12,12 Clock Point,2,Minor Damage,5,Not Towed,8,Pedestrian,0,,0,,0,No or Not Reported,1,Yes,41,Oregon,97304,97304,6,Valid,1,Full Driver License,6,Valid,0,No Endorsements required for this vehicle,3,Valid license for this class vehicle,3,"Restrictions, Compliance Unknown",70,70,240,240 lbs.,0,,0,,0,,0,,0,,0,No Record,0,No Record,0,No Record,0,No Record,9,Unknown,0,,0,,0,,0,,1,"Two-Way, Not Divided",2,Two lanes,40,40 MPH,1,Straight,2,"Grade, Unknown Slope",2,"Blacktop, Bituminous, or Asphalt",1,Dry,0,No Controls,0,No Controls,1,Going Straight,80,Pedestrian in road,99,Unknown/Not Reported,9,Precrash stability unknown,1,Stayed in original travel lane,13,C13-Single Driver-Forward Impact-Pedestrian/ Animal,0,0,No,777777777777,No Trailing Units,777777777777,No Trailing Units,777777777777,No Trailing Units
41,Oregon,410270,1,1,1,01,26,26,10,October,22,10:00pm-10:59pm,58,58,21,Bridge Pier or Support,0,Not a Collision with Motor Vehicle In-Transport,1,Motor Vehicle In-Transport (Inside or Outside the Trafficway),0,No,41,Oregon,1,Driver (in this crash) was  Registered Owner,37,Honda,705,37705,Honda 450-749 cc,80,Two Wheel Motorcycle (excluding motor scooters),2006,2006,JH2RC44466M0,JH2RC44466M0,J,H,2,R,C,4,4,4,6,6,M,0,0,No Trailing Units,0,Not an Articulated Vehicle,0,Not Applicable,000000000,Not Applicable,00000000000,Not Applicable,0,Not Applicable,0,Not Applicable,0,Not Applicable (N/A),1,No,0,Not Applicable,0,Not Applicable,0,Not Applicable,0,Not Applicable,0,Not a Bus,0,No Special Use,0,Not Applicable,998,Not Reported,0,No Underride or Override Noted,0,No Rollover,0,No Rollover,61,Left,6,Disabling Damage,2,Towed Due to Disabling Damage,21,Bridge Pier or Support,0,,0,,0,No or Not Reported,1,Yes,41,Oregon,97333,97333,6,Valid,1,Full Driver License,0,No (CDL),0,No Endorsements required for this vehicle,3,Valid license for this class vehicle,0,No Restrictions or Not Applicable,67,67,150,150 lbs.,0,,0,,0,,0,,0,,0,No Record,0,No Record,0,No Record,0,No Record,0,No,99,Unknown,99,Unknown,99,Unknown,99,Unknown,2,"Two-Way, Divided, Unprotected Median",3,Three lanes,20,20 MPH,4,Curve - Unknown Direction,2,"Grade, Unknown Slope",2,"Blacktop, Bituminous, or Asphalt",2,Wet,0,No Controls,0,No Controls,14,Negotiating a Curve,19,Unknown travel direction,99,Unknown/Not Reported,1,Tracking,4,Departed roadway,99,M99-Unknown,1,1,Yes,777777777777,No Trailing Units,777777777777,No Trailing Units,777777777777,No Trailing Units
41,Oregon,410271,1,1,1,01,27,27,10,October,19,7:00pm-7:59pm,32,32,8,Pedestrian,0,Not a Collision with Motor Vehicle In-Transport,1,Motor Vehicle In-Transport (Inside or Outside the Trafficway),0,No,41,Oregon,1,Driver (in this crash) was  Registered Owner,7,Dodge,482,7482,Dodge Ram Pickup,34,Light Pickup,2001,2001,1B7KC23691J1,1B7KC23691J1,1,B,7,K,C,2,3,6,9,1,J,1,0,No Trailing Units,0,Not an Articulated Vehicle,0,Not Applicable,000000000,Not Applicable,00000000000,Not Applicable,0,Not Applicable,0,Not Applicable,0,Not Applicable (N/A),1,No,0,Not Applicable,0,Not Applicable,0,Not Applicable,0,Not Applicable,0,Not a Bus,0,No Special Use,0,Not Applicable,998,Not Reported,0,No Underride or Override Noted,0,No Rollover,0,No Rollover,12,12 Clock Point,2,Minor Damage,5,Not Towed,8,Pedestrian,0,,0,,0,No or Not Reported,1,Yes,41,Oregon,97211,97211,6,Valid,1,Full Driver License,0,No (CDL),0,No Endorsements required for this vehicle,3,Valid license for this class vehicle,3,"Restrictions, Compliance Unknown",72,72,185,185 lbs.,0,,0,,0,,0,,0,,0,No Record,0,No Record,0,No Record,0,No Record,9,Unknown,38,Failure to Yield Right-of-Way,0,,0,,0,,2,"Two-Way, Divided, Unprotected Median",2,Two lanes,30,30 MPH,1,Straight,1,Level,2,"Blacktop, Bituminous, or Asphalt",1,Dry,0,No Controls,0,No Controls,1,Going Straight,80,Pedestrian in road,99,Unknown/Not Reported,9,Precrash stability unknown,1,Stayed in original travel lane,13,C13-Single Driver-Forward Impact-Pedestrian/ Animal,0,0,No,777777777777,No Trailing Units,777777777777,No Trailing Units,777777777777,No Trailing Units
41,Oregon,410272,1,2,2,02,27,27,10,October,12,12:00pm-12:59pm,16,16,12,Motor Vehicle In-Transport,6,Angle,1,Motor Vehicle In-Transport (Inside or Outside the Trafficway),0,No,41,Oregon,1,Driver (in this crash) was  Registered Owner,37,Honda,403,37403,Honda Element,14,"Compact Utility (Utility Vehicle Categories ""Small"" and ""Midsize"")",2007,2007,5J6YH27727L0,5J6YH27727L0,5,J,6,Y,H,2,7,7,2,7,L,0,0,No Trailing Units,0,Not an Articulated Vehicle,0,Not Applicable,000000000,Not Applicable,00000000000,Not Applicable,0,Not Applicable,0,Not Applicable,0,Not Applicable (N/A),1,No,0,Not Applicable,0,Not Applicable,0,Not Applicable,0,Not Applicable,0,Not a Bus,0,No Special Use,0,Not Applicable,998,Not Reported,0,No Underride or Override Noted,0,No Rollover,0,No Rollover,82,Right-Front Side,6,Disabling Damage,2,Towed Due to Disabling Damage,12,Motor Vehicle In-Transport,0,,0,,0,No or Not Reported,1,Yes,41,Oregon,97216,97216,6,Valid,1,Full Driver License,0,No (CDL),0,No Endorsements required for this vehicle,3,Valid license for this class vehicle,0,No Restrictions or Not Applicable,69,69,155,155 lbs.,0,,0,,0,,0,,0,,0,No Record,0,No Record,0,No Record,0,No Record,0,No,38,Failure to Yield Right-of-Way,0,,0,,0,,5,"Two-Way, Not Divided With a Continuous Left-Turn Lane",3,Three lanes,40,40 MPH,1,Straight,1,Level,2,"Blacktop, Bituminous, or Asphalt",1,Dry,0,No Controls,0,No Controls,11,Turning Left,15,Turning Left,99,Unknown/Not Reported,1,Tracking,1,Stayed in original travel lane,68,J68-Trafficway Vehicle Turning-Turn Across Path-Initial Opposite Directions (Left/Right),0,0,No,777777777777,No Trailing Units,777777777777,No Trailing Units,777777777777,No Trailing Units
41,Oregon,410272,2,2,1,01,27,27,10,October,12,12:00pm-12:59pm,16,16,12,Motor Vehicle In-Transport,6,Angle,1,Motor Vehicle In-Transport (Inside or Outside the Trafficway),0,No,41,Oregon,1,Driver (in this crash) was  Registered Owner,76,Yamaha,701,76701,Yamaha 0-50cc,80,Two Wheel Motorcycle (excluding motor scooters),1985,1985,JYA1AA005FA0,JYA1AA005FA0,J,Y,A,1,A,A,0,0,5,F,A,0,0,No Trailing Units,0,Not an Articulated Vehicle,0,Not Applicable,000000000,Not Applicable,00000000000,Not Applicable,0,Not Applicable,0,Not Applicable,0,Not Applicable (N/A),1,No,0,Not Applicable,0,Not Applicable,0,Not Applicable,0,Not Applicable,0,Not a Bus,0,No Special Use,0,Not Applicable,998,Not Reported,0,No Underride or Override Noted,0,No Rollover,0,No Rollover,12,12 Clock Point,9,Unknown,2,Towed Due to Disabling Damage,12,Motor Vehicle In-Transport,0,,0,,0,No or Not Reported,1,Yes,41,Oregon,97211,97211,6,Valid,1,Full Driver License,0,No (CDL),0,No Endorsements required for this vehicle,3,Valid license for this class vehicle,0,No Restrictions or Not Applicable,71,71,156,156 lbs.,0,,0,,0,,0,,0,,0,No Record,0,No Record,0,No Record,0,No Record,0,No,99,Unknown,99,Unknown,99,Unknown,99,Unknown,5,"Two-Way, Not Divided With a Continuous Left-Turn Lane",3,Three lanes,40,40 MPH,1,Straight,1,Level,2,"Blacktop, Bituminous, or Asphalt",1,Dry,0,No Controls,0,No Controls,1,Going Straight,17,Crossing over (passing through) Junction,99,Unknown/Not Reported,1,Tracking,1,Stayed in original travel lane,69,J69-Trafficway Vehicle Turning-Turn Across Path-Initial Opposite Directions (Going Straight),1,0,No,777777777777,No Trailing Units,777777777777,No Trailing Units,777777777777,No Trailing Units
41,Oregon,410273,1,2,1,01,29,29,10,October,13,1:00pm-1:59pm,16,16,12,Motor Vehicle In-Transport,6,Angle,1,Motor Vehicle In-Transport (Inside or Outside the Trafficway),0,No,41,Oregon,1,Driver (in this crash) was  Registered Owner,59,Lexus,403,59403,Lexus RX330/350/400h/450h,14,"Compact Utility (Utility Vehicle Categories ""Small"" and ""Midsize"")",2009,2009,2T2HK31U19C1,2T2HK31U19C1,2,T,2,H,K,3,1,U,1,9,C,1,0,No Trailing Units,0,Not an Articulated Vehicle,0,Not Applicable,000000000,Not Applicable,00000000000,Not Applicable,0,Not Applicable,0,Not Applicable,0,Not Applicable (N/A),1,No,0,Not Applicable,0,Not Applicable,0,Not Applicable,0,Not Applicable,0,Not a Bus,0,No Special Use,0,Not Applicable,998,Not Reported,0,No Underride or Override Noted,0,No Rollover,0,No Rollover,81,Right,6,Disabling Damage,2,Towed Due to Disabling Damage,12,Motor Vehicle In-Transport,0,,0,,0,No or Not Reported,1,Yes,41,Oregon,97114,97114,6,Valid,1,Full Driver License,0,No (CDL),0,No Endorsements required for this vehicle,3,Valid license for this class vehicle,3,"Restrictions, Compliance Unknown",62,62,110,110 lbs.,0,,0,,0,,0,,0,,0,No Record,0,No Record,0,No Record,0,No Record,0,No,38,Failure to Yield Right-of-Way,0,,0,,0,,1,"Two-Way, Not Divided",3,Three lanes,55,55 MPH,1,Straight,1,Level,2,"Blacktop, Bituminous, or Asphalt",1,Dry,20,Stop Sign,3,Device Functioning Properly,1,Going Straight,55,In crossover,99,Unknown/Not Reported,1,Tracking,1,Stayed in original travel lane,87,L87-Intersecting Paths-Straight Paths-Struck on the Right,1,0,No,777777777777,No Trailing Units,777777777777,No Trailing Units,777777777777,No Trailing Units
41,Oregon,410273,2,2,1,01,29,29,10,October,13,1:00pm-1:59pm,16,16,12,Motor Vehicle In-Transport,6,Angle,1,Motor Vehicle In-Transport (Inside or Outside the Trafficway),0,No,41,Oregon,1,Driver (in this crash) was  Registered Owner,7,Dodge,482,7482,Dodge Ram Pickup,34,Light Pickup,2008,2008,1D7HU18N08S6,1D7HU18N08S6,1,D,7,H,U,1,8,N,0,8,S,6,0,No Trailing Units,0,Not an Articulated Vehicle,0,Not Applicable,000000000,Not Applicable,00000000000,Not Applicable,0,Not Applicable,0,Not Applicable,0,Not Applicable (N/A),1,No,0,Not Applicable,0,Not Applicable,0,Not Applicable,0,Not Applicable,0,Not a Bus,0,No Special Use,0,Not Applicable,998,Not Reported,0,No Underride or Override Noted,0,No Rollover,0,No Rollover,12,12 Clock Point,8,Not Reported,2,Towed Due to Disabling Damage,12,Motor Vehicle In-Transport,0,,0,,0,No or Not Reported,1,Yes,41,Oregon,97128,97128,6,Valid,1,Full Driver License,0,No (CDL),0,No Endorsements required for this vehicle,3,Valid license for this class vehicle,3,"Restrictions, Compliance Unknown",73,73,220,220 lbs.,0,,0,,0,,1,1,0,,4,April,2016,2016,4,April,2016,2016,0,No,0,,0,,0,,0,,1,"Two-Way, Not Divided",3,Three lanes,55,55 MPH,1,Straight,1,Level,2,"Blacktop, Bituminous, or Asphalt",1,Dry,0,No Controls,0,No Controls,1,Going Straight,66,"From crossing street, across path",99,Unknown/Not Reported,1,Tracking,1,Stayed in original travel lane,86,L86-Intersecting Paths-Straight Paths-Striking from the Right,0,0,No,777777777777,No Trailing Units,777777777777,No Trailing Units,777777777777,No Trailing Units
41,Oregon,410274,1,2,1,01,30,30,10,October,14,2:00pm-2:59pm,41,41,12,Motor Vehicle In-Transport,6,Angle,1,Motor Vehicle In-Transport (Inside or Outside the Trafficway),0,No,41,Oregon,1,Driver (in this crash) was  Registered Owner,20,Chevrolet,421,20421,Chevrolet Fullsize Blazer/Tahoe,15,"Large utility (ANSI D16.1 Utility Vehicle Categories and ""Full Size"" and ""Large"")",2007,2007,1GNFK13037J3,1GNFK13037J3,1,G,N,F,K,1,3,0,3,7,J,3,0,No Trailing Units,0,Not an Articulated Vehicle,0,Not Applicable,000000000,Not Applicable,00000000000,Not Applicable,0,Not Applicable,0,Not Applicable,0,Not Applicable (N/A),1,No,0,Not Applicable,0,Not Applicable,0,Not Applicable,0,Not Applicable,0,Not a Bus,0,No Special Use,0,Not Applicable,998,Not Reported,0,No Underride or Override Noted,0,No Rollover,0,No Rollover,12,12 Clock Point,6,Disabling Damage,2,Towed Due to Disabling Damage,12,Motor Vehicle In-Transport,0,,0,,0,No or Not Reported,1,Yes,41,Oregon,97478,97478,6,Valid,1,Full Driver License,0,No (CDL),0,No Endorsements required for this vehicle,3,Valid license for this class vehicle,3,"Restrictions, Compliance Unknown",71,71,230,230 lbs.,0,,0,,0,,0,,0,,0,No Record,0,No Record,0,No Record,0,No Record,0,No,39,"Failure to Obey Actual Traffic Sign,Traffic Control Devices or Traffic Officers;Failure to Obey Safety Zone Traffic Laws",0,,0,,0,,1,"Two-Way, Not Divided",3,Three lanes,35,35 MPH,1,Straight,1,Level,2,"Blacktop, Bituminous, or Asphalt",1,Dry,3,Traffic control signal(on colors) not known whether or not Pedestrian Signal,3,Device Functioning Properly,1,Going Straight,67,"From crossing street, turning into opposite direction",99,Unknown/Not Reported,1,Tracking,1,Stayed in original travel lane,83,K83-Trafficway Vehicle Turning-Turn Into Path-Turn Into Opposite Directions (Going Straight),0,0,No,777777777777,No Trailing Units,777777777777,No Trailing Units,777777777777,No Trailing Units
41,Oregon,410274,2,2,2,02,30,30,10,October,14,2:00pm-2:59pm,41,41,12,Motor Vehicle In-Transport,6,Angle,1,Motor Vehicle In-Transport (Inside or Outside the Trafficway),0,No,2,Alaska,4,Vehicle Registered as Rental Vehicle,49,Toyota,32,49032,Toyota Corolla,4,"4-door sedan, hardtop",2012,2012,2T1BU4EE9CC7,2T1BU4EE9CC7,2,T,1,B,U,4,E,E,9,C,C,7,0,No Trailing Units,0,Not an Articulated Vehicle,0,Not Applicable,000000000,Not Applicable,00000000000,Not Applicable,0,Not Applicable,0,Not Applicable,0,Not Applicable (N/A),1,No,0,Not Applicable,0,Not Applicable,0,Not Applicable,0,Not Applicable,0,Not a Bus,0,No Special Use,0,Not Applicable,998,Not Reported,0,No Underride or Override Noted,0,No Rollover,0,No Rollover,9,9 Clock Point,6,Disabling Damage,2,Towed Due to Disabling Damage,12,Motor Vehicle In-Transport,0,,0,,0,No or Not Reported,1,Yes,2,Alaska,99708,99708,6,Valid,1,Full Driver License,0,No (CDL),0,No Endorsements required for this vehicle,3,Valid license for this class vehicle,0,No Restrictions or Not Applicable,68,68,200,200 lbs.,0,,0,,0,,0,,0,,0,No Record,0,No Record,0,No Record,0,No Record,0,No,0,,0,,0,,0,,1,"Two-Way, Not Divided",3,Three lanes,35,35 MPH,1,Straight,1,Level,2,"Blacktop, Bituminous, or Asphalt",1,Dry,3,Traffic control signal(on colors) not known whether or not Pedestrian Signal,3,Device Functioning Properly,11,Turning Left,66,"From crossing street, across path",99,Unknown/Not Reported,1,Tracking,1,Stayed in original travel lane,82,K82-Trafficway Vehicle Turning-Turn Into Path-Turn Into Opposite Directions (Turning Left),1,0,No,777777777777,No Trailing Units,777777777777,No Trailing Units,777777777777,No Trailing Units
41,Oregon,410275,1,2,1,01,31,31,10,October,12,12:00pm-12:59pm,30,30,12,Motor Vehicle In-Transport,1,Front-to-Rear,1,Motor Vehicle In-Transport (Inside or Outside the Trafficway),0,No,41,Oregon,1,Driver (in this crash) was  Registered Owner,22,Pontiac,2,22002,Pontiac Bonneville/Catalina/ Parisienne,4,"4-door sedan, hardtop",1996,1996,1G2HX52K9T42,1G2HX52K9T42,1,G,2,H,X,5,2,K,9,T,4,2,0,No Trailing Units,0,Not an Articulated Vehicle,0,Not Applicable,000000000,Not Applicable,00000000000,Not Applicable,0,Not Applicable,0,Not Applicable,0,Not Applicable (N/A),1,No,0,Not Applicable,0,Not Applicable,0,Not Applicable,0,Not Applicable,0,Not a Bus,0,No Special Use,0,Not Applicable,998,Not Reported,0,No Underride or Override Noted,0,No Rollover,0,No Rollover,12,12 Clock Point,6,Disabling Damage,2,Towed Due to Disabling Damage,12,Motor Vehicle In-Transport,0,,0,,0,No or Not Reported,1,Yes,41,Oregon,97478,97478,6,Valid,1,Full Driver License,0,No (CDL),0,No Endorsements required for this vehicle,3,Valid license for this class vehicle,3,"Restrictions, Compliance Unknown",71,71,210,210 lbs.,0,,0,,0,,0,,0,,0,No Record,0,No Record,0,No Record,0,No Record,0,No,0,,0,,0,,0,,1,"Two-Way, Not Divided",5,Five lanes,35,35 MPH,1,Straight,1,Level,2,"Blacktop, Bituminous, or Asphalt",1,Dry,2,Traffic control signal (on colors) with Pedestrian Signal,3,Device Functioning Properly,1,Going Straight,50,Other vehicle stopped,99,Unknown/Not Reported,1,Tracking,1,Stayed in original travel lane,20,"D20-Same Trafficway, Same Direction-Rear End-Stopped",1,0,No,777777777777,No Trailing Units,777777777777,No Trailing Units,777777777777,No Trailing Units
41,Oregon,410275,2,2,4,04,31,31,10,October,12,12:00pm-12:59pm,30,30,12,Motor Vehicle In-Transport,1,Front-to-Rear,1,Motor Vehicle In-Transport (Inside or Outside the Trafficway),0,No,41,Oregon,2,Driver (in this crash) Not Registered Owner (Other Private Owner Listed),12,Ford,423,12423,Ford Excursion,16,"Utility station wagon (includes suburban limousines, Suburban, Travellall, Grand Wagoneer)",2001,2001,1FM5U41F71ED,1FM5U41F71ED,1,F,M,5,U,4,1,F,7,1,E,D,0,No Trailing Units,0,Not an Articulated Vehicle,0,Not Applicable,000000000,Not Applicable,00000000000,Not Applicable,0,Not Applicable,0,Not Applicable,0,Not Applicable (N/A),1,No,0,Not Applicable,0,Not Applicable,0,Not Applicable,0,Not Applicable,0,Not a Bus,0,No Special Use,0,Not Applicable,0,Stopped Motor Vehicle In- Transport,0,No Underride or Override Noted,0,No Rollover,0,No Rollover,6,6 Clock Point,6,Disabling Damage,2,Towed Due to Disabling Damage,12,Motor Vehicle In-Transport,0,,0,,0,No or Not Reported,1,Yes,41,Oregon,97478,97478,6,Valid,1,Full Driver License,0,No (CDL),0,No Endorsements required for this vehicle,3,Valid license for this class vehicle,0,No Restrictions or Not Applicable,66,66,117,117 lbs.,0,,0,,0,,0,,0,,0,No Record,0,No Record,0,No Record,0,No Record,0,No,0,,0,,0,,0,,1,"Two-Way, Not Divided",5,Five lanes,35,35 MPH,1,Straight,1,Level,2,"Blacktop, Bituminous, or Asphalt",1,Dry,2,Traffic control signal (on colors) with Pedestrian Signal,3,Device Functioning Properly,5,Stopped in Roadway,53,Traveling in same direction with higher speed,99,Unknown/Not Reported,1,Tracking,1,Stayed in original travel lane,21,"D21-Same Trafficway, Same Direction-Rear End-Stopped, Straight",0,0,No,777777777777,No Trailing Units,777777777777,No Trailing Units,777777777777,No Trailing Units
41,Oregon,410276,1,1,99,Unknown,30,30,10,October,7,7:00am-7:59am,29,29,8,Pedestrian,0,Not a Collision with Motor Vehicle In-Transport,1,Motor Vehicle In-Transport (Inside or Outside the Trafficway),1,Yes,99,Unknown,9,Unknown,99,Unknown Make,999,99999,"Unknown Make Unknown (as to automobile, motored cycle, light truck or truck)",99,Unknown body type,9999,Unknown,999999999999,Unknown,9,9,9,9,9,9,9,9,9,9,9,9,9,Unknown,0,Not an Articulated Vehicle,99,Unknown,999999999,Unknown,99999999999,Unknown,9,Unknown,99,Unknown,99,Unknown,1,No,0,Not Applicable,0,Not Applicable,0,Not Applicable,0,Not Applicable,99,Unknown,99,Unknown,9,Unknown,998,Not Reported,0,No Underride or Override Noted,0,No Rollover,0,No Rollover,12,12 Clock Point,9,Unknown,5,Not Towed,8,Pedestrian,0,,0,,0,No or Not Reported,1,Yes,99,Unknown,99999,Unknown,9,Unknown License Status,9,Unknown License Type,99,Unknown License Status,9,"Unknown, if required",9,Unknown,9,Unknown,999,Unknown,999,Unknown,99,Unknown,99,Unknown,99,Unknown,99,Unknown,99,Unknown,99,Unknown,9999,Unknown,99,Unknown,9999,Unknown,9,Unknown,99,Unknown,99,Unknown,99,Unknown,99,Unknown,1,"Two-Way, Not Divided",2,Two lanes,98,Not Reported,1,Straight,2,"Grade, Unknown Slope",2,"Blacktop, Bituminous, or Asphalt",1,Dry,0,No Controls,0,No Controls,99,Unknown,99,Unknown,99,Unknown/Not Reported,9,Precrash stability unknown,9,Unknown,13,C13-Single Driver-Forward Impact-Pedestrian/ Animal,0,0,No,777777777777,No Trailing Units,777777777777,No Trailing Units,777777777777,No Trailing Units
41,Oregon,410277,1,2,1,01,10,10,10,October,13,1:00pm-1:59pm,55,55,12,Motor Vehicle In-Transport,2,Front-to-Front,1,Motor Vehicle In-Transport (Inside or Outside the Trafficway),0,No,41,Oregon,1,Driver (in this crash) was  Registered Owner,72,Harley-Davidson,706,72706,Harley-Davidson 750cc or greater,80,Two Wheel Motorcycle (excluding motor scooters),2002,2002,1HD1BWB132Y0,1HD1BWB132Y0,1,H,D,1,B,W,B,1,3,2,Y,0,0,No Trailing Units,0,Not an Articulated Vehicle,0,Not Applicable,000000000,Not Applicable,00000000000,Not Applicable,0,Not Applicable,0,Not Applicable,0,Not Applicable (N/A),1,No,0,Not Applicable,0,Not Applicable,0,Not Applicable,0,Not Applicable,0,Not a Bus,0,No Special Use,0,Not Applicable,998,Not Reported,0,No Underride or Override Noted,0,No Rollover,0,No Rollover,12,12 Clock Point,8,Not Reported,2,Towed Due to Disabling Damage,12,Motor Vehicle In-Transport,0,,0,,0,No or Not Reported,1,Yes,41,Oregon,97396,97396,6,Valid,1,Full Driver License,0,No (CDL),0,No Endorsements required for this vehicle,3,Valid license for this class vehicle,3,"Restrictions, Compliance Unknown",69,69,290,290 lbs.,0,,0,,0,,0,,0,,0,No Record,0,No Record,0,No Record,0,No Record,9,Unknown,28,Improper Lane Usage,0,,0,,0,,1,"Two-Way, Not Divided",2,Two lanes,55,55 MPH,4,Curve - Unknown Direction,1,Level,1,Concrete,1,Dry,0,No Controls,0,No Controls,14,Negotiating a Curve,10,Over the lane line on left side of travel lane,99,Unknown/Not Reported,9,Precrash stability unknown,2,"Stayed on roadway, but left original travel lane",50,"G50-Same Trafficway, Opposite Direction-Head-On-Lateral Move (Left/Right)",1,0,No,777777777777,No Trailing Units,777777777777,No Trailing Units,777777777777,No Trailing Units
41,Oregon,410277,2,2,1,01,10,10,10,October,13,1:00pm-1:59pm,55,55,12,Motor Vehicle In-Transport,2,Front-to-Front,1,Motor Vehicle In-Transport (Inside or Outside the Trafficway),0,No,41,Oregon,1,Driver (in this crash) was  Registered Owner,49,Toyota,472,49472,Toyota Tacoma,34,Light Pickup,2009,2009,3TMLU42N69M0,3TMLU42N69M0,3,T,M,L,U,4,2,N,6,9,M,0,0,No Trailing Units,0,Not an Articulated Vehicle,0,Not Applicable,000000000,Not Applicable,00000000000,Not Applicable,0,Not Applicable,0,Not Applicable,0,Not Applicable (N/A),1,No,0,Not Applicable,0,Not Applicable,0,Not Applicable,0,Not Applicable,0,Not a Bus,0,No Special Use,0,Not Applicable,998,Not Reported,0,No Underride or Override Noted,0,No Rollover,0,No Rollover,12,12 Clock Point,8,Not Reported,2,Towed Due to Disabling Damage,12,Motor Vehicle In-Transport,0,,0,,0,No or Not Reported,1,Yes,6,California,97333,97333,6,Valid,1,Full Driver License,0,No (CDL),0,No Endorsements required for this vehicle,3,Valid license for this class vehicle,0,No Restrictions or Not Applicable,70,70,150,150 lbs.,0,,1,1,1,1,0,,0,,8,August,2013,2013,8,August,2013,2013,9,Unknown,0,,0,,0,,0,,1,"Two-Way, Not Divided",2,Two lanes,55,55 MPH,4,Curve - Unknown Direction,1,Level,1,Concrete,1,Dry,0,No Controls,0,No Controls,14,Negotiating a Curve,62,From opposite direction  over left lane line,99,Unknown/Not Reported,9,Precrash stability unknown,9,Unknown,51,"G51-Same Trafficway, Opposite Direction-Head-On-Lateral Move (Going Straight)",0,0,No,777777777777,No Trailing Units,777777777777,No Trailing Units,777777777777,No Trailing Units
41,Oregon,410278,1,1,1,01,26,26,10,October,16,4:00pm-4:59pm,43,43,9,Pedalcyclist,0,Not a Collision with Motor Vehicle In-Transport,1,Motor Vehicle In-Transport (Inside or Outside the Trafficway),0,No,41,Oregon,1,Driver (in this crash) was  Registered Owner,2,Jeep / Kaiser-Jeep / Willys- Jeep,405,2405,Jeep / Kaiser-Jeep / Willys- Jeep Liberty,14,"Compact Utility (Utility Vehicle Categories ""Small"" and ""Midsize"")",2003,2003,1J4GL58K53W6,1J4GL58K53W6,1,J,4,G,L,5,8,K,5,3,W,6,0,No Trailing Units,0,Not an Articulated Vehicle,0,Not Applicable,000000000,Not Applicable,00000000000,Not Applicable,0,Not Applicable,0,Not Applicable,0,Not Applicable (N/A),1,No,0,Not Applicable,0,Not Applicable,0,Not Applicable,0,Not Applicable,0,Not a Bus,0,No Special Use,0,Not Applicable,998,Not Reported,0,No Underride or Override Noted,0,No Rollover,0,No Rollover,12,12 Clock Point,2,Minor Damage,5,Not Towed,9,Pedalcyclist,0,,0,,0,No or Not Reported,1,Yes,41,Oregon,97222,97222,6,Valid,1,Full Driver License,0,No (CDL),0,No Endorsements required for this vehicle,3,Valid license for this class vehicle,0,No Restrictions or Not Applicable,69,69,155,155 lbs.,0,,0,,0,,0,,0,,0,No Record,0,No Record,0,No Record,0,No Record,9,Unknown,0,,0,,0,,0,,1,"Two-Way, Not Divided",2,Two lanes,25,25 MPH,1,Straight,1,Level,2,"Blacktop, Bituminous, or Asphalt",1,Dry,2,Traffic control signal (on colors) with Pedestrian Signal,3,Device Functioning Properly,1,Going Straight,83,Pedalcyclist or other non-motorist in road,99,Unknown/Not Reported,9,Precrash stability unknown,9,Unknown,13,C13-Single Driver-Forward Impact-Pedestrian/ Animal,0,0,No,777777777777,No Trailing Units,777777777777,No Trailing Units,777777777777,No Trailing Units
41,Oregon,410279,1,2,1,01,26,26,10,October,17,5:00pm-5:59pm,11,11,12,Motor Vehicle In-Transport,2,Front-to-Front,1,Motor Vehicle In-Transport (Inside or Outside the Trafficway),0,No,41,Oregon,2,Driver (in this crash) Not Registered Owner (Other Private Owner Listed),7,Dodge,482,7482,Dodge Ram Pickup,34,Light Pickup,2000,2000,3B7KF2360YG1,3B7KF2360YG1,3,B,7,K,F,2,3,6,0,Y,G,1,0,No Trailing Units,0,Not an Articulated Vehicle,0,Not Applicable,000000000,Not Applicable,00000000000,Not Applicable,0,Not Applicable,0,Not Applicable,0,Not Applicable (N/A),1,No,0,Not Applicable,0,Not Applicable,0,Not Applicable,0,Not Applicable,0,Not a Bus,0,No Special Use,0,Not Applicable,998,Not Reported,0,No Underride or Override Noted,0,No Rollover,0,No Rollover,12,12 Clock Point,6,Disabling Damage,2,Towed Due to Disabling Damage,12,Motor Vehicle In-Transport,0,,0,,0,No or Not Reported,1,Yes,41,Oregon,97801,97801,6,Valid,1,Full Driver License,0,No (CDL),0,No Endorsements required for this vehicle,3,Valid license for this class vehicle,0,No Restrictions or Not Applicable,71,71,195,195 lbs.,0,,0,,0,,0,,0,,0,No Record,0,No Record,0,No Record,0,No Record,4,"Yes, Too Fast for Conditions",6,Careless Driving,0,,0,,0,,1,"Two-Way, Not Divided",2,Two lanes,55,55 MPH,1,Straight,2,"Grade, Unknown Slope",2,"Blacktop, Bituminous, or Asphalt",1,Dry,0,No Controls,0,No Controls,1,Going Straight,6,Traveling too fast for conditions,99,Unknown/Not Reported,9,Precrash stability unknown,2,"Stayed on roadway, but left original travel lane",50,"G50-Same Trafficway, Opposite Direction-Head-On-Lateral Move (Left/Right)",0,0,No,777777777777,No Trailing Units,777777777777,No Trailing Units,777777777777,No Trailing Units
41,Oregon,410279,2,2,1,01,26,26,10,October,17,5:00pm-5:59pm,11,11,12,Motor Vehicle In-Transport,2,Front-to-Front,1,Motor Vehicle In-Transport (Inside or Outside the Trafficway),0,No,41,Oregon,1,Driver (in this crash) was  Registered Owner,20,Chevrolet,481,20481,"Chevrolet C, K, R, V-series pickup/Silverado",34,Light Pickup,2011,2011,1GCRKSE30BZ1,1GCRKSE30BZ1,1,G,C,R,K,S,E,3,0,B,Z,1,0,No Trailing Units,0,Not an Articulated Vehicle,0,Not Applicable,000000000,Not Applicable,00000000000,Not Applicable,0,Not Applicable,0,Not Applicable,0,Not Applicable (N/A),1,No,0,Not Applicable,0,Not Applicable,0,Not Applicable,0,Not Applicable,0,Not a Bus,0,No Special Use,0,Not Applicable,998,Not Reported,0,No Underride or Override Noted,0,No Rollover,0,No Rollover,12,12 Clock Point,6,Disabling Damage,2,Towed Due to Disabling Damage,12,Motor Vehicle In-Transport,0,,0,,0,No or Not Reported,1,Yes,41,Oregon,97868,97868,6,Valid,1,Full Driver License,0,No (CDL),0,No Endorsements required for this vehicle,3,Valid license for this class vehicle,0,No Restrictions or Not Applicable,68,68,250,250 lbs.,0,,0,,0,,1,1,0,,3,March,2016,2016,3,March,2016,2016,9,Unknown,0,,0,,0,,0,,1,"Two-Way, Not Divided",2,Two lanes,55,55 MPH,1,Straight,2,"Grade, Unknown Slope",2,"Blacktop, Bituminous, or Asphalt",1,Dry,0,No Controls,0,No Controls,1,Going Straight,62,From opposite direction  over left lane line,99,Unknown/Not Reported,9,Precrash stability unknown,1,Stayed in original travel lane,51,"G51-Same Trafficway, Opposite Direction-Head-On-Lateral Move (Going Straight)",1,0,No,777777777777,No Trailing Units,777777777777,No Trailing Units,777777777777,No Trailing Units
41,Oregon,410280,1,2,1,01,27,27,10,October,11,11:00am-11:59am,29,29,12,Motor Vehicle In-Transport,2,Front-to-Front,1,Motor Vehicle In-Transport (Inside or Outside the Trafficway),0,No,41,Oregon,1,Driver (in this crash) was  Registered Owner,59,Lexus,403,59403,Lexus RX330/350/400h/450h,14,"Compact Utility (Utility Vehicle Categories ""Small"" and ""Midsize"")",2014,2014,JTJBK1BA0E24,JTJBK1BA0E24,J,T,J,B,K,1,B,A,0,E,2,4,0,No Trailing Units,0,Not an Articulated Vehicle,0,Not Applicable,000000000,Not Applicable,00000000000,Not Applicable,0,Not Applicable,0,Not Applicable,0,Not Applicable (N/A),1,No,0,Not Applicable,0,Not Applicable,0,Not Applicable,0,Not Applicable,0,Not a Bus,0,No Special Use,0,Not Applicable,998,Not Reported,0,No Underride or Override Noted,0,No Rollover,0,No Rollover,12,12 Clock Point,6,Disabling Damage,2,Towed Due to Disabling Damage,12,Motor Vehicle In-Transport,0,,0,,0,No or Not Reported,1,Yes,41,Oregon,97366,97366,6,Valid,1,Full Driver License,0,No (CDL),0,No Endorsements required for this vehicle,3,Valid license for this class vehicle,0,No Restrictions or Not Applicable,999,Unknown,999,Unknown,99,Unknown,99,Unknown,99,Unknown,99,Unknown,99,Unknown,99,Unknown,9999,Unknown,99,Unknown,9999,Unknown,9,Unknown,28,Improper Lane Usage,0,,0,,0,,1,"Two-Way, Not Divided",2,Two lanes,98,Not Reported,1,Straight,1,Level,2,"Blacktop, Bituminous, or Asphalt",1,Dry,0,No Controls,0,No Controls,1,Going Straight,10,Over the lane line on left side of travel lane,99,Unknown/Not Reported,1,Tracking,2,"Stayed on roadway, but left original travel lane",50,"G50-Same Trafficway, Opposite Direction-Head-On-Lateral Move (Left/Right)",1,0,No,777777777777,No Trailing Units,777777777777,No Trailing Units,777777777777,No Trailing Units
41,Oregon,410280,2,2,1,01,27,27,10,October,11,11:00am-11:59am,29,29,12,Motor Vehicle In-Transport,2,Front-to-Front,1,Motor Vehicle In-Transport (Inside or Outside the Trafficway),0,No,41,Oregon,3,Vehicle Registered as Business/Company/Government Vehicle,89,White/Autocar White/GMC,890,89890,White/Autocar White/GMC Medium/Heavy - COE entry position unknown,63,"Single-unit straight truck or Cab-Chassis (GVWR > 26,000 lbs.)",2014,2014,5VCACDLE8EH2,5VCACDLE8EH2,5,V,C,A,C,D,L,E,8,E,H,2,0,No Trailing Units,0,Not an Articulated Vehicle,57,US DOT,0167398,0167398,570167398,570167398,3,"26,001 lbs. or more",1,"Single-Unit Truck (2- axle and GVWR more than 10,000 lbs)",7,Garbage/Refuse,1,No,0,Not Applicable,0,Not Applicable,0,Not Applicable,0,Not Applicable,0,Not a Bus,0,No Special Use,0,Not Applicable,0,Stopped Motor Vehicle In- Transport,0,No Underride or Override Noted,0,No Rollover,0,No Rollover,12,12 Clock Point,6,Disabling Damage,2,Towed Due to Disabling Damage,12,Motor Vehicle In-Transport,0,,0,,0,No or Not Reported,1,Yes,41,Oregon,97322,97322,6,Valid,1,Full Driver License,6,Valid,0,No Endorsements required for this vehicle,3,Valid license for this class vehicle,0,No Restrictions or Not Applicable,68,68,190,190 lbs.,0,,0,,0,,0,,0,,0,No Record,0,No Record,0,No Record,0,No Record,0,No,0,,0,,0,,0,,1,"Two-Way, Not Divided",2,Two lanes,98,Not Reported,1,Straight,1,Level,2,"Blacktop, Bituminous, or Asphalt",1,Dry,0,No Controls,0,No Controls,5,Stopped in Roadway,62,From opposite direction  over left lane line,1,No Avoidance Maneuver,1,Tracking,1,Stayed in original travel lane,51,"G51-Same Trafficway, Opposite Direction-Head-On-Lateral Move (Going Straight)",0,0,No,777777777777,No Trailing Units,777777777777,No Trailing Units,777777777777,No Trailing Units
41,Oregon,410281,1,2,4,04,11,11,10,October,11,11:00am-11:59am,16,16,12,Motor Vehicle In-Transport,6,Angle,1,Motor Vehicle In-Transport (Inside or Outside the Trafficway),0,No,41,Oregon,0,"Not Applicable, Vehicle Not Registered",7,Dodge,482,7482,Dodge Ram Pickup,34,Light Pickup,2009,2009,3D7KS28L09G5,3D7KS28L09G5,3,D,7,K,S,2,8,L,0,9,G,5,0,No Trailing Units,0,Not an Articulated Vehicle,0,Not Applicable,000000000,Not Applicable,00000000000,Not Applicable,0,Not Applicable,0,Not Applicable,0,Not Applicable (N/A),1,No,0,Not Applicable,0,Not Applicable,0,Not Applicable,0,Not Applicable,0,Not a Bus,0,No Special Use,0,Not Applicable,998,Not Reported,0,No Underride or Override Noted,0,No Rollover,0,No Rollover,98,Not Reported,8,Not Reported,2,Towed Due to Disabling Damage,12,Motor Vehicle In-Transport,0,,0,,0,No or Not Reported,1,Yes,41,Oregon,97230,97230,6,Valid,2,Intermediate Driver License,0,No (CDL),0,No Endorsements required for this vehicle,3,Valid license for this class vehicle,0,No Restrictions or Not Applicable,68,68,140,140 lbs.,0,,0,,0,,1,1,0,,10,October,2017,2017,10,October,2017,2017,4,"Yes, Too Fast for Conditions",0,,0,,0,,0,,5,"Two-Way, Not Divided With a Continuous Left-Turn Lane",5,Five lanes,40,40 MPH,4,Curve - Unknown Direction,1,Level,2,"Blacktop, Bituminous, or Asphalt",2,Wet,0,No Controls,0,No Controls,14,Negotiating a Curve,10,Over the lane line on left side of travel lane,99,Unknown/Not Reported,1,Tracking,2,"Stayed on roadway, but left original travel lane",64,"I64-Same Trafficway, Opposite Direction-Angle, Sideswipe-Lateral Move (Left/Right)",0,0,No,777777777777,No Trailing Units,777777777777,No Trailing Units,777777777777,No Trailing Units
41,Oregon,410281,2,2,2,02,11,11,10,October,11,11:00am-11:59am,16,16,12,Motor Vehicle In-Transport,6,Angle,1,Motor Vehicle In-Transport (Inside or Outside the Trafficway),0,No,41,Oregon,2,Driver (in this crash) Not Registered Owner (Other Private Owner Listed),49,Toyota,43,49043,Toyota Avalon,4,"4-door sedan, hardtop",2000,2000,4T1BF28B1YU0,4T1BF28B1YU0,4,T,1,B,F,2,8,B,1,Y,U,0,0,No Trailing Units,0,Not an Articulated Vehicle,0,Not Applicable,000000000,Not Applicable,00000000000,Not Applicable,0,Not Applicable,0,Not Applicable,0,Not Applicable (N/A),1,No,0,Not Applicable,0,Not Applicable,0,Not Applicable,0,Not Applicable,98,Not Reported,98,Not Reported,8,Not Reported,998,Not Reported,0,No Underride or Override Noted,0,No Rollover,0,No Rollover,98,Not Reported,8,Not Reported,2,Towed Due to Disabling Damage,12,Motor Vehicle In-Transport,0,,0,,0,No or Not Reported,1,Yes,41,Oregon,97236,97236,6,Valid,1,Full Driver License,0,No (CDL),0,No Endorsements required for this vehicle,3,Valid license for this class vehicle,3,"Restrictions, Compliance Unknown",70,70,195,195 lbs.,0,,0,,0,,0,,1,1,10,October,2017,2017,10,October,2017,2017,0,No,0,,0,,0,,0,,5,"Two-Way, Not Divided With a Continuous Left-Turn Lane",5,Five lanes,40,40 MPH,4,Curve - Unknown Direction,1,Level,2,"Blacktop, Bituminous, or Asphalt",2,Wet,0,No Controls,0,No Controls,14,Negotiating a Curve,62,From opposite direction  over left lane line,99,Unknown/Not Reported,9,Precrash stability unknown,1,Stayed in original travel lane,65,"I65-Same Trafficway, Opposite Direction-Angle, Sideswipe-Lateral Move (Going Straight)",1,0,No,777777777777,No Trailing Units,777777777777,No Trailing Units,777777777777,No Trailing Units
41,Oregon,410282,1,1,2,02,16,16,10,October,14,2:00pm-2:59pm,57,57,30,Utility Pole/Light Support,0,Not a Collision with Motor Vehicle In-Transport,1,Motor Vehicle In-Transport (Inside or Outside the Trafficway),0,No,41,Oregon,2,Driver (in this crash) Not Registered Owner (Other Private Owner Listed),37,Honda,31,37031,"Honda Civic/CRX, del Sol",2,"2-door sedan,hardtop,coupe",2004,2004,1HGEM22524L0,1HGEM22524L0,1,H,G,E,M,2,2,5,2,4,L,0,0,No Trailing Units,0,Not an Articulated Vehicle,0,Not Applicable,000000000,Not Applicable,00000000000,Not Applicable,0,Not Applicable,0,Not Applicable,0,Not Applicable (N/A),1,No,0,Not Applicable,0,Not Applicable,0,Not Applicable,0,Not Applicable,0,Not a Bus,0,No Special Use,0,Not Applicable,998,Not Reported,0,No Underride or Override Noted,1,"Rollover, Tripped by Object/Vehicle",5,On Roadside,12,12 Clock Point,6,Disabling Damage,2,Towed Due to Disabling Damage,30,Utility Pole/Light Support,0,,0,,0,No or Not Reported,1,Yes,41,Oregon,97202,97202,6,Valid,1,Full Driver License,0,No (CDL),0,No Endorsements required for this vehicle,3,Valid license for this class vehicle,0,No Restrictions or Not Applicable,67,67,150,150 lbs.,0,,2,2,0,,0,,0,,12,December,2016,2016,1,January,2017,2017,4,"Yes, Too Fast for Conditions",99,Unknown,99,Unknown,99,Unknown,99,Unknown,1,"Two-Way, Not Divided",2,Two lanes,55,55 MPH,1,Straight,2,"Grade, Unknown Slope",2,"Blacktop, Bituminous, or Asphalt",1,Dry,0,No Controls,0,No Controls,1,Going Straight,6,Traveling too fast for conditions,99,Unknown/Not Reported,1,Tracking,4,Departed roadway,6,B6-Single Driver-Left Roadside Departure-Drive Off Road,2,1,Yes,777777777777,No Trailing Units,777777777777,No Trailing Units,777777777777,No Trailing Units
41,Oregon,410283,1,1,2,02,10,10,10,October,21,9:00pm-9:59pm,56,56,1,Rollover/Overturn,0,Not a Collision with Motor Vehicle In-Transport,1,Motor Vehicle In-Transport (Inside or Outside the Trafficway),0,No,41,Oregon,2,Driver (in this crash) Not Registered Owner (Other Private Owner Listed),49,Toyota,46,49046,Toyota Prius *,5,5-door/4-door hatchback,2008,2008,JTDKB20U6833,JTDKB20U6833,J,T,D,K,B,2,0,U,6,8,3,3,0,No Trailing Units,0,Not an Articulated Vehicle,0,Not Applicable,000000000,Not Applicable,00000000000,Not Applicable,0,Not Applicable,0,Not Applicable,0,Not Applicable (N/A),1,No,0,Not Applicable,0,Not Applicable,0,Not Applicable,0,Not Applicable,0,Not a Bus,0,No Special Use,0,Not Applicable,998,Not Reported,0,No Underride or Override Noted,1,"Rollover, Tripped by Object/Vehicle",5,On Roadside,0,Non-Collision,6,Disabling Damage,2,Towed Due to Disabling Damage,1,Rollover/Overturn,0,,0,,0,No or Not Reported,1,Yes,6,California,99999,Unknown,9,Unknown License Status,9,Unknown License Type,99,Unknown License Status,9,"Unknown, if required",9,Unknown,9,Unknown,73,73,160,160 lbs.,99,Unknown,99,Unknown,99,Unknown,99,Unknown,99,Unknown,99,Unknown,9999,Unknown,99,Unknown,9999,Unknown,9,Unknown,99,Unknown,99,Unknown,99,Unknown,99,Unknown,1,"Two-Way, Not Divided",2,Two lanes,35,35 MPH,3,Curve Left,2,"Grade, Unknown Slope",2,"Blacktop, Bituminous, or Asphalt",98,Not Reported,0,No Controls,0,No Controls,14,Negotiating a Curve,9,Unknown cause of control loss,99,Unknown/Not Reported,1,Tracking,4,Departed roadway,1,A1-Single Driver-Right Roadside Departure-Drive Off Road,1,1,Yes,777777777777,No Trailing Units,777777777777,No Trailing Units,777777777777,No Trailing Units
41,Oregon,410284,1,1,1,01,4,4,11,November,19,7:00pm-7:59pm,42,42,8,Pedestrian,0,Not a Collision with Motor Vehicle In-Transport,1,Motor Vehicle In-Transport (Inside or Outside the Trafficway),0,No,41,Oregon,1,Driver (in this crash) was  Registered Owner,23,GMC,481,23481,"GMC C, K, R, V-series pickup/     Sierra",34,Light Pickup,2005,2005,1GTHK29U55E1,1GTHK29U55E1,1,G,T,H,K,2,9,U,5,5,E,1,0,No Trailing Units,0,Not an Articulated Vehicle,0,Not Applicable,000000000,Not Applicable,00000000000,Not Applicable,0,Not Applicable,0,Not Applicable,0,Not Applicable (N/A),1,No,0,Not Applicable,0,Not Applicable,0,Not Applicable,0,Not Applicable,0,Not a Bus,0,No Special Use,0,Not Applicable,998,Not Reported,0,No Underride or Override Noted,0,No Rollover,0,No Rollover,12,12 Clock Point,2,Minor Damage,5,Not Towed,8,Pedestrian,0,,0,,0,No or Not Reported,1,Yes,41,Oregon,97223,97223,6,Valid,1,Full Driver License,0,No (CDL),0,No Endorsements required for this vehicle,3,Valid license for this class vehicle,0,No Restrictions or Not Applicable,72,72,230,230 lbs.,0,,0,,0,,0,,0,,0,No Record,0,No Record,0,No Record,0,No Record,9,Unknown,0,,0,,0,,0,,1,"Two-Way, Not Divided",4,Four lanes,45,45 MPH,1,Straight,1,Level,2,"Blacktop, Bituminous, or Asphalt",2,Wet,2,Traffic control signal (on colors) with Pedestrian Signal,3,Device Functioning Properly,1,Going Straight,80,Pedestrian in road,9,Braking and steering right,9,Precrash stability unknown,1,Stayed in original travel lane,13,C13-Single Driver-Forward Impact-Pedestrian/ Animal,0,0,No,777777777777,No Trailing Units,777777777777,No Trailing Units,777777777777,No Trailing Units
41,Oregon,410285,1,2,1,01,4,4,11,November,21,9:00pm-9:59pm,4,4,12,Motor Vehicle In-Transport,6,Angle,1,Motor Vehicle In-Transport (Inside or Outside the Trafficway),0,No,41,Oregon,1,Driver (in this crash) was  Registered Owner,63,KIA,34,63034,KIA Optima,4,"4-door sedan, hardtop",2016,2016,KNAGT4L39G50,KNAGT4L39G50,K,N,A,G,T,4,L,3,9,G,5,0,0,No Trailing Units,0,Not an Articulated Vehicle,0,Not Applicable,000000000,Not Applicable,00000000000,Not Applicable,0,Not Applicable,0,Not Applicable,0,Not Applicable (N/A),1,No,0,Not Applicable,0,Not Applicable,0,Not Applicable,0,Not Applicable,0,Not a Bus,0,No Special Use,0,Not Applicable,998,Not Reported,0,No Underride or Override Noted,0,No Rollover,0,No Rollover,61,Left,6,Disabling Damage,2,Towed Due to Disabling Damage,12,Motor Vehicle In-Transport,0,,0,,0,No or Not Reported,1,Yes,41,Oregon,97303,97303,6,Valid,1,Full Driver License,0,No (CDL),0,No Endorsements required for this vehicle,3,Valid license for this class vehicle,3,"Restrictions, Compliance Unknown",73,73,190,190 lbs.,0,,0,,0,,0,,0,,0,No Record,0,No Record,0,No Record,0,No Record,4,"Yes, Too Fast for Conditions",38,Failure to Yield Right-of-Way,0,,0,,0,,1,"Two-Way, Not Divided",2,Two lanes,35,35 MPH,1,Straight,2,"Grade, Unknown Slope",2,"Blacktop, Bituminous, or Asphalt",2,Wet,2,Traffic control signal (on colors) with Pedestrian Signal,3,Device Functioning Properly,1,Going Straight,17,Crossing over (passing through) Junction,99,Unknown/Not Reported,9,Precrash stability unknown,3,"Stayed on roadway, not known if left original travel lane",91,L91-Intersecting Paths-Straight Paths-Specifics Unknown,1,0,No,777777777777,No Trailing Units,777777777777,No Trailing Units,777777777777,No Trailing Units
41,Oregon,410285,2,2,2,02,4,4,11,November,21,9:00pm-9:59pm,4,4,12,Motor Vehicle In-Transport,6,Angle,1,Motor Vehicle In-Transport (Inside or Outside the Trafficway),0,No,41,Oregon,2,Driver (in this crash) Not Registered Owner (Other Private Owner Listed),12,Ford,481,12481,Ford F-Series pickup,34,Light Pickup,2012,2012,1FTFW1EF9CKE,1FTFW1EF9CKE,1,F,T,F,W,1,E,F,9,C,K,E,0,No Trailing Units,0,Not an Articulated Vehicle,0,Not Applicable,000000000,Not Applicable,00000000000,Not Applicable,0,Not Applicable,0,Not Applicable,0,Not Applicable (N/A),1,No,0,Not Applicable,0,Not Applicable,0,Not Applicable,0,Not Applicable,0,Not a Bus,0,No Special Use,0,Not Applicable,998,Not Reported,0,No Underride or Override Noted,1,"Rollover, Tripped by Object/Vehicle",1,On Roadway,98,Not Reported,6,Disabling Damage,2,Towed Due to Disabling Damage,12,Motor Vehicle In-Transport,0,,0,,0,No or Not Reported,1,Yes,41,Oregon,97048,97048,6,Valid,1,Full Driver License,0,No (CDL),0,No Endorsements required for this vehicle,3,Valid license for this class vehicle,3,"Restrictions, Compliance Unknown",72,72,172,172 lbs.,0,,0,,0,,0,,0,,0,No Record,0,No Record,0,No Record,0,No Record,0,No,0,,0,,0,,0,,1,"Two-Way, Not Divided",4,Four lanes,35,35 MPH,4,Curve - Unknown Direction,2,"Grade, Unknown Slope",2,"Blacktop, Bituminous, or Asphalt",2,Wet,2,Traffic control signal (on colors) with Pedestrian Signal,3,Device Functioning Properly,14,Negotiating a Curve,66,"From crossing street, across path",1,No Avoidance Maneuver,9,Precrash stability unknown,3,"Stayed on roadway, not known if left original travel lane",91,L91-Intersecting Paths-Straight Paths-Specifics Unknown,0,0,No,777777777777,No Trailing Units,777777777777,No Trailing Units,777777777777,No Trailing Units
41,Oregon,410286,1,1,1,01,8,8,11,November,1,1:00am-1:59am,14,14,8,Pedestrian,0,Not a Collision with Motor Vehicle In-Transport,1,Motor Vehicle In-Transport (Inside or Outside the Trafficway),0,No,53,Washington,1,Driver (in this crash) was  Registered Owner,49,Toyota,32,49032,Toyota Corolla,4,"4-door sedan, hardtop",2009,2009,JTDBL40EX990,JTDBL40EX990,J,T,D,B,L,4,0,E,X,9,9,0,0,No Trailing Units,0,Not an Articulated Vehicle,0,Not Applicable,000000000,Not Applicable,00000000000,Not Applicable,0,Not Applicable,0,Not Applicable,0,Not Applicable (N/A),1,No,0,Not Applicable,0,Not Applicable,0,Not Applicable,0,Not Applicable,0,Not a Bus,0,No Special Use,0,Not Applicable,998,Not Reported,0,No Underride or Override Noted,0,No Rollover,0,No Rollover,98,Not Reported,8,Not Reported,5,Not Towed,8,Pedestrian,0,,0,,0,No or Not Reported,1,Yes,53,Washington,98671,98671,6,Valid,1,Full Driver License,0,No (CDL),0,No Endorsements required for this vehicle,3,Valid license for this class vehicle,0,No Restrictions or Not Applicable,65,65,220,220 lbs.,0,,0,,0,,0,,0,,0,No Record,0,No Record,0,No Record,0,No Record,0,No,0,,0,,0,,0,,3,"Two-Way,  Divided, Positive  Median Barrier",3,Three lanes,55,55 MPH,1,Straight,1,Level,2,"Blacktop, Bituminous, or Asphalt",1,Dry,0,No Controls,0,No Controls,15,Changing Lanes,80,Pedestrian in road,99,Unknown/Not Reported,9,Precrash stability unknown,2,"Stayed on roadway, but left original travel lane",13,C13-Single Driver-Forward Impact-Pedestrian/ Animal,0,0,No,777777777777,No Trailing Units,777777777777,No Trailing Units,777777777777,No Trailing Units
41,Oregon,410287,1,1,99,Unknown,26,26,11,November,21,9:00pm-9:59pm,56,56,8,Pedestrian,0,Not a Collision with Motor Vehicle In-Transport,1,Motor Vehicle In-Transport (Inside or Outside the Trafficway),1,Yes,99,Unknown,9,Unknown,99,Unknown Make,999,99999,"Unknown Make Unknown (as to automobile, motored cycle, light truck or truck)",99,Unknown body type,9999,Unknown,999999999999,Unknown,9,9,9,9,9,9,9,9,9,9,9,9,0,No Trailing Units,0,Not an Articulated Vehicle,0,Not Applicable,000000000,Not Applicable,00000000000,Not Applicable,0,Not Applicable,0,Not Applicable,0,Not Applicable (N/A),1,No,0,Not Applicable,0,Not Applicable,0,Not Applicable,0,Not Applicable,0,Not a Bus,0,No Special Use,0,Not Applicable,998,Not Reported,0,No Underride or Override Noted,0,No Rollover,0,No Rollover,98,Not Reported,8,Not Reported,5,Not Towed,8,Pedestrian,0,,0,,0,No or Not Reported,1,Yes,99,Unknown,99999,Unknown,9,Unknown License Status,9,Unknown License Type,99,Unknown License Status,0,No Endorsements required for this vehicle,9,Unknown,9,Unknown,999,Unknown,999,Unknown,99,Unknown,99,Unknown,99,Unknown,99,Unknown,99,Unknown,99,Unknown,9999,Unknown,99,Unknown,9999,Unknown,4,"Yes, Too Fast for Conditions",0,,0,,0,,0,,1,"Two-Way, Not Divided",2,Two lanes,35,35 MPH,1,Straight,1,Level,2,"Blacktop, Bituminous, or Asphalt",2,Wet,0,No Controls,0,No Controls,1,Going Straight,80,Pedestrian in road,99,Unknown/Not Reported,9,Precrash stability unknown,3,"Stayed on roadway, not known if left original travel lane",13,C13-Single Driver-Forward Impact-Pedestrian/ Animal,0,0,No,777777777777,No Trailing Units,777777777777,No Trailing Units,777777777777,No Trailing Units
41,Oregon,410288,1,1,1,01,4,4,11,November,15,3:00pm-3:59pm,3,3,9,Pedalcyclist,0,Not a Collision with Motor Vehicle In-Transport,1,Motor Vehicle In-Transport (Inside or Outside the Trafficway),0,No,41,Oregon,1,Driver (in this crash) was  Registered Owner,63,KIA,34,63034,KIA Optima,4,"4-door sedan, hardtop",2015,2015,5XXGM4A79FG4,5XXGM4A79FG4,5,X,X,G,M,4,A,7,9,F,G,4,0,No Trailing Units,0,Not an Articulated Vehicle,0,Not Applicable,000000000,Not Applicable,00000000000,Not Applicable,0,Not Applicable,0,Not Applicable,0,Not Applicable (N/A),1,No,0,Not Applicable,0,Not Applicable,0,Not Applicable,0,Not Applicable,0,Not a Bus,0,No Special Use,0,Not Applicable,998,Not Reported,0,No Underride or Override Noted,0,No Rollover,0,No Rollover,1,1 Clock Point,2,Minor Damage,5,Not Towed,9,Pedalcyclist,0,,0,,0,No or Not Reported,1,Yes,41,Oregon,97301,97301,6,Valid,1,Full Driver License,0,No (CDL),0,No Endorsements required for this vehicle,3,Valid license for this class vehicle,3,"Restrictions, Compliance Unknown",68,68,160,160 lbs.,0,,0,,0,,0,,1,1,6,June,2017,2017,6,June,2017,2017,0,No,0,,0,,0,,0,,1,"Two-Way, Not Divided",2,Two lanes,25,25 MPH,1,Straight,1,Level,2,"Blacktop, Bituminous, or Asphalt",2,Wet,20,Stop Sign,3,Device Functioning Properly,1,Going Straight,83,Pedalcyclist or other non-motorist in road,99,Unknown/Not Reported,1,Tracking,1,Stayed in original travel lane,13,C13-Single Driver-Forward Impact-Pedestrian/ Animal,0,0,No,777777777777,No Trailing Units,777777777777,No Trailing Units,777777777777,No Trailing Units
41,Oregon,410289,1,1,1,01,7,7,11,November,3,3:00am-3:59am,36,36,38,Fence,0,Not a Collision with Motor Vehicle In-Transport,1,Motor Vehicle In-Transport (Inside or Outside the Trafficway),0,No,41,Oregon,1,Driver (in this crash) was  Registered Owner,12,Ford,401,12401,Ford Bronco (thru 1977)/Bronco II/Explorer/Explorer Sport,14,"Compact Utility (Utility Vehicle Categories ""Small"" and ""Midsize"")",1997,1997,1FMDU34EXVUC,1FMDU34EXVUC,1,F,M,D,U,3,4,E,X,V,U,C,0,No Trailing Units,0,Not an Articulated Vehicle,0,Not Applicable,000000000,Not Applicable,00000000000,Not Applicable,0,Not Applicable,0,Not Applicable,0,Not Applicable (N/A),1,No,0,Not Applicable,0,Not Applicable,0,Not Applicable,0,Not Applicable,0,Not a Bus,0,No Special Use,0,Not Applicable,998,Not Reported,0,No Underride or Override Noted,1,"Rollover, Tripped by Object/Vehicle",1,On Roadway,99,Unknown,6,Disabling Damage,2,Towed Due to Disabling Damage,1,Rollover/Overturn,0,,0,,0,No or Not Reported,1,Yes,41,Oregon,97042,97042,6,Valid,1,Full Driver License,0,No (CDL),9,"Unknown, if required",3,Valid license for this class vehicle,0,No Restrictions or Not Applicable,74,74,205,205 lbs.,0,,1,1,0,,0,,0,,10,October,2015,2015,10,October,2015,2015,5,"Yes, Specifics Unknown",99,Unknown,99,Unknown,99,Unknown,99,Unknown,1,"Two-Way, Not Divided",2,Two lanes,45,45 MPH,1,Straight,1,Level,2,"Blacktop, Bituminous, or Asphalt",1,Dry,0,No Controls,0,No Controls,1,Going Straight,19,Unknown travel direction,99,Unknown/Not Reported,1,Tracking,4,Departed roadway,6,B6-Single Driver-Left Roadside Departure-Drive Off Road,1,1,Yes,777777777777,No Trailing Units,777777777777,No Trailing Units,777777777777,No Trailing Units
41,Oregon,410290,1,2,2,02,10,10,11,November,12,12:00pm-12:59pm,23,23,12,Motor Vehicle In-Transport,6,Angle,1,Motor Vehicle In-Transport (Inside or Outside the Trafficway),0,No,53,Washington,2,Driver (in this crash) Not Registered Owner (Other Private Owner Listed),35,Datsun/Nissan,47,35047,Datsun/Nissan Altima,4,"4-door sedan, hardtop",2008,2008,1N4AL21E68N5,1N4AL21E68N5,1,N,4,A,L,2,1,E,6,8,N,5,0,No Trailing Units,0,Not an Articulated Vehicle,0,Not Applicable,000000000,Not Applicable,00000000000,Not Applicable,0,Not Applicable,0,Not Applicable,0,Not Applicable (N/A),1,No,0,Not Applicable,0,Not Applicable,0,Not Applicable,0,Not Applicable,0,Not a Bus,0,No Special Use,0,Not Applicable,998,Not Reported,0,No Underride or Override Noted,0,No Rollover,0,No Rollover,1,1 Clock Point,6,Disabling Damage,2,Towed Due to Disabling Damage,12,Motor Vehicle In-Transport,0,,0,,0,No or Not Reported,1,Yes,53,Washington,98632,98632,6,Valid,1,Full Driver License,0,No (CDL),0,No Endorsements required for this vehicle,3,Valid license for this class vehicle,0,No Restrictions or Not Applicable,57,57,94,94 lbs.,2,2,0,,0,,4,4,0,,5,May,2016,2016,9,September,2017,2017,0,No,38,Failure to Yield Right-of-Way,0,,0,,0,,1,"Two-Way, Not Divided",2,Two lanes,50,50 MPH,1,Straight,2,"Grade, Unknown Slope",2,"Blacktop, Bituminous, or Asphalt",1,Dry,0,No Controls,0,No Controls,11,Turning Left,54,Traveling in opposite direction,99,Unknown/Not Reported,1,Tracking,2,"Stayed on roadway, but left original travel lane",68,J68-Trafficway Vehicle Turning-Turn Across Path-Initial Opposite Directions (Left/Right),1,0,No,777777777777,No Trailing Units,777777777777,No Trailing Units,777777777777,No Trailing Units
41,Oregon,410290,2,2,1,01,10,10,11,November,12,12:00pm-12:59pm,23,23,12,Motor Vehicle In-Transport,6,Angle,1,Motor Vehicle In-Transport (Inside or Outside the Trafficway),0,No,41,Oregon,3,Vehicle Registered as Business/Company/Government Vehicle,85,Kenworth,881,85881,Kenworth Medium/Heavy - CBE,66,"Truck-tractor (Cab only, or with any number of trailing unit; any weight)",2017,2017,1NKZX4EX0HJ1,1NKZX4EX0HJ1,1,N,K,Z,X,4,E,X,0,H,J,1,1,One Trailing Unit,1,No,57,US DOT,00767842,00767842,5700767842,5700767842,3,"26,001 lbs. or more",6,Truck Tractor/Semi-Trailer,1,Van/Enclosed Box,1,No,0,Not Applicable,0,Not Applicable,0,Not Applicable,0,Not Applicable,0,Not a Bus,0,No Special Use,0,Not Applicable,998,Not Reported,0,No Underride or Override Noted,0,No Rollover,0,No Rollover,1,1 Clock Point,9,Unknown,2,Towed Due to Disabling Damage,12,Motor Vehicle In-Transport,0,,0,,0,No or Not Reported,1,Yes,41,Oregon,97038,97038,6,Valid,1,Full Driver License,6,Valid,0,No Endorsements required for this vehicle,3,Valid license for this class vehicle,0,No Restrictions or Not Applicable,69,69,150,150 lbs.,0,,0,,0,,0,,3,3,6,June,2013,2013,3,March,2014,2014,0,No,0,,0,,0,,0,,1,"Two-Way, Not Divided",2,Two lanes,50,50 MPH,1,Straight,2,"Grade, Unknown Slope",2,"Blacktop, Bituminous, or Asphalt",1,Dry,0,No Controls,0,No Controls,1,Going Straight,62,From opposite direction  over left lane line,99,Unknown/Not Reported,1,Tracking,1,Stayed in original travel lane,69,J69-Trafficway Vehicle Turning-Turn Across Path-Initial Opposite Directions (Going Straight),0,0,No,888888888888,Not Reported,777777777777,No Trailing Units,777777777777,No Trailing Units
41,Oregon,410291,1,2,1,01,10,10,11,November,17,5:00pm-5:59pm,33,33,12,Motor Vehicle In-Transport,2,Front-to-Front,1,Motor Vehicle In-Transport (Inside or Outside the Trafficway),0,No,41,Oregon,1,Driver (in this crash) was  Registered Owner,7,Dodge,482,7482,Dodge Ram Pickup,34,Light Pickup,2009,2009,3D3KS28L99G5,3D3KS28L99G5,3,D,3,K,S,2,8,L,9,9,G,5,0,No Trailing Units,0,Not an Articulated Vehicle,0,Not Applicable,000000000,Not Applicable,00000000000,Not Applicable,0,Not Applicable,0,Not Applicable,0,Not Applicable (N/A),1,No,0,Not Applicable,0,Not Applicable,0,Not Applicable,0,Not Applicable,0,Not a Bus,0,No Special Use,0,Not Applicable,998,Not Reported,0,No Underride or Override Noted,0,No Rollover,0,No Rollover,12,12 Clock Point,6,Disabling Damage,2,Towed Due to Disabling Damage,12,Motor Vehicle In-Transport,0,,0,,0,No or Not Reported,1,Yes,41,Oregon,97624,97624,6,Valid,1,Full Driver License,0,No (CDL),0,No Endorsements required for this vehicle,3,Valid license for this class vehicle,1,Restrictions Complied With,70,70,155,155 lbs.,1,1,0,,0,,1,1,0,,8,August,2017,2017,10,October,2017,2017,0,No,28,Improper Lane Usage,0,,0,,0,,1,"Two-Way, Not Divided",2,Two lanes,65,65 MPH,1,Straight,1,Level,2,"Blacktop, Bituminous, or Asphalt",1,Dry,0,No Controls,0,No Controls,1,Going Straight,54,Traveling in opposite direction,99,Unknown/Not Reported,1,Tracking,2,"Stayed on roadway, but left original travel lane",50,"G50-Same Trafficway, Opposite Direction-Head-On-Lateral Move (Left/Right)",0,1,Yes,777777777777,No Trailing Units,777777777777,No Trailing Units,777777777777,No Trailing Units
41,Oregon,410291,2,2,2,02,10,10,11,November,17,5:00pm-5:59pm,33,33,12,Motor Vehicle In-Transport,2,Front-to-Front,1,Motor Vehicle In-Transport (Inside or Outside the Trafficway),0,No,41,Oregon,1,Driver (in this crash) was  Registered Owner,12,Ford,441,12441,Ford Aerostar,20,"Minivan (Chrysler Town and Country, Caravan, Grand Caravan, Voyager, Voyager, Honda-Odyssey, ...)",1996,1996,1FMDA41X9TZB,1FMDA41X9TZB,1,F,M,D,A,4,1,X,9,T,Z,B,0,No Trailing Units,0,Not an Articulated Vehicle,0,Not Applicable,000000000,Not Applicable,00000000000,Not Applicable,0,Not Applicable,0,Not Applicable,0,Not Applicable (N/A),1,No,0,Not Applicable,0,Not Applicable,0,Not Applicable,0,Not Applicable,0,Not a Bus,0,No Special Use,0,Not Applicable,998,Not Reported,0,No Underride or Override Noted,0,No Rollover,0,No Rollover,12,12 Clock Point,6,Disabling Damage,2,Towed Due to Disabling Damage,12,Motor Vehicle In-Transport,0,,0,,0,No or Not Reported,1,Yes,41,Oregon,97603,97603,6,Valid,1,Full Driver License,0,No (CDL),0,No Endorsements required for this vehicle,3,Valid license for this class vehicle,0,No Restrictions or Not Applicable,67,67,200,200 lbs.,0,,0,,0,,0,,0,,0,No Record,0,No Record,0,No Record,0,No Record,0,No,0,,0,,0,,0,,1,"Two-Way, Not Divided",2,Two lanes,65,65 MPH,1,Straight,1,Level,2,"Blacktop, Bituminous, or Asphalt",1,Dry,0,No Controls,0,No Controls,1,Going Straight,54,Traveling in opposite direction,99,Unknown/Not Reported,1,Tracking,1,Stayed in original travel lane,51,"G51-Same Trafficway, Opposite Direction-Head-On-Lateral Move (Going Straight)",1,0,No,777777777777,No Trailing Units,777777777777,No Trailing Units,777777777777,No Trailing Units
41,Oregon,410292,1,1,2,02,11,11,11,November,13,1:00pm-1:59pm,50,50,31,"Post, Pole or Other Supports",0,Not a Collision with Motor Vehicle In-Transport,1,Motor Vehicle In-Transport (Inside or Outside the Trafficway),0,No,41,Oregon,1,Driver (in this crash) was  Registered Owner,12,Ford,401,12401,Ford Bronco (thru 1977)/Bronco II/Explorer/Explorer Sport,14,"Compact Utility (Utility Vehicle Categories ""Small"" and ""Midsize"")",1989,1989,1FMEU15N1KLA,1FMEU15N1KLA,1,F,M,E,U,1,5,N,1,K,L,A,0,No Trailing Units,0,Not an Articulated Vehicle,0,Not Applicable,000000000,Not Applicable,00000000000,Not Applicable,0,Not Applicable,0,Not Applicable,0,Not Applicable (N/A),1,No,0,Not Applicable,0,Not Applicable,0,Not Applicable,0,Not Applicable,0,Not a Bus,0,No Special Use,0,Not Applicable,998,Not Reported,0,No Underride or Override Noted,0,No Rollover,0,No Rollover,12,12 Clock Point,6,Disabling Damage,2,Towed Due to Disabling Damage,42,Tree (Standing Only),0,,0,,0,No or Not Reported,1,Yes,41,Oregon,97103,97103,6,Valid,1,Full Driver License,0,No (CDL),0,No Endorsements required for this vehicle,3,Valid license for this class vehicle,0,No Restrictions or Not Applicable,68,68,260,260 lbs.,2,2,0,,0,,0,,0,,12,December,2012,2012,5,May,2017,2017,9,Unknown,36,"Operating the Vehicle in an Erratic, Reckless or Negligent Manner.",0,,0,,0,,1,"Two-Way, Not Divided",2,Two lanes,45,45 MPH,4,Curve - Unknown Direction,1,Level,2,"Blacktop, Bituminous, or Asphalt",1,Dry,0,No Controls,0,No Controls,14,Negotiating a Curve,9,Unknown cause of control loss,99,Unknown/Not Reported,1,Tracking,4,Departed roadway,1,A1-Single Driver-Right Roadside Departure-Drive Off Road,1,0,No,777777777777,No Trailing Units,777777777777,No Trailing Units,777777777777,No Trailing Units
41,Oregon,410293,1,1,1,01,12,12,11,November,19,7:00pm-7:59pm,55,55,8,Pedestrian,0,Not a Collision with Motor Vehicle In-Transport,1,Motor Vehicle In-Transport (Inside or Outside the Trafficway),0,No,41,Oregon,1,Driver (in this crash) was  Registered Owner,37,Honda,32,37032,Honda Accord,4,"4-door sedan, hardtop",2014,2014,1HGCR2F87EA1,1HGCR2F87EA1,1,H,G,C,R,2,F,8,7,E,A,1,0,No Trailing Units,0,Not an Articulated Vehicle,0,Not Applicable,000000000,Not Applicable,00000000000,Not Applicable,0,Not Applicable,0,Not Applicable,0,Not Applicable (N/A),1,No,0,Not Applicable,0,Not Applicable,0,Not Applicable,0,Not Applicable,0,Not a Bus,0,No Special Use,0,Not Applicable,998,Not Reported,0,No Underride or Override Noted,0,No Rollover,0,No Rollover,12,12 Clock Point,2,Minor Damage,3,Towed Not Due to Disabling Damage,8,Pedestrian,0,,0,,0,No or Not Reported,1,Yes,41,Oregon,97030,97030,6,Valid,1,Full Driver License,0,No (CDL),0,No Endorsements required for this vehicle,3,Valid license for this class vehicle,0,No Restrictions or Not Applicable,71,71,175,175 lbs.,0,,0,,0,,0,,0,,0,No Record,0,No Record,0,No Record,0,No Record,9,Unknown,99,Unknown,99,Unknown,99,Unknown,99,Unknown,1,"Two-Way, Not Divided",2,Two lanes,98,Not Reported,1,Straight,1,Level,2,"Blacktop, Bituminous, or Asphalt",2,Wet,0,No Controls,0,No Controls,1,Going Straight,80,Pedestrian in road,99,Unknown/Not Reported,1,Tracking,1,Stayed in original travel lane,13,C13-Single Driver-Forward Impact-Pedestrian/ Animal,0,0,No,777777777777,No Trailing Units,777777777777,No Trailing Units,777777777777,No Trailing Units
41,Oregon,410294,1,1,2,02,14,14,11,November,18,6:00pm-6:59pm,53,53,15,Non-Motorist on Personal Conveyance,0,Not a Collision with Motor Vehicle In-Transport,1,Motor Vehicle In-Transport (Inside or Outside the Trafficway),0,No,41,Oregon,2,Driver (in this crash) Not Registered Owner (Other Private Owner Listed),14,Mercury,402,14402,Mercury Mariner,14,"Compact Utility (Utility Vehicle Categories ""Small"" and ""Midsize"")",2009,2009,4M2CU917X9KJ,4M2CU917X9KJ,4,M,2,C,U,9,1,7,X,9,K,J,0,No Trailing Units,0,Not an Articulated Vehicle,0,Not Applicable,000000000,Not Applicable,00000000000,Not Applicable,0,Not Applicable,0,Not Applicable,0,Not Applicable (N/A),1,No,0,Not Applicable,0,Not Applicable,0,Not Applicable,0,Not Applicable,0,Not a Bus,0,No Special Use,0,Not Applicable,998,Not Reported,0,No Underride or Override Noted,0,No Rollover,0,No Rollover,12,12 Clock Point,2,Minor Damage,5,Not Towed,15,Non-Motorist on Personal Conveyance,0,,0,,0,No or Not Reported,1,Yes,41,Oregon,97527,97527,6,Valid,1,Full Driver License,0,No (CDL),0,No Endorsements required for this vehicle,3,Valid license for this class vehicle,0,No Restrictions or Not Applicable,67,67,160,160 lbs.,0,,0,,0,,0,,0,,0,No Record,0,No Record,0,No Record,0,No Record,0,No,0,,0,,0,,0,,1,"Two-Way, Not Divided",2,Two lanes,40,40 MPH,1,Straight,1,Level,2,"Blacktop, Bituminous, or Asphalt",1,Dry,0,No Controls,0,No Controls,1,Going Straight,83,Pedalcyclist or other non-motorist in road,99,Unknown/Not Reported,9,Precrash stability unknown,1,Stayed in original travel lane,13,C13-Single Driver-Forward Impact-Pedestrian/ Animal,0,0,No,777777777777,No Trailing Units,777777777777,No Trailing Units,777777777777,No Trailing Units
41,Oregon,410295,1,2,1,01,15,15,11,November,14,2:00pm-2:59pm,7,7,12,Motor Vehicle In-Transport,6,Angle,1,Motor Vehicle In-Transport (Inside or Outside the Trafficway),0,No,41,Oregon,2,Driver (in this crash) Not Registered Owner (Other Private Owner Listed),37,Honda,31,37031,"Honda Civic/CRX, del Sol",2,"2-door sedan,hardtop,coupe",1997,1997,1HGEJ8245VL1,1HGEJ8245VL1,1,H,G,E,J,8,2,4,5,V,L,1,0,No Trailing Units,0,Not an Articulated Vehicle,0,Not Applicable,000000000,Not Applicable,00000000000,Not Applicable,0,Not Applicable,0,Not Applicable,0,Not Applicable (N/A),1,No,0,Not Applicable,0,Not Applicable,0,Not Applicable,0,Not Applicable,0,Not a Bus,0,No Special Use,0,Not Applicable,998,Not Reported,0,No Underride or Override Noted,0,No Rollover,0,No Rollover,3,3 Clock Point,6,Disabling Damage,2,Towed Due to Disabling Damage,12,Motor Vehicle In-Transport,0,,0,,0,No or Not Reported,1,Yes,41,Oregon,97103,97103,6,Valid,1,Full Driver License,0,No (CDL),0,No Endorsements required for this vehicle,3,Valid license for this class vehicle,3,"Restrictions, Compliance Unknown",73,73,168,168 lbs.,0,,0,,0,,0,,0,,0,No Record,0,No Record,0,No Record,0,No Record,4,"Yes, Too Fast for Conditions",0,,0,,0,,0,,1,"Two-Way, Not Divided",2,Two lanes,55,55 MPH,3,Curve Left,5,Uphill,2,"Blacktop, Bituminous, or Asphalt",2,Wet,0,No Controls,0,No Controls,14,Negotiating a Curve,10,Over the lane line on left side of travel lane,99,Unknown/Not Reported,4,Skidding laterally counterclockwise rotation,2,"Stayed on roadway, but left original travel lane",64,"I64-Same Trafficway, Opposite Direction-Angle, Sideswipe-Lateral Move (Left/Right)",1,0,No,777777777777,No Trailing Units,777777777777,No Trailing Units,777777777777,No Trailing Units
41,Oregon,410295,2,2,1,01,15,15,11,November,14,2:00pm-2:59pm,7,7,12,Motor Vehicle In-Transport,6,Angle,1,Motor Vehicle In-Transport (Inside or Outside the Trafficway),0,No,53,Washington,1,Driver (in this crash) was  Registered Owner,49,Toyota,401,49401,Toyota 4-Runner,14,"Compact Utility (Utility Vehicle Categories ""Small"" and ""Midsize"")",2016,2016,JTEBU5JRXG53,JTEBU5JRXG53,J,T,E,B,U,5,J,R,X,G,5,3,0,No Trailing Units,0,Not an Articulated Vehicle,0,Not Applicable,000000000,Not Applicable,00000000000,Not Applicable,0,Not Applicable,0,Not Applicable,0,Not Applicable (N/A),1,No,0,Not Applicable,0,Not Applicable,0,Not Applicable,0,Not Applicable,0,Not a Bus,0,No Special Use,0,Not Applicable,998,Not Reported,0,No Underride or Override Noted,0,No Rollover,0,No Rollover,12,12 Clock Point,6,Disabling Damage,2,Towed Due to Disabling Damage,12,Motor Vehicle In-Transport,0,,0,,0,No or Not Reported,1,Yes,53,Washington,98643,98643,6,Valid,1,Full Driver License,0,No (CDL),0,No Endorsements required for this vehicle,3,Valid license for this class vehicle,0,No Restrictions or Not Applicable,66,66,150,150 lbs.,0,,0,,0,,0,,0,,0,No Record,0,No Record,0,No Record,0,No Record,0,No,0,,0,,0,,0,,1,"Two-Way, Not Divided",2,Two lanes,55,55 MPH,2,Curve Right,6,Downhill,2,"Blacktop, Bituminous, or Asphalt",2,Wet,0,No Controls,0,No Controls,14,Negotiating a Curve,54,Traveling in opposite direction,99,Unknown/Not Reported,1,Tracking,1,Stayed in original travel lane,65,"I65-Same Trafficway, Opposite Direction-Angle, Sideswipe-Lateral Move (Going Straight)",0,0,No,777777777777,No Trailing Units,777777777777,No Trailing Units,777777777777,No Trailing Units
41,Oregon,410296,1,1,1,01,17,17,11,November,16,4:00pm-4:59pm,50,50,8,Pedestrian,0,Not a Collision with Motor Vehicle In-Transport,1,Motor Vehicle In-Transport (Inside or Outside the Trafficway),0,No,41,Oregon,1,Driver (in this crash) was  Registered Owner,37,Honda,403,37403,Honda Element,14,"Compact Utility (Utility Vehicle Categories ""Small"" and ""Midsize"")",2003,2003,5J6YH28553L0,5J6YH28553L0,5,J,6,Y,H,2,8,5,5,3,L,0,0,No Trailing Units,0,Not an Articulated Vehicle,0,Not Applicable,000000000,Not Applicable,00000000000,Not Applicable,0,Not Applicable,0,Not Applicable,0,Not Applicable (N/A),1,No,0,Not Applicable,0,Not Applicable,0,Not Applicable,0,Not Applicable,0,Not a Bus,0,No Special Use,0,Not Applicable,998,Not Reported,0,No Underride or Override Noted,0,No Rollover,0,No Rollover,12,12 Clock Point,2,Minor Damage,3,Towed Not Due to Disabling Damage,8,Pedestrian,0,,0,,0,No or Not Reported,1,Yes,41,Oregon,97312,97312,6,Valid,1,Full Driver License,0,No (CDL),0,No Endorsements required for this vehicle,3,Valid license for this class vehicle,0,No Restrictions or Not Applicable,67,67,170,170 lbs.,1,1,1,1,0,,1,1,1,1,12,December,2014,2014,2,February,2015,2015,5,"Yes, Specifics Unknown",0,,0,,0,,0,,1,"Two-Way, Not Divided",3,Three lanes,35,35 MPH,1,Straight,1,Level,2,"Blacktop, Bituminous, or Asphalt",2,Wet,0,No Controls,0,No Controls,1,Going Straight,80,Pedestrian in road,99,Unknown/Not Reported,9,Precrash stability unknown,1,Stayed in original travel lane,13,C13-Single Driver-Forward Impact-Pedestrian/ Animal,0,0,No,777777777777,No Trailing Units,777777777777,No Trailing Units,777777777777,No Trailing Units
41,Oregon,410297,1,1,2,02,18,18,11,November,0,0:00am-0:59am,9,9,35,Embankment,0,Not a Collision with Motor Vehicle In-Transport,1,Motor Vehicle In-Transport (Inside or Outside the Trafficway),0,No,2,Alaska,1,Driver (in this crash) was  Registered Owner,20,Chevrolet,481,20481,"Chevrolet C, K, R, V-series pickup/Silverado",34,Light Pickup,2012,2012,1GC1KXC88CF2,1GC1KXC88CF2,1,G,C,1,K,X,C,8,8,C,F,2,0,No Trailing Units,0,Not an Articulated Vehicle,0,Not Applicable,000000000,Not Applicable,00000000000,Not Applicable,0,Not Applicable,0,Not Applicable,0,Not Applicable (N/A),1,No,0,Not Applicable,0,Not Applicable,0,Not Applicable,0,Not Applicable,0,Not a Bus,0,No Special Use,0,Not Applicable,998,Not Reported,0,No Underride or Override Noted,1,"Rollover, Tripped by Object/Vehicle",6,Outside of Trafficway,14,Undercarriage,6,Disabling Damage,2,Towed Due to Disabling Damage,1,Rollover/Overturn,0,,0,,0,No or Not Reported,1,Yes,2,Alaska,99603,99603,6,Valid,1,Full Driver License,0,No (CDL),0,No Endorsements required for this vehicle,3,Valid license for this class vehicle,0,No Restrictions or Not Applicable,999,Unknown,999,Unknown,0,,0,,0,,0,,0,,0,No Record,0,No Record,0,No Record,0,No Record,4,"Yes, Too Fast for Conditions",0,,0,,0,,0,,1,"Two-Way, Not Divided",2,Two lanes,98,Not Reported,3,Curve Left,1,Level,5,Dirt,1,Dry,0,No Controls,0,No Controls,14,Negotiating a Curve,6,Traveling too fast for conditions,99,Unknown/Not Reported,9,Precrash stability unknown,4,Departed roadway,1,A1-Single Driver-Right Roadside Departure-Drive Off Road,2,1,Yes,777777777777,No Trailing Units,777777777777,No Trailing Units,777777777777,No Trailing Units
41,Oregon,410298,1,1,1,01,20,20,11,November,13,1:00pm-1:59pm,45,45,30,Utility Pole/Light Support,0,Not a Collision with Motor Vehicle In-Transport,1,Motor Vehicle In-Transport (Inside or Outside the Trafficway),0,No,41,Oregon,1,Driver (in this crash) was  Registered Owner,34,BMW,35,34035,BMW 5-series,4,"4-door sedan, hardtop",2014,2014,WBAFV3C57ED6,WBAFV3C57ED6,W,B,A,F,V,3,C,5,7,E,D,6,0,No Trailing Units,0,Not an Articulated Vehicle,0,Not Applicable,000000000,Not Applicable,00000000000,Not Applicable,0,Not Applicable,0,Not Applicable,0,Not Applicable (N/A),1,No,0,Not Applicable,0,Not Applicable,0,Not Applicable,0,Not Applicable,0,Not a Bus,0,No Special Use,0,Not Applicable,998,Not Reported,0,No Underride or Override Noted,0,No Rollover,0,No Rollover,12,12 Clock Point,6,Disabling Damage,2,Towed Due to Disabling Damage,30,Utility Pole/Light Support,0,,0,,0,No or Not Reported,1,Yes,41,Oregon,97006,97006,6,Valid,1,Full Driver License,0,No (CDL),0,No Endorsements required for this vehicle,3,Valid license for this class vehicle,0,No Restrictions or Not Applicable,74,74,200,200 lbs.,0,,0,,0,,0,,0,,0,No Record,0,No Record,0,No Record,0,No Record,4,"Yes, Too Fast for Conditions",0,,0,,0,,0,,1,"Two-Way, Not Divided",2,Two lanes,55,55 MPH,4,Curve - Unknown Direction,1,Level,2,"Blacktop, Bituminous, or Asphalt",1,Dry,0,No Controls,0,No Controls,14,Negotiating a Curve,6,Traveling too fast for conditions,99,Unknown/Not Reported,1,Tracking,4,Departed roadway,1,A1-Single Driver-Right Roadside Departure-Drive Off Road,1,0,No,777777777777,No Trailing Units,777777777777,No Trailing Units,777777777777,No Trailing Units
41,Oregon,410299,1,1,1,01,20,20,11,November,11,11:00am-11:59am,20,20,9,Pedalcyclist,0,Not a Collision with Motor Vehicle In-Transport,1,Motor Vehicle In-Transport (Inside or Outside the Trafficway),0,No,41,Oregon,3,Vehicle Registered as Business/Company/Government Vehicle,85,Kenworth,881,85881,Kenworth Medium/Heavy - CBE,66,"Truck-tractor (Cab only, or with any number of trailing unit; any weight)",2012,2012,1XKAA48X4CJ3,1XKAA48X4CJ3,1,X,K,A,A,4,8,X,4,C,J,3,1,One Trailing Unit,1,No,57,US DOT,0239039,0239039,570239039,570239039,3,"26,001 lbs. or more",6,Truck Tractor/Semi-Trailer,1,Van/Enclosed Box,1,No,0,Not Applicable,0,Not Applicable,0,Not Applicable,0,Not Applicable,0,Not a Bus,0,No Special Use,0,Not Applicable,998,Not Reported,0,No Underride or Override Noted,0,No Rollover,0,No Rollover,3,3 Clock Point,0,No Damage,5,Not Towed,9,Pedalcyclist,0,,0,,0,No or Not Reported,1,Yes,41,Oregon,97760,97760,6,Valid,1,Full Driver License,6,Valid,1,"Endorsement(s) Required, Complied with",3,Valid license for this class vehicle,3,"Restrictions, Compliance Unknown",70,70,170,170 lbs.,0,,0,,0,,0,,0,,0,No Record,0,No Record,0,No Record,0,No Record,0,No,0,,0,,0,,0,,1,"Two-Way, Not Divided",6,Six lanes,98,Not Reported,4,Curve - Unknown Direction,2,"Grade, Unknown Slope",2,"Blacktop, Bituminous, or Asphalt",2,Wet,2,Traffic control signal (on colors) with Pedestrian Signal,3,Device Functioning Properly,10,Turning Right,83,Pedalcyclist or other non-motorist in road,99,Unknown/Not Reported,1,Tracking,1,Stayed in original travel lane,13,C13-Single Driver-Forward Impact-Pedestrian/ Animal,0,0,No,888888888888,Not Reported,777777777777,No Trailing Units,777777777777,No Trailing Units
41,Oregon,410300,1,2,2,02,20,20,11,November,14,2:00pm-2:59pm,5,5,12,Motor Vehicle In-Transport,1,Front-to-Rear,1,Motor Vehicle In-Transport (Inside or Outside the Trafficway),0,No,41,Oregon,1,Driver (in this crash) was  Registered Owner,63,KIA,402,63402,KIA Sorrento,14,"Compact Utility (Utility Vehicle Categories ""Small"" and ""Midsize"")",2016,2016,5XYPHDA10GG0,5XYPHDA10GG0,5,X,Y,P,H,D,A,1,0,G,G,0,0,No Trailing Units,0,Not an Articulated Vehicle,0,Not Applicable,000000000,Not Applicable,00000000000,Not Applicable,0,Not Applicable,0,Not Applicable,0,Not Applicable (N/A),1,No,0,Not Applicable,0,Not Applicable,0,Not Applicable,0,Not Applicable,0,Not a Bus,0,No Special Use,0,Not Applicable,998,Not Reported,0,No Underride or Override Noted,0,No Rollover,0,No Rollover,12,12 Clock Point,6,Disabling Damage,2,Towed Due to Disabling Damage,12,Motor Vehicle In-Transport,0,,0,,0,No or Not Reported,1,Yes,41,Oregon,97233,97233,6,Valid,1,Full Driver License,0,No (CDL),0,No Endorsements required for this vehicle,3,Valid license for this class vehicle,9,Unknown,69,69,275,275 lbs.,0,,0,,0,,0,,0,,0,No Record,0,No Record,0,No Record,0,No Record,0,No,99,Unknown,99,Unknown,99,Unknown,99,Unknown,6,Entrance/Exit Ramp,8,Not Reported,30,30 MPH,1,Straight,2,"Grade, Unknown Slope",2,"Blacktop, Bituminous, or Asphalt",2,Wet,2,Traffic control signal (on colors) with Pedestrian Signal,3,Device Functioning Properly,11,Turning Left,51,Traveling in same direction with lower steady speed,99,Unknown/Not Reported,1,Tracking,1,Stayed in original travel lane,24,"D24-Same Trafficway, Same Direction-Rear End-Slower",1,0,No,777777777777,No Trailing Units,777777777777,No Trailing Units,777777777777,No Trailing Units
41,Oregon,410300,2,2,1,01,20,20,11,November,14,2:00pm-2:59pm,5,5,12,Motor Vehicle In-Transport,1,Front-to-Rear,1,Motor Vehicle In-Transport (Inside or Outside the Trafficway),0,No,41,Oregon,1,Driver (in this crash) was  Registered Owner,12,Ford,481,12481,Ford F-Series pickup,34,Light Pickup,1999,1999,1FTNX21F8XEC,1FTNX21F8XEC,1,F,T,N,X,2,1,F,8,X,E,C,0,No Trailing Units,0,Not an Articulated Vehicle,0,Not Applicable,000000000,Not Applicable,00000000000,Not Applicable,0,Not Applicable,0,Not Applicable,0,Not Applicable (N/A),1,No,0,Not Applicable,0,Not Applicable,0,Not Applicable,0,Not Applicable,0,Not a Bus,0,No Special Use,0,Not Applicable,998,Not Reported,0,No Underride or Override Noted,0,No Rollover,0,No Rollover,6,6 Clock Point,6,Disabling Damage,2,Towed Due to Disabling Damage,12,Motor Vehicle In-Transport,0,,0,,0,No or Not Reported,1,Yes,41,Oregon,97023,97023,6,Valid,1,Full Driver License,0,No (CDL),0,No Endorsements required for this vehicle,3,Valid license for this class vehicle,3,"Restrictions, Compliance Unknown",69,69,180,180 lbs.,0,,0,,0,,0,,0,,0,No Record,0,No Record,0,No Record,0,No Record,0,No,0,,0,,0,,0,,6,Entrance/Exit Ramp,8,Not Reported,30,30 MPH,1,Straight,2,"Grade, Unknown Slope",2,"Blacktop, Bituminous, or Asphalt",2,Wet,2,Traffic control signal (on colors) with Pedestrian Signal,3,Device Functioning Properly,11,Turning Left,53,Traveling in same direction with higher speed,99,Unknown/Not Reported,1,Tracking,1,Stayed in original travel lane,26,"D26-Same Trafficway, Same Direction-Rear End-Slower, Going Left",0,0,No,777777777777,No Trailing Units,777777777777,No Trailing Units,777777777777,No Trailing Units
41,Oregon,410301,1,1,1,01,21,21,11,November,21,9:00pm-9:59pm,58,58,30,Utility Pole/Light Support,0,Not a Collision with Motor Vehicle In-Transport,1,Motor Vehicle In-Transport (Inside or Outside the Trafficway),0,No,41,Oregon,2,Driver (in this crash) Not Registered Owner (Other Private Owner Listed),12,Ford,4,12004,Ford Thunderbird (all sizes),2,"2-door sedan,hardtop,coupe",1992,1992,1FAPP6248NH1,1FAPP6248NH1,1,F,A,P,P,6,2,4,8,N,H,1,0,No Trailing Units,0,Not an Articulated Vehicle,0,Not Applicable,000000000,Not Applicable,00000000000,Not Applicable,0,Not Applicable,0,Not Applicable,0,Not Applicable (N/A),1,No,0,Not Applicable,0,Not Applicable,0,Not Applicable,0,Not Applicable,0,Not a Bus,0,No Special Use,0,Not Applicable,998,Not Reported,0,No Underride or Override Noted,0,No Rollover,0,No Rollover,12,12 Clock Point,6,Disabling Damage,2,Towed Due to Disabling Damage,30,Utility Pole/Light Support,0,,0,,0,No or Not Reported,1,Yes,53,Washington,98604,98604,0,Not licensed,0,Not Licensed,0,No (CDL),0,No Endorsements required for this vehicle,0,Not licensed,0,No Restrictions or Not Applicable,70,70,205,205 lbs.,0,,23,23,0,,1,1,6,6,10,October,2013,2013,11,November,2016,2016,9,Unknown,99,Unknown,99,Unknown,99,Unknown,99,Unknown,3,"Two-Way,  Divided, Positive  Median Barrier",3,Three lanes,30,30 MPH,1,Straight,1,Level,2,"Blacktop, Bituminous, or Asphalt",2,Wet,0,No Controls,0,No Controls,1,Going Straight,19,Unknown travel direction,99,Unknown/Not Reported,1,Tracking,4,Departed roadway,99,M99-Unknown,1,1,Yes,777777777777,No Trailing Units,777777777777,No Trailing Units,777777777777,No Trailing Units
41,Oregon,410302,1,1,1,01,22,22,11,November,15,3:00pm-3:59pm,0,0,1,Rollover/Overturn,0,Not a Collision with Motor Vehicle In-Transport,1,Motor Vehicle In-Transport (Inside or Outside the Trafficway),0,No,41,Oregon,1,Driver (in this crash) was  Registered Owner,37,Honda,31,37031,"Honda Civic/CRX, del Sol",4,"4-door sedan, hardtop",2004,2004,2HGES165X4H5,2HGES165X4H5,2,H,G,E,S,1,6,5,X,4,H,5,0,No Trailing Units,0,Not an Articulated Vehicle,0,Not Applicable,000000000,Not Applicable,00000000000,Not Applicable,0,Not Applicable,0,Not Applicable,0,Not Applicable (N/A),1,No,0,Not Applicable,0,Not Applicable,0,Not Applicable,0,Not Applicable,0,Not a Bus,0,No Special Use,0,Not Applicable,998,Not Reported,0,No Underride or Override Noted,1,"Rollover, Tripped by Object/Vehicle",5,On Roadside,0,Non-Collision,6,Disabling Damage,2,Towed Due to Disabling Damage,42,Tree (Standing Only),0,,0,,0,No or Not Reported,1,Yes,41,Oregon,97358,97358,6,Valid,1,Full Driver License,0,No (CDL),0,No Endorsements required for this vehicle,3,Valid license for this class vehicle,3,"Restrictions, Compliance Unknown",66,66,130,130 lbs.,0,,0,,0,,0,,0,,0,No Record,0,No Record,0,No Record,0,No Record,4,"Yes, Too Fast for Conditions",36,"Operating the Vehicle in an Erratic, Reckless or Negligent Manner.",0,,0,,0,,1,"Two-Way, Not Divided",2,Two lanes,98,Not Reported,2,Curve Right,2,"Grade, Unknown Slope",2,"Blacktop, Bituminous, or Asphalt",2,Wet,0,No Controls,0,No Controls,14,Negotiating a Curve,6,Traveling too fast for conditions,99,Unknown/Not Reported,3,Skidding laterally clockwise rotation,4,Departed roadway,7,B7-Single Driver-Left Roadside Departure-Control/Traction Loss,1,1,Yes,777777777777,No Trailing Units,777777777777,No Trailing Units,777777777777,No Trailing Units
41,Oregon,410303,1,2,1,01,22,22,11,November,14,2:00pm-2:59pm,34,34,12,Motor Vehicle In-Transport,6,Angle,1,Motor Vehicle In-Transport (Inside or Outside the Trafficway),0,No,41,Oregon,1,Driver (in this crash) was  Registered Owner,2,Jeep / Kaiser-Jeep / Willys- Jeep,404,2404,Jeep / Kaiser-Jeep / Willys- Jeep Cherokee (1984-on) (For Grand Cherokee for 2014 on use 02-422.),14,"Compact Utility (Utility Vehicle Categories ""Small"" and ""Midsize"")",1993,1993,1J4GZ58S0PC6,1J4GZ58S0PC6,1,J,4,G,Z,5,8,S,0,P,C,6,0,No Trailing Units,0,Not an Articulated Vehicle,0,Not Applicable,000000000,Not Applicable,00000000000,Not Applicable,0,Not Applicable,0,Not Applicable,0,Not Applicable (N/A),1,No,0,Not Applicable,0,Not Applicable,0,Not Applicable,0,Not Applicable,0,Not a Bus,0,No Special Use,0,Not Applicable,998,Not Reported,0,No Underride or Override Noted,0,No Rollover,0,No Rollover,99,Unknown,6,Disabling Damage,2,Towed Due to Disabling Damage,12,Motor Vehicle In-Transport,0,,0,,0,No or Not Reported,1,Yes,41,Oregon,97370,97370,6,Valid,1,Full Driver License,0,No (CDL),0,No Endorsements required for this vehicle,3,Valid license for this class vehicle,0,No Restrictions or Not Applicable,67,67,200,200 lbs.,0,,0,,0,,0,,0,,0,No Record,0,No Record,0,No Record,0,No Record,5,"Yes, Specifics Unknown",35,Passing with Insufficient Distance or Inadequate Visibility or Failing to Yield to Overtaking Vehicle,0,,0,,0,,1,"Two-Way, Not Divided",2,Two lanes,55,55 MPH,1,Straight,1,Level,2,"Blacktop, Bituminous, or Asphalt",1,Dry,0,No Controls,0,No Controls,6,Passing or Overtaking Another Vehicle,54,Traveling in opposite direction,99,Unknown/Not Reported,1,Tracking,2,"Stayed on roadway, but left original travel lane",64,"I64-Same Trafficway, Opposite Direction-Angle, Sideswipe-Lateral Move (Left/Right)",0,0,No,777777777777,No Trailing Units,777777777777,No Trailing Units,777777777777,No Trailing Units
41,Oregon,410303,2,2,3,03,22,22,11,November,14,2:00pm-2:59pm,34,34,12,Motor Vehicle In-Transport,6,Angle,1,Motor Vehicle In-Transport (Inside or Outside the Trafficway),0,No,41,Oregon,9,Unknown,24,Saturn,1,24001,Saturn SL,4,"4-door sedan, hardtop",1999,1999,1G8ZF6283XZ1,1G8ZF6283XZ1,1,G,8,Z,F,6,2,8,3,X,Z,1,0,No Trailing Units,0,Not an Articulated Vehicle,0,Not Applicable,000000000,Not Applicable,00000000000,Not Applicable,0,Not Applicable,0,Not Applicable,0,Not Applicable (N/A),1,No,0,Not Applicable,0,Not Applicable,0,Not Applicable,0,Not Applicable,0,Not a Bus,0,No Special Use,0,Not Applicable,998,Not Reported,0,No Underride or Override Noted,0,No Rollover,0,No Rollover,99,Unknown,6,Disabling Damage,2,Towed Due to Disabling Damage,12,Motor Vehicle In-Transport,0,,0,,0,No or Not Reported,1,Yes,41,Oregon,97308,97308,1,Suspended,1,Full Driver License,0,No (CDL),0,No Endorsements required for this vehicle,2,No valid license for this class vehicle,0,No Restrictions or Not Applicable,67,67,150,150 lbs.,0,,17,17,0,,0,,11,11,1,January,2014,2014,8,August,2017,2017,0,No,0,,0,,0,,0,,1,"Two-Way, Not Divided",2,Two lanes,55,55 MPH,1,Straight,1,Level,2,"Blacktop, Bituminous, or Asphalt",1,Dry,0,No Controls,0,No Controls,1,Going Straight,62,From opposite direction  over left lane line,99,Unknown/Not Reported,1,Tracking,1,Stayed in original travel lane,65,"I65-Same Trafficway, Opposite Direction-Angle, Sideswipe-Lateral Move (Going Straight)",2,0,No,777777777777,No Trailing Units,777777777777,No Trailing Units,777777777777,No Trailing Units
41,Oregon,410304,1,1,1,01,24,24,11,November,17,5:00pm-5:59pm,4,4,8,Pedestrian,0,Not a Collision with Motor Vehicle In-Transport,1,Motor Vehicle In-Transport (Inside or Outside the Trafficway),0,No,41,Oregon,1,Driver (in this crash) was  Registered Owner,7,Dodge,880,7880,"Dodge Medium/Heavy Pickup (pickup-style only - over 10,000 lbs)",67,"Medium/heavy Pickup (>10,000 lbs. GVWR)",2002,2002,3B7MF336X2M3,3B7MF336X2M3,3,B,7,M,F,3,3,6,X,2,M,3,0,No Trailing Units,0,Not an Articulated Vehicle,88,,888888888,,88888888888,,2,"10,001 lbs - 26,000 lbs",1,"Single-Unit Truck (2- axle and GVWR more than 10,000 lbs)",97,Other,1,No,0,Not Applicable,0,Not Applicable,0,Not Applicable,0,Not Applicable,0,Not a Bus,0,No Special Use,0,Not Applicable,998,Not Reported,0,No Underride or Override Noted,0,No Rollover,0,No Rollover,12,12 Clock Point,2,Minor Damage,5,Not Towed,8,Pedestrian,0,,0,,0,No or Not Reported,1,Yes,41,Oregon,97702,97702,6,Valid,1,Full Driver License,0,No (CDL),0,No Endorsements required for this vehicle,3,Valid license for this class vehicle,0,No Restrictions or Not Applicable,71,71,180,180 lbs.,0,,0,,0,,0,,0,,0,No Record,0,No Record,0,No Record,0,No Record,0,No,0,,0,,0,,0,,1,"Two-Way, Not Divided",2,Two lanes,55,55 MPH,1,Straight,1,Level,2,"Blacktop, Bituminous, or Asphalt",1,Dry,0,No Controls,0,No Controls,1,Going Straight,80,Pedestrian in road,99,Unknown/Not Reported,1,Tracking,1,Stayed in original travel lane,13,C13-Single Driver-Forward Impact-Pedestrian/ Animal,0,0,No,777777777777,No Trailing Units,777777777777,No Trailing Units,777777777777,No Trailing Units
41,Oregon,410305,1,1,1,01,30,30,11,November,18,6:00pm-6:59pm,46,46,8,Pedestrian,0,Not a Collision with Motor Vehicle In-Transport,1,Motor Vehicle In-Transport (Inside or Outside the Trafficway),0,No,41,Oregon,2,Driver (in this crash) Not Registered Owner (Other Private Owner Listed),49,Toyota,403,49403,Toyota Highlander,14,"Compact Utility (Utility Vehicle Categories ""Small"" and ""Midsize"")",2007,2007,JTEEW21A7700,JTEEW21A7700,J,T,E,E,W,2,1,A,7,7,0,0,0,No Trailing Units,0,Not an Articulated Vehicle,0,Not Applicable,000000000,Not Applicable,00000000000,Not Applicable,0,Not Applicable,0,Not Applicable,0,Not Applicable (N/A),1,No,0,Not Applicable,0,Not Applicable,0,Not Applicable,0,Not Applicable,0,Not a Bus,0,No Special Use,0,Not Applicable,998,Not Reported,0,No Underride or Override Noted,0,No Rollover,0,No Rollover,12,12 Clock Point,9,Unknown,5,Not Towed,8,Pedestrian,0,,0,,0,No or Not Reported,1,Yes,41,Oregon,97007,97007,6,Valid,2,Intermediate Driver License,0,No (CDL),0,No Endorsements required for this vehicle,3,Valid license for this class vehicle,1,Restrictions Complied With,74,74,185,185 lbs.,0,,0,,0,,0,,0,,0,No Record,0,No Record,0,No Record,0,No Record,0,No,0,,0,,0,,0,,1,"Two-Way, Not Divided",2,Two lanes,35,35 MPH,1,Straight,1,Level,2,"Blacktop, Bituminous, or Asphalt",2,Wet,0,No Controls,0,No Controls,1,Going Straight,80,Pedestrian in road,1,No Avoidance Maneuver,1,Tracking,1,Stayed in original travel lane,13,C13-Single Driver-Forward Impact-Pedestrian/ Animal,0,0,No,777777777777,No Trailing Units,777777777777,No Trailing Units,777777777777,No Trailing Units
41,Oregon,410306,1,1,2,02,3,3,12,December,13,1:00pm-1:59pm,28,28,1,Rollover/Overturn,0,Not a Collision with Motor Vehicle In-Transport,1,Motor Vehicle In-Transport (Inside or Outside the Trafficway),0,No,41,Oregon,1,Driver (in this crash) was  Registered Owner,12,Ford,471,12471,Ford Ranger,34,Light Pickup,2001,2001,1FTZR15E11TA,1FTZR15E11TA,1,F,T,Z,R,1,5,E,1,1,T,A,0,No Trailing Units,0,Not an Articulated Vehicle,0,Not Applicable,000000000,Not Applicable,00000000000,Not Applicable,0,Not Applicable,0,Not Applicable,0,Not Applicable (N/A),1,No,0,Not Applicable,0,Not Applicable,0,Not Applicable,0,Not Applicable,0,Not a Bus,0,No Special Use,0,Not Applicable,998,Not Reported,0,No Underride or Override Noted,1,"Rollover, Tripped by Object/Vehicle",5,On Roadside,0,Non-Collision,6,Disabling Damage,2,Towed Due to Disabling Damage,1,Rollover/Overturn,0,,0,,0,No or Not Reported,1,Yes,41,Oregon,97424,97424,6,Valid,1,Full Driver License,0,No (CDL),0,No Endorsements required for this vehicle,3,Valid license for this class vehicle,0,No Restrictions or Not Applicable,75,75,175,175 lbs.,0,,0,,0,,0,,0,,0,No Record,0,No Record,0,No Record,0,No Record,4,"Yes, Too Fast for Conditions",0,,0,,0,,0,,1,"Two-Way, Not Divided",2,Two lanes,55,55 MPH,1,Straight,1,Level,2,"Blacktop, Bituminous, or Asphalt",4,Ice/Frost,0,No Controls,0,No Controls,1,Going Straight,19,Unknown travel direction,99,Unknown/Not Reported,1,Tracking,4,Departed roadway,99,M99-Unknown,1,0,No,777777777777,No Trailing Units,777777777777,No Trailing Units,777777777777,No Trailing Units
41,Oregon,410307,1,2,3,03,3,3,12,December,15,3:00pm-3:59pm,35,35,12,Motor Vehicle In-Transport,6,Angle,1,Motor Vehicle In-Transport (Inside or Outside the Trafficway),0,No,41,Oregon,2,Driver (in this crash) Not Registered Owner (Other Private Owner Listed),12,Ford,423,12423,Ford Excursion,16,"Utility station wagon (includes suburban limousines, Suburban, Travellall, Grand Wagoneer)",2004,2004,1FMSU45P84EC,1FMSU45P84EC,1,F,M,S,U,4,5,P,8,4,E,C,0,No Trailing Units,0,Not an Articulated Vehicle,0,Not Applicable,000000000,Not Applicable,00000000000,Not Applicable,0,Not Applicable,0,Not Applicable,0,Not Applicable (N/A),1,No,0,Not Applicable,0,Not Applicable,0,Not Applicable,0,Not Applicable,0,Not a Bus,0,No Special Use,0,Not Applicable,998,Not Reported,0,No Underride or Override Noted,0,No Rollover,0,No Rollover,82,Right-Front Side,9,Unknown,3,Towed Not Due to Disabling Damage,12,Motor Vehicle In-Transport,0,,0,,0,No or Not Reported,1,Yes,41,Oregon,97376,97376,6,Valid,1,Full Driver License,0,No (CDL),0,No Endorsements required for this vehicle,3,Valid license for this class vehicle,1,Restrictions Complied With,74,74,230,230 lbs.,0,,0,,0,,0,,0,,0,No Record,0,No Record,0,No Record,0,No Record,0,No,28,Improper Lane Usage,0,,0,,0,,1,"Two-Way, Not Divided",2,Two lanes,55,55 MPH,1,Straight,1,Level,2,"Blacktop, Bituminous, or Asphalt",3,Snow,0,No Controls,0,No Controls,1,Going Straight,9,Unknown cause of control loss,99,Unknown/Not Reported,9,Precrash stability unknown,2,"Stayed on roadway, but left original travel lane",64,"I64-Same Trafficway, Opposite Direction-Angle, Sideswipe-Lateral Move (Left/Right)",0,0,No,777777777777,No Trailing Units,777777777777,No Trailing Units,777777777777,No Trailing Units
41,Oregon,410307,2,2,3,03,3,3,12,December,15,3:00pm-3:59pm,35,35,12,Motor Vehicle In-Transport,6,Angle,1,Motor Vehicle In-Transport (Inside or Outside the Trafficway),0,No,41,Oregon,1,Driver (in this crash) was  Registered Owner,48,Subaru,45,48045,Subaru Outback (2003 on)(see 034 for prior to 2003),6,Station Wagon (excluding van and truck based),2013,2013,4S4BRBKC4D32,4S4BRBKC4D32,4,S,4,B,R,B,K,C,4,D,3,2,0,No Trailing Units,0,Not an Articulated Vehicle,0,Not Applicable,000000000,Not Applicable,00000000000,Not Applicable,0,Not Applicable,0,Not Applicable,0,Not Applicable (N/A),1,No,0,Not Applicable,0,Not Applicable,0,Not Applicable,0,Not Applicable,0,Not a Bus,0,No Special Use,0,Not Applicable,998,Not Reported,0,No Underride or Override Noted,0,No Rollover,0,No Rollover,12,12 Clock Point,9,Unknown,3,Towed Not Due to Disabling Damage,12,Motor Vehicle In-Transport,0,,0,,0,No or Not Reported,1,Yes,41,Oregon,97756,97756,6,Valid,1,Full Driver License,0,No (CDL),0,No Endorsements required for this vehicle,3,Valid license for this class vehicle,3,"Restrictions, Compliance Unknown",69,69,230,230 lbs.,0,,0,,0,,0,,0,,0,No Record,0,No Record,0,No Record,0,No Record,0,No,0,,0,,0,,0,,1,"Two-Way, Not Divided",2,Two lanes,55,55 MPH,1,Straight,1,Level,2,"Blacktop, Bituminous, or Asphalt",2,Wet,0,No Controls,0,No Controls,1,Going Straight,62,From opposite direction  over left lane line,99,Unknown/Not Reported,9,Precrash stability unknown,1,Stayed in original travel lane,65,"I65-Same Trafficway, Opposite Direction-Angle, Sideswipe-Lateral Move (Going Straight)",1,0,No,777777777777,No Trailing Units,777777777777,No Trailing Units,777777777777,No Trailing Units
41,Oregon,410308,1,2,1,01,3,3,12,December,1,1:00am-1:59am,47,47,12,Motor Vehicle In-Transport,6,Angle,1,Motor Vehicle In-Transport (Inside or Outside the Trafficway),0,No,41,Oregon,1,Driver (in this crash) was  Registered Owner,12,Ford,481,12481,Ford F-Series pickup,34,Light Pickup,2000,2000,1FTNX21F6YED,1FTNX21F6YED,1,F,T,N,X,2,1,F,6,Y,E,D,0,No Trailing Units,0,Not an Articulated Vehicle,0,Not Applicable,000000000,Not Applicable,00000000000,Not Applicable,0,Not Applicable,0,Not Applicable,0,Not Applicable (N/A),1,No,0,Not Applicable,0,Not Applicable,0,Not Applicable,0,Not Applicable,0,Not a Bus,0,No Special Use,0,Not Applicable,998,Not Reported,0,No Underride or Override Noted,0,No Rollover,0,No Rollover,1,1 Clock Point,6,Disabling Damage,2,Towed Due to Disabling Damage,12,Motor Vehicle In-Transport,0,,0,,0,No or Not Reported,1,Yes,41,Oregon,97701,97701,0,Not licensed,0,Not Licensed,0,No (CDL),0,No Endorsements required for this vehicle,0,Not licensed,0,No Restrictions or Not Applicable,999,Unknown,999,Unknown,0,,1,1,0,,0,,0,,9,September,2015,2015,9,September,2015,2015,9,Unknown,28,Improper Lane Usage,0,,0,,0,,1,"Two-Way, Not Divided",2,Two lanes,55,55 MPH,1,Straight,1,Level,2,"Blacktop, Bituminous, or Asphalt",4,Ice/Frost,0,No Controls,0,No Controls,1,Going Straight,10,Over the lane line on left side of travel lane,99,Unknown/Not Reported,1,Tracking,2,"Stayed on roadway, but left original travel lane",64,"I64-Same Trafficway, Opposite Direction-Angle, Sideswipe-Lateral Move (Left/Right)",1,0,No,777777777777,No Trailing Units,777777777777,No Trailing Units,777777777777,No Trailing Units
41,Oregon,410308,2,2,2,02,3,3,12,December,1,1:00am-1:59am,47,47,12,Motor Vehicle In-Transport,6,Angle,1,Motor Vehicle In-Transport (Inside or Outside the Trafficway),0,No,93,Multiple State Registration,3,Vehicle Registered as Business/Company/Government Vehicle,85,Kenworth,881,85881,Kenworth Medium/Heavy - CBE,66,"Truck-tractor (Cab only, or with any number of trailing unit; any weight)",2016,2016,1XKYD49X1GJ4,1XKYD49X1GJ4,1,X,K,Y,D,4,9,X,1,G,J,4,1,One Trailing Unit,1,No,57,US DOT,0027937,0027937,570027937,570027937,3,"26,001 lbs. or more",6,Truck Tractor/Semi-Trailer,1,Van/Enclosed Box,1,No,0,Not Applicable,0,Not Applicable,0,Not Applicable,0,Not Applicable,0,Not a Bus,0,No Special Use,0,Not Applicable,998,Not Reported,0,No Underride or Override Noted,0,No Rollover,0,No Rollover,12,12 Clock Point,6,Disabling Damage,2,Towed Due to Disabling Damage,12,Motor Vehicle In-Transport,0,,0,,0,No or Not Reported,1,Yes,53,Washington,99004,99004,6,Valid,1,Full Driver License,6,Valid,0,No Endorsements required for this vehicle,3,Valid license for this class vehicle,0,No Restrictions or Not Applicable,65,65,195,195 lbs.,0,,0,,0,,0,,0,,0,No Record,0,No Record,0,No Record,0,No Record,0,No,0,,0,,0,,0,,1,"Two-Way, Not Divided",2,Two lanes,55,55 MPH,1,Straight,1,Level,2,"Blacktop, Bituminous, or Asphalt",4,Ice/Frost,0,No Controls,0,No Controls,1,Going Straight,62,From opposite direction  over left lane line,99,Unknown/Not Reported,1,Tracking,1,Stayed in original travel lane,65,"I65-Same Trafficway, Opposite Direction-Angle, Sideswipe-Lateral Move (Going Straight)",0,0,No,1UYVS2535HU8,1UYVS2535HU8,777777777777,No Trailing Units,777777777777,No Trailing Units
41,Oregon,410309,1,1,1,01,3,3,12,December,0,0:00am-0:59am,33,33,42,Tree (Standing Only),0,Not a Collision with Motor Vehicle In-Transport,1,Motor Vehicle In-Transport (Inside or Outside the Trafficway),0,No,4,Arizona,1,Driver (in this crash) was  Registered Owner,48,Subaru,34,48034,Subaru Legacy/Outback(prior to 2003 only; see 045 for 2003 on),6,Station Wagon (excluding van and truck based),1999,1999,4S3BK4358X63,4S3BK4358X63,4,S,3,B,K,4,3,5,8,X,6,3,0,No Trailing Units,0,Not an Articulated Vehicle,0,Not Applicable,000000000,Not Applicable,00000000000,Not Applicable,0,Not Applicable,0,Not Applicable,0,Not Applicable (N/A),1,No,0,Not Applicable,0,Not Applicable,0,Not Applicable,0,Not Applicable,0,Not a Bus,0,No Special Use,0,Not Applicable,998,Not Reported,0,No Underride or Override Noted,0,No Rollover,0,No Rollover,61,Left,6,Disabling Damage,2,Towed Due to Disabling Damage,42,Tree (Standing Only),0,,0,,0,No or Not Reported,1,Yes,41,Oregon,97008,97008,6,Valid,1,Full Driver License,0,No (CDL),0,No Endorsements required for this vehicle,3,Valid license for this class vehicle,1,Restrictions Complied With,70,70,160,160 lbs.,0,,0,,0,,1,1,0,,4,April,2015,2015,4,April,2015,2015,9,Unknown,99,Unknown,99,Unknown,99,Unknown,99,Unknown,5,"Two-Way, Not Divided With a Continuous Left-Turn Lane",3,Three lanes,98,Not Reported,2,Curve Right,1,Level,2,"Blacktop, Bituminous, or Asphalt",2,Wet,0,No Controls,0,No Controls,14,Negotiating a Curve,9,Unknown cause of control loss,7,Steering right,3,Skidding laterally clockwise rotation,4,Departed roadway,2,A2-Single Driver-Right Roadside Departure-Control/Traction Loss,1,1,Yes,777777777777,No Trailing Units,777777777777,No Trailing Units,777777777777,No Trailing Units
41,Oregon,410310,1,1,1,01,5,5,12,December,9,9:00am-9:59am,0,0,34,Ditch,0,Not a Collision with Motor Vehicle In-Transport,1,Motor Vehicle In-Transport (Inside or Outside the Trafficway),0,No,41,Oregon,3,Vehicle Registered as Business/Company/Government Vehicle,98,Other Make,806,98806,Other Make Hino,62,"Single-unit straight truck or Cab-Chassis (19,500 lbs. < GVWR < or = 26,000 lbs.)",2017,2017,5PVNJ8JVXH4S,5PVNJ8JVXH4S,5,P,V,N,J,8,J,V,X,H,4,S,0,No Trailing Units,0,Not an Articulated Vehicle,57,US DOT,0899416,0899416,570899416,570899416,2,"10,001 lbs - 26,000 lbs",2,Single-Unit Truck (3 or more axles),3,Flatbed,1,No,0,Not Applicable,0,Not Applicable,0,Not Applicable,0,Not Applicable,0,Not a Bus,0,No Special Use,0,Not Applicable,998,Not Reported,0,No Underride or Override Noted,0,No Rollover,0,No Rollover,12,12 Clock Point,6,Disabling Damage,2,Towed Due to Disabling Damage,34,Ditch,0,,0,,0,No or Not Reported,1,Yes,41,Oregon,97321,97321,6,Valid,1,Full Driver License,0,No (CDL),0,No Endorsements required for this vehicle,3,Valid license for this class vehicle,1,Restrictions Complied With,76,76,245,245 lbs.,0,,2,2,0,,0,,1,1,3,March,2014,2014,4,April,2016,2016,9,Unknown,99,Unknown,99,Unknown,99,Unknown,99,Unknown,1,"Two-Way, Not Divided",2,Two lanes,55,55 MPH,3,Curve Left,2,"Grade, Unknown Slope",2,"Blacktop, Bituminous, or Asphalt",1,Dry,0,No Controls,0,No Controls,14,Negotiating a Curve,19,Unknown travel direction,99,Unknown/Not Reported,1,Tracking,4,Departed roadway,99,M99-Unknown,1,1,Yes,777777777777,No Trailing Units,777777777777,No Trailing Units,777777777777,No Trailing Units
41,Oregon,410311,1,1,1,01,6,6,12,December,18,6:00pm-6:59pm,1,1,9,Pedalcyclist,0,Not a Collision with Motor Vehicle In-Transport,1,Motor Vehicle In-Transport (Inside or Outside the Trafficway),0,No,41,Oregon,1,Driver (in this crash) was  Registered Owner,23,GMC,481,23481,"GMC C, K, R, V-series pickup/     Sierra",34,Light Pickup,2002,2002,1GTHK29102E1,1GTHK29102E1,1,G,T,H,K,2,9,1,0,2,E,1,0,No Trailing Units,0,Not an Articulated Vehicle,0,Not Applicable,000000000,Not Applicable,00000000000,Not Applicable,0,Not Applicable,0,Not Applicable,0,Not Applicable (N/A),1,No,0,Not Applicable,0,Not Applicable,0,Not Applicable,0,Not Applicable,0,Not a Bus,0,No Special Use,0,Not Applicable,998,Not Reported,0,No Underride or Override Noted,0,No Rollover,0,No Rollover,12,12 Clock Point,8,Not Reported,2,Towed Due to Disabling Damage,9,Pedalcyclist,0,,0,,0,No or Not Reported,1,Yes,41,Oregon,97426,97426,6,Valid,1,Full Driver License,0,No (CDL),0,No Endorsements required for this vehicle,3,Valid license for this class vehicle,1,Restrictions Complied With,70,70,190,190 lbs.,0,,0,,0,,0,,0,,0,No Record,0,No Record,0,No Record,0,No Record,0,No,0,,0,,0,,0,,1,"Two-Way, Not Divided",2,Two lanes,55,55 MPH,1,Straight,1,Level,2,"Blacktop, Bituminous, or Asphalt",1,Dry,0,No Controls,0,No Controls,1,Going Straight,83,Pedalcyclist or other non-motorist in road,99,Unknown/Not Reported,1,Tracking,1,Stayed in original travel lane,13,C13-Single Driver-Forward Impact-Pedestrian/ Animal,0,0,No,777777777777,No Trailing Units,777777777777,No Trailing Units,777777777777,No Trailing Units
41,Oregon,410312,1,2,1,01,6,6,12,December,10,10:00am-10:59am,12,12,12,Motor Vehicle In-Transport,1,Front-to-Rear,1,Motor Vehicle In-Transport (Inside or Outside the Trafficway),0,No,53,Washington,2,Driver (in this crash) Not Registered Owner (Other Private Owner Listed),35,Datsun/Nissan,443,35443,Datsun/Nissan Quest,20,"Minivan (Chrysler Town and Country, Caravan, Grand Caravan, Voyager, Voyager, Honda-Odyssey, ...)",2006,2006,5N1BV28U16N1,5N1BV28U16N1,5,N,1,B,V,2,8,U,1,6,N,1,0,No Trailing Units,0,Not an Articulated Vehicle,0,Not Applicable,000000000,Not Applicable,00000000000,Not Applicable,0,Not Applicable,0,Not Applicable,0,Not Applicable (N/A),1,No,0,Not Applicable,0,Not Applicable,0,Not Applicable,0,Not Applicable,0,Not a Bus,0,No Special Use,0,Not Applicable,998,Not Reported,0,No Underride or Override Noted,0,No Rollover,0,No Rollover,12,12 Clock Point,6,Disabling Damage,2,Towed Due to Disabling Damage,12,Motor Vehicle In-Transport,0,,0,,0,No or Not Reported,1,Yes,53,Washington,98620,98620,6,Valid,1,Full Driver License,0,No (CDL),0,No Endorsements required for this vehicle,3,Valid license for this class vehicle,1,Restrictions Complied With,72,72,250,250 lbs.,0,,0,,0,,0,,0,,0,No Record,0,No Record,0,No Record,0,No Record,4,"Yes, Too Fast for Conditions",26,Following Improperly,0,,0,,0,,2,"Two-Way, Divided, Unprotected Median",2,Two lanes,65,65 MPH,1,Straight,1,Level,2,"Blacktop, Bituminous, or Asphalt",1,Dry,0,No Controls,0,No Controls,1,Going Straight,51,Traveling in same direction with lower steady speed,99,Unknown/Not Reported,1,Tracking,1,Stayed in original travel lane,24,"D24-Same Trafficway, Same Direction-Rear End-Slower",0,1,Yes,777777777777,No Trailing Units,777777777777,No Trailing Units,777777777777,No Trailing Units
41,Oregon,410312,2,2,1,01,6,6,12,December,10,10:00am-10:59am,12,12,12,Motor Vehicle In-Transport,1,Front-to-Rear,1,Motor Vehicle In-Transport (Inside or Outside the Trafficway),0,No,41,Oregon,1,Driver (in this crash) was  Registered Owner,49,Toyota,471,49471,Toyota Pickup,34,Light Pickup,1981,1981,JT4RN34R1B00,JT4RN34R1B00,J,T,4,R,N,3,4,R,1,B,0,0,0,No Trailing Units,0,Not an Articulated Vehicle,0,Not Applicable,000000000,Not Applicable,00000000000,Not Applicable,0,Not Applicable,0,Not Applicable,0,Not Applicable (N/A),1,No,0,Not Applicable,0,Not Applicable,0,Not Applicable,0,Not Applicable,0,Not a Bus,0,No Special Use,0,Not Applicable,998,Not Reported,0,No Underride or Override Noted,0,No Rollover,0,No Rollover,6,6 Clock Point,6,Disabling Damage,2,Towed Due to Disabling Damage,42,Tree (Standing Only),0,,0,,0,No or Not Reported,1,Yes,41,Oregon,97707,97707,6,Valid,1,Full Driver License,0,No (CDL),0,No Endorsements required for this vehicle,3,Valid license for this class vehicle,0,No Restrictions or Not Applicable,72,72,170,170 lbs.,0,,0,,0,,0,,0,,0,No Record,0,No Record,0,No Record,0,No Record,0,No,0,,0,,0,,0,,2,"Two-Way, Divided, Unprotected Median",2,Two lanes,65,65 MPH,1,Straight,1,Level,2,"Blacktop, Bituminous, or Asphalt",1,Dry,0,No Controls,0,No Controls,1,Going Straight,53,Traveling in same direction with higher speed,99,Unknown/Not Reported,1,Tracking,1,Stayed in original travel lane,25,"D25-Same Trafficway, Same Direction-Rear End-Slower, Going Straight",1,0,No,777777777777,No Trailing Units,777777777777,No Trailing Units,777777777777,No Trailing Units
41,Oregon,410313,1,1,1,01,6,6,12,December,11,11:00am-11:59am,51,51,35,Embankment,0,Not a Collision with Motor Vehicle In-Transport,1,Motor Vehicle In-Transport (Inside or Outside the Trafficway),0,No,41,Oregon,1,Driver (in this crash) was  Registered Owner,12,Ford,481,12481,Ford F-Series pickup,34,Light Pickup,1999,1999,1FTRX18L8XNB,1FTRX18L8XNB,1,F,T,R,X,1,8,L,8,X,N,B,0,No Trailing Units,0,Not an Articulated Vehicle,0,Not Applicable,000000000,Not Applicable,00000000000,Not Applicable,0,Not Applicable,0,Not Applicable,0,Not Applicable (N/A),1,No,0,Not Applicable,0,Not Applicable,0,Not Applicable,0,Not Applicable,0,Not a Bus,0,No Special Use,0,Not Applicable,998,Not Reported,0,No Underride or Override Noted,1,"Rollover, Tripped by Object/Vehicle",5,On Roadside,12,12 Clock Point,6,Disabling Damage,2,Towed Due to Disabling Damage,1,Rollover/Overturn,0,,0,,0,No or Not Reported,1,Yes,41,Oregon,97623,97623,6,Valid,1,Full Driver License,0,No (CDL),0,No Endorsements required for this vehicle,3,Valid license for this class vehicle,1,Restrictions Complied With,61,61,198,198 lbs.,0,,0,,0,,0,,0,,0,No Record,0,No Record,0,No Record,0,No Record,4,"Yes, Too Fast for Conditions",0,,0,,0,,0,,1,"Two-Way, Not Divided",2,Two lanes,55,55 MPH,4,Curve - Unknown Direction,1,Level,2,"Blacktop, Bituminous, or Asphalt",4,Ice/Frost,0,No Controls,0,No Controls,14,Negotiating a Curve,6,Traveling too fast for conditions,99,Unknown/Not Reported,1,Tracking,4,Departed roadway,1,A1-Single Driver-Right Roadside Departure-Drive Off Road,1,0,No,777777777777,No Trailing Units,777777777777,No Trailing Units,777777777777,No Trailing Units
41,Oregon,410314,1,2,1,01,7,7,12,December,14,2:00pm-2:59pm,15,15,12,Motor Vehicle In-Transport,6,Angle,1,Motor Vehicle In-Transport (Inside or Outside the Trafficway),0,No,41,Oregon,1,Driver (in this crash) was  Registered Owner,12,Ford,481,12481,Ford F-Series pickup,34,Light Pickup,1996,1996,1FTHX26F4TEA,1FTHX26F4TEA,1,F,T,H,X,2,6,F,4,T,E,A,0,No Trailing Units,0,Not an Articulated Vehicle,0,Not Applicable,000000000,Not Applicable,00000000000,Not Applicable,0,Not Applicable,0,Not Applicable,0,Not Applicable (N/A),1,No,0,Not Applicable,0,Not Applicable,0,Not Applicable,0,Not Applicable,0,Not a Bus,0,No Special Use,0,Not Applicable,998,Not Reported,0,No Underride or Override Noted,0,No Rollover,0,No Rollover,9,9 Clock Point,8,Not Reported,2,Towed Due to Disabling Damage,12,Motor Vehicle In-Transport,0,,0,,0,No or Not Reported,1,Yes,41,Oregon,97846,97846,6,Valid,1,Full Driver License,0,No (CDL),0,No Endorsements required for this vehicle,3,Valid license for this class vehicle,0,No Restrictions or Not Applicable,71,71,165,165 lbs.,0,,0,,0,,0,,0,,0,No Record,0,No Record,0,No Record,0,No Record,0,No,0,,0,,0,,0,,1,"Two-Way, Not Divided",2,Two lanes,40,40 MPH,3,Curve Left,1,Level,2,"Blacktop, Bituminous, or Asphalt",4,Ice/Frost,0,No Controls,0,No Controls,14,Negotiating a Curve,62,From opposite direction  over left lane line,99,Unknown/Not Reported,1,Tracking,1,Stayed in original travel lane,65,"I65-Same Trafficway, Opposite Direction-Angle, Sideswipe-Lateral Move (Going Straight)",0,0,No,777777777777,No Trailing Units,777777777777,No Trailing Units,777777777777,No Trailing Units
41,Oregon,410314,2,2,1,01,7,7,12,December,14,2:00pm-2:59pm,15,15,12,Motor Vehicle In-Transport,6,Angle,1,Motor Vehicle In-Transport (Inside or Outside the Trafficway),0,No,41,Oregon,1,Driver (in this crash) was  Registered Owner,7,Dodge,442,7442,Dodge Caravan/Grand Caravan,20,"Minivan (Chrysler Town and Country, Caravan, Grand Caravan, Voyager, Voyager, Honda-Odyssey, ...)",2000,2000,2B4GP45G9YR5,2B4GP45G9YR5,2,B,4,G,P,4,5,G,9,Y,R,5,0,No Trailing Units,0,Not an Articulated Vehicle,0,Not Applicable,000000000,Not Applicable,00000000000,Not Applicable,0,Not Applicable,0,Not Applicable,0,Not Applicable (N/A),1,No,0,Not Applicable,0,Not Applicable,0,Not Applicable,0,Not Applicable,0,Not a Bus,0,No Special Use,0,Not Applicable,998,Not Reported,0,No Underride or Override Noted,0,No Rollover,0,No Rollover,12,12 Clock Point,8,Not Reported,2,Towed Due to Disabling Damage,12,Motor Vehicle In-Transport,0,,0,,0,No or Not Reported,1,Yes,41,Oregon,97038,97038,6,Valid,1,Full Driver License,0,No (CDL),0,No Endorsements required for this vehicle,3,Valid license for this class vehicle,1,Restrictions Complied With,65,65,180,180 lbs.,1,1,0,,0,,0,,0,,12,December,2015,2015,12,December,2015,2015,4,"Yes, Too Fast for Conditions",28,Improper Lane Usage,0,,0,,0,,1,"Two-Way, Not Divided",2,Two lanes,40,40 MPH,2,Curve Right,1,Level,2,"Blacktop, Bituminous, or Asphalt",4,Ice/Frost,0,No Controls,0,No Controls,1,Going Straight,10,Over the lane line on left side of travel lane,99,Unknown/Not Reported,1,Tracking,2,"Stayed on roadway, but left original travel lane",64,"I64-Same Trafficway, Opposite Direction-Angle, Sideswipe-Lateral Move (Left/Right)",1,0,No,777777777777,No Trailing Units,777777777777,No Trailing Units,777777777777,No Trailing Units
41,Oregon,410315,1,2,1,01,7,7,12,December,19,7:00pm-7:59pm,30,30,12,Motor Vehicle In-Transport,6,Angle,1,Motor Vehicle In-Transport (Inside or Outside the Trafficway),0,No,41,Oregon,2,Driver (in this crash) Not Registered Owner (Other Private Owner Listed),37,Honda,31,37031,"Honda Civic/CRX, del Sol",2,"2-door sedan,hardtop,coupe",1994,1994,2HGEJ2127RH5,2HGEJ2127RH5,2,H,G,E,J,2,1,2,7,R,H,5,0,No Trailing Units,0,Not an Articulated Vehicle,0,Not Applicable,000000000,Not Applicable,00000000000,Not Applicable,0,Not Applicable,0,Not Applicable,0,Not Applicable (N/A),1,No,0,Not Applicable,0,Not Applicable,0,Not Applicable,0,Not Applicable,0,Not a Bus,0,No Special Use,0,Not Applicable,998,Not Reported,0,No Underride or Override Noted,0,No Rollover,0,No Rollover,3,3 Clock Point,6,Disabling Damage,2,Towed Due to Disabling Damage,12,Motor Vehicle In-Transport,0,,0,,0,No or Not Reported,1,Yes,41,Oregon,97424,97424,0,Not licensed,0,Not Licensed,0,No (CDL),0,No Endorsements required for this vehicle,0,Not licensed,0,No Restrictions or Not Applicable,70,70,280,280 lbs.,1,1,15,15,0,,0,,2,2,2,February,2016,2016,6,June,2017,2017,0,No,28,Improper Lane Usage,0,,0,,0,,1,"Two-Way, Not Divided",2,Two lanes,55,55 MPH,4,Curve - Unknown Direction,2,"Grade, Unknown Slope",2,"Blacktop, Bituminous, or Asphalt",2,Wet,0,No Controls,0,No Controls,14,Negotiating a Curve,9,Unknown cause of control loss,99,Unknown/Not Reported,9,Precrash stability unknown,2,"Stayed on roadway, but left original travel lane",64,"I64-Same Trafficway, Opposite Direction-Angle, Sideswipe-Lateral Move (Left/Right)",1,1,Yes,777777777777,No Trailing Units,777777777777,No Trailing Units,777777777777,No Trailing Units
41,Oregon,410315,2,2,1,01,7,7,12,December,19,7:00pm-7:59pm,30,30,12,Motor Vehicle In-Transport,6,Angle,1,Motor Vehicle In-Transport (Inside or Outside the Trafficway),0,No,41,Oregon,1,Driver (in this crash) was  Registered Owner,12,Ford,17,12017,Ford Taurus/Taurus X,4,"4-door sedan, hardtop",1995,1995,1FALP52U8SG2,1FALP52U8SG2,1,F,A,L,P,5,2,U,8,S,G,2,0,No Trailing Units,0,Not an Articulated Vehicle,0,Not Applicable,000000000,Not Applicable,00000000000,Not Applicable,0,Not Applicable,0,Not Applicable,0,Not Applicable (N/A),1,No,0,Not Applicable,0,Not Applicable,0,Not Applicable,0,Not Applicable,0,Not a Bus,0,No Special Use,0,Not Applicable,998,Not Reported,0,No Underride or Override Noted,0,No Rollover,0,No Rollover,11,11 Clock Point,6,Disabling Damage,2,Towed Due to Disabling Damage,12,Motor Vehicle In-Transport,0,,0,,0,No or Not Reported,1,Yes,41,Oregon,97424,97424,6,Valid,1,Full Driver License,0,No (CDL),0,No Endorsements required for this vehicle,3,Valid license for this class vehicle,0,No Restrictions or Not Applicable,64,64,140,140 lbs.,0,,0,,0,,0,,0,,0,No Record,0,No Record,0,No Record,0,No Record,0,No,0,,0,,0,,0,,1,"Two-Way, Not Divided",2,Two lanes,55,55 MPH,1,Straight,2,"Grade, Unknown Slope",2,"Blacktop, Bituminous, or Asphalt",2,Wet,0,No Controls,0,No Controls,1,Going Straight,62,From opposite direction  over left lane line,99,Unknown/Not Reported,9,Precrash stability unknown,1,Stayed in original travel lane,65,"I65-Same Trafficway, Opposite Direction-Angle, Sideswipe-Lateral Move (Going Straight)",0,0,No,777777777777,No Trailing Units,777777777777,No Trailing Units,777777777777,No Trailing Units
41,Oregon,410316,1,2,2,02,11,11,12,December,7,7:00am-7:59am,23,23,12,Motor Vehicle In-Transport,2,Front-to-Front,1,Motor Vehicle In-Transport (Inside or Outside the Trafficway),0,No,41,Oregon,2,Driver (in this crash) Not Registered Owner (Other Private Owner Listed),63,KIA,32,63032,KIA Rio/Rio5,4,"4-door sedan, hardtop",2009,2009,KNADE2238965,KNADE2238965,K,N,A,D,E,2,2,3,8,9,6,5,0,No Trailing Units,0,Not an Articulated Vehicle,0,Not Applicable,000000000,Not Applicable,00000000000,Not Applicable,0,Not Applicable,0,Not Applicable,0,Not Applicable (N/A),1,No,0,Not Applicable,0,Not Applicable,0,Not Applicable,0,Not Applicable,0,Not a Bus,0,No Special Use,0,Not Applicable,998,Not Reported,0,No Underride or Override Noted,0,No Rollover,0,No Rollover,12,12 Clock Point,6,Disabling Damage,2,Towed Due to Disabling Damage,12,Motor Vehicle In-Transport,0,,0,,0,No or Not Reported,1,Yes,41,Oregon,97224,97224,6,Valid,1,Full Driver License,0,No (CDL),0,No Endorsements required for this vehicle,3,Valid license for this class vehicle,0,No Restrictions or Not Applicable,64,64,200,200 lbs.,0,,0,,0,,0,,0,,0,No Record,0,No Record,0,No Record,0,No Record,4,"Yes, Too Fast for Conditions",28,Improper Lane Usage,0,,0,,0,,1,"Two-Way, Not Divided",2,Two lanes,55,55 MPH,1,Straight,1,Level,2,"Blacktop, Bituminous, or Asphalt",4,Ice/Frost,0,No Controls,0,No Controls,1,Going Straight,10,Over the lane line on left side of travel lane,99,Unknown/Not Reported,1,Tracking,2,"Stayed on roadway, but left original travel lane",50,"G50-Same Trafficway, Opposite Direction-Head-On-Lateral Move (Left/Right)",2,0,No,777777777777,No Trailing Units,777777777777,No Trailing Units,777777777777,No Trailing Units
41,Oregon,410316,2,2,2,02,11,11,12,December,7,7:00am-7:59am,23,23,12,Motor Vehicle In-Transport,2,Front-to-Front,1,Motor Vehicle In-Transport (Inside or Outside the Trafficway),0,No,6,California,2,Driver (in this crash) Not Registered Owner (Other Private Owner Listed),2,Jeep / Kaiser-Jeep / Willys- Jeep,422,2422,Jeep / Kaiser-Jeep / Willys- Jeep Grand Cherokee (For 2014 on.  Use model 404 for model years prior to 2013.),15,"Large utility (ANSI D16.1 Utility Vehicle Categories and ""Full Size"" and ""Large"")",2015,2015,1C4RJFBT0FC1,1C4RJFBT0FC1,1,C,4,R,J,F,B,T,0,F,C,1,0,No Trailing Units,0,Not an Articulated Vehicle,0,Not Applicable,000000000,Not Applicable,00000000000,Not Applicable,0,Not Applicable,0,Not Applicable,0,Not Applicable (N/A),1,No,0,Not Applicable,0,Not Applicable,0,Not Applicable,0,Not Applicable,0,Not a Bus,0,No Special Use,0,Not Applicable,998,Not Reported,0,No Underride or Override Noted,0,No Rollover,0,No Rollover,12,12 Clock Point,6,Disabling Damage,2,Towed Due to Disabling Damage,12,Motor Vehicle In-Transport,0,,0,,0,No or Not Reported,1,Yes,6,California,93257,93257,6,Valid,1,Full Driver License,0,No (CDL),0,No Endorsements required for this vehicle,3,Valid license for this class vehicle,0,No Restrictions or Not Applicable,69,69,155,155 lbs.,0,,0,,0,,0,,0,,0,No Record,0,No Record,0,No Record,0,No Record,4,"Yes, Too Fast for Conditions",0,,0,,0,,0,,1,"Two-Way, Not Divided",2,Two lanes,55,55 MPH,1,Straight,1,Level,2,"Blacktop, Bituminous, or Asphalt",4,Ice/Frost,0,No Controls,0,No Controls,1,Going Straight,62,From opposite direction  over left lane line,99,Unknown/Not Reported,1,Tracking,1,Stayed in original travel lane,51,"G51-Same Trafficway, Opposite Direction-Head-On-Lateral Move (Going Straight)",0,0,No,777777777777,No Trailing Units,777777777777,No Trailing Units,777777777777,No Trailing Units
41,Oregon,410317,1,1,1,01,13,13,12,December,13,1:00pm-1:59pm,15,15,35,Embankment,0,Not a Collision with Motor Vehicle In-Transport,1,Motor Vehicle In-Transport (Inside or Outside the Trafficway),0,No,41,Oregon,1,Driver (in this crash) was  Registered Owner,14,Mercury,17,14017,Mercury Sable,4,"4-door sedan, hardtop",2003,2003,1MEFM50243G6,1MEFM50243G6,1,M,E,F,M,5,0,2,4,3,G,6,0,No Trailing Units,0,Not an Articulated Vehicle,0,Not Applicable,000000000,Not Applicable,00000000000,Not Applicable,0,Not Applicable,0,Not Applicable,0,Not Applicable (N/A),1,No,0,Not Applicable,0,Not Applicable,0,Not Applicable,0,Not Applicable,0,Not a Bus,0,No Special Use,0,Not Applicable,998,Not Reported,0,No Underride or Override Noted,0,No Rollover,0,No Rollover,12,12 Clock Point,6,Disabling Damage,2,Towed Due to Disabling Damage,42,Tree (Standing Only),0,,0,,0,No or Not Reported,1,Yes,41,Oregon,97123,97123,6,Valid,1,Full Driver License,0,No (CDL),0,No Endorsements required for this vehicle,3,Valid license for this class vehicle,3,"Restrictions, Compliance Unknown",66,66,205,205 lbs.,0,,0,,0,,0,,0,,0,No Record,0,No Record,0,No Record,0,No Record,0,No,99,Unknown,99,Unknown,99,Unknown,99,Unknown,1,"Two-Way, Not Divided",2,Two lanes,55,55 MPH,4,Curve - Unknown Direction,2,"Grade, Unknown Slope",2,"Blacktop, Bituminous, or Asphalt",1,Dry,0,No Controls,0,No Controls,14,Negotiating a Curve,13,Off the edge of the road on the right side,99,Unknown/Not Reported,1,Tracking,4,Departed roadway,1,A1-Single Driver-Right Roadside Departure-Drive Off Road,1,0,No,777777777777,No Trailing Units,777777777777,No Trailing Units,777777777777,No Trailing Units
41,Oregon,410318,1,1,1,01,15,15,12,December,22,10:00pm-10:59pm,35,35,25,Concrete Traffic Barrier,0,Not a Collision with Motor Vehicle In-Transport,1,Motor Vehicle In-Transport (Inside or Outside the Trafficway),0,No,41,Oregon,3,Vehicle Registered as Business/Company/Government Vehicle,85,Kenworth,881,85881,Kenworth Medium/Heavy - CBE,66,"Truck-tractor (Cab only, or with any number of trailing unit; any weight)",2011,2011,1NKDX40X9BJ2,1NKDX40X9BJ2,1,N,K,D,X,4,0,X,9,B,J,2,2,Two Trailing Units,1,No,57,US DOT,1967752,1967752,571967752,571967752,3,"26,001 lbs. or more",7,Truck Tractor/Double,2,Cargo Tank,2,Yes,2,Yes,1203,1203,3,03,2,Yes,0,Not a Bus,0,No Special Use,0,Not Applicable,998,Not Reported,0,No Underride or Override Noted,1,"Rollover, Tripped by Object/Vehicle",1,On Roadway,62,Left-Front Side,6,Disabling Damage,2,Towed Due to Disabling Damage,2,Fire/Explosion,0,,0,,1,Yes,1,Yes,41,Oregon,97756,97756,6,Valid,1,Full Driver License,6,Valid,2,"Endorsement(s) Required, Not Complied with",3,Valid license for this class vehicle,1,Restrictions Complied With,68,68,185,185 lbs.,0,,0,,0,,2,2,0,,7,July,2015,2015,10,October,2015,2015,4,"Yes, Too Fast for Conditions",87,"Ice, Snow, Slush, Water, Sand, Dirt, Oil, Wet Leaves on Road",0,,0,,0,,1,"Two-Way, Not Divided",2,Two lanes,55,55 MPH,4,Curve - Unknown Direction,2,"Grade, Unknown Slope",2,"Blacktop, Bituminous, or Asphalt",4,Ice/Frost,0,No Controls,0,No Controls,14,Negotiating a Curve,5,"Poor road conditions (puddle, pothole, ice, etc.) (Specify:)",99,Unknown/Not Reported,2,Skidding longitudinally  rotation less than 30 degrees,4,Departed roadway,7,B7-Single Driver-Left Roadside Departure-Control/Traction Loss,1,0,No,888888888888,Not Reported,888888888888,Not Reported,777777777777,No Trailing Units
41,Oregon,410319,1,1,3,03,16,16,12,December,4,4:00am-4:59am,19,19,35,Embankment,0,Not a Collision with Motor Vehicle In-Transport,1,Motor Vehicle In-Transport (Inside or Outside the Trafficway),0,No,41,Oregon,2,Driver (in this crash) Not Registered Owner (Other Private Owner Listed),12,Ford,481,12481,Ford F-Series pickup,34,Light Pickup,1999,1999,1FTSW31F1XEE,1FTSW31F1XEE,1,F,T,S,W,3,1,F,1,X,E,E,0,No Trailing Units,0,Not an Articulated Vehicle,0,Not Applicable,000000000,Not Applicable,00000000000,Not Applicable,0,Not Applicable,0,Not Applicable,0,Not Applicable (N/A),1,No,0,Not Applicable,0,Not Applicable,0,Not Applicable,0,Not Applicable,0,Not a Bus,0,No Special Use,0,Not Applicable,998,Not Reported,0,No Underride or Override Noted,1,"Rollover, Tripped by Object/Vehicle",5,On Roadside,12,12 Clock Point,6,Disabling Damage,2,Towed Due to Disabling Damage,1,Rollover/Overturn,0,,0,,0,No or Not Reported,1,Yes,41,Oregon,97303,97303,6,Valid,1,Full Driver License,0,No (CDL),0,No Endorsements required for this vehicle,3,Valid license for this class vehicle,0,No Restrictions or Not Applicable,64,64,160,160 lbs.,0,,0,,0,,0,,0,,0,No Record,0,No Record,0,No Record,0,No Record,4,"Yes, Too Fast for Conditions",36,"Operating the Vehicle in an Erratic, Reckless or Negligent Manner.",0,,0,,0,,1,"Two-Way, Not Divided",2,Two lanes,98,Not Reported,4,Curve - Unknown Direction,2,"Grade, Unknown Slope",2,"Blacktop, Bituminous, or Asphalt",4,Ice/Frost,0,No Controls,0,No Controls,14,Negotiating a Curve,5,"Poor road conditions (puddle, pothole, ice, etc.) (Specify:)",99,Unknown/Not Reported,9,Precrash stability unknown,4,Departed roadway,7,B7-Single Driver-Left Roadside Departure-Control/Traction Loss,1,1,Yes,777777777777,No Trailing Units,777777777777,No Trailing Units,777777777777,No Trailing Units
41,Oregon,410320,1,2,1,01,20,20,12,December,8,8:00am-8:59am,52,52,12,Motor Vehicle In-Transport,2,Front-to-Front,1,Motor Vehicle In-Transport (Inside or Outside the Trafficway),0,No,41,Oregon,1,Driver (in this crash) was  Registered Owner,67,Scion,36,67036,Scion iA,4,"4-door sedan, hardtop",2016,2016,3MYDLBZV2GY1,3MYDLBZV2GY1,3,M,Y,D,L,B,Z,V,2,G,Y,1,0,No Trailing Units,0,Not an Articulated Vehicle,0,Not Applicable,000000000,Not Applicable,00000000000,Not Applicable,0,Not Applicable,0,Not Applicable,0,Not Applicable (N/A),1,No,0,Not Applicable,0,Not Applicable,0,Not Applicable,0,Not Applicable,0,Not a Bus,0,No Special Use,0,Not Applicable,998,Not Reported,0,No Underride or Override Noted,0,No Rollover,0,No Rollover,12,12 Clock Point,6,Disabling Damage,2,Towed Due to Disabling Damage,12,Motor Vehicle In-Transport,0,,0,,0,No or Not Reported,1,Yes,41,Oregon,97459,97459,6,Valid,1,Full Driver License,0,No (CDL),0,No Endorsements required for this vehicle,3,Valid license for this class vehicle,0,No Restrictions or Not Applicable,67,67,150,150 lbs.,0,,0,,0,,3,3,0,,9,September,2016,2016,6,June,2017,2017,4,"Yes, Too Fast for Conditions",28,Improper Lane Usage,0,,0,,0,,1,"Two-Way, Not Divided",3,Three lanes,55,55 MPH,4,Curve - Unknown Direction,2,"Grade, Unknown Slope",2,"Blacktop, Bituminous, or Asphalt",10,Slush,0,No Controls,0,No Controls,14,Negotiating a Curve,5,"Poor road conditions (puddle, pothole, ice, etc.) (Specify:)",99,Unknown/Not Reported,9,Precrash stability unknown,2,"Stayed on roadway, but left original travel lane",50,"G50-Same Trafficway, Opposite Direction-Head-On-Lateral Move (Left/Right)",1,0,No,777777777777,No Trailing Units,777777777777,No Trailing Units,777777777777,No Trailing Units
41,Oregon,410320,2,2,2,02,20,20,12,December,8,8:00am-8:59am,52,52,12,Motor Vehicle In-Transport,2,Front-to-Front,1,Motor Vehicle In-Transport (Inside or Outside the Trafficway),0,No,41,Oregon,1,Driver (in this crash) was  Registered Owner,2,Jeep / Kaiser-Jeep / Willys- Jeep,405,2405,Jeep / Kaiser-Jeep / Willys- Jeep Liberty,14,"Compact Utility (Utility Vehicle Categories ""Small"" and ""Midsize"")",2010,2010,1J4PN5GK7AW1,1J4PN5GK7AW1,1,J,4,P,N,5,G,K,7,A,W,1,0,No Trailing Units,0,Not an Articulated Vehicle,0,Not Applicable,000000000,Not Applicable,00000000000,Not Applicable,0,Not Applicable,0,Not Applicable,0,Not Applicable (N/A),1,No,0,Not Applicable,0,Not Applicable,0,Not Applicable,0,Not Applicable,0,Not a Bus,0,No Special Use,0,Not Applicable,998,Not Reported,0,No Underride or Override Noted,1,"Rollover, Tripped by Object/Vehicle",9,Unknown,12,12 Clock Point,6,Disabling Damage,2,Towed Due to Disabling Damage,12,Motor Vehicle In-Transport,0,,0,,0,No or Not Reported,1,Yes,41,Oregon,97496,97496,6,Valid,1,Full Driver License,0,No (CDL),0,No Endorsements required for this vehicle,3,Valid license for this class vehicle,3,"Restrictions, Compliance Unknown",69,69,235,235 lbs.,0,,0,,0,,0,,0,,0,No Record,0,No Record,0,No Record,0,No Record,0,No,0,,0,,0,,0,,1,"Two-Way, Not Divided",3,Three lanes,55,55 MPH,4,Curve - Unknown Direction,2,"Grade, Unknown Slope",2,"Blacktop, Bituminous, or Asphalt",10,Slush,0,No Controls,0,No Controls,14,Negotiating a Curve,62,From opposite direction  over left lane line,99,Unknown/Not Reported,1,Tracking,1,Stayed in original travel lane,51,"G51-Same Trafficway, Opposite Direction-Head-On-Lateral Move (Going Straight)",0,0,No,777777777777,No Trailing Units,777777777777,No Trailing Units,777777777777,No Trailing Units
41,Oregon,410321,1,2,1,01,23,23,12,December,15,3:00pm-3:59pm,13,13,12,Motor Vehicle In-Transport,6,Angle,1,Motor Vehicle In-Transport (Inside or Outside the Trafficway),0,No,41,Oregon,2,Driver (in this crash) Not Registered Owner (Other Private Owner Listed),41,Mazda,35,41035,Mazda 323/GLC/ Prot`g`/ Prot`g`5,4,"4-door sedan, hardtop",1998,1998,JM1BC1416W02,JM1BC1416W02,J,M,1,B,C,1,4,1,6,W,0,2,0,No Trailing Units,0,Not an Articulated Vehicle,0,Not Applicable,000000000,Not Applicable,00000000000,Not Applicable,0,Not Applicable,0,Not Applicable,0,Not Applicable (N/A),1,No,0,Not Applicable,0,Not Applicable,0,Not Applicable,0,Not Applicable,0,Not a Bus,0,No Special Use,0,Not Applicable,998,Not Reported,0,No Underride or Override Noted,0,No Rollover,0,No Rollover,3,3 Clock Point,6,Disabling Damage,2,Towed Due to Disabling Damage,12,Motor Vehicle In-Transport,0,,0,,0,No or Not Reported,1,Yes,41,Oregon,97504,97504,6,Valid,1,Full Driver License,0,No (CDL),0,No Endorsements required for this vehicle,3,Valid license for this class vehicle,0,No Restrictions or Not Applicable,72,72,275,275 lbs.,0,,0,,0,,0,,0,,0,No Record,0,No Record,0,No Record,0,No Record,0,No,38,Failure to Yield Right-of-Way,0,,0,,0,,1,"Two-Way, Not Divided",2,Two lanes,35,35 MPH,1,Straight,2,"Grade, Unknown Slope",2,"Blacktop, Bituminous, or Asphalt",1,Dry,0,No Controls,0,No Controls,12,Making a U-turn,21,Making a U-Turn,99,Unknown/Not Reported,9,Precrash stability unknown,1,Stayed in original travel lane,98,M98-Other Crash Type,1,1,Yes,777777777777,No Trailing Units,777777777777,No Trailing Units,777777777777,No Trailing Units
41,Oregon,410321,2,2,2,02,23,23,12,December,15,3:00pm-3:59pm,13,13,12,Motor Vehicle In-Transport,6,Angle,1,Motor Vehicle In-Transport (Inside or Outside the Trafficway),0,No,41,Oregon,2,Driver (in this crash) Not Registered Owner (Other Private Owner Listed),12,Ford,17,12017,Ford Taurus/Taurus X,4,"4-door sedan, hardtop",2006,2006,1FAFP53276A2,1FAFP53276A2,1,F,A,F,P,5,3,2,7,6,A,2,0,No Trailing Units,0,Not an Articulated Vehicle,0,Not Applicable,000000000,Not Applicable,00000000000,Not Applicable,0,Not Applicable,0,Not Applicable,0,Not Applicable (N/A),1,No,0,Not Applicable,0,Not Applicable,0,Not Applicable,0,Not Applicable,0,Not a Bus,0,No Special Use,0,Not Applicable,998,Not Reported,0,No Underride or Override Noted,0,No Rollover,0,No Rollover,12,12 Clock Point,6,Disabling Damage,2,Towed Due to Disabling Damage,12,Motor Vehicle In-Transport,0,,0,,0,No or Not Reported,1,Yes,41,Oregon,97524,97524,6,Valid,1,Full Driver License,0,No (CDL),0,No Endorsements required for this vehicle,3,Valid license for this class vehicle,0,No Restrictions or Not Applicable,75,75,210,210 lbs.,0,,1,1,0,,1,1,1,1,10,October,2016,2016,8,August,2017,2017,9,Unknown,0,,0,,0,,0,,1,"Two-Way, Not Divided",2,Two lanes,35,35 MPH,1,Straight,2,"Grade, Unknown Slope",2,"Blacktop, Bituminous, or Asphalt",1,Dry,0,No Controls,0,No Controls,1,Going Straight,64,"From parking Lane/Shoulder, Median/Crossover, Roadside",99,Unknown/Not Reported,9,Precrash stability unknown,1,Stayed in original travel lane,98,M98-Other Crash Type,0,1,Yes,777777777777,No Trailing Units,777777777777,No Trailing Units,777777777777,No Trailing Units
41,Oregon,410322,1,2,2,02,25,25,12,December,15,3:00pm-3:59pm,25,25,12,Motor Vehicle In-Transport,6,Angle,1,Motor Vehicle In-Transport (Inside or Outside the Trafficway),0,No,41,Oregon,2,Driver (in this crash) Not Registered Owner (Other Private Owner Listed),35,Datsun/Nissan,50,35050,Datsun/Nissan Versa,5,5-door/4-door hatchback,2008,2008,3N1BC13EX8L4,3N1BC13EX8L4,3,N,1,B,C,1,3,E,X,8,L,4,0,No Trailing Units,0,Not an Articulated Vehicle,0,Not Applicable,000000000,Not Applicable,00000000000,Not Applicable,0,Not Applicable,0,Not Applicable,0,Not Applicable (N/A),1,No,0,Not Applicable,0,Not Applicable,0,Not Applicable,0,Not Applicable,0,Not a Bus,0,No Special Use,0,Not Applicable,998,Not Reported,0,No Underride or Override Noted,0,No Rollover,0,No Rollover,3,3 Clock Point,6,Disabling Damage,2,Towed Due to Disabling Damage,12,Motor Vehicle In-Transport,0,,0,,1,Yes,1,Yes,41,Oregon,97034,97034,6,Valid,1,Full Driver License,0,No (CDL),0,No Endorsements required for this vehicle,3,Valid license for this class vehicle,3,"Restrictions, Compliance Unknown",68,68,160,160 lbs.,0,,0,,0,,0,,0,,0,No Record,0,No Record,0,No Record,0,No Record,4,"Yes, Too Fast for Conditions",0,,0,,0,,0,,1,"Two-Way, Not Divided",2,Two lanes,55,55 MPH,4,Curve - Unknown Direction,1,Level,2,"Blacktop, Bituminous, or Asphalt",4,Ice/Frost,0,No Controls,0,No Controls,14,Negotiating a Curve,5,"Poor road conditions (puddle, pothole, ice, etc.) (Specify:)",99,Unknown/Not Reported,9,Precrash stability unknown,2,"Stayed on roadway, but left original travel lane",64,"I64-Same Trafficway, Opposite Direction-Angle, Sideswipe-Lateral Move (Left/Right)",2,0,No,777777777777,No Trailing Units,777777777777,No Trailing Units,777777777777,No Trailing Units
41,Oregon,410322,2,2,2,02,25,25,12,December,15,3:00pm-3:59pm,25,25,12,Motor Vehicle In-Transport,6,Angle,1,Motor Vehicle In-Transport (Inside or Outside the Trafficway),0,No,41,Oregon,1,Driver (in this crash) was  Registered Owner,48,Subaru,45,48045,Subaru Outback (2003 on)(see 034 for prior to 2003),6,Station Wagon (excluding van and truck based),2018,2018,4S4BSANC3J32,4S4BSANC3J32,4,S,4,B,S,A,N,C,3,J,3,2,0,No Trailing Units,0,Not an Articulated Vehicle,0,Not Applicable,000000000,Not Applicable,00000000000,Not Applicable,0,Not Applicable,0,Not Applicable,0,Not Applicable (N/A),1,No,0,Not Applicable,0,Not Applicable,0,Not Applicable,0,Not Applicable,0,Not a Bus,0,No Special Use,0,Not Applicable,998,Not Reported,0,No Underride or Override Noted,0,No Rollover,0,No Rollover,12,12 Clock Point,6,Disabling Damage,2,Towed Due to Disabling Damage,12,Motor Vehicle In-Transport,0,,0,,0,No or Not Reported,1,Yes,41,Oregon,97214,97214,6,Valid,1,Full Driver License,0,No (CDL),0,No Endorsements required for this vehicle,3,Valid license for this class vehicle,0,No Restrictions or Not Applicable,69,69,165,165 lbs.,0,,2,2,0,,0,,0,,6,June,2014,2014,1,January,2016,2016,0,No,0,,0,,0,,0,,1,"Two-Way, Not Divided",2,Two lanes,55,55 MPH,4,Curve - Unknown Direction,1,Level,2,"Blacktop, Bituminous, or Asphalt",4,Ice/Frost,0,No Controls,0,No Controls,14,Negotiating a Curve,62,From opposite direction  over left lane line,99,Unknown/Not Reported,9,Precrash stability unknown,1,Stayed in original travel lane,65,"I65-Same Trafficway, Opposite Direction-Angle, Sideswipe-Lateral Move (Going Straight)",0,0,No,777777777777,No Trailing Units,777777777777,No Trailing Units,777777777777,No Trailing Units
41,Oregon,410323,1,1,1,01,26,26,12,December,1,1:00am-1:59am,42,42,34,Ditch,0,Not a Collision with Motor Vehicle In-Transport,1,Motor Vehicle In-Transport (Inside or Outside the Trafficway),0,No,41,Oregon,1,Driver (in this crash) was  Registered Owner,35,Datsun/Nissan,401,35401,Datsun/Nissan Pathfinder,14,"Compact Utility (Utility Vehicle Categories ""Small"" and ""Midsize"")",2001,2001,JN8DR09Y61W6,JN8DR09Y61W6,J,N,8,D,R,0,9,Y,6,1,W,6,0,No Trailing Units,0,Not an Articulated Vehicle,0,Not Applicable,000000000,Not Applicable,00000000000,Not Applicable,0,Not Applicable,0,Not Applicable,0,Not Applicable (N/A),1,No,0,Not Applicable,0,Not Applicable,0,Not Applicable,0,Not Applicable,0,Not a Bus,0,No Special Use,0,Not Applicable,998,Not Reported,0,No Underride or Override Noted,1,"Rollover, Tripped by Object/Vehicle",5,On Roadside,12,12 Clock Point,6,Disabling Damage,2,Towed Due to Disabling Damage,1,Rollover/Overturn,0,,0,,0,No or Not Reported,1,Yes,41,Oregon,97503,97503,6,Valid,1,Full Driver License,0,No (CDL),0,No Endorsements required for this vehicle,3,Valid license for this class vehicle,3,"Restrictions, Compliance Unknown",65,65,115,115 lbs.,0,,1,1,0,,1,1,0,,6,June,2015,2015,3,March,2016,2016,4,"Yes, Too Fast for Conditions",99,Unknown,99,Unknown,99,Unknown,99,Unknown,1,"Two-Way, Not Divided",2,Two lanes,55,55 MPH,1,Straight,2,"Grade, Unknown Slope",2,"Blacktop, Bituminous, or Asphalt",2,Wet,0,No Controls,0,No Controls,1,Going Straight,6,Traveling too fast for conditions,99,Unknown/Not Reported,9,Precrash stability unknown,4,Departed roadway,6,B6-Single Driver-Left Roadside Departure-Drive Off Road,1,1,Yes,777777777777,No Trailing Units,777777777777,No Trailing Units,777777777777,No Trailing Units
41,Oregon,410324,1,2,3,03,28,28,12,December,12,12:00pm-12:59pm,36,36,12,Motor Vehicle In-Transport,2,Front-to-Front,1,Motor Vehicle In-Transport (Inside or Outside the Trafficway),0,No,41,Oregon,1,Driver (in this crash) was  Registered Owner,19,Cadillac,22,19022,Cadillac DTS,4,"4-door sedan, hardtop",2007,2007,1G6KD57Y27U2,1G6KD57Y27U2,1,G,6,K,D,5,7,Y,2,7,U,2,0,No Trailing Units,0,Not an Articulated Vehicle,0,Not Applicable,000000000,Not Applicable,00000000000,Not Applicable,0,Not Applicable,0,Not Applicable,0,Not Applicable (N/A),1,No,0,Not Applicable,0,Not Applicable,0,Not Applicable,0,Not Applicable,0,Not a Bus,0,No Special Use,0,Not Applicable,15,015 MPH,0,No Underride or Override Noted,0,No Rollover,0,No Rollover,12,12 Clock Point,4,Functional Damage,3,Towed Not Due to Disabling Damage,12,Motor Vehicle In-Transport,0,,0,,0,No or Not Reported,1,Yes,41,Oregon,97303,97303,6,Valid,1,Full Driver License,0,No (CDL),0,No Endorsements required for this vehicle,3,Valid license for this class vehicle,3,"Restrictions, Compliance Unknown",66,66,200,200 lbs.,0,,0,,0,,0,,0,,0,No Record,0,No Record,0,No Record,0,No Record,9,Unknown,39,"Failure to Obey Actual Traffic Sign,Traffic Control Devices or Traffic Officers;Failure to Obey Safety Zone Traffic Laws",38,Failure to Yield Right-of-Way,0,,0,,1,"Two-Way, Not Divided",2,Two lanes,45,45 MPH,1,Straight,2,"Grade, Unknown Slope",2,"Blacktop, Bituminous, or Asphalt",1,Dry,20,Stop Sign,3,Device Functioning Properly,11,Turning Left,15,Turning Left,99,Unknown/Not Reported,9,Precrash stability unknown,1,Stayed in original travel lane,82,K82-Trafficway Vehicle Turning-Turn Into Path-Turn Into Opposite Directions (Turning Left),1,0,No,777777777777,No Trailing Units,777777777777,No Trailing Units,777777777777,No Trailing Units
41,Oregon,410324,2,2,1,01,28,28,12,December,12,12:00pm-12:59pm,36,36,12,Motor Vehicle In-Transport,2,Front-to-Front,1,Motor Vehicle In-Transport (Inside or Outside the Trafficway),0,No,41,Oregon,1,Driver (in this crash) was  Registered Owner,49,Toyota,40,49040,Toyota Camry,4,"4-door sedan, hardtop",2002,2002,JTDBE32K5200,JTDBE32K5200,J,T,D,B,E,3,2,K,5,2,0,0,0,No Trailing Units,0,Not an Articulated Vehicle,0,Not Applicable,000000000,Not Applicable,00000000000,Not Applicable,0,Not Applicable,0,Not Applicable,0,Not Applicable (N/A),1,No,0,Not Applicable,0,Not Applicable,0,Not Applicable,0,Not Applicable,0,Not a Bus,0,No Special Use,0,Not Applicable,30,030 MPH,0,No Underride or Override Noted,0,No Rollover,0,No Rollover,12,12 Clock Point,8,Not Reported,2,Towed Due to Disabling Damage,12,Motor Vehicle In-Transport,0,,0,,0,No or Not Reported,1,Yes,41,Oregon,97304,97304,6,Valid,1,Full Driver License,0,No (CDL),0,No Endorsements required for this vehicle,3,Valid license for this class vehicle,0,No Restrictions or Not Applicable,74,74,175,175 lbs.,0,,0,,0,,0,,0,,0,No Record,0,No Record,0,No Record,0,No Record,0,No,0,,0,,0,,0,,1,"Two-Way, Not Divided",4,Four lanes,45,45 MPH,1,Straight,1,Level,2,"Blacktop, Bituminous, or Asphalt",1,Dry,0,No Controls,0,No Controls,1,Going Straight,67,"From crossing street, turning into opposite direction",99,Unknown/Not Reported,9,Precrash stability unknown,9,Unknown,83,K83-Trafficway Vehicle Turning-Turn Into Path-Turn Into Opposite Directions (Going Straight),0,0,No,777777777777,No Trailing Units,777777777777,No Trailing Units,777777777777,No Trailing Units
41,Oregon,410325,1,2,1,01,28,28,12,December,13,1:00pm-1:59pm,10,10,12,Motor Vehicle In-Transport,6,Angle,1,Motor Vehicle In-Transport (Inside or Outside the Trafficway),0,No,41,Oregon,3,Vehicle Registered as Business/Company/Government Vehicle,82,Freightliner,881,82881,Freightliner Medium/Heavy - CBE,66,"Truck-tractor (Cab only, or with any number of trailing unit; any weight)",2001,2001,1FUJBBAS11PH,1FUJBBAS11PH,1,F,U,J,B,B,A,S,1,1,P,H,1,One Trailing Unit,1,No,57,US DOT,1932910,1932910,571932910,571932910,3,"26,001 lbs. or more",6,Truck Tractor/Semi-Trailer,1,Van/Enclosed Box,1,No,0,Not Applicable,0,Not Applicable,0,Not Applicable,0,Not Applicable,0,Not a Bus,0,No Special Use,0,Not Applicable,998,Not Reported,0,No Underride or Override Noted,0,No Rollover,0,No Rollover,12,12 Clock Point,4,Functional Damage,3,Towed Not Due to Disabling Damage,12,Motor Vehicle In-Transport,0,,0,,0,No or Not Reported,1,Yes,41,Oregon,97527,97527,6,Valid,1,Full Driver License,6,Valid,1,"Endorsement(s) Required, Complied with",3,Valid license for this class vehicle,0,No Restrictions or Not Applicable,70,70,160,160 lbs.,0,,0,,0,,0,,0,,0,No Record,0,No Record,0,No Record,0,No Record,0,No,0,,0,,0,,0,,1,"Two-Way, Not Divided",4,Four lanes,55,55 MPH,1,Straight,1,Level,2,"Blacktop, Bituminous, or Asphalt",1,Dry,4,Flashing Traffic Control Signal,3,Device Functioning Properly,1,Going Straight,66,"From crossing street, across path",99,Unknown/Not Reported,1,Tracking,1,Stayed in original travel lane,86,L86-Intersecting Paths-Straight Paths-Striking from the Right,0,0,No,5DN155345JB0,5DN155345JB0,777777777777,No Trailing Units,777777777777,No Trailing Units
41,Oregon,410325,2,2,2,02,28,28,12,December,13,1:00pm-1:59pm,10,10,12,Motor Vehicle In-Transport,6,Angle,1,Motor Vehicle In-Transport (Inside or Outside the Trafficway),0,No,6,California,1,Driver (in this crash) was  Registered Owner,49,Toyota,40,49040,Toyota Camry,4,"4-door sedan, hardtop",2013,2013,4T1BF1FK1DU2,4T1BF1FK1DU2,4,T,1,B,F,1,F,K,1,D,U,2,0,No Trailing Units,0,Not an Articulated Vehicle,0,Not Applicable,000000000,Not Applicable,00000000000,Not Applicable,0,Not Applicable,0,Not Applicable,0,Not Applicable (N/A),1,No,0,Not Applicable,0,Not Applicable,0,Not Applicable,0,Not Applicable,0,Not a Bus,0,No Special Use,0,Not Applicable,998,Not Reported,0,No Underride or Override Noted,0,No Rollover,0,No Rollover,3,3 Clock Point,6,Disabling Damage,2,Towed Due to Disabling Damage,12,Motor Vehicle In-Transport,0,,0,,0,No or Not Reported,1,Yes,6,California,91739,91739,6,Valid,1,Full Driver License,0,No (CDL),0,No Endorsements required for this vehicle,3,Valid license for this class vehicle,0,No Restrictions or Not Applicable,68,68,240,240 lbs.,0,,0,,0,,0,,0,,0,No Record,0,No Record,0,No Record,0,No Record,9,Unknown,39,"Failure to Obey Actual Traffic Sign,Traffic Control Devices or Traffic Officers;Failure to Obey Safety Zone Traffic Laws",0,,0,,0,,1,"Two-Way, Not Divided",2,Two lanes,55,55 MPH,1,Straight,1,Level,2,"Blacktop, Bituminous, or Asphalt",1,Dry,20,Stop Sign,3,Device Functioning Properly,1,Going Straight,17,Crossing over (passing through) Junction,99,Unknown/Not Reported,1,Tracking,1,Stayed in original travel lane,87,L87-Intersecting Paths-Straight Paths-Struck on the Right,2,0,No,777777777777,No Trailing Units,777777777777,No Trailing Units,777777777777,No Trailing Units
41,Oregon,410326,1,1,1,01,30,30,12,December,15,3:00pm-3:59pm,19,19,9,Pedalcyclist,0,Not a Collision with Motor Vehicle In-Transport,1,Motor Vehicle In-Transport (Inside or Outside the Trafficway),0,No,41,Oregon,1,Driver (in this crash) was  Registered Owner,23,GMC,481,23481,"GMC C, K, R, V-series pickup/     Sierra",34,Light Pickup,2002,2002,1GTHK29122E2,1GTHK29122E2,1,G,T,H,K,2,9,1,2,2,E,2,0,No Trailing Units,0,Not an Articulated Vehicle,0,Not Applicable,000000000,Not Applicable,00000000000,Not Applicable,0,Not Applicable,0,Not Applicable,0,Not Applicable (N/A),1,No,0,Not Applicable,0,Not Applicable,0,Not Applicable,0,Not Applicable,0,Not a Bus,0,No Special Use,0,Not Applicable,998,Not Reported,0,No Underride or Override Noted,0,No Rollover,0,No Rollover,12,12 Clock Point,2,Minor Damage,3,Towed Not Due to Disabling Damage,9,Pedalcyclist,0,,0,,0,No or Not Reported,1,Yes,41,Oregon,97701,97701,6,Valid,1,Full Driver License,0,No (CDL),0,No Endorsements required for this vehicle,3,Valid license for this class vehicle,0,No Restrictions or Not Applicable,67,67,170,170 lbs.,0,,0,,0,,0,,0,,0,No Record,0,No Record,0,No Record,0,No Record,0,No,28,Improper Lane Usage,0,,0,,0,,1,"Two-Way, Not Divided",2,Two lanes,55,55 MPH,4,Curve - Unknown Direction,1,Level,2,"Blacktop, Bituminous, or Asphalt",1,Dry,0,No Controls,0,No Controls,14,Negotiating a Curve,10,Over the lane line on left side of travel lane,99,Unknown/Not Reported,9,Precrash stability unknown,2,"Stayed on roadway, but left original travel lane",13,C13-Single Driver-Forward Impact-Pedestrian/ Animal,0,0,No,777777777777,No Trailing Units,777777777777,No Trailing Units,777777777777,No Trailing Units
41,Oregon,410327,1,1,1,01,30,30,12,December,16,4:00pm-4:59pm,47,47,42,Tree (Standing Only),0,Not a Collision with Motor Vehicle In-Transport,1,Motor Vehicle In-Transport (Inside or Outside the Trafficway),0,No,41,Oregon,1,Driver (in this crash) was  Registered Owner,37,Honda,31,37031,"Honda Civic/CRX, del Sol",2,"2-door sedan,hardtop,coupe",2004,2004,1HGEM22034L0,1HGEM22034L0,1,H,G,E,M,2,2,0,3,4,L,0,0,No Trailing Units,0,Not an Articulated Vehicle,0,Not Applicable,000000000,Not Applicable,00000000000,Not Applicable,0,Not Applicable,0,Not Applicable,0,Not Applicable (N/A),1,No,0,Not Applicable,0,Not Applicable,0,Not Applicable,0,Not Applicable,0,Not a Bus,0,No Special Use,0,Not Applicable,998,Not Reported,0,No Underride or Override Noted,1,"Rollover, Tripped by Object/Vehicle",5,On Roadside,1,1 Clock Point,6,Disabling Damage,2,Towed Due to Disabling Damage,3,Immersion or Partial Immersion,0,,0,,0,No or Not Reported,1,Yes,41,Oregon,97420,97420,6,Valid,1,Full Driver License,0,No (CDL),0,No Endorsements required for this vehicle,3,Valid license for this class vehicle,0,No Restrictions or Not Applicable,69,69,208,208 lbs.,0,,0,,0,,1,1,0,,10,October,2017,2017,10,October,2017,2017,9,Unknown,99,Unknown,99,Unknown,99,Unknown,99,Unknown,1,"Two-Way, Not Divided",2,Two lanes,55,55 MPH,1,Straight,1,Level,2,"Blacktop, Bituminous, or Asphalt",2,Wet,0,No Controls,0,No Controls,1,Going Straight,13,Off the edge of the road on the right side,99,Unknown/Not Reported,1,Tracking,4,Departed roadway,1,A1-Single Driver-Right Roadside Departure-Drive Off Road,1,0,No,777777777777,No Trailing Units,777777777777,No Trailing Units,777777777777,No Trailing Units
41,Oregon,410328,1,1,2,02,30,30,12,December,2,2:00am-2:59am,26,26,34,Ditch,0,Not a Collision with Motor Vehicle In-Transport,1,Motor Vehicle In-Transport (Inside or Outside the Trafficway),1,Yes,41,Oregon,2,Driver (in this crash) Not Registered Owner (Other Private Owner Listed),49,Toyota,471,49471,Toyota Pickup,34,Light Pickup,1981,1981,JT4RN48D8B00,JT4RN48D8B00,J,T,4,R,N,4,8,D,8,B,0,0,0,No Trailing Units,0,Not an Articulated Vehicle,0,Not Applicable,000000000,Not Applicable,00000000000,Not Applicable,0,Not Applicable,0,Not Applicable,0,Not Applicable (N/A),1,No,0,Not Applicable,0,Not Applicable,0,Not Applicable,0,Not Applicable,0,Not a Bus,0,No Special Use,0,Not Applicable,998,Not Reported,0,No Underride or Override Noted,0,No Rollover,0,No Rollover,2,2 Clock Point,6,Disabling Damage,2,Towed Due to Disabling Damage,34,Ditch,0,,0,,0,No or Not Reported,1,Yes,98,Not Reported,99999,Unknown,9,Unknown License Status,9,Unknown License Type,99,Unknown License Status,9,"Unknown, if required",9,Unknown,9,Unknown,999,Unknown,999,Unknown,99,Unknown,99,Unknown,99,Unknown,99,Unknown,99,Unknown,99,Unknown,9999,Unknown,99,Unknown,9999,Unknown,4,"Yes, Too Fast for Conditions",28,Improper Lane Usage,0,,0,,0,,1,"Two-Way, Not Divided",2,Two lanes,35,35 MPH,4,Curve - Unknown Direction,1,Level,2,"Blacktop, Bituminous, or Asphalt",2,Wet,0,No Controls,0,No Controls,14,Negotiating a Curve,6,Traveling too fast for conditions,99,Unknown/Not Reported,5,"Skidding Laterally, Rotation Direction Unknown",4,Departed roadway,99,M99-Unknown,1,0,No,777777777777,No Trailing Units,777777777777,No Trailing Units,777777777777,No Trailing Units
41,Oregon,410329,1,2,2,02,30,30,12,December,15,3:00pm-3:59pm,40,40,12,Motor Vehicle In-Transport,6,Angle,1,Motor Vehicle In-Transport (Inside or Outside the Trafficway),0,No,41,Oregon,1,Driver (in this crash) was  Registered Owner,7,Dodge,482,7482,Dodge Ram Pickup,34,Light Pickup,2006,2006,1D7HU18226S5,1D7HU18226S5,1,D,7,H,U,1,8,2,2,6,S,5,0,No Trailing Units,0,Not an Articulated Vehicle,0,Not Applicable,000000000,Not Applicable,00000000000,Not Applicable,0,Not Applicable,0,Not Applicable,0,Not Applicable (N/A),1,No,0,Not Applicable,0,Not Applicable,0,Not Applicable,0,Not Applicable,0,Not a Bus,0,No Special Use,0,Not Applicable,998,Not Reported,0,No Underride or Override Noted,0,No Rollover,0,No Rollover,12,12 Clock Point,6,Disabling Damage,2,Towed Due to Disabling Damage,12,Motor Vehicle In-Transport,0,,0,,0,No or Not Reported,1,Yes,41,Oregon,97051,97051,6,Valid,1,Full Driver License,0,No (CDL),0,No Endorsements required for this vehicle,3,Valid license for this class vehicle,0,No Restrictions or Not Applicable,76,76,200,200 lbs.,0,,1,1,0,,0,,1,1,9,September,2014,2014,9,September,2016,2016,4,"Yes, Too Fast for Conditions",28,Improper Lane Usage,0,,0,,0,,1,"Two-Way, Not Divided",3,Three lanes,55,55 MPH,3,Curve Left,2,"Grade, Unknown Slope",2,"Blacktop, Bituminous, or Asphalt",3,Snow,0,No Controls,0,No Controls,14,Negotiating a Curve,10,Over the lane line on left side of travel lane,99,Unknown/Not Reported,1,Tracking,2,"Stayed on roadway, but left original travel lane",64,"I64-Same Trafficway, Opposite Direction-Angle, Sideswipe-Lateral Move (Left/Right)",0,0,No,777777777777,No Trailing Units,777777777777,No Trailing Units,777777777777,No Trailing Units
41,Oregon,410329,2,2,4,04,30,30,12,December,15,3:00pm-3:59pm,40,40,12,Motor Vehicle In-Transport,6,Angle,1,Motor Vehicle In-Transport (Inside or Outside the Trafficway),0,No,41,Oregon,2,Driver (in this crash) Not Registered Owner (Other Private Owner Listed),37,Honda,402,37402,Honda CR-V,14,"Compact Utility (Utility Vehicle Categories ""Small"" and ""Midsize"")",2006,2006,JHLRD77876C0,JHLRD77876C0,J,H,L,R,D,7,7,8,7,6,C,0,0,No Trailing Units,0,Not an Articulated Vehicle,0,Not Applicable,000000000,Not Applicable,00000000000,Not Applicable,0,Not Applicable,0,Not Applicable,0,Not Applicable (N/A),1,No,0,Not Applicable,0,Not Applicable,0,Not Applicable,0,Not Applicable,0,Not a Bus,0,No Special Use,0,Not Applicable,998,Not Reported,0,No Underride or Override Noted,0,No Rollover,0,No Rollover,11,11 Clock Point,6,Disabling Damage,2,Towed Due to Disabling Damage,12,Motor Vehicle In-Transport,0,,0,,0,No or Not Reported,1,Yes,41,Oregon,97461,97461,6,Valid,1,Full Driver License,0,No (CDL),0,No Endorsements required for this vehicle,3,Valid license for this class vehicle,0,No Restrictions or Not Applicable,65,65,162,162 lbs.,0,,0,,0,,0,,1,1,8,August,2014,2014,8,August,2014,2014,0,No,0,,0,,0,,0,,1,"Two-Way, Not Divided",3,Three lanes,55,55 MPH,2,Curve Right,2,"Grade, Unknown Slope",2,"Blacktop, Bituminous, or Asphalt",3,Snow,0,No Controls,0,No Controls,14,Negotiating a Curve,62,From opposite direction  over left lane line,99,Unknown/Not Reported,1,Tracking,1,Stayed in original travel lane,65,"I65-Same Trafficway, Opposite Direction-Angle, Sideswipe-Lateral Move (Going Straight)",1,0,No,777777777777,No Trailing Units,777777777777,No Trailing Units,777777777777,No Trailing Units
41,Oregon,410330,1,4,1,01,30,30,12,December,9,9:00am-9:59am,0,0,12,Motor Vehicle In-Transport,2,Front-to-Front,1,Motor Vehicle In-Transport (Inside or Outside the Trafficway),0,No,93,Multiple State Registration,3,Vehicle Registered as Business/Company/Government Vehicle,85,Kenworth,881,85881,Kenworth Medium/Heavy - CBE,66,"Truck-tractor (Cab only, or with any number of trailing unit; any weight)",2016,2016,1XKYD49X7GJ1,1XKYD49X7GJ1,1,X,K,Y,D,4,9,X,7,G,J,1,1,One Trailing Unit,1,No,57,US DOT,1699820,1699820,571699820,571699820,3,"26,001 lbs. or more",6,Truck Tractor/Semi-Trailer,1,Van/Enclosed Box,1,No,0,Not Applicable,0,Not Applicable,0,Not Applicable,0,Not Applicable,0,Not a Bus,0,No Special Use,0,Not Applicable,998,Not Reported,0,No Underride or Override Noted,0,No Rollover,0,No Rollover,12,12 Clock Point,6,Disabling Damage,2,Towed Due to Disabling Damage,12,Motor Vehicle In-Transport,0,,0,,1,Yes,1,Yes,41,Oregon,97478,97478,6,Valid,1,Full Driver License,6,Valid,0,No Endorsements required for this vehicle,3,Valid license for this class vehicle,0,No Restrictions or Not Applicable,72,72,225,225 lbs.,0,,0,,0,,0,,0,,0,No Record,0,No Record,0,No Record,0,No Record,4,"Yes, Too Fast for Conditions",28,Improper Lane Usage,0,,0,,0,,1,"Two-Way, Not Divided",2,Two lanes,60,60 MPH,2,Curve Right,2,"Grade, Unknown Slope",2,"Blacktop, Bituminous, or Asphalt",4,Ice/Frost,0,No Controls,0,No Controls,14,Negotiating a Curve,10,Over the lane line on left side of travel lane,99,Unknown/Not Reported,1,Tracking,2,"Stayed on roadway, but left original travel lane",50,"G50-Same Trafficway, Opposite Direction-Head-On-Lateral Move (Left/Right)",1,0,No,1UYVS24558U3,1UYVS24558U3,777777777777,No Trailing Units,777777777777,No Trailing Units
41,Oregon,410330,2,4,1,01,30,30,12,December,9,9:00am-9:59am,0,0,12,Motor Vehicle In-Transport,2,Front-to-Front,1,Motor Vehicle In-Transport (Inside or Outside the Trafficway),0,No,93,Multiple State Registration,3,Vehicle Registered as Business/Company/Government Vehicle,82,Freightliner,881,82881,Freightliner Medium/Heavy - CBE,66,"Truck-tractor (Cab only, or with any number of trailing unit; any weight)",2015,2015,3AKJGLD57FSG,3AKJGLD57FSG,3,A,K,J,G,L,D,5,7,F,S,G,1,One Trailing Unit,1,No,57,US DOT,264194,264194,57264194,57264194,3,"26,001 lbs. or more",6,Truck Tractor/Semi-Trailer,1,Van/Enclosed Box,1,No,0,Not Applicable,0,Not Applicable,0,Not Applicable,0,Not Applicable,0,Not a Bus,0,No Special Use,0,Not Applicable,998,Not Reported,0,No Underride or Override Noted,0,No Rollover,0,No Rollover,12,12 Clock Point,6,Disabling Damage,2,Towed Due to Disabling Damage,12,Motor Vehicle In-Transport,0,,0,,1,Yes,1,Yes,41,Oregon,97266,97266,6,Valid,1,Full Driver License,6,Valid,0,No Endorsements required for this vehicle,3,Valid license for this class vehicle,1,Restrictions Complied With,68,68,200,200 lbs.,0,,0,,0,,0,,0,,0,No Record,0,No Record,0,No Record,0,No Record,0,No,0,,0,,0,,0,,1,"Two-Way, Not Divided",2,Two lanes,60,60 MPH,3,Curve Left,2,"Grade, Unknown Slope",2,"Blacktop, Bituminous, or Asphalt",4,Ice/Frost,0,No Controls,0,No Controls,14,Negotiating a Curve,62,From opposite direction  over left lane line,99,Unknown/Not Reported,1,Tracking,1,Stayed in original travel lane,51,"G51-Same Trafficway, Opposite Direction-Head-On-Lateral Move (Going Straight)",1,0,No,1DW1A5322JBA,1DW1A5322JBA,777777777777,No Trailing Units,777777777777,No Trailing Units
41,Oregon,410330,3,4,1,01,30,30,12,December,9,9:00am-9:59am,0,0,12,Motor Vehicle In-Transport,2,Front-to-Front,1,Motor Vehicle In-Transport (Inside or Outside the Trafficway),0,No,16,Idaho,1,Driver (in this crash) was  Registered Owner,2,Jeep / Kaiser-Jeep / Willys- Jeep,403,2403,Jeep / Kaiser-Jeep / Willys- Jeep YJ series/Wrangler,14,"Compact Utility (Utility Vehicle Categories ""Small"" and ""Midsize"")",2011,2011,1J4BA3H18BL6,1J4BA3H18BL6,1,J,4,B,A,3,H,1,8,B,L,6,0,No Trailing Units,0,Not an Articulated Vehicle,0,Not Applicable,000000000,Not Applicable,00000000000,Not Applicable,0,Not Applicable,0,Not Applicable,0,Not Applicable (N/A),1,No,0,Not Applicable,0,Not Applicable,0,Not Applicable,0,Not Applicable,0,Not a Bus,0,No Special Use,0,Not Applicable,998,Not Reported,0,No Underride or Override Noted,0,No Rollover,0,No Rollover,12,12 Clock Point,6,Disabling Damage,2,Towed Due to Disabling Damage,12,Motor Vehicle In-Transport,0,,0,,0,No or Not Reported,1,Yes,16,Idaho,83644,83644,6,Valid,1,Full Driver License,6,Valid,0,No Endorsements required for this vehicle,3,Valid license for this class vehicle,0,No Restrictions or Not Applicable,999,Unknown,999,Unknown,99,Unknown,99,Unknown,99,Unknown,99,Unknown,99,Unknown,99,Unknown,9999,Unknown,99,Unknown,9999,Unknown,0,No,0,,0,,0,,0,,1,"Two-Way, Not Divided",2,Two lanes,60,60 MPH,3,Curve Left,2,"Grade, Unknown Slope",2,"Blacktop, Bituminous, or Asphalt",4,Ice/Frost,0,No Controls,0,No Controls,14,Negotiating a Curve,52,Traveling in same direction while decelerating,99,Unknown/Not Reported,1,Tracking,1,Stayed in original travel lane,98,M98-Other Crash Type,0,0,No,777777777777,No Trailing Units,777777777777,No Trailing Units,777777777777,No Trailing Units
41,Oregon,410330,4,4,1,01,30,30,12,December,9,9:00am-9:59am,0,0,12,Motor Vehicle In-Transport,2,Front-to-Front,1,Motor Vehicle In-Transport (Inside or Outside the Trafficway),0,No,16,Idaho,1,Driver (in this crash) was  Registered Owner,63,KIA,33,63033,KIA Spectra/Spectra5,4,"4-door sedan, hardtop",2006,2006,KNAFE1213653,KNAFE1213653,K,N,A,F,E,1,2,1,3,6,5,3,0,No Trailing Units,0,Not an Articulated Vehicle,0,Not Applicable,000000000,Not Applicable,00000000000,Not Applicable,0,Not Applicable,0,Not Applicable,0,Not Applicable (N/A),1,No,0,Not Applicable,0,Not Applicable,0,Not Applicable,0,Not Applicable,0,Not a Bus,0,No Special Use,0,Not Applicable,998,Not Reported,0,No Underride or Override Noted,0,No Rollover,0,No Rollover,12,12 Clock Point,8,Not Reported,5,Not Towed,12,Motor Vehicle In-Transport,0,,0,,0,No or Not Reported,1,Yes,16,Idaho,83619,83619,6,Valid,1,Full Driver License,0,No (CDL),0,No Endorsements required for this vehicle,3,Valid license for this class vehicle,0,No Restrictions or Not Applicable,999,Unknown,999,Unknown,0,,0,,0,,0,,0,,0,No Record,0,No Record,0,No Record,0,No Record,0,No,0,,0,,0,,0,,1,"Two-Way, Not Divided",2,Two lanes,60,60 MPH,3,Curve Left,2,"Grade, Unknown Slope",2,"Blacktop, Bituminous, or Asphalt",4,Ice/Frost,0,No Controls,0,No Controls,14,Negotiating a Curve,51,Traveling in same direction with lower steady speed,99,Unknown/Not Reported,1,Tracking,1,Stayed in original travel lane,98,M98-Other Crash Type,0,0,No,777777777777,No Trailing Units,777777777777,No Trailing Units,777777777777,No Trailing Units
41,Oregon,410331,1,1,2,02,31,31,12,December,16,4:00pm-4:59pm,49,49,8,Pedestrian,0,Not a Collision with Motor Vehicle In-Transport,1,Motor Vehicle In-Transport (Inside or Outside the Trafficway),0,No,41,Oregon,2,Driver (in this crash) Not Registered Owner (Other Private Owner Listed),35,Datsun/Nissan,472,35472,Datsun/Nissan Frontier (1998 on),34,Light Pickup,2009,2009,1N6AD06W29C4,1N6AD06W29C4,1,N,6,A,D,0,6,W,2,9,C,4,0,No Trailing Units,0,Not an Articulated Vehicle,0,Not Applicable,000000000,Not Applicable,00000000000,Not Applicable,0,Not Applicable,0,Not Applicable,0,Not Applicable (N/A),1,No,0,Not Applicable,0,Not Applicable,0,Not Applicable,0,Not Applicable,0,Not a Bus,0,No Special Use,0,Not Applicable,998,Not Reported,0,No Underride or Override Noted,0,No Rollover,0,No Rollover,12,12 Clock Point,8,Not Reported,5,Not Towed,8,Pedestrian,0,,0,,0,No or Not Reported,1,Yes,41,Oregon,97527,97527,6,Valid,1,Full Driver License,0,No (CDL),0,No Endorsements required for this vehicle,3,Valid license for this class vehicle,1,Restrictions Complied With,62,62,120,120 lbs.,0,,0,,0,,0,,1,1,6,June,2016,2016,6,June,2016,2016,0,No,38,Failure to Yield Right-of-Way,0,,0,,0,,5,"Two-Way, Not Divided With a Continuous Left-Turn Lane",4,Four lanes,30,30 MPH,1,Straight,1,Level,2,"Blacktop, Bituminous, or Asphalt",1,Dry,2,Traffic control signal (on colors) with Pedestrian Signal,3,Device Functioning Properly,11,Turning Left,80,Pedestrian in road,99,Unknown/Not Reported,1,Tracking,1,Stayed in original travel lane,13,C13-Single Driver-Forward Impact-Pedestrian/ Animal,0,0,No,777777777777,No Trailing Units,777777777777,No Trailing Units,777777777777,No Trailing Units
41,Oregon,410332,1,1,2,02,22,22,12,December,13,1:00pm-1:59pm,35,35,1,Rollover/Overturn,0,Not a Collision with Motor Vehicle In-Transport,1,Motor Vehicle In-Transport (Inside or Outside the Trafficway),0,No,41,Oregon,2,Driver (in this crash) Not Registered Owner (Other Private Owner Listed),12,Ford,471,12471,Ford Ranger,34,Light Pickup,1998,1998,1FTYR14C0WPA,1FTYR14C0WPA,1,F,T,Y,R,1,4,C,0,W,P,A,0,No Trailing Units,0,Not an Articulated Vehicle,0,Not Applicable,000000000,Not Applicable,00000000000,Not Applicable,0,Not Applicable,0,Not Applicable,0,Not Applicable (N/A),1,No,0,Not Applicable,0,Not Applicable,0,Not Applicable,0,Not Applicable,0,Not a Bus,0,No Special Use,0,Not Applicable,998,Not Reported,0,No Underride or Override Noted,1,"Rollover, Tripped by Object/Vehicle",5,On Roadside,0,Non-Collision,6,Disabling Damage,2,Towed Due to Disabling Damage,1,Rollover/Overturn,0,,0,,0,No or Not Reported,1,Yes,41,Oregon,97347,97347,1,Suspended,1,Full Driver License,0,No (CDL),0,No Endorsements required for this vehicle,2,No valid license for this class vehicle,0,No Restrictions or Not Applicable,71,71,280,280 lbs.,0,,1,1,0,,0,,0,,12,December,2013,2013,12,December,2013,2013,4,"Yes, Too Fast for Conditions",0,,0,,0,,0,,1,"Two-Way, Not Divided",2,Two lanes,35,35 MPH,2,Curve Right,1,Level,2,"Blacktop, Bituminous, or Asphalt",2,Wet,0,No Controls,0,No Controls,14,Negotiating a Curve,12,Off the edge of the road on the left side,99,Unknown/Not Reported,1,Tracking,4,Departed roadway,6,B6-Single Driver-Left Roadside Departure-Drive Off Road,1,0,No,777777777777,No Trailing Units,777777777777,No Trailing Units,777777777777,No Trailing Units
41,Oregon,410333,1,1,1,01,12,12,9,September,13,1:00pm-1:59pm,19,19,35,Embankment,0,Not a Collision with Motor Vehicle In-Transport,1,Motor Vehicle In-Transport (Inside or Outside the Trafficway),0,No,41,Oregon,1,Driver (in this crash) was  Registered Owner,7,Dodge,482,7482,Dodge Ram Pickup,34,Light Pickup,2006,2006,3D7KS28C36G1,3D7KS28C36G1,3,D,7,K,S,2,8,C,3,6,G,1,0,No Trailing Units,0,Not an Articulated Vehicle,0,Not Applicable,000000000,Not Applicable,00000000000,Not Applicable,0,Not Applicable,0,Not Applicable,0,Not Applicable (N/A),1,No,0,Not Applicable,0,Not Applicable,0,Not Applicable,0,Not Applicable,0,Not a Bus,0,No Special Use,0,Not Applicable,998,Not Reported,0,No Underride or Override Noted,1,"Rollover, Tripped by Object/Vehicle",1,On Roadway,11,11 Clock Point,6,Disabling Damage,2,Towed Due to Disabling Damage,1,Rollover/Overturn,0,,0,,0,No or Not Reported,1,Yes,41,Oregon,97834,97834,6,Valid,1,Full Driver License,0,No (CDL),0,No Endorsements required for this vehicle,3,Valid license for this class vehicle,0,No Restrictions or Not Applicable,72,72,200,200 lbs.,0,,0,,0,,0,,0,,0,No Record,0,No Record,0,No Record,0,No Record,9,Unknown,99,Unknown,99,Unknown,99,Unknown,99,Unknown,1,"Two-Way, Not Divided",2,Two lanes,55,55 MPH,2,Curve Right,1,Level,2,"Blacktop, Bituminous, or Asphalt",1,Dry,0,No Controls,0,No Controls,14,Negotiating a Curve,9,Unknown cause of control loss,99,Unknown/Not Reported,3,Skidding laterally clockwise rotation,4,Departed roadway,7,B7-Single Driver-Left Roadside Departure-Control/Traction Loss,1,0,No,777777777777,No Trailing Units,777777777777,No Trailing Units,777777777777,No Trailing Units
41,Oregon,410334,1,1,2,02,13,13,9,September,21,9:00pm-9:59pm,34,34,35,Embankment,0,Not a Collision with Motor Vehicle In-Transport,1,Motor Vehicle In-Transport (Inside or Outside the Trafficway),0,No,41,Oregon,2,Driver (in this crash) Not Registered Owner (Other Private Owner Listed),30,Volkswagen,36,30036,Volkswagen Rabbit,3,3-door/2-door hatchback,1982,1982,1VWBG0174CV0,1VWBG0174CV0,1,V,W,B,G,0,1,7,4,C,V,0,0,No Trailing Units,0,Not an Articulated Vehicle,0,Not Applicable,000000000,Not Applicable,00000000000,Not Applicable,0,Not Applicable,0,Not Applicable,0,Not Applicable (N/A),1,No,0,Not Applicable,0,Not Applicable,0,Not Applicable,0,Not Applicable,0,Not a Bus,0,No Special Use,0,Not Applicable,998,Not Reported,0,No Underride or Override Noted,1,"Rollover, Tripped by Object/Vehicle",5,On Roadside,12,12 Clock Point,6,Disabling Damage,2,Towed Due to Disabling Damage,1,Rollover/Overturn,0,,0,,0,No or Not Reported,1,Yes,41,Oregon,97527,97527,1,Suspended,1,Full Driver License,0,No (CDL),0,No Endorsements required for this vehicle,2,No valid license for this class vehicle,0,No Restrictions or Not Applicable,71,71,180,180 lbs.,0,,1,1,0,,0,,0,,10,October,2016,2016,10,October,2016,2016,5,"Yes, Specifics Unknown",99,Unknown,99,Unknown,99,Unknown,99,Unknown,1,"Two-Way, Not Divided",2,Two lanes,45,45 MPH,2,Curve Right,1,Level,2,"Blacktop, Bituminous, or Asphalt",1,Dry,0,No Controls,0,No Controls,14,Negotiating a Curve,12,Off the edge of the road on the left side,99,Unknown/Not Reported,1,Tracking,4,Departed roadway,6,B6-Single Driver-Left Roadside Departure-Drive Off Road,1,1,Yes,777777777777,No Trailing Units,777777777777,No Trailing Units,777777777777,No Trailing Units
41,Oregon,410335,1,1,1,01,15,15,9,September,4,4:00am-4:59am,30,30,53,Mail Box,0,Not a Collision with Motor Vehicle In-Transport,1,Motor Vehicle In-Transport (Inside or Outside the Trafficway),0,No,41,Oregon,2,Driver (in this crash) Not Registered Owner (Other Private Owner Listed),49,Toyota,32,49032,Toyota Corolla,4,"4-door sedan, hardtop",2003,2003,2T1BR32E13C0,2T1BR32E13C0,2,T,1,B,R,3,2,E,1,3,C,0,0,No Trailing Units,0,Not an Articulated Vehicle,0,Not Applicable,000000000,Not Applicable,00000000000,Not Applicable,0,Not Applicable,0,Not Applicable,0,Not Applicable (N/A),1,No,0,Not Applicable,0,Not Applicable,0,Not Applicable,0,Not Applicable,0,Not a Bus,0,No Special Use,0,Not Applicable,998,Not Reported,0,No Underride or Override Noted,0,No Rollover,0,No Rollover,98,Not Reported,6,Disabling Damage,2,Towed Due to Disabling Damage,42,Tree (Standing Only),0,,0,,0,No or Not Reported,1,Yes,41,Oregon,97338,97338,0,Not licensed,0,Not Licensed,0,No (CDL),0,No Endorsements required for this vehicle,0,Not licensed,0,No Restrictions or Not Applicable,71,71,130,130 lbs.,0,,0,,0,,0,,0,,0,No Record,0,No Record,0,No Record,0,No Record,9,Unknown,99,Unknown,99,Unknown,99,Unknown,99,Unknown,1,"Two-Way, Not Divided",2,Two lanes,55,55 MPH,3,Curve Left,1,Level,2,"Blacktop, Bituminous, or Asphalt",1,Dry,0,No Controls,0,No Controls,1,Going Straight,13,Off the edge of the road on the right side,99,Unknown/Not Reported,3,Skidding laterally clockwise rotation,4,Departed roadway,2,A2-Single Driver-Right Roadside Departure-Control/Traction Loss,1,0,No,777777777777,No Trailing Units,777777777777,No Trailing Units,777777777777,No Trailing Units
41,Oregon,410336,1,1,1,01,16,16,9,September,16,4:00pm-4:59pm,47,47,1,Rollover/Overturn,0,Not a Collision with Motor Vehicle In-Transport,1,Motor Vehicle In-Transport (Inside or Outside the Trafficway),0,No,41,Oregon,1,Driver (in this crash) was  Registered Owner,30,Volkswagen,40,30040,Volkswagen Jetta/Jetta SportsWagen,4,"4-door sedan, hardtop",2000,2000,3VWSC29M8YM0,3VWSC29M8YM0,3,V,W,S,C,2,9,M,8,Y,M,0,0,No Trailing Units,0,Not an Articulated Vehicle,0,Not Applicable,000000000,Not Applicable,00000000000,Not Applicable,0,Not Applicable,0,Not Applicable,0,Not Applicable (N/A),1,No,0,Not Applicable,0,Not Applicable,0,Not Applicable,0,Not Applicable,0,Not a Bus,0,No Special Use,0,Not Applicable,998,Not Reported,0,No Underride or Override Noted,1,"Rollover, Tripped by Object/Vehicle",5,On Roadside,0,Non-Collision,6,Disabling Damage,2,Towed Due to Disabling Damage,1,Rollover/Overturn,0,,0,,0,No or Not Reported,1,Yes,41,Oregon,97133,97133,6,Valid,1,Full Driver License,0,No (CDL),0,No Endorsements required for this vehicle,3,Valid license for this class vehicle,0,No Restrictions or Not Applicable,72,72,225,225 lbs.,0,,0,,0,,0,,0,,0,No Record,0,No Record,0,No Record,0,No Record,5,"Yes, Specifics Unknown",99,Unknown,99,Unknown,99,Unknown,99,Unknown,1,"Two-Way, Not Divided",2,Two lanes,55,55 MPH,3,Curve Left,1,Level,2,"Blacktop, Bituminous, or Asphalt",1,Dry,0,No Controls,0,No Controls,1,Going Straight,19,Unknown travel direction,99,Unknown/Not Reported,1,Tracking,4,Departed roadway,99,M99-Unknown,1,1,Yes,777777777777,No Trailing Units,777777777777,No Trailing Units,777777777777,No Trailing Units
41,Oregon,410337,1,1,3,03,17,17,9,September,2,2:00am-2:59am,20,20,42,Tree (Standing Only),0,Not a Collision with Motor Vehicle In-Transport,1,Motor Vehicle In-Transport (Inside or Outside the Trafficway),0,No,41,Oregon,1,Driver (in this crash) was  Registered Owner,49,Toyota,50,49050,Toyota Scion tC (2005-2011 only.  See Scion for 2012 on.),3,3-door/2-door hatchback,2006,2006,JTKDE1777600,JTKDE1777600,J,T,K,D,E,1,7,7,7,6,0,0,0,No Trailing Units,0,Not an Articulated Vehicle,0,Not Applicable,000000000,Not Applicable,00000000000,Not Applicable,0,Not Applicable,0,Not Applicable,0,Not Applicable (N/A),1,No,0,Not Applicable,0,Not Applicable,0,Not Applicable,0,Not Applicable,0,Not a Bus,0,No Special Use,0,Not Applicable,998,Not Reported,0,No Underride or Override Noted,0,No Rollover,0,No Rollover,12,12 Clock Point,6,Disabling Damage,2,Towed Due to Disabling Damage,42,Tree (Standing Only),0,,0,,0,No or Not Reported,1,Yes,41,Oregon,97302,97302,0,Not licensed,0,Not Licensed,0,No (CDL),0,No Endorsements required for this vehicle,0,Not licensed,0,No Restrictions or Not Applicable,999,Unknown,999,Unknown,0,,0,,0,,1,1,0,,9,September,2017,2017,9,September,2017,2017,4,"Yes, Too Fast for Conditions",36,"Operating the Vehicle in an Erratic, Reckless or Negligent Manner.",91,"Non-Traffic Violation Charged - manslaughter, homicide or other assault committed without malice.",0,,0,,2,"Two-Way, Divided, Unprotected Median",2,Two lanes,40,40 MPH,2,Curve Right,1,Level,2,"Blacktop, Bituminous, or Asphalt",1,Dry,0,No Controls,0,No Controls,14,Negotiating a Curve,12,Off the edge of the road on the left side,99,Unknown/Not Reported,1,Tracking,4,Departed roadway,6,B6-Single Driver-Left Roadside Departure-Drive Off Road,1,1,Yes,777777777777,No Trailing Units,777777777777,No Trailing Units,777777777777,No Trailing Units
41,Oregon,410338,1,2,1,01,18,18,9,September,19,7:00pm-7:59pm,45,45,12,Motor Vehicle In-Transport,2,Front-to-Front,1,Motor Vehicle In-Transport (Inside or Outside the Trafficway),0,No,53,Washington,1,Driver (in this crash) was  Registered Owner,12,Ford,442,12442,Ford Windstar,20,"Minivan (Chrysler Town and Country, Caravan, Grand Caravan, Voyager, Voyager, Honda-Odyssey, ...)",2003,2003,2FMZA51493BB,2FMZA51493BB,2,F,M,Z,A,5,1,4,9,3,B,B,0,No Trailing Units,0,Not an Articulated Vehicle,0,Not Applicable,000000000,Not Applicable,00000000000,Not Applicable,0,Not Applicable,0,Not Applicable,0,Not Applicable (N/A),1,No,0,Not Applicable,0,Not Applicable,0,Not Applicable,0,Not Applicable,0,Not a Bus,0,No Special Use,0,Not Applicable,998,Not Reported,0,No Underride or Override Noted,1,"Rollover, Tripped by Object/Vehicle",3,On Median/Separator,12,12 Clock Point,6,Disabling Damage,2,Towed Due to Disabling Damage,12,Motor Vehicle In-Transport,0,,0,,0,No or Not Reported,1,Yes,53,Washington,98382,98382,6,Valid,1,Full Driver License,0,No (CDL),0,No Endorsements required for this vehicle,3,Valid license for this class vehicle,1,Restrictions Complied With,69,69,180,180 lbs.,0,,0,,0,,0,,0,,0,No Record,0,No Record,0,No Record,0,No Record,0,No,51,Driving on Wrong Side of Two-Way Trafficway (Intentional or Unintentional),0,,0,,0,,3,"Two-Way,  Divided, Positive  Median Barrier",2,Two lanes,65,65 MPH,1,Straight,1,Level,2,"Blacktop, Bituminous, or Asphalt",1,Dry,0,No Controls,0,No Controls,1,Going Straight,54,Traveling in opposite direction,99,Unknown/Not Reported,1,Tracking,1,Stayed in original travel lane,52,"G52-Same Trafficway, Opposite Direction-Head-On-Specifics Other",1,1,Yes,777777777777,No Trailing Units,777777777777,No Trailing Units,777777777777,No Trailing Units
41,Oregon,410338,2,2,1,01,18,18,9,September,19,7:00pm-7:59pm,45,45,12,Motor Vehicle In-Transport,2,Front-to-Front,1,Motor Vehicle In-Transport (Inside or Outside the Trafficway),0,No,93,Multiple State Registration,3,Vehicle Registered as Business/Company/Government Vehicle,87,Peterbilt,884,87884,Peterbilt Medium/Heavy - Unknown engine location,66,"Truck-tractor (Cab only, or with any number of trailing unit; any weight)",2015,2015,1NPXD49X5FD2,1NPXD49X5FD2,1,N,P,X,D,4,9,X,5,F,D,2,1,One Trailing Unit,1,No,57,US DOT,0790261,0790261,570790261,570790261,3,"26,001 lbs. or more",6,Truck Tractor/Semi-Trailer,6,Auto Transporter,1,No,0,Not Applicable,0,Not Applicable,0,Not Applicable,0,Not Applicable,0,Not a Bus,0,No Special Use,0,Not Applicable,998,Not Reported,0,No Underride or Override Noted,0,No Rollover,0,No Rollover,12,12 Clock Point,6,Disabling Damage,2,Towed Due to Disabling Damage,2,Fire/Explosion,0,,0,,1,Yes,1,Yes,6,California,91933,91933,6,Valid,1,Full Driver License,6,Valid,0,No Endorsements required for this vehicle,3,Valid license for this class vehicle,0,No Restrictions or Not Applicable,68,68,198,198 lbs.,0,,0,,0,,0,,0,,0,No Record,0,No Record,0,No Record,0,No Record,0,No,0,,0,,0,,0,,3,"Two-Way,  Divided, Positive  Median Barrier",2,Two lanes,65,65 MPH,1,Straight,1,Level,2,"Blacktop, Bituminous, or Asphalt",1,Dry,0,No Controls,0,No Controls,1,Going Straight,54,Traveling in opposite direction,99,Unknown/Not Reported,1,Tracking,1,Stayed in original travel lane,52,"G52-Same Trafficway, Opposite Direction-Head-On-Specifics Other",0,0,No,5E0AA1440FG6,5E0AA1440FG6,777777777777,No Trailing Units,777777777777,No Trailing Units
41,Oregon,410339,1,2,2,02,18,18,9,September,20,8:00pm-8:59pm,45,45,12,Motor Vehicle In-Transport,2,Front-to-Front,1,Motor Vehicle In-Transport (Inside or Outside the Trafficway),0,No,41,Oregon,2,Driver (in this crash) Not Registered Owner (Other Private Owner Listed),49,Toyota,40,49040,Toyota Camry,4,"4-door sedan, hardtop",2003,2003,4T1BF32K53U0,4T1BF32K53U0,4,T,1,B,F,3,2,K,5,3,U,0,0,No Trailing Units,0,Not an Articulated Vehicle,0,Not Applicable,000000000,Not Applicable,00000000000,Not Applicable,0,Not Applicable,0,Not Applicable,0,Not Applicable (N/A),1,No,0,Not Applicable,0,Not Applicable,0,Not Applicable,0,Not Applicable,0,Not a Bus,0,No Special Use,0,Not Applicable,998,Not Reported,0,No Underride or Override Noted,0,No Rollover,0,No Rollover,12,12 Clock Point,6,Disabling Damage,2,Towed Due to Disabling Damage,12,Motor Vehicle In-Transport,0,,0,,0,No or Not Reported,1,Yes,41,Oregon,97317,97317,1,Suspended,1,Full Driver License,0,No (CDL),0,No Endorsements required for this vehicle,2,No valid license for this class vehicle,0,No Restrictions or Not Applicable,72,72,245,245 lbs.,0,,7,7,1,1,1,1,1,1,10,October,2014,2014,4,April,2017,2017,4,"Yes, Too Fast for Conditions",28,Improper Lane Usage,0,,0,,0,,1,"Two-Way, Not Divided",4,Four lanes,98,Not Reported,1,Straight,1,Level,2,"Blacktop, Bituminous, or Asphalt",2,Wet,0,No Controls,0,No Controls,1,Going Straight,10,Over the lane line on left side of travel lane,99,Unknown/Not Reported,1,Tracking,2,"Stayed on roadway, but left original travel lane",50,"G50-Same Trafficway, Opposite Direction-Head-On-Lateral Move (Left/Right)",1,1,Yes,777777777777,No Trailing Units,777777777777,No Trailing Units,777777777777,No Trailing Units
41,Oregon,410339,2,2,4,04,18,18,9,September,20,8:00pm-8:59pm,45,45,12,Motor Vehicle In-Transport,2,Front-to-Front,1,Motor Vehicle In-Transport (Inside or Outside the Trafficway),0,No,41,Oregon,2,Driver (in this crash) Not Registered Owner (Other Private Owner Listed),12,Ford,481,12481,Ford F-Series pickup,39,Unknown (pickup style) light conventional truck type,1988,1988,2FTJW36G5JCB,2FTJW36G5JCB,2,F,T,J,W,3,6,G,5,J,C,B,0,No Trailing Units,0,Not an Articulated Vehicle,0,Not Applicable,000000000,Not Applicable,00000000000,Not Applicable,0,Not Applicable,0,Not Applicable,0,Not Applicable (N/A),1,No,0,Not Applicable,0,Not Applicable,0,Not Applicable,0,Not Applicable,0,Not a Bus,0,No Special Use,0,Not Applicable,998,Not Reported,0,No Underride or Override Noted,0,No Rollover,0,No Rollover,12,12 Clock Point,6,Disabling Damage,2,Towed Due to Disabling Damage,12,Motor Vehicle In-Transport,0,,0,,0,No or Not Reported,1,Yes,41,Oregon,97218,97218,6,Valid,1,Full Driver License,0,No (CDL),0,No Endorsements required for this vehicle,3,Valid license for this class vehicle,3,"Restrictions, Compliance Unknown",67,67,180,180 lbs.,0,,0,,0,,0,,0,,0,No Record,0,No Record,0,No Record,0,No Record,0,No,0,,0,,0,,0,,1,"Two-Way, Not Divided",4,Four lanes,98,Not Reported,1,Straight,1,Level,2,"Blacktop, Bituminous, or Asphalt",2,Wet,0,No Controls,0,No Controls,1,Going Straight,62,From opposite direction  over left lane line,99,Unknown/Not Reported,1,Tracking,1,Stayed in original travel lane,51,"G51-Same Trafficway, Opposite Direction-Head-On-Lateral Move (Going Straight)",1,0,No,777777777777,No Trailing Units,777777777777,No Trailing Units,777777777777,No Trailing Units
41,Oregon,410340,1,2,2,02,18,18,9,September,13,1:00pm-1:59pm,17,17,12,Motor Vehicle In-Transport,6,Angle,1,Motor Vehicle In-Transport (Inside or Outside the Trafficway),0,No,41,Oregon,3,Vehicle Registered as Business/Company/Government Vehicle,7,Dodge,881,7881,Dodge Medium/Heavy - CBE,61,"Single-unit straight truck or Cab-Chassis (10,000 lbs. < GVWR < or = 19,500 lbs.)",2016,2016,3C7WRSBL9GG3,3C7WRSBL9GG3,3,C,7,W,R,S,B,L,9,G,G,3,0,No Trailing Units,0,Not an Articulated Vehicle,88,,888888888,,88888888888,,2,"10,001 lbs - 26,000 lbs",1,"Single-Unit Truck (2- axle and GVWR more than 10,000 lbs)",97,Other,1,No,0,Not Applicable,0,Not Applicable,0,Not Applicable,0,Not Applicable,0,Not a Bus,6,Ambulance,6,"Emergency Operation, Emergency Warning Equipment in Use Unknown",998,Not Reported,0,No Underride or Override Noted,0,No Rollover,0,No Rollover,12,12 Clock Point,8,Not Reported,2,Towed Due to Disabling Damage,12,Motor Vehicle In-Transport,0,,0,,0,No or Not Reported,1,Yes,41,Oregon,97053,97053,6,Valid,1,Full Driver License,0,No (CDL),0,No Endorsements required for this vehicle,3,Valid license for this class vehicle,0,No Restrictions or Not Applicable,69,69,175,175 lbs.,0,,0,,0,,1,1,0,,8,August,2017,2017,8,August,2017,2017,0,No,39,"Failure to Obey Actual Traffic Sign,Traffic Control Devices or Traffic Officers;Failure to Obey Safety Zone Traffic Laws",0,,0,,0,,2,"Two-Way, Divided, Unprotected Median",6,Six lanes,35,35 MPH,1,Straight,1,Level,2,"Blacktop, Bituminous, or Asphalt",2,Wet,2,Traffic control signal (on colors) with Pedestrian Signal,3,Device Functioning Properly,1,Going Straight,72,"From driveway, turning into opposite direction",99,Unknown/Not Reported,1,Tracking,1,Stayed in original travel lane,83,K83-Trafficway Vehicle Turning-Turn Into Path-Turn Into Opposite Directions (Going Straight),0,0,No,777777777777,No Trailing Units,777777777777,No Trailing Units,777777777777,No Trailing Units
41,Oregon,410340,2,2,4,04,18,18,9,September,13,1:00pm-1:59pm,17,17,12,Motor Vehicle In-Transport,6,Angle,1,Motor Vehicle In-Transport (Inside or Outside the Trafficway),0,No,6,California,4,Vehicle Registered as Rental Vehicle,30,Volkswagen,40,30040,Volkswagen Jetta/Jetta SportsWagen,4,"4-door sedan, hardtop",2016,2016,3VWD67AJ3GM2,3VWD67AJ3GM2,3,V,W,D,6,7,A,J,3,G,M,2,0,No Trailing Units,0,Not an Articulated Vehicle,0,Not Applicable,000000000,Not Applicable,00000000000,Not Applicable,0,Not Applicable,0,Not Applicable,0,Not Applicable (N/A),1,No,0,Not Applicable,0,Not Applicable,0,Not Applicable,0,Not Applicable,0,Not a Bus,0,No Special Use,0,Not Applicable,998,Not Reported,0,No Underride or Override Noted,0,No Rollover,0,No Rollover,9,9 Clock Point,6,Disabling Damage,2,Towed Due to Disabling Damage,12,Motor Vehicle In-Transport,0,,0,,0,No or Not Reported,1,Yes,27,Minnesota,55318,55318,6,Valid,1,Full Driver License,0,No (CDL),0,No Endorsements required for this vehicle,3,Valid license for this class vehicle,0,No Restrictions or Not Applicable,65,65,130,130 lbs.,1,1,0,,0,,0,,0,,2,February,2013,2013,2,February,2013,2013,0,No,38,Failure to Yield Right-of-Way,0,,0,,0,,2,"Two-Way, Divided, Unprotected Median",6,Six lanes,35,35 MPH,1,Straight,1,Level,2,"Blacktop, Bituminous, or Asphalt",2,Wet,2,Traffic control signal (on colors) with Pedestrian Signal,3,Device Functioning Properly,11,Turning Left,15,Turning Left,99,Unknown/Not Reported,1,Tracking,1,Stayed in original travel lane,82,K82-Trafficway Vehicle Turning-Turn Into Path-Turn Into Opposite Directions (Turning Left),1,0,No,777777777777,No Trailing Units,777777777777,No Trailing Units,777777777777,No Trailing Units
41,Oregon,410341,1,1,1,01,26,26,8,August,3,3:00am-3:59am,7,7,1,Rollover/Overturn,0,Not a Collision with Motor Vehicle In-Transport,1,Motor Vehicle In-Transport (Inside or Outside the Trafficway),0,No,41,Oregon,2,Driver (in this crash) Not Registered Owner (Other Private Owner Listed),12,Ford,401,12401,Ford Bronco (thru 1977)/Bronco II/Explorer/Explorer Sport,14,"Compact Utility (Utility Vehicle Categories ""Small"" and ""Midsize"")",1995,1995,1FMDU34X8SZA,1FMDU34X8SZA,1,F,M,D,U,3,4,X,8,S,Z,A,0,No Trailing Units,0,Not an Articulated Vehicle,0,Not Applicable,000000000,Not Applicable,00000000000,Not Applicable,0,Not Applicable,0,Not Applicable,0,Not Applicable (N/A),1,No,0,Not Applicable,0,Not Applicable,0,Not Applicable,0,Not Applicable,0,Not a Bus,0,No Special Use,0,Not Applicable,998,Not Reported,0,No Underride or Override Noted,1,"Rollover, Tripped by Object/Vehicle",1,On Roadway,0,Non-Collision,6,Disabling Damage,2,Towed Due to Disabling Damage,1,Rollover/Overturn,0,,0,,0,No or Not Reported,1,Yes,41,Oregon,97321,97321,1,Suspended,1,Full Driver License,0,No (CDL),0,No Endorsements required for this vehicle,2,No valid license for this class vehicle,0,No Restrictions or Not Applicable,72,72,250,250 lbs.,0,,1,1,0,,0,,1,1,7,July,2015,2015,10,October,2015,2015,9,Unknown,99,Unknown,99,Unknown,99,Unknown,99,Unknown,3,"Two-Way,  Divided, Positive  Median Barrier",2,Two lanes,65,65 MPH,1,Straight,1,Level,2,"Blacktop, Bituminous, or Asphalt",1,Dry,0,No Controls,0,No Controls,1,Going Straight,98,Other critical precrash event (specify:),99,Unknown/Not Reported,1,Tracking,3,"Stayed on roadway, not known if left original travel lane",98,M98-Other Crash Type,1,1,Yes,777777777777,No Trailing Units,777777777777,No Trailing Units,777777777777,No Trailing Units
41,Oregon,410342,1,1,1,01,26,26,8,August,99,Unknown Hours,99,Unknown Minutes,1,Rollover/Overturn,0,Not a Collision with Motor Vehicle In-Transport,1,Motor Vehicle In-Transport (Inside or Outside the Trafficway),0,No,41,Oregon,1,Driver (in this crash) was  Registered Owner,48,Subaru,45,48045,Subaru Outback (2003 on)(see 034 for prior to 2003),6,Station Wagon (excluding van and truck based),2017,2017,4S4BSEKC5H32,4S4BSEKC5H32,4,S,4,B,S,E,K,C,5,H,3,2,0,No Trailing Units,0,Not an Articulated Vehicle,0,Not Applicable,000000000,Not Applicable,00000000000,Not Applicable,0,Not Applicable,0,Not Applicable,0,Not Applicable (N/A),1,No,0,Not Applicable,0,Not Applicable,0,Not Applicable,0,Not Applicable,0,Not a Bus,0,No Special Use,0,Not Applicable,998,Not Reported,0,No Underride or Override Noted,1,"Rollover, Tripped by Object/Vehicle",6,Outside of Trafficway,0,Non-Collision,6,Disabling Damage,2,Towed Due to Disabling Damage,1,Rollover/Overturn,0,,0,,0,No or Not Reported,1,Yes,8,Colorado,81623,81623,6,Valid,1,Full Driver License,0,No (CDL),0,No Endorsements required for this vehicle,3,Valid license for this class vehicle,0,No Restrictions or Not Applicable,70,70,180,180 lbs.,0,,0,,0,,0,,0,,0,No Record,0,No Record,0,No Record,0,No Record,9,Unknown,99,Unknown,99,Unknown,99,Unknown,99,Unknown,1,"Two-Way, Not Divided",2,Two lanes,98,Not Reported,4,Curve - Unknown Direction,1,Level,2,"Blacktop, Bituminous, or Asphalt",1,Dry,0,No Controls,0,No Controls,14,Negotiating a Curve,19,Unknown travel direction,99,Unknown/Not Reported,9,Precrash stability unknown,4,Departed roadway,99,M99-Unknown,1,1,Yes,777777777777,No Trailing Units,777777777777,No Trailing Units,777777777777,No Trailing Units
41,Oregon,410343,1,1,1,01,25,25,9,September,6,6:00am-6:59am,15,15,8,Pedestrian,0,Not a Collision with Motor Vehicle In-Transport,1,Motor Vehicle In-Transport (Inside or Outside the Trafficway),0,No,41,Oregon,1,Driver (in this crash) was  Registered Owner,12,Ford,3,12003,Ford Mustang/Mustang II,2,"2-door sedan,hardtop,coupe",2014,2014,1ZVBP8CF0E52,1ZVBP8CF0E52,1,Z,V,B,P,8,C,F,0,E,5,2,0,No Trailing Units,0,Not an Articulated Vehicle,0,Not Applicable,000000000,Not Applicable,00000000000,Not Applicable,0,Not Applicable,0,Not Applicable,0,Not Applicable (N/A),1,No,0,Not Applicable,0,Not Applicable,0,Not Applicable,0,Not Applicable,0,Not a Bus,0,No Special Use,0,Not Applicable,998,Not Reported,0,No Underride or Override Noted,0,No Rollover,0,No Rollover,12,12 Clock Point,8,Not Reported,8,Not Reported,8,Pedestrian,0,,0,,0,No or Not Reported,1,Yes,41,Oregon,97202,97202,6,Valid,1,Full Driver License,6,Valid,0,No Endorsements required for this vehicle,3,Valid license for this class vehicle,0,No Restrictions or Not Applicable,71,71,185,185 lbs.,0,,0,,0,,0,,0,,0,No Record,0,No Record,0,No Record,0,No Record,9,Unknown,39,"Failure to Obey Actual Traffic Sign,Traffic Control Devices or Traffic Officers;Failure to Obey Safety Zone Traffic Laws",0,,0,,0,,5,"Two-Way, Not Divided With a Continuous Left-Turn Lane",5,Five lanes,98,Not Reported,1,Straight,1,Level,2,"Blacktop, Bituminous, or Asphalt",1,Dry,2,Traffic control signal (on colors) with Pedestrian Signal,3,Device Functioning Properly,1,Going Straight,80,Pedestrian in road,99,Unknown/Not Reported,1,Tracking,1,Stayed in original travel lane,13,C13-Single Driver-Forward Impact-Pedestrian/ Animal,0,0,No,777777777777,No Trailing Units,777777777777,No Trailing Units,777777777777,No Trailing Units
41,Oregon,410344,1,2,1,01,26,26,9,September,16,4:00pm-4:59pm,34,34,12,Motor Vehicle In-Transport,2,Front-to-Front,1,Motor Vehicle In-Transport (Inside or Outside the Trafficway),0,No,41,Oregon,3,Vehicle Registered as Business/Company/Government Vehicle,12,Ford,481,12481,Ford F-Series pickup,34,Light Pickup,1988,1988,1FTEF14N3JPB,1FTEF14N3JPB,1,F,T,E,F,1,4,N,3,J,P,B,0,No Trailing Units,0,Not an Articulated Vehicle,0,Not Applicable,000000000,Not Applicable,00000000000,Not Applicable,0,Not Applicable,0,Not Applicable,0,Not Applicable (N/A),1,No,0,Not Applicable,0,Not Applicable,0,Not Applicable,0,Not Applicable,0,Not a Bus,0,No Special Use,0,Not Applicable,998,Not Reported,0,No Underride or Override Noted,0,No Rollover,0,No Rollover,12,12 Clock Point,8,Not Reported,2,Towed Due to Disabling Damage,12,Motor Vehicle In-Transport,0,,0,,0,No or Not Reported,1,Yes,41,Oregon,97909,97909,3,Expired,1,Full Driver License,0,No (CDL),0,No Endorsements required for this vehicle,2,No valid license for this class vehicle,0,No Restrictions or Not Applicable,66,66,180,180 lbs.,0,,0,,0,,0,,0,,0,No Record,0,No Record,0,No Record,0,No Record,0,No,28,Improper Lane Usage,0,,0,,0,,1,"Two-Way, Not Divided",2,Two lanes,65,65 MPH,1,Straight,1,Level,2,"Blacktop, Bituminous, or Asphalt",1,Dry,0,No Controls,0,No Controls,1,Going Straight,10,Over the lane line on left side of travel lane,99,Unknown/Not Reported,1,Tracking,2,"Stayed on roadway, but left original travel lane",50,"G50-Same Trafficway, Opposite Direction-Head-On-Lateral Move (Left/Right)",0,0,No,777777777777,No Trailing Units,777777777777,No Trailing Units,777777777777,No Trailing Units
41,Oregon,410344,2,2,1,01,26,26,9,September,16,4:00pm-4:59pm,34,34,12,Motor Vehicle In-Transport,2,Front-to-Front,1,Motor Vehicle In-Transport (Inside or Outside the Trafficway),0,No,16,Idaho,1,Driver (in this crash) was  Registered Owner,20,Chevrolet,4,20004,Chevrolet Corvette,2,"2-door sedan,hardtop,coupe",1981,1981,1G1AY876XBS4,1G1AY876XBS4,1,G,1,A,Y,8,7,6,X,B,S,4,0,No Trailing Units,0,Not an Articulated Vehicle,0,Not Applicable,000000000,Not Applicable,00000000000,Not Applicable,0,Not Applicable,0,Not Applicable,0,Not Applicable (N/A),1,No,0,Not Applicable,0,Not Applicable,0,Not Applicable,0,Not Applicable,0,Not a Bus,0,No Special Use,0,Not Applicable,998,Not Reported,0,No Underride or Override Noted,0,No Rollover,0,No Rollover,12,12 Clock Point,8,Not Reported,2,Towed Due to Disabling Damage,12,Motor Vehicle In-Transport,0,,0,,0,No or Not Reported,1,Yes,16,Idaho,83605,83605,6,Valid,1,Full Driver License,6,Valid,0,No Endorsements required for this vehicle,3,Valid license for this class vehicle,1,Restrictions Complied With,70,70,160,160 lbs.,0,,0,,0,,0,,0,,0,No Record,0,No Record,0,No Record,0,No Record,0,No,0,,0,,0,,0,,1,"Two-Way, Not Divided",2,Two lanes,65,65 MPH,1,Straight,1,Level,2,"Blacktop, Bituminous, or Asphalt",1,Dry,0,No Controls,0,No Controls,1,Going Straight,62,From opposite direction  over left lane line,99,Unknown/Not Reported,1,Tracking,1,Stayed in original travel lane,51,"G51-Same Trafficway, Opposite Direction-Head-On-Lateral Move (Going Straight)",1,0,No,777777777777,No Trailing Units,777777777777,No Trailing Units,777777777777,No Trailing Units
41,Oregon,410345,1,1,2,02,30,30,9,September,1,1:00am-1:59am,20,20,42,Tree (Standing Only),0,Not a Collision with Motor Vehicle In-Transport,1,Motor Vehicle In-Transport (Inside or Outside the Trafficway),0,No,41,Oregon,1,Driver (in this crash) was  Registered Owner,12,Ford,481,12481,Ford F-Series pickup,34,Light Pickup,2003,2003,1FTSW31P93EB,1FTSW31P93EB,1,F,T,S,W,3,1,P,9,3,E,B,0,No Trailing Units,0,Not an Articulated Vehicle,0,Not Applicable,000000000,Not Applicable,00000000000,Not Applicable,0,Not Applicable,0,Not Applicable,0,Not Applicable (N/A),1,No,0,Not Applicable,0,Not Applicable,0,Not Applicable,0,Not Applicable,0,Not a Bus,0,No Special Use,0,Not Applicable,998,Not Reported,0,No Underride or Override Noted,0,No Rollover,0,No Rollover,11,11 Clock Point,6,Disabling Damage,2,Towed Due to Disabling Damage,42,Tree (Standing Only),0,,0,,0,No or Not Reported,1,Yes,41,Oregon,97534,97534,6,Valid,1,Full Driver License,0,No (CDL),0,No Endorsements required for this vehicle,3,Valid license for this class vehicle,0,No Restrictions or Not Applicable,72,72,240,240 lbs.,0,,0,,0,,1,1,2,2,6,June,2015,2015,7,July,2017,2017,4,"Yes, Too Fast for Conditions",0,,0,,0,,0,,1,"Two-Way, Not Divided",2,Two lanes,55,55 MPH,2,Curve Right,1,Level,2,"Blacktop, Bituminous, or Asphalt",1,Dry,0,No Controls,0,No Controls,14,Negotiating a Curve,6,Traveling too fast for conditions,99,Unknown/Not Reported,5,"Skidding Laterally, Rotation Direction Unknown",4,Departed roadway,7,B7-Single Driver-Left Roadside Departure-Control/Traction Loss,2,1,Yes,777777777777,No Trailing Units,777777777777,No Trailing Units,777777777777,No Trailing Units
41,Oregon,410346,1,1,1,01,20,20,9,September,5,5:00am-5:59am,38,38,32,Culvert,0,Not a Collision with Motor Vehicle In-Transport,1,Motor Vehicle In-Transport (Inside or Outside the Trafficway),0,No,41,Oregon,1,Driver (in this crash) was  Registered Owner,98,Other Make,703,98703,Other Make 125-349cc,84,Motor Scooter,2009,2009,ZAPM289M7953,ZAPM289M7953,Z,A,P,M,2,8,9,M,7,9,5,3,0,No Trailing Units,0,Not an Articulated Vehicle,0,Not Applicable,000000000,Not Applicable,00000000000,Not Applicable,0,Not Applicable,0,Not Applicable,0,Not Applicable (N/A),1,No,0,Not Applicable,0,Not Applicable,0,Not Applicable,0,Not Applicable,0,Not a Bus,0,No Special Use,0,Not Applicable,998,Not Reported,0,No Underride or Override Noted,0,No Rollover,0,No Rollover,12,12 Clock Point,8,Not Reported,2,Towed Due to Disabling Damage,32,Culvert,0,,0,,0,No or Not Reported,1,Yes,41,Oregon,97128,97128,6,Valid,1,Full Driver License,0,No (CDL),0,No Endorsements required for this vehicle,3,Valid license for this class vehicle,0,No Restrictions or Not Applicable,74,74,250,250 lbs.,0,,0,,0,,0,,0,,0,No Record,0,No Record,0,No Record,0,No Record,9,Unknown,99,Unknown,99,Unknown,99,Unknown,99,Unknown,1,"Two-Way, Not Divided",2,Two lanes,40,40 MPH,3,Curve Left,1,Level,2,"Blacktop, Bituminous, or Asphalt",2,Wet,0,No Controls,0,No Controls,1,Going Straight,13,Off the edge of the road on the right side,99,Unknown/Not Reported,1,Tracking,4,Departed roadway,1,A1-Single Driver-Right Roadside Departure-Drive Off Road,1,0,No,777777777777,No Trailing Units,777777777777,No Trailing Units,777777777777,No Trailing Units
41,Oregon,410347,1,2,1,01,20,20,9,September,23,11:00pm-11:59pm,13,13,12,Motor Vehicle In-Transport,2,Front-to-Front,1,Motor Vehicle In-Transport (Inside or Outside the Trafficway),0,No,41,Oregon,1,Driver (in this crash) was  Registered Owner,32,Audi,43,32043,Audi A4,4,"4-door sedan, hardtop",2007,2007,WAUDF78E17A0,WAUDF78E17A0,W,A,U,D,F,7,8,E,1,7,A,0,0,No Trailing Units,0,Not an Articulated Vehicle,0,Not Applicable,000000000,Not Applicable,00000000000,Not Applicable,0,Not Applicable,0,Not Applicable,0,Not Applicable (N/A),1,No,0,Not Applicable,0,Not Applicable,0,Not Applicable,0,Not Applicable,0,Not a Bus,0,No Special Use,0,Not Applicable,998,Not Reported,0,No Underride or Override Noted,0,No Rollover,0,No Rollover,12,12 Clock Point,6,Disabling Damage,2,Towed Due to Disabling Damage,12,Motor Vehicle In-Transport,0,,0,,0,No or Not Reported,1,Yes,41,Oregon,97702,97702,6,Valid,1,Full Driver License,0,No (CDL),0,No Endorsements required for this vehicle,3,Valid license for this class vehicle,0,No Restrictions or Not Applicable,71,71,182,182 lbs.,0,,3,3,0,,2,2,0,,9,September,2014,2014,3,March,2017,2017,0,No,28,Improper Lane Usage,0,,0,,0,,1,"Two-Way, Not Divided",2,Two lanes,55,55 MPH,1,Straight,1,Level,2,"Blacktop, Bituminous, or Asphalt",1,Dry,0,No Controls,0,No Controls,1,Going Straight,10,Over the lane line on left side of travel lane,99,Unknown/Not Reported,1,Tracking,2,"Stayed on roadway, but left original travel lane",50,"G50-Same Trafficway, Opposite Direction-Head-On-Lateral Move (Left/Right)",1,1,Yes,777777777777,No Trailing Units,777777777777,No Trailing Units,777777777777,No Trailing Units
41,Oregon,410347,2,2,1,01,20,20,9,September,23,11:00pm-11:59pm,13,13,12,Motor Vehicle In-Transport,2,Front-to-Front,1,Motor Vehicle In-Transport (Inside or Outside the Trafficway),0,No,93,Multiple State Registration,3,Vehicle Registered as Business/Company/Government Vehicle,87,Peterbilt,881,87881,Peterbilt Medium/Heavy - CBE,66,"Truck-tractor (Cab only, or with any number of trailing unit; any weight)",2012,2012,1XPVDP9X5CD1,1XPVDP9X5CD1,1,X,P,V,D,P,9,X,5,C,D,1,1,One Trailing Unit,1,No,99,Unknown,999999999,Unknown,99999999999,Unknown,3,"26,001 lbs. or more",6,Truck Tractor/Semi-Trailer,1,Van/Enclosed Box,1,No,0,Not Applicable,0,Not Applicable,0,Not Applicable,0,Not Applicable,0,Not a Bus,0,No Special Use,0,Not Applicable,998,Not Reported,0,No Underride or Override Noted,0,No Rollover,0,No Rollover,12,12 Clock Point,6,Disabling Damage,2,Towed Due to Disabling Damage,12,Motor Vehicle In-Transport,0,,0,,0,No or Not Reported,1,Yes,6,California,94803,94803,6,Valid,1,Full Driver License,6,Valid,0,No Endorsements required for this vehicle,3,Valid license for this class vehicle,0,No Restrictions or Not Applicable,72,72,174,174 lbs.,0,,0,,0,,0,,0,,0,No Record,0,No Record,0,No Record,0,No Record,0,No,0,,0,,0,,0,,1,"Two-Way, Not Divided",2,Two lanes,55,55 MPH,1,Straight,1,Level,2,"Blacktop, Bituminous, or Asphalt",1,Dry,0,No Controls,0,No Controls,1,Going Straight,62,From opposite direction  over left lane line,99,Unknown/Not Reported,1,Tracking,1,Stayed in original travel lane,51,"G51-Same Trafficway, Opposite Direction-Head-On-Lateral Move (Going Straight)",0,0,No,999999999999,Unknown,777777777777,No Trailing Units,777777777777,No Trailing Units
41,Oregon,410348,1,2,1,01,20,20,9,September,15,3:00pm-3:59pm,54,54,12,Motor Vehicle In-Transport,2,Front-to-Front,1,Motor Vehicle In-Transport (Inside or Outside the Trafficway),0,No,41,Oregon,1,Driver (in this crash) was  Registered Owner,23,GMC,481,23481,"GMC C, K, R, V-series pickup/     Sierra",34,Light Pickup,1986,1986,1GTHC33W4GS5,1GTHC33W4GS5,1,G,T,H,C,3,3,W,4,G,S,5,0,No Trailing Units,0,Not an Articulated Vehicle,0,Not Applicable,000000000,Not Applicable,00000000000,Not Applicable,0,Not Applicable,0,Not Applicable,0,Not Applicable (N/A),1,No,0,Not Applicable,0,Not Applicable,0,Not Applicable,0,Not Applicable,0,Not a Bus,0,No Special Use,0,Not Applicable,998,Not Reported,0,No Underride or Override Noted,0,No Rollover,0,No Rollover,12,12 Clock Point,9,Unknown,5,Not Towed,12,Motor Vehicle In-Transport,0,,0,,0,No or Not Reported,1,Yes,6,California,97526,97526,6,Valid,1,Full Driver License,0,No (CDL),0,No Endorsements required for this vehicle,3,Valid license for this class vehicle,0,No Restrictions or Not Applicable,999,Unknown,999,Unknown,0,,0,,0,,0,,0,,0,No Record,0,No Record,0,No Record,0,No Record,0,No,0,,0,,0,,0,,1,"Two-Way, Not Divided",2,Two lanes,98,Not Reported,2,Curve Right,2,"Grade, Unknown Slope",2,"Blacktop, Bituminous, or Asphalt",2,Wet,0,No Controls,0,No Controls,14,Negotiating a Curve,62,From opposite direction  over left lane line,99,Unknown/Not Reported,1,Tracking,1,Stayed in original travel lane,51,"G51-Same Trafficway, Opposite Direction-Head-On-Lateral Move (Going Straight)",0,0,No,777777777777,No Trailing Units,777777777777,No Trailing Units,777777777777,No Trailing Units
41,Oregon,410348,2,2,2,02,20,20,9,September,15,3:00pm-3:59pm,54,54,12,Motor Vehicle In-Transport,2,Front-to-Front,1,Motor Vehicle In-Transport (Inside or Outside the Trafficway),0,No,92,No Registration,0,"Not Applicable, Vehicle Not Registered",99,Unknown Make,709,99709,Unknown Make Unknown cc,80,Two Wheel Motorcycle (excluding motor scooters),9999,Unknown,999999999999,Unknown,9,9,9,9,9,9,9,9,9,9,9,9,0,No Trailing Units,0,Not an Articulated Vehicle,0,Not Applicable,000000000,Not Applicable,00000000000,Not Applicable,0,Not Applicable,0,Not Applicable,0,Not Applicable (N/A),1,No,0,Not Applicable,0,Not Applicable,0,Not Applicable,0,Not Applicable,0,Not a Bus,0,No Special Use,0,Not Applicable,998,Not Reported,0,No Underride or Override Noted,0,No Rollover,0,No Rollover,12,12 Clock Point,6,Disabling Damage,2,Towed Due to Disabling Damage,12,Motor Vehicle In-Transport,0,,0,,0,No or Not Reported,1,Yes,41,Oregon,97526,97526,1,Suspended,1,Full Driver License,0,No (CDL),0,No Endorsements required for this vehicle,2,No valid license for this class vehicle,0,No Restrictions or Not Applicable,72,72,150,150 lbs.,0,,4,4,1,1,0,,0,,12,December,2012,2012,12,December,2013,2013,9,Unknown,28,Improper Lane Usage,0,,0,,0,,1,"Two-Way, Not Divided",2,Two lanes,98,Not Reported,2,Curve Right,2,"Grade, Unknown Slope",2,"Blacktop, Bituminous, or Asphalt",2,Wet,0,No Controls,0,No Controls,14,Negotiating a Curve,10,Over the lane line on left side of travel lane,99,Unknown/Not Reported,1,Tracking,2,"Stayed on roadway, but left original travel lane",50,"G50-Same Trafficway, Opposite Direction-Head-On-Lateral Move (Left/Right)",1,0,No,777777777777,No Trailing Units,777777777777,No Trailing Units,777777777777,No Trailing Units
41,Oregon,410349,1,1,1,01,21,21,9,September,19,7:00pm-7:59pm,10,10,30,Utility Pole/Light Support,0,Not a Collision with Motor Vehicle In-Transport,1,Motor Vehicle In-Transport (Inside or Outside the Trafficway),0,No,41,Oregon,1,Driver (in this crash) was  Registered Owner,7,Dodge,41,7041,Dodge Intrepid,4,"4-door sedan, hardtop",2004,2004,2B3HD46R14H5,2B3HD46R14H5,2,B,3,H,D,4,6,R,1,4,H,5,0,No Trailing Units,0,Not an Articulated Vehicle,0,Not Applicable,000000000,Not Applicable,00000000000,Not Applicable,0,Not Applicable,0,Not Applicable,0,Not Applicable (N/A),1,No,0,Not Applicable,0,Not Applicable,0,Not Applicable,0,Not Applicable,0,Not a Bus,0,No Special Use,0,Not Applicable,998,Not Reported,0,No Underride or Override Noted,1,"Rollover, Tripped by Object/Vehicle",5,On Roadside,12,12 Clock Point,6,Disabling Damage,2,Towed Due to Disabling Damage,30,Utility Pole/Light Support,0,,0,,0,No or Not Reported,1,Yes,41,Oregon,97404,97404,1,Suspended,1,Full Driver License,0,No (CDL),0,No Endorsements required for this vehicle,2,No valid license for this class vehicle,0,No Restrictions or Not Applicable,63,63,135,135 lbs.,2,2,2,2,0,,2,2,0,,8,August,2015,2015,6,June,2017,2017,5,"Yes, Specifics Unknown",99,Unknown,99,Unknown,99,Unknown,99,Unknown,1,"Two-Way, Not Divided",2,Two lanes,45,45 MPH,3,Curve Left,2,"Grade, Unknown Slope",2,"Blacktop, Bituminous, or Asphalt",1,Dry,0,No Controls,0,No Controls,14,Negotiating a Curve,13,Off the edge of the road on the right side,99,Unknown/Not Reported,1,Tracking,4,Departed roadway,1,A1-Single Driver-Right Roadside Departure-Drive Off Road,1,1,Yes,777777777777,No Trailing Units,777777777777,No Trailing Units,777777777777,No Trailing Units
41,Oregon,410350,1,2,1,01,22,22,9,September,19,7:00pm-7:59pm,49,49,12,Motor Vehicle In-Transport,2,Front-to-Front,1,Motor Vehicle In-Transport (Inside or Outside the Trafficway),0,No,41,Oregon,2,Driver (in this crash) Not Registered Owner (Other Private Owner Listed),54,Acura,35,54035,Acura TL,4,"4-door sedan, hardtop",2007,2007,19UUA76567A0,19UUA76567A0,1,9,U,U,A,7,6,5,6,7,A,0,0,No Trailing Units,0,Not an Articulated Vehicle,0,Not Applicable,000000000,Not Applicable,00000000000,Not Applicable,0,Not Applicable,0,Not Applicable,0,Not Applicable (N/A),1,No,0,Not Applicable,0,Not Applicable,0,Not Applicable,0,Not Applicable,0,Not a Bus,0,No Special Use,0,Not Applicable,998,Not Reported,0,No Underride or Override Noted,0,No Rollover,0,No Rollover,12,12 Clock Point,6,Disabling Damage,2,Towed Due to Disabling Damage,12,Motor Vehicle In-Transport,0,,0,,0,No or Not Reported,1,Yes,41,Oregon,97338,97338,6,Valid,1,Full Driver License,0,No (CDL),0,No Endorsements required for this vehicle,3,Valid license for this class vehicle,0,No Restrictions or Not Applicable,72,72,170,170 lbs.,1,1,3,3,0,,0,,2,2,9,September,2015,2015,2,February,2017,2017,4,"Yes, Too Fast for Conditions",28,Improper Lane Usage,0,,0,,0,,1,"Two-Way, Not Divided",2,Two lanes,55,55 MPH,2,Curve Right,1,Level,2,"Blacktop, Bituminous, or Asphalt",1,Dry,0,No Controls,0,No Controls,14,Negotiating a Curve,10,Over the lane line on left side of travel lane,99,Unknown/Not Reported,1,Tracking,2,"Stayed on roadway, but left original travel lane",50,"G50-Same Trafficway, Opposite Direction-Head-On-Lateral Move (Left/Right)",1,1,Yes,777777777777,No Trailing Units,777777777777,No Trailing Units,777777777777,No Trailing Units
41,Oregon,410350,2,2,1,01,22,22,9,September,19,7:00pm-7:59pm,49,49,12,Motor Vehicle In-Transport,2,Front-to-Front,1,Motor Vehicle In-Transport (Inside or Outside the Trafficway),0,No,41,Oregon,1,Driver (in this crash) was  Registered Owner,51,Volvo,47,51047,Volvo 60 Series,4,"4-door sedan, hardtop",2012,2012,YV1622FS8C21,YV1622FS8C21,Y,V,1,6,2,2,F,S,8,C,2,1,0,No Trailing Units,0,Not an Articulated Vehicle,0,Not Applicable,000000000,Not Applicable,00000000000,Not Applicable,0,Not Applicable,0,Not Applicable,0,Not Applicable (N/A),1,No,0,Not Applicable,0,Not Applicable,0,Not Applicable,0,Not Applicable,0,Not a Bus,0,No Special Use,0,Not Applicable,998,Not Reported,0,No Underride or Override Noted,0,No Rollover,0,No Rollover,12,12 Clock Point,6,Disabling Damage,2,Towed Due to Disabling Damage,12,Motor Vehicle In-Transport,0,,0,,0,No or Not Reported,1,Yes,41,Oregon,97381,97381,6,Valid,1,Full Driver License,0,No (CDL),0,No Endorsements required for this vehicle,3,Valid license for this class vehicle,1,Restrictions Complied With,67,67,140,140 lbs.,0,,0,,0,,0,,0,,0,No Record,0,No Record,0,No Record,0,No Record,0,No,0,,0,,0,,0,,1,"Two-Way, Not Divided",2,Two lanes,55,55 MPH,1,Straight,1,Level,2,"Blacktop, Bituminous, or Asphalt",1,Dry,0,No Controls,0,No Controls,1,Going Straight,62,From opposite direction  over left lane line,99,Unknown/Not Reported,1,Tracking,1,Stayed in original travel lane,51,"G51-Same Trafficway, Opposite Direction-Head-On-Lateral Move (Going Straight)",1,0,No,777777777777,No Trailing Units,777777777777,No Trailing Units,777777777777,No Trailing Units
41,Oregon,410351,1,1,2,02,22,22,9,September,21,9:00pm-9:59pm,21,21,8,Pedestrian,0,Not a Collision with Motor Vehicle In-Transport,1,Motor Vehicle In-Transport (Inside or Outside the Trafficway),0,No,41,Oregon,1,Driver (in this crash) was  Registered Owner,7,Dodge,482,7482,Dodge Ram Pickup,34,Light Pickup,2014,2014,1C6RR7GT7ES3,1C6RR7GT7ES3,1,C,6,R,R,7,G,T,7,E,S,3,0,No Trailing Units,0,Not an Articulated Vehicle,0,Not Applicable,000000000,Not Applicable,00000000000,Not Applicable,0,Not Applicable,0,Not Applicable,0,Not Applicable (N/A),1,No,0,Not Applicable,0,Not Applicable,0,Not Applicable,0,Not Applicable,0,Not a Bus,0,No Special Use,0,Not Applicable,998,Not Reported,0,No Underride or Override Noted,0,No Rollover,0,No Rollover,12,12 Clock Point,9,Unknown,5,Not Towed,8,Pedestrian,0,,0,,0,No or Not Reported,1,Yes,41,Oregon,97116,97116,6,Valid,1,Full Driver License,0,No (CDL),0,No Endorsements required for this vehicle,3,Valid license for this class vehicle,0,No Restrictions or Not Applicable,72,72,210,210 lbs.,0,,0,,0,,0,,0,,0,No Record,0,No Record,0,No Record,0,No Record,0,No,0,,0,,0,,0,,5,"Two-Way, Not Divided With a Continuous Left-Turn Lane",5,Five lanes,55,55 MPH,1,Straight,1,Level,2,"Blacktop, Bituminous, or Asphalt",1,Dry,0,No Controls,0,No Controls,1,Going Straight,80,Pedestrian in road,99,Unknown/Not Reported,1,Tracking,1,Stayed in original travel lane,13,C13-Single Driver-Forward Impact-Pedestrian/ Animal,0,0,No,777777777777,No Trailing Units,777777777777,No Trailing Units,777777777777,No Trailing Units
41,Oregon,410352,1,2,1,01,22,22,9,September,13,1:00pm-1:59pm,26,26,12,Motor Vehicle In-Transport,6,Angle,1,Motor Vehicle In-Transport (Inside or Outside the Trafficway),0,No,41,Oregon,1,Driver (in this crash) was  Registered Owner,20,Chevrolet,16,20016,Chevrolet Cavalier,4,"4-door sedan, hardtop",1998,1998,1G1JC5249W71,1G1JC5249W71,1,G,1,J,C,5,2,4,9,W,7,1,0,No Trailing Units,0,Not an Articulated Vehicle,0,Not Applicable,000000000,Not Applicable,00000000000,Not Applicable,0,Not Applicable,0,Not Applicable,0,Not Applicable (N/A),1,No,0,Not Applicable,0,Not Applicable,0,Not Applicable,0,Not Applicable,0,Not a Bus,0,No Special Use,0,Not Applicable,998,Not Reported,0,No Underride or Override Noted,0,No Rollover,0,No Rollover,12,12 Clock Point,8,Not Reported,2,Towed Due to Disabling Damage,12,Motor Vehicle In-Transport,0,,0,,0,No or Not Reported,1,Yes,41,Oregon,97302,97302,6,Valid,1,Full Driver License,0,No (CDL),0,No Endorsements required for this vehicle,3,Valid license for this class vehicle,0,No Restrictions or Not Applicable,62,62,123,123 lbs.,0,,0,,0,,0,,0,,0,No Record,0,No Record,0,No Record,0,No Record,0,No,38,Failure to Yield Right-of-Way,0,,0,,0,,1,"Two-Way, Not Divided",2,Two lanes,30,30 MPH,1,Straight,1,Level,2,"Blacktop, Bituminous, or Asphalt",1,Dry,20,Stop Sign,3,Device Functioning Properly,1,Going Straight,17,Crossing over (passing through) Junction,99,Unknown/Not Reported,1,Tracking,1,Stayed in original travel lane,86,L86-Intersecting Paths-Straight Paths-Striking from the Right,1,0,No,777777777777,No Trailing Units,777777777777,No Trailing Units,777777777777,No Trailing Units
41,Oregon,410352,2,2,1,01,22,22,9,September,13,1:00pm-1:59pm,26,26,12,Motor Vehicle In-Transport,6,Angle,1,Motor Vehicle In-Transport (Inside or Outside the Trafficway),0,No,41,Oregon,1,Driver (in this crash) was  Registered Owner,7,Dodge,482,7482,Dodge Ram Pickup,34,Light Pickup,2008,2008,3D7KS28A98G1,3D7KS28A98G1,3,D,7,K,S,2,8,A,9,8,G,1,0,No Trailing Units,0,Not an Articulated Vehicle,0,Not Applicable,000000000,Not Applicable,00000000000,Not Applicable,0,Not Applicable,0,Not Applicable,0,Not Applicable (N/A),1,No,0,Not Applicable,0,Not Applicable,0,Not Applicable,0,Not Applicable,0,Not a Bus,0,No Special Use,0,Not Applicable,998,Not Reported,0,No Underride or Override Noted,0,No Rollover,0,No Rollover,1,1 Clock Point,8,Not Reported,2,Towed Due to Disabling Damage,12,Motor Vehicle In-Transport,0,,0,,0,No or Not Reported,1,Yes,41,Oregon,97302,97302,6,Valid,1,Full Driver License,0,No (CDL),0,No Endorsements required for this vehicle,3,Valid license for this class vehicle,1,Restrictions Complied With,69,69,140,140 lbs.,0,,0,,0,,0,,0,,0,No Record,0,No Record,0,No Record,0,No Record,0,No,0,,0,,0,,0,,1,"Two-Way, Not Divided",2,Two lanes,30,30 MPH,1,Straight,1,Level,2,"Blacktop, Bituminous, or Asphalt",1,Dry,20,Stop Sign,3,Device Functioning Properly,1,Going Straight,66,"From crossing street, across path",99,Unknown/Not Reported,1,Tracking,1,Stayed in original travel lane,87,L87-Intersecting Paths-Straight Paths-Struck on the Right,0,0,No,777777777777,No Trailing Units,777777777777,No Trailing Units,777777777777,No Trailing Units
41,Oregon,410353,1,1,1,01,23,23,9,September,6,6:00am-6:59am,35,35,8,Pedestrian,0,Not a Collision with Motor Vehicle In-Transport,1,Motor Vehicle In-Transport (Inside or Outside the Trafficway),0,No,41,Oregon,1,Driver (in this crash) was  Registered Owner,49,Toyota,40,49040,Toyota Camry,4,"4-door sedan, hardtop",2005,2005,4T1BE32K95U5,4T1BE32K95U5,4,T,1,B,E,3,2,K,9,5,U,5,0,No Trailing Units,0,Not an Articulated Vehicle,0,Not Applicable,000000000,Not Applicable,00000000000,Not Applicable,0,Not Applicable,0,Not Applicable,0,Not Applicable (N/A),1,No,0,Not Applicable,0,Not Applicable,0,Not Applicable,0,Not Applicable,0,Not a Bus,0,No Special Use,0,Not Applicable,998,Not Reported,0,No Underride or Override Noted,0,No Rollover,0,No Rollover,12,12 Clock Point,9,Unknown,5,Not Towed,8,Pedestrian,0,,0,,0,No or Not Reported,1,Yes,41,Oregon,97206,97206,6,Valid,1,Full Driver License,0,No (CDL),0,No Endorsements required for this vehicle,3,Valid license for this class vehicle,1,Restrictions Complied With,64,64,136,136 lbs.,0,,0,,0,,0,,0,,0,No Record,0,No Record,0,No Record,0,No Record,9,Unknown,99,Unknown,99,Unknown,99,Unknown,99,Unknown,4,One-Way Trafficway,4,Four lanes,30,30 MPH,1,Straight,1,Level,2,"Blacktop, Bituminous, or Asphalt",1,Dry,2,Traffic control signal (on colors) with Pedestrian Signal,3,Device Functioning Properly,1,Going Straight,80,Pedestrian in road,99,Unknown/Not Reported,1,Tracking,1,Stayed in original travel lane,13,C13-Single Driver-Forward Impact-Pedestrian/ Animal,0,0,No,777777777777,No Trailing Units,777777777777,No Trailing Units,777777777777,No Trailing Units
41,Oregon,410355,1,1,1,01,30,30,9,September,99,Unknown Hours,99,Unknown Minutes,1,Rollover/Overturn,0,Not a Collision with Motor Vehicle In-Transport,1,Motor Vehicle In-Transport (Inside or Outside the Trafficway),0,No,41,Oregon,1,Driver (in this crash) was  Registered Owner,49,Toyota,472,49472,Toyota Tacoma,40,"Cab Chassis Based (includes Rescue Vehicle, Light Stake, Dump, and Tow Truck)",1999,1999,4TAPM62NXXZ4,4TAPM62NXXZ4,4,T,A,P,M,6,2,N,X,X,Z,4,0,No Trailing Units,0,Not an Articulated Vehicle,0,Not Applicable,000000000,Not Applicable,00000000000,Not Applicable,0,Not Applicable,0,Not Applicable,0,Not Applicable (N/A),1,No,0,Not Applicable,0,Not Applicable,0,Not Applicable,0,Not Applicable,0,Not a Bus,0,No Special Use,0,Not Applicable,998,Not Reported,0,No Underride or Override Noted,1,"Rollover, Tripped by Object/Vehicle",5,On Roadside,0,Non-Collision,6,Disabling Damage,2,Towed Due to Disabling Damage,1,Rollover/Overturn,0,,0,,0,No or Not Reported,1,Yes,41,Oregon,97326,97326,6,Valid,1,Full Driver License,0,No (CDL),0,No Endorsements required for this vehicle,3,Valid license for this class vehicle,0,No Restrictions or Not Applicable,71,71,180,180 lbs.,0,,0,,0,,0,,0,,0,No Record,0,No Record,0,No Record,0,No Record,3,"Yes, Exceeded Speed Limit",99,Unknown,99,Unknown,99,Unknown,99,Unknown,1,"Two-Way, Not Divided",2,Two lanes,98,Not Reported,4,Curve - Unknown Direction,2,"Grade, Unknown Slope",2,"Blacktop, Bituminous, or Asphalt",98,Not Reported,0,No Controls,0,No Controls,14,Negotiating a Curve,19,Unknown travel direction,99,Unknown/Not Reported,1,Tracking,4,Departed roadway,99,M99-Unknown,1,0,No,777777777777,No Trailing Units,777777777777,No Trailing Units,777777777777,No Trailing Units
41,Oregon,410356,1,1,99,Unknown,30,30,9,September,21,9:00pm-9:59pm,12,12,30,Utility Pole/Light Support,0,Not a Collision with Motor Vehicle In-Transport,1,Motor Vehicle In-Transport (Inside or Outside the Trafficway),1,Yes,41,Oregon,1,Driver (in this crash) was  Registered Owner,7,Dodge,402,7402,Dodge Durango (1998-2003 only; see model 422 for 2004 on),14,"Compact Utility (Utility Vehicle Categories ""Small"" and ""Midsize"")",1999,1999,1B4HS28Y9XF6,1B4HS28Y9XF6,1,B,4,H,S,2,8,Y,9,X,F,6,0,No Trailing Units,0,Not an Articulated Vehicle,0,Not Applicable,000000000,Not Applicable,00000000000,Not Applicable,0,Not Applicable,0,Not Applicable,0,Not Applicable (N/A),1,No,0,Not Applicable,0,Not Applicable,0,Not Applicable,0,Not Applicable,0,Not a Bus,0,No Special Use,0,Not Applicable,998,Not Reported,0,No Underride or Override Noted,0,No Rollover,0,No Rollover,1,1 Clock Point,8,Not Reported,2,Towed Due to Disabling Damage,8,Pedestrian,0,,0,,0,No or Not Reported,1,Yes,41,Oregon,97138,97138,6,Valid,1,Full Driver License,0,No (CDL),0,No Endorsements required for this vehicle,3,Valid license for this class vehicle,1,Restrictions Complied With,62,62,110,110 lbs.,1,1,1,1,0,,0,,0,,10,October,2014,2014,11,November,2014,2014,4,"Yes, Too Fast for Conditions",91,"Non-Traffic Violation Charged - manslaughter, homicide or other assault committed without malice.",0,,0,,0,,3,"Two-Way,  Divided, Positive  Median Barrier",3,Three lanes,35,35 MPH,1,Straight,1,Level,2,"Blacktop, Bituminous, or Asphalt",2,Wet,0,No Controls,0,No Controls,1,Going Straight,6,Traveling too fast for conditions,99,Unknown/Not Reported,5,"Skidding Laterally, Rotation Direction Unknown",4,Departed roadway,2,A2-Single Driver-Right Roadside Departure-Control/Traction Loss,0,1,Yes,777777777777,No Trailing Units,777777777777,No Trailing Units,777777777777,No Trailing Units
41,Oregon,410357,1,1,1,01,11,11,4,April,21,9:00pm-9:59pm,46,46,8,Pedestrian,0,Not a Collision with Motor Vehicle In-Transport,1,Motor Vehicle In-Transport (Inside or Outside the Trafficway),0,No,41,Oregon,1,Driver (in this crash) was  Registered Owner,12,Ford,401,12401,Ford Bronco (thru 1977)/Bronco II/Explorer/Explorer Sport,14,"Compact Utility (Utility Vehicle Categories ""Small"" and ""Midsize"")",2010,2010,1FMEU7F88AUB,1FMEU7F88AUB,1,F,M,E,U,7,F,8,8,A,U,B,0,No Trailing Units,0,Not an Articulated Vehicle,0,Not Applicable,000000000,Not Applicable,00000000000,Not Applicable,0,Not Applicable,0,Not Applicable,0,Not Applicable (N/A),1,No,0,Not Applicable,0,Not Applicable,0,Not Applicable,0,Not Applicable,0,Not a Bus,0,No Special Use,0,Not Applicable,998,Not Reported,0,No Underride or Override Noted,0,No Rollover,0,No Rollover,12,12 Clock Point,8,Not Reported,5,Not Towed,8,Pedestrian,0,,0,,0,No or Not Reported,1,Yes,41,Oregon,97702,97702,6,Valid,1,Full Driver License,0,No (CDL),0,No Endorsements required for this vehicle,3,Valid license for this class vehicle,1,Restrictions Complied With,63,63,156,156 lbs.,0,,0,,0,,0,,0,,0,No Record,0,No Record,0,No Record,0,No Record,9,Unknown,99,Unknown,99,Unknown,99,Unknown,99,Unknown,1,"Two-Way, Not Divided",3,Three lanes,98,Not Reported,1,Straight,2,"Grade, Unknown Slope",2,"Blacktop, Bituminous, or Asphalt",2,Wet,0,No Controls,0,No Controls,1,Going Straight,80,Pedestrian in road,1,No Avoidance Maneuver,1,Tracking,1,Stayed in original travel lane,13,C13-Single Driver-Forward Impact-Pedestrian/ Animal,0,0,No,777777777777,No Trailing Units,777777777777,No Trailing Units,777777777777,No Trailing Units
41,Oregon,410358,1,2,3,03,9,9,5,May,17,5:00pm-5:59pm,0,0,12,Motor Vehicle In-Transport,7,Sideswipe - Same Direction,1,Motor Vehicle In-Transport (Inside or Outside the Trafficway),0,No,41,Oregon,1,Driver (in this crash) was  Registered Owner,37,Honda,32,37032,Honda Accord,4,"4-door sedan, hardtop",2006,2006,1HGCM563X6A0,1HGCM563X6A0,1,H,G,C,M,5,6,3,X,6,A,0,0,No Trailing Units,0,Not an Articulated Vehicle,0,Not Applicable,000000000,Not Applicable,00000000000,Not Applicable,0,Not Applicable,0,Not Applicable,0,Not Applicable (N/A),1,No,0,Not Applicable,0,Not Applicable,0,Not Applicable,0,Not Applicable,0,Not a Bus,0,No Special Use,0,Not Applicable,998,Not Reported,0,No Underride or Override Noted,0,No Rollover,0,No Rollover,3,3 Clock Point,8,Not Reported,2,Towed Due to Disabling Damage,12,Motor Vehicle In-Transport,0,,0,,0,No or Not Reported,1,Yes,41,Oregon,97005,97005,6,Valid,1,Full Driver License,0,No (CDL),0,No Endorsements required for this vehicle,3,Valid license for this class vehicle,3,"Restrictions, Compliance Unknown",64,64,115,115 lbs.,0,,0,,0,,0,,0,,0,No Record,0,No Record,0,No Record,0,No Record,0,No,27,Improper or Erratic Lane Changing,0,,0,,0,,3,"Two-Way,  Divided, Positive  Median Barrier",3,Three lanes,60,60 MPH,1,Straight,1,Level,2,"Blacktop, Bituminous, or Asphalt",1,Dry,0,No Controls,0,No Controls,15,Changing Lanes,11,Over the lane line on right side of travel lane,99,Unknown/Not Reported,1,Tracking,2,"Stayed on roadway, but left original travel lane",44,"F44-Same Trafficway, Same Direction-Angle, Sideswipe-Straight Ahead on Left",1,0,No,777777777777,No Trailing Units,777777777777,No Trailing Units,777777777777,No Trailing Units
41,Oregon,410358,2,2,1,01,9,9,5,May,17,5:00pm-5:59pm,0,0,12,Motor Vehicle In-Transport,7,Sideswipe - Same Direction,1,Motor Vehicle In-Transport (Inside or Outside the Trafficway),0,No,41,Oregon,3,Vehicle Registered as Business/Company/Government Vehicle,12,Ford,881,12881,Ford Medium/Heavy - CBE,62,"Single-unit straight truck or Cab-Chassis (19,500 lbs. < GVWR < or = 26,000 lbs.)",2007,2007,3FRWW65B47V4,3FRWW65B47V4,3,F,R,W,W,6,5,B,4,7,V,4,0,No Trailing Units,0,Not an Articulated Vehicle,57,US DOT,0695899,0695899,570695899,570695899,2,"10,001 lbs - 26,000 lbs",2,Single-Unit Truck (3 or more axles),3,Flatbed,1,No,0,Not Applicable,0,Not Applicable,0,Not Applicable,0,Not Applicable,0,Not a Bus,0,No Special Use,0,Not Applicable,998,Not Reported,0,No Underride or Override Noted,0,No Rollover,0,No Rollover,11,11 Clock Point,8,Not Reported,2,Towed Due to Disabling Damage,12,Motor Vehicle In-Transport,0,,0,,0,No or Not Reported,1,Yes,41,Oregon,97303,97303,6,Valid,1,Full Driver License,0,No (CDL),0,No Endorsements required for this vehicle,3,Valid license for this class vehicle,0,No Restrictions or Not Applicable,69,69,140,140 lbs.,0,,0,,0,,1,1,0,,5,May,2013,2013,5,May,2013,2013,0,No,0,,0,,0,,0,,3,"Two-Way,  Divided, Positive  Median Barrier",3,Three lanes,60,60 MPH,1,Straight,1,Level,2,"Blacktop, Bituminous, or Asphalt",1,Dry,0,No Controls,0,No Controls,1,Going Straight,60,From adjacent lane (same direction) over left lane line,99,Unknown/Not Reported,1,Tracking,1,Stayed in original travel lane,45,"F45-Same Trafficway, Same Direction-Angle, Sideswipe-Straight Ahead on Left/Right",0,0,No,777777777777,No Trailing Units,777777777777,No Trailing Units,777777777777,No Trailing Units
41,Oregon,410359,1,2,2,02,24,24,6,June,18,6:00pm-6:59pm,10,10,12,Motor Vehicle In-Transport,8,Sideswipe - Opposite Direction,1,Motor Vehicle In-Transport (Inside or Outside the Trafficway),0,No,41,Oregon,2,Driver (in this crash) Not Registered Owner (Other Private Owner Listed),49,Toyota,401,49401,Toyota 4-Runner,14,"Compact Utility (Utility Vehicle Categories ""Small"" and ""Midsize"")",1984,1984,JT4RN61DXE50,JT4RN61DXE50,J,T,4,R,N,6,1,D,X,E,5,0,0,No Trailing Units,0,Not an Articulated Vehicle,0,Not Applicable,000000000,Not Applicable,00000000000,Not Applicable,0,Not Applicable,0,Not Applicable,0,Not Applicable (N/A),1,No,0,Not Applicable,0,Not Applicable,0,Not Applicable,0,Not Applicable,0,Not a Bus,0,No Special Use,0,Not Applicable,998,Not Reported,0,No Underride or Override Noted,1,"Rollover, Tripped by Object/Vehicle",1,On Roadway,5,5 Clock Point,6,Disabling Damage,2,Towed Due to Disabling Damage,1,Rollover/Overturn,0,,0,,0,No or Not Reported,1,Yes,41,Oregon,97442,97442,1,Suspended,1,Full Driver License,0,No (CDL),0,No Endorsements required for this vehicle,2,No valid license for this class vehicle,0,No Restrictions or Not Applicable,72,72,190,190 lbs.,1,1,7,7,0,,0,,0,,11,November,2013,2013,3,March,2016,2016,0,No,33,"Passing where Prohibited by Posted Signs, Pavement Markings or School Bus Displaying Warning not to Pass",0,,0,,0,,1,"Two-Way, Not Divided",2,Two lanes,55,55 MPH,2,Curve Right,1,Level,2,"Blacktop, Bituminous, or Asphalt",1,Dry,0,No Controls,0,No Controls,14,Negotiating a Curve,62,From opposite direction  over left lane line,99,Unknown/Not Reported,5,"Skidding Laterally, Rotation Direction Unknown",2,"Stayed on roadway, but left original travel lane",69,J69-Trafficway Vehicle Turning-Turn Across Path-Initial Opposite Directions (Going Straight),1,1,Yes,777777777777,No Trailing Units,777777777777,No Trailing Units,777777777777,No Trailing Units
41,Oregon,410359,2,2,1,01,24,24,6,June,18,6:00pm-6:59pm,10,10,12,Motor Vehicle In-Transport,8,Sideswipe - Opposite Direction,1,Motor Vehicle In-Transport (Inside or Outside the Trafficway),0,No,41,Oregon,1,Driver (in this crash) was  Registered Owner,6,Chrysler,52,6052,Chrysler PT Cruiser,6,Station Wagon (excluding van and truck based),2004,2004,3C4FY58844T2,3C4FY58844T2,3,C,4,F,Y,5,8,8,4,4,T,2,0,No Trailing Units,0,Not an Articulated Vehicle,0,Not Applicable,000000000,Not Applicable,00000000000,Not Applicable,0,Not Applicable,0,Not Applicable,0,Not Applicable (N/A),1,No,0,Not Applicable,0,Not Applicable,0,Not Applicable,0,Not Applicable,0,Not a Bus,0,No Special Use,0,Not Applicable,998,Not Reported,0,No Underride or Override Noted,0,No Rollover,0,No Rollover,11,11 Clock Point,8,Not Reported,2,Towed Due to Disabling Damage,12,Motor Vehicle In-Transport,0,,0,,0,No or Not Reported,1,Yes,41,Oregon,97527,97527,6,Valid,1,Full Driver License,0,No (CDL),0,No Endorsements required for this vehicle,3,Valid license for this class vehicle,0,No Restrictions or Not Applicable,66,66,123,123 lbs.,0,,0,,0,,0,,0,,0,No Record,0,No Record,0,No Record,0,No Record,0,No,0,,0,,0,,0,,1,"Two-Way, Not Divided",2,Two lanes,55,55 MPH,3,Curve Left,1,Level,2,"Blacktop, Bituminous, or Asphalt",1,Dry,0,No Controls,0,No Controls,11,Turning Left,15,Turning Left,99,Unknown/Not Reported,1,Tracking,1,Stayed in original travel lane,68,J68-Trafficway Vehicle Turning-Turn Across Path-Initial Opposite Directions (Left/Right),0,0,No,777777777777,No Trailing Units,777777777777,No Trailing Units,777777777777,No Trailing Units
41,Oregon,410360,1,2,1,01,18,18,7,July,10,10:00am-10:59am,35,35,12,Motor Vehicle In-Transport,2,Front-to-Front,1,Motor Vehicle In-Transport (Inside or Outside the Trafficway),0,No,41,Oregon,1,Driver (in this crash) was  Registered Owner,34,BMW,706,34706,BMW 750cc and over,80,Two Wheel Motorcycle (excluding motor scooters),2015,2015,WB10A1405FZ1,WB10A1405FZ1,W,B,1,0,A,1,4,0,5,F,Z,1,0,No Trailing Units,0,Not an Articulated Vehicle,0,Not Applicable,000000000,Not Applicable,00000000000,Not Applicable,0,Not Applicable,0,Not Applicable,0,Not Applicable (N/A),1,No,0,Not Applicable,0,Not Applicable,0,Not Applicable,0,Not Applicable,0,Not a Bus,0,No Special Use,0,Not Applicable,998,Not Reported,0,No Underride or Override Noted,0,No Rollover,0,No Rollover,12,12 Clock Point,6,Disabling Damage,2,Towed Due to Disabling Damage,12,Motor Vehicle In-Transport,0,,0,,0,No or Not Reported,1,Yes,41,Oregon,97302,97302,6,Valid,1,Full Driver License,0,No (CDL),0,No Endorsements required for this vehicle,3,Valid license for this class vehicle,1,Restrictions Complied With,72,72,200,200 lbs.,0,,0,,0,,0,,0,,0,No Record,0,No Record,0,No Record,0,No Record,0,No,28,Improper Lane Usage,0,,0,,0,,1,"Two-Way, Not Divided",2,Two lanes,55,55 MPH,2,Curve Right,2,"Grade, Unknown Slope",2,"Blacktop, Bituminous, or Asphalt",1,Dry,0,No Controls,0,No Controls,14,Negotiating a Curve,10,Over the lane line on left side of travel lane,99,Unknown/Not Reported,1,Tracking,2,"Stayed on roadway, but left original travel lane",50,"G50-Same Trafficway, Opposite Direction-Head-On-Lateral Move (Left/Right)",1,0,No,777777777777,No Trailing Units,777777777777,No Trailing Units,777777777777,No Trailing Units
41,Oregon,410360,2,2,1,01,18,18,7,July,10,10:00am-10:59am,35,35,12,Motor Vehicle In-Transport,2,Front-to-Front,1,Motor Vehicle In-Transport (Inside or Outside the Trafficway),0,No,93,Multiple State Registration,3,Vehicle Registered as Business/Company/Government Vehicle,85,Kenworth,884,85884,Kenworth Medium/Heavy - Unknown engine location,66,"Truck-tractor (Cab only, or with any number of trailing unit; any weight)",2016,2016,1NKWL49X0GJ1,1NKWL49X0GJ1,1,N,K,W,L,4,9,X,0,G,J,1,1,One Trailing Unit,1,No,57,US DOT,0628701,0628701,570628701,570628701,3,"26,001 lbs. or more",6,Truck Tractor/Semi-Trailer,10,Log,1,No,0,Not Applicable,0,Not Applicable,0,Not Applicable,0,Not Applicable,0,Not a Bus,0,No Special Use,0,Not Applicable,998,Not Reported,0,No Underride or Override Noted,0,No Rollover,0,No Rollover,12,12 Clock Point,8,Not Reported,5,Not Towed,12,Motor Vehicle In-Transport,0,,0,,0,No or Not Reported,1,Yes,41,Oregon,97386,97386,6,Valid,1,Full Driver License,6,Valid,0,No Endorsements required for this vehicle,3,Valid license for this class vehicle,0,No Restrictions or Not Applicable,71,71,220,220 lbs.,0,,0,,0,,0,,0,,0,No Record,0,No Record,0,No Record,0,No Record,0,No,0,,0,,0,,0,,1,"Two-Way, Not Divided",2,Two lanes,55,55 MPH,3,Curve Left,2,"Grade, Unknown Slope",2,"Blacktop, Bituminous, or Asphalt",1,Dry,0,No Controls,0,No Controls,14,Negotiating a Curve,62,From opposite direction  over left lane line,99,Unknown/Not Reported,1,Tracking,1,Stayed in original travel lane,51,"G51-Same Trafficway, Opposite Direction-Head-On-Lateral Move (Going Straight)",0,0,No,1L9L03626D11,1L9L03626D11,777777777777,No Trailing Units,777777777777,No Trailing Units
41,Oregon,410361,1,2,2,02,22,22,8,August,11,11:00am-11:59am,46,46,12,Motor Vehicle In-Transport,1,Front-to-Rear,1,Motor Vehicle In-Transport (Inside or Outside the Trafficway),0,No,6,California,1,Driver (in this crash) was  Registered Owner,35,Datsun/Nissan,49,35049,Datsun/Nissan Murano,6,Station Wagon (excluding van and truck based),2005,2005,JN8AZ08W55W4,JN8AZ08W55W4,J,N,8,A,Z,0,8,W,5,5,W,4,0,No Trailing Units,0,Not an Articulated Vehicle,0,Not Applicable,000000000,Not Applicable,00000000000,Not Applicable,0,Not Applicable,0,Not Applicable,0,Not Applicable (N/A),1,No,0,Not Applicable,0,Not Applicable,0,Not Applicable,0,Not Applicable,0,Not a Bus,0,No Special Use,0,Not Applicable,998,Not Reported,0,No Underride or Override Noted,0,No Rollover,0,No Rollover,12,12 Clock Point,6,Disabling Damage,2,Towed Due to Disabling Damage,12,Motor Vehicle In-Transport,0,,0,,0,No or Not Reported,1,Yes,6,California,93004,93004,6,Valid,1,Full Driver License,0,No (CDL),0,No Endorsements required for this vehicle,3,Valid license for this class vehicle,1,Restrictions Complied With,74,74,180,180 lbs.,0,,0,,0,,0,,0,,0,No Record,0,No Record,0,No Record,0,No Record,0,No,0,,0,,0,,0,,1,"Two-Way, Not Divided",6,Six lanes,45,45 MPH,2,Curve Right,2,"Grade, Unknown Slope",2,"Blacktop, Bituminous, or Asphalt",1,Dry,3,Traffic control signal(on colors) not known whether or not Pedestrian Signal,3,Device Functioning Properly,14,Negotiating a Curve,52,Traveling in same direction while decelerating,1,No Avoidance Maneuver,1,Tracking,1,Stayed in original travel lane,24,"D24-Same Trafficway, Same Direction-Rear End-Slower",0,0,No,777777777777,No Trailing Units,777777777777,No Trailing Units,777777777777,No Trailing Units
41,Oregon,410361,2,2,2,02,22,22,8,August,11,11:00am-11:59am,46,46,12,Motor Vehicle In-Transport,1,Front-to-Rear,1,Motor Vehicle In-Transport (Inside or Outside the Trafficway),0,No,53,Washington,1,Driver (in this crash) was  Registered Owner,55,Hyundai,36,55036,Hyundai Accent,3,3-door/2-door hatchback,2010,2010,KMHCM3AC8AU1,KMHCM3AC8AU1,K,M,H,C,M,3,A,C,8,A,U,1,0,No Trailing Units,0,Not an Articulated Vehicle,0,Not Applicable,000000000,Not Applicable,00000000000,Not Applicable,0,Not Applicable,0,Not Applicable,0,Not Applicable (N/A),1,No,0,Not Applicable,0,Not Applicable,0,Not Applicable,0,Not Applicable,0,Not a Bus,0,No Special Use,0,Not Applicable,998,Not Reported,0,No Underride or Override Noted,0,No Rollover,0,No Rollover,6,6 Clock Point,6,Disabling Damage,2,Towed Due to Disabling Damage,12,Motor Vehicle In-Transport,0,,0,,0,No or Not Reported,1,Yes,53,Washington,98230,98230,6,Valid,1,Full Driver License,0,No (CDL),0,No Endorsements required for this vehicle,3,Valid license for this class vehicle,1,Restrictions Complied With,66,66,140,140 lbs.,0,,0,,0,,2,2,0,,3,March,2013,2013,3,March,2015,2015,0,No,0,,0,,0,,0,,1,"Two-Way, Not Divided",6,Six lanes,45,45 MPH,2,Curve Right,2,"Grade, Unknown Slope",2,"Blacktop, Bituminous, or Asphalt",1,Dry,2,Traffic control signal (on colors) with Pedestrian Signal,3,Device Functioning Properly,11,Turning Left,53,Traveling in same direction with higher speed,1,No Avoidance Maneuver,1,Tracking,1,Stayed in original travel lane,26,"D26-Same Trafficway, Same Direction-Rear End-Slower, Going Left",1,0,No,777777777777,No Trailing Units,777777777777,No Trailing Units,777777777777,No Trailing Units
41,Oregon,410362,1,2,1,01,7,7,9,September,9,9:00am-9:59am,12,12,12,Motor Vehicle In-Transport,6,Angle,1,Motor Vehicle In-Transport (Inside or Outside the Trafficway),0,No,41,Oregon,1,Driver (in this crash) was  Registered Owner,49,Toyota,472,49472,Toyota Tacoma,34,Light Pickup,2005,2005,5TETU62NX5Z1,5TETU62NX5Z1,5,T,E,T,U,6,2,N,X,5,Z,1,0,No Trailing Units,0,Not an Articulated Vehicle,0,Not Applicable,000000000,Not Applicable,00000000000,Not Applicable,0,Not Applicable,0,Not Applicable,0,Not Applicable (N/A),1,No,0,Not Applicable,0,Not Applicable,0,Not Applicable,0,Not Applicable,0,Not a Bus,0,No Special Use,0,Not Applicable,998,Not Reported,0,No Underride or Override Noted,0,No Rollover,0,No Rollover,12,12 Clock Point,6,Disabling Damage,2,Towed Due to Disabling Damage,12,Motor Vehicle In-Transport,0,,0,,0,No or Not Reported,1,Yes,41,Oregon,97374,97374,6,Valid,1,Full Driver License,0,No (CDL),0,No Endorsements required for this vehicle,3,Valid license for this class vehicle,1,Restrictions Complied With,60,60,140,140 lbs.,0,,0,,0,,0,,1,1,6,June,2016,2016,6,June,2016,2016,0,No,39,"Failure to Obey Actual Traffic Sign,Traffic Control Devices or Traffic Officers;Failure to Obey Safety Zone Traffic Laws",0,,0,,0,,1,"Two-Way, Not Divided",3,Three lanes,45,45 MPH,1,Straight,1,Level,2,"Blacktop, Bituminous, or Asphalt",1,Dry,2,Traffic control signal (on colors) with Pedestrian Signal,3,Device Functioning Properly,1,Going Straight,17,Crossing over (passing through) Junction,99,Unknown/Not Reported,1,Tracking,1,Stayed in original travel lane,83,K83-Trafficway Vehicle Turning-Turn Into Path-Turn Into Opposite Directions (Going Straight),0,0,No,777777777777,No Trailing Units,777777777777,No Trailing Units,777777777777,No Trailing Units
41,Oregon,410362,2,2,2,02,7,7,9,September,9,9:00am-9:59am,12,12,12,Motor Vehicle In-Transport,6,Angle,1,Motor Vehicle In-Transport (Inside or Outside the Trafficway),0,No,41,Oregon,2,Driver (in this crash) Not Registered Owner (Other Private Owner Listed),13,Lincoln,1,13001,Lincoln Continental (thru `81)/ Town Car,4,"4-door sedan, hardtop",1996,1996,1LNLM81WXTY6,1LNLM81WXTY6,1,L,N,L,M,8,1,W,X,T,Y,6,0,No Trailing Units,0,Not an Articulated Vehicle,0,Not Applicable,000000000,Not Applicable,00000000000,Not Applicable,0,Not Applicable,0,Not Applicable,0,Not Applicable (N/A),1,No,0,Not Applicable,0,Not Applicable,0,Not Applicable,0,Not Applicable,0,Not a Bus,0,No Special Use,0,Not Applicable,998,Not Reported,0,No Underride or Override Noted,0,No Rollover,0,No Rollover,9,9 Clock Point,6,Disabling Damage,2,Towed Due to Disabling Damage,12,Motor Vehicle In-Transport,0,,0,,0,No or Not Reported,1,Yes,41,Oregon,97383,97383,6,Valid,1,Full Driver License,0,No (CDL),0,No Endorsements required for this vehicle,3,Valid license for this class vehicle,0,No Restrictions or Not Applicable,67,67,149,149 lbs.,0,,0,,0,,0,,0,,0,No Record,0,No Record,0,No Record,0,No Record,0,No,0,,0,,0,,0,,1,"Two-Way, Not Divided",3,Three lanes,45,45 MPH,1,Straight,1,Level,2,"Blacktop, Bituminous, or Asphalt",1,Dry,2,Traffic control signal (on colors) with Pedestrian Signal,3,Device Functioning Properly,11,Turning Left,66,"From crossing street, across path",99,Unknown/Not Reported,1,Tracking,1,Stayed in original travel lane,82,K82-Trafficway Vehicle Turning-Turn Into Path-Turn Into Opposite Directions (Turning Left),1,0,No,777777777777,No Trailing Units,777777777777,No Trailing Units,777777777777,No Trailing Units
41,Oregon,410363,1,4,2,02,10,10,9,September,9,9:00am-9:59am,35,35,12,Motor Vehicle In-Transport,1,Front-to-Rear,1,Motor Vehicle In-Transport (Inside or Outside the Trafficway),0,No,16,Idaho,1,Driver (in this crash) was  Registered Owner,12,Ford,23,12023,Ford Fusion,4,"4-door sedan, hardtop",2013,2013,3FA6P0HRXDR3,3FA6P0HRXDR3,3,F,A,6,P,0,H,R,X,D,R,3,0,No Trailing Units,0,Not an Articulated Vehicle,0,Not Applicable,000000000,Not Applicable,00000000000,Not Applicable,0,Not Applicable,0,Not Applicable,0,Not Applicable (N/A),1,No,0,Not Applicable,0,Not Applicable,0,Not Applicable,0,Not Applicable,0,Not a Bus,0,No Special Use,0,Not Applicable,70,070 MPH,0,No Underride or Override Noted,0,No Rollover,0,No Rollover,12,12 Clock Point,8,Not Reported,2,Towed Due to Disabling Damage,12,Motor Vehicle In-Transport,0,,0,,0,No or Not Reported,1,Yes,16,Idaho,83204,83204,6,Valid,1,Full Driver License,6,Valid,0,No Endorsements required for this vehicle,3,Valid license for this class vehicle,0,No Restrictions or Not Applicable,76,76,350,350 lbs.,0,,0,,0,,1,1,0,,7,July,2014,2014,7,July,2014,2014,3,"Yes, Exceeded Speed Limit",0,,0,,0,,0,,1,"Two-Way, Not Divided",2,Two lanes,65,65 MPH,1,Straight,1,Level,2,"Blacktop, Bituminous, or Asphalt",1,Dry,0,No Controls,0,No Controls,1,Going Straight,51,Traveling in same direction with lower steady speed,99,Unknown/Not Reported,1,Tracking,1,Stayed in original travel lane,24,"D24-Same Trafficway, Same Direction-Rear End-Slower",0,0,No,777777777777,No Trailing Units,777777777777,No Trailing Units,777777777777,No Trailing Units
41,Oregon,410363,2,4,1,01,10,10,9,September,9,9:00am-9:59am,35,35,12,Motor Vehicle In-Transport,1,Front-to-Rear,1,Motor Vehicle In-Transport (Inside or Outside the Trafficway),0,No,6,California,2,Driver (in this crash) Not Registered Owner (Other Private Owner Listed),98,Other Make,703,98703,Other Make 125-349cc,84,Motor Scooter,2006,2006,3CG3E1D45630,3CG3E1D45630,3,C,G,3,E,1,D,4,5,6,3,0,0,No Trailing Units,0,Not an Articulated Vehicle,0,Not Applicable,000000000,Not Applicable,00000000000,Not Applicable,0,Not Applicable,0,Not Applicable,0,Not Applicable (N/A),1,No,0,Not Applicable,0,Not Applicable,0,Not Applicable,0,Not Applicable,0,Not a Bus,0,No Special Use,0,Not Applicable,998,Not Reported,0,No Underride or Override Noted,0,No Rollover,0,No Rollover,6,6 Clock Point,6,Disabling Damage,2,Towed Due to Disabling Damage,12,Motor Vehicle In-Transport,0,,0,,0,No or Not Reported,1,Yes,21,Kentucky,41011,41011,6,Valid,1,Full Driver License,8,Other Not-Valid,0,No Endorsements required for this vehicle,2,No valid license for this class vehicle,1,Restrictions Complied With,70,70,172,172 lbs.,0,,0,,0,,0,,0,,0,No Record,0,No Record,0,No Record,0,No Record,0,No,0,,0,,0,,0,,1,"Two-Way, Not Divided",2,Two lanes,65,65 MPH,1,Straight,1,Level,2,"Blacktop, Bituminous, or Asphalt",1,Dry,0,No Controls,0,No Controls,1,Going Straight,53,Traveling in same direction with higher speed,99,Unknown/Not Reported,1,Tracking,1,Stayed in original travel lane,25,"D25-Same Trafficway, Same Direction-Rear End-Slower, Going Straight",1,0,No,777777777777,No Trailing Units,777777777777,No Trailing Units,777777777777,No Trailing Units
41,Oregon,410363,3,4,1,01,10,10,9,September,9,9:00am-9:59am,35,35,12,Motor Vehicle In-Transport,1,Front-to-Rear,1,Motor Vehicle In-Transport (Inside or Outside the Trafficway),0,No,6,California,1,Driver (in this crash) was  Registered Owner,76,Yamaha,701,76701,Yamaha 0-50cc,84,Motor Scooter,2007,2007,LPRSA30AX7A1,LPRSA30AX7A1,L,P,R,S,A,3,0,A,X,7,A,1,0,No Trailing Units,0,Not an Articulated Vehicle,0,Not Applicable,000000000,Not Applicable,00000000000,Not Applicable,0,Not Applicable,0,Not Applicable,0,Not Applicable (N/A),1,No,0,Not Applicable,0,Not Applicable,0,Not Applicable,0,Not Applicable,0,Not a Bus,0,No Special Use,0,Not Applicable,998,Not Reported,0,No Underride or Override Noted,0,No Rollover,0,No Rollover,6,6 Clock Point,6,Disabling Damage,2,Towed Due to Disabling Damage,12,Motor Vehicle In-Transport,0,,0,,0,No or Not Reported,1,Yes,6,California,96007,96007,0,Not licensed,0,Not Licensed,0,No (CDL),0,No Endorsements required for this vehicle,0,Not licensed,0,No Restrictions or Not Applicable,64,64,180,180 lbs.,0,,0,,0,,0,,0,,0,No Record,0,No Record,0,No Record,0,No Record,0,No,0,,0,,0,,0,,1,"Two-Way, Not Divided",2,Two lanes,65,65 MPH,1,Straight,1,Level,2,"Blacktop, Bituminous, or Asphalt",1,Dry,0,No Controls,0,No Controls,1,Going Straight,53,Traveling in same direction with higher speed,99,Unknown/Not Reported,1,Tracking,1,Stayed in original travel lane,98,M98-Other Crash Type,0,0,No,777777777777,No Trailing Units,777777777777,No Trailing Units,777777777777,No Trailing Units
41,Oregon,410363,4,4,1,01,10,10,9,September,9,9:00am-9:59am,35,35,12,Motor Vehicle In-Transport,1,Front-to-Rear,1,Motor Vehicle In-Transport (Inside or Outside the Trafficway),0,No,2,Alaska,1,Driver (in this crash) was  Registered Owner,49,Toyota,46,49046,Toyota Prius *,4,"4-door sedan, hardtop",2002,2002,JT2BK18U4200,JT2BK18U4200,J,T,2,B,K,1,8,U,4,2,0,0,0,No Trailing Units,0,Not an Articulated Vehicle,0,Not Applicable,000000000,Not Applicable,00000000000,Not Applicable,0,Not Applicable,0,Not Applicable,0,Not Applicable (N/A),1,No,0,Not Applicable,0,Not Applicable,0,Not Applicable,0,Not Applicable,0,Not a Bus,0,No Special Use,0,Not Applicable,998,Not Reported,0,No Underride or Override Noted,0,No Rollover,0,No Rollover,11,11 Clock Point,8,Not Reported,5,Not Towed,54,"Motor Vehicle In-Transport Strikes or is Struck by Cargo, Persons or Objects Set-in-Motion from/by Another Motor Vehicle In Transport",0,,0,,0,No or Not Reported,1,Yes,17,Illinois,61107,61107,6,Valid,1,Full Driver License,0,No (CDL),0,No Endorsements required for this vehicle,3,Valid license for this class vehicle,1,Restrictions Complied With,70,70,190,190 lbs.,0,,0,,0,,0,,0,,0,No Record,0,No Record,0,No Record,0,No Record,0,No,0,,0,,0,,0,,1,"Two-Way, Not Divided",2,Two lanes,65,65 MPH,1,Straight,1,Level,2,"Blacktop, Bituminous, or Asphalt",1,Dry,0,No Controls,0,No Controls,1,Going Straight,53,Traveling in same direction with higher speed,99,Unknown/Not Reported,1,Tracking,1,Stayed in original travel lane,98,M98-Other Crash Type,0,0,No,777777777777,No Trailing Units,777777777777,No Trailing Units,777777777777,No Trailing Units
41,Oregon,410364,1,1,1,01,18,18,9,September,13,1:00pm-1:59pm,12,12,24,Guardrail Face,0,Not a Collision with Motor Vehicle In-Transport,1,Motor Vehicle In-Transport (Inside or Outside the Trafficway),0,No,6,California,4,Vehicle Registered as Rental Vehicle,35,Datsun/Nissan,47,35047,Datsun/Nissan Altima,4,"4-door sedan, hardtop",2016,2016,1N4AL3AP5GC1,1N4AL3AP5GC1,1,N,4,A,L,3,A,P,5,G,C,1,0,No Trailing Units,0,Not an Articulated Vehicle,0,Not Applicable,000000000,Not Applicable,00000000000,Not Applicable,0,Not Applicable,0,Not Applicable,0,Not Applicable (N/A),1,No,0,Not Applicable,0,Not Applicable,0,Not Applicable,0,Not Applicable,0,Not a Bus,0,No Special Use,0,Not Applicable,998,Not Reported,0,No Underride or Override Noted,0,No Rollover,0,No Rollover,98,Not Reported,6,Disabling Damage,2,Towed Due to Disabling Damage,30,Utility Pole/Light Support,0,,0,,0,No or Not Reported,1,Yes,41,Oregon,97236,97236,6,Valid,1,Full Driver License,0,No (CDL),0,No Endorsements required for this vehicle,3,Valid license for this class vehicle,0,No Restrictions or Not Applicable,72,72,190,190 lbs.,1,1,0,,0,,0,,0,,1,January,2016,2016,1,January,2016,2016,5,"Yes, Specifics Unknown",0,,0,,0,,0,,3,"Two-Way,  Divided, Positive  Median Barrier",2,Two lanes,65,65 MPH,1,Straight,1,Level,2,"Blacktop, Bituminous, or Asphalt",2,Wet,0,No Controls,0,No Controls,1,Going Straight,12,Off the edge of the road on the left side,99,Unknown/Not Reported,1,Tracking,4,Departed roadway,6,B6-Single Driver-Left Roadside Departure-Drive Off Road,1,0,No,777777777777,No Trailing Units,777777777777,No Trailing Units,777777777777,No Trailing Units
41,Oregon,410365,1,3,1,01,19,19,9,September,15,3:00pm-3:59pm,45,45,12,Motor Vehicle In-Transport,2,Front-to-Front,1,Motor Vehicle In-Transport (Inside or Outside the Trafficway),0,No,41,Oregon,2,Driver (in this crash) Not Registered Owner (Other Private Owner Listed),10,Eagle,37,10037,Eagle Talon,3,3-door/2-door hatchback,1995,1995,4E3AK44YXSE0,4E3AK44YXSE0,4,E,3,A,K,4,4,Y,X,S,E,0,0,No Trailing Units,0,Not an Articulated Vehicle,0,Not Applicable,000000000,Not Applicable,00000000000,Not Applicable,0,Not Applicable,0,Not Applicable,0,Not Applicable (N/A),1,No,0,Not Applicable,0,Not Applicable,0,Not Applicable,0,Not Applicable,0,Not a Bus,0,No Special Use,0,Not Applicable,998,Not Reported,0,No Underride or Override Noted,0,No Rollover,0,No Rollover,12,12 Clock Point,6,Disabling Damage,2,Towed Due to Disabling Damage,12,Motor Vehicle In-Transport,0,,0,,0,No or Not Reported,1,Yes,41,Oregon,97419,97419,1,Suspended,1,Full Driver License,0,No (CDL),0,No Endorsements required for this vehicle,2,No valid license for this class vehicle,0,No Restrictions or Not Applicable,69,69,220,220 lbs.,1,1,5,5,0,,0,,0,,5,May,2014,2014,9,September,2017,2017,0,No,28,Improper Lane Usage,0,,0,,0,,1,"Two-Way, Not Divided",2,Two lanes,98,Not Reported,1,Straight,1,Level,2,"Blacktop, Bituminous, or Asphalt",1,Dry,0,No Controls,0,No Controls,1,Going Straight,10,Over the lane line on left side of travel lane,99,Unknown/Not Reported,1,Tracking,2,"Stayed on roadway, but left original travel lane",50,"G50-Same Trafficway, Opposite Direction-Head-On-Lateral Move (Left/Right)",1,0,No,777777777777,No Trailing Units,777777777777,No Trailing Units,777777777777,No Trailing Units
41,Oregon,410365,2,3,1,01,19,19,9,September,15,3:00pm-3:59pm,45,45,12,Motor Vehicle In-Transport,2,Front-to-Front,1,Motor Vehicle In-Transport (Inside or Outside the Trafficway),0,No,41,Oregon,1,Driver (in this crash) was  Registered Owner,48,Subaru,34,48034,Subaru Legacy/Outback(prior to 2003 only; see 045 for 2003 on),6,Station Wagon (excluding van and truck based),1993,1993,4S3BJ6337P79,4S3BJ6337P79,4,S,3,B,J,6,3,3,7,P,7,9,0,No Trailing Units,0,Not an Articulated Vehicle,0,Not Applicable,000000000,Not Applicable,00000000000,Not Applicable,0,Not Applicable,0,Not Applicable,0,Not Applicable (N/A),1,No,0,Not Applicable,0,Not Applicable,0,Not Applicable,0,Not Applicable,0,Not a Bus,0,No Special Use,0,Not Applicable,998,Not Reported,0,No Underride or Override Noted,0,No Rollover,0,No Rollover,12,12 Clock Point,8,Not Reported,2,Towed Due to Disabling Damage,12,Motor Vehicle In-Transport,0,,0,,0,No or Not Reported,1,Yes,41,Oregon,97367,97367,6,Valid,1,Full Driver License,0,No (CDL),0,No Endorsements required for this vehicle,3,Valid license for this class vehicle,0,No Restrictions or Not Applicable,66,66,130,130 lbs.,1,1,0,,0,,0,,0,,1,January,2016,2016,1,January,2016,2016,0,No,0,,0,,0,,0,,1,"Two-Way, Not Divided",2,Two lanes,98,Not Reported,1,Straight,1,Level,2,"Blacktop, Bituminous, or Asphalt",1,Dry,0,No Controls,0,No Controls,1,Going Straight,62,From opposite direction  over left lane line,99,Unknown/Not Reported,1,Tracking,1,Stayed in original travel lane,51,"G51-Same Trafficway, Opposite Direction-Head-On-Lateral Move (Going Straight)",0,0,No,777777777777,No Trailing Units,777777777777,No Trailing Units,777777777777,No Trailing Units
41,Oregon,410365,3,3,2,02,19,19,9,September,15,3:00pm-3:59pm,45,45,12,Motor Vehicle In-Transport,2,Front-to-Front,1,Motor Vehicle In-Transport (Inside or Outside the Trafficway),0,No,41,Oregon,2,Driver (in this crash) Not Registered Owner (Other Private Owner Listed),12,Ford,401,12401,Ford Bronco (thru 1977)/Bronco II/Explorer/Explorer Sport,14,"Compact Utility (Utility Vehicle Categories ""Small"" and ""Midsize"")",2016,2016,1FM5K8D88GGB,1FM5K8D88GGB,1,F,M,5,K,8,D,8,8,G,G,B,0,No Trailing Units,0,Not an Articulated Vehicle,0,Not Applicable,000000000,Not Applicable,00000000000,Not Applicable,0,Not Applicable,0,Not Applicable,0,Not Applicable (N/A),1,No,0,Not Applicable,0,Not Applicable,0,Not Applicable,0,Not Applicable,0,Not a Bus,0,No Special Use,0,Not Applicable,998,Not Reported,0,No Underride or Override Noted,0,No Rollover,0,No Rollover,12,12 Clock Point,8,Not Reported,2,Towed Due to Disabling Damage,12,Motor Vehicle In-Transport,0,,0,,0,No or Not Reported,1,Yes,41,Oregon,97347,97347,6,Valid,1,Full Driver License,0,No (CDL),0,No Endorsements required for this vehicle,3,Valid license for this class vehicle,1,Restrictions Complied With,73,73,275,275 lbs.,0,,0,,0,,0,,0,,0,No Record,0,No Record,0,No Record,0,No Record,0,No,0,,0,,0,,0,,1,"Two-Way, Not Divided",2,Two lanes,98,Not Reported,1,Straight,1,Level,2,"Blacktop, Bituminous, or Asphalt",1,Dry,0,No Controls,0,No Controls,1,Going Straight,62,From opposite direction  over left lane line,99,Unknown/Not Reported,1,Tracking,1,Stayed in original travel lane,98,M98-Other Crash Type,0,0,No,777777777777,No Trailing Units,777777777777,No Trailing Units,777777777777,No Trailing Units
41,Oregon,410366,1,1,1,01,24,24,9,September,20,8:00pm-8:59pm,48,48,59,Traffic Sign Support,0,Not a Collision with Motor Vehicle In-Transport,1,Motor Vehicle In-Transport (Inside or Outside the Trafficway),0,No,41,Oregon,1,Driver (in this crash) was  Registered Owner,72,Harley-Davidson,706,72706,Harley-Davidson 750cc or greater,80,Two Wheel Motorcycle (excluding motor scooters),2002,2002,1HD1FRW112Y6,1HD1FRW112Y6,1,H,D,1,F,R,W,1,1,2,Y,6,0,No Trailing Units,0,Not an Articulated Vehicle,0,Not Applicable,000000000,Not Applicable,00000000000,Not Applicable,0,Not Applicable,0,Not Applicable,0,Not Applicable (N/A),1,No,0,Not Applicable,0,Not Applicable,0,Not Applicable,0,Not Applicable,0,Not a Bus,0,No Special Use,0,Not Applicable,998,Not Reported,0,No Underride or Override Noted,0,No Rollover,0,No Rollover,12,12 Clock Point,6,Disabling Damage,2,Towed Due to Disabling Damage,59,Traffic Sign Support,0,,0,,0,No or Not Reported,1,Yes,41,Oregon,97471,97471,6,Valid,1,Full Driver License,0,No (CDL),0,No Endorsements required for this vehicle,3,Valid license for this class vehicle,0,No Restrictions or Not Applicable,74,74,260,260 lbs.,1,1,0,,0,,0,,2,2,12,December,2012,2012,12,December,2015,2015,4,"Yes, Too Fast for Conditions",0,,0,,0,,0,,3,"Two-Way,  Divided, Positive  Median Barrier",2,Two lanes,65,65 MPH,2,Curve Right,1,Level,2,"Blacktop, Bituminous, or Asphalt",1,Dry,0,No Controls,0,No Controls,14,Negotiating a Curve,13,Off the edge of the road on the right side,99,Unknown/Not Reported,1,Tracking,4,Departed roadway,1,A1-Single Driver-Right Roadside Departure-Drive Off Road,1,1,Yes,777777777777,No Trailing Units,777777777777,No Trailing Units,777777777777,No Trailing Units
41,Oregon,410367,1,2,1,01,8,8,10,October,16,4:00pm-4:59pm,55,55,12,Motor Vehicle In-Transport,6,Angle,1,Motor Vehicle In-Transport (Inside or Outside the Trafficway),0,No,41,Oregon,1,Driver (in this crash) was  Registered Owner,20,Chevrolet,401,20401,"Chevrolet S-10 Blazer/TrailBlazer (2002 only; for 2003 on, see 403)",14,"Compact Utility (Utility Vehicle Categories ""Small"" and ""Midsize"")",2002,2002,1GNDT13W12K1,1GNDT13W12K1,1,G,N,D,T,1,3,W,1,2,K,1,0,No Trailing Units,0,Not an Articulated Vehicle,0,Not Applicable,000000000,Not Applicable,00000000000,Not Applicable,0,Not Applicable,0,Not Applicable,0,Not Applicable (N/A),1,No,0,Not Applicable,0,Not Applicable,0,Not Applicable,0,Not Applicable,0,Not a Bus,0,No Special Use,0,Not Applicable,998,Not Reported,0,No Underride or Override Noted,0,No Rollover,0,No Rollover,12,12 Clock Point,8,Not Reported,2,Towed Due to Disabling Damage,9,Pedalcyclist,0,,0,,0,No or Not Reported,1,Yes,41,Oregon,97215,97215,6,Valid,1,Full Driver License,0,No (CDL),0,No Endorsements required for this vehicle,3,Valid license for this class vehicle,0,No Restrictions or Not Applicable,72,72,160,160 lbs.,0,,1,1,0,,3,3,2,2,8,August,2014,2014,5,May,2017,2017,2,"Yes, Racing",36,"Operating the Vehicle in an Erratic, Reckless or Negligent Manner.",91,"Non-Traffic Violation Charged - manslaughter, homicide or other assault committed without malice.",0,,0,,5,"Two-Way, Not Divided With a Continuous Left-Turn Lane",5,Five lanes,35,35 MPH,1,Straight,2,"Grade, Unknown Slope",2,"Blacktop, Bituminous, or Asphalt",1,Dry,0,No Controls,0,No Controls,1,Going Straight,6,Traveling too fast for conditions,99,Unknown/Not Reported,9,Precrash stability unknown,3,"Stayed on roadway, not known if left original travel lane",99,M99-Unknown,0,1,Yes,777777777777,No Trailing Units,777777777777,No Trailing Units,777777777777,No Trailing Units
41,Oregon,410367,2,2,1,01,8,8,10,October,16,4:00pm-4:59pm,55,55,12,Motor Vehicle In-Transport,6,Angle,1,Motor Vehicle In-Transport (Inside or Outside the Trafficway),0,No,41,Oregon,1,Driver (in this crash) was  Registered Owner,12,Ford,402,12402,Ford Escape,14,"Compact Utility (Utility Vehicle Categories ""Small"" and ""Midsize"")",2008,2008,1FMCU94128KE,1FMCU94128KE,1,F,M,C,U,9,4,1,2,8,K,E,0,No Trailing Units,0,Not an Articulated Vehicle,0,Not Applicable,000000000,Not Applicable,00000000000,Not Applicable,0,Not Applicable,0,Not Applicable,0,Not Applicable (N/A),1,No,0,Not Applicable,0,Not Applicable,0,Not Applicable,0,Not Applicable,0,Not a Bus,0,No Special Use,0,Not Applicable,998,Not Reported,0,No Underride or Override Noted,0,No Rollover,0,No Rollover,98,Not Reported,8,Not Reported,2,Towed Due to Disabling Damage,12,Motor Vehicle In-Transport,0,,0,,0,No or Not Reported,1,Yes,41,Oregon,97080,97080,6,Valid,1,Full Driver License,0,No (CDL),0,No Endorsements required for this vehicle,3,Valid license for this class vehicle,1,Restrictions Complied With,70,70,130,130 lbs.,0,,0,,0,,0,,0,,0,No Record,0,No Record,0,No Record,0,No Record,2,"Yes, Racing",0,,0,,0,,0,,5,"Two-Way, Not Divided With a Continuous Left-Turn Lane",5,Five lanes,35,35 MPH,1,Straight,2,"Grade, Unknown Slope",2,"Blacktop, Bituminous, or Asphalt",1,Dry,0,No Controls,0,No Controls,1,Going Straight,99,Unknown,99,Unknown/Not Reported,9,Precrash stability unknown,9,Unknown,99,M99-Unknown,0,0,No,777777777777,No Trailing Units,777777777777,No Trailing Units,777777777777,No Trailing Units
41,Oregon,410368,1,2,1,01,8,8,10,October,16,4:00pm-4:59pm,39,39,12,Motor Vehicle In-Transport,2,Front-to-Front,1,Motor Vehicle In-Transport (Inside or Outside the Trafficway),0,No,41,Oregon,2,Driver (in this crash) Not Registered Owner (Other Private Owner Listed),12,Ford,471,12471,Ford Ranger,34,Light Pickup,2003,2003,SALME114X3A1,SALME114X3A1,S,A,L,M,E,1,1,4,X,3,A,1,0,No Trailing Units,0,Not an Articulated Vehicle,0,Not Applicable,000000000,Not Applicable,00000000000,Not Applicable,0,Not Applicable,0,Not Applicable,0,Not Applicable (N/A),1,No,0,Not Applicable,0,Not Applicable,0,Not Applicable,0,Not Applicable,0,Not a Bus,0,No Special Use,0,Not Applicable,998,Not Reported,0,No Underride or Override Noted,0,No Rollover,0,No Rollover,12,12 Clock Point,8,Not Reported,2,Towed Due to Disabling Damage,12,Motor Vehicle In-Transport,0,,0,,0,No or Not Reported,1,Yes,41,Oregon,97071,97071,0,Not licensed,0,Not Licensed,0,No (CDL),0,No Endorsements required for this vehicle,0,Not licensed,0,No Restrictions or Not Applicable,68,68,145,145 lbs.,1,1,8,8,0,,0,,1,1,10,October,2012,2012,10,October,2017,2017,0,No,28,Improper Lane Usage,0,,0,,0,,1,"Two-Way, Not Divided",2,Two lanes,55,55 MPH,2,Curve Right,1,Level,2,"Blacktop, Bituminous, or Asphalt",1,Dry,0,No Controls,0,No Controls,14,Negotiating a Curve,10,Over the lane line on left side of travel lane,99,Unknown/Not Reported,1,Tracking,2,"Stayed on roadway, but left original travel lane",50,"G50-Same Trafficway, Opposite Direction-Head-On-Lateral Move (Left/Right)",0,1,Yes,777777777777,No Trailing Units,777777777777,No Trailing Units,777777777777,No Trailing Units
41,Oregon,410368,2,2,5,05,8,8,10,October,16,4:00pm-4:59pm,39,39,12,Motor Vehicle In-Transport,2,Front-to-Front,1,Motor Vehicle In-Transport (Inside or Outside the Trafficway),0,No,41,Oregon,2,Driver (in this crash) Not Registered Owner (Other Private Owner Listed),18,Buick / Opel,399,18399,Buick / Opel Unknown (automobile),4,"4-door sedan, hardtop",2002,2002,2G4WS52J7211,2G4WS52J7211,2,G,4,W,S,5,2,J,7,2,1,1,0,No Trailing Units,0,Not an Articulated Vehicle,0,Not Applicable,000000000,Not Applicable,00000000000,Not Applicable,0,Not Applicable,0,Not Applicable,0,Not Applicable (N/A),1,No,0,Not Applicable,0,Not Applicable,0,Not Applicable,0,Not Applicable,0,Not a Bus,0,No Special Use,0,Not Applicable,998,Not Reported,0,No Underride or Override Noted,0,No Rollover,0,No Rollover,12,12 Clock Point,8,Not Reported,2,Towed Due to Disabling Damage,12,Motor Vehicle In-Transport,0,,0,,0,No or Not Reported,1,Yes,41,Oregon,97038,97038,0,Not licensed,0,Not Licensed,0,No (CDL),0,No Endorsements required for this vehicle,0,Not licensed,0,No Restrictions or Not Applicable,999,Unknown,999,Unknown,0,,0,,0,,1,1,2,2,3,March,2015,2015,8,August,2017,2017,9,Unknown,99,Unknown,99,Unknown,99,Unknown,99,Unknown,1,"Two-Way, Not Divided",2,Two lanes,55,55 MPH,3,Curve Left,1,Level,2,"Blacktop, Bituminous, or Asphalt",1,Dry,0,No Controls,0,No Controls,14,Negotiating a Curve,62,From opposite direction  over left lane line,99,Unknown/Not Reported,1,Tracking,1,Stayed in original travel lane,51,"G51-Same Trafficway, Opposite Direction-Head-On-Lateral Move (Going Straight)",5,0,No,777777777777,No Trailing Units,777777777777,No Trailing Units,777777777777,No Trailing Units
41,Oregon,410369,1,1,1,01,24,24,10,October,10,10:00am-10:59am,0,0,42,Tree (Standing Only),0,Not a Collision with Motor Vehicle In-Transport,1,Motor Vehicle In-Transport (Inside or Outside the Trafficway),0,No,41,Oregon,3,Vehicle Registered as Business/Company/Government Vehicle,20,Chevrolet,481,20481,"Chevrolet C, K, R, V-series pickup/Silverado",34,Light Pickup,2006,2006,999999999999,Unknown,9,9,9,9,9,9,9,9,9,9,9,9,0,No Trailing Units,0,Not an Articulated Vehicle,0,Not Applicable,000000000,Not Applicable,00000000000,Not Applicable,0,Not Applicable,0,Not Applicable,0,Not Applicable (N/A),1,No,0,Not Applicable,0,Not Applicable,0,Not Applicable,0,Not Applicable,0,Not a Bus,0,No Special Use,0,Not Applicable,998,Not Reported,0,No Underride or Override Noted,0,No Rollover,0,No Rollover,3,3 Clock Point,6,Disabling Damage,2,Towed Due to Disabling Damage,42,Tree (Standing Only),0,,0,,0,No or Not Reported,1,Yes,41,Oregon,97487,97487,6,Valid,1,Full Driver License,0,No (CDL),0,No Endorsements required for this vehicle,3,Valid license for this class vehicle,0,No Restrictions or Not Applicable,67,67,125,125 lbs.,0,,0,,0,,0,,0,,0,No Record,0,No Record,0,No Record,0,No Record,4,"Yes, Too Fast for Conditions",0,,0,,0,,0,,1,"Two-Way, Not Divided",2,Two lanes,98,Not Reported,4,Curve - Unknown Direction,2,"Grade, Unknown Slope",2,"Blacktop, Bituminous, or Asphalt",1,Dry,0,No Controls,0,No Controls,1,Going Straight,19,Unknown travel direction,99,Unknown/Not Reported,1,Tracking,4,Departed roadway,99,M99-Unknown,1,0,No,777777777777,No Trailing Units,777777777777,No Trailing Units,777777777777,No Trailing Units
41,Oregon,410370,1,1,1,01,1,1,11,November,7,7:00am-7:59am,29,29,8,Pedestrian,0,Not a Collision with Motor Vehicle In-Transport,1,Motor Vehicle In-Transport (Inside or Outside the Trafficway),0,No,41,Oregon,2,Driver (in this crash) Not Registered Owner (Other Private Owner Listed),12,Ford,402,12402,Ford Escape,14,"Compact Utility (Utility Vehicle Categories ""Small"" and ""Midsize"")",2010,2010,1FMCU0D78AKB,1FMCU0D78AKB,1,F,M,C,U,0,D,7,8,A,K,B,0,No Trailing Units,0,Not an Articulated Vehicle,0,Not Applicable,000000000,Not Applicable,00000000000,Not Applicable,0,Not Applicable,0,Not Applicable,0,Not Applicable (N/A),1,No,0,Not Applicable,0,Not Applicable,0,Not Applicable,0,Not Applicable,0,Not a Bus,0,No Special Use,0,Not Applicable,998,Not Reported,0,No Underride or Override Noted,0,No Rollover,0,No Rollover,12,12 Clock Point,9,Unknown,5,Not Towed,8,Pedestrian,0,,0,,0,No or Not Reported,1,Yes,41,Oregon,97007,97007,9,Unknown License Status,9,Unknown License Type,99,Unknown License Status,9,"Unknown, if required",9,Unknown,9,Unknown,999,Unknown,999,Unknown,99,Unknown,99,Unknown,99,Unknown,99,Unknown,99,Unknown,99,Unknown,9999,Unknown,99,Unknown,9999,Unknown,0,No,0,,0,,0,,0,,1,"Two-Way, Not Divided",2,Two lanes,30,30 MPH,1,Straight,1,Level,2,"Blacktop, Bituminous, or Asphalt",1,Dry,0,No Controls,0,No Controls,1,Going Straight,80,Pedestrian in road,1,No Avoidance Maneuver,1,Tracking,1,Stayed in original travel lane,13,C13-Single Driver-Forward Impact-Pedestrian/ Animal,0,0,No,777777777777,No Trailing Units,777777777777,No Trailing Units,777777777777,No Trailing Units
41,Oregon,410371,1,1,1,01,3,3,11,November,22,10:00pm-10:59pm,10,10,8,Pedestrian,0,Not a Collision with Motor Vehicle In-Transport,1,Motor Vehicle In-Transport (Inside or Outside the Trafficway),0,No,41,Oregon,3,Vehicle Registered as Business/Company/Government Vehicle,35,Datsun/Nissan,472,35472,Datsun/Nissan Frontier (1998 on),34,Light Pickup,2016,2016,1N6BD0CTXGN7,1N6BD0CTXGN7,1,N,6,B,D,0,C,T,X,G,N,7,0,No Trailing Units,0,Not an Articulated Vehicle,0,Not Applicable,000000000,Not Applicable,00000000000,Not Applicable,0,Not Applicable,0,Not Applicable,0,Not Applicable (N/A),1,No,0,Not Applicable,0,Not Applicable,0,Not Applicable,0,Not Applicable,0,Not a Bus,0,No Special Use,0,Not Applicable,998,Not Reported,0,No Underride or Override Noted,0,No Rollover,0,No Rollover,12,12 Clock Point,8,Not Reported,3,Towed Not Due to Disabling Damage,8,Pedestrian,0,,0,,0,No or Not Reported,1,Yes,41,Oregon,97503,97503,6,Valid,1,Full Driver License,0,No (CDL),0,No Endorsements required for this vehicle,3,Valid license for this class vehicle,0,No Restrictions or Not Applicable,68,68,195,195 lbs.,0,,0,,0,,0,,0,,0,No Record,0,No Record,0,No Record,0,No Record,0,No,38,Failure to Yield Right-of-Way,0,,0,,0,,1,"Two-Way, Not Divided",2,Two lanes,35,35 MPH,1,Straight,1,Level,2,"Blacktop, Bituminous, or Asphalt",2,Wet,0,No Controls,0,No Controls,1,Going Straight,80,Pedestrian in road,99,Unknown/Not Reported,1,Tracking,1,Stayed in original travel lane,13,C13-Single Driver-Forward Impact-Pedestrian/ Animal,0,0,No,777777777777,No Trailing Units,777777777777,No Trailing Units,777777777777,No Trailing Units
41,Oregon,410372,1,1,2,02,11,11,11,November,22,10:00pm-10:59pm,24,24,42,Tree (Standing Only),0,Not a Collision with Motor Vehicle In-Transport,1,Motor Vehicle In-Transport (Inside or Outside the Trafficway),0,No,41,Oregon,1,Driver (in this crash) was  Registered Owner,12,Ford,3,12003,Ford Mustang/Mustang II,2,"2-door sedan,hardtop,coupe",2016,2016,1FA6P8THXG52,1FA6P8THXG52,1,F,A,6,P,8,T,H,X,G,5,2,0,No Trailing Units,0,Not an Articulated Vehicle,0,Not Applicable,000000000,Not Applicable,00000000000,Not Applicable,0,Not Applicable,0,Not Applicable,0,Not Applicable (N/A),1,No,0,Not Applicable,0,Not Applicable,0,Not Applicable,0,Not Applicable,0,Not a Bus,0,No Special Use,0,Not Applicable,998,Not Reported,0,No Underride or Override Noted,0,No Rollover,0,No Rollover,12,12 Clock Point,6,Disabling Damage,2,Towed Due to Disabling Damage,42,Tree (Standing Only),0,,0,,0,No or Not Reported,1,Yes,41,Oregon,97127,97127,6,Valid,1,Full Driver License,0,No (CDL),0,No Endorsements required for this vehicle,3,Valid license for this class vehicle,1,Restrictions Complied With,64,64,135,135 lbs.,0,,0,,0,,1,1,0,,9,September,2015,2015,9,September,2015,2015,5,"Yes, Specifics Unknown",36,"Operating the Vehicle in an Erratic, Reckless or Negligent Manner.",91,"Non-Traffic Violation Charged - manslaughter, homicide or other assault committed without malice.",0,,0,,1,"Two-Way, Not Divided",2,Two lanes,55,55 MPH,3,Curve Left,1,Level,2,"Blacktop, Bituminous, or Asphalt",1,Dry,0,No Controls,0,No Controls,1,Going Straight,13,Off the edge of the road on the right side,99,Unknown/Not Reported,1,Tracking,4,Departed roadway,1,A1-Single Driver-Right Roadside Departure-Drive Off Road,1,1,Yes,777777777777,No Trailing Units,777777777777,No Trailing Units,777777777777,No Trailing Units
41,Oregon,410373,1,1,1,01,16,16,11,November,18,6:00pm-6:59pm,43,43,42,Tree (Standing Only),0,Not a Collision with Motor Vehicle In-Transport,1,Motor Vehicle In-Transport (Inside or Outside the Trafficway),0,No,41,Oregon,2,Driver (in this crash) Not Registered Owner (Other Private Owner Listed),54,Acura,37,54037,Acura CL,2,"2-door sedan,hardtop,coupe",2001,2001,19UYA42611A0,19UYA42611A0,1,9,U,Y,A,4,2,6,1,1,A,0,0,No Trailing Units,0,Not an Articulated Vehicle,0,Not Applicable,000000000,Not Applicable,00000000000,Not Applicable,0,Not Applicable,0,Not Applicable,0,Not Applicable (N/A),1,No,0,Not Applicable,0,Not Applicable,0,Not Applicable,0,Not Applicable,0,Not a Bus,0,No Special Use,0,Not Applicable,998,Not Reported,0,No Underride or Override Noted,0,No Rollover,0,No Rollover,3,3 Clock Point,6,Disabling Damage,2,Towed Due to Disabling Damage,42,Tree (Standing Only),0,,0,,0,No or Not Reported,1,Yes,41,Oregon,97402,97402,6,Valid,1,Full Driver License,0,No (CDL),0,No Endorsements required for this vehicle,3,Valid license for this class vehicle,0,No Restrictions or Not Applicable,71,71,195,195 lbs.,0,,0,,0,,0,,0,,0,No Record,0,No Record,0,No Record,0,No Record,4,"Yes, Too Fast for Conditions",0,,0,,0,,0,,1,"Two-Way, Not Divided",2,Two lanes,55,55 MPH,4,Curve - Unknown Direction,1,Level,2,"Blacktop, Bituminous, or Asphalt",2,Wet,0,No Controls,0,No Controls,6,Passing or Overtaking Another Vehicle,19,Unknown travel direction,99,Unknown/Not Reported,1,Tracking,4,Departed roadway,99,M99-Unknown,1,0,No,777777777777,No Trailing Units,777777777777,No Trailing Units,777777777777,No Trailing Units
41,Oregon,410374,1,1,2,02,18,18,11,November,3,3:00am-3:59am,18,18,53,Mail Box,0,Not a Collision with Motor Vehicle In-Transport,1,Motor Vehicle In-Transport (Inside or Outside the Trafficway),0,No,41,Oregon,2,Driver (in this crash) Not Registered Owner (Other Private Owner Listed),49,Toyota,401,49401,Toyota 4-Runner,14,"Compact Utility (Utility Vehicle Categories ""Small"" and ""Midsize"")",1987,1987,JT4RN62S1H01,JT4RN62S1H01,J,T,4,R,N,6,2,S,1,H,0,1,0,No Trailing Units,0,Not an Articulated Vehicle,0,Not Applicable,000000000,Not Applicable,00000000000,Not Applicable,0,Not Applicable,0,Not Applicable,0,Not Applicable (N/A),1,No,0,Not Applicable,0,Not Applicable,0,Not Applicable,0,Not Applicable,0,Not a Bus,0,No Special Use,0,Not Applicable,998,Not Reported,0,No Underride or Override Noted,0,No Rollover,0,No Rollover,98,Not Reported,6,Disabling Damage,2,Towed Due to Disabling Damage,53,Mail Box,0,,0,,0,No or Not Reported,1,Yes,41,Oregon,97479,97479,0,Not licensed,0,Not Licensed,0,No (CDL),0,No Endorsements required for this vehicle,0,Not licensed,0,No Restrictions or Not Applicable,67,67,145,145 lbs.,0,,0,,0,,0,,0,,0,No Record,0,No Record,0,No Record,0,No Record,0,No,36,"Operating the Vehicle in an Erratic, Reckless or Negligent Manner.",91,"Non-Traffic Violation Charged - manslaughter, homicide or other assault committed without malice.",0,,0,,1,"Two-Way, Not Divided",2,Two lanes,98,Not Reported,1,Straight,1,Level,2,"Blacktop, Bituminous, or Asphalt",98,Not Reported,0,No Controls,0,No Controls,1,Going Straight,19,Unknown travel direction,99,Unknown/Not Reported,1,Tracking,4,Departed roadway,99,M99-Unknown,1,1,Yes,777777777777,No Trailing Units,777777777777,No Trailing Units,777777777777,No Trailing Units
41,Oregon,410375,1,1,1,01,21,21,11,November,6,6:00am-6:59am,37,37,8,Pedestrian,0,Not a Collision with Motor Vehicle In-Transport,1,Motor Vehicle In-Transport (Inside or Outside the Trafficway),0,No,41,Oregon,1,Driver (in this crash) was  Registered Owner,7,Dodge,482,7482,Dodge Ram Pickup,34,Light Pickup,2012,2012,1C6RD7FT7CS2,1C6RD7FT7CS2,1,C,6,R,D,7,F,T,7,C,S,2,0,No Trailing Units,0,Not an Articulated Vehicle,0,Not Applicable,000000000,Not Applicable,00000000000,Not Applicable,0,Not Applicable,0,Not Applicable,0,Not Applicable (N/A),1,No,0,Not Applicable,0,Not Applicable,0,Not Applicable,0,Not Applicable,0,Not a Bus,0,No Special Use,0,Not Applicable,998,Not Reported,0,No Underride or Override Noted,0,No Rollover,0,No Rollover,12,12 Clock Point,8,Not Reported,3,Towed Not Due to Disabling Damage,8,Pedestrian,0,,0,,0,No or Not Reported,1,Yes,41,Oregon,97322,97322,6,Valid,1,Full Driver License,0,No (CDL),0,No Endorsements required for this vehicle,3,Valid license for this class vehicle,0,No Restrictions or Not Applicable,71,71,210,210 lbs.,0,,0,,0,,0,,0,,0,No Record,0,No Record,0,No Record,0,No Record,0,No,0,,0,,0,,0,,1,"Two-Way, Not Divided",2,Two lanes,45,45 MPH,1,Straight,1,Level,2,"Blacktop, Bituminous, or Asphalt",2,Wet,0,No Controls,0,No Controls,1,Going Straight,80,Pedestrian in road,1,No Avoidance Maneuver,1,Tracking,1,Stayed in original travel lane,13,C13-Single Driver-Forward Impact-Pedestrian/ Animal,0,0,No,777777777777,No Trailing Units,777777777777,No Trailing Units,777777777777,No Trailing Units
41,Oregon,410376,1,2,2,02,7,7,3,March,17,5:00pm-5:59pm,26,26,12,Motor Vehicle In-Transport,6,Angle,1,Motor Vehicle In-Transport (Inside or Outside the Trafficway),0,No,4,Arizona,4,Vehicle Registered as Rental Vehicle,30,Volkswagen,402,30402,Volkswagen Tiguan,14,"Compact Utility (Utility Vehicle Categories ""Small"" and ""Midsize"")",2016,2016,WVGAV7AX4GW5,WVGAV7AX4GW5,W,V,G,A,V,7,A,X,4,G,W,5,0,No Trailing Units,0,Not an Articulated Vehicle,0,Not Applicable,000000000,Not Applicable,00000000000,Not Applicable,0,Not Applicable,0,Not Applicable,0,Not Applicable (N/A),1,No,0,Not Applicable,0,Not Applicable,0,Not Applicable,0,Not Applicable,0,Not a Bus,0,No Special Use,0,Not Applicable,998,Not Reported,0,No Underride or Override Noted,0,No Rollover,0,No Rollover,12,12 Clock Point,6,Disabling Damage,2,Towed Due to Disabling Damage,12,Motor Vehicle In-Transport,0,,0,,0,No or Not Reported,1,Yes,97,Other Foreign Country,0,Not resident of U.S. or Territories,9,Unknown License Status,9,Unknown License Type,99,Unknown License Status,9,"Unknown, if required",9,Unknown,9,Unknown,999,Unknown,999,Unknown,99,Unknown,99,Unknown,99,Unknown,99,Unknown,99,Unknown,99,Unknown,9999,Unknown,99,Unknown,9999,Unknown,0,No,0,,0,,0,,0,,1,"Two-Way, Not Divided",4,Four lanes,55,55 MPH,1,Straight,2,"Grade, Unknown Slope",2,"Blacktop, Bituminous, or Asphalt",2,Wet,0,No Controls,0,No Controls,1,Going Straight,61,From adjacent lane (same direction) over right lane line,99,Unknown/Not Reported,1,Tracking,1,Stayed in original travel lane,98,M98-Other Crash Type,0,0,No,777777777777,No Trailing Units,777777777777,No Trailing Units,777777777777,No Trailing Units
41,Oregon,410376,2,2,3,03,7,7,3,March,17,5:00pm-5:59pm,26,26,12,Motor Vehicle In-Transport,6,Angle,1,Motor Vehicle In-Transport (Inside or Outside the Trafficway),0,No,41,Oregon,2,Driver (in this crash) Not Registered Owner (Other Private Owner Listed),37,Honda,32,37032,Honda Accord,4,"4-door sedan, hardtop",1997,1997,1HGCD5632VA1,1HGCD5632VA1,1,H,G,C,D,5,6,3,2,V,A,1,0,No Trailing Units,0,Not an Articulated Vehicle,0,Not Applicable,000000000,Not Applicable,00000000000,Not Applicable,0,Not Applicable,0,Not Applicable,0,Not Applicable (N/A),1,No,0,Not Applicable,0,Not Applicable,0,Not Applicable,0,Not Applicable,0,Not a Bus,0,No Special Use,0,Not Applicable,998,Not Reported,0,No Underride or Override Noted,0,No Rollover,0,No Rollover,9,9 Clock Point,6,Disabling Damage,2,Towed Due to Disabling Damage,12,Motor Vehicle In-Transport,0,,0,,0,No or Not Reported,1,Yes,41,Oregon,97467,97467,1,Suspended,1,Full Driver License,0,No (CDL),0,No Endorsements required for this vehicle,2,No valid license for this class vehicle,0,No Restrictions or Not Applicable,72,72,190,190 lbs.,0,,1,1,0,,0,,0,,12,December,2016,2016,12,December,2016,2016,0,No,48,Making Other Improper Turn,0,,0,,0,,1,"Two-Way, Not Divided",4,Four lanes,55,55 MPH,1,Straight,2,"Grade, Unknown Slope",2,"Blacktop, Bituminous, or Asphalt",2,Wet,0,No Controls,0,No Controls,12,Making a U-turn,21,Making a U-Turn,99,Unknown/Not Reported,1,Tracking,1,Stayed in original travel lane,98,M98-Other Crash Type,1,0,No,777777777777,No Trailing Units,777777777777,No Trailing Units,777777777777,No Trailing Units
41,Oregon,410377,1,1,1,01,8,8,6,June,0,0:00am-0:59am,42,42,8,Pedestrian,0,Not a Collision with Motor Vehicle In-Transport,1,Motor Vehicle In-Transport (Inside or Outside the Trafficway),0,No,41,Oregon,1,Driver (in this crash) was  Registered Owner,18,Buick / Opel,2,18002,"Buick / Opel LeSabre/Centurion/ Estate Wagon, Invicta, Custom, Limited, T-Type, Ltd, C.M.I, LE",4,"4-door sedan, hardtop",2003,2003,1G4HR54K13U1,1G4HR54K13U1,1,G,4,H,R,5,4,K,1,3,U,1,0,No Trailing Units,0,Not an Articulated Vehicle,0,Not Applicable,000000000,Not Applicable,00000000000,Not Applicable,0,Not Applicable,0,Not Applicable,0,Not Applicable (N/A),1,No,0,Not Applicable,0,Not Applicable,0,Not Applicable,0,Not Applicable,0,Not a Bus,0,No Special Use,0,Not Applicable,998,Not Reported,0,No Underride or Override Noted,0,No Rollover,0,No Rollover,12,12 Clock Point,8,Not Reported,2,Towed Due to Disabling Damage,8,Pedestrian,0,,0,,0,No or Not Reported,1,Yes,41,Oregon,97527,97527,0,Not licensed,0,Not Licensed,0,No (CDL),0,No Endorsements required for this vehicle,0,Not licensed,0,No Restrictions or Not Applicable,70,70,240,240 lbs.,0,,8,8,0,,0,,0,,1,January,2013,2013,5,May,2017,2017,9,Unknown,99,Unknown,99,Unknown,99,Unknown,99,Unknown,1,"Two-Way, Not Divided",4,Four lanes,98,Not Reported,1,Straight,1,Level,2,"Blacktop, Bituminous, or Asphalt",98,Not Reported,0,No Controls,0,No Controls,1,Going Straight,80,Pedestrian in road,99,Unknown/Not Reported,1,Tracking,1,Stayed in original travel lane,13,C13-Single Driver-Forward Impact-Pedestrian/ Animal,0,0,No,777777777777,No Trailing Units,777777777777,No Trailing Units,777777777777,No Trailing Units
41,Oregon,410378,1,1,1,01,29,29,6,June,20,8:00pm-8:59pm,28,28,34,Ditch,0,Not a Collision with Motor Vehicle In-Transport,1,Motor Vehicle In-Transport (Inside or Outside the Trafficway),0,No,0,Not Applicable,0,"Not Applicable, Vehicle Not Registered",37,Honda,739,37739,Honda Unknown cc (ATV),90,ATV/ATC [All-Terrain Cycle],9999,Unknown,999999999999,Unknown,9,9,9,9,9,9,9,9,9,9,9,9,0,No Trailing Units,0,Not an Articulated Vehicle,0,Not Applicable,000000000,Not Applicable,00000000000,Not Applicable,0,Not Applicable,0,Not Applicable,0,Not Applicable (N/A),1,No,0,Not Applicable,0,Not Applicable,0,Not Applicable,0,Not Applicable,0,Not a Bus,0,No Special Use,0,Not Applicable,998,Not Reported,0,No Underride or Override Noted,1,"Rollover, Tripped by Object/Vehicle",5,On Roadside,98,Not Reported,8,Not Reported,5,Not Towed,1,Rollover/Overturn,0,,0,,0,No or Not Reported,1,Yes,41,Oregon,97423,97423,6,Valid,1,Full Driver License,0,No (CDL),0,No Endorsements required for this vehicle,3,Valid license for this class vehicle,0,No Restrictions or Not Applicable,70,70,240,240 lbs.,0,,0,,0,,0,,0,,0,No Record,0,No Record,0,No Record,0,No Record,4,"Yes, Too Fast for Conditions",0,,0,,0,,0,,1,"Two-Way, Not Divided",2,Two lanes,98,Not Reported,1,Straight,1,Level,2,"Blacktop, Bituminous, or Asphalt",1,Dry,0,No Controls,0,No Controls,1,Going Straight,19,Unknown travel direction,99,Unknown/Not Reported,1,Tracking,4,Departed roadway,99,M99-Unknown,1,1,Yes,777777777777,No Trailing Units,777777777777,No Trailing Units,777777777777,No Trailing Units
41,Oregon,410379,1,3,1,01,3,3,7,July,14,2:00pm-2:59pm,9,9,12,Motor Vehicle In-Transport,1,Front-to-Rear,1,Motor Vehicle In-Transport (Inside or Outside the Trafficway),0,No,41,Oregon,1,Driver (in this crash) was  Registered Owner,12,Ford,481,12481,Ford F-Series pickup,34,Light Pickup,1993,1993,2FTHF26C6PCB,2FTHF26C6PCB,2,F,T,H,F,2,6,C,6,P,C,B,1,One Trailing Unit,1,No,0,Not Applicable,000000000,Not Applicable,00000000000,Not Applicable,0,Not Applicable,0,Not Applicable,0,Not Applicable (N/A),1,No,0,Not Applicable,0,Not Applicable,0,Not Applicable,0,Not Applicable,0,Not a Bus,0,No Special Use,0,Not Applicable,998,Not Reported,0,No Underride or Override Noted,0,No Rollover,0,No Rollover,12,12 Clock Point,8,Not Reported,2,Towed Due to Disabling Damage,12,Motor Vehicle In-Transport,0,,0,,0,No or Not Reported,1,Yes,41,Oregon,97101,97101,6,Valid,1,Full Driver License,0,No (CDL),0,No Endorsements required for this vehicle,3,Valid license for this class vehicle,0,No Restrictions or Not Applicable,70,70,200,200 lbs.,0,,0,,0,,0,,0,,0,No Record,0,No Record,0,No Record,0,No Record,0,No,0,,0,,0,,0,,1,"Two-Way, Not Divided",2,Two lanes,55,55 MPH,1,Straight,1,Level,2,"Blacktop, Bituminous, or Asphalt",1,Dry,0,No Controls,0,No Controls,1,Going Straight,51,Traveling in same direction with lower steady speed,99,Unknown/Not Reported,1,Tracking,1,Stayed in original travel lane,24,"D24-Same Trafficway, Same Direction-Rear End-Slower",0,0,No,5NHUBL010HB4,5NHUBL010HB4,777777777777,No Trailing Units,777777777777,No Trailing Units
41,Oregon,410379,2,3,4,04,3,3,7,July,14,2:00pm-2:59pm,9,9,12,Motor Vehicle In-Transport,1,Front-to-Rear,1,Motor Vehicle In-Transport (Inside or Outside the Trafficway),0,No,41,Oregon,2,Driver (in this crash) Not Registered Owner (Other Private Owner Listed),22,Pontiac,16,22016,Pontiac Sunbird (1985-1994)/J-2000/Sunfire (1995 on),2,"2-door sedan,hardtop,coupe",2003,2003,1G2JB12F9371,1G2JB12F9371,1,G,2,J,B,1,2,F,9,3,7,1,0,No Trailing Units,0,Not an Articulated Vehicle,0,Not Applicable,000000000,Not Applicable,00000000000,Not Applicable,0,Not Applicable,0,Not Applicable,0,Not Applicable (N/A),1,No,0,Not Applicable,0,Not Applicable,0,Not Applicable,0,Not Applicable,0,Not a Bus,0,No Special Use,0,Not Applicable,998,Not Reported,0,No Underride or Override Noted,0,No Rollover,0,No Rollover,6,6 Clock Point,6,Disabling Damage,2,Towed Due to Disabling Damage,12,Motor Vehicle In-Transport,0,,0,,0,No or Not Reported,1,Yes,41,Oregon,97344,97344,6,Valid,1,Full Driver License,0,No (CDL),0,No Endorsements required for this vehicle,3,Valid license for this class vehicle,0,No Restrictions or Not Applicable,63,63,180,180 lbs.,1,1,0,,0,,0,,1,1,8,August,2015,2015,1,January,2017,2017,0,No,0,,0,,0,,0,,1,"Two-Way, Not Divided",2,Two lanes,55,55 MPH,1,Straight,1,Level,2,"Blacktop, Bituminous, or Asphalt",1,Dry,0,No Controls,0,No Controls,11,Turning Left,53,Traveling in same direction with higher speed,99,Unknown/Not Reported,1,Tracking,1,Stayed in original travel lane,26,"D26-Same Trafficway, Same Direction-Rear End-Slower, Going Left",2,0,No,777777777777,No Trailing Units,777777777777,No Trailing Units,777777777777,No Trailing Units
41,Oregon,410379,3,3,4,04,3,3,7,July,14,2:00pm-2:59pm,9,9,12,Motor Vehicle In-Transport,1,Front-to-Rear,1,Motor Vehicle In-Transport (Inside or Outside the Trafficway),0,No,41,Oregon,2,Driver (in this crash) Not Registered Owner (Other Private Owner Listed),49,Toyota,422,49422,Toyota Sequoia,15,"Large utility (ANSI D16.1 Utility Vehicle Categories and ""Full Size"" and ""Large"")",2007,2007,5TDBT44A37S2,5TDBT44A37S2,5,T,D,B,T,4,4,A,3,7,S,2,0,No Trailing Units,0,Not an Articulated Vehicle,0,Not Applicable,000000000,Not Applicable,00000000000,Not Applicable,0,Not Applicable,0,Not Applicable,0,Not Applicable (N/A),1,No,0,Not Applicable,0,Not Applicable,0,Not Applicable,0,Not Applicable,0,Not a Bus,0,No Special Use,0,Not Applicable,998,Not Reported,0,No Underride or Override Noted,0,No Rollover,0,No Rollover,12,12 Clock Point,6,Disabling Damage,2,Towed Due to Disabling Damage,12,Motor Vehicle In-Transport,0,,0,,0,No or Not Reported,1,Yes,41,Oregon,97101,97101,6,Valid,1,Full Driver License,0,No (CDL),0,No Endorsements required for this vehicle,3,Valid license for this class vehicle,0,No Restrictions or Not Applicable,70,70,205,205 lbs.,0,,0,,0,,0,,0,,0,No Record,0,No Record,0,No Record,0,No Record,0,No,0,,0,,0,,0,,1,"Two-Way, Not Divided",2,Two lanes,55,55 MPH,1,Straight,1,Level,2,"Blacktop, Bituminous, or Asphalt",1,Dry,0,No Controls,0,No Controls,1,Going Straight,62,From opposite direction  over left lane line,99,Unknown/Not Reported,1,Tracking,1,Stayed in original travel lane,98,M98-Other Crash Type,0,0,No,777777777777,No Trailing Units,777777777777,No Trailing Units,777777777777,No Trailing Units
41,Oregon,410380,1,1,2,02,12,12,8,August,3,3:00am-3:59am,50,50,1,Rollover/Overturn,0,Not a Collision with Motor Vehicle In-Transport,1,Motor Vehicle In-Transport (Inside or Outside the Trafficway),0,No,41,Oregon,1,Driver (in this crash) was  Registered Owner,9,Plymouth,20,9020,"Plymouth Neon (2002 and on, see Dodge)",4,"4-door sedan, hardtop",1997,1997,3P3ES47Y1VT5,3P3ES47Y1VT5,3,P,3,E,S,4,7,Y,1,V,T,5,0,No Trailing Units,0,Not an Articulated Vehicle,0,Not Applicable,000000000,Not Applicable,00000000000,Not Applicable,0,Not Applicable,0,Not Applicable,0,Not Applicable (N/A),1,No,0,Not Applicable,0,Not Applicable,0,Not Applicable,0,Not Applicable,0,Not a Bus,0,No Special Use,0,Not Applicable,75,075 MPH,0,No Underride or Override Noted,1,"Rollover, Tripped by Object/Vehicle",5,On Roadside,0,Non-Collision,6,Disabling Damage,2,Towed Due to Disabling Damage,1,Rollover/Overturn,0,,0,,0,No or Not Reported,1,Yes,41,Oregon,97702,97702,6,Valid,1,Full Driver License,0,No (CDL),0,No Endorsements required for this vehicle,3,Valid license for this class vehicle,0,No Restrictions or Not Applicable,64,64,140,140 lbs.,0,,0,,0,,0,,0,,0,No Record,0,No Record,0,No Record,0,No Record,3,"Yes, Exceeded Speed Limit",0,,0,,0,,0,,3,"Two-Way,  Divided, Positive  Median Barrier",3,Three lanes,35,35 MPH,3,Curve Left,1,Level,2,"Blacktop, Bituminous, or Asphalt",2,Wet,0,No Controls,0,No Controls,14,Negotiating a Curve,6,Traveling too fast for conditions,99,Unknown/Not Reported,1,Tracking,4,Departed roadway,1,A1-Single Driver-Right Roadside Departure-Drive Off Road,1,1,Yes,777777777777,No Trailing Units,777777777777,No Trailing Units,777777777777,No Trailing Units
41,Oregon,410381,1,1,1,01,12,12,11,November,12,12:00pm-12:59pm,39,39,34,Ditch,0,Not a Collision with Motor Vehicle In-Transport,1,Motor Vehicle In-Transport (Inside or Outside the Trafficway),0,No,41,Oregon,1,Driver (in this crash) was  Registered Owner,76,Yamaha,705,76705,Yamaha 450-749cc,80,Two Wheel Motorcycle (excluding motor scooters),1985,1985,JYA56E002FA0,JYA56E002FA0,J,Y,A,5,6,E,0,0,2,F,A,0,0,No Trailing Units,0,Not an Articulated Vehicle,0,Not Applicable,000000000,Not Applicable,00000000000,Not Applicable,0,Not Applicable,0,Not Applicable,0,Not Applicable (N/A),1,No,0,Not Applicable,0,Not Applicable,0,Not Applicable,0,Not Applicable,0,Not a Bus,0,No Special Use,0,Not Applicable,998,Not Reported,0,No Underride or Override Noted,0,No Rollover,0,No Rollover,12,12 Clock Point,6,Disabling Damage,2,Towed Due to Disabling Damage,34,Ditch,0,,0,,0,No or Not Reported,1,Yes,41,Oregon,97071,97071,6,Valid,1,Full Driver License,0,No (CDL),0,No Endorsements required for this vehicle,3,Valid license for this class vehicle,0,No Restrictions or Not Applicable,72,72,250,250 lbs.,0,,0,,0,,0,,0,,0,No Record,0,No Record,0,No Record,0,No Record,4,"Yes, Too Fast for Conditions",0,,0,,0,,0,,1,"Two-Way, Not Divided",2,Two lanes,55,55 MPH,2,Curve Right,2,"Grade, Unknown Slope",2,"Blacktop, Bituminous, or Asphalt",2,Wet,0,No Controls,0,No Controls,14,Negotiating a Curve,6,Traveling too fast for conditions,99,Unknown/Not Reported,1,Tracking,4,Departed roadway,6,B6-Single Driver-Left Roadside Departure-Drive Off Road,1,0,No,777777777777,No Trailing Units,777777777777,No Trailing Units,777777777777,No Trailing Units
41,Oregon,410382,1,2,1,01,22,22,11,November,9,9:00am-9:59am,31,31,12,Motor Vehicle In-Transport,2,Front-to-Front,1,Motor Vehicle In-Transport (Inside or Outside the Trafficway),0,No,18,Indiana,3,Vehicle Registered as Business/Company/Government Vehicle,84,International Harvester/Navistar,881,84881,International Harvester/Navistar Medium/Heavy - CBE,62,"Single-unit straight truck or Cab-Chassis (19,500 lbs. < GVWR < or = 26,000 lbs.)",2018,2018,1HTMMMML3JH5,1HTMMMML3JH5,1,H,T,M,M,M,M,L,3,J,H,5,0,No Trailing Units,0,Not an Articulated Vehicle,57,US DOT,0175882,0175882,570175882,570175882,2,"10,001 lbs - 26,000 lbs",1,"Single-Unit Truck (2- axle and GVWR more than 10,000 lbs)",1,Van/Enclosed Box,1,No,0,Not Applicable,0,Not Applicable,0,Not Applicable,0,Not Applicable,0,Not a Bus,0,No Special Use,0,Not Applicable,998,Not Reported,0,No Underride or Override Noted,0,No Rollover,0,No Rollover,12,12 Clock Point,6,Disabling Damage,2,Towed Due to Disabling Damage,12,Motor Vehicle In-Transport,0,,0,,0,No or Not Reported,1,Yes,41,Oregon,97539,97539,6,Valid,1,Full Driver License,0,No (CDL),0,No Endorsements required for this vehicle,3,Valid license for this class vehicle,1,Restrictions Complied With,68,68,190,190 lbs.,0,,0,,0,,0,,0,,0,No Record,0,No Record,0,No Record,0,No Record,9,Unknown,28,Improper Lane Usage,0,,0,,0,,1,"Two-Way, Not Divided",2,Two lanes,55,55 MPH,2,Curve Right,1,Level,2,"Blacktop, Bituminous, or Asphalt",1,Dry,0,No Controls,0,No Controls,14,Negotiating a Curve,10,Over the lane line on left side of travel lane,99,Unknown/Not Reported,1,Tracking,2,"Stayed on roadway, but left original travel lane",50,"G50-Same Trafficway, Opposite Direction-Head-On-Lateral Move (Left/Right)",1,0,No,777777777777,No Trailing Units,777777777777,No Trailing Units,777777777777,No Trailing Units
41,Oregon,410382,2,2,1,01,22,22,11,November,9,9:00am-9:59am,31,31,12,Motor Vehicle In-Transport,2,Front-to-Front,1,Motor Vehicle In-Transport (Inside or Outside the Trafficway),0,No,93,Multiple State Registration,3,Vehicle Registered as Business/Company/Government Vehicle,98,Other Make,809,98809,Other Make Sterling,66,"Truck-tractor (Cab only, or with any number of trailing unit; any weight)",2007,2007,2FZHATDJ77AY,2FZHATDJ77AY,2,F,Z,H,A,T,D,J,7,7,A,Y,1,One Trailing Unit,1,No,57,US DOT,0026787,0026787,570026787,570026787,3,"26,001 lbs. or more",6,Truck Tractor/Semi-Trailer,1,Van/Enclosed Box,1,No,0,Not Applicable,0,Not Applicable,0,Not Applicable,0,Not Applicable,0,Not a Bus,0,No Special Use,0,Not Applicable,998,Not Reported,0,No Underride or Override Noted,0,No Rollover,0,No Rollover,12,12 Clock Point,6,Disabling Damage,2,Towed Due to Disabling Damage,12,Motor Vehicle In-Transport,0,,0,,0,No or Not Reported,1,Yes,6,California,96134,96134,6,Valid,1,Full Driver License,6,Valid,0,No Endorsements required for this vehicle,3,Valid license for this class vehicle,0,No Restrictions or Not Applicable,999,Unknown,999,Unknown,0,,0,,0,,0,,0,,0,No Record,0,No Record,0,No Record,0,No Record,0,No,0,,0,,0,,0,,1,"Two-Way, Not Divided",2,Two lanes,55,55 MPH,3,Curve Left,1,Level,2,"Blacktop, Bituminous, or Asphalt",1,Dry,0,No Controls,0,No Controls,14,Negotiating a Curve,62,From opposite direction  over left lane line,99,Unknown/Not Reported,1,Tracking,1,Stayed in original travel lane,51,"G51-Same Trafficway, Opposite Direction-Head-On-Lateral Move (Going Straight)",0,0,No,999999999999,Unknown,777777777777,No Trailing Units,777777777777,No Trailing Units
41,Oregon,410383,1,2,1,01,21,21,11,November,19,7:00pm-7:59pm,32,32,8,Pedestrian,0,Not a Collision with Motor Vehicle In-Transport,1,Motor Vehicle In-Transport (Inside or Outside the Trafficway),0,No,41,Oregon,1,Driver (in this crash) was  Registered Owner,63,KIA,34,63034,KIA Optima,4,"4-door sedan, hardtop",2016,2016,5XXGT4L11GG0,5XXGT4L11GG0,5,X,X,G,T,4,L,1,1,G,G,0,0,No Trailing Units,0,Not an Articulated Vehicle,0,Not Applicable,000000000,Not Applicable,00000000000,Not Applicable,0,Not Applicable,0,Not Applicable,0,Not Applicable (N/A),1,No,0,Not Applicable,0,Not Applicable,0,Not Applicable,0,Not Applicable,0,Not a Bus,0,No Special Use,0,Not Applicable,998,Not Reported,0,No Underride or Override Noted,0,No Rollover,0,No Rollover,12,12 Clock Point,8,Not Reported,5,Not Towed,8,Pedestrian,0,,0,,0,No or Not Reported,1,Yes,41,Oregon,97233,97233,6,Valid,1,Full Driver License,0,No (CDL),0,No Endorsements required for this vehicle,3,Valid license for this class vehicle,0,No Restrictions or Not Applicable,71,71,192,192 lbs.,1,1,0,,0,,0,,0,,3,March,2017,2017,3,March,2017,2017,0,No,0,,0,,0,,0,,5,"Two-Way, Not Divided With a Continuous Left-Turn Lane",5,Five lanes,35,35 MPH,1,Straight,1,Level,2,"Blacktop, Bituminous, or Asphalt",2,Wet,0,No Controls,0,No Controls,1,Going Straight,80,Pedestrian in road,99,Unknown/Not Reported,1,Tracking,1,Stayed in original travel lane,13,C13-Single Driver-Forward Impact-Pedestrian/ Animal,0,0,No,777777777777,No Trailing Units,777777777777,No Trailing Units,777777777777,No Trailing Units
41,Oregon,410383,2,2,3,03,21,21,11,November,19,7:00pm-7:59pm,32,32,8,Pedestrian,0,Not a Collision with Motor Vehicle In-Transport,1,Motor Vehicle In-Transport (Inside or Outside the Trafficway),0,No,41,Oregon,2,Driver (in this crash) Not Registered Owner (Other Private Owner Listed),20,Chevrolet,23,20023,Chevrolet HHR,6,Station Wagon (excluding van and truck based),2006,2006,3GNDA23PX6S5,3GNDA23PX6S5,3,G,N,D,A,2,3,P,X,6,S,5,0,No Trailing Units,0,Not an Articulated Vehicle,0,Not Applicable,000000000,Not Applicable,00000000000,Not Applicable,0,Not Applicable,0,Not Applicable,0,Not Applicable (N/A),1,No,0,Not Applicable,0,Not Applicable,0,Not Applicable,0,Not Applicable,0,Not a Bus,0,No Special Use,0,Not Applicable,998,Not Reported,0,No Underride or Override Noted,0,No Rollover,0,No Rollover,12,12 Clock Point,8,Not Reported,5,Not Towed,8,Pedestrian,0,,0,,0,No or Not Reported,1,Yes,53,Washington,97080,97080,6,Valid,1,Full Driver License,0,No (CDL),0,No Endorsements required for this vehicle,3,Valid license for this class vehicle,0,No Restrictions or Not Applicable,69,69,195,195 lbs.,0,,0,,0,,0,,0,,0,No Record,0,No Record,0,No Record,0,No Record,0,No,0,,0,,0,,0,,5,"Two-Way, Not Divided With a Continuous Left-Turn Lane",5,Five lanes,35,35 MPH,1,Straight,1,Level,2,"Blacktop, Bituminous, or Asphalt",2,Wet,0,No Controls,0,No Controls,1,Going Straight,80,Pedestrian in road,99,Unknown/Not Reported,1,Tracking,1,Stayed in original travel lane,98,M98-Other Crash Type,0,0,No,777777777777,No Trailing Units,777777777777,No Trailing Units,777777777777,No Trailing Units
41,Oregon,410384,1,1,1,01,21,21,11,November,18,6:00pm-6:59pm,14,14,3,Immersion or Partial Immersion,0,Not a Collision with Motor Vehicle In-Transport,1,Motor Vehicle In-Transport (Inside or Outside the Trafficway),0,No,41,Oregon,1,Driver (in this crash) was  Registered Owner,12,Ford,16,12016,"Ford Crown Victoria  (For 2011 on, code as vehicle model 398)",4,"4-door sedan, hardtop",2003,2003,2FAHP74W53X1,2FAHP74W53X1,2,F,A,H,P,7,4,W,5,3,X,1,0,No Trailing Units,0,Not an Articulated Vehicle,0,Not Applicable,000000000,Not Applicable,00000000000,Not Applicable,0,Not Applicable,0,Not Applicable,0,Not Applicable (N/A),1,No,0,Not Applicable,0,Not Applicable,0,Not Applicable,0,Not Applicable,0,Not a Bus,0,No Special Use,0,Not Applicable,998,Not Reported,0,No Underride or Override Noted,0,No Rollover,0,No Rollover,0,Non-Collision,9,Unknown,2,Towed Due to Disabling Damage,3,Immersion or Partial Immersion,0,,0,,0,No or Not Reported,1,Yes,41,Oregon,97306,97306,6,Valid,1,Full Driver License,0,No (CDL),0,No Endorsements required for this vehicle,3,Valid license for this class vehicle,1,Restrictions Complied With,59,59,117,117 lbs.,0,,0,,0,,0,,0,,0,No Record,0,No Record,0,No Record,0,No Record,9,Unknown,99,Unknown,99,Unknown,99,Unknown,99,Unknown,1,"Two-Way, Not Divided",2,Two lanes,98,Not Reported,1,Straight,2,"Grade, Unknown Slope",2,"Blacktop, Bituminous, or Asphalt",2,Wet,0,No Controls,0,No Controls,1,Going Straight,19,Unknown travel direction,99,Unknown/Not Reported,1,Tracking,4,Departed roadway,0,M0-No Impact,1,0,No,777777777777,No Trailing Units,777777777777,No Trailing Units,777777777777,No Trailing Units
41,Oregon,410385,1,2,2,02,26,26,11,November,18,6:00pm-6:59pm,43,43,25,Concrete Traffic Barrier,0,Not a Collision with Motor Vehicle In-Transport,1,Motor Vehicle In-Transport (Inside or Outside the Trafficway),0,No,41,Oregon,1,Driver (in this crash) was  Registered Owner,12,Ford,3,12003,Ford Mustang/Mustang II,2,"2-door sedan,hardtop,coupe",1998,1998,1FAFP4046WF1,1FAFP4046WF1,1,F,A,F,P,4,0,4,6,W,F,1,0,No Trailing Units,0,Not an Articulated Vehicle,0,Not Applicable,000000000,Not Applicable,00000000000,Not Applicable,0,Not Applicable,0,Not Applicable,0,Not Applicable (N/A),1,No,0,Not Applicable,0,Not Applicable,0,Not Applicable,0,Not Applicable,0,Not a Bus,0,No Special Use,0,Not Applicable,998,Not Reported,0,No Underride or Override Noted,0,No Rollover,0,No Rollover,12,12 Clock Point,6,Disabling Damage,2,Towed Due to Disabling Damage,12,Motor Vehicle In-Transport,0,,0,,0,No or Not Reported,1,Yes,41,Oregon,97230,97230,0,Not licensed,0,Not Licensed,0,No (CDL),0,No Endorsements required for this vehicle,0,Not licensed,0,No Restrictions or Not Applicable,999,Unknown,999,Unknown,0,,0,,0,,0,,0,,0,No Record,0,No Record,0,No Record,0,No Record,4,"Yes, Too Fast for Conditions",0,,0,,0,,0,,3,"Two-Way,  Divided, Positive  Median Barrier",3,Three lanes,55,55 MPH,1,Straight,1,Level,2,"Blacktop, Bituminous, or Asphalt",2,Wet,0,No Controls,0,No Controls,16,Merging,9,Unknown cause of control loss,99,Unknown/Not Reported,1,Tracking,4,Departed roadway,6,B6-Single Driver-Left Roadside Departure-Drive Off Road,1,1,Yes,777777777777,No Trailing Units,777777777777,No Trailing Units,777777777777,No Trailing Units
41,Oregon,410385,2,2,2,02,26,26,11,November,18,6:00pm-6:59pm,43,43,25,Concrete Traffic Barrier,0,Not a Collision with Motor Vehicle In-Transport,1,Motor Vehicle In-Transport (Inside or Outside the Trafficway),0,No,53,Washington,1,Driver (in this crash) was  Registered Owner,23,GMC,481,23481,"GMC C, K, R, V-series pickup/     Sierra",34,Light Pickup,2009,2009,1GTHK63619F1,1GTHK63619F1,1,G,T,H,K,6,3,6,1,9,F,1,0,No Trailing Units,0,Not an Articulated Vehicle,0,Not Applicable,000000000,Not Applicable,00000000000,Not Applicable,0,Not Applicable,0,Not Applicable,0,Not Applicable (N/A),1,No,0,Not Applicable,0,Not Applicable,0,Not Applicable,0,Not Applicable,0,Not a Bus,0,No Special Use,0,Not Applicable,998,Not Reported,0,No Underride or Override Noted,0,No Rollover,0,No Rollover,12,12 Clock Point,6,Disabling Damage,2,Towed Due to Disabling Damage,12,Motor Vehicle In-Transport,0,,0,,0,No or Not Reported,1,Yes,53,Washington,98662,98662,6,Valid,1,Full Driver License,0,No (CDL),0,No Endorsements required for this vehicle,3,Valid license for this class vehicle,0,No Restrictions or Not Applicable,69,69,195,195 lbs.,0,,0,,0,,0,,0,,0,No Record,0,No Record,0,No Record,0,No Record,0,No,0,,0,,0,,0,,3,"Two-Way,  Divided, Positive  Median Barrier",3,Three lanes,55,55 MPH,1,Straight,1,Level,2,"Blacktop, Bituminous, or Asphalt",2,Wet,0,No Controls,0,No Controls,1,Going Straight,52,Traveling in same direction while decelerating,99,Unknown/Not Reported,1,Tracking,1,Stayed in original travel lane,98,M98-Other Crash Type,0,0,No,777777777777,No Trailing Units,777777777777,No Trailing Units,777777777777,No Trailing Units
41,Oregon,410386,1,1,1,01,30,30,11,November,16,4:00pm-4:59pm,59,59,8,Pedestrian,0,Not a Collision with Motor Vehicle In-Transport,1,Motor Vehicle In-Transport (Inside or Outside the Trafficway),0,No,41,Oregon,1,Driver (in this crash) was  Registered Owner,12,Ford,461,12461,Ford E-Series Van/Econoline,21,"Large Van-Includes van-based buses (B150-B350, Sportsman, Royal Maxiwagon, Ram, Tradesman,...)",1998,1998,1FTPS24L9WHA,1FTPS24L9WHA,1,F,T,P,S,2,4,L,9,W,H,A,0,No Trailing Units,0,Not an Articulated Vehicle,0,Not Applicable,000000000,Not Applicable,00000000000,Not Applicable,0,Not Applicable,0,Not Applicable,0,Not Applicable (N/A),1,No,0,Not Applicable,0,Not Applicable,0,Not Applicable,0,Not Applicable,0,Not a Bus,0,No Special Use,0,Not Applicable,998,Not Reported,0,No Underride or Override Noted,0,No Rollover,0,No Rollover,12,12 Clock Point,8,Not Reported,5,Not Towed,8,Pedestrian,0,,0,,0,No or Not Reported,1,Yes,41,Oregon,97220,97220,6,Valid,1,Full Driver License,0,No (CDL),0,No Endorsements required for this vehicle,3,Valid license for this class vehicle,0,No Restrictions or Not Applicable,70,70,230,230 lbs.,0,,0,,0,,0,,2,2,2,February,2017,2017,3,March,2017,2017,0,No,38,Failure to Yield Right-of-Way,0,,0,,0,,5,"Two-Way, Not Divided With a Continuous Left-Turn Lane",5,Five lanes,35,35 MPH,1,Straight,1,Level,2,"Blacktop, Bituminous, or Asphalt",98,Not Reported,20,Stop Sign,3,Device Functioning Properly,1,Going Straight,80,Pedestrian in road,99,Unknown/Not Reported,1,Tracking,1,Stayed in original travel lane,13,C13-Single Driver-Forward Impact-Pedestrian/ Animal,0,0,No,777777777777,No Trailing Units,777777777777,No Trailing Units,777777777777,No Trailing Units
41,Oregon,410387,1,2,1,01,2,2,11,November,13,1:00pm-1:59pm,12,12,12,Motor Vehicle In-Transport,2,Front-to-Front,1,Motor Vehicle In-Transport (Inside or Outside the Trafficway),0,No,4,Arizona,2,Driver (in this crash) Not Registered Owner (Other Private Owner Listed),12,Ford,461,12461,Ford E-Series Van/Econoline,21,"Large Van-Includes van-based buses (B150-B350, Sportsman, Royal Maxiwagon, Ram, Tradesman,...)",2003,2003,1FTNE24L33HA,1FTNE24L33HA,1,F,T,N,E,2,4,L,3,3,H,A,0,No Trailing Units,0,Not an Articulated Vehicle,0,Not Applicable,000000000,Not Applicable,00000000000,Not Applicable,0,Not Applicable,0,Not Applicable,0,Not Applicable (N/A),1,No,0,Not Applicable,0,Not Applicable,0,Not Applicable,0,Not Applicable,0,Not a Bus,0,No Special Use,0,Not Applicable,998,Not Reported,0,No Underride or Override Noted,0,No Rollover,0,No Rollover,12,12 Clock Point,6,Disabling Damage,2,Towed Due to Disabling Damage,12,Motor Vehicle In-Transport,0,,0,,0,No or Not Reported,1,Yes,41,Oregon,97914,97914,0,Not licensed,0,Not Licensed,0,No (CDL),0,No Endorsements required for this vehicle,0,Not licensed,0,No Restrictions or Not Applicable,72,72,200,200 lbs.,0,,0,,0,,0,,0,,0,No Record,0,No Record,0,No Record,0,No Record,9,Unknown,28,Improper Lane Usage,0,,0,,0,,1,"Two-Way, Not Divided",3,Three lanes,55,55 MPH,3,Curve Left,2,"Grade, Unknown Slope",2,"Blacktop, Bituminous, or Asphalt",2,Wet,0,No Controls,0,No Controls,14,Negotiating a Curve,10,Over the lane line on left side of travel lane,99,Unknown/Not Reported,1,Tracking,2,"Stayed on roadway, but left original travel lane",50,"G50-Same Trafficway, Opposite Direction-Head-On-Lateral Move (Left/Right)",1,1,Yes,777777777777,No Trailing Units,777777777777,No Trailing Units,777777777777,No Trailing Units
41,Oregon,410387,2,2,1,01,2,2,11,November,13,1:00pm-1:59pm,12,12,12,Motor Vehicle In-Transport,2,Front-to-Front,1,Motor Vehicle In-Transport (Inside or Outside the Trafficway),0,No,41,Oregon,1,Driver (in this crash) was  Registered Owner,48,Subaru,34,48034,Subaru Legacy/Outback(prior to 2003 only; see 045 for 2003 on),4,"4-door sedan, hardtop",2010,2010,4S3BMBC63A32,4S3BMBC63A32,4,S,3,B,M,B,C,6,3,A,3,2,0,No Trailing Units,0,Not an Articulated Vehicle,0,Not Applicable,000000000,Not Applicable,00000000000,Not Applicable,0,Not Applicable,0,Not Applicable,0,Not Applicable (N/A),1,No,0,Not Applicable,0,Not Applicable,0,Not Applicable,0,Not Applicable,0,Not a Bus,0,No Special Use,0,Not Applicable,998,Not Reported,0,No Underride or Override Noted,0,No Rollover,0,No Rollover,12,12 Clock Point,9,Unknown,2,Towed Due to Disabling Damage,12,Motor Vehicle In-Transport,0,,0,,0,No or Not Reported,1,Yes,41,Oregon,97701,97701,6,Valid,1,Full Driver License,0,No (CDL),0,No Endorsements required for this vehicle,3,Valid license for this class vehicle,1,Restrictions Complied With,63,63,120,120 lbs.,1,1,0,,0,,0,,1,1,1,January,2013,2013,4,April,2016,2016,0,No,0,,0,,0,,0,,1,"Two-Way, Not Divided",3,Three lanes,55,55 MPH,3,Curve Left,2,"Grade, Unknown Slope",2,"Blacktop, Bituminous, or Asphalt",2,Wet,0,No Controls,0,No Controls,14,Negotiating a Curve,62,From opposite direction  over left lane line,99,Unknown/Not Reported,1,Tracking,1,Stayed in original travel lane,51,"G51-Same Trafficway, Opposite Direction-Head-On-Lateral Move (Going Straight)",1,0,No,777777777777,No Trailing Units,777777777777,No Trailing Units,777777777777,No Trailing Units
41,Oregon,410388,1,1,2,02,3,3,12,December,17,5:00pm-5:59pm,50,50,42,Tree (Standing Only),0,Not a Collision with Motor Vehicle In-Transport,1,Motor Vehicle In-Transport (Inside or Outside the Trafficway),0,No,41,Oregon,1,Driver (in this crash) was  Registered Owner,39,Jaguar,38,39038,Jaguar F-Type,3,3-door/2-door hatchback,2016,2016,SAJWJ6DL7GMK,SAJWJ6DL7GMK,S,A,J,W,J,6,D,L,7,G,M,K,0,No Trailing Units,0,Not an Articulated Vehicle,0,Not Applicable,000000000,Not Applicable,00000000000,Not Applicable,0,Not Applicable,0,Not Applicable,0,Not Applicable (N/A),1,No,0,Not Applicable,0,Not Applicable,0,Not Applicable,0,Not Applicable,0,Not a Bus,0,No Special Use,0,Not Applicable,998,Not Reported,0,No Underride or Override Noted,0,No Rollover,0,No Rollover,12,12 Clock Point,6,Disabling Damage,2,Towed Due to Disabling Damage,42,Tree (Standing Only),0,,0,,0,No or Not Reported,1,Yes,41,Oregon,97219,97219,6,Valid,1,Full Driver License,0,No (CDL),0,No Endorsements required for this vehicle,3,Valid license for this class vehicle,0,No Restrictions or Not Applicable,74,74,225,225 lbs.,0,,0,,0,,1,1,0,,9,September,2015,2015,9,September,2015,2015,5,"Yes, Specifics Unknown",99,Unknown,99,Unknown,99,Unknown,99,Unknown,1,"Two-Way, Not Divided",2,Two lanes,35,35 MPH,2,Curve Right,2,"Grade, Unknown Slope",2,"Blacktop, Bituminous, or Asphalt",2,Wet,0,No Controls,0,No Controls,14,Negotiating a Curve,19,Unknown travel direction,99,Unknown/Not Reported,1,Tracking,4,Departed roadway,99,M99-Unknown,1,1,Yes,777777777777,No Trailing Units,777777777777,No Trailing Units,777777777777,No Trailing Units
41,Oregon,410389,1,1,3,03,4,4,12,December,22,10:00pm-10:59pm,40,40,34,Ditch,0,Not a Collision with Motor Vehicle In-Transport,1,Motor Vehicle In-Transport (Inside or Outside the Trafficway),0,No,6,California,1,Driver (in this crash) was  Registered Owner,49,Toyota,472,49472,Toyota Tacoma,34,Light Pickup,1999,1999,4TAVL52N0XZ4,4TAVL52N0XZ4,4,T,A,V,L,5,2,N,0,X,Z,4,0,No Trailing Units,0,Not an Articulated Vehicle,0,Not Applicable,000000000,Not Applicable,00000000000,Not Applicable,0,Not Applicable,0,Not Applicable,0,Not Applicable (N/A),1,No,0,Not Applicable,0,Not Applicable,0,Not Applicable,0,Not Applicable,0,Not a Bus,0,No Special Use,0,Not Applicable,998,Not Reported,0,No Underride or Override Noted,1,"Rollover, Tripped by Object/Vehicle",5,On Roadside,12,12 Clock Point,6,Disabling Damage,2,Towed Due to Disabling Damage,1,Rollover/Overturn,0,,0,,0,No or Not Reported,1,Yes,6,California,92027,92027,6,Valid,1,Full Driver License,0,No (CDL),0,No Endorsements required for this vehicle,3,Valid license for this class vehicle,0,No Restrictions or Not Applicable,65,65,155,155 lbs.,0,,0,,0,,1,1,0,,9,September,2017,2017,9,September,2017,2017,0,No,0,,0,,0,,0,,1,"Two-Way, Not Divided",4,Four lanes,55,55 MPH,3,Curve Left,1,Level,2,"Blacktop, Bituminous, or Asphalt",1,Dry,0,No Controls,0,No Controls,14,Negotiating a Curve,13,Off the edge of the road on the right side,99,Unknown/Not Reported,1,Tracking,4,Departed roadway,1,A1-Single Driver-Right Roadside Departure-Drive Off Road,1,1,Yes,777777777777,No Trailing Units,777777777777,No Trailing Units,777777777777,No Trailing Units
41,Oregon,410390,1,2,1,01,9,9,12,December,2,2:00am-2:59am,25,25,12,Motor Vehicle In-Transport,6,Angle,1,Motor Vehicle In-Transport (Inside or Outside the Trafficway),0,No,41,Oregon,1,Driver (in this crash) was  Registered Owner,48,Subaru,34,48034,Subaru Legacy/Outback(prior to 2003 only; see 045 for 2003 on),4,"4-door sedan, hardtop",2001,2001,4S3BH6351163,4S3BH6351163,4,S,3,B,H,6,3,5,1,1,6,3,0,No Trailing Units,0,Not an Articulated Vehicle,0,Not Applicable,000000000,Not Applicable,00000000000,Not Applicable,0,Not Applicable,0,Not Applicable,0,Not Applicable (N/A),1,No,0,Not Applicable,0,Not Applicable,0,Not Applicable,0,Not Applicable,0,Not a Bus,0,No Special Use,0,Not Applicable,998,Not Reported,0,No Underride or Override Noted,0,No Rollover,0,No Rollover,9,9 Clock Point,8,Not Reported,2,Towed Due to Disabling Damage,12,Motor Vehicle In-Transport,0,,0,,0,No or Not Reported,1,Yes,41,Oregon,97527,97527,6,Valid,1,Full Driver License,0,No (CDL),0,No Endorsements required for this vehicle,3,Valid license for this class vehicle,1,Restrictions Complied With,71,71,160,160 lbs.,1,1,0,,0,,1,1,0,,12,December,2016,2016,9,September,2017,2017,3,"Yes, Exceeded Speed Limit",28,Improper Lane Usage,0,,0,,0,,1,"Two-Way, Not Divided",2,Two lanes,35,35 MPH,1,Straight,1,Level,2,"Blacktop, Bituminous, or Asphalt",1,Dry,0,No Controls,0,No Controls,1,Going Straight,10,Over the lane line on left side of travel lane,99,Unknown/Not Reported,5,"Skidding Laterally, Rotation Direction Unknown",2,"Stayed on roadway, but left original travel lane",64,"I64-Same Trafficway, Opposite Direction-Angle, Sideswipe-Lateral Move (Left/Right)",0,1,Yes,777777777777,No Trailing Units,777777777777,No Trailing Units,777777777777,No Trailing Units
41,Oregon,410390,2,2,1,01,9,9,12,December,2,2:00am-2:59am,25,25,12,Motor Vehicle In-Transport,6,Angle,1,Motor Vehicle In-Transport (Inside or Outside the Trafficway),0,No,41,Oregon,1,Driver (in this crash) was  Registered Owner,37,Honda,31,37031,"Honda Civic/CRX, del Sol",2,"2-door sedan,hardtop,coupe",2000,2000,1HGEJ8142YL0,1HGEJ8142YL0,1,H,G,E,J,8,1,4,2,Y,L,0,0,No Trailing Units,0,Not an Articulated Vehicle,0,Not Applicable,000000000,Not Applicable,00000000000,Not Applicable,0,Not Applicable,0,Not Applicable,0,Not Applicable (N/A),1,No,0,Not Applicable,0,Not Applicable,0,Not Applicable,0,Not Applicable,0,Not a Bus,0,No Special Use,0,Not Applicable,998,Not Reported,0,No Underride or Override Noted,0,No Rollover,0,No Rollover,12,12 Clock Point,8,Not Reported,2,Towed Due to Disabling Damage,12,Motor Vehicle In-Transport,0,,0,,0,No or Not Reported,1,Yes,41,Oregon,97537,97537,6,Valid,1,Full Driver License,0,No (CDL),0,No Endorsements required for this vehicle,3,Valid license for this class vehicle,0,No Restrictions or Not Applicable,66,66,110,110 lbs.,0,,0,,0,,0,,0,,0,No Record,0,No Record,0,No Record,0,No Record,0,No,0,,0,,0,,0,,1,"Two-Way, Not Divided",2,Two lanes,35,35 MPH,1,Straight,1,Level,2,"Blacktop, Bituminous, or Asphalt",1,Dry,0,No Controls,0,No Controls,1,Going Straight,62,From opposite direction  over left lane line,99,Unknown/Not Reported,1,Tracking,1,Stayed in original travel lane,65,"I65-Same Trafficway, Opposite Direction-Angle, Sideswipe-Lateral Move (Going Straight)",1,0,No,777777777777,No Trailing Units,777777777777,No Trailing Units,777777777777,No Trailing Units
41,Oregon,410391,1,2,1,01,18,18,12,December,14,2:00pm-2:59pm,30,30,12,Motor Vehicle In-Transport,1,Front-to-Rear,1,Motor Vehicle In-Transport (Inside or Outside the Trafficway),0,No,46,South Dakota,3,Vehicle Registered as Business/Company/Government Vehicle,12,Ford,481,12481,Ford F-Series pickup,34,Light Pickup,2012,2012,1FTFW1EF5CFA,1FTFW1EF5CFA,1,F,T,F,W,1,E,F,5,C,F,A,0,No Trailing Units,0,Not an Articulated Vehicle,0,Not Applicable,000000000,Not Applicable,00000000000,Not Applicable,0,Not Applicable,0,Not Applicable,0,Not Applicable (N/A),1,No,0,Not Applicable,0,Not Applicable,0,Not Applicable,0,Not Applicable,0,Not a Bus,0,No Special Use,0,Not Applicable,998,Not Reported,0,No Underride or Override Noted,0,No Rollover,0,No Rollover,12,12 Clock Point,8,Not Reported,2,Towed Due to Disabling Damage,12,Motor Vehicle In-Transport,0,,0,,0,No or Not Reported,1,Yes,41,Oregon,97355,97355,6,Valid,1,Full Driver License,0,No (CDL),0,No Endorsements required for this vehicle,3,Valid license for this class vehicle,0,No Restrictions or Not Applicable,73,73,230,230 lbs.,0,,0,,0,,0,,0,,0,No Record,0,No Record,0,No Record,0,No Record,9,Unknown,99,Unknown,99,Unknown,99,Unknown,99,Unknown,1,"Two-Way, Not Divided",2,Two lanes,98,Not Reported,1,Straight,1,Level,2,"Blacktop, Bituminous, or Asphalt",1,Dry,0,No Controls,0,No Controls,1,Going Straight,52,Traveling in same direction while decelerating,99,Unknown/Not Reported,1,Tracking,1,Stayed in original travel lane,28,"D28-Same Trafficway, Same Direction-Rear End-Decelerating (Slowing)",0,0,No,777777777777,No Trailing Units,777777777777,No Trailing Units,777777777777,No Trailing Units
41,Oregon,410391,2,2,2,02,18,18,12,December,14,2:00pm-2:59pm,30,30,12,Motor Vehicle In-Transport,1,Front-to-Rear,1,Motor Vehicle In-Transport (Inside or Outside the Trafficway),0,No,41,Oregon,1,Driver (in this crash) was  Registered Owner,2,Jeep / Kaiser-Jeep / Willys- Jeep,403,2403,Jeep / Kaiser-Jeep / Willys- Jeep YJ series/Wrangler,14,"Compact Utility (Utility Vehicle Categories ""Small"" and ""Midsize"")",2000,2000,1J4FA29P9YP7,1J4FA29P9YP7,1,J,4,F,A,2,9,P,9,Y,P,7,0,No Trailing Units,0,Not an Articulated Vehicle,0,Not Applicable,000000000,Not Applicable,00000000000,Not Applicable,0,Not Applicable,0,Not Applicable,0,Not Applicable (N/A),1,No,0,Not Applicable,0,Not Applicable,0,Not Applicable,0,Not Applicable,0,Not a Bus,0,No Special Use,0,Not Applicable,998,Not Reported,0,No Underride or Override Noted,0,No Rollover,0,No Rollover,6,6 Clock Point,6,Disabling Damage,2,Towed Due to Disabling Damage,12,Motor Vehicle In-Transport,0,,0,,0,No or Not Reported,1,Yes,41,Oregon,97355,97355,6,Valid,1,Full Driver License,0,No (CDL),0,No Endorsements required for this vehicle,3,Valid license for this class vehicle,1,Restrictions Complied With,69,69,150,150 lbs.,0,,0,,0,,0,,0,,0,No Record,0,No Record,0,No Record,0,No Record,9,Unknown,99,Unknown,99,Unknown,99,Unknown,99,Unknown,1,"Two-Way, Not Divided",2,Two lanes,98,Not Reported,1,Straight,1,Level,2,"Blacktop, Bituminous, or Asphalt",1,Dry,0,No Controls,0,No Controls,2,Decelerating in Road,53,Traveling in same direction with higher speed,99,Unknown/Not Reported,1,Tracking,1,Stayed in original travel lane,30,"D30-Same Trafficway, Same Direction-Rear End-Decelerating (Slowing), Going Left",2,0,No,777777777777,No Trailing Units,777777777777,No Trailing Units,777777777777,No Trailing Units
41,Oregon,410392,1,1,1,01,19,19,12,December,6,6:00am-6:59am,35,35,8,Pedestrian,0,Not a Collision with Motor Vehicle In-Transport,1,Motor Vehicle In-Transport (Inside or Outside the Trafficway),0,No,41,Oregon,3,Vehicle Registered as Business/Company/Government Vehicle,23,GMC,499,23499,GMC Unknown (light truck),39,Unknown (pickup style) light conventional truck type,2011,2011,1GT121CG8BF2,1GT121CG8BF2,1,G,T,1,2,1,C,G,8,B,F,2,0,No Trailing Units,0,Not an Articulated Vehicle,0,Not Applicable,000000000,Not Applicable,00000000000,Not Applicable,0,Not Applicable,0,Not Applicable,0,Not Applicable (N/A),1,No,0,Not Applicable,0,Not Applicable,0,Not Applicable,0,Not Applicable,0,Not a Bus,0,No Special Use,0,Not Applicable,998,Not Reported,0,No Underride or Override Noted,0,No Rollover,0,No Rollover,12,12 Clock Point,8,Not Reported,5,Not Towed,8,Pedestrian,0,,0,,0,No or Not Reported,1,Yes,41,Oregon,97527,97527,6,Valid,1,Full Driver License,6,Valid,0,No Endorsements required for this vehicle,3,Valid license for this class vehicle,1,Restrictions Complied With,75,75,200,200 lbs.,0,,0,,0,,0,,0,,0,No Record,0,No Record,0,No Record,0,No Record,0,No,0,,0,,0,,0,,1,"Two-Way, Not Divided",2,Two lanes,45,45 MPH,1,Straight,2,"Grade, Unknown Slope",2,"Blacktop, Bituminous, or Asphalt",1,Dry,0,No Controls,0,No Controls,1,Going Straight,80,Pedestrian in road,99,Unknown/Not Reported,1,Tracking,1,Stayed in original travel lane,13,C13-Single Driver-Forward Impact-Pedestrian/ Animal,0,0,No,777777777777,No Trailing Units,777777777777,No Trailing Units,777777777777,No Trailing Units
41,Oregon,410393,1,2,1,01,13,13,12,December,9,9:00am-9:59am,37,37,12,Motor Vehicle In-Transport,6,Angle,1,Motor Vehicle In-Transport (Inside or Outside the Trafficway),0,No,41,Oregon,3,Vehicle Registered as Business/Company/Government Vehicle,12,Ford,444,12444,Ford Transit Connect,20,"Minivan (Chrysler Town and Country, Caravan, Grand Caravan, Voyager, Voyager, Honda-Odyssey, ...)",2017,2017,NM0LS6E71H12,NM0LS6E71H12,N,M,0,L,S,6,E,7,1,H,1,2,0,No Trailing Units,0,Not an Articulated Vehicle,0,Not Applicable,000000000,Not Applicable,00000000000,Not Applicable,0,Not Applicable,0,Not Applicable,0,Not Applicable (N/A),1,No,0,Not Applicable,0,Not Applicable,0,Not Applicable,0,Not Applicable,0,Not a Bus,0,No Special Use,0,Not Applicable,998,Not Reported,0,No Underride or Override Noted,0,No Rollover,0,No Rollover,3,3 Clock Point,6,Disabling Damage,2,Towed Due to Disabling Damage,12,Motor Vehicle In-Transport,0,,0,,0,No or Not Reported,1,Yes,41,Oregon,97701,97701,6,Valid,1,Full Driver License,0,No (CDL),0,No Endorsements required for this vehicle,3,Valid license for this class vehicle,1,Restrictions Complied With,74,74,325,325 lbs.,1,1,0,,0,,0,,0,,4,April,2017,2017,4,April,2017,2017,0,No,38,Failure to Yield Right-of-Way,0,,0,,0,,1,"Two-Way, Not Divided",3,Three lanes,55,55 MPH,1,Straight,1,Level,2,"Blacktop, Bituminous, or Asphalt",1,Dry,0,No Controls,0,No Controls,11,Turning Left,15,Turning Left,99,Unknown/Not Reported,1,Tracking,1,Stayed in original travel lane,68,J68-Trafficway Vehicle Turning-Turn Across Path-Initial Opposite Directions (Left/Right),1,0,No,777777777777,No Trailing Units,777777777777,No Trailing Units,777777777777,No Trailing Units
41,Oregon,410393,2,2,1,01,13,13,12,December,9,9:00am-9:59am,37,37,12,Motor Vehicle In-Transport,6,Angle,1,Motor Vehicle In-Transport (Inside or Outside the Trafficway),0,No,41,Oregon,1,Driver (in this crash) was  Registered Owner,23,GMC,481,23481,"GMC C, K, R, V-series pickup/     Sierra",34,Light Pickup,2006,2006,1GTHK23D26F2,1GTHK23D26F2,1,G,T,H,K,2,3,D,2,6,F,2,0,No Trailing Units,0,Not an Articulated Vehicle,0,Not Applicable,000000000,Not Applicable,00000000000,Not Applicable,0,Not Applicable,0,Not Applicable,0,Not Applicable (N/A),1,No,0,Not Applicable,0,Not Applicable,0,Not Applicable,0,Not Applicable,0,Not a Bus,0,No Special Use,0,Not Applicable,998,Not Reported,0,No Underride or Override Noted,0,No Rollover,0,No Rollover,12,12 Clock Point,6,Disabling Damage,2,Towed Due to Disabling Damage,12,Motor Vehicle In-Transport,0,,0,,0,No or Not Reported,1,Yes,41,Oregon,97701,97701,6,Valid,1,Full Driver License,0,No (CDL),0,No Endorsements required for this vehicle,3,Valid license for this class vehicle,1,Restrictions Complied With,70,70,205,205 lbs.,1,1,0,,0,,0,,0,,7,July,2013,2013,7,July,2013,2013,0,No,0,,0,,0,,0,,1,"Two-Way, Not Divided",3,Three lanes,55,55 MPH,1,Straight,1,Level,2,"Blacktop, Bituminous, or Asphalt",1,Dry,0,No Controls,0,No Controls,1,Going Straight,62,From opposite direction  over left lane line,99,Unknown/Not Reported,1,Tracking,1,Stayed in original travel lane,69,J69-Trafficway Vehicle Turning-Turn Across Path-Initial Opposite Directions (Going Straight),0,0,No,777777777777,No Trailing Units,777777777777,No Trailing Units,777777777777,No Trailing Units
41,Oregon,410394,1,1,1,01,16,16,12,December,18,6:00pm-6:59pm,47,47,42,Tree (Standing Only),0,Not a Collision with Motor Vehicle In-Transport,1,Motor Vehicle In-Transport (Inside or Outside the Trafficway),0,No,49,Utah,4,Vehicle Registered as Rental Vehicle,7,Dodge,482,7482,Dodge Ram Pickup,34,Light Pickup,2017,2017,1C6RR7GG0HS6,1C6RR7GG0HS6,1,C,6,R,R,7,G,G,0,H,S,6,0,No Trailing Units,0,Not an Articulated Vehicle,0,Not Applicable,000000000,Not Applicable,00000000000,Not Applicable,0,Not Applicable,0,Not Applicable,0,Not Applicable (N/A),1,No,0,Not Applicable,0,Not Applicable,0,Not Applicable,0,Not Applicable,0,Not a Bus,0,No Special Use,0,Not Applicable,998,Not Reported,0,No Underride or Override Noted,1,"Rollover, Tripped by Object/Vehicle",5,On Roadside,9,9 Clock Point,6,Disabling Damage,2,Towed Due to Disabling Damage,1,Rollover/Overturn,0,,0,,0,No or Not Reported,1,Yes,53,Washington,99224,99224,6,Valid,1,Full Driver License,0,No (CDL),0,No Endorsements required for this vehicle,3,Valid license for this class vehicle,1,Restrictions Complied With,60,60,110,110 lbs.,0,,1,1,0,,2,2,1,1,3,March,2014,2014,5,May,2017,2017,5,"Yes, Specifics Unknown",99,Unknown,99,Unknown,99,Unknown,99,Unknown,1,"Two-Way, Not Divided",2,Two lanes,55,55 MPH,1,Straight,2,"Grade, Unknown Slope",2,"Blacktop, Bituminous, or Asphalt",4,Ice/Frost,0,No Controls,0,No Controls,1,Going Straight,12,Off the edge of the road on the left side,99,Unknown/Not Reported,5,"Skidding Laterally, Rotation Direction Unknown",4,Departed roadway,7,B7-Single Driver-Left Roadside Departure-Control/Traction Loss,1,0,No,777777777777,No Trailing Units,777777777777,No Trailing Units,777777777777,No Trailing Units
41,Oregon,410395,1,1,1,01,20,20,12,December,7,7:00am-7:59am,19,19,8,Pedestrian,0,Not a Collision with Motor Vehicle In-Transport,1,Motor Vehicle In-Transport (Inside or Outside the Trafficway),0,No,41,Oregon,1,Driver (in this crash) was  Registered Owner,49,Toyota,40,49040,Toyota Camry,4,"4-door sedan, hardtop",2011,2011,4T1BF3EK6BU1,4T1BF3EK6BU1,4,T,1,B,F,3,E,K,6,B,U,1,0,No Trailing Units,0,Not an Articulated Vehicle,0,Not Applicable,000000000,Not Applicable,00000000000,Not Applicable,0,Not Applicable,0,Not Applicable,0,Not Applicable (N/A),1,No,0,Not Applicable,0,Not Applicable,0,Not Applicable,0,Not Applicable,0,Not a Bus,0,No Special Use,0,Not Applicable,998,Not Reported,0,No Underride or Override Noted,0,No Rollover,0,No Rollover,12,12 Clock Point,8,Not Reported,5,Not Towed,8,Pedestrian,0,,0,,0,No or Not Reported,1,Yes,41,Oregon,97230,97230,6,Valid,1,Full Driver License,0,No (CDL),0,No Endorsements required for this vehicle,3,Valid license for this class vehicle,1,Restrictions Complied With,60,60,115,115 lbs.,0,,0,,0,,0,,0,,0,No Record,0,No Record,0,No Record,0,No Record,0,No,0,,0,,0,,0,,1,"Two-Way, Not Divided",4,Four lanes,35,35 MPH,1,Straight,1,Level,2,"Blacktop, Bituminous, or Asphalt",2,Wet,0,No Controls,0,No Controls,1,Going Straight,80,Pedestrian in road,99,Unknown/Not Reported,1,Tracking,1,Stayed in original travel lane,13,C13-Single Driver-Forward Impact-Pedestrian/ Animal,0,0,No,777777777777,No Trailing Units,777777777777,No Trailing Units,777777777777,No Trailing Units
41,Oregon,410396,1,1,1,01,20,20,12,December,12,12:00pm-12:59pm,0,0,58,Ground,0,Not a Collision with Motor Vehicle In-Transport,1,Motor Vehicle In-Transport (Inside or Outside the Trafficway),0,No,41,Oregon,2,Driver (in this crash) Not Registered Owner (Other Private Owner Listed),63,KIA,441,63441,KIA Sedona,20,"Minivan (Chrysler Town and Country, Caravan, Grand Caravan, Voyager, Voyager, Honda-Odyssey, ...)",2003,2003,KNDUP1311363,KNDUP1311363,K,N,D,U,P,1,3,1,1,3,6,3,0,No Trailing Units,0,Not an Articulated Vehicle,0,Not Applicable,000000000,Not Applicable,00000000000,Not Applicable,0,Not Applicable,0,Not Applicable,0,Not Applicable (N/A),1,No,0,Not Applicable,0,Not Applicable,0,Not Applicable,0,Not Applicable,0,Not a Bus,0,No Special Use,0,Not Applicable,998,Not Reported,0,No Underride or Override Noted,1,"Rollover, Tripped by Object/Vehicle",5,On Roadside,12,12 Clock Point,6,Disabling Damage,2,Towed Due to Disabling Damage,1,Rollover/Overturn,0,,0,,0,No or Not Reported,1,Yes,12,Florida,34295,34295,9,Unknown License Status,9,Unknown License Type,99,Unknown License Status,9,"Unknown, if required",9,Unknown,9,Unknown,999,Unknown,999,Unknown,99,Unknown,99,Unknown,99,Unknown,99,Unknown,99,Unknown,99,Unknown,9999,Unknown,99,Unknown,9999,Unknown,9,Unknown,99,Unknown,99,Unknown,99,Unknown,99,Unknown,1,"Two-Way, Not Divided",2,Two lanes,55,55 MPH,3,Curve Left,2,"Grade, Unknown Slope",2,"Blacktop, Bituminous, or Asphalt",1,Dry,0,No Controls,0,No Controls,14,Negotiating a Curve,13,Off the edge of the road on the right side,99,Unknown/Not Reported,1,Tracking,4,Departed roadway,1,A1-Single Driver-Right Roadside Departure-Drive Off Road,1,1,Yes,777777777777,No Trailing Units,777777777777,No Trailing Units,777777777777,No Trailing Units
41,Oregon,410397,1,2,2,02,20,20,12,December,19,7:00pm-7:59pm,28,28,12,Motor Vehicle In-Transport,6,Angle,1,Motor Vehicle In-Transport (Inside or Outside the Trafficway),0,No,16,Idaho,1,Driver (in this crash) was  Registered Owner,20,Chevrolet,22,20022,Chevrolet Cobalt,2,"2-door sedan,hardtop,coupe",2007,2007,1G1AM15B9771,1G1AM15B9771,1,G,1,A,M,1,5,B,9,7,7,1,0,No Trailing Units,0,Not an Articulated Vehicle,0,Not Applicable,000000000,Not Applicable,00000000000,Not Applicable,0,Not Applicable,0,Not Applicable,0,Not Applicable (N/A),1,No,0,Not Applicable,0,Not Applicable,0,Not Applicable,0,Not Applicable,0,Not a Bus,0,No Special Use,0,Not Applicable,998,Not Reported,0,No Underride or Override Noted,0,No Rollover,0,No Rollover,5,5 Clock Point,8,Not Reported,2,Towed Due to Disabling Damage,12,Motor Vehicle In-Transport,0,,0,,0,No or Not Reported,1,Yes,16,Idaho,83661,83661,6,Valid,1,Full Driver License,0,No (CDL),0,No Endorsements required for this vehicle,3,Valid license for this class vehicle,0,No Restrictions or Not Applicable,68,68,140,140 lbs.,0,,0,,0,,0,,0,,0,No Record,0,No Record,0,No Record,0,No Record,0,No,28,Improper Lane Usage,0,,0,,0,,1,"Two-Way, Not Divided",2,Two lanes,55,55 MPH,2,Curve Right,2,"Grade, Unknown Slope",2,"Blacktop, Bituminous, or Asphalt",2,Wet,0,No Controls,0,No Controls,14,Negotiating a Curve,10,Over the lane line on left side of travel lane,99,Unknown/Not Reported,1,Tracking,2,"Stayed on roadway, but left original travel lane",64,"I64-Same Trafficway, Opposite Direction-Angle, Sideswipe-Lateral Move (Left/Right)",1,0,No,777777777777,No Trailing Units,777777777777,No Trailing Units,777777777777,No Trailing Units
41,Oregon,410397,2,2,2,02,20,20,12,December,19,7:00pm-7:59pm,28,28,12,Motor Vehicle In-Transport,6,Angle,1,Motor Vehicle In-Transport (Inside or Outside the Trafficway),0,No,41,Oregon,1,Driver (in this crash) was  Registered Owner,48,Subaru,38,48038,Subaru Impreza,4,"4-door sedan, hardtop",2008,2008,JF1GE61678H5,JF1GE61678H5,J,F,1,G,E,6,1,6,7,8,H,5,0,No Trailing Units,0,Not an Articulated Vehicle,0,Not Applicable,000000000,Not Applicable,00000000000,Not Applicable,0,Not Applicable,0,Not Applicable,0,Not Applicable (N/A),1,No,0,Not Applicable,0,Not Applicable,0,Not Applicable,0,Not Applicable,0,Not a Bus,0,No Special Use,0,Not Applicable,998,Not Reported,0,No Underride or Override Noted,0,No Rollover,0,No Rollover,12,12 Clock Point,8,Not Reported,2,Towed Due to Disabling Damage,12,Motor Vehicle In-Transport,0,,0,,0,No or Not Reported,1,Yes,41,Oregon,97918,97918,6,Valid,1,Full Driver License,0,No (CDL),0,No Endorsements required for this vehicle,3,Valid license for this class vehicle,1,Restrictions Complied With,64,64,120,120 lbs.,0,,0,,0,,0,,0,,0,No Record,0,No Record,0,No Record,0,No Record,0,No,0,,0,,0,,0,,1,"Two-Way, Not Divided",2,Two lanes,55,55 MPH,3,Curve Left,2,"Grade, Unknown Slope",2,"Blacktop, Bituminous, or Asphalt",2,Wet,0,No Controls,0,No Controls,14,Negotiating a Curve,62,From opposite direction  over left lane line,99,Unknown/Not Reported,1,Tracking,1,Stayed in original travel lane,65,"I65-Same Trafficway, Opposite Direction-Angle, Sideswipe-Lateral Move (Going Straight)",0,0,No,777777777777,No Trailing Units,777777777777,No Trailing Units,777777777777,No Trailing Units
41,Oregon,410398,1,1,1,01,30,30,12,December,5,5:00am-5:59am,39,39,8,Pedestrian,0,Not a Collision with Motor Vehicle In-Transport,1,Motor Vehicle In-Transport (Inside or Outside the Trafficway),0,No,41,Oregon,2,Driver (in this crash) Not Registered Owner (Other Private Owner Listed),30,Volkswagen,47,30047,Volkswagen New Beetle,1,"Convertible(excludes sun-roof,t-bar)",2005,2005,3VWBM31Y85M3,3VWBM31Y85M3,3,V,W,B,M,3,1,Y,8,5,M,3,0,No Trailing Units,0,Not an Articulated Vehicle,0,Not Applicable,000000000,Not Applicable,00000000000,Not Applicable,0,Not Applicable,0,Not Applicable,0,Not Applicable (N/A),1,No,0,Not Applicable,0,Not Applicable,0,Not Applicable,0,Not Applicable,0,Not a Bus,0,No Special Use,0,Not Applicable,998,Not Reported,0,No Underride or Override Noted,0,No Rollover,0,No Rollover,12,12 Clock Point,8,Not Reported,8,Not Reported,8,Pedestrian,0,,0,,0,No or Not Reported,1,Yes,41,Oregon,97503,97503,6,Valid,1,Full Driver License,0,No (CDL),0,No Endorsements required for this vehicle,3,Valid license for this class vehicle,0,No Restrictions or Not Applicable,65,65,230,230 lbs.,0,,0,,0,,0,,0,,0,No Record,0,No Record,0,No Record,0,No Record,9,Unknown,99,Unknown,99,Unknown,99,Unknown,99,Unknown,1,"Two-Way, Not Divided",2,Two lanes,98,Not Reported,1,Straight,1,Level,2,"Blacktop, Bituminous, or Asphalt",98,Not Reported,0,No Controls,0,No Controls,1,Going Straight,80,Pedestrian in road,1,No Avoidance Maneuver,1,Tracking,1,Stayed in original travel lane,13,C13-Single Driver-Forward Impact-Pedestrian/ Animal,0,0,No,777777777777,No Trailing Units,777777777777,No Trailing Units,777777777777,No Trailing Units
41,Oregon,410399,1,1,2,02,29,29,6,June,17,5:00pm-5:59pm,21,21,1,Rollover/Overturn,0,Not a Collision with Motor Vehicle In-Transport,1,Motor Vehicle In-Transport (Inside or Outside the Trafficway),0,No,99,Unknown,9,Unknown,99,Unknown Make,499,99499,Unknown Make Unknown (light truck),39,Unknown (pickup style) light conventional truck type,9999,Unknown,999999999999,Unknown,9,9,9,9,9,9,9,9,9,9,9,9,0,No Trailing Units,0,Not an Articulated Vehicle,0,Not Applicable,000000000,Not Applicable,00000000000,Not Applicable,0,Not Applicable,0,Not Applicable,0,Not Applicable (N/A),1,No,0,Not Applicable,0,Not Applicable,0,Not Applicable,0,Not Applicable,0,Not a Bus,0,No Special Use,0,Not Applicable,998,Not Reported,0,No Underride or Override Noted,1,"Rollover, Tripped by Object/Vehicle",5,On Roadside,0,Non-Collision,8,Not Reported,8,Not Reported,1,Rollover/Overturn,0,,0,,0,No or Not Reported,1,Yes,41,Oregon,97844,97844,6,Valid,1,Full Driver License,0,No (CDL),0,No Endorsements required for this vehicle,3,Valid license for this class vehicle,3,"Restrictions, Compliance Unknown",66,66,135,135 lbs.,0,,2,2,0,,1,1,0,,1,January,2017,2017,6,June,2017,2017,9,Unknown,99,Unknown,99,Unknown,99,Unknown,99,Unknown,1,"Two-Way, Not Divided",2,Two lanes,98,Not Reported,1,Straight,1,Level,2,"Blacktop, Bituminous, or Asphalt",98,Not Reported,0,No Controls,0,No Controls,1,Going Straight,19,Unknown travel direction,99,Unknown/Not Reported,1,Tracking,4,Departed roadway,99,M99-Unknown,1,0,No,777777777777,No Trailing Units,777777777777,No Trailing Units,777777777777,No Trailing Units
41,Oregon,410400,1,1,2,02,24,24,8,August,12,12:00pm-12:59pm,0,0,42,Tree (Standing Only),0,Not a Collision with Motor Vehicle In-Transport,1,Motor Vehicle In-Transport (Inside or Outside the Trafficway),0,No,6,California,1,Driver (in this crash) was  Registered Owner,49,Toyota,40,49040,Toyota Camry,4,"4-door sedan, hardtop",9999,Unknown,4T1BE32K06U6,4T1BE32K06U6,4,T,1,B,E,3,2,K,0,6,U,6,0,No Trailing Units,0,Not an Articulated Vehicle,0,Not Applicable,000000000,Not Applicable,00000000000,Not Applicable,0,Not Applicable,0,Not Applicable,0,Not Applicable (N/A),1,No,0,Not Applicable,0,Not Applicable,0,Not Applicable,0,Not Applicable,0,Not a Bus,0,No Special Use,0,Not Applicable,998,Not Reported,0,No Underride or Override Noted,0,No Rollover,0,No Rollover,12,12 Clock Point,6,Disabling Damage,8,Not Reported,42,Tree (Standing Only),0,,0,,0,No or Not Reported,1,Yes,6,California,95991,95991,9,Unknown License Status,9,Unknown License Type,99,Unknown License Status,9,"Unknown, if required",9,Unknown,9,Unknown,999,Unknown,999,Unknown,99,Unknown,99,Unknown,99,Unknown,99,Unknown,99,Unknown,99,Unknown,9999,Unknown,99,Unknown,9999,Unknown,9,Unknown,28,Improper Lane Usage,0,,0,,0,,1,"Two-Way, Not Divided",2,Two lanes,98,Not Reported,3,Curve Left,1,Level,2,"Blacktop, Bituminous, or Asphalt",98,Not Reported,0,No Controls,0,No Controls,14,Negotiating a Curve,19,Unknown travel direction,99,Unknown/Not Reported,1,Tracking,4,Departed roadway,99,M99-Unknown,1,0,No,777777777777,No Trailing Units,777777777777,No Trailing Units,777777777777,No Trailing Units
41,Oregon,410401,1,1,1,01,25,25,8,August,15,3:00pm-3:59pm,45,45,8,Pedestrian,0,Not a Collision with Motor Vehicle In-Transport,1,Motor Vehicle In-Transport (Inside or Outside the Trafficway),0,No,41,Oregon,1,Driver (in this crash) was  Registered Owner,48,Subaru,34,48034,Subaru Legacy/Outback(prior to 2003 only; see 045 for 2003 on),6,Station Wagon (excluding van and truck based),1999,1999,4S3BK4354X73,4S3BK4354X73,4,S,3,B,K,4,3,5,4,X,7,3,0,No Trailing Units,0,Not an Articulated Vehicle,0,Not Applicable,000000000,Not Applicable,00000000000,Not Applicable,0,Not Applicable,0,Not Applicable,0,Not Applicable (N/A),1,No,0,Not Applicable,0,Not Applicable,0,Not Applicable,0,Not Applicable,0,Not a Bus,0,No Special Use,0,Not Applicable,998,Not Reported,0,No Underride or Override Noted,0,No Rollover,0,No Rollover,12,12 Clock Point,8,Not Reported,8,Not Reported,8,Pedestrian,0,,0,,0,No or Not Reported,1,Yes,41,Oregon,97394,97394,6,Valid,1,Full Driver License,0,No (CDL),0,No Endorsements required for this vehicle,3,Valid license for this class vehicle,1,Restrictions Complied With,66,66,217,217 lbs.,0,,0,,0,,0,,0,,0,No Record,0,No Record,0,No Record,0,No Record,9,Unknown,99,Unknown,99,Unknown,99,Unknown,99,Unknown,1,"Two-Way, Not Divided",2,Two lanes,98,Not Reported,1,Straight,1,Level,2,"Blacktop, Bituminous, or Asphalt",98,Not Reported,0,No Controls,0,No Controls,1,Going Straight,80,Pedestrian in road,99,Unknown/Not Reported,1,Tracking,1,Stayed in original travel lane,13,C13-Single Driver-Forward Impact-Pedestrian/ Animal,0,0,No,777777777777,No Trailing Units,777777777777,No Trailing Units,777777777777,No Trailing Units
41,Oregon,410402,1,1,2,02,7,7,10,October,1,1:00am-1:59am,39,39,42,Tree (Standing Only),0,Not a Collision with Motor Vehicle In-Transport,1,Motor Vehicle In-Transport (Inside or Outside the Trafficway),0,No,41,Oregon,1,Driver (in this crash) was  Registered Owner,7,Dodge,482,7482,Dodge Ram Pickup,34,Light Pickup,2005,2005,1D7HA18D75J5,1D7HA18D75J5,1,D,7,H,A,1,8,D,7,5,J,5,1,One Trailing Unit,1,No,0,Not Applicable,000000000,Not Applicable,00000000000,Not Applicable,0,Not Applicable,0,Not Applicable,0,Not Applicable (N/A),1,No,0,Not Applicable,0,Not Applicable,0,Not Applicable,0,Not Applicable,0,Not a Bus,0,No Special Use,0,Not Applicable,998,Not Reported,0,No Underride or Override Noted,0,No Rollover,0,No Rollover,61,Left,6,Disabling Damage,2,Towed Due to Disabling Damage,42,Tree (Standing Only),0,,0,,0,No or Not Reported,1,Yes,41,Oregon,97338,97338,6,Valid,1,Full Driver License,0,No (CDL),0,No Endorsements required for this vehicle,3,Valid license for this class vehicle,0,No Restrictions or Not Applicable,73,73,250,250 lbs.,0,,0,,0,,3,3,0,,7,July,2014,2014,4,April,2017,2017,4,"Yes, Too Fast for Conditions",0,,0,,0,,0,,1,"Two-Way, Not Divided",2,Two lanes,55,55 MPH,3,Curve Left,8,Not Reported,2,"Blacktop, Bituminous, or Asphalt",98,Not Reported,0,No Controls,0,No Controls,14,Negotiating a Curve,12,Off the edge of the road on the left side,99,Unknown/Not Reported,5,"Skidding Laterally, Rotation Direction Unknown",4,Departed roadway,7,B7-Single Driver-Left Roadside Departure-Control/Traction Loss,1,1,Yes,999999999999,Unknown,777777777777,No Trailing Units,777777777777,No Trailing Units
41,Oregon,410403,1,1,2,02,29,29,10,October,3,3:00am-3:59am,58,58,14,Parked Motor Vehicle,0,Not a Collision with Motor Vehicle In-Transport,1,Motor Vehicle In-Transport (Inside or Outside the Trafficway),0,No,41,Oregon,1,Driver (in this crash) was  Registered Owner,12,Ford,3,12003,Ford Mustang/Mustang II,1,"Convertible(excludes sun-roof,t-bar)",2013,2013,1ZVBP8EM9D52,1ZVBP8EM9D52,1,Z,V,B,P,8,E,M,9,D,5,2,0,No Trailing Units,0,Not an Articulated Vehicle,0,Not Applicable,000000000,Not Applicable,00000000000,Not Applicable,0,Not Applicable,0,Not Applicable,0,Not Applicable (N/A),1,No,0,Not Applicable,0,Not Applicable,0,Not Applicable,0,Not Applicable,0,Not a Bus,0,No Special Use,0,Not Applicable,998,Not Reported,0,No Underride or Override Noted,0,No Rollover,0,No Rollover,12,12 Clock Point,6,Disabling Damage,2,Towed Due to Disabling Damage,14,Parked Motor Vehicle,0,,0,,0,No or Not Reported,1,Yes,41,Oregon,97301,97301,6,Valid,1,Full Driver License,0,No (CDL),0,No Endorsements required for this vehicle,3,Valid license for this class vehicle,0,No Restrictions or Not Applicable,70,70,210,210 lbs.,1,1,0,,0,,0,,1,1,4,April,2013,2013,4,April,2017,2017,0,No,0,,0,,0,,0,,3,"Two-Way,  Divided, Positive  Median Barrier",2,Two lanes,65,65 MPH,1,Straight,1,Level,2,"Blacktop, Bituminous, or Asphalt",1,Dry,0,No Controls,0,No Controls,1,Going Straight,13,Off the edge of the road on the right side,99,Unknown/Not Reported,1,Tracking,4,Departed roadway,1,A1-Single Driver-Right Roadside Departure-Drive Off Road,1,1,Yes,777777777777,No Trailing Units,777777777777,No Trailing Units,777777777777,No Trailing Units
41,Oregon,410404,1,1,99,Unknown,9,9,11,November,3,3:00am-3:59am,6,6,8,Pedestrian,0,Not a Collision with Motor Vehicle In-Transport,1,Motor Vehicle In-Transport (Inside or Outside the Trafficway),1,Yes,99,Unknown,9,Unknown,99,Unknown Make,999,99999,"Unknown Make Unknown (as to automobile, motored cycle, light truck or truck)",99,Unknown body type,9999,Unknown,999999999999,Unknown,9,9,9,9,9,9,9,9,9,9,9,9,0,No Trailing Units,0,Not an Articulated Vehicle,0,Not Applicable,000000000,Not Applicable,00000000000,Not Applicable,0,Not Applicable,0,Not Applicable,0,Not Applicable (N/A),1,No,0,Not Applicable,0,Not Applicable,0,Not Applicable,0,Not Applicable,0,Not a Bus,0,No Special Use,0,Not Applicable,998,Not Reported,0,No Underride or Override Noted,0,No Rollover,0,No Rollover,98,Not Reported,9,Unknown,8,Not Reported,8,Pedestrian,0,,0,,0,No or Not Reported,1,Yes,99,Unknown,99999,Unknown,9,Unknown License Status,9,Unknown License Type,99,Unknown License Status,9,"Unknown, if required",9,Unknown,9,Unknown,999,Unknown,999,Unknown,99,Unknown,99,Unknown,99,Unknown,99,Unknown,99,Unknown,99,Unknown,9999,Unknown,99,Unknown,9999,Unknown,9,Unknown,99,Unknown,99,Unknown,99,Unknown,99,Unknown,3,"Two-Way,  Divided, Positive  Median Barrier",2,Two lanes,98,Not Reported,1,Straight,1,Level,2,"Blacktop, Bituminous, or Asphalt",98,Not Reported,0,No Controls,0,No Controls,1,Going Straight,80,Pedestrian in road,99,Unknown/Not Reported,1,Tracking,1,Stayed in original travel lane,13,C13-Single Driver-Forward Impact-Pedestrian/ Animal,0,0,No,777777777777,No Trailing Units,777777777777,No Trailing Units,777777777777,No Trailing Units
41,Oregon,410405,1,1,99,Unknown,17,17,11,November,99,Unknown Hours,99,Unknown Minutes,8,Pedestrian,0,Not a Collision with Motor Vehicle In-Transport,1,Motor Vehicle In-Transport (Inside or Outside the Trafficway),1,Yes,99,Unknown,9,Unknown,99,Unknown Make,999,99999,"Unknown Make Unknown (as to automobile, motored cycle, light truck or truck)",99,Unknown body type,9999,Unknown,999999999999,Unknown,9,9,9,9,9,9,9,9,9,9,9,9,0,No Trailing Units,0,Not an Articulated Vehicle,0,Not Applicable,000000000,Not Applicable,00000000000,Not Applicable,0,Not Applicable,0,Not Applicable,0,Not Applicable (N/A),1,No,0,Not Applicable,0,Not Applicable,0,Not Applicable,0,Not Applicable,0,Not a Bus,0,No Special Use,0,Not Applicable,998,Not Reported,0,No Underride or Override Noted,0,No Rollover,0,No Rollover,98,Not Reported,9,Unknown,8,Not Reported,8,Pedestrian,0,,0,,0,No or Not Reported,1,Yes,99,Unknown,99999,Unknown,9,Unknown License Status,9,Unknown License Type,99,Unknown License Status,9,"Unknown, if required",9,Unknown,9,Unknown,999,Unknown,999,Unknown,99,Unknown,99,Unknown,99,Unknown,99,Unknown,99,Unknown,99,Unknown,9999,Unknown,99,Unknown,9999,Unknown,9,Unknown,99,Unknown,99,Unknown,99,Unknown,99,Unknown,3,"Two-Way,  Divided, Positive  Median Barrier",2,Two lanes,98,Not Reported,1,Straight,1,Level,2,"Blacktop, Bituminous, or Asphalt",98,Not Reported,0,No Controls,0,No Controls,1,Going Straight,80,Pedestrian in road,99,Unknown/Not Reported,1,Tracking,1,Stayed in original travel lane,13,C13-Single Driver-Forward Impact-Pedestrian/ Animal,0,0,No,777777777777,No Trailing Units,777777777777,No Trailing Units,777777777777,No Trailing Units
41,Oregon,410406,1,2,4,04,23,23,11,November,19,7:00pm-7:59pm,59,59,12,Motor Vehicle In-Transport,6,Angle,1,Motor Vehicle In-Transport (Inside or Outside the Trafficway),0,No,41,Oregon,1,Driver (in this crash) was  Registered Owner,12,Ford,481,12481,Ford F-Series pickup,34,Light Pickup,2015,2015,1FTFW1EG9FFB,1FTFW1EG9FFB,1,F,T,F,W,1,E,G,9,F,F,B,0,No Trailing Units,0,Not an Articulated Vehicle,0,Not Applicable,000000000,Not Applicable,00000000000,Not Applicable,0,Not Applicable,0,Not Applicable,0,Not Applicable (N/A),1,No,0,Not Applicable,0,Not Applicable,0,Not Applicable,0,Not Applicable,0,Not a Bus,0,No Special Use,0,Not Applicable,998,Not Reported,0,No Underride or Override Noted,0,No Rollover,0,No Rollover,12,12 Clock Point,6,Disabling Damage,2,Towed Due to Disabling Damage,12,Motor Vehicle In-Transport,0,,0,,0,No or Not Reported,1,Yes,41,Oregon,97377,97377,6,Valid,1,Full Driver License,6,Valid,0,No Endorsements required for this vehicle,3,Valid license for this class vehicle,0,No Restrictions or Not Applicable,69,69,165,165 lbs.,0,,0,,0,,2,2,0,,10,October,2015,2015,2,February,2016,2016,9,Unknown,99,Unknown,99,Unknown,99,Unknown,99,Unknown,1,"Two-Way, Not Divided",2,Two lanes,98,Not Reported,1,Straight,1,Level,2,"Blacktop, Bituminous, or Asphalt",98,Not Reported,0,No Controls,0,No Controls,1,Going Straight,17,Crossing over (passing through) Junction,99,Unknown/Not Reported,1,Tracking,1,Stayed in original travel lane,88,L88-Intersecting Paths-Straight Paths-Striking from the Left,0,0,No,777777777777,No Trailing Units,777777777777,No Trailing Units,777777777777,No Trailing Units
41,Oregon,410406,2,2,1,01,23,23,11,November,19,7:00pm-7:59pm,59,59,12,Motor Vehicle In-Transport,6,Angle,1,Motor Vehicle In-Transport (Inside or Outside the Trafficway),0,No,41,Oregon,1,Driver (in this crash) was  Registered Owner,6,Chrysler,43,6043,Chrysler Sebring,1,"Convertible(excludes sun-roof,t-bar)",1997,1997,3C3EL45H3VT5,3C3EL45H3VT5,3,C,3,E,L,4,5,H,3,V,T,5,0,No Trailing Units,0,Not an Articulated Vehicle,0,Not Applicable,000000000,Not Applicable,00000000000,Not Applicable,0,Not Applicable,0,Not Applicable,0,Not Applicable (N/A),1,No,0,Not Applicable,0,Not Applicable,0,Not Applicable,0,Not Applicable,0,Not a Bus,0,No Special Use,0,Not Applicable,998,Not Reported,0,No Underride or Override Noted,0,No Rollover,0,No Rollover,10,10 Clock Point,8,Not Reported,8,Not Reported,12,Motor Vehicle In-Transport,0,,0,,0,No or Not Reported,1,Yes,41,Oregon,97111,97111,6,Valid,1,Full Driver License,0,No (CDL),0,No Endorsements required for this vehicle,3,Valid license for this class vehicle,0,No Restrictions or Not Applicable,66,66,220,220 lbs.,0,,0,,0,,0,,0,,0,No Record,0,No Record,0,No Record,0,No Record,9,Unknown,99,Unknown,99,Unknown,99,Unknown,99,Unknown,1,"Two-Way, Not Divided",2,Two lanes,98,Not Reported,1,Straight,1,Level,2,"Blacktop, Bituminous, or Asphalt",98,Not Reported,0,No Controls,0,No Controls,1,Going Straight,66,"From crossing street, across path",99,Unknown/Not Reported,1,Tracking,1,Stayed in original travel lane,89,L89-Intersecting Paths-Straight Paths-Struck on the left,1,0,No,777777777777,No Trailing Units,777777777777,No Trailing Units,777777777777,No Trailing Units
41,Oregon,410407,1,3,2,02,31,31,8,August,17,5:00pm-5:59pm,51,51,12,Motor Vehicle In-Transport,1,Front-to-Rear,1,Motor Vehicle In-Transport (Inside or Outside the Trafficway),0,No,41,Oregon,1,Driver (in this crash) was  Registered Owner,22,Pontiac,20,22020,Pontiac Grand Prix (FWD),4,"4-door sedan, hardtop",1998,1998,1G2WJ52M4WF2,1G2WJ52M4WF2,1,G,2,W,J,5,2,M,4,W,F,2,0,No Trailing Units,0,Not an Articulated Vehicle,0,Not Applicable,000000000,Not Applicable,00000000000,Not Applicable,0,Not Applicable,0,Not Applicable,0,Not Applicable (N/A),1,No,0,Not Applicable,0,Not Applicable,0,Not Applicable,0,Not Applicable,0,Not a Bus,0,No Special Use,0,Not Applicable,0,Stopped Motor Vehicle In- Transport,0,No Underride or Override Noted,0,No Rollover,0,No Rollover,6,6 Clock Point,6,Disabling Damage,2,Towed Due to Disabling Damage,12,Motor Vehicle In-Transport,0,,0,,1,Yes,1,Yes,41,Oregon,97456,97456,6,Valid,1,Full Driver License,0,No (CDL),0,No Endorsements required for this vehicle,3,Valid license for this class vehicle,1,Restrictions Complied With,71,71,185,185 lbs.,0,,0,,0,,0,,0,,0,No Record,0,No Record,0,No Record,0,No Record,0,No,0,,0,,0,,0,,1,"Two-Way, Not Divided",2,Two lanes,55,55 MPH,1,Straight,1,Level,2,"Blacktop, Bituminous, or Asphalt",1,Dry,0,No Controls,0,No Controls,5,Stopped in Roadway,53,Traveling in same direction with higher speed,99,Unknown/Not Reported,1,Tracking,1,Stayed in original travel lane,21,"D21-Same Trafficway, Same Direction-Rear End-Stopped, Straight",0,0,No,777777777777,No Trailing Units,777777777777,No Trailing Units,777777777777,No Trailing Units
41,Oregon,410407,2,3,3,03,31,31,8,August,17,5:00pm-5:59pm,51,51,12,Motor Vehicle In-Transport,1,Front-to-Rear,1,Motor Vehicle In-Transport (Inside or Outside the Trafficway),0,No,53,Washington,2,Driver (in this crash) Not Registered Owner (Other Private Owner Listed),51,Volvo,43,51043,"Volvo 70 Series (For XC70 for 2014 on, use model code 402)",4,"4-door sedan, hardtop",2004,2004,YV1SZ59H0411,YV1SZ59H0411,Y,V,1,S,Z,5,9,H,0,4,1,1,0,No Trailing Units,0,Not an Articulated Vehicle,0,Not Applicable,000000000,Not Applicable,00000000000,Not Applicable,0,Not Applicable,0,Not Applicable,0,Not Applicable (N/A),1,No,0,Not Applicable,0,Not Applicable,0,Not Applicable,0,Not Applicable,0,Not a Bus,0,No Special Use,0,Not Applicable,0,Stopped Motor Vehicle In- Transport,0,No Underride or Override Noted,0,No Rollover,0,No Rollover,6,6 Clock Point,6,Disabling Damage,2,Towed Due to Disabling Damage,12,Motor Vehicle In-Transport,0,,0,,1,Yes,1,Yes,41,Oregon,97404,97404,6,Valid,1,Full Driver License,0,No (CDL),0,No Endorsements required for this vehicle,3,Valid license for this class vehicle,1,Restrictions Complied With,64,64,120,120 lbs.,0,,0,,0,,0,,0,,0,No Record,0,No Record,0,No Record,0,No Record,0,No,0,,0,,0,,0,,1,"Two-Way, Not Divided",2,Two lanes,55,55 MPH,1,Straight,1,Level,2,"Blacktop, Bituminous, or Asphalt",1,Dry,0,No Controls,0,No Controls,5,Stopped in Roadway,53,Traveling in same direction with higher speed,99,Unknown/Not Reported,1,Tracking,1,Stayed in original travel lane,98,M98-Other Crash Type,0,0,No,777777777777,No Trailing Units,777777777777,No Trailing Units,777777777777,No Trailing Units
41,Oregon,410407,3,3,2,02,31,31,8,August,17,5:00pm-5:59pm,51,51,12,Motor Vehicle In-Transport,1,Front-to-Rear,1,Motor Vehicle In-Transport (Inside or Outside the Trafficway),0,No,41,Oregon,1,Driver (in this crash) was  Registered Owner,6,Chrysler,54,6054,Chrysler Pacifica (Passenger Cars),6,Station Wagon (excluding van and truck based),2006,2006,2A8GF78466R8,2A8GF78466R8,2,A,8,G,F,7,8,4,6,6,R,8,0,No Trailing Units,0,Not an Articulated Vehicle,0,Not Applicable,000000000,Not Applicable,00000000000,Not Applicable,0,Not Applicable,0,Not Applicable,0,Not Applicable (N/A),1,No,0,Not Applicable,0,Not Applicable,0,Not Applicable,0,Not Applicable,0,Not a Bus,0,No Special Use,0,Not Applicable,998,Not Reported,0,No Underride or Override Noted,0,No Rollover,0,No Rollover,12,12 Clock Point,6,Disabling Damage,2,Towed Due to Disabling Damage,12,Motor Vehicle In-Transport,0,,0,,1,Yes,1,Yes,41,Oregon,97402,97402,1,Suspended,1,Full Driver License,0,No (CDL),0,No Endorsements required for this vehicle,2,No valid license for this class vehicle,0,No Restrictions or Not Applicable,72,72,146,146 lbs.,0,,0,,0,,0,,0,,0,No Record,0,No Record,0,No Record,0,No Record,0,No,0,,0,,0,,0,,1,"Two-Way, Not Divided",2,Two lanes,55,55 MPH,1,Straight,1,Level,2,"Blacktop, Bituminous, or Asphalt",1,Dry,0,No Controls,0,No Controls,1,Going Straight,50,Other vehicle stopped,99,Unknown/Not Reported,1,Tracking,1,Stayed in original travel lane,20,"D20-Same Trafficway, Same Direction-Rear End-Stopped",1,0,No,777777777777,No Trailing Units,777777777777,No Trailing Units,777777777777,No Trailing Units
41,Oregon,410408,1,1,1,01,3,3,12,December,16,4:00pm-4:59pm,56,56,8,Pedestrian,0,Not a Collision with Motor Vehicle In-Transport,1,Motor Vehicle In-Transport (Inside or Outside the Trafficway),0,No,41,Oregon,1,Driver (in this crash) was  Registered Owner,41,Mazda,45,41045,Mazda Miata/MX-5,1,"Convertible(excludes sun-roof,t-bar)",1996,1996,JM1NA3533T07,JM1NA3533T07,J,M,1,N,A,3,5,3,3,T,0,7,0,No Trailing Units,0,Not an Articulated Vehicle,0,Not Applicable,000000000,Not Applicable,00000000000,Not Applicable,0,Not Applicable,0,Not Applicable,0,Not Applicable (N/A),1,No,0,Not Applicable,0,Not Applicable,0,Not Applicable,0,Not Applicable,0,Not a Bus,0,No Special Use,0,Not Applicable,998,Not Reported,0,No Underride or Override Noted,0,No Rollover,0,No Rollover,12,12 Clock Point,8,Not Reported,3,Towed Not Due to Disabling Damage,8,Pedestrian,0,,0,,0,No or Not Reported,1,Yes,41,Oregon,97086,97086,6,Valid,1,Full Driver License,0,No (CDL),0,No Endorsements required for this vehicle,3,Valid license for this class vehicle,0,No Restrictions or Not Applicable,69,69,139,139 lbs.,0,,0,,0,,0,,0,,0,No Record,0,No Record,0,No Record,0,No Record,9,Unknown,99,Unknown,99,Unknown,99,Unknown,99,Unknown,1,"Two-Way, Not Divided",3,Three lanes,45,45 MPH,1,Straight,2,"Grade, Unknown Slope",2,"Blacktop, Bituminous, or Asphalt",2,Wet,4,Flashing Traffic Control Signal,3,Device Functioning Properly,1,Going Straight,80,Pedestrian in road,99,Unknown/Not Reported,1,Tracking,1,Stayed in original travel lane,13,C13-Single Driver-Forward Impact-Pedestrian/ Animal,0,0,No,777777777777,No Trailing Units,777777777777,No Trailing Units,777777777777,No Trailing Units
41,Oregon,410409,1,1,1,01,23,23,9,September,23,11:00pm-11:59pm,48,48,31,"Post, Pole or Other Supports",0,Not a Collision with Motor Vehicle In-Transport,1,Motor Vehicle In-Transport (Inside or Outside the Trafficway),0,No,99,Unknown,9,Unknown,34,BMW,399,34399,BMW Unknown (automobile),9,Other or Unknown automobile type,1994,1994,999999999999,Unknown,9,9,9,9,9,9,9,9,9,9,9,9,0,No Trailing Units,0,Not an Articulated Vehicle,0,Not Applicable,000000000,Not Applicable,00000000000,Not Applicable,0,Not Applicable,0,Not Applicable,0,Not Applicable (N/A),1,No,0,Not Applicable,0,Not Applicable,0,Not Applicable,0,Not Applicable,0,Not a Bus,0,No Special Use,0,Not Applicable,998,Not Reported,0,No Underride or Override Noted,1,"Rollover, Tripped by Object/Vehicle",5,On Roadside,98,Not Reported,9,Unknown,5,Not Towed,1,Rollover/Overturn,0,,0,,0,No or Not Reported,1,Yes,99,Unknown,97230,97230,9,Unknown License Status,9,Unknown License Type,99,Unknown License Status,0,No Endorsements required for this vehicle,9,Unknown,9,Unknown,69,69,180,180 lbs.,99,Unknown,99,Unknown,99,Unknown,99,Unknown,99,Unknown,99,Unknown,9999,Unknown,99,Unknown,9999,Unknown,5,"Yes, Specifics Unknown",37,Police Pursuing this Driver or Police Officer in Pursuit,0,,0,,0,,5,"Two-Way, Not Divided With a Continuous Left-Turn Lane",5,Five lanes,98,Not Reported,1,Straight,1,Level,2,"Blacktop, Bituminous, or Asphalt",98,Not Reported,0,No Controls,0,No Controls,1,Going Straight,12,Off the edge of the road on the left side,99,Unknown/Not Reported,1,Tracking,4,Departed roadway,6,B6-Single Driver-Left Roadside Departure-Drive Off Road,1,0,No,777777777777,No Trailing Units,777777777777,No Trailing Units,777777777777,No Trailing Units
