STATE,STATENAME,ST_CASE,VE_TOTAL,VE_FORMS,PVH_INVL,PEDS,PERNOTMVIT,PERMVIT,PERSONS,COUNTY,COUNTYNAME,CITY,CITYNAME,DAY,DAYNAME,MONTH,MONTHNAME,YEAR,DAY_WEEK,DAY_WEEKNAME,HOUR,HOURNAME,MINUTE,MINUTENAME,NHS,NHSNAME,ROUTE,ROUTENAME,TWAY_ID,TWAY_ID2,RUR_URB,RUR_URBNAME,FUNC_SYS,FUNC_SYSNAME,RD_OWNER,RD_OWNERNAME,MILEPT,MILEPTNAME,LATITUDE,LATITUDENAME,LONGITUD,LONGITUDNAME,SP_JUR,SP_JURNAME,HARM_EV,HARM_EVNAME,MAN_COLL,MAN_COLLNAME,RELJCT1,RELJCT1NAME,RELJCT2,RELJCT2NAME,TYP_INT,TYP_INTNAME,WRK_ZONE,WRK_ZONENAME,REL_ROAD,REL_ROADNAME,LGT_COND,LGT_CONDNAME,WEATHER,WEATHERNAME,SCH_BUS,SCH_BUSNAME,RAIL,RAILNAME,NOT_HOUR,NOT_HOURNAME,NOT_MIN,NOT_MINNAME,ARR_HOUR,ARR_HOURNAME,ARR_MIN,ARR_MINNAME,HOSP_HR,HOSP_HRNAME,HOSP_MN,HOSP_MNNAME,FATALS,DRUNK_DR
41,Oregon,410001,1,1,0,0,0,2,2,41,LINCOLN (41),0,NOT APPLICABLE,3,3,1,January,2020,6,Friday,23,11:00pm-11:59pm,47,47,1,This section IS ON the NHS,2,U.S. Highway,US-20 ODOT 33,,1,Rural,3,Principal Arterial - Other,1,State Highway Agency,330,330,44.63463056,44.63463056,-123.94624167,-123.94624167,0,No Special Jurisdiction,24,Guardrail Face,0,The First Harmful Event was Not a Collision with a Motor Vehicle in Transport,0,No,1,Non-Junction,1,Not an Intersection,0,,4,On Roadside,2,Dark - Not Lighted,1,Clear,0,No,0000000,Not Applicable,11,11:00am-11:59am,47,47,12,12:00pm-12:59pm,10,10,99,Unknown,99,Unknown EMS Hospital Arrival Time,1,0
41,Oregon,410002,2,2,0,0,0,2,2,35,KLAMATH (35),0,NOT APPLICABLE,9,9,1,January,2020,5,Thursday,9,9:00am-9:59am,55,55,0,This section IS NOT on the NHS,2,U.S. Highway,US-97 ODOT 50,,1,Rural,5,Major Collector,1,State Highway Agency,210,210,42.01676944,42.01676944,-121.466925,-121.466925,0,No Special Jurisdiction,12,Motor Vehicle In-Transport,6,Angle,0,No,1,Non-Junction,1,Not an Intersection,0,,1,On Roadway,1,Daylight,1,Clear,0,No,0000000,Not Applicable,9,9:00am-9:59am,56,56,10,10:00am-10:59am,8,8,88,Not Applicable (Not Transported),88,Not Applicable (Not Transported),1,0
41,Oregon,410003,2,2,0,0,0,3,3,57,TILLAMOOK (57),0,NOT APPLICABLE,8,8,1,January,2020,4,Wednesday,6,6:00am-6:59am,49,49,0,This section IS NOT on the NHS,4,County Road,CR-MCCORMICK LOOP RD,,1,Rural,6,Minor Collector,2,County Highway Agency,16,16,45.43935833,45.43935833,-123.80119167,-123.80119167,0,No Special Jurisdiction,12,Motor Vehicle In-Transport,1,Front-to-Rear,0,No,1,Non-Junction,1,Not an Intersection,0,,1,On Roadway,2,Dark - Not Lighted,10,Cloudy,0,No,0000000,Not Applicable,6,6:00am-6:59am,49,49,7,7:00am-7:59am,6,6,99,Unknown,99,Unknown EMS Hospital Arrival Time,1,0
41,Oregon,410004,1,1,0,0,0,1,1,49,MORROW (49),0,NOT APPLICABLE,20,20,1,January,2020,2,Monday,6,6:00am-6:59am,1,1,0,This section IS NOT on the NHS,4,County Road,CR-BOMBING RANGE RD,,1,Rural,5,Major Collector,2,County Highway Agency,73,73,45.580075,45.580075,-119.60121667,-119.60121667,0,No Special Jurisdiction,1,Rollover/Overturn,0,The First Harmful Event was Not a Collision with a Motor Vehicle in Transport,0,No,1,Non-Junction,1,Not an Intersection,0,,4,On Roadside,2,Dark - Not Lighted,1,Clear,0,No,0000000,Not Applicable,6,6:00am-6:59am,4,4,6,6:00am-6:59am,33,33,88,Not Applicable (Not Transported),88,Not Applicable (Not Transported),1,0
41,Oregon,410005,2,2,0,0,0,2,2,47,MARION (47),0,NOT APPLICABLE,1,1,2,February,2020,7,Saturday,7,7:00am-7:59am,59,59,1,This section IS ON the NHS,1,Interstate,I-5,,2,Urban,1,Interstate,1,State Highway Agency,2508,2508,44.87403333,44.87403333,-123.00012778,-123.00012778,0,No Special Jurisdiction,12,Motor Vehicle In-Transport,1,Front-to-Rear,0,No,1,Non-Junction,1,Not an Intersection,0,,2,On Shoulder,1,Daylight,2,Rain,0,No,0000000,Not Applicable,7,7:00am-7:59am,59,59,8,8:00am-8:59am,5,5,88,Not Applicable (Not Transported),88,Not Applicable (Not Transported),1,0
41,Oregon,410006,1,1,0,0,0,1,1,21,GILLIAM (21),0,NOT APPLICABLE,4,4,2,February,2020,3,Tuesday,21,9:00pm-9:59pm,20,20,1,This section IS ON the NHS,1,Interstate,I-84,,1,Rural,1,Interstate,1,State Highway Agency,1494,1494,45.80058056,45.80058056,-119.99971944,-119.99971944,0,No Special Jurisdiction,1,Rollover/Overturn,0,The First Harmful Event was Not a Collision with a Motor Vehicle in Transport,0,No,1,Non-Junction,1,Not an Intersection,0,,4,On Roadside,2,Dark - Not Lighted,10,Cloudy,0,No,0000000,Not Applicable,9,9:00am-9:59am,22,22,99,Unknown EMS Scene Arrival Hour,97,Officially Cancelled,99,Unknown,97,Officially Canceled,1,1
41,Oregon,410007,2,2,0,0,0,2,2,51,MULTNOMAH (51),1650,PORTLAND,8,8,2,February,2020,7,Saturday,1,1:00am-1:59am,6,6,1,This section IS ON the NHS,1,Interstate,I-205,,2,Urban,1,Interstate,1,State Highway Agency,256,256,45.58489722,45.58489722,-122.54425833,-122.54425833,0,No Special Jurisdiction,12,Motor Vehicle In-Transport,1,Front-to-Rear,0,No,1,Non-Junction,1,Not an Intersection,0,,1,On Roadway,3,Dark - Lighted,2,Rain,0,No,0000000,Not Applicable,1,1:00am-1:59am,6,6,99,Unknown EMS Scene Arrival Hour,99,Unknown EMS Scene Arrival Minutes,88,Not Applicable (Not Transported),88,Not Applicable (Not Transported),1,1
41,Oregon,410008,2,2,0,0,0,2,2,39,LANE (39),0,NOT APPLICABLE,27,27,2,February,2020,5,Thursday,15,3:00pm-3:59pm,36,36,1,This section IS ON the NHS,3,State Highway,SR-26 ODOT 15,,1,Rural,3,Principal Arterial - Other,1,State Highway Agency,130,130,44.0687,44.0687,-122.80351111,-122.80351111,0,No Special Jurisdiction,12,Motor Vehicle In-Transport,6,Angle,0,No,1,Non-Junction,1,Not an Intersection,0,,1,On Roadway,1,Daylight,1,Clear,0,No,0000000,Not Applicable,15,3:00pm-3:59pm,36,36,15,3:00pm-3:59pm,42,42,88,Not Applicable (Not Transported),88,Not Applicable (Not Transported),1,1
41,Oregon,410009,1,1,0,0,0,1,1,5,CLACKAMAS (5),0,NOT APPLICABLE,29,29,2,February,2020,7,Saturday,0,0:00am-0:59am,8,8,0,This section IS NOT on the NHS,4,County Road,CR-SE EAGLE CREEK RD,,1,Rural,5,Major Collector,2,County Highway Agency,0,,45.35218056,45.35218056,-122.35058611,-122.35058611,0,No Special Jurisdiction,38,Fence,0,The First Harmful Event was Not a Collision with a Motor Vehicle in Transport,0,No,1,Non-Junction,1,Not an Intersection,0,,4,On Roadside,2,Dark - Not Lighted,10,Cloudy,0,No,0000000,Not Applicable,99,Unknown,99,Unknown,99,Unknown EMS Scene Arrival Hour,99,Unknown EMS Scene Arrival Minutes,88,Not Applicable (Not Transported),88,Not Applicable (Not Transported),1,1
41,Oregon,410010,1,1,0,0,0,1,1,67,WASHINGTON (67),1000,HILLSBORO,1,1,3,March,2020,1,Sunday,20,8:00pm-8:59pm,40,40,0,This section IS NOT on the NHS,6,Local Street - Municipality,NE 15TH AVE,,2,Urban,5,Major Collector,4,City or Municipal Highway Agency,0,,45.541425,45.541425,-122.966425,-122.966425,0,No Special Jurisdiction,33,Curb,0,The First Harmful Event was Not a Collision with a Motor Vehicle in Transport,0,No,1,Non-Junction,1,Not an Intersection,0,,4,On Roadside,3,Dark - Lighted,1,Clear,0,No,0000000,Not Applicable,20,8:00pm-8:59pm,40,40,20,8:00pm-8:59pm,43,43,88,Not Applicable (Not Transported),88,Not Applicable (Not Transported),1,1
41,Oregon,410011,1,1,0,0,0,1,1,21,GILLIAM (21),0,NOT APPLICABLE,2,2,3,March,2020,2,Monday,7,7:00am-7:59am,22,22,0,This section IS NOT on the NHS,4,County Road,CR-SNIPTION CANYON LN,,1,Rural,7,Local,2,County Highway Agency,20,20,45.21421389,45.21421389,-120.21648333,-120.21648333,0,No Special Jurisdiction,35,Embankment,0,The First Harmful Event was Not a Collision with a Motor Vehicle in Transport,0,No,1,Non-Junction,1,Not an Intersection,0,,4,On Roadside,2,Dark - Not Lighted,10,Cloudy,0,No,0000000,Not Applicable,7,7:00am-7:59am,28,28,7,7:00am-7:59am,35,35,88,Not Applicable (Not Transported),88,Not Applicable (Not Transported),1,1
41,Oregon,410012,1,1,0,1,1,2,2,51,MULTNOMAH (51),880,GRESHAM,14,14,1,January,2020,3,Tuesday,18,6:00pm-6:59pm,56,56,1,This section IS ON the NHS,6,Local Street - Municipality,NE SANDY BLVD,,2,Urban,3,Principal Arterial - Other,4,City or Municipal Highway Agency,0,,45.54477778,45.54477778,-122.45475833,-122.45475833,0,No Special Jurisdiction,8,Pedestrian,0,The First Harmful Event was Not a Collision with a Motor Vehicle in Transport,0,No,1,Non-Junction,1,Not an Intersection,0,,1,On Roadway,2,Dark - Not Lighted,2,Rain,0,No,0000000,Not Applicable,99,Unknown,99,Unknown,99,Unknown EMS Scene Arrival Hour,99,Unknown EMS Scene Arrival Minutes,99,Unknown,99,Unknown EMS Hospital Arrival Time,1,0
41,Oregon,410013,2,2,0,0,0,2,2,39,LANE (39),660,EUGENE,16,16,1,January,2020,5,Thursday,7,7:00am-7:59am,13,13,0,This section IS NOT on the NHS,6,Local Street - Municipality,W FIRST AVE,,2,Urban,5,Major Collector,4,City or Municipal Highway Agency,0,,44.05853056,44.05853056,-123.15364167,-123.15364167,0,No Special Jurisdiction,12,Motor Vehicle In-Transport,2,Front-to-Front,0,No,1,Non-Junction,1,Not an Intersection,0,,1,On Roadway,4,Dawn,1,Clear,0,No,0000000,Not Applicable,7,7:00am-7:59am,15,15,7,7:00am-7:59am,19,19,88,Not Applicable (Not Transported),88,Not Applicable (Not Transported),1,0
41,Oregon,410014,1,1,0,1,1,1,1,47,MARION (47),1810,SALEM,3,3,3,March,2020,3,Tuesday,23,11:00pm-11:59pm,25,25,0,This section IS NOT on the NHS,6,Local Street - Municipality,MCGILCHRIST ST SE,,2,Urban,4,Minor Arterial,4,City or Municipal Highway Agency,0,,44.91665556,44.91665556,-123.01681111,-123.01681111,0,No Special Jurisdiction,8,Pedestrian,0,The First Harmful Event was Not a Collision with a Motor Vehicle in Transport,0,No,1,Non-Junction,1,Not an Intersection,0,,2,On Shoulder,2,Dark - Not Lighted,1,Clear,0,No,0000000,Not Applicable,23,11:00pm-11:59pm,29,29,23,11:00pm-11:59pm,35,35,88,Not Applicable (Not Transported),88,Not Applicable (Not Transported),1,0
41,Oregon,410015,1,1,0,0,0,1,1,69,WHEELER (69),0,NOT APPLICABLE,11,11,3,March,2020,4,Wednesday,6,6:00am-6:59am,20,20,0,This section IS NOT on the NHS,3,State Highway,SR-19 ODOT 5,,1,Rural,4,Minor Arterial,1,State Highway Agency,899,899,44.82662778,44.82662778,-119.83374167,-119.83374167,0,No Special Jurisdiction,59,Traffic Sign Support,0,The First Harmful Event was Not a Collision with a Motor Vehicle in Transport,0,No,1,Non-Junction,1,Not an Intersection,0,,4,On Roadside,4,Dawn,1,Clear,0,No,0000000,Not Applicable,3,3:00am-3:59am,33,33,3,3:00am-3:59am,34,34,99,Unknown,99,Unknown EMS Hospital Arrival Time,1,0
41,Oregon,410016,1,1,0,1,1,1,1,39,LANE (39),690,FLORENCE,17,17,3,March,2020,3,Tuesday,15,3:00pm-3:59pm,27,27,1,This section IS ON the NHS,2,U.S. Highway,US-101 ODOT 9,SR-126 ODOT 62,2,Urban,3,Principal Arterial - Other,1,State Highway Agency,1902,1902,43.97459167,43.97459167,-124.10297778,-124.10297778,0,No Special Jurisdiction,9,Pedalcyclist,0,The First Harmful Event was Not a Collision with a Motor Vehicle in Transport,0,No,3,Intersection-Related,2,Four-Way Intersection,1,Construction,1,On Roadway,1,Daylight,1,Clear,0,No,0000000,Not Applicable,15,3:00pm-3:59pm,29,29,15,3:00pm-3:59pm,30,30,88,Not Applicable (Not Transported),88,Not Applicable (Not Transported),1,0
41,Oregon,410017,2,1,1,0,1,2,3,1,BAKER (1),0,NOT APPLICABLE,19,19,3,March,2020,5,Thursday,6,6:00am-6:59am,55,55,1,This section IS ON the NHS,1,Interstate,I-84,,1,Rural,1,Interstate,1,State Highway Agency,3420,3420,44.432275,44.432275,-117.31878056,-117.31878056,0,No Special Jurisdiction,38,Fence,0,The First Harmful Event was Not a Collision with a Motor Vehicle in Transport,0,No,1,Non-Junction,1,Not an Intersection,0,,4,On Roadside,4,Dawn,1,Clear,0,No,0000000,Not Applicable,7,7:00am-7:59am,0,0,7,7:00am-7:59am,20,20,99,Unknown,99,Unknown EMS Hospital Arrival Time,1,0
41,Oregon,410018,2,2,0,0,0,2,2,35,KLAMATH (35),0,NOT APPLICABLE,7,7,4,April,2020,3,Tuesday,19,7:00pm-7:59pm,37,37,1,This section IS ON the NHS,2,U.S. Highway,US-97 ODOT 4,,1,Rural,3,Principal Arterial - Other,1,State Highway Agency,2590,2590,42.42335,42.42335,-121.84998056,-121.84998056,0,No Special Jurisdiction,12,Motor Vehicle In-Transport,2,Front-to-Front,0,No,1,Non-Junction,1,Not an Intersection,0,,1,On Roadway,5,Dusk,1,Clear,0,No,0000000,Not Applicable,19,7:00pm-7:59pm,37,37,19,7:00pm-7:59pm,48,48,88,Not Applicable (Not Transported),88,Not Applicable (Not Transported),1,0
41,Oregon,410019,1,1,0,1,1,1,1,47,MARION (47),1810,SALEM,4,4,1,January,2020,7,Saturday,1,1:00am-1:59am,50,50,0,This section IS NOT on the NHS,6,Local Street - Municipality,HAWTHORNE AVE NE,,2,Urban,4,Minor Arterial,4,City or Municipal Highway Agency,0,,44.93848611,44.93848611,-122.99182778,-122.99182778,0,No Special Jurisdiction,15,Non-Motorist on Personal Conveyance,0,The First Harmful Event was Not a Collision with a Motor Vehicle in Transport,0,No,1,Non-Junction,1,Not an Intersection,0,,1,On Roadway,3,Dark - Lighted,1,Clear,0,No,0000000,Not Applicable,1,1:00am-1:59am,49,49,1,1:00am-1:59am,55,55,88,Not Applicable (Not Transported),88,Not Applicable (Not Transported),1,0
41,Oregon,410020,1,1,0,0,0,1,1,49,MORROW (49),0,NOT APPLICABLE,10,10,1,January,2020,6,Friday,18,6:00pm-6:59pm,18,18,0,This section IS NOT on the NHS,3,State Highway,SR-207 ODOT 320,,1,Rural,4,Minor Arterial,1,State Highway Agency,190,190,45.62101389,45.62101389,-119.43498889,-119.43498889,0,No Special Jurisdiction,1,Rollover/Overturn,0,The First Harmful Event was Not a Collision with a Motor Vehicle in Transport,0,No,1,Non-Junction,1,Not an Intersection,0,,1,On Roadway,2,Dark - Not Lighted,1,Clear,0,No,0000000,Not Applicable,6,6:00am-6:59am,22,22,6,6:00am-6:59am,33,33,88,Not Applicable (Not Transported),88,Not Applicable (Not Transported),1,1
41,Oregon,410021,1,1,0,1,1,1,1,11,COOS (11),0,NOT APPLICABLE,26,26,1,January,2020,1,Sunday,22,10:00pm-10:59pm,45,45,1,This section IS ON the NHS,2,U.S. Highway,US-101 ODOT 9,,1,Rural,3,Principal Arterial - Other,1,State Highway Agency,2783,2783,43.05531111,43.05531111,-124.41525556,-124.41525556,0,No Special Jurisdiction,8,Pedestrian,0,The First Harmful Event was Not a Collision with a Motor Vehicle in Transport,0,No,1,Non-Junction,1,Not an Intersection,0,,1,On Roadway,2,Dark - Not Lighted,2,Rain,0,No,0000000,Not Applicable,99,Unknown,99,Unknown,99,Unknown EMS Scene Arrival Hour,99,Unknown EMS Scene Arrival Minutes,88,Not Applicable (Not Transported),88,Not Applicable (Not Transported),1,1
41,Oregon,410022,2,2,0,0,0,5,5,17,DESCHUTES (17),190,BEND,31,31,1,January,2020,6,Friday,18,6:00pm-6:59pm,16,16,1,This section IS ON the NHS,2,U.S. Highway,US-20 ODOT 17,CR-COOLEY RD,2,Urban,3,Principal Arterial - Other,1,State Highway Agency,174,174,44.10921944,44.10921944,-121.31033889,-121.31033889,0,No Special Jurisdiction,12,Motor Vehicle In-Transport,6,Angle,0,No,2,Intersection,2,Four-Way Intersection,0,,1,On Roadway,2,Dark - Not Lighted,10,Cloudy,0,No,0000000,Not Applicable,18,6:00pm-6:59pm,16,16,18,6:00pm-6:59pm,22,22,99,Unknown,99,Unknown EMS Hospital Arrival Time,1,0
41,Oregon,410023,2,2,0,0,0,2,2,19,DOUGLAS (19),0,NOT APPLICABLE,20,20,3,March,2020,6,Friday,18,6:00pm-6:59pm,0,0,0,This section IS NOT on the NHS,3,State Highway,SR-138E ODOT 138,,1,Rural,4,Minor Arterial,1,State Highway Agency,77,77,43.24285,43.24285,-123.22397222,-123.22397222,0,No Special Jurisdiction,12,Motor Vehicle In-Transport,1,Front-to-Rear,0,No,1,Non-Junction,1,Not an Intersection,0,,1,On Roadway,1,Daylight,1,Clear,0,No,0000000,Not Applicable,99,Unknown,99,Unknown,99,Unknown EMS Scene Arrival Hour,99,Unknown EMS Scene Arrival Minutes,99,Unknown,99,Unknown EMS Hospital Arrival Time,2,0
41,Oregon,410024,6,6,0,0,0,8,8,51,MULTNOMAH (51),880,GRESHAM,24,24,3,March,2020,3,Tuesday,3,3:00am-3:59am,35,35,1,This section IS ON the NHS,1,Interstate,I-84,,2,Urban,1,Interstate,1,State Highway Agency,121,121,45.54057222,45.54057222,-122.462125,-122.462125,0,No Special Jurisdiction,12,Motor Vehicle In-Transport,1,Front-to-Rear,0,No,1,Non-Junction,1,Not an Intersection,0,,1,On Roadway,3,Dark - Lighted,2,Rain,0,No,0000000,Not Applicable,99,Unknown,99,Unknown,99,Unknown EMS Scene Arrival Hour,99,Unknown EMS Scene Arrival Minutes,88,Not Applicable (Not Transported),88,Not Applicable (Not Transported),2,1
41,Oregon,410025,2,2,0,0,0,4,4,39,LANE (39),0,NOT APPLICABLE,17,17,4,April,2020,6,Friday,17,5:00pm-5:59pm,35,35,0,This section IS NOT on the NHS,3,State Highway,SR-36 ODOT 229,,1,Rural,5,Major Collector,1,State Highway Agency,9,9,44.03173333,44.03173333,-123.85985,-123.85985,0,No Special Jurisdiction,24,Guardrail Face,0,The First Harmful Event was Not a Collision with a Motor Vehicle in Transport,0,No,1,Non-Junction,1,Not an Intersection,0,,4,On Roadside,1,Daylight,1,Clear,0,No,0000000,Not Applicable,17,5:00pm-5:59pm,41,41,17,5:00pm-5:59pm,56,56,99,Unknown,99,Unknown EMS Hospital Arrival Time,1,2
41,Oregon,410026,3,3,0,0,0,3,3,43,LINN (43),2030,SWEET HOME,16,16,4,April,2020,5,Thursday,19,7:00pm-7:59pm,52,52,1,This section IS ON the NHS,2,U.S. Highway,US-20 ODOT 16,1ST AVE,2,Urban,3,Principal Arterial - Other,1,State Highway Agency,267,267,44.40016111,44.40016111,-122.74235,-122.74235,0,No Special Jurisdiction,12,Motor Vehicle In-Transport,2,Front-to-Front,0,No,2,Intersection,2,Four-Way Intersection,0,,1,On Roadway,1,Daylight,1,Clear,0,No,0000000,Not Applicable,19,7:00pm-7:59pm,53,53,19,7:00pm-7:59pm,55,55,88,Not Applicable (Not Transported),88,Not Applicable (Not Transported),1,0
41,Oregon,410027,2,2,0,0,0,2,2,47,MARION (47),0,NOT APPLICABLE,16,16,4,April,2020,5,Thursday,6,6:00am-6:59am,57,57,0,This section IS NOT on the NHS,4,County Road,CR-EHLEN RD NE,,1,Rural,4,Minor Arterial,2,County Highway Agency,62,62,45.231125,45.231125,-122.79566389,-122.79566389,0,No Special Jurisdiction,12,Motor Vehicle In-Transport,1,Front-to-Rear,0,No,1,Non-Junction,1,Not an Intersection,0,,1,On Roadway,1,Daylight,1,Clear,0,No,0000000,Not Applicable,99,Unknown,99,Unknown,99,Unknown EMS Scene Arrival Hour,99,Unknown EMS Scene Arrival Minutes,88,Not Applicable (Not Transported),88,Not Applicable (Not Transported),1,0
41,Oregon,410028,1,1,0,0,0,1,1,29,JACKSON (29),0,NOT APPLICABLE,18,18,4,April,2020,7,Saturday,10,10:00am-10:59am,38,38,0,This section IS NOT on the NHS,4,County Road,CR-BUTTE FALLS PROSPECT RD,,1,Rural,5,Major Collector,2,County Highway Agency,9,9,42.545,42.545,-122.54370833,-122.54370833,0,No Special Jurisdiction,42,Tree (Standing Only),0,The First Harmful Event was Not a Collision with a Motor Vehicle in Transport,0,No,1,Non-Junction,1,Not an Intersection,0,,4,On Roadside,1,Daylight,1,Clear,0,No,0000000,Not Applicable,10,10:00am-10:59am,38,38,11,11:00am-11:59am,3,3,99,Unknown,99,Unknown EMS Hospital Arrival Time,1,0
41,Oregon,410029,1,1,0,1,1,1,1,5,CLACKAMAS (5),0,NOT APPLICABLE,4,4,3,March,2020,4,Wednesday,6,6:00am-6:59am,34,34,1,This section IS ON the NHS,3,State Highway,SR-22 ODOT 81,SE VINYARD RD,2,Urban,3,Principal Arterial - Other,1,State Highway Agency,87,87,45.40468889,45.40468889,-122.62322778,-122.62322778,0,No Special Jurisdiction,8,Pedestrian,0,The First Harmful Event was Not a Collision with a Motor Vehicle in Transport,0,No,3,Intersection-Related,2,Four-Way Intersection,0,,1,On Roadway,1,Daylight,10,Cloudy,0,No,0000000,Not Applicable,99,Unknown,99,Unknown,99,Unknown EMS Scene Arrival Hour,99,Unknown EMS Scene Arrival Minutes,99,Unknown,99,Unknown EMS Hospital Arrival Time,1,0
41,Oregon,410030,2,2,0,0,0,2,2,47,MARION (47),0,NOT APPLICABLE,18,18,4,April,2020,7,Saturday,9,9:00am-9:59am,40,40,1,This section IS ON the NHS,4,County Road,CR-CORDON RD NE,CR-CENTER ST NE,2,Urban,3,Principal Arterial - Other,2,County Highway Agency,18,18,44.93958889,44.93958889,-122.95936111,-122.95936111,0,No Special Jurisdiction,12,Motor Vehicle In-Transport,6,Angle,0,No,2,Intersection,2,Four-Way Intersection,0,,1,On Roadway,1,Daylight,2,Rain,0,No,0000000,Not Applicable,9,9:00am-9:59am,40,40,9,9:00am-9:59am,46,46,99,Unknown,99,Unknown EMS Hospital Arrival Time,1,0
41,Oregon,410031,2,2,0,0,0,2,2,5,CLACKAMAS (5),0,NOT APPLICABLE,20,20,4,April,2020,2,Monday,15,3:00pm-3:59pm,38,38,0,This section IS NOT on the NHS,4,County Road,CR-SE COALMAN RD,,1,Rural,6,Minor Collector,2,County Highway Agency,16,16,45.39515833,45.39515833,-122.2183,-122.2183,0,No Special Jurisdiction,12,Motor Vehicle In-Transport,2,Front-to-Front,0,No,1,Non-Junction,1,Not an Intersection,0,,1,On Roadway,1,Daylight,1,Clear,0,No,0000000,Not Applicable,99,Unknown,99,Unknown,99,Unknown EMS Scene Arrival Hour,99,Unknown EMS Scene Arrival Minutes,99,Unknown,99,Unknown EMS Hospital Arrival Time,1,0
41,Oregon,410032,1,1,0,0,0,1,1,39,LANE (39),0,NOT APPLICABLE,23,23,4,April,2020,5,Thursday,15,3:00pm-3:59pm,25,25,0,This section IS NOT on the NHS,4,County Road,CR-CEDAR FLAT TD,,1,Rural,7,Local,2,County Highway Agency,14,14,44.04249444,44.04249444,-122.84042222,-122.84042222,0,No Special Jurisdiction,42,Tree (Standing Only),0,The First Harmful Event was Not a Collision with a Motor Vehicle in Transport,0,No,1,Non-Junction,1,Not an Intersection,0,,4,On Roadside,1,Daylight,1,Clear,0,No,0000000,Not Applicable,99,Unknown,99,Unknown,99,Unknown EMS Scene Arrival Hour,99,Unknown EMS Scene Arrival Minutes,88,Not Applicable (Not Transported),88,Not Applicable (Not Transported),1,0
41,Oregon,410033,1,1,0,0,0,1,1,39,LANE (39),0,NOT APPLICABLE,30,30,4,April,2020,5,Thursday,16,4:00pm-4:59pm,56,56,0,This section IS NOT on the NHS,4,County Road,CR-HILLS CREEK RD,,1,Rural,7,Local,2,County Highway Agency,9,9,43.99479444,43.99479444,-122.88437778,-122.88437778,0,No Special Jurisdiction,38,Fence,0,The First Harmful Event was Not a Collision with a Motor Vehicle in Transport,0,No,1,Non-Junction,1,Not an Intersection,0,,4,On Roadside,1,Daylight,1,Clear,0,No,0000000,Not Applicable,16,4:00pm-4:59pm,54,54,17,5:00pm-5:59pm,0,0,99,Unknown,99,Unknown EMS Hospital Arrival Time,1,0
41,Oregon,410034,3,3,0,0,0,4,4,57,TILLAMOOK (57),0,NOT APPLICABLE,17,17,5,May,2020,1,Sunday,14,2:00pm-2:59pm,9,9,1,This section IS ON the NHS,2,U.S. Highway,US-101 ODOT 9,,2,Urban,3,Principal Arterial - Other,1,State Highway Agency,634,634,45.48972778,45.48972778,-123.84593056,-123.84593056,0,No Special Jurisdiction,12,Motor Vehicle In-Transport,2,Front-to-Front,0,No,1,Non-Junction,1,Not an Intersection,0,,1,On Roadway,1,Daylight,10,Cloudy,0,No,0000000,Not Applicable,14,2:00pm-2:59pm,9,9,14,2:00pm-2:59pm,18,18,99,Unknown,99,Unknown EMS Hospital Arrival Time,2,1
41,Oregon,410035,1,1,0,0,0,1,1,43,LINN (43),0,NOT APPLICABLE,19,19,5,May,2020,3,Tuesday,1,1:00am-1:59am,31,31,1,This section IS ON the NHS,1,Interstate,I-5,,1,Rural,1,Interstate,1,State Highway Agency,2187,2187,44.42014722,44.42014722,-123.06118611,-123.06118611,0,No Special Jurisdiction,24,Guardrail Face,0,The First Harmful Event was Not a Collision with a Motor Vehicle in Transport,0,No,1,Non-Junction,1,Not an Intersection,0,,4,On Roadside,2,Dark - Not Lighted,10,Cloudy,0,No,0000000,Not Applicable,1,1:00am-1:59am,31,31,1,1:00am-1:59am,41,41,88,Not Applicable (Not Transported),88,Not Applicable (Not Transported),1,0
41,Oregon,410036,1,1,0,0,0,4,4,41,LINCOLN (41),0,NOT APPLICABLE,21,21,5,May,2020,5,Thursday,8,8:00am-8:59am,7,7,0,This section IS NOT on the NHS,3,State Highway,SR-180 ODOT 180,,1,Rural,5,Major Collector,1,State Highway Agency,2,2,44.63761944,44.63761944,-123.77166111,-123.77166111,0,No Special Jurisdiction,35,Embankment,0,The First Harmful Event was Not a Collision with a Motor Vehicle in Transport,0,No,1,Non-Junction,1,Not an Intersection,0,,4,On Roadside,1,Daylight,10,Cloudy,0,No,0000000,Not Applicable,8,8:00am-8:59am,8,8,8,8:00am-8:59am,27,27,99,Unknown,99,Unknown EMS Hospital Arrival Time,3,0
41,Oregon,410037,1,1,0,1,1,1,1,5,CLACKAMAS (5),800,GLADSTONE,21,21,5,May,2020,5,Thursday,22,10:00pm-10:59pm,1,1,1,This section IS ON the NHS,3,State Highway,SR- 99E ODOT 81,,2,Urban,3,Principal Arterial - Other,1,State Highway Agency,109,109,45.37713333,45.37713333,-122.60227778,-122.60227778,0,No Special Jurisdiction,8,Pedestrian,0,The First Harmful Event was Not a Collision with a Motor Vehicle in Transport,0,No,1,Non-Junction,1,Not an Intersection,0,,1,On Roadway,2,Dark - Not Lighted,10,Cloudy,0,No,0000000,Not Applicable,22,10:00pm-10:59pm,1,1,22,10:00pm-10:59pm,5,5,88,Not Applicable (Not Transported),88,Not Applicable (Not Transported),1,0
41,Oregon,410038,2,2,0,0,0,4,4,43,LINN (43),0,NOT APPLICABLE,23,23,5,May,2020,7,Saturday,0,0:00am-0:59am,17,17,0,This section IS NOT on the NHS,3,State Highway,SR-228 ODOT 212,,1,Rural,4,Minor Arterial,1,State Highway Agency,105,105,44.37264444,44.37264444,-122.90028889,-122.90028889,0,No Special Jurisdiction,12,Motor Vehicle In-Transport,2,Front-to-Front,0,No,1,Non-Junction,1,Not an Intersection,0,,1,On Roadway,2,Dark - Not Lighted,1,Clear,0,No,0000000,Not Applicable,99,Unknown,99,Unknown,99,Unknown EMS Scene Arrival Hour,99,Unknown EMS Scene Arrival Minutes,99,Unknown,99,Unknown EMS Hospital Arrival Time,2,1
41,Oregon,410039,2,2,0,0,0,2,2,43,LINN (43),0,NOT APPLICABLE,24,24,5,May,2020,1,Sunday,1,1:00am-1:59am,29,29,1,This section IS ON the NHS,3,State Highway,SR-22E ODOT 162,,1,Rural,3,Principal Arterial - Other,1,State Highway Agency,645,645,44.64015556,44.64015556,-121.94358056,-121.94358056,0,No Special Jurisdiction,12,Motor Vehicle In-Transport,6,Angle,0,No,1,Non-Junction,1,Not an Intersection,0,,1,On Roadway,2,Dark - Not Lighted,1,Clear,0,No,0000000,Not Applicable,1,1:00am-1:59am,29,29,1,1:00am-1:59am,54,54,99,Unknown,99,Unknown EMS Hospital Arrival Time,1,1
41,Oregon,410040,1,1,0,0,0,1,1,53,POLK (53),0,NOT APPLICABLE,18,18,4,April,2020,7,Saturday,2,2:00am-2:59am,47,47,1,This section IS ON the NHS,3,State Highway,SR-18 ODOT 39,,1,Rural,3,Principal Arterial - Other,1,State Highway Agency,154,154,45.07162778,45.07162778,-123.71388056,-123.71388056,0,No Special Jurisdiction,42,Tree (Standing Only),0,The First Harmful Event was Not a Collision with a Motor Vehicle in Transport,0,No,1,Non-Junction,1,Not an Intersection,0,,4,On Roadside,2,Dark - Not Lighted,10,Cloudy,0,No,0000000,Not Applicable,2,2:00am-2:59am,47,47,3,3:00am-3:59am,7,7,88,Not Applicable (Not Transported),88,Not Applicable (Not Transported),1,0
41,Oregon,410041,1,1,0,0,0,1,1,41,LINCOLN (41),0,NOT APPLICABLE,27,27,4,April,2020,2,Monday,13,1:00pm-1:59pm,27,27,0,This section IS NOT on the NHS,3,State Highway,SR-34 ODOT 27,,1,Rural,4,Minor Arterial,1,State Highway Agency,111,111,44.40725278,44.40725278,-123.88931667,-123.88931667,0,No Special Jurisdiction,34,Ditch,0,The First Harmful Event was Not a Collision with a Motor Vehicle in Transport,0,No,1,Non-Junction,1,Not an Intersection,0,,4,On Roadside,1,Daylight,2,Rain,0,No,0000000,Not Applicable,13,1:00pm-1:59pm,26,26,13,1:00pm-1:59pm,41,41,88,Not Applicable (Not Transported),88,Not Applicable (Not Transported),1,0
41,Oregon,410042,1,1,0,1,1,1,1,39,LANE (39),0,NOT APPLICABLE,30,30,4,April,2020,5,Thursday,19,7:00pm-7:59pm,18,18,0,This section IS NOT on the NHS,4,County Road,CR-ROYAL AVE,,1,Rural,6,Minor Collector,2,County Highway Agency,43,43,44.07042778,44.07042778,-123.23029167,-123.23029167,0,No Special Jurisdiction,9,Pedalcyclist,0,The First Harmful Event was Not a Collision with a Motor Vehicle in Transport,0,No,1,Non-Junction,1,Not an Intersection,0,,2,On Shoulder,1,Daylight,1,Clear,0,No,0000000,Not Applicable,19,7:00pm-7:59pm,17,17,19,7:00pm-7:59pm,24,24,99,Unknown,99,Unknown EMS Hospital Arrival Time,1,0
41,Oregon,410043,2,2,0,0,0,2,2,23,GRANT (23),0,NOT APPLICABLE,2,2,5,May,2020,7,Saturday,16,4:00pm-4:59pm,23,23,1,This section IS ON the NHS,2,U.S. Highway,US-26 ODOT 5,,1,Rural,3,Principal Arterial - Other,1,State Highway Agency,1504,1504,44.41435556,44.41435556,-119.18348333,-119.18348333,0,No Special Jurisdiction,12,Motor Vehicle In-Transport,2,Front-to-Front,0,No,1,Non-Junction,1,Not an Intersection,0,,1,On Roadway,1,Daylight,1,Clear,0,No,0000000,Not Applicable,16,4:00pm-4:59pm,24,24,16,4:00pm-4:59pm,44,44,88,Not Applicable (Not Transported),88,Not Applicable (Not Transported),1,1
41,Oregon,410044,2,2,0,1,1,2,2,29,JACKSON (29),1310,MEDFORD,4,4,5,May,2020,2,Monday,0,0:00am-0:59am,21,21,1,This section IS ON the NHS,1,Interstate,I-5,,2,Urban,1,Interstate,1,State Highway Agency,294,294,42.33621111,42.33621111,-122.87201111,-122.87201111,0,No Special Jurisdiction,8,Pedestrian,0,The First Harmful Event was Not a Collision with a Motor Vehicle in Transport,0,No,1,Non-Junction,1,Not an Intersection,0,,1,On Roadway,2,Dark - Not Lighted,1,Clear,0,No,0000000,Not Applicable,0,0:00am-0:59am,21,21,0,0:00am-0:59am,28,28,88,Not Applicable (Not Transported),88,Not Applicable (Not Transported),1,0
41,Oregon,410045,3,3,0,0,0,4,4,55,SHERMAN (55),0,NOT APPLICABLE,7,7,5,May,2020,5,Thursday,19,7:00pm-7:59pm,10,10,1,This section IS ON the NHS,2,U.S. Highway,US-97 ODOT 4,,1,Rural,3,Principal Arterial - Other,1,State Highway Agency,466,466,45.11103333,45.11103333,-120.68673056,-120.68673056,0,No Special Jurisdiction,12,Motor Vehicle In-Transport,8,Sideswipe - Opposite Direction,0,No,1,Non-Junction,1,Not an Intersection,0,,1,On Roadway,1,Daylight,1,Clear,0,No,0000000,Not Applicable,19,7:00pm-7:59pm,10,10,19,7:00pm-7:59pm,30,30,88,Not Applicable (Not Transported),88,Not Applicable (Not Transported),1,0
41,Oregon,410046,1,1,0,0,0,1,1,35,KLAMATH (35),0,NOT APPLICABLE,9,9,5,May,2020,7,Saturday,23,11:00pm-11:59pm,18,18,0,This section IS NOT on the NHS,3,State Highway,SR-66 ODOT 21,,2,Urban,4,Minor Arterial,1,State Highway Agency,579,579,42.18763333,42.18763333,-121.81928056,-121.81928056,0,No Special Jurisdiction,42,Tree (Standing Only),0,The First Harmful Event was Not a Collision with a Motor Vehicle in Transport,0,No,1,Non-Junction,1,Not an Intersection,0,,4,On Roadside,2,Dark - Not Lighted,1,Clear,0,No,0000000,Not Applicable,11,11:00am-11:59am,20,20,11,11:00am-11:59am,28,28,88,Not Applicable (Not Transported),88,Not Applicable (Not Transported),1,1
41,Oregon,410047,1,1,0,0,0,1,1,19,DOUGLAS (19),0,NOT APPLICABLE,27,27,5,May,2020,4,Wednesday,15,3:00pm-3:59pm,50,50,0,This section IS NOT on the NHS,3,State Highway,SR-138E ODOT 138,,1,Rural,4,Minor Arterial,1,State Highway Agency,543,543,43.29950833,43.29950833,-122.493125,-122.493125,0,No Special Jurisdiction,24,Guardrail Face,0,The First Harmful Event was Not a Collision with a Motor Vehicle in Transport,0,No,1,Non-Junction,1,Not an Intersection,0,,4,On Roadside,1,Daylight,1,Clear,0,No,0000000,Not Applicable,99,Unknown,99,Unknown,99,Unknown EMS Scene Arrival Hour,99,Unknown EMS Scene Arrival Minutes,88,Not Applicable (Not Transported),88,Not Applicable (Not Transported),1,0
41,Oregon,410048,2,2,0,0,0,3,3,57,TILLAMOOK (57),0,NOT APPLICABLE,30,30,5,May,2020,7,Saturday,13,1:00pm-1:59pm,33,33,1,This section IS ON the NHS,2,U.S. Highway,US-101 ODOT 9,,1,Rural,3,Principal Arterial - Other,1,State Highway Agency,902,902,45.17895278,45.17895278,-123.92326944,-123.92326944,0,No Special Jurisdiction,12,Motor Vehicle In-Transport,2,Front-to-Front,0,No,1,Non-Junction,1,Not an Intersection,0,,1,On Roadway,1,Daylight,2,Rain,0,No,0000000,Not Applicable,13,1:00pm-1:59pm,34,34,13,1:00pm-1:59pm,48,48,99,Unknown,99,Unknown EMS Hospital Arrival Time,1,1
41,Oregon,410049,2,2,0,0,0,3,3,53,POLK (53),0,NOT APPLICABLE,4,4,6,June,2020,5,Thursday,1,1:00am-1:59am,28,28,1,This section IS ON the NHS,3,State Highway,SR-22W ODOT 30,,1,Rural,3,Principal Arterial - Other,1,State Highway Agency,204,204,44.93278889,44.93278889,-123.14953333,-123.14953333,0,No Special Jurisdiction,12,Motor Vehicle In-Transport,2,Front-to-Front,0,No,1,Non-Junction,1,Not an Intersection,0,,1,On Roadway,2,Dark - Not Lighted,1,Clear,0,No,0000000,Not Applicable,1,1:00am-1:59am,29,29,1,1:00am-1:59am,35,35,99,Unknown,99,Unknown EMS Hospital Arrival Time,1,0
41,Oregon,410050,1,1,0,0,0,1,1,43,LINN (43),20,ALBANY,6,6,6,June,2020,7,Saturday,17,5:00pm-5:59pm,40,40,1,This section IS ON the NHS,1,Interstate,I-5,,2,Urban,1,Interstate,1,State Highway Agency,2336,2336,44.63613889,44.63613889,-123.06249167,-123.06249167,0,No Special Jurisdiction,35,Embankment,0,The First Harmful Event was Not a Collision with a Motor Vehicle in Transport,0,No,1,Non-Junction,1,Not an Intersection,0,,4,On Roadside,1,Daylight,1,Clear,0,No,0000000,Not Applicable,17,5:00pm-5:59pm,40,40,17,5:00pm-5:59pm,45,45,88,Not Applicable (Not Transported),88,Not Applicable (Not Transported),1,0
41,Oregon,410051,1,1,0,0,0,2,2,41,LINCOLN (41),0,NOT APPLICABLE,13,13,5,May,2020,4,Wednesday,15,3:00pm-3:59pm,12,12,1,This section IS ON the NHS,2,U.S. Highway,US-20 ODOT 33,CR-ELK CITY RD,1,Rural,3,Principal Arterial - Other,1,State Highway Agency,156,156,44.66441944,44.66441944,-123.84899722,-123.84899722,0,No Special Jurisdiction,24,Guardrail Face,0,The First Harmful Event was Not a Collision with a Motor Vehicle in Transport,0,No,3,Intersection-Related,3,T-Intersection,0,,4,On Roadside,1,Daylight,2,Rain,0,No,0000000,Not Applicable,3,3:00am-3:59am,14,14,3,3:00am-3:59am,25,25,99,Unknown,99,Unknown EMS Hospital Arrival Time,1,0
41,Oregon,410052,1,1,0,1,1,1,1,43,LINN (43),2030,SWEET HOME,5,5,6,June,2020,6,Friday,10,10:00am-10:59am,4,4,0,This section IS NOT on the NHS,6,Local Street - Municipality,HAWTHORNE ST,12TH AVE,2,Urban,5,Major Collector,4,City or Municipal Highway Agency,0,,44.39363333,44.39363333,-122.72915,-122.72915,0,No Special Jurisdiction,8,Pedestrian,0,The First Harmful Event was Not a Collision with a Motor Vehicle in Transport,0,No,3,Intersection-Related,3,T-Intersection,0,,1,On Roadway,1,Daylight,10,Cloudy,0,No,0000000,Not Applicable,10,10:00am-10:59am,4,4,10,10:00am-10:59am,6,6,99,Unknown,99,Unknown EMS Hospital Arrival Time,1,0
41,Oregon,410053,2,2,0,0,0,2,2,47,MARION (47),0,NOT APPLICABLE,9,9,6,June,2020,3,Tuesday,17,5:00pm-5:59pm,7,7,0,This section IS NOT on the NHS,3,State Highway,SR-99E ODOT 81,,1,Rural,4,Minor Arterial,1,State Highway Agency,357,357,45.10830556,45.10830556,-122.88400833,-122.88400833,0,No Special Jurisdiction,12,Motor Vehicle In-Transport,2,Front-to-Front,0,No,1,Non-Junction,1,Not an Intersection,0,,1,On Roadway,1,Daylight,1,Clear,0,No,0000000,Not Applicable,17,5:00pm-5:59pm,7,7,17,5:00pm-5:59pm,18,18,88,Not Applicable (Not Transported),88,Not Applicable (Not Transported),1,1
41,Oregon,410054,2,2,0,0,0,3,3,17,DESCHUTES (17),0,NOT APPLICABLE,10,10,6,June,2020,4,Wednesday,4,4:00am-4:59am,0,0,1,This section IS ON the NHS,2,U.S. Highway,US-20 ODOT 7,,1,Rural,3,Principal Arterial - Other,1,State Highway Agency,528,528,43.75682778,43.75682778,-120.42673611,-120.42673611,0,No Special Jurisdiction,12,Motor Vehicle In-Transport,2,Front-to-Front,0,No,1,Non-Junction,1,Not an Intersection,0,,1,On Roadway,2,Dark - Not Lighted,5,"Fog, Smog, Smoke",0,No,0000000,Not Applicable,4,4:00am-4:59am,15,15,5,5:00am-5:59am,7,7,99,Unknown,99,Unknown EMS Hospital Arrival Time,2,0
41,Oregon,410055,1,1,0,0,0,1,1,11,COOS (11),0,NOT APPLICABLE,14,14,5,May,2020,5,Thursday,18,6:00pm-6:59pm,18,18,1,This section IS ON the NHS,2,U.S. Highway,US-101 ODOT 9,,1,Rural,3,Principal Arterial - Other,1,State Highway Agency,2521,2521,43.20576944,43.20576944,-124.30642778,-124.30642778,0,No Special Jurisdiction,24,Guardrail Face,0,The First Harmful Event was Not a Collision with a Motor Vehicle in Transport,0,No,1,Non-Junction,1,Not an Intersection,0,,4,On Roadside,1,Daylight,1,Clear,0,No,0000000,Not Applicable,18,6:00pm-6:59pm,18,18,18,6:00pm-6:59pm,30,30,88,Not Applicable (Not Transported),88,Not Applicable (Not Transported),1,0
41,Oregon,410056,2,2,0,0,0,2,2,41,LINCOLN (41),0,NOT APPLICABLE,18,18,5,May,2020,2,Monday,10,10:00am-10:59am,30,30,1,This section IS ON the NHS,2,U.S. Highway,US-20 ODOT 33,,1,Rural,3,Principal Arterial - Other,1,State Highway Agency,100,100,44.67680833,44.67680833,-123.88168056,-123.88168056,0,No Special Jurisdiction,12,Motor Vehicle In-Transport,6,Angle,0,No,1,Non-Junction,1,Not an Intersection,0,,1,On Roadway,1,Daylight,2,Rain,0,No,0000000,Not Applicable,10,10:00am-10:59am,49,49,11,11:00am-11:59am,0,0,88,Not Applicable (Not Transported),88,Not Applicable (Not Transported),1,0
41,Oregon,410057,2,2,0,0,0,2,2,43,LINN (43),0,NOT APPLICABLE,19,19,5,May,2020,3,Tuesday,16,4:00pm-4:59pm,15,15,0,This section IS NOT on the NHS,3,State Highway,SR-99 ODOT 81,,1,Rural,4,Minor Arterial,1,State Highway Agency,260,260,44.29619722,44.29619722,-123.145875,-123.145875,0,No Special Jurisdiction,12,Motor Vehicle In-Transport,2,Front-to-Front,0,No,1,Non-Junction,1,Not an Intersection,0,,1,On Roadway,1,Daylight,10,Cloudy,0,No,0000000,Not Applicable,16,4:00pm-4:59pm,22,22,16,4:00pm-4:59pm,38,38,99,Unknown,99,Unknown EMS Hospital Arrival Time,1,0
41,Oregon,410058,2,2,0,0,0,3,3,19,DOUGLAS (19),0,NOT APPLICABLE,13,13,6,June,2020,7,Saturday,19,7:00pm-7:59pm,21,21,1,This section IS ON the NHS,2,U.S. Highway,US-101 ODOT 9,,1,Rural,3,Principal Arterial - Other,1,State Highway Agency,2075,2075,43.75354167,43.75354167,-124.12635278,-124.12635278,0,No Special Jurisdiction,12,Motor Vehicle In-Transport,6,Angle,0,No,1,Non-Junction,1,Not an Intersection,0,,1,On Roadway,1,Daylight,10,Cloudy,0,No,0000000,Not Applicable,19,7:00pm-7:59pm,22,22,19,7:00pm-7:59pm,29,29,99,Unknown,99,Unknown EMS Hospital Arrival Time,1,1
41,Oregon,410059,2,2,0,0,0,7,7,17,DESCHUTES (17),0,NOT APPLICABLE,14,14,6,June,2020,1,Sunday,14,2:00pm-2:59pm,42,42,1,This section IS ON the NHS,2,U.S. Highway,US-20 ODOT 7,POWELL BUTTE HWY,1,Rural,3,Principal Arterial - Other,1,State Highway Agency,47,47,44.05789167,44.05789167,-121.21935833,-121.21935833,0,No Special Jurisdiction,12,Motor Vehicle In-Transport,1,Front-to-Rear,0,No,3,Intersection-Related,3,T-Intersection,0,,1,On Roadway,1,Daylight,1,Clear,0,No,0000000,Not Applicable,14,2:00pm-2:59pm,50,50,14,2:00pm-2:59pm,54,54,99,Unknown,99,Unknown EMS Hospital Arrival Time,1,1
41,Oregon,410060,1,1,0,0,0,2,2,67,WASHINGTON (67),0,NOT APPLICABLE,20,20,6,June,2020,7,Saturday,23,11:00pm-11:59pm,23,23,0,This section IS NOT on the NHS,3,State Highway,SR-219 ODOT 140,,1,Rural,4,Minor Arterial,1,State Highway Agency,58,58,45.43929167,45.43929167,-122.97975556,-122.97975556,0,No Special Jurisdiction,34,Ditch,0,The First Harmful Event was Not a Collision with a Motor Vehicle in Transport,0,No,1,Non-Junction,1,Not an Intersection,0,,4,On Roadside,2,Dark - Not Lighted,1,Clear,0,No,0000000,Not Applicable,99,Unknown,99,Unknown,99,Unknown EMS Scene Arrival Hour,99,Unknown EMS Scene Arrival Minutes,99,Unknown,99,Unknown EMS Hospital Arrival Time,1,1
41,Oregon,410061,1,1,0,0,0,1,1,35,KLAMATH (35),0,NOT APPLICABLE,22,22,6,June,2020,2,Monday,18,6:00pm-6:59pm,9,9,1,This section IS ON the NHS,3,State Highway,SR-140 ODOT 20,,1,Rural,3,Principal Arterial - Other,1,State Highway Agency,121,121,42.19352778,42.19352778,-121.59575833,-121.59575833,0,No Special Jurisdiction,24,Guardrail Face,0,The First Harmful Event was Not a Collision with a Motor Vehicle in Transport,0,No,1,Non-Junction,1,Not an Intersection,0,,4,On Roadside,1,Daylight,1,Clear,0,No,0000000,Not Applicable,18,6:00pm-6:59pm,12,12,18,6:00pm-6:59pm,19,19,99,Unknown,99,Unknown EMS Hospital Arrival Time,1,0
41,Oregon,410062,2,2,0,0,0,3,3,59,UMATILLA (59),0,NOT APPLICABLE,1,1,1,January,2020,4,Wednesday,15,3:00pm-3:59pm,45,45,0,This section IS NOT on the NHS,3,State Highway,SR-207 ODOT 320,,1,Rural,4,Minor Arterial,1,State Highway Agency,215,215,45.647575,45.647575,-119.40666667,-119.40666667,0,No Special Jurisdiction,12,Motor Vehicle In-Transport,2,Front-to-Front,0,No,1,Non-Junction,1,Not an Intersection,0,,1,On Roadway,1,Daylight,1,Clear,0,No,0000000,Not Applicable,99,Unknown,99,Unknown,99,Unknown EMS Scene Arrival Hour,99,Unknown EMS Scene Arrival Minutes,99,Unknown,99,Unknown EMS Hospital Arrival Time,1,0
41,Oregon,410063,1,1,0,1,1,1,1,43,LINN (43),20,ALBANY,1,1,1,January,2020,4,Wednesday,18,6:00pm-6:59pm,0,0,1,This section IS ON the NHS,2,U.S. Highway,US-20 ODOT 16,WAVERLY ST SE,2,Urban,3,Principal Arterial - Other,1,State Highway Agency,0,,44.63212778,44.63212778,-123.07322778,-123.07322778,0,No Special Jurisdiction,8,Pedestrian,0,The First Harmful Event was Not a Collision with a Motor Vehicle in Transport,0,No,3,Intersection-Related,2,Four-Way Intersection,0,,1,On Roadway,3,Dark - Lighted,10,Cloudy,0,No,0000000,Not Applicable,18,6:00pm-6:59pm,23,23,18,6:00pm-6:59pm,28,28,99,Unknown,99,Unknown EMS Hospital Arrival Time,1,0
41,Oregon,410064,1,1,0,0,0,1,1,43,LINN (43),0,NOT APPLICABLE,7,7,1,January,2020,3,Tuesday,22,10:00pm-10:59pm,21,21,0,This section IS NOT on the NHS,4,County Road,CR-QUEEN AVE,,2,Urban,5,Major Collector,2,County Highway Agency,21,21,44.62002778,44.62002778,-123.12830556,-123.12830556,0,No Special Jurisdiction,53,Mail Box,0,The First Harmful Event was Not a Collision with a Motor Vehicle in Transport,0,No,1,Non-Junction,1,Not an Intersection,0,,4,On Roadside,2,Dark - Not Lighted,2,Rain,0,No,0000000,Not Applicable,22,10:00pm-10:59pm,21,21,22,10:00pm-10:59pm,29,29,88,Not Applicable (Not Transported),88,Not Applicable (Not Transported),1,0
41,Oregon,410065,1,1,0,1,1,1,1,51,MULTNOMAH (51),1650,PORTLAND,9,9,1,January,2020,5,Thursday,1,1:00am-1:59am,33,33,1,This section IS ON the NHS,1,Interstate,I-84,,2,Urban,1,Interstate,1,State Highway Agency,54,54,45.53131944,45.53131944,-122.57084722,-122.57084722,0,No Special Jurisdiction,8,Pedestrian,0,The First Harmful Event was Not a Collision with a Motor Vehicle in Transport,0,No,1,Non-Junction,1,Not an Intersection,0,,1,On Roadway,3,Dark - Lighted,10,Cloudy,0,No,0000000,Not Applicable,99,Unknown,99,Unknown,99,Unknown EMS Scene Arrival Hour,99,Unknown EMS Scene Arrival Minutes,88,Not Applicable (Not Transported),88,Not Applicable (Not Transported),1,0
41,Oregon,410066,1,1,0,0,0,1,1,17,DESCHUTES (17),0,NOT APPLICABLE,10,10,1,January,2020,6,Friday,19,7:00pm-7:59pm,13,13,0,This section IS NOT on the NHS,4,County Road,CR-TUMALO RESERVOIR RD,,1,Rural,6,Minor Collector,2,County Highway Agency,0,,44.13822222,44.13822222,-121.38411111,-121.38411111,0,No Special Jurisdiction,1,Rollover/Overturn,0,The First Harmful Event was Not a Collision with a Motor Vehicle in Transport,0,No,1,Non-Junction,1,Not an Intersection,0,,4,On Roadside,2,Dark - Not Lighted,4,Snow,0,No,0000000,Not Applicable,19,7:00pm-7:59pm,14,14,19,7:00pm-7:59pm,33,33,88,Not Applicable (Not Transported),88,Not Applicable (Not Transported),1,1
41,Oregon,410067,1,1,0,0,0,1,1,57,TILLAMOOK (57),0,NOT APPLICABLE,12,12,1,January,2020,1,Sunday,15,3:00pm-3:59pm,39,39,0,This section IS NOT on the NHS,4,County Road,CR-WHISKEY CREEK RD,,1,Rural,5,Major Collector,2,County Highway Agency,34,34,45.38644444,45.38644444,-123.94493056,-123.94493056,0,No Special Jurisdiction,42,Tree (Standing Only),0,The First Harmful Event was Not a Collision with a Motor Vehicle in Transport,0,No,1,Non-Junction,1,Not an Intersection,0,,5,Outside Trafficway,1,Daylight,10,Cloudy,0,No,0000000,Not Applicable,99,Unknown,99,Unknown,99,Unknown EMS Scene Arrival Hour,99,Unknown EMS Scene Arrival Minutes,88,Not Applicable (Not Transported),88,Not Applicable (Not Transported),1,1
41,Oregon,410068,1,1,0,1,1,1,1,13,CROOK (13),0,NOT APPLICABLE,16,16,1,January,2020,5,Thursday,20,8:00pm-8:59pm,25,25,0,This section IS NOT on the NHS,4,County Road,CR- GEORGE MILLICAN RD,,1,Rural,5,Major Collector,2,County Highway Agency,116,116,44.12021111,44.12021111,-120.91678611,-120.91678611,0,No Special Jurisdiction,8,Pedestrian,0,The First Harmful Event was Not a Collision with a Motor Vehicle in Transport,0,No,1,Non-Junction,1,Not an Intersection,0,,1,On Roadway,2,Dark - Not Lighted,4,Snow,0,No,0000000,Not Applicable,20,8:00pm-8:59pm,25,25,20,8:00pm-8:59pm,42,42,88,Not Applicable (Not Transported),88,Not Applicable (Not Transported),1,0
41,Oregon,410069,2,2,0,0,0,3,3,67,WASHINGTON (67),180,BEAVERTON,17,17,1,January,2020,6,Friday,20,8:00pm-8:59pm,11,11,1,This section IS ON the NHS,6,Local Street - Municipality,SW MURRAY BLVD,SW FARMINGTON RD,2,Urban,3,Principal Arterial - Other,4,City or Municipal Highway Agency,0,,45.48589722,45.48589722,-122.82625833,-122.82625833,0,No Special Jurisdiction,12,Motor Vehicle In-Transport,2,Front-to-Front,0,No,2,Intersection,2,Four-Way Intersection,0,,1,On Roadway,3,Dark - Lighted,2,Rain,0,No,0000000,Not Applicable,20,8:00pm-8:59pm,11,11,20,8:00pm-8:59pm,15,15,99,Unknown,99,Unknown EMS Hospital Arrival Time,1,0
41,Oregon,410070,2,2,0,0,0,2,2,51,MULTNOMAH (51),1650,PORTLAND,18,18,1,January,2020,7,Saturday,16,4:00pm-4:59pm,57,57,0,This section IS NOT on the NHS,6,Local Street - Municipality,NE 65TH AVE,NE SANDY BLVD,2,Urban,3,Principal Arterial - Other,4,City or Municipal Highway Agency,0,,45.54551667,45.54551667,-122.59631944,-122.59631944,0,No Special Jurisdiction,12,Motor Vehicle In-Transport,6,Angle,0,No,2,Intersection,2,Four-Way Intersection,0,,1,On Roadway,5,Dusk,2,Rain,0,No,0000000,Not Applicable,99,Unknown,99,Unknown,99,Unknown EMS Scene Arrival Hour,99,Unknown EMS Scene Arrival Minutes,99,Unknown,99,Unknown EMS Hospital Arrival Time,1,0
41,Oregon,410071,1,1,0,1,1,1,1,47,MARION (47),0,NOT APPLICABLE,18,18,1,January,2020,7,Saturday,22,10:00pm-10:59pm,20,20,1,This section IS ON the NHS,1,Interstate,I-5,,2,Urban,1,Interstate,1,State Highway Agency,2714,2714,45.14631111,45.14631111,-122.88526944,-122.88526944,0,No Special Jurisdiction,8,Pedestrian,0,The First Harmful Event was Not a Collision with a Motor Vehicle in Transport,0,No,1,Non-Junction,1,Not an Intersection,0,,1,On Roadway,2,Dark - Not Lighted,10,Cloudy,0,No,0000000,Not Applicable,22,10:00pm-10:59pm,20,20,22,10:00pm-10:59pm,34,34,99,Unknown,99,Unknown EMS Hospital Arrival Time,1,0
41,Oregon,410072,2,2,0,0,0,3,3,43,LINN (43),0,NOT APPLICABLE,23,23,1,January,2020,5,Thursday,16,4:00pm-4:59pm,12,12,0,This section IS NOT on the NHS,4,County Road,CR-KNOX BUTTE RD NE,CR-SCRAVEL HILL RD NE,2,Urban,4,Minor Arterial,2,County Highway Agency,17,17,44.64656944,44.64656944,-123.02579167,-123.02579167,0,No Special Jurisdiction,12,Motor Vehicle In-Transport,6,Angle,0,No,2,Intersection,2,Four-Way Intersection,0,,1,On Roadway,1,Daylight,10,Cloudy,0,No,0000000,Not Applicable,16,4:00pm-4:59pm,12,12,16,4:00pm-4:59pm,18,18,99,Unknown,99,Unknown EMS Hospital Arrival Time,2,0
41,Oregon,410073,1,1,0,0,0,1,1,15,CURRY (15),0,NOT APPLICABLE,17,17,2,February,2020,2,Monday,13,1:00pm-1:59pm,13,13,1,This section IS ON the NHS,2,U.S. Highway,US-101 ODOT 9,,1,Rural,3,Principal Arterial - Other,1,State Highway Agency,3229,3229,42.48058056,42.48058056,-124.41815278,-124.41815278,0,No Special Jurisdiction,42,Tree (Standing Only),0,The First Harmful Event was Not a Collision with a Motor Vehicle in Transport,0,No,1,Non-Junction,1,Not an Intersection,0,,4,On Roadside,9,Reported as Unknown,99,Reported as Unknown,0,No,0000000,Not Applicable,99,Unknown,99,Unknown,99,Unknown EMS Scene Arrival Hour,99,Unknown EMS Scene Arrival Minutes,88,Not Applicable (Not Transported),88,Not Applicable (Not Transported),1,1
41,Oregon,410074,2,2,0,0,0,3,3,51,MULTNOMAH (51),1650,PORTLAND,25,25,1,January,2020,7,Saturday,9,9:00am-9:59am,35,35,1,This section IS ON the NHS,3,State Highway,SR-30 ODOT 123,NE 105TH AVE,2,Urban,3,Principal Arterial - Other,1,State Highway Agency,116,116,45.55891667,45.55891667,-122.55471389,-122.55471389,0,No Special Jurisdiction,12,Motor Vehicle In-Transport,6,Angle,0,No,2,Intersection,2,Four-Way Intersection,0,,1,On Roadway,1,Daylight,10,Cloudy,0,No,0000000,Not Applicable,99,Unknown,99,Unknown,99,Unknown EMS Scene Arrival Hour,99,Unknown EMS Scene Arrival Minutes,88,Not Applicable (Not Transported),88,Not Applicable (Not Transported),1,1
41,Oregon,410075,1,1,0,0,0,1,1,19,DOUGLAS (19),0,NOT APPLICABLE,29,29,1,January,2020,4,Wednesday,15,3:00pm-3:59pm,55,55,1,This section IS ON the NHS,2,U.S. Highway,US-101 ODOT 9,,1,Rural,3,Principal Arterial - Other,1,State Highway Agency,2067,2067,43.76181944,43.76181944,-124.12396944,-124.12396944,0,No Special Jurisdiction,35,Embankment,0,The First Harmful Event was Not a Collision with a Motor Vehicle in Transport,0,No,1,Non-Junction,1,Not an Intersection,0,,4,On Roadside,1,Daylight,2,Rain,0,No,0000000,Not Applicable,15,3:00pm-3:59pm,56,56,16,4:00pm-4:59pm,4,4,99,Unknown,99,Unknown EMS Hospital Arrival Time,1,0
41,Oregon,410076,2,2,0,0,0,3,3,7,CLATSOP (7),0,NOT APPLICABLE,22,22,2,February,2020,7,Saturday,6,6:00am-6:59am,29,29,1,This section IS ON the NHS,2,U.S. Highway,US-30 ODOT 92,CR-OLD HWY 30,1,Rural,3,Principal Arterial - Other,1,State Highway Agency,820,820,46.16252778,46.16252778,-123.64751667,-123.64751667,0,No Special Jurisdiction,12,Motor Vehicle In-Transport,6,Angle,0,No,2,Intersection,3,T-Intersection,0,,1,On Roadway,3,Dark - Lighted,2,Rain,0,No,0000000,Not Applicable,6,6:00am-6:59am,4,4,6,6:00am-6:59am,36,36,88,Not Applicable (Not Transported),88,Not Applicable (Not Transported),1,0
41,Oregon,410077,1,1,0,0,0,1,1,29,JACKSON (29),0,NOT APPLICABLE,23,23,2,February,2020,1,Sunday,10,10:00am-10:59am,35,35,1,This section IS ON the NHS,1,Interstate,I-5,,2,Urban,1,Interstate,1,State Highway Agency,230,230,42.256225,42.256225,-122.78695,-122.78695,0,No Special Jurisdiction,1,Rollover/Overturn,0,The First Harmful Event was Not a Collision with a Motor Vehicle in Transport,0,No,1,Non-Junction,1,Not an Intersection,0,,1,On Roadway,1,Daylight,1,Clear,0,No,0000000,Not Applicable,10,10:00am-10:59am,39,39,10,10:00am-10:59am,45,45,88,Not Applicable (Not Transported),88,Not Applicable (Not Transported),1,0
41,Oregon,410078,1,1,0,1,1,1,1,17,DESCHUTES (17),0,NOT APPLICABLE,29,29,2,February,2020,7,Saturday,5,5:00am-5:59am,20,20,1,This section IS ON the NHS,2,U.S. Highway,US-20 ODOT 16,,1,Rural,3,Principal Arterial - Other,1,State Highway Agency,970,970,44.29439444,44.29439444,-121.558475,-121.558475,0,No Special Jurisdiction,8,Pedestrian,0,The First Harmful Event was Not a Collision with a Motor Vehicle in Transport,0,No,1,Non-Junction,1,Not an Intersection,0,,1,On Roadway,2,Dark - Not Lighted,10,Cloudy,0,No,0000000,Not Applicable,5,5:00am-5:59am,20,20,5,5:00am-5:59am,35,35,88,Not Applicable (Not Transported),88,Not Applicable (Not Transported),1,0
41,Oregon,410079,2,2,0,0,0,3,3,51,MULTNOMAH (51),1650,PORTLAND,29,29,2,February,2020,7,Saturday,18,6:00pm-6:59pm,20,20,1,This section IS ON the NHS,2,U.S. Highway,US-26 ODOT 26,SE 34TH AVE,2,Urban,3,Principal Arterial - Other,1,State Highway Agency,25,25,45.49683889,45.49683889,-122.6293,-122.6293,0,No Special Jurisdiction,12,Motor Vehicle In-Transport,6,Angle,0,No,2,Intersection,2,Four-Way Intersection,0,,1,On Roadway,3,Dark - Lighted,1,Clear,0,No,0000000,Not Applicable,18,6:00pm-6:59pm,19,19,18,6:00pm-6:59pm,21,21,88,Not Applicable (Not Transported),88,Not Applicable (Not Transported),1,0
41,Oregon,410080,1,1,0,0,0,1,1,17,DESCHUTES (17),0,NOT APPLICABLE,2,2,2,February,2020,1,Sunday,21,9:00pm-9:59pm,44,44,0,This section IS NOT on the NHS,4,County Road,CR-ALFALFA MARKET RD,,1,Rural,5,Major Collector,2,County Highway Agency,0,,44.07040833,44.07040833,-121.06754167,-121.06754167,0,No Special Jurisdiction,1,Rollover/Overturn,0,The First Harmful Event was Not a Collision with a Motor Vehicle in Transport,0,No,1,Non-Junction,1,Not an Intersection,0,,1,On Roadway,2,Dark - Not Lighted,10,Cloudy,0,No,0000000,Not Applicable,21,9:00pm-9:59pm,44,44,21,9:00pm-9:59pm,53,53,88,Not Applicable (Not Transported),88,Not Applicable (Not Transported),1,1
41,Oregon,410081,2,2,0,0,0,2,2,67,WASHINGTON (67),0,NOT APPLICABLE,5,5,2,February,2020,4,Wednesday,17,5:00pm-5:59pm,16,16,0,This section IS NOT on the NHS,4,County Road,CR-SW SCHOLLS FERRY RD,,1,Rural,4,Minor Arterial,2,County Highway Agency,0,,45.41869444,45.41869444,-122.88620556,-122.88620556,0,No Special Jurisdiction,12,Motor Vehicle In-Transport,6,Angle,0,No,1,Non-Junction,1,Not an Intersection,0,,1,On Roadway,5,Dusk,10,Cloudy,0,No,0000000,Not Applicable,17,5:00pm-5:59pm,20,20,17,5:00pm-5:59pm,30,30,99,Unknown,99,Unknown EMS Hospital Arrival Time,1,1
41,Oregon,410082,1,1,0,1,1,1,1,39,LANE (39),660,EUGENE,4,4,2,February,2020,3,Tuesday,20,8:00pm-8:59pm,42,42,1,This section IS ON the NHS,1,Interstate,I-105,,2,Urban,1,Interstate,1,State Highway Agency,21,21,44.06192222,44.06192222,-123.08184722,-123.08184722,0,No Special Jurisdiction,8,Pedestrian,0,The First Harmful Event was Not a Collision with a Motor Vehicle in Transport,0,No,1,Non-Junction,1,Not an Intersection,0,,1,On Roadway,2,Dark - Not Lighted,1,Clear,0,No,0000000,Not Applicable,20,8:00pm-8:59pm,48,48,20,8:00pm-8:59pm,55,55,88,Not Applicable (Not Transported),88,Not Applicable (Not Transported),1,0
41,Oregon,410083,2,2,0,0,0,2,2,7,CLATSOP (7),0,NOT APPLICABLE,6,6,2,February,2020,5,Thursday,11,11:00am-11:59am,18,18,1,This section IS ON the NHS,2,U.S. Highway,US-30 ODOT 92,,1,Rural,3,Principal Arterial - Other,1,State Highway Agency,921,921,46.16539722,46.16539722,-123.74684167,-123.74684167,0,No Special Jurisdiction,12,Motor Vehicle In-Transport,2,Front-to-Front,0,No,1,Non-Junction,1,Not an Intersection,0,,1,On Roadway,1,Daylight,2,Rain,0,No,0000000,Not Applicable,11,11:00am-11:59am,18,18,11,11:00am-11:59am,18,18,88,Not Applicable (Not Transported),88,Not Applicable (Not Transported),1,0
41,Oregon,410084,1,1,0,0,0,2,2,39,LANE (39),0,NOT APPLICABLE,8,8,2,February,2020,7,Saturday,15,3:00pm-3:59pm,0,0,0,This section IS NOT on the NHS,4,County Road,CR-PENGRA RD,,1,Rural,5,Major Collector,2,County Highway Agency,0,,43.957125,43.957125,-122.84282222,-122.84282222,0,No Special Jurisdiction,42,Tree (Standing Only),0,The First Harmful Event was Not a Collision with a Motor Vehicle in Transport,0,No,1,Non-Junction,1,Not an Intersection,0,,4,On Roadside,1,Daylight,2,Rain,0,No,0000000,Not Applicable,15,3:00pm-3:59pm,0,0,15,3:00pm-3:59pm,19,19,88,Not Applicable (Not Transported),88,Not Applicable (Not Transported),2,1
41,Oregon,410085,1,1,0,0,0,1,1,69,WHEELER (69),0,NOT APPLICABLE,10,10,6,June,2020,4,Wednesday,15,3:00pm-3:59pm,46,46,0,This section IS NOT on the NHS,3,State Highway,SR-207 ODOT 390,,1,Rural,5,Major Collector,1,State Highway Agency,189,189,44.62358333,44.62358333,-120.11650556,-120.11650556,0,No Special Jurisdiction,35,Embankment,0,The First Harmful Event was Not a Collision with a Motor Vehicle in Transport,0,No,1,Non-Junction,1,Not an Intersection,0,,4,On Roadside,1,Daylight,1,Clear,0,No,0000000,Not Applicable,15,3:00pm-3:59pm,52,52,16,4:00pm-4:59pm,35,35,88,Not Applicable (Not Transported),88,Not Applicable (Not Transported),1,0
41,Oregon,410086,2,2,0,0,0,3,3,65,WASCO (65),0,NOT APPLICABLE,29,29,6,June,2020,2,Monday,11,11:00am-11:59am,40,40,1,This section IS ON the NHS,2,U.S. Highway,US-26 ODOT 53,,1,Rural,3,Principal Arterial - Other,1,State Highway Agency,853,853,44.96867778,44.96867778,-121.46936111,-121.46936111,0,No Special Jurisdiction,12,Motor Vehicle In-Transport,2,Front-to-Front,0,No,1,Non-Junction,1,Not an Intersection,0,,1,On Roadway,1,Daylight,1,Clear,0,No,0000000,Not Applicable,11,11:00am-11:59am,41,41,11,11:00am-11:59am,50,50,99,Unknown,99,Unknown EMS Hospital Arrival Time,1,0
41,Oregon,410087,2,2,0,0,0,4,4,11,COOS (11),400,COQUILLE,29,29,2,February,2020,7,Saturday,17,5:00pm-5:59pm,54,54,1,This section IS ON the NHS,3,State Highway,SR-42 ODOT 35,,1,Rural,3,Principal Arterial - Other,1,State Highway Agency,99,99,43.18363611,43.18363611,-124.20961667,-124.20961667,0,No Special Jurisdiction,12,Motor Vehicle In-Transport,2,Front-to-Front,0,No,1,Non-Junction,1,Not an Intersection,0,,1,On Roadway,5,Dusk,1,Clear,0,No,0000000,Not Applicable,17,5:00pm-5:59pm,54,54,18,6:00pm-6:59pm,0,0,99,Unknown,99,Unknown EMS Hospital Arrival Time,1,0
41,Oregon,410088,5,5,0,0,0,8,8,45,MALHEUR (45),0,NOT APPLICABLE,19,19,6,June,2020,6,Friday,15,3:00pm-3:59pm,15,15,1,This section IS ON the NHS,2,U.S. Highway,US-95 ODOT 456,,1,Rural,3,Principal Arterial - Other,1,State Highway Agency,1156,1156,42.08071667,42.08071667,-117.73423333,-117.73423333,0,No Special Jurisdiction,12,Motor Vehicle In-Transport,6,Angle,0,No,1,Non-Junction,1,Not an Intersection,0,,1,On Roadway,1,Daylight,1,Clear,0,No,0000000,Not Applicable,15,3:00pm-3:59pm,30,30,15,3:00pm-3:59pm,54,54,88,Not Applicable (Not Transported),88,Not Applicable (Not Transported),2,0
41,Oregon,410089,2,2,0,0,0,3,3,65,WASCO (65),0,NOT APPLICABLE,4,4,7,July,2020,7,Saturday,14,2:00pm-2:59pm,32,32,0,This section IS NOT on the NHS,2,U.S. Highway,US-197 ODOT 4,CR-JUNIPER FLAT RD,1,Rural,4,Minor Arterial,1,State Highway Agency,375,375,45.21885833,45.21885833,-121.12335,-121.12335,0,No Special Jurisdiction,12,Motor Vehicle In-Transport,1,Front-to-Rear,0,No,3,Intersection-Related,3,T-Intersection,0,,1,On Roadway,1,Daylight,1,Clear,0,No,0000000,Not Applicable,14,2:00pm-2:59pm,32,32,14,2:00pm-2:59pm,38,38,88,Not Applicable (Not Transported),88,Not Applicable (Not Transported),1,0
41,Oregon,410090,1,1,0,0,0,1,1,3,BENTON (3),0,NOT APPLICABLE,6,6,7,July,2020,2,Monday,14,2:00pm-2:59pm,0,0,0,This section IS NOT on the NHS,4,County Road,CR-LLEWELLYN RD,,1,Rural,5,Major Collector,2,County Highway Agency,10,10,44.47730556,44.47730556,-123.28574167,-123.28574167,0,No Special Jurisdiction,1,Rollover/Overturn,0,The First Harmful Event was Not a Collision with a Motor Vehicle in Transport,0,No,1,Non-Junction,1,Not an Intersection,0,,4,On Roadside,1,Daylight,1,Clear,0,No,0000000,Not Applicable,14,2:00pm-2:59pm,5,5,99,Unknown EMS Scene Arrival Hour,99,Unknown EMS Scene Arrival Minutes,88,Not Applicable (Not Transported),88,Not Applicable (Not Transported),1,0
41,Oregon,410091,2,1,1,0,1,1,2,5,CLACKAMAS (5),0,NOT APPLICABLE,29,29,2,February,2020,7,Saturday,23,11:00pm-11:59pm,20,20,0,This section IS NOT on the NHS,3,State Highway,SR-43 ODOT 3,,2,Urban,4,Minor Arterial,1,State Highway Agency,53,53,45.42955556,45.42955556,-122.65744167,-122.65744167,0,No Special Jurisdiction,14,Parked Motor Vehicle,0,The First Harmful Event was Not a Collision with a Motor Vehicle in Transport,0,No,1,Non-Junction,1,Not an Intersection,0,,2,On Shoulder,2,Dark - Not Lighted,98,Not Reported,0,No,0000000,Not Applicable,99,Unknown,99,Unknown,99,Unknown EMS Scene Arrival Hour,99,Unknown EMS Scene Arrival Minutes,99,Unknown,99,Unknown EMS Hospital Arrival Time,1,1
41,Oregon,410092,1,1,0,1,1,1,1,47,MARION (47),0,NOT APPLICABLE,10,10,4,April,2020,6,Friday,23,11:00pm-11:59pm,43,43,1,This section IS ON the NHS,1,Interstate,I-5,,1,Rural,1,Interstate,1,State Highway Agency,2644,2644,45.06233889,45.06233889,-122.96561667,-122.96561667,0,No Special Jurisdiction,8,Pedestrian,0,The First Harmful Event was Not a Collision with a Motor Vehicle in Transport,0,No,1,Non-Junction,1,Not an Intersection,0,,1,On Roadway,2,Dark - Not Lighted,1,Clear,0,No,0000000,Not Applicable,11,11:00am-11:59am,43,43,11,11:00am-11:59am,48,48,99,Unknown,99,Unknown EMS Hospital Arrival Time,1,0
41,Oregon,410093,1,1,0,0,0,1,1,29,JACKSON (29),0,NOT APPLICABLE,18,18,5,May,2020,2,Monday,10,10:00am-10:59am,0,0,0,This section IS NOT on the NHS,4,County Road,CR-STERLING CREEK RD,,1,Rural,6,Minor Collector,2,County Highway Agency,10,10,42.21206389,42.21206389,-122.95000278,-122.95000278,0,No Special Jurisdiction,42,Tree (Standing Only),0,The First Harmful Event was Not a Collision with a Motor Vehicle in Transport,0,No,1,Non-Junction,1,Not an Intersection,0,,4,On Roadside,1,Daylight,2,Rain,0,No,0000000,Not Applicable,99,Unknown,99,Unknown,99,Unknown EMS Scene Arrival Hour,99,Unknown EMS Scene Arrival Minutes,88,Not Applicable (Not Transported),88,Not Applicable (Not Transported),1,0
41,Oregon,410094,1,1,0,0,0,1,1,1,BAKER (1),0,NOT APPLICABLE,23,23,5,May,2020,7,Saturday,10,10:00am-10:59am,45,45,0,This section IS NOT on the NHS,4,County Road,CR-LOOKOUT MTN RD,,1,Rural,7,Local,2,County Highway Agency,0,,44.59306389,44.59306389,-117.26368611,-117.26368611,0,No Special Jurisdiction,1,Rollover/Overturn,0,The First Harmful Event was Not a Collision with a Motor Vehicle in Transport,0,No,1,Non-Junction,1,Not an Intersection,0,,4,On Roadside,1,Daylight,10,Cloudy,0,No,0000000,Not Applicable,10,10:00am-10:59am,53,53,11,11:00am-11:59am,36,36,88,Not Applicable (Not Transported),88,Not Applicable (Not Transported),1,0
41,Oregon,410095,2,2,0,0,0,2,2,9,COLUMBIA (9),0,NOT APPLICABLE,28,28,5,May,2020,5,Thursday,15,3:00pm-3:59pm,37,37,0,This section IS NOT on the NHS,4,County Road,CR-SCAPPOOSE VERNONIA HWY,,1,Rural,4,Minor Arterial,2,County Highway Agency,34,34,45.79932778,45.79932778,-122.92929444,-122.92929444,0,No Special Jurisdiction,12,Motor Vehicle In-Transport,2,Front-to-Front,0,No,1,Non-Junction,1,Not an Intersection,0,,1,On Roadway,1,Daylight,1,Clear,0,No,0000000,Not Applicable,15,3:00pm-3:59pm,37,37,15,3:00pm-3:59pm,42,42,99,Unknown,99,Unknown EMS Hospital Arrival Time,1,0
41,Oregon,410096,1,1,0,0,0,1,1,37,LAKE (37),0,NOT APPLICABLE,21,21,6,June,2020,1,Sunday,14,2:00pm-2:59pm,10,10,0,This section IS NOT on the NHS,4,County Road,CR-DOG LAKE LN,,1,Rural,5,Major Collector,2,County Highway Agency,80,80,42.12129444,42.12129444,-120.615425,-120.615425,0,No Special Jurisdiction,34,Ditch,0,The First Harmful Event was Not a Collision with a Motor Vehicle in Transport,0,No,1,Non-Junction,1,Not an Intersection,0,,4,On Roadside,1,Daylight,1,Clear,0,No,0000000,Not Applicable,99,Unknown,99,Unknown,99,Unknown EMS Scene Arrival Hour,99,Unknown EMS Scene Arrival Minutes,88,Not Applicable (Not Transported),88,Not Applicable (Not Transported),1,0
41,Oregon,410097,1,1,0,0,0,1,1,35,KLAMATH (35),1170,KLAMATH FALLS,2,2,7,July,2020,5,Thursday,3,3:00am-3:59am,54,54,1,This section IS ON the NHS,2,U.S. Highway,US-97B ODOT 50,,2,Urban,3,Principal Arterial - Other,3,Town or Township Highway Agency,53,53,42.23531389,42.23531389,-121.77758889,-121.77758889,0,No Special Jurisdiction,19,Building,0,The First Harmful Event was Not a Collision with a Motor Vehicle in Transport,0,No,1,Non-Junction,1,Not an Intersection,0,,5,Outside Trafficway,3,Dark - Lighted,1,Clear,0,No,0000000,Not Applicable,99,Unknown,99,Unknown,99,Unknown EMS Scene Arrival Hour,99,Unknown EMS Scene Arrival Minutes,88,Not Applicable (Not Transported),88,Not Applicable (Not Transported),1,0
41,Oregon,410098,1,1,0,0,0,1,1,5,CLACKAMAS (5),0,NOT APPLICABLE,5,5,7,July,2020,1,Sunday,22,10:00pm-10:59pm,20,20,0,This section IS NOT on the NHS,4,County Road,CR-S REDLAND RD,,1,Rural,4,Minor Arterial,2,County Highway Agency,11,11,45.29978889,45.29978889,-122.4044,-122.4044,0,No Special Jurisdiction,35,Embankment,0,The First Harmful Event was Not a Collision with a Motor Vehicle in Transport,0,No,1,Non-Junction,1,Not an Intersection,0,,4,On Roadside,2,Dark - Not Lighted,1,Clear,0,No,0000000,Not Applicable,99,Unknown,99,Unknown,99,Unknown EMS Scene Arrival Hour,99,Unknown EMS Scene Arrival Minutes,88,Not Applicable (Not Transported),88,Not Applicable (Not Transported),1,1
41,Oregon,410099,1,1,0,0,0,1,1,7,CLATSOP (7),0,NOT APPLICABLE,8,8,7,July,2020,4,Wednesday,99,Unknown Hours,99,Unknown Minutes,0,This section IS NOT on the NHS,4,County Road,CR-LEWIS AND CLARK RD,,1,Rural,5,Major Collector,4,City or Municipal Highway Agency,112,112,46.01042778,46.01042778,-123.87695833,-123.87695833,0,No Special Jurisdiction,34,Ditch,0,The First Harmful Event was Not a Collision with a Motor Vehicle in Transport,0,No,1,Non-Junction,1,Not an Intersection,0,,4,On Roadside,9,Reported as Unknown,1,Clear,0,No,0000000,Not Applicable,10,10:00am-10:59am,55,55,11,11:00am-11:59am,2,2,88,Not Applicable (Not Transported),88,Not Applicable (Not Transported),1,1
41,Oregon,410100,2,1,1,1,1,1,1,51,MULTNOMAH (51),880,GRESHAM,1,1,6,June,2020,2,Monday,12,12:00pm-12:59pm,31,31,1,This section IS ON the NHS,1,Interstate,I-84,,2,Urban,1,Interstate,1,State Highway Agency,126,126,45.54256111,45.54256111,-122.4889,-122.4889,0,No Special Jurisdiction,14,Parked Motor Vehicle,0,The First Harmful Event was Not a Collision with a Motor Vehicle in Transport,0,No,1,Non-Junction,1,Not an Intersection,0,,2,On Shoulder,1,Daylight,1,Clear,0,No,0000000,Not Applicable,12,12:00pm-12:59pm,26,26,12,12:00pm-12:59pm,34,34,99,Unknown,99,Unknown EMS Hospital Arrival Time,1,0
41,Oregon,410101,1,1,0,0,0,2,2,5,CLACKAMAS (5),0,NOT APPLICABLE,5,5,6,June,2020,6,Friday,17,5:00pm-5:59pm,50,50,0,This section IS NOT on the NHS,3,State Highway,SR-224 ODOT 171,,1,Rural,5,Major Collector,1,State Highway Agency,256,256,45.26572222,45.26572222,-122.30234444,-122.30234444,0,No Special Jurisdiction,34,Ditch,0,The First Harmful Event was Not a Collision with a Motor Vehicle in Transport,0,No,1,Non-Junction,1,Not an Intersection,0,,4,On Roadside,1,Daylight,10,Cloudy,0,No,0000000,Not Applicable,17,5:00pm-5:59pm,50,50,17,5:00pm-5:59pm,55,55,88,Not Applicable (Not Transported),88,Not Applicable (Not Transported),2,1
41,Oregon,410102,1,1,0,0,0,6,6,71,YAMHILL (71),0,NOT APPLICABLE,14,14,6,June,2020,1,Sunday,4,4:00am-4:59am,30,30,0,This section IS NOT on the NHS,4,County Road,CR-WILLAMINA CREEK RD,,1,Rural,7,Local,2,County Highway Agency,27,27,45.18879167,45.18879167,-123.51178056,-123.51178056,0,No Special Jurisdiction,34,Ditch,0,The First Harmful Event was Not a Collision with a Motor Vehicle in Transport,0,No,1,Non-Junction,1,Not an Intersection,0,,4,On Roadside,2,Dark - Not Lighted,1,Clear,0,No,0000000,Not Applicable,6,6:00am-6:59am,19,19,6,6:00am-6:59am,28,28,99,Unknown,99,Unknown EMS Hospital Arrival Time,2,1
41,Oregon,410103,1,1,0,0,0,1,1,67,WASHINGTON (67),0,NOT APPLICABLE,20,20,6,June,2020,7,Saturday,3,3:00am-3:59am,10,10,0,This section IS NOT on the NHS,4,County Road,CR-NW LONG RD,,1,Rural,7,Local,2,County Highway Agency,0,,45.54024444,45.54024444,-123.05106111,-123.05106111,0,No Special Jurisdiction,34,Ditch,0,The First Harmful Event was Not a Collision with a Motor Vehicle in Transport,0,No,1,Non-Junction,1,Not an Intersection,0,,4,On Roadside,2,Dark - Not Lighted,10,Cloudy,0,No,0000000,Not Applicable,3,3:00am-3:59am,23,23,3,3:00am-3:59am,30,30,88,Not Applicable (Not Transported),88,Not Applicable (Not Transported),1,1
41,Oregon,410104,1,1,0,0,0,1,1,47,MARION (47),0,NOT APPLICABLE,19,19,6,June,2020,6,Friday,7,7:00am-7:59am,52,52,0,This section IS NOT on the NHS,4,County Road,CR-BISHOP RD SE,,1,Rural,7,Local,2,County Highway Agency,8,8,44.83116944,44.83116944,-122.85550833,-122.85550833,0,No Special Jurisdiction,38,Fence,0,The First Harmful Event was Not a Collision with a Motor Vehicle in Transport,0,No,1,Non-Junction,1,Not an Intersection,0,,4,On Roadside,1,Daylight,1,Clear,0,No,0000000,Not Applicable,7,7:00am-7:59am,53,53,8,8:00am-8:59am,8,8,88,Not Applicable (Not Transported),88,Not Applicable (Not Transported),1,0
41,Oregon,410105,1,1,0,0,0,2,2,41,LINCOLN (41),0,NOT APPLICABLE,26,26,6,June,2020,6,Friday,19,7:00pm-7:59pm,32,32,1,This section IS ON the NHS,2,U.S. Highway,US-101 ODOT 9,,1,Rural,3,Principal Arterial - Other,1,State Highway Agency,1521,1521,44.47844444,44.47844444,-124.079425,-124.079425,0,No Special Jurisdiction,42,Tree (Standing Only),0,The First Harmful Event was Not a Collision with a Motor Vehicle in Transport,0,No,1,Non-Junction,1,Not an Intersection,0,,4,On Roadside,1,Daylight,10,Cloudy,0,No,0000000,Not Applicable,19,7:00pm-7:59pm,32,32,19,7:00pm-7:59pm,34,34,99,Unknown,99,Unknown EMS Hospital Arrival Time,1,1
41,Oregon,410106,1,1,0,1,1,2,2,57,TILLAMOOK (57),0,NOT APPLICABLE,23,23,6,June,2020,3,Tuesday,13,1:00pm-1:59pm,3,3,1,This section IS ON the NHS,2,U.S. Highway,US-101 ODOT 9,CR-OLD PACIFIC HWY,1,Rural,3,Principal Arterial - Other,1,State Highway Agency,525,525,45.58803056,45.58803056,-123.94780833,-123.94780833,0,No Special Jurisdiction,8,Pedestrian,0,The First Harmful Event was Not a Collision with a Motor Vehicle in Transport,0,No,3,Intersection-Related,3,T-Intersection,0,,1,On Roadway,1,Daylight,1,Clear,0,No,0000000,Not Applicable,13,1:00pm-1:59pm,4,4,13,1:00pm-1:59pm,9,9,88,Not Applicable (Not Transported),88,Not Applicable (Not Transported),1,0
41,Oregon,410107,2,2,0,0,0,4,4,11,COOS (11),0,NOT APPLICABLE,5,5,3,March,2020,5,Thursday,14,2:00pm-2:59pm,17,17,1,This section IS ON the NHS,2,U.S. Highway,US-101 ODOT 9,CR-MILLINGTON FRONTAGE RD,2,Urban,3,Principal Arterial - Other,1,State Highway Agency,2407,2407,43.32886111,43.32886111,-124.20138333,-124.20138333,0,No Special Jurisdiction,12,Motor Vehicle In-Transport,6,Angle,0,No,2,Intersection,3,T-Intersection,0,,1,On Roadway,1,Daylight,1,Clear,0,No,0000000,Not Applicable,2,2:00am-2:59am,19,19,2,2:00am-2:59am,23,23,99,Unknown,99,Unknown EMS Hospital Arrival Time,1,0
41,Oregon,410108,1,1,0,0,0,2,2,17,DESCHUTES (17),0,NOT APPLICABLE,11,11,3,March,2020,4,Wednesday,18,6:00pm-6:59pm,45,45,0,This section IS NOT on the NHS,4,County Road,CR-LOWER BRIDGE WAY,,1,Rural,5,Major Collector,2,County Highway Agency,99998,Not Reported,44.36339722,44.36339722,-121.20401944,-121.20401944,0,No Special Jurisdiction,42,Tree (Standing Only),0,The First Harmful Event was Not a Collision with a Motor Vehicle in Transport,0,No,1,Non-Junction,1,Not an Intersection,0,,4,On Roadside,1,Daylight,1,Clear,0,No,0000000,Not Applicable,99,Unknown,99,Unknown,99,Unknown EMS Scene Arrival Hour,99,Unknown EMS Scene Arrival Minutes,99,Unknown,99,Unknown EMS Hospital Arrival Time,1,1
41,Oregon,410109,2,2,0,0,0,4,4,19,DOUGLAS (19),0,NOT APPLICABLE,20,20,3,March,2020,6,Friday,15,3:00pm-3:59pm,24,24,0,This section IS NOT on the NHS,3,State Highway,SR-138 ODOT 138,,1,Rural,4,Minor Arterial,1,State Highway Agency,285,285,43.298525,43.298525,-122.90573056,-122.90573056,0,No Special Jurisdiction,12,Motor Vehicle In-Transport,6,Angle,0,No,8,Driveway Access Related,1,Not an Intersection,0,,1,On Roadway,1,Daylight,1,Clear,0,No,0000000,Not Applicable,99,Unknown,99,Unknown,99,Unknown EMS Scene Arrival Hour,99,Unknown EMS Scene Arrival Minutes,99,Unknown,99,Unknown EMS Hospital Arrival Time,1,1
41,Oregon,410110,1,1,0,0,0,1,1,39,LANE (39),0,NOT APPLICABLE,24,24,3,March,2020,3,Tuesday,15,3:00pm-3:59pm,38,38,0,This section IS NOT on the NHS,3,State Highway,SR-99 ODOT 226,,1,Rural,5,Major Collector,1,State Highway Agency,11,11,43.98405833,43.98405833,-123.01102222,-123.01102222,0,No Special Jurisdiction,1,Rollover/Overturn,0,The First Harmful Event was Not a Collision with a Motor Vehicle in Transport,0,No,1,Non-Junction,1,Not an Intersection,0,,5,Outside Trafficway,1,Daylight,10,Cloudy,0,No,0000000,Not Applicable,3,3:00am-3:59am,38,38,3,3:00am-3:59am,51,51,99,Unknown,99,Unknown EMS Hospital Arrival Time,1,0
41,Oregon,410111,2,2,0,0,0,4,4,53,POLK (53),0,NOT APPLICABLE,9,9,4,April,2020,5,Thursday,16,4:00pm-4:59pm,0,0,0,This section IS NOT on the NHS,3,State Highway,SR-99 ODOT 91,CR-BETHEL RD,1,Rural,4,Minor Arterial,1,State Highway Agency,497,497,45.04321944,45.04321944,-123.20710833,-123.20710833,0,No Special Jurisdiction,12,Motor Vehicle In-Transport,6,Angle,0,No,2,Intersection,2,Four-Way Intersection,1,Construction,1,On Roadway,1,Daylight,1,Clear,0,No,0000000,Not Applicable,16,4:00pm-4:59pm,2,2,16,4:00pm-4:59pm,7,7,88,Not Applicable (Not Transported),88,Not Applicable (Not Transported),2,0
41,Oregon,410112,1,1,0,0,0,1,1,39,LANE (39),0,NOT APPLICABLE,9,9,4,April,2020,5,Thursday,99,Unknown Hours,99,Unknown Minutes,0,This section IS NOT on the NHS,4,County Road,CR-LORANE HWY,,1,Rural,5,Major Collector,2,County Highway Agency,76,76,43.974025,43.974025,-123.206,-123.206,0,No Special Jurisdiction,24,Guardrail Face,0,The First Harmful Event was Not a Collision with a Motor Vehicle in Transport,0,No,1,Non-Junction,1,Not an Intersection,0,,4,On Roadside,2,Dark - Not Lighted,1,Clear,0,No,0000000,Not Applicable,20,8:00pm-8:59pm,14,14,20,8:00pm-8:59pm,17,17,99,Unknown,99,Unknown EMS Hospital Arrival Time,1,1
41,Oregon,410113,1,1,0,0,0,1,1,23,GRANT (23),0,NOT APPLICABLE,9,9,5,May,2020,7,Saturday,15,3:00pm-3:59pm,5,5,0,This section IS NOT on the NHS,3,State Highway,SR-402 ODOT 402,,1,Rural,5,Major Collector,1,State Highway Agency,19,19,44.77964722,44.77964722,-119.62267778,-119.62267778,0,No Special Jurisdiction,17,Boulder,0,The First Harmful Event was Not a Collision with a Motor Vehicle in Transport,0,No,1,Non-Junction,1,Not an Intersection,0,,4,On Roadside,1,Daylight,1,Clear,0,No,0000000,Not Applicable,15,3:00pm-3:59pm,9,9,15,3:00pm-3:59pm,33,33,88,Not Applicable (Not Transported),88,Not Applicable (Not Transported),1,0
41,Oregon,410114,1,1,0,0,0,4,4,39,LANE (39),0,NOT APPLICABLE,21,21,5,May,2020,5,Thursday,2,2:00am-2:59am,16,16,0,This section IS NOT on the NHS,3,State Highway,SR-99 ODOT 226,,2,Urban,5,Major Collector,1,State Highway Agency,47,47,43.93169444,43.93169444,-123.01546667,-123.01546667,0,No Special Jurisdiction,38,Fence,0,The First Harmful Event was Not a Collision with a Motor Vehicle in Transport,0,No,1,Non-Junction,1,Not an Intersection,0,,5,Outside Trafficway,2,Dark - Not Lighted,10,Cloudy,0,No,0000000,Not Applicable,2,2:00am-2:59am,10,10,2,2:00am-2:59am,15,15,99,Unknown,99,Unknown EMS Hospital Arrival Time,1,0
41,Oregon,410115,1,1,0,0,0,1,1,47,MARION (47),0,NOT APPLICABLE,18,18,6,June,2020,5,Thursday,20,8:00pm-8:59pm,0,0,0,This section IS NOT on the NHS,4,County Road,CR-TIMBER TRAIL NE,,1,Rural,7,Local,2,County Highway Agency,19,19,44.99960833,44.99960833,-122.68243889,-122.68243889,0,No Special Jurisdiction,1,Rollover/Overturn,0,The First Harmful Event was Not a Collision with a Motor Vehicle in Transport,0,No,1,Non-Junction,1,Not an Intersection,0,,4,On Roadside,1,Daylight,1,Clear,0,No,0000000,Not Applicable,20,8:00pm-8:59pm,0,0,20,8:00pm-8:59pm,9,9,88,Not Applicable (Not Transported),88,Not Applicable (Not Transported),1,1
41,Oregon,410116,1,1,0,0,0,1,1,41,LINCOLN (41),0,NOT APPLICABLE,12,12,7,July,2020,1,Sunday,21,9:00pm-9:59pm,27,27,0,This section IS NOT on the NHS,3,State Highway,SR-229 ODOT 181,,1,Rural,5,Major Collector,1,State Highway Agency,106,106,44.84504167,44.84504167,-123.98101111,-123.98101111,0,No Special Jurisdiction,34,Ditch,0,The First Harmful Event was Not a Collision with a Motor Vehicle in Transport,0,No,1,Non-Junction,1,Not an Intersection,0,,4,On Roadside,5,Dusk,1,Clear,0,No,0000000,Not Applicable,21,9:00pm-9:59pm,25,25,21,9:00pm-9:59pm,42,42,99,Unknown,99,Unknown EMS Hospital Arrival Time,1,1
41,Oregon,410117,1,1,0,0,0,2,2,29,JACKSON (29),0,NOT APPLICABLE,13,13,7,July,2020,2,Monday,13,1:00pm-1:59pm,37,37,1,This section IS ON the NHS,1,Interstate,I-5,,2,Urban,1,Interstate,1,State Highway Agency,391,391,42.41734444,42.41734444,-123.00866667,-123.00866667,0,No Special Jurisdiction,1,Rollover/Overturn,0,The First Harmful Event was Not a Collision with a Motor Vehicle in Transport,0,No,1,Non-Junction,1,Not an Intersection,0,,4,On Roadside,1,Daylight,1,Clear,0,No,0000000,Not Applicable,15,3:00pm-3:59pm,40,40,15,3:00pm-3:59pm,52,52,99,Unknown,99,Unknown EMS Hospital Arrival Time,1,0
41,Oregon,410118,2,2,0,0,0,3,3,65,WASCO (65),0,NOT APPLICABLE,15,15,7,July,2020,4,Wednesday,11,11:00am-11:59am,15,15,1,This section IS ON the NHS,1,Interstate,I-84,,1,Rural,1,Interstate,1,State Highway Agency,762,762,45.67899722,45.67899722,-121.289125,-121.289125,0,No Special Jurisdiction,12,Motor Vehicle In-Transport,7,Sideswipe - Same Direction,0,No,1,Non-Junction,1,Not an Intersection,0,,1,On Roadway,1,Daylight,1,Clear,0,No,0000000,Not Applicable,11,11:00am-11:59am,17,17,11,11:00am-11:59am,35,35,99,Unknown,99,Unknown EMS Hospital Arrival Time,1,0
41,Oregon,410119,2,2,0,0,0,2,2,45,MALHEUR (45),0,NOT APPLICABLE,19,19,7,July,2020,1,Sunday,11,11:00am-11:59am,56,56,1,This section IS ON the NHS,2,U.S. Highway,US-95 ODOT 456,,1,Rural,3,Principal Arterial - Other,1,State Highway Agency,592,592,42.80594444,42.80594444,-117.73193056,-117.73193056,0,No Special Jurisdiction,12,Motor Vehicle In-Transport,2,Front-to-Front,0,No,1,Non-Junction,1,Not an Intersection,0,,1,On Roadway,1,Daylight,1,Clear,0,No,0000000,Not Applicable,11,11:00am-11:59am,58,58,12,12:00pm-12:59pm,41,41,99,Unknown,99,Unknown EMS Hospital Arrival Time,1,0
41,Oregon,410120,1,1,0,0,0,2,2,53,POLK (53),0,NOT APPLICABLE,2,2,7,July,2020,5,Thursday,23,11:00pm-11:59pm,35,35,0,This section IS NOT on the NHS,4,County Road,CR-PERRYDALE RD,,1,Rural,5,Major Collector,2,County Highway Agency,78,78,44.95638056,44.95638056,-123.30449444,-123.30449444,0,No Special Jurisdiction,34,Ditch,0,The First Harmful Event was Not a Collision with a Motor Vehicle in Transport,0,No,1,Non-Junction,1,Not an Intersection,0,,4,On Roadside,2,Dark - Not Lighted,1,Clear,0,No,0000000,Not Applicable,23,11:00pm-11:59pm,40,40,23,11:00pm-11:59pm,45,45,99,Unknown,99,Unknown EMS Hospital Arrival Time,1,1
41,Oregon,410121,1,1,0,0,0,1,1,57,TILLAMOOK (57),0,NOT APPLICABLE,4,4,7,July,2020,7,Saturday,9,9:00am-9:59am,17,17,1,This section IS ON the NHS,2,U.S. Highway,US-101 ODOT 9,,1,Rural,3,Principal Arterial - Other,1,State Highway Agency,909,909,45.17081389,45.17081389,-123.93018611,-123.93018611,0,No Special Jurisdiction,42,Tree (Standing Only),0,The First Harmful Event was Not a Collision with a Motor Vehicle in Transport,0,No,1,Non-Junction,1,Not an Intersection,0,,4,On Roadside,1,Daylight,10,Cloudy,0,No,0000000,Not Applicable,99,Unknown,99,Unknown,99,Unknown EMS Scene Arrival Hour,99,Unknown EMS Scene Arrival Minutes,88,Not Applicable (Not Transported),88,Not Applicable (Not Transported),1,0
41,Oregon,410122,2,2,0,0,0,3,3,5,CLACKAMAS (5),0,NOT APPLICABLE,5,5,7,July,2020,1,Sunday,18,6:00pm-6:59pm,2,2,0,This section IS NOT on the NHS,4,County Road,CR-362ND AVE,,2,Urban,6,Minor Collector,2,County Highway Agency,6,6,45.44570833,45.44570833,-122.29058333,-122.29058333,0,No Special Jurisdiction,12,Motor Vehicle In-Transport,2,Front-to-Front,0,No,8,Driveway Access Related,1,Not an Intersection,0,,1,On Roadway,1,Daylight,1,Clear,0,No,0000000,Not Applicable,99,Unknown,99,Unknown,99,Unknown EMS Scene Arrival Hour,99,Unknown EMS Scene Arrival Minutes,99,Unknown,99,Unknown EMS Hospital Arrival Time,1,0
41,Oregon,410123,2,2,0,0,0,2,2,43,LINN (43),0,NOT APPLICABLE,6,6,7,July,2020,2,Monday,18,6:00pm-6:59pm,15,15,1,This section IS ON the NHS,2,U.S. Highway,US-20 ODOT 16,,1,Rural,3,Principal Arterial - Other,1,State Highway Agency,749,749,44.43609722,44.43609722,-121.93691389,-121.93691389,0,No Special Jurisdiction,12,Motor Vehicle In-Transport,2,Front-to-Front,0,No,8,Driveway Access Related,1,Not an Intersection,0,,1,On Roadway,1,Daylight,10,Cloudy,0,No,0000000,Not Applicable,18,6:00pm-6:59pm,20,20,18,6:00pm-6:59pm,51,51,99,Unknown,99,Unknown EMS Hospital Arrival Time,1,0
41,Oregon,410124,2,2,0,0,0,3,3,17,DESCHUTES (17),0,NOT APPLICABLE,6,6,7,July,2020,2,Monday,22,10:00pm-10:59pm,56,56,1,This section IS ON the NHS,2,U.S. Highway,US-97 ODOT 4,,2,Urban,3,Principal Arterial - Other,1,State Highway Agency,1182,1182,44.31646944,44.31646944,-121.17085556,-121.17085556,0,No Special Jurisdiction,12,Motor Vehicle In-Transport,2,Front-to-Front,0,No,1,Non-Junction,1,Not an Intersection,0,,1,On Roadway,2,Dark - Not Lighted,1,Clear,0,No,0000000,Not Applicable,99,Unknown,99,Unknown,99,Unknown EMS Scene Arrival Hour,99,Unknown EMS Scene Arrival Minutes,99,Unknown,99,Unknown EMS Hospital Arrival Time,1,0
41,Oregon,410125,2,2,0,0,0,2,2,17,DESCHUTES (17),0,NOT APPLICABLE,8,8,7,July,2020,4,Wednesday,16,4:00pm-4:59pm,53,53,1,This section IS ON the NHS,2,U.S. Highway,US-20 ODOT 17,CR-JORDAN RD,1,Rural,3,Principal Arterial - Other,1,State Highway Agency,13,13,44.27774167,44.27774167,-121.51721111,-121.51721111,0,No Special Jurisdiction,12,Motor Vehicle In-Transport,1,Front-to-Rear,1,Yes,3,Intersection-Related,3,T-Intersection,0,,1,On Roadway,1,Daylight,1,Clear,0,No,0000000,Not Applicable,16,4:00pm-4:59pm,55,55,17,5:00pm-5:59pm,0,0,88,Not Applicable (Not Transported),88,Not Applicable (Not Transported),1,1
41,Oregon,410126,2,2,0,0,0,4,4,51,MULTNOMAH (51),1650,PORTLAND,14,14,4,April,2020,3,Tuesday,15,3:00pm-3:59pm,32,32,1,This section IS ON the NHS,2,U.S. Highway,US-26 ODOT 26,SE 148TH AVE,2,Urban,3,Principal Arterial - Other,4,City or Municipal Highway Agency,85,85,45.49806944,45.49806944,-122.51066944,-122.51066944,0,No Special Jurisdiction,12,Motor Vehicle In-Transport,2,Front-to-Front,1,Yes,2,Intersection,2,Four-Way Intersection,0,,1,On Roadway,1,Daylight,1,Clear,0,No,0000000,Not Applicable,15,3:00pm-3:59pm,34,34,15,3:00pm-3:59pm,36,36,99,Unknown,99,Unknown EMS Hospital Arrival Time,1,0
41,Oregon,410127,1,1,0,0,0,2,2,17,DESCHUTES (17),0,NOT APPLICABLE,10,10,7,July,2020,6,Friday,6,6:00am-6:59am,31,31,1,This section IS ON the NHS,2,U.S. Highway,US-97 ODOT 4,,1,Rural,1,Interstate,1,State Highway Agency,1507,1507,43.89578056,43.89578056,-121.37287778,-121.37287778,0,No Special Jurisdiction,1,Rollover/Overturn,0,The First Harmful Event was Not a Collision with a Motor Vehicle in Transport,0,No,1,Non-Junction,1,Not an Intersection,0,,4,On Roadside,1,Daylight,1,Clear,0,No,0000000,Not Applicable,6,6:00am-6:59am,32,32,6,6:00am-6:59am,32,32,99,Unknown,99,Unknown EMS Hospital Arrival Time,1,0
41,Oregon,410128,1,1,0,0,0,3,3,19,DOUGLAS (19),0,NOT APPLICABLE,12,12,7,July,2020,1,Sunday,20,8:00pm-8:59pm,25,25,1,This section IS ON the NHS,1,Interstate,I-5,,1,Rural,1,Interstate,1,State Highway Agency,1446,1446,43.49201389,43.49201389,-123.33061944,-123.33061944,0,No Special Jurisdiction,1,Rollover/Overturn,0,The First Harmful Event was Not a Collision with a Motor Vehicle in Transport,0,No,1,Non-Junction,1,Not an Intersection,0,,4,On Roadside,1,Daylight,1,Clear,0,No,0000000,Not Applicable,20,8:00pm-8:59pm,28,28,20,8:00pm-8:59pm,37,37,99,Unknown,99,Unknown EMS Hospital Arrival Time,2,0
41,Oregon,410129,3,3,0,0,0,5,5,61,UNION (61),0,NOT APPLICABLE,19,19,7,July,2020,1,Sunday,16,4:00pm-4:59pm,0,0,0,This section IS NOT on the NHS,3,State Highway,SR-230 ODO 66,,1,Rural,4,Minor Arterial,1,State Highway Agency,121,121,45.24163333,45.24163333,-117.92954444,-117.92954444,0,No Special Jurisdiction,12,Motor Vehicle In-Transport,8,Sideswipe - Opposite Direction,0,No,1,Non-Junction,1,Not an Intersection,0,,1,On Roadway,1,Daylight,1,Clear,0,No,0000000,Not Applicable,16,4:00pm-4:59pm,9,9,16,4:00pm-4:59pm,16,16,88,Not Applicable (Not Transported),88,Not Applicable (Not Transported),1,0
41,Oregon,410130,2,2,0,0,0,4,4,35,KLAMATH (35),1170,KLAMATH FALLS,20,20,7,July,2020,2,Monday,17,5:00pm-5:59pm,57,57,1,This section IS ON the NHS,2,U.S. Highway,US-97 ODOT 4,,2,Urban,3,Principal Arterial - Other,1,State Highway Agency,2751,2751,42.21861389,42.21861389,-121.78970556,-121.78970556,0,No Special Jurisdiction,26,Other Traffic Barrier,0,The First Harmful Event was Not a Collision with a Motor Vehicle in Transport,0,No,1,Non-Junction,1,Not an Intersection,0,,4,On Roadside,1,Daylight,1,Clear,0,No,0000000,Not Applicable,17,5:00pm-5:59pm,57,57,17,5:00pm-5:59pm,58,58,99,Unknown,99,Unknown EMS Hospital Arrival Time,1,0
41,Oregon,410131,1,1,0,0,0,2,2,29,JACKSON (29),0,NOT APPLICABLE,21,21,7,July,2020,3,Tuesday,22,10:00pm-10:59pm,46,46,0,This section IS NOT on the NHS,3,State Highway,SR-234 ODOT 271,,1,Rural,4,Minor Arterial,1,State Highway Agency,120,120,42.50079167,42.50079167,-122.91080278,-122.91080278,0,No Special Jurisdiction,11,Live Animal,0,The First Harmful Event was Not a Collision with a Motor Vehicle in Transport,0,No,1,Non-Junction,1,Not an Intersection,0,,1,On Roadway,2,Dark - Not Lighted,1,Clear,0,No,0000000,Not Applicable,22,10:00pm-10:59pm,46,46,22,10:00pm-10:59pm,57,57,88,Not Applicable (Not Transported),88,Not Applicable (Not Transported),2,1
41,Oregon,410132,1,1,0,1,1,1,1,43,LINN (43),1850,SCIO,21,21,7,July,2020,3,Tuesday,16,4:00pm-4:59pm,32,32,0,This section IS NOT on the NHS,6,Local Street - Municipality,NW BEECH ST,NW FIRST AVE,1,Rural,7,Local,4,City or Municipal Highway Agency,0,,44.70477222,44.70477222,-122.85094444,-122.85094444,0,No Special Jurisdiction,9,Pedalcyclist,0,The First Harmful Event was Not a Collision with a Motor Vehicle in Transport,0,No,3,Intersection-Related,2,Four-Way Intersection,0,,1,On Roadway,1,Daylight,1,Clear,0,No,0000000,Not Applicable,16,4:00pm-4:59pm,32,32,16,4:00pm-4:59pm,35,35,88,Not Applicable (Not Transported),88,Not Applicable (Not Transported),1,0
41,Oregon,410133,1,1,0,0,0,2,2,67,WASHINGTON (67),0,NOT APPLICABLE,25,25,7,July,2020,7,Saturday,2,2:00am-2:59am,0,0,0,This section IS NOT on the NHS,4,County Road,CR-SW RIVER RD,,1,Rural,4,Minor Arterial,2,County Highway Agency,0,,45.4411,45.4411,-122.95070556,-122.95070556,0,No Special Jurisdiction,34,Ditch,0,The First Harmful Event was Not a Collision with a Motor Vehicle in Transport,0,No,1,Non-Junction,1,Not an Intersection,0,,4,On Roadside,2,Dark - Not Lighted,1,Clear,0,No,0000000,Not Applicable,99,Unknown,99,Unknown,99,Unknown EMS Scene Arrival Hour,99,Unknown EMS Scene Arrival Minutes,99,Unknown,99,Unknown EMS Hospital Arrival Time,1,1
41,Oregon,410134,2,2,0,0,0,2,2,5,CLACKAMAS (5),0,NOT APPLICABLE,21,21,5,May,2020,5,Thursday,15,3:00pm-3:59pm,15,15,1,This section IS ON the NHS,3,State Highway,SR-212 ODOT 174,,2,Urban,3,Principal Arterial - Other,1,State Highway Agency,79,79,45.43256111,45.43256111,-122.36131944,-122.36131944,0,No Special Jurisdiction,12,Motor Vehicle In-Transport,2,Front-to-Front,0,No,1,Non-Junction,1,Not an Intersection,0,,1,On Roadway,1,Daylight,2,Rain,0,No,0000000,Not Applicable,15,3:00pm-3:59pm,15,15,15,3:00pm-3:59pm,19,19,88,Not Applicable (Not Transported),88,Not Applicable (Not Transported),1,0
41,Oregon,410135,1,1,0,0,0,2,2,45,MALHEUR (45),0,NOT APPLICABLE,26,26,7,July,2020,1,Sunday,18,6:00pm-6:59pm,40,40,1,This section IS ON the NHS,1,Interstate,I-84,,1,Rural,1,Interstate,1,State Highway Agency,3638,3638,44.15860833,44.15860833,-117.11572222,-117.11572222,0,No Special Jurisdiction,1,Rollover/Overturn,0,The First Harmful Event was Not a Collision with a Motor Vehicle in Transport,0,No,1,Non-Junction,1,Not an Intersection,0,,3,On Median,1,Daylight,1,Clear,0,No,0000000,Not Applicable,18,6:00pm-6:59pm,46,46,19,7:00pm-7:59pm,0,0,20,8:00pm-8:59pm,17,17,1,0
41,Oregon,410136,2,2,0,0,0,5,5,47,MARION (47),0,NOT APPLICABLE,28,28,7,July,2020,3,Tuesday,17,5:00pm-5:59pm,22,22,0,This section IS NOT on the NHS,4,County Road,CR-RIVER RD NE,CR-CLEARK LAKE RD NE,2,Urban,4,Minor Arterial,2,County Highway Agency,20,20,45.03518611,45.03518611,-123.00055278,-123.00055278,0,No Special Jurisdiction,12,Motor Vehicle In-Transport,6,Angle,0,No,2,Intersection,2,Four-Way Intersection,0,,1,On Roadway,1,Daylight,1,Clear,0,No,0000000,Not Applicable,99,Unknown,99,Unknown,99,Unknown EMS Scene Arrival Hour,99,Unknown EMS Scene Arrival Minutes,99,Unknown,99,Unknown EMS Hospital Arrival Time,1,0
41,Oregon,410137,3,3,0,0,0,3,3,29,JACKSON (29),1310,MEDFORD,20,20,9,September,2020,1,Sunday,17,5:00pm-5:59pm,47,47,0,This section IS NOT on the NHS,6,Local Street - Municipality,CRATER LAKE AVE,TEMPLE DR,2,Urban,4,Minor Arterial,4,City or Municipal Highway Agency,0,,42.35688889,42.35688889,-122.85568889,-122.85568889,0,No Special Jurisdiction,12,Motor Vehicle In-Transport,1,Front-to-Rear,0,No,3,Intersection-Related,3,T-Intersection,0,,1,On Roadway,1,Daylight,5,"Fog, Smog, Smoke",0,No,0000000,Not Applicable,99,Unknown,99,Unknown,99,Unknown EMS Scene Arrival Hour,99,Unknown EMS Scene Arrival Minutes,88,Not Applicable (Not Transported),88,Not Applicable (Not Transported),1,0
41,Oregon,410138,1,1,0,0,0,1,1,67,WASHINGTON (67),0,NOT APPLICABLE,23,23,9,September,2020,4,Wednesday,20,8:00pm-8:59pm,1,1,0,This section IS NOT on the NHS,4,County Road,CR-NW BETHANY BLVD,CR-NW RIDGETOP LN,2,Urban,4,Minor Arterial,2,County Highway Agency,0,,45.54240278,45.54240278,-122.84043056,-122.84043056,0,No Special Jurisdiction,59,Traffic Sign Support,0,The First Harmful Event was Not a Collision with a Motor Vehicle in Transport,0,No,3,Intersection-Related,2,Four-Way Intersection,0,,4,On Roadside,5,Dusk,2,Rain,0,No,0000000,Not Applicable,99,Unknown,99,Unknown,99,Unknown EMS Scene Arrival Hour,99,Unknown EMS Scene Arrival Minutes,88,Not Applicable (Not Transported),88,Not Applicable (Not Transported),1,1
41,Oregon,410139,3,3,0,0,0,3,3,41,LINCOLN (41),1225,LINCOLN CITY,11,11,7,July,2020,7,Saturday,21,9:00pm-9:59pm,20,20,1,This section IS ON the NHS,2,U.S. Highway,US-101 ODOT 9,,2,Urban,3,Principal Arterial - Other,1,State Highway Agency,1136,1136,44.98435278,44.98435278,-124.00724167,-124.00724167,0,No Special Jurisdiction,12,Motor Vehicle In-Transport,6,Angle,0,No,1,Non-Junction,1,Not an Intersection,0,,1,On Roadway,5,Dusk,1,Clear,0,No,0000000,Not Applicable,21,9:00pm-9:59pm,22,22,21,9:00pm-9:59pm,26,26,99,Unknown,99,Unknown EMS Hospital Arrival Time,1,0
41,Oregon,410140,1,1,0,0,0,1,1,53,POLK (53),0,NOT APPLICABLE,29,29,7,July,2020,4,Wednesday,20,8:00pm-8:59pm,30,30,0,This section IS NOT on the NHS,3,State Highway,SR-194 ODOT 194,,1,Rural,4,Minor Arterial,1,State Highway Agency,10,10,44.83199444,44.83199444,-123.34533056,-123.34533056,0,No Special Jurisdiction,42,Tree (Standing Only),0,The First Harmful Event was Not a Collision with a Motor Vehicle in Transport,0,No,1,Non-Junction,1,Not an Intersection,0,,4,On Roadside,2,Dark - Not Lighted,1,Clear,0,No,0000000,Not Applicable,22,10:00pm-10:59pm,0,0,23,11:00pm-11:59pm,23,23,88,Not Applicable (Not Transported),88,Not Applicable (Not Transported),1,1
41,Oregon,410141,1,1,0,0,0,1,1,19,DOUGLAS (19),0,NOT APPLICABLE,1,1,7,July,2020,4,Wednesday,10,10:00am-10:59am,47,47,1,This section IS ON the NHS,2,U.S. Highway,US-101 ODOT 9,,1,Rural,3,Principal Arterial - Other,1,State Highway Agency,2177,2177,43.69831389,43.69831389,-124.11148889,-124.11148889,0,No Special Jurisdiction,42,Tree (Standing Only),0,The First Harmful Event was Not a Collision with a Motor Vehicle in Transport,0,No,1,Non-Junction,1,Not an Intersection,0,,4,On Roadside,1,Daylight,1,Clear,0,No,0000000,Not Applicable,10,10:00am-10:59am,47,47,10,10:00am-10:59am,53,53,88,Not Applicable (Not Transported),88,Not Applicable (Not Transported),1,1
41,Oregon,410142,1,1,0,0,0,1,1,35,KLAMATH (35),0,NOT APPLICABLE,14,14,7,July,2020,3,Tuesday,99,Unknown Hours,99,Unknown Minutes,0,This section IS NOT on the NHS,4,County Road,CR-SPRAGUE RIVER RD,,1,Rural,5,Major Collector,2,County Highway Agency,230,230,42.56411667,42.56411667,-121.68123333,-121.68123333,0,No Special Jurisdiction,42,Tree (Standing Only),0,The First Harmful Event was Not a Collision with a Motor Vehicle in Transport,0,No,1,Non-Junction,1,Not an Intersection,0,,4,On Roadside,9,Reported as Unknown,1,Clear,0,No,0000000,Not Applicable,11,11:00am-11:59am,8,8,11,11:00am-11:59am,24,24,88,Not Applicable (Not Transported),88,Not Applicable (Not Transported),1,1
41,Oregon,410143,1,1,0,0,0,1,1,19,DOUGLAS (19),0,NOT APPLICABLE,16,16,7,July,2020,5,Thursday,9,9:00am-9:59am,15,15,0,This section IS NOT on the NHS,4,County Road,CR-LOON LAKE RD,,1,Rural,6,Minor Collector,2,County Highway Agency,72,72,43.57573889,43.57573889,-123.82986667,-123.82986667,0,No Special Jurisdiction,1,Rollover/Overturn,0,The First Harmful Event was Not a Collision with a Motor Vehicle in Transport,0,No,1,Non-Junction,1,Not an Intersection,0,,5,Outside Trafficway,1,Daylight,1,Clear,0,No,0000000,Not Applicable,9,9:00am-9:59am,35,35,9,9:00am-9:59am,38,38,88,Not Applicable (Not Transported),88,Not Applicable (Not Transported),1,1
41,Oregon,410144,5,5,0,0,0,5,5,5,CLACKAMAS (5),0,NOT APPLICABLE,28,28,7,July,2020,3,Tuesday,7,7:00am-7:59am,19,19,0,This section IS NOT on the NHS,3,State Highway,SR-224 ODOT 171,,1,Rural,4,Minor Arterial,1,State Highway Agency,118,118,45.38793056,45.38793056,-122.45852778,-122.45852778,0,No Special Jurisdiction,12,Motor Vehicle In-Transport,6,Angle,0,No,1,Non-Junction,1,Not an Intersection,0,,1,On Roadway,1,Daylight,1,Clear,0,No,0000000,Not Applicable,7,7:00am-7:59am,20,20,7,7:00am-7:59am,25,25,99,Unknown,99,Unknown EMS Hospital Arrival Time,1,0
41,Oregon,410145,1,1,0,0,0,1,1,41,LINCOLN (41),0,NOT APPLICABLE,26,26,7,July,2020,1,Sunday,19,7:00pm-7:59pm,7,7,0,This section IS NOT on the NHS,3,State Highway,SR-34 ODOT 27,,1,Rural,4,Minor Arterial,1,State Highway Agency,145,145,44.39590833,44.39590833,-123.82819444,-123.82819444,0,No Special Jurisdiction,34,Ditch,0,The First Harmful Event was Not a Collision with a Motor Vehicle in Transport,0,No,1,Non-Junction,1,Not an Intersection,0,,4,On Roadside,1,Daylight,1,Clear,0,No,0000000,Not Applicable,19,7:00pm-7:59pm,7,7,19,7:00pm-7:59pm,21,21,88,Not Applicable (Not Transported),88,Not Applicable (Not Transported),1,1
41,Oregon,410146,1,1,0,1,1,2,2,7,CLATSOP (7),770,GEARHART,30,30,7,July,2020,5,Thursday,21,9:00pm-9:59pm,30,30,1,This section IS ON the NHS,2,U.S. Highway,US-101 ODOT 9,CR-WAKEMAN LN,2,Urban,3,Principal Arterial - Other,1,State Highway Agency,174,174,46.04325278,46.04325278,-123.91345833,-123.91345833,0,No Special Jurisdiction,8,Pedestrian,0,The First Harmful Event was Not a Collision with a Motor Vehicle in Transport,0,No,3,Intersection-Related,3,T-Intersection,0,,1,On Roadway,2,Dark - Not Lighted,1,Clear,0,No,0000000,Not Applicable,21,9:00pm-9:59pm,30,30,21,9:00pm-9:59pm,33,33,88,Not Applicable (Not Transported),88,Not Applicable (Not Transported),1,0
41,Oregon,410147,3,3,0,0,0,7,7,47,MARION (47),0,NOT APPLICABLE,26,26,7,July,2020,1,Sunday,14,2:00pm-2:59pm,59,59,1,This section IS ON the NHS,3,State Highway,SR-22 ODOT 162,,1,Rural,3,Principal Arterial - Other,1,State Highway Agency,381,381,44.75736944,44.75736944,-122.33113333,-122.33113333,0,No Special Jurisdiction,12,Motor Vehicle In-Transport,6,Angle,0,No,1,Non-Junction,1,Not an Intersection,0,,1,On Roadway,1,Daylight,1,Clear,0,No,0000000,Not Applicable,14,2:00pm-2:59pm,59,59,15,3:00pm-3:59pm,17,17,99,Unknown,99,Unknown EMS Hospital Arrival Time,1,0
41,Oregon,410148,1,1,0,0,0,1,1,53,POLK (53),1810,SALEM,31,31,7,July,2020,6,Friday,17,5:00pm-5:59pm,45,45,1,This section IS ON the NHS,3,State Highway,SR-22 ODOT 30,,2,Urban,3,Principal Arterial - Other,1,State Highway Agency,258,258,44.94634722,44.94634722,-123.04473056,-123.04473056,0,No Special Jurisdiction,23,Bridge Rail (Includes parapet),0,The First Harmful Event was Not a Collision with a Motor Vehicle in Transport,0,No,1,Non-Junction,1,Not an Intersection,0,,4,On Roadside,1,Daylight,1,Clear,0,No,0000000,Not Applicable,17,5:00pm-5:59pm,45,45,17,5:00pm-5:59pm,49,49,88,Not Applicable (Not Transported),88,Not Applicable (Not Transported),1,1
41,Oregon,410149,2,2,0,0,0,3,3,17,DESCHUTES (17),0,NOT APPLICABLE,1,1,8,August,2020,7,Saturday,13,1:00pm-1:59pm,22,22,1,This section IS ON the NHS,2,U.S. Highway,US-97 ODO 4,CR-NW PERSHALL WAY,2,Urban,3,Principal Arterial - Other,1,State Highway Agency,1185,1185,44.31273056,44.31273056,-121.17152778,-121.17152778,0,No Special Jurisdiction,12,Motor Vehicle In-Transport,6,Angle,0,No,2,Intersection,2,Four-Way Intersection,0,,1,On Roadway,1,Daylight,1,Clear,0,No,0000000,Not Applicable,13,1:00pm-1:59pm,22,22,13,1:00pm-1:59pm,26,26,88,Not Applicable (Not Transported),88,Not Applicable (Not Transported),2,1
41,Oregon,410150,1,1,0,0,0,1,1,1,BAKER (1),0,NOT APPLICABLE,7,7,8,August,2020,6,Friday,14,2:00pm-2:59pm,18,18,1,This section IS ON the NHS,1,Interstate,I-84,,1,Rural,1,Interstate,1,State Highway Agency,2917,2917,44.96084167,44.96084167,-117.86361944,-117.86361944,0,No Special Jurisdiction,1,Rollover/Overturn,0,The First Harmful Event was Not a Collision with a Motor Vehicle in Transport,0,No,1,Non-Junction,1,Not an Intersection,0,,4,On Roadside,1,Daylight,1,Clear,0,No,0000000,Not Applicable,14,2:00pm-2:59pm,13,13,14,2:00pm-2:59pm,29,29,88,Not Applicable (Not Transported),88,Not Applicable (Not Transported),1,0
41,Oregon,410151,1,1,0,0,0,1,1,65,WASCO (65),0,NOT APPLICABLE,9,9,8,August,2020,1,Sunday,14,2:00pm-2:59pm,25,25,0,This section IS NOT on the NHS,2,U.S. Highway,US-197 ODOT 4,,1,Rural,4,Minor Arterial,1,State Highway Agency,616,616,44.9904,44.9904,-120.99489167,-120.99489167,0,No Special Jurisdiction,1,Rollover/Overturn,0,The First Harmful Event was Not a Collision with a Motor Vehicle in Transport,0,No,1,Non-Junction,1,Not an Intersection,0,,4,On Roadside,1,Daylight,1,Clear,0,No,0000000,Not Applicable,14,2:00pm-2:59pm,34,34,15,3:00pm-3:59pm,1,1,88,Not Applicable (Not Transported),88,Not Applicable (Not Transported),1,1
41,Oregon,410152,2,2,0,0,0,3,3,59,UMATILLA (59),0,NOT APPLICABLE,10,10,8,August,2020,2,Monday,11,11:00am-11:59am,9,9,0,This section IS NOT on the NHS,3,State Highway,SR-37 ODOT 36,,1,Rural,5,Major Collector,1,State Highway Agency,77,77,45.88544167,45.88544167,-119.02126944,-119.02126944,0,No Special Jurisdiction,12,Motor Vehicle In-Transport,2,Front-to-Front,0,No,1,Non-Junction,1,Not an Intersection,0,,1,On Roadway,1,Daylight,1,Clear,0,No,0000000,Not Applicable,11,11:00am-11:59am,11,11,11,11:00am-11:59am,26,26,88,Not Applicable (Not Transported),88,Not Applicable (Not Transported),1,0
41,Oregon,410153,2,2,0,0,0,2,2,7,CLATSOP (7),0,NOT APPLICABLE,11,11,8,August,2020,3,Tuesday,10,10:00am-10:59am,17,17,1,This section IS ON the NHS,2,U.S. Highway,US-101 ODOT 9,,1,Rural,3,Principal Arterial - Other,1,State Highway Agency,320,320,45.84953056,45.84953056,-123.96044722,-123.96044722,0,No Special Jurisdiction,12,Motor Vehicle In-Transport,2,Front-to-Front,0,No,1,Non-Junction,1,Not an Intersection,0,,1,On Roadway,1,Daylight,1,Clear,0,No,0000000,Not Applicable,10,10:00am-10:59am,17,17,10,10:00am-10:59am,21,21,88,Not Applicable (Not Transported),88,Not Applicable (Not Transported),1,0
41,Oregon,410154,1,1,0,1,1,1,1,39,LANE (39),660,EUGENE,14,14,8,August,2020,6,Friday,13,1:00pm-1:59pm,36,36,1,This section IS ON the NHS,6,Local Street - Municipality,W 7TH AVE,TAYLOR ST,2,Urban,3,Principal Arterial - Other,4,City or Municipal Highway Agency,0,,44.05218056,44.05218056,-123.11405833,-123.11405833,0,No Special Jurisdiction,8,Pedestrian,0,The First Harmful Event was Not a Collision with a Motor Vehicle in Transport,0,No,3,Intersection-Related,2,Four-Way Intersection,0,,1,On Roadway,1,Daylight,98,Not Reported,0,No,0000000,Not Applicable,13,1:00pm-1:59pm,36,36,13,1:00pm-1:59pm,37,37,88,Not Applicable (Not Transported),88,Not Applicable (Not Transported),1,0
41,Oregon,410155,1,1,0,0,0,3,3,17,DESCHUTES (17),0,NOT APPLICABLE,16,16,8,August,2020,1,Sunday,11,11:00am-11:59am,27,27,0,This section IS NOT on the NHS,3,State Highway,SR-242 ODOT 15,,1,Rural,5,Major Collector,1,State Highway Agency,898,898,44.30076667,44.30076667,-121.60216944,-121.60216944,0,No Special Jurisdiction,1,Rollover/Overturn,0,The First Harmful Event was Not a Collision with a Motor Vehicle in Transport,0,No,1,Non-Junction,1,Not an Intersection,0,,4,On Roadside,1,Daylight,1,Clear,0,No,0000000,Not Applicable,11,11:00am-11:59am,27,27,11,11:00am-11:59am,33,33,99,Unknown,99,Unknown EMS Hospital Arrival Time,1,0
41,Oregon,410156,1,1,0,0,0,1,1,55,SHERMAN (55),0,NOT APPLICABLE,17,17,8,August,2020,2,Monday,16,4:00pm-4:59pm,13,13,1,This section IS ON the NHS,2,U.S. Highway,US-97 ODOT 42,,1,Rural,3,Principal Arterial - Other,1,State Highway Agency,309,309,45.32859444,45.32859444,-120.76868611,-120.76868611,0,No Special Jurisdiction,38,Fence,0,The First Harmful Event was Not a Collision with a Motor Vehicle in Transport,0,No,1,Non-Junction,1,Not an Intersection,0,,4,On Roadside,1,Daylight,10,Cloudy,0,No,0000000,Not Applicable,16,4:00pm-4:59pm,15,15,16,4:00pm-4:59pm,27,27,99,Unknown,99,Unknown EMS Hospital Arrival Time,1,0
41,Oregon,410157,1,1,0,0,0,1,1,33,JOSEPHINE (33),0,NOT APPLICABLE,18,18,8,August,2020,3,Tuesday,3,3:00am-3:59am,57,57,1,This section IS ON the NHS,2,U.S. Highway,US-199 ODOT 25,,1,Rural,3,Principal Arterial - Other,1,State Highway Agency,214,214,42.27717778,42.27717778,-123.61676389,-123.61676389,0,No Special Jurisdiction,34,Ditch,0,The First Harmful Event was Not a Collision with a Motor Vehicle in Transport,0,No,1,Non-Junction,1,Not an Intersection,0,,4,On Roadside,2,Dark - Not Lighted,1,Clear,0,No,0000000,Not Applicable,3,3:00am-3:59am,47,47,4,4:00am-4:59am,0,0,88,Not Applicable (Not Transported),88,Not Applicable (Not Transported),1,1
41,Oregon,410158,4,4,0,0,0,8,8,31,JEFFERSON (31),0,NOT APPLICABLE,18,18,8,August,2020,3,Tuesday,13,1:00pm-1:59pm,24,24,1,This section IS ON the NHS,2,U.S. Highway,US-97 ODOT 4,,1,Rural,3,Principal Arterial - Other,1,State Highway Agency,1000,1000,44.5706,44.5706,-121.16023056,-121.16023056,0,No Special Jurisdiction,12,Motor Vehicle In-Transport,1,Front-to-Rear,0,No,1,Non-Junction,1,Not an Intersection,0,,1,On Roadway,1,Daylight,1,Clear,0,No,0000000,Not Applicable,13,1:00pm-1:59pm,24,24,13,1:00pm-1:59pm,31,31,99,Unknown,99,Unknown EMS Hospital Arrival Time,1,0
41,Oregon,410159,1,1,0,0,0,1,1,19,DOUGLAS (19),0,NOT APPLICABLE,22,22,8,August,2020,7,Saturday,17,5:00pm-5:59pm,48,48,1,This section IS ON the NHS,3,State Highway,SR-38 ODOT 45,,1,Rural,3,Principal Arterial - Other,1,State Highway Agency,392,392,43.66403056,43.66403056,-123.48740556,-123.48740556,0,No Special Jurisdiction,17,Boulder,0,The First Harmful Event was Not a Collision with a Motor Vehicle in Transport,0,No,1,Non-Junction,1,Not an Intersection,0,,4,On Roadside,1,Daylight,1,Clear,0,No,0000000,Not Applicable,17,5:00pm-5:59pm,48,48,18,6:00pm-6:59pm,10,10,88,Not Applicable (Not Transported),88,Not Applicable (Not Transported),1,0
41,Oregon,410160,1,1,0,1,1,1,1,29,JACKSON (29),0,NOT APPLICABLE,26,26,8,August,2020,4,Wednesday,17,5:00pm-5:59pm,7,7,0,This section IS NOT on the NHS,4,County Road,CR-HOUSTON RD,,2,Urban,5,Major Collector,2,County Highway Agency,3,3,42.27293889,42.27293889,-122.82983333,-122.82983333,0,No Special Jurisdiction,8,Pedestrian,0,The First Harmful Event was Not a Collision with a Motor Vehicle in Transport,0,No,1,Non-Junction,1,Not an Intersection,0,,2,On Shoulder,1,Daylight,1,Clear,0,No,0000000,Not Applicable,17,5:00pm-5:59pm,8,8,17,5:00pm-5:59pm,12,12,88,Not Applicable (Not Transported),88,Not Applicable (Not Transported),1,1
41,Oregon,410161,1,1,0,1,1,1,1,43,LINN (43),0,NOT APPLICABLE,26,26,8,August,2020,4,Wednesday,4,4:00am-4:59am,45,45,1,This section IS ON the NHS,1,Interstate,I-5,,2,Urban,1,Interstate,1,State Highway Agency,2326,2326,44.62284167,44.62284167,-123.06185278,-123.06185278,0,No Special Jurisdiction,8,Pedestrian,0,The First Harmful Event was Not a Collision with a Motor Vehicle in Transport,0,No,1,Non-Junction,1,Not an Intersection,0,,1,On Roadway,2,Dark - Not Lighted,1,Clear,0,No,0000000,Not Applicable,4,4:00am-4:59am,45,45,4,4:00am-4:59am,48,48,88,Not Applicable (Not Transported),88,Not Applicable (Not Transported),1,0
41,Oregon,410162,1,1,0,0,0,1,1,65,WASCO (65),0,NOT APPLICABLE,29,29,8,August,2020,7,Saturday,14,2:00pm-2:59pm,29,29,0,This section IS NOT on the NHS,3,State Highway,SR-216 ODOT 290,,1,Rural,5,Major Collector,1,State Highway Agency,0,,45.22509722,45.22509722,-121.12461667,-121.12461667,0,No Special Jurisdiction,35,Embankment,0,The First Harmful Event was Not a Collision with a Motor Vehicle in Transport,0,No,1,Non-Junction,1,Not an Intersection,0,,4,On Roadside,1,Daylight,1,Clear,0,No,0000000,Not Applicable,14,2:00pm-2:59pm,30,30,14,2:00pm-2:59pm,37,37,99,Unknown,99,Unknown EMS Hospital Arrival Time,1,0
41,Oregon,410163,1,1,0,1,1,1,1,43,LINN (43),0,NOT APPLICABLE,30,30,4,April,2020,5,Thursday,10,10:00am-10:59am,50,50,0,This section IS NOT on the NHS,4,County Road,CR-OLD SANTIAM HWY,,1,Rural,7,Local,2,County Highway Agency,16,16,44.48229444,44.48229444,-122.82666667,-122.82666667,0,No Special Jurisdiction,9,Pedalcyclist,0,The First Harmful Event was Not a Collision with a Motor Vehicle in Transport,0,No,1,Non-Junction,1,Not an Intersection,0,,1,On Roadway,1,Daylight,1,Clear,0,No,0000000,Not Applicable,10,10:00am-10:59am,50,50,99,Unknown EMS Scene Arrival Hour,99,Unknown EMS Scene Arrival Minutes,88,Not Applicable (Not Transported),88,Not Applicable (Not Transported),1,0
41,Oregon,410164,1,1,0,0,0,1,1,51,MULTNOMAH (51),1650,PORTLAND,15,15,5,May,2020,6,Friday,1,1:00am-1:59am,41,41,1,This section IS ON the NHS,6,Local Street - Municipality,NE COLUMBIA BLVD,,2,Urban,3,Principal Arterial - Other,4,City or Municipal Highway Agency,0,,45.57701667,45.57701667,-122.64610556,-122.64610556,0,No Special Jurisdiction,30,Utility Pole/Light Support,0,The First Harmful Event was Not a Collision with a Motor Vehicle in Transport,0,No,1,Non-Junction,1,Not an Intersection,0,,4,On Roadside,2,Dark - Not Lighted,2,Rain,0,No,0000000,Not Applicable,99,Unknown,99,Unknown,99,Unknown EMS Scene Arrival Hour,99,Unknown EMS Scene Arrival Minutes,88,Not Applicable (Not Transported),88,Not Applicable (Not Transported),1,1
41,Oregon,410165,2,2,0,0,0,2,2,7,CLATSOP (7),0,NOT APPLICABLE,8,8,7,July,2020,4,Wednesday,19,7:00pm-7:59pm,10,10,1,This section IS ON the NHS,2,U.S. Highway,US-101 ODOT 9,,2,Urban,3,Principal Arterial - Other,1,State Highway Agency,191,191,46.01935556,46.01935556,-123.91139167,-123.91139167,0,No Special Jurisdiction,12,Motor Vehicle In-Transport,1,Front-to-Rear,0,No,1,Non-Junction,1,Not an Intersection,0,,1,On Roadway,1,Daylight,1,Clear,0,No,0000000,Not Applicable,19,7:00pm-7:59pm,11,11,19,7:00pm-7:59pm,18,18,88,Not Applicable (Not Transported),88,Not Applicable (Not Transported),1,1
41,Oregon,410166,2,2,0,0,0,2,2,57,TILLAMOOK (57),0,NOT APPLICABLE,9,9,7,July,2020,5,Thursday,13,1:00pm-1:59pm,53,53,1,This section IS ON the NHS,2,U.S. Highway,US-101 ODOT 9,CR-LONG PRAIRIE RD,1,Rural,3,Principal Arterial - Other,1,State Highway Agency,681,681,45.42679722,45.42679722,-123.82421667,-123.82421667,0,No Special Jurisdiction,12,Motor Vehicle In-Transport,6,Angle,0,No,2,Intersection,2,Four-Way Intersection,0,,1,On Roadway,1,Daylight,1,Clear,0,No,0000000,Not Applicable,13,1:00pm-1:59pm,52,52,13,1:00pm-1:59pm,56,56,99,Unknown,99,Unknown EMS Hospital Arrival Time,1,0
41,Oregon,410167,1,1,0,0,0,2,2,5,CLACKAMAS (5),0,NOT APPLICABLE,10,10,7,July,2020,6,Friday,19,7:00pm-7:59pm,35,35,1,This section IS ON the NHS,3,State Highway,SR-224 ODOT 75,,2,Urban,3,Principal Arterial - Other,1,State Highway Agency,46,46,45.41468056,45.41468056,-122.56006111,-122.56006111,0,No Special Jurisdiction,1,Rollover/Overturn,0,The First Harmful Event was Not a Collision with a Motor Vehicle in Transport,0,No,1,Non-Junction,1,Not an Intersection,0,,4,On Roadside,1,Daylight,98,Not Reported,0,No,0000000,Not Applicable,99,Unknown,99,Unknown,99,Unknown EMS Scene Arrival Hour,99,Unknown EMS Scene Arrival Minutes,99,Unknown,99,Unknown EMS Hospital Arrival Time,1,1
41,Oregon,410168,2,2,0,0,0,2,2,29,JACKSON (29),0,NOT APPLICABLE,2,2,9,September,2020,4,Wednesday,16,4:00pm-4:59pm,0,0,1,This section IS ON the NHS,3,State Highway,SR-140 ODOT 270,,2,Urban,3,Principal Arterial - Other,1,State Highway Agency,0,,42.42318056,42.42318056,-122.84669444,-122.84669444,0,No Special Jurisdiction,12,Motor Vehicle In-Transport,2,Front-to-Front,0,No,1,Non-Junction,1,Not an Intersection,0,,1,On Roadway,1,Daylight,1,Clear,0,No,0000000,Not Applicable,16,4:00pm-4:59pm,4,4,16,4:00pm-4:59pm,8,8,99,Unknown,99,Unknown EMS Hospital Arrival Time,1,0
41,Oregon,410169,2,2,0,0,0,2,2,43,LINN (43),0,NOT APPLICABLE,3,3,9,September,2020,5,Thursday,20,8:00pm-8:59pm,12,12,1,This section IS ON the NHS,3,State Highway,SR-34 ODOT 210,CR-RIVERSIDE DR,1,Rural,3,Principal Arterial - Other,1,State Highway Agency,30,30,44.56408889,44.56408889,-123.19763056,-123.19763056,0,No Special Jurisdiction,12,Motor Vehicle In-Transport,6,Angle,0,No,2,Intersection,3,T-Intersection,0,,1,On Roadway,5,Dusk,1,Clear,0,No,0000000,Not Applicable,20,8:00pm-8:59pm,12,12,99,Unknown EMS Scene Arrival Hour,97,Officially Cancelled,99,Unknown,97,Officially Canceled,1,0
41,Oregon,410170,1,1,0,1,1,2,2,51,MULTNOMAH (51),1650,PORTLAND,4,4,9,September,2020,6,Friday,2,2:00am-2:59am,28,28,1,This section IS ON the NHS,6,Local Street - Municipality,NE COUCH ST,,2,Urban,3,Principal Arterial - Other,4,City or Municipal Highway Agency,0,,45.52364444,45.52364444,-122.65638611,-122.65638611,0,No Special Jurisdiction,8,Pedestrian,0,The First Harmful Event was Not a Collision with a Motor Vehicle in Transport,0,No,1,Non-Junction,1,Not an Intersection,0,,1,On Roadway,3,Dark - Lighted,1,Clear,0,No,0000000,Not Applicable,99,Unknown,98,Unknown if Notified,99,Unknown EMS Scene Arrival Hour,98,Unknown if Arrived,88,Not Applicable (Not Transported),88,Not Applicable (Not Transported),1,0
41,Oregon,410171,2,1,1,0,0,2,2,51,MULTNOMAH (51),880,GRESHAM,5,5,9,September,2020,7,Saturday,5,5:00am-5:59am,3,3,1,This section IS ON the NHS,6,Local Street - Municipality,NE SANDY BLVD,,2,Urban,3,Principal Arterial - Other,4,City or Municipal Highway Agency,0,,45.54549444,45.54549444,-122.46703333,-122.46703333,0,No Special Jurisdiction,14,Parked Motor Vehicle,0,The First Harmful Event was Not a Collision with a Motor Vehicle in Transport,0,No,1,Non-Junction,1,Not an Intersection,0,,2,On Shoulder,3,Dark - Lighted,1,Clear,0,No,0000000,Not Applicable,99,Unknown,99,Unknown,99,Unknown EMS Scene Arrival Hour,98,Unknown if Arrived,88,Not Applicable (Not Transported),88,Not Applicable (Not Transported),2,0
41,Oregon,410172,2,2,0,0,0,5,5,5,CLACKAMAS (5),0,NOT APPLICABLE,6,6,9,September,2020,1,Sunday,20,8:00pm-8:59pm,43,43,0,This section IS NOT on the NHS,4,County Road,CR-SW STAFFORD RD,,2,Urban,4,Minor Arterial,2,County Highway Agency,32,32,45.35731389,45.35731389,-122.71877778,-122.71877778,0,No Special Jurisdiction,12,Motor Vehicle In-Transport,6,Angle,0,No,1,Non-Junction,1,Not an Intersection,0,,1,On Roadway,2,Dark - Not Lighted,1,Clear,0,No,0000000,Not Applicable,20,8:00pm-8:59pm,43,43,20,8:00pm-8:59pm,49,49,99,Unknown,99,Unknown EMS Hospital Arrival Time,1,0
41,Oregon,410173,1,1,0,2,2,1,1,11,COOS (11),0,NOT APPLICABLE,6,6,9,September,2020,1,Sunday,13,1:00pm-1:59pm,9,9,1,This section IS ON the NHS,2,U.S. Highway,US-101 ODOT 9,,1,Rural,3,Principal Arterial - Other,1,State Highway Agency,2320,2320,43.4572,43.4572,-124.22934167,-124.22934167,0,No Special Jurisdiction,9,Pedalcyclist,0,The First Harmful Event was Not a Collision with a Motor Vehicle in Transport,0,No,1,Non-Junction,1,Not an Intersection,0,,2,On Shoulder,1,Daylight,1,Clear,0,No,0000000,Not Applicable,13,1:00pm-1:59pm,12,12,13,1:00pm-1:59pm,20,20,99,Unknown,99,Unknown EMS Hospital Arrival Time,1,0
41,Oregon,410174,1,1,0,0,0,1,1,7,CLATSOP (7),0,NOT APPLICABLE,6,6,9,September,2020,1,Sunday,20,8:00pm-8:59pm,27,27,1,This section IS ON the NHS,2,U.S. Highway,US-26 ODOT 47,,1,Rural,3,Principal Arterial - Other,1,State Highway Agency,307,307,45.78431944,45.78431944,-123.43861389,-123.43861389,0,No Special Jurisdiction,18,Other Object (not fixed),0,The First Harmful Event was Not a Collision with a Motor Vehicle in Transport,0,No,1,Non-Junction,1,Not an Intersection,0,,4,On Roadside,2,Dark - Not Lighted,10,Cloudy,0,No,0000000,Not Applicable,20,8:00pm-8:59pm,49,49,21,9:00pm-9:59pm,0,0,88,Not Applicable (Not Transported),88,Not Applicable (Not Transported),1,1
41,Oregon,410175,1,1,0,0,0,1,1,9,COLUMBIA (9),0,NOT APPLICABLE,7,7,9,September,2020,2,Monday,19,7:00pm-7:59pm,28,28,1,This section IS ON the NHS,2,U.S. Highway,US-30 ODOT 92,,2,Urban,3,Principal Arterial - Other,1,State Highway Agency,218,218,45.77105833,45.77105833,-122.87923333,-122.87923333,0,No Special Jurisdiction,23,Bridge Rail (Includes parapet),0,The First Harmful Event was Not a Collision with a Motor Vehicle in Transport,0,No,1,Non-Junction,1,Not an Intersection,0,,4,On Roadside,1,Daylight,10,Cloudy,0,No,0000000,Not Applicable,19,7:00pm-7:59pm,31,31,19,7:00pm-7:59pm,36,36,88,Not Applicable (Not Transported),88,Not Applicable (Not Transported),1,0
41,Oregon,410176,3,3,0,0,0,3,3,39,LANE (39),0,NOT APPLICABLE,10,10,9,September,2020,5,Thursday,7,7:00am-7:59am,31,31,1,This section IS ON the NHS,3,State Highway,SR-58 ODOT 18,,1,Rural,3,Principal Arterial - Other,1,State Highway Agency,68,68,43.95069722,43.95069722,-122.88914722,-122.88914722,0,No Special Jurisdiction,12,Motor Vehicle In-Transport,8,Sideswipe - Opposite Direction,0,No,1,Non-Junction,1,Not an Intersection,0,,1,On Roadway,1,Daylight,5,"Fog, Smog, Smoke",0,No,0000000,Not Applicable,7,7:00am-7:59am,32,32,7,7:00am-7:59am,39,39,99,Unknown,99,Unknown EMS Hospital Arrival Time,1,0
41,Oregon,410177,1,1,0,0,0,1,1,31,JEFFERSON (31),0,NOT APPLICABLE,11,11,9,September,2020,6,Friday,18,6:00pm-6:59pm,16,16,1,This section IS ON the NHS,2,U.S. Highway,US-26 ODOT 53,,1,Rural,3,Principal Arterial - Other,1,State Highway Agency,1142,1142,44.68843889,44.68843889,-121.15302222,-121.15302222,0,No Special Jurisdiction,35,Embankment,0,The First Harmful Event was Not a Collision with a Motor Vehicle in Transport,0,No,1,Non-Junction,1,Not an Intersection,0,,4,On Roadside,5,Dusk,5,"Fog, Smog, Smoke",0,No,0000000,Not Applicable,6,6:00am-6:59am,16,16,6,6:00am-6:59am,20,20,88,Not Applicable (Not Transported),88,Not Applicable (Not Transported),1,0
41,Oregon,410178,2,2,0,0,0,2,2,33,JOSEPHINE (33),0,NOT APPLICABLE,15,15,9,September,2020,3,Tuesday,19,7:00pm-7:59pm,2,2,1,This section IS ON the NHS,2,U.S. Highway,US-199 ODOT 25,,1,Rural,3,Principal Arterial - Other,1,State Highway Agency,115,115,42.36245,42.36245,-123.518025,-123.518025,0,No Special Jurisdiction,12,Motor Vehicle In-Transport,2,Front-to-Front,0,No,1,Non-Junction,1,Not an Intersection,0,,1,On Roadway,1,Daylight,5,"Fog, Smog, Smoke",0,No,0000000,Not Applicable,19,7:00pm-7:59pm,8,8,19,7:00pm-7:59pm,13,13,99,Unknown,99,Unknown EMS Hospital Arrival Time,1,1
41,Oregon,410179,2,2,0,0,0,2,2,71,YAMHILL (71),0,NOT APPLICABLE,16,16,9,September,2020,4,Wednesday,20,8:00pm-8:59pm,30,30,1,This section IS ON the NHS,3,State Highway,SR-18 ODOT 39,CR-CRUICKSHANK RD,2,Urban,3,Principal Arterial - Other,1,State Highway Agency,485,485,45.20275556,45.20275556,-123.12800556,-123.12800556,0,No Special Jurisdiction,12,Motor Vehicle In-Transport,6,Angle,0,No,2,Intersection,3,T-Intersection,0,,1,On Roadway,2,Dark - Not Lighted,5,"Fog, Smog, Smoke",0,No,0000000,Not Applicable,20,8:00pm-8:59pm,35,35,20,8:00pm-8:59pm,40,40,88,Not Applicable (Not Transported),88,Not Applicable (Not Transported),1,1
41,Oregon,410180,2,2,0,0,0,3,3,19,DOUGLAS (19),0,NOT APPLICABLE,19,19,9,September,2020,7,Saturday,21,9:00pm-9:59pm,15,15,1,This section IS ON the NHS,3,State Highway,SR-42 ODOT 35,CR-JACKIE AVE,2,Urban,3,Principal Arterial - Other,1,State Highway Agency,750,750,43.13980278,43.13980278,-123.39068333,-123.39068333,0,No Special Jurisdiction,12,Motor Vehicle In-Transport,6,Angle,0,No,2,Intersection,3,T-Intersection,0,,1,On Roadway,2,Dark - Not Lighted,1,Clear,0,No,0000000,Not Applicable,99,Unknown,99,Unknown,99,Unknown EMS Scene Arrival Hour,99,Unknown EMS Scene Arrival Minutes,88,Not Applicable (Not Transported),88,Not Applicable (Not Transported),2,1
41,Oregon,410181,1,1,0,0,0,1,1,43,LINN (43),0,NOT APPLICABLE,20,20,9,September,2020,1,Sunday,7,7:00am-7:59am,10,10,1,This section IS ON the NHS,2,U.S. Highway,US-20 ODOT 16,,1,Rural,3,Principal Arterial - Other,1,State Highway Agency,669,669,44.40359444,44.40359444,-122.08025556,-122.08025556,0,No Special Jurisdiction,42,Tree (Standing Only),0,The First Harmful Event was Not a Collision with a Motor Vehicle in Transport,0,No,1,Non-Junction,1,Not an Intersection,0,,4,On Roadside,1,Daylight,1,Clear,0,No,0000000,Not Applicable,7,7:00am-7:59am,13,13,7,7:00am-7:59am,55,55,88,Not Applicable (Not Transported),88,Not Applicable (Not Transported),1,0
41,Oregon,410182,2,2,0,0,0,2,2,51,MULTNOMAH (51),1650,PORTLAND,22,22,9,September,2020,3,Tuesday,3,3:00am-3:59am,45,45,1,This section IS ON the NHS,1,Interstate,I-5,,2,Urban,1,Interstate,1,State Highway Agency,2947,2947,45.45088056,45.45088056,-122.72836667,-122.72836667,0,No Special Jurisdiction,12,Motor Vehicle In-Transport,2,Front-to-Front,0,No,1,Non-Junction,1,Not an Intersection,0,,1,On Roadway,3,Dark - Lighted,1,Clear,0,No,0000000,Not Applicable,99,Unknown,99,Unknown,99,Unknown EMS Scene Arrival Hour,99,Unknown EMS Scene Arrival Minutes,99,Unknown,99,Unknown EMS Hospital Arrival Time,1,1
41,Oregon,410183,3,3,0,0,0,6,6,17,DESCHUTES (17),0,NOT APPLICABLE,12,12,6,June,2020,6,Friday,15,3:00pm-3:59pm,30,30,1,This section IS ON the NHS,2,U.S. Highway,US-97 ODOT 4,,2,Urban,3,Principal Arterial - Other,1,State Highway Agency,1178,1178,44.31985556,44.31985556,-121.17222778,-121.17222778,0,No Special Jurisdiction,12,Motor Vehicle In-Transport,1,Front-to-Rear,0,No,1,Non-Junction,1,Not an Intersection,0,,1,On Roadway,1,Daylight,1,Clear,0,No,0000000,Not Applicable,15,3:00pm-3:59pm,30,30,15,3:00pm-3:59pm,35,35,99,Unknown,99,Unknown EMS Hospital Arrival Time,1,0
41,Oregon,410184,2,2,0,0,0,2,2,67,WASHINGTON (67),700,FOREST GROVE,12,12,7,July,2020,1,Sunday,18,6:00pm-6:59pm,0,0,1,This section IS ON the NHS,2,U.S. Highway,US-47 ODOT 29,MAPLE ST,2,Urban,3,Principal Arterial - Other,1,State Highway Agency,185,185,45.52010833,45.52010833,-123.09118889,-123.09118889,0,No Special Jurisdiction,12,Motor Vehicle In-Transport,6,Angle,0,No,2,Intersection,2,Four-Way Intersection,0,,1,On Roadway,1,Daylight,1,Clear,0,No,0000000,Not Applicable,18,6:00pm-6:59pm,7,7,18,6:00pm-6:59pm,9,9,88,Not Applicable (Not Transported),88,Not Applicable (Not Transported),1,0
41,Oregon,410185,1,1,0,0,0,1,1,19,DOUGLAS (19),1460,MYRTLE CREEK,17,17,7,July,2020,6,Friday,0,0:00am-0:59am,20,20,0,This section IS NOT on the NHS,6,Local Street - Municipality,MAIN AVE,,2,Urban,4,Minor Arterial,4,City or Municipal Highway Agency,0,,43.01355556,43.01355556,-123.29338611,-123.29338611,0,No Special Jurisdiction,34,Ditch,0,The First Harmful Event was Not a Collision with a Motor Vehicle in Transport,0,No,1,Non-Junction,1,Not an Intersection,0,,4,On Roadside,2,Dark - Not Lighted,1,Clear,0,No,0000000,Not Applicable,0,0:00am-0:59am,25,25,0,0:00am-0:59am,32,32,88,Not Applicable (Not Transported),88,Not Applicable (Not Transported),1,1
41,Oregon,410186,1,1,0,0,0,3,3,53,POLK (53),0,NOT APPLICABLE,25,25,7,July,2020,7,Saturday,1,1:00am-1:59am,40,40,0,This section IS NOT on the NHS,4,County Road,CR-AIRLIE RD,,1,Rural,6,Minor Collector,2,County Highway Agency,21,21,44.80236944,44.80236944,-123.35313333,-123.35313333,0,No Special Jurisdiction,32,Culvert,0,The First Harmful Event was Not a Collision with a Motor Vehicle in Transport,0,No,1,Non-Junction,1,Not an Intersection,0,,4,On Roadside,2,Dark - Not Lighted,1,Clear,0,No,0000000,Not Applicable,1,1:00am-1:59am,44,44,1,1:00am-1:59am,59,59,99,Unknown,99,Unknown EMS Hospital Arrival Time,2,0
41,Oregon,410187,1,1,0,0,0,2,2,71,YAMHILL (71),0,NOT APPLICABLE,25,25,7,July,2020,7,Saturday,13,1:00pm-1:59pm,43,43,0,This section IS NOT on the NHS,4,County Road,CR-NW WESTSIDE RD,,1,Rural,5,Major Collector,2,County Highway Agency,13,13,45.24346389,45.24346389,-123.19853889,-123.19853889,0,No Special Jurisdiction,34,Ditch,0,The First Harmful Event was Not a Collision with a Motor Vehicle in Transport,0,No,1,Non-Junction,1,Not an Intersection,0,,4,On Roadside,1,Daylight,1,Clear,0,No,0000000,Not Applicable,13,1:00pm-1:59pm,44,44,13,1:00pm-1:59pm,49,49,99,Unknown,99,Unknown EMS Hospital Arrival Time,1,1
41,Oregon,410188,1,1,0,0,0,1,1,5,CLACKAMAS (5),0,NOT APPLICABLE,1,1,8,August,2020,7,Saturday,16,4:00pm-4:59pm,24,24,0,This section IS NOT on the NHS,4,County Road,CR-S BEAVERCREEK RD,,2,Urban,4,Minor Arterial,2,County Highway Agency,120,120,45.29354167,45.29354167,-122.53781111,-122.53781111,0,No Special Jurisdiction,42,Tree (Standing Only),0,The First Harmful Event was Not a Collision with a Motor Vehicle in Transport,0,No,1,Non-Junction,1,Not an Intersection,0,,4,On Roadside,1,Daylight,1,Clear,0,No,0000000,Not Applicable,16,4:00pm-4:59pm,24,24,16,4:00pm-4:59pm,30,30,88,Not Applicable (Not Transported),88,Not Applicable (Not Transported),1,0
41,Oregon,410189,2,2,0,0,0,2,2,5,CLACKAMAS (5),0,NOT APPLICABLE,2,2,8,August,2020,1,Sunday,18,6:00pm-6:59pm,20,20,1,This section IS ON the NHS,3,State Highway,SR-213 ODOT 68,CR-SE LUTHER RD,2,Urban,3,Principal Arterial - Other,1,State Highway Agency,72,72,45.46116111,45.46116111,-122.57908056,-122.57908056,0,No Special Jurisdiction,12,Motor Vehicle In-Transport,98,Not Reported,0,No,2,Intersection,3,T-Intersection,0,,1,On Roadway,1,Daylight,1,Clear,0,No,0000000,Not Applicable,18,6:00pm-6:59pm,20,20,18,6:00pm-6:59pm,24,24,99,Unknown,99,Unknown EMS Hospital Arrival Time,1,1
41,Oregon,410190,1,1,0,0,0,1,1,7,CLATSOP (7),0,NOT APPLICABLE,3,3,8,August,2020,2,Monday,0,0:00am-0:59am,0,0,0,This section IS NOT on the NHS,2,U.S. Highway,US-53 ODOT 46,,1,Rural,5,Major Collector,1,State Highway Agency,31,31,45.86455833,45.86455833,-123.766675,-123.766675,0,No Special Jurisdiction,35,Embankment,0,The First Harmful Event was Not a Collision with a Motor Vehicle in Transport,0,No,1,Non-Junction,1,Not an Intersection,0,,4,On Roadside,2,Dark - Not Lighted,98,Not Reported,0,No,0000000,Not Applicable,88,Not Applicable (Not Notified),88,Not Applicable (Not Notified),88,Not Applicable,88,Not Applicable,88,Not Applicable (Not Transported),88,Not Applicable (Not Transported),1,1
41,Oregon,410191,1,1,0,0,0,1,1,59,UMATILLA (59),0,NOT APPLICABLE,7,7,8,August,2020,6,Friday,16,4:00pm-4:59pm,59,59,0,This section IS NOT on the NHS,4,County Road,CR-RIETH RD,,1,Rural,5,Major Collector,2,County Highway Agency,30,30,45.66294167,45.66294167,-118.89678889,-118.89678889,0,No Special Jurisdiction,34,Ditch,0,The First Harmful Event was Not a Collision with a Motor Vehicle in Transport,0,No,1,Non-Junction,1,Not an Intersection,0,,4,On Roadside,1,Daylight,1,Clear,0,No,0000000,Not Applicable,16,4:00pm-4:59pm,59,59,17,5:00pm-5:59pm,4,4,88,Not Applicable (Not Transported),88,Not Applicable (Not Transported),1,0
41,Oregon,410192,1,1,0,0,0,1,1,39,LANE (39),0,NOT APPLICABLE,7,7,8,August,2020,6,Friday,10,10:00am-10:59am,55,55,0,This section IS NOT on the NHS,4,County Road,CR-N COBURG RD,,1,Rural,5,Major Collector,2,County Highway Agency,32,32,44.18557222,44.18557222,-123.07143889,-123.07143889,0,No Special Jurisdiction,38,Fence,0,The First Harmful Event was Not a Collision with a Motor Vehicle in Transport,0,No,1,Non-Junction,1,Not an Intersection,0,,5,Outside Trafficway,1,Daylight,1,Clear,0,No,0000000,Not Applicable,10,10:00am-10:59am,58,58,11,11:00am-11:59am,12,12,99,Unknown,99,Unknown EMS Hospital Arrival Time,1,0
41,Oregon,410193,1,1,0,0,0,1,1,43,LINN (43),0,NOT APPLICABLE,8,8,8,August,2020,7,Saturday,0,0:00am-0:59am,23,23,0,This section IS NOT on the NHS,4,County Road,CR-PEORIA RD,,1,Rural,5,Major Collector,2,County Highway Agency,176,176,44.35931111,44.35931111,-123.19231944,-123.19231944,0,No Special Jurisdiction,1,Rollover/Overturn,0,The First Harmful Event was Not a Collision with a Motor Vehicle in Transport,0,No,1,Non-Junction,1,Not an Intersection,0,,4,On Roadside,2,Dark - Not Lighted,1,Clear,0,No,0000000,Not Applicable,0,0:00am-0:59am,23,23,0,0:00am-0:59am,23,23,99,Unknown,99,Unknown EMS Hospital Arrival Time,1,0
41,Oregon,410194,1,1,0,1,1,1,1,5,CLACKAMAS (5),0,NOT APPLICABLE,10,10,8,August,2020,2,Monday,20,8:00pm-8:59pm,17,17,1,This section IS ON the NHS,2,U.S. Highway,US-26 ODOT 26,,1,Rural,3,Principal Arterial - Other,1,State Highway Agency,190,190,45.36653611,45.36653611,-122.15801944,-122.15801944,0,No Special Jurisdiction,8,Pedestrian,0,The First Harmful Event was Not a Collision with a Motor Vehicle in Transport,0,No,1,Non-Junction,1,Not an Intersection,0,,1,On Roadway,5,Dusk,1,Clear,0,No,0000000,Not Applicable,20,8:00pm-8:59pm,17,17,99,Unknown EMS Scene Arrival Hour,99,Unknown EMS Scene Arrival Minutes,88,Not Applicable (Not Transported),88,Not Applicable (Not Transported),1,0
41,Oregon,410195,1,1,0,0,0,1,1,19,DOUGLAS (19),0,NOT APPLICABLE,12,12,8,August,2020,4,Wednesday,10,10:00am-10:59am,45,45,1,This section IS ON the NHS,3,State Highway,SR-38 ODOT 45,,1,Rural,3,Principal Arterial - Other,1,State Highway Agency,513,513,43.67473056,43.67473056,-123.30798611,-123.30798611,0,No Special Jurisdiction,42,Tree (Standing Only),0,The First Harmful Event was Not a Collision with a Motor Vehicle in Transport,0,No,1,Non-Junction,1,Not an Intersection,0,,4,On Roadside,1,Daylight,1,Clear,0,No,0000000,Not Applicable,10,10:00am-10:59am,45,45,10,10:00am-10:59am,56,56,99,Unknown,99,Unknown EMS Hospital Arrival Time,1,1
41,Oregon,410196,2,2,0,0,0,2,2,45,MALHEUR (45),0,NOT APPLICABLE,14,14,8,August,2020,6,Friday,0,0:00am-0:59am,45,45,0,This section IS NOT on the NHS,3,State Highway,SR-201 ODOT455,,1,Rural,4,Minor Arterial,1,State Highway Agency,180,180,44.14124444,44.14124444,-116.93958889,-116.93958889,0,No Special Jurisdiction,12,Motor Vehicle In-Transport,2,Front-to-Front,0,No,1,Non-Junction,1,Not an Intersection,0,,1,On Roadway,2,Dark - Not Lighted,1,Clear,0,No,0000000,Not Applicable,0,0:00am-0:59am,46,46,0,0:00am-0:59am,57,57,88,Not Applicable (Not Transported),88,Not Applicable (Not Transported),1,0
41,Oregon,410197,1,1,0,0,0,1,1,5,CLACKAMAS (5),0,NOT APPLICABLE,17,17,8,August,2020,2,Monday,12,12:00pm-12:59pm,25,25,0,This section IS NOT on the NHS,3,State Highway,SR-211 ODOT 161,,1,Rural,5,Major Collector,1,State Highway Agency,317,317,45.26893611,45.26893611,-122.34675833,-122.34675833,0,No Special Jurisdiction,35,Embankment,0,The First Harmful Event was Not a Collision with a Motor Vehicle in Transport,0,No,1,Non-Junction,1,Not an Intersection,0,,4,On Roadside,1,Daylight,1,Clear,0,No,0000000,Not Applicable,0,0:00am-0:59am,28,28,0,0:00am-0:59am,36,36,99,Unknown,99,Unknown EMS Hospital Arrival Time,1,0
41,Oregon,410198,1,1,0,0,0,1,1,57,TILLAMOOK (57),0,NOT APPLICABLE,18,18,8,August,2020,3,Tuesday,13,1:00pm-1:59pm,30,30,0,This section IS NOT on the NHS,3,State Highway,SR-130 ODOT 130,,1,Rural,5,Major Collector,1,State Highway Agency,41,41,45.12407222,45.12407222,-123.879775,-123.879775,0,No Special Jurisdiction,3,Immersion or Partial Immersion,0,The First Harmful Event was Not a Collision with a Motor Vehicle in Transport,0,No,1,Non-Junction,1,Not an Intersection,0,,4,On Roadside,1,Daylight,1,Clear,0,No,0000000,Not Applicable,13,1:00pm-1:59pm,30,30,13,1:00pm-1:59pm,45,45,88,Not Applicable (Not Transported),88,Not Applicable (Not Transported),1,0
41,Oregon,410199,2,2,0,0,0,2,2,71,YAMHILL (71),0,NOT APPLICABLE,19,19,8,August,2020,4,Wednesday,13,1:00pm-1:59pm,50,50,0,This section IS NOT on the NHS,4,County Road,CR-NE NORTH VALLEY RD,CR-NE LAUGHLIN RD,1,Rural,5,Major Collector,2,County Highway Agency,86,86,45.38156944,45.38156944,-123.09494722,-123.09494722,0,No Special Jurisdiction,12,Motor Vehicle In-Transport,6,Angle,0,No,2,Intersection,2,Four-Way Intersection,0,,1,On Roadway,1,Daylight,1,Clear,0,No,0000000,Not Applicable,13,1:00pm-1:59pm,52,52,14,2:00pm-2:59pm,0,0,99,Unknown,99,Unknown EMS Hospital Arrival Time,1,0
41,Oregon,410200,1,1,0,0,0,1,1,25,HARNEY (25),0,NOT APPLICABLE,20,20,8,August,2020,5,Thursday,9,9:00am-9:59am,51,51,1,This section IS ON the NHS,2,U.S. Highway,US-20 ODOT 7,,1,Rural,3,Principal Arterial - Other,1,State Highway Agency,1239,1239,43.511625,43.511625,-119.12998056,-119.12998056,0,No Special Jurisdiction,38,Fence,0,The First Harmful Event was Not a Collision with a Motor Vehicle in Transport,0,No,1,Non-Junction,1,Not an Intersection,0,,5,Outside Trafficway,1,Daylight,1,Clear,0,No,0000000,Not Applicable,9,9:00am-9:59am,51,51,10,10:00am-10:59am,0,0,99,Unknown,99,Unknown EMS Hospital Arrival Time,1,0
41,Oregon,410201,2,2,0,0,0,2,2,59,UMATILLA (59),1610,PENDLETON,20,20,8,August,2020,5,Thursday,15,3:00pm-3:59pm,50,50,1,This section IS ON the NHS,3,State Highway,SR-11 ODOT 8,US-30 ODOT 67,2,Urban,3,Principal Arterial - Other,1,State Highway Agency,0,,45.67305,45.67305,-118.76188611,-118.76188611,0,No Special Jurisdiction,12,Motor Vehicle In-Transport,6,Angle,0,No,2,Intersection,3,T-Intersection,0,,1,On Roadway,1,Daylight,1,Clear,0,No,0000000,Not Applicable,15,3:00pm-3:59pm,52,52,15,3:00pm-3:59pm,54,54,99,Unknown,99,Unknown EMS Hospital Arrival Time,1,0
41,Oregon,410202,1,1,0,1,1,1,1,55,SHERMAN (55),0,NOT APPLICABLE,22,22,8,August,2020,7,Saturday,20,8:00pm-8:59pm,40,40,1,This section IS ON the NHS,2,U.S. Highway,US-97-30 ODOT 301,,1,Rural,3,Principal Arterial - Other,1,State Highway Agency,57,57,45.59546111,45.59546111,-120.71824722,-120.71824722,0,No Special Jurisdiction,8,Pedestrian,0,The First Harmful Event was Not a Collision with a Motor Vehicle in Transport,0,No,1,Non-Junction,1,Not an Intersection,0,,1,On Roadway,1,Daylight,1,Clear,0,No,0000000,Not Applicable,20,8:00pm-8:59pm,38,38,20,8:00pm-8:59pm,51,51,88,Not Applicable (Not Transported),88,Not Applicable (Not Transported),1,0
41,Oregon,410203,2,2,0,0,0,2,2,39,LANE (39),0,NOT APPLICABLE,5,5,9,September,2020,7,Saturday,12,12:00pm-12:59pm,20,20,1,This section IS ON the NHS,3,State Highway,SR-58 ODOT 18,,1,Rural,3,Principal Arterial - Other,1,State Highway Agency,143,143,43.91254722,43.91254722,-122.797875,-122.797875,0,No Special Jurisdiction,12,Motor Vehicle In-Transport,1,Front-to-Rear,0,No,8,Driveway Access Related,1,Not an Intersection,0,,1,On Roadway,1,Daylight,1,Clear,0,No,0000000,Not Applicable,12,12:00pm-12:59pm,23,23,12,12:00pm-12:59pm,25,25,99,Unknown,99,Unknown EMS Hospital Arrival Time,1,0
41,Oregon,410204,1,1,0,0,0,1,1,37,LAKE (37),0,NOT APPLICABLE,1,1,9,September,2020,3,Tuesday,11,11:00am-11:59am,5,5,0,This section IS NOT on the NHS,3,State Highway,SR-140 ODOT 431,,1,Rural,5,Major Collector,1,State Highway Agency,449,449,42.07804722,42.07804722,-119.57455278,-119.57455278,0,No Special Jurisdiction,1,Rollover/Overturn,0,The First Harmful Event was Not a Collision with a Motor Vehicle in Transport,0,No,1,Non-Junction,1,Not an Intersection,0,,4,On Roadside,1,Daylight,1,Clear,0,No,0000000,Not Applicable,11,11:00am-11:59am,5,5,11,11:00am-11:59am,40,40,88,Not Applicable (Not Transported),88,Not Applicable (Not Transported),1,0
41,Oregon,410205,2,2,0,1,1,3,3,59,UMATILLA (59),1610,PENDLETON,5,5,9,September,2020,7,Saturday,23,11:00pm-11:59pm,49,49,1,This section IS ON the NHS,1,Interstate,I-84,,2,Urban,1,Interstate,1,State Highway Agency,2095,2095,45.66385833,45.66385833,-118.80938056,-118.80938056,0,No Special Jurisdiction,8,Pedestrian,0,The First Harmful Event was Not a Collision with a Motor Vehicle in Transport,0,No,1,Non-Junction,1,Not an Intersection,0,,1,On Roadway,2,Dark - Not Lighted,1,Clear,0,No,0000000,Not Applicable,23,11:00pm-11:59pm,49,49,23,11:00pm-11:59pm,56,56,88,Not Applicable (Not Transported),88,Not Applicable (Not Transported),1,0
41,Oregon,410206,2,2,0,0,0,4,4,19,DOUGLAS (19),0,NOT APPLICABLE,5,5,9,September,2020,7,Saturday,21,9:00pm-9:59pm,40,40,1,This section IS ON the NHS,3,State Highway,SR-38 ODOT 45,CR-HARDCRABBLE RD,1,Rural,3,Principal Arterial - Other,1,State Highway Agency,474,474,43.66561944,43.66561944,-123.36972778,-123.36972778,0,No Special Jurisdiction,12,Motor Vehicle In-Transport,6,Angle,0,No,2,Intersection,3,T-Intersection,0,,1,On Roadway,2,Dark - Not Lighted,1,Clear,0,No,0000000,Not Applicable,21,9:00pm-9:59pm,40,40,21,9:00pm-9:59pm,44,44,88,Not Applicable (Not Transported),88,Not Applicable (Not Transported),2,0
41,Oregon,410207,3,3,0,0,0,6,6,39,LANE (39),0,NOT APPLICABLE,9,9,9,September,2020,4,Wednesday,13,1:00pm-1:59pm,30,30,1,This section IS ON the NHS,3,State Highway,SR-58 ODOT 18,,1,Rural,3,Principal Arterial - Other,1,State Highway Agency,597,597,43.61211667,43.61211667,-122.10699167,-122.10699167,0,No Special Jurisdiction,12,Motor Vehicle In-Transport,2,Front-to-Front,0,No,1,Non-Junction,1,Not an Intersection,0,,1,On Roadway,1,Daylight,1,Clear,0,No,0000000,Not Applicable,13,1:00pm-1:59pm,32,32,13,1:00pm-1:59pm,45,45,88,Not Applicable (Not Transported),88,Not Applicable (Not Transported),2,0
41,Oregon,410208,2,2,0,1,1,4,4,51,MULTNOMAH (51),1650,PORTLAND,11,11,9,September,2020,6,Friday,18,6:00pm-6:59pm,42,42,0,This section IS NOT on the NHS,6,Local Street - Municipality,E BURNSIDE ST,SE 18TH AVE,2,Urban,4,Minor Arterial,4,City or Municipal Highway Agency,0,,45.52288889,45.52288889,-122.64756944,-122.64756944,0,No Special Jurisdiction,12,Motor Vehicle In-Transport,6,Angle,0,No,2,Intersection,2,Four-Way Intersection,0,,1,On Roadway,1,Daylight,5,"Fog, Smog, Smoke",0,No,0000000,Not Applicable,18,6:00pm-6:59pm,42,42,18,6:00pm-6:59pm,47,47,99,Unknown,99,Unknown EMS Hospital Arrival Time,1,1
41,Oregon,410210,2,2,0,0,0,4,4,19,DOUGLAS (19),0,NOT APPLICABLE,29,29,9,September,2020,3,Tuesday,13,1:00pm-1:59pm,12,12,0,This section IS NOT on the NHS,3,State Highway,SR-138 ODOT 231,CR-DOVETAIL LN,2,Urban,4,Minor Arterial,1,State Highway Agency,230,230,43.392325,43.392325,-123.35758056,-123.35758056,0,No Special Jurisdiction,12,Motor Vehicle In-Transport,6,Angle,0,No,2,Intersection,2,Four-Way Intersection,0,,1,On Roadway,1,Daylight,1,Clear,0,No,0000000,Not Applicable,13,1:00pm-1:59pm,12,12,13,1:00pm-1:59pm,14,14,99,Unknown,99,Unknown EMS Hospital Arrival Time,2,0
41,Oregon,410211,1,1,0,0,0,1,1,65,WASCO (65),0,NOT APPLICABLE,25,25,9,September,2020,6,Friday,0,0:00am-0:59am,21,21,1,This section IS ON the NHS,2,U.S. Highway,US-26 ODOT 53,,1,Rural,3,Principal Arterial - Other,1,State Highway Agency,750,750,45.11524167,45.11524167,-121.57619722,-121.57619722,0,No Special Jurisdiction,42,Tree (Standing Only),0,The First Harmful Event was Not a Collision with a Motor Vehicle in Transport,0,No,1,Non-Junction,1,Not an Intersection,0,,4,On Roadside,2,Dark - Not Lighted,1,Clear,0,No,0000000,Not Applicable,0,0:00am-0:59am,21,21,0,0:00am-0:59am,40,40,88,Not Applicable (Not Transported),88,Not Applicable (Not Transported),1,1
41,Oregon,410213,2,2,0,0,0,2,2,33,JOSEPHINE (33),0,NOT APPLICABLE,2,2,10,October,2020,6,Friday,5,5:00am-5:59am,53,53,1,This section IS ON the NHS,2,U.S. Highway,US-199 ODOT 25,,1,Rural,3,Principal Arterial - Other,1,State Highway Agency,301,301,42.14683333,42.14683333,-123.65486667,-123.65486667,0,No Special Jurisdiction,12,Motor Vehicle In-Transport,2,Front-to-Front,0,No,1,Non-Junction,1,Not an Intersection,0,,1,On Roadway,2,Dark - Not Lighted,1,Clear,0,No,0000000,Not Applicable,5,5:00am-5:59am,53,53,6,6:00am-6:59am,3,3,88,Not Applicable (Not Transported),88,Not Applicable (Not Transported),2,0
41,Oregon,410215,2,2,0,0,0,3,3,33,JOSEPHINE (33),0,NOT APPLICABLE,5,5,10,October,2020,2,Monday,9,9:00am-9:59am,52,52,0,This section IS NOT on the NHS,4,County Road,CR-UPPER RIVER RD,CR-PINECREST DR,2,Urban,5,Major Collector,2,County Highway Agency,0,,42.44481944,42.44481944,-123.36791111,-123.36791111,0,No Special Jurisdiction,12,Motor Vehicle In-Transport,6,Angle,1,Yes,2,Intersection,3,T-Intersection,0,,1,On Roadway,1,Daylight,1,Clear,0,No,0000000,Not Applicable,9,9:00am-9:59am,52,52,99,Unknown EMS Scene Arrival Hour,99,Unknown EMS Scene Arrival Minutes,88,Not Applicable (Not Transported),88,Not Applicable (Not Transported),1,0
41,Oregon,410216,1,1,0,0,0,1,1,41,LINCOLN (41),0,NOT APPLICABLE,6,6,10,October,2020,3,Tuesday,18,6:00pm-6:59pm,30,30,1,This section IS ON the NHS,2,U.S. Highway,US-101 ODOT 9,,2,Urban,3,Principal Arterial - Other,1,State Highway Agency,1604,1604,44.85340833,44.85340833,-124.04216667,-124.04216667,0,No Special Jurisdiction,34,Ditch,0,The First Harmful Event was Not a Collision with a Motor Vehicle in Transport,0,No,1,Non-Junction,1,Not an Intersection,0,,4,On Roadside,5,Dusk,1,Clear,0,No,0000000,Not Applicable,18,6:00pm-6:59pm,39,39,18,6:00pm-6:59pm,50,50,99,Unknown,99,Unknown EMS Hospital Arrival Time,1,0
41,Oregon,410217,1,1,0,0,0,2,2,11,COOS (11),0,NOT APPLICABLE,7,7,10,October,2020,4,Wednesday,15,3:00pm-3:59pm,10,10,1,This section IS ON the NHS,2,U.S. Highway,US-101 ODOT 9,,1,Rural,3,Principal Arterial - Other,1,State Highway Agency,2576,2576,43.17122222,43.17122222,-124.37550556,-124.37550556,0,No Special Jurisdiction,42,Tree (Standing Only),0,The First Harmful Event was Not a Collision with a Motor Vehicle in Transport,0,No,1,Non-Junction,1,Not an Intersection,0,,5,Outside Trafficway,1,Daylight,1,Clear,0,No,0000000,Not Applicable,15,3:00pm-3:59pm,11,11,15,3:00pm-3:59pm,16,16,99,Unknown,99,Unknown EMS Hospital Arrival Time,1,0
41,Oregon,410218,1,1,0,0,0,1,1,65,WASCO (65),0,NOT APPLICABLE,7,7,10,October,2020,4,Wednesday,17,5:00pm-5:59pm,40,40,1,This section IS ON the NHS,2,U.S. Highway,US-97 ODOT 42,,1,Rural,3,Principal Arterial - Other,1,State Highway Agency,591,591,45.00308056,45.00308056,-120.80547778,-120.80547778,0,No Special Jurisdiction,1,Rollover/Overturn,0,The First Harmful Event was Not a Collision with a Motor Vehicle in Transport,0,No,1,Non-Junction,1,Not an Intersection,0,,4,On Roadside,5,Dusk,1,Clear,0,No,0000000,Not Applicable,17,5:00pm-5:59pm,41,41,18,6:00pm-6:59pm,18,18,88,Not Applicable (Not Transported),88,Not Applicable (Not Transported),1,1
41,Oregon,410219,1,1,0,0,0,1,1,5,CLACKAMAS (5),0,NOT APPLICABLE,8,8,10,October,2020,5,Thursday,21,9:00pm-9:59pm,7,7,0,This section IS NOT on the NHS,3,State Highway,SR-99 ODOT 81,,1,Rural,4,Minor Arterial,1,State Highway Agency,164,164,45.28561944,45.28561944,-122.65921389,-122.65921389,0,No Special Jurisdiction,17,Boulder,0,The First Harmful Event was Not a Collision with a Motor Vehicle in Transport,0,No,1,Non-Junction,1,Not an Intersection,0,,4,On Roadside,2,Dark - Not Lighted,1,Clear,0,No,0000000,Not Applicable,21,9:00pm-9:59pm,7,7,21,9:00pm-9:59pm,10,10,88,Not Applicable (Not Transported),88,Not Applicable (Not Transported),1,1
41,Oregon,410220,1,1,0,0,0,1,1,33,JOSEPHINE (33),0,NOT APPLICABLE,23,23,9,September,2020,4,Wednesday,0,0:00am-0:59am,18,18,1,This section IS ON the NHS,2,U.S. Highway,US-199 ODOT 25,,1,Rural,3,Principal Arterial - Other,1,State Highway Agency,160,160,42.33383611,42.33383611,-123.5878,-123.5878,0,No Special Jurisdiction,42,Tree (Standing Only),0,The First Harmful Event was Not a Collision with a Motor Vehicle in Transport,0,No,1,Non-Junction,1,Not an Intersection,0,,4,On Roadside,2,Dark - Not Lighted,1,Clear,0,No,0000000,Not Applicable,88,Not Applicable (Not Notified),88,Not Applicable (Not Notified),88,Not Applicable,88,Not Applicable,88,Not Applicable (Not Transported),88,Not Applicable (Not Transported),1,1
41,Oregon,410221,1,1,0,0,0,1,1,39,LANE (39),690,FLORENCE,27,27,9,September,2020,1,Sunday,15,3:00pm-3:59pm,10,10,0,This section IS NOT on the NHS,6,Local Street - Municipality,RHODODENDRON DR,,2,Urban,5,Major Collector,4,City or Municipal Highway Agency,0,,43.99125,43.99125,-124.11922778,-124.11922778,0,No Special Jurisdiction,3,Immersion or Partial Immersion,0,The First Harmful Event was Not a Collision with a Motor Vehicle in Transport,0,No,1,Non-Junction,1,Not an Intersection,0,,5,Outside Trafficway,1,Daylight,1,Clear,0,No,0000000,Not Applicable,15,3:00pm-3:59pm,10,10,99,Unknown EMS Scene Arrival Hour,98,Unknown if Arrived,88,Not Applicable (Not Transported),88,Not Applicable (Not Transported),1,0
41,Oregon,410222,1,1,0,0,0,1,1,47,MARION (47),0,NOT APPLICABLE,28,28,9,September,2020,2,Monday,14,2:00pm-2:59pm,43,43,0,This section IS NOT on the NHS,4,County Road,CR-HAZELGREEN RD NE,,1,Rural,4,Minor Arterial,2,County Highway Agency,43,43,45.0098,45.0098,-122.90642222,-122.90642222,0,No Special Jurisdiction,34,Ditch,0,The First Harmful Event was Not a Collision with a Motor Vehicle in Transport,0,No,1,Non-Junction,1,Not an Intersection,0,,4,On Roadside,1,Daylight,1,Clear,0,No,0000000,Not Applicable,14,2:00pm-2:59pm,43,43,14,2:00pm-2:59pm,51,51,99,Unknown,99,Unknown EMS Hospital Arrival Time,1,0
41,Oregon,410223,2,2,0,0,0,2,2,51,MULTNOMAH (51),1650,PORTLAND,28,28,9,September,2020,2,Monday,13,1:00pm-1:59pm,1,1,0,This section IS NOT on the NHS,6,Local Street - Municipality,NE AINSWORTH ST,NE GRAND AVE,2,Urban,7,Local,4,City or Municipal Highway Agency,0,,45.56645833,45.56645833,-122.66045833,-122.66045833,0,No Special Jurisdiction,12,Motor Vehicle In-Transport,6,Angle,0,No,2,Intersection,3,T-Intersection,0,,1,On Roadway,1,Daylight,1,Clear,0,No,0000000,Not Applicable,13,1:00pm-1:59pm,1,1,13,1:00pm-1:59pm,6,6,88,Not Applicable (Not Transported),88,Not Applicable (Not Transported),1,0
41,Oregon,410224,3,3,0,0,0,4,4,47,MARION (47),1810,SALEM,30,30,9,September,2020,4,Wednesday,18,6:00pm-6:59pm,2,2,1,This section IS ON the NHS,6,Local Street - Municipality,COMMERCIAL ST SE,,2,Urban,3,Principal Arterial - Other,4,City or Municipal Highway Agency,0,,44.89804722,44.89804722,-123.03814167,-123.03814167,0,No Special Jurisdiction,12,Motor Vehicle In-Transport,6,Angle,0,No,8,Driveway Access Related,1,Not an Intersection,0,,1,On Roadway,5,Dusk,1,Clear,0,No,0000000,Not Applicable,18,6:00pm-6:59pm,4,4,18,6:00pm-6:59pm,9,9,99,Unknown,99,Unknown EMS Hospital Arrival Time,1,0
41,Oregon,410225,2,2,0,0,0,2,2,5,CLACKAMAS (5),1830,SANDY,1,1,10,October,2020,5,Thursday,22,10:00pm-10:59pm,2,2,1,This section IS ON the NHS,2,U.S. Highway,US-26 ODOT 26,,2,Urban,3,Principal Arterial - Other,1,State Highway Agency,252,252,45.39410833,45.39410833,-122.24716389,-122.24716389,0,No Special Jurisdiction,12,Motor Vehicle In-Transport,2,Front-to-Front,0,No,1,Non-Junction,1,Not an Intersection,0,,1,On Roadway,2,Dark - Not Lighted,1,Clear,0,No,0000000,Not Applicable,99,Unknown,99,Unknown,99,Unknown EMS Scene Arrival Hour,99,Unknown EMS Scene Arrival Minutes,88,Not Applicable (Not Transported),88,Not Applicable (Not Transported),2,2
41,Oregon,410226,1,1,0,0,0,3,3,17,DESCHUTES (17),0,NOT APPLICABLE,1,1,10,October,2020,5,Thursday,21,9:00pm-9:59pm,17,17,0,This section IS NOT on the NHS,8,Other,FS-15,,1,Rural,7,Local,64,U.S. Forest Service,0,,44.29184167,44.29184167,-121.59146389,-121.59146389,0,No Special Jurisdiction,42,Tree (Standing Only),0,The First Harmful Event was Not a Collision with a Motor Vehicle in Transport,0,No,1,Non-Junction,1,Not an Intersection,0,,4,On Roadside,2,Dark - Not Lighted,1,Clear,0,No,0000000,Not Applicable,99,Unknown,99,Unknown,99,Unknown EMS Scene Arrival Hour,98,Unknown if Arrived,88,Not Applicable (Not Transported),88,Not Applicable (Not Transported),3,0
41,Oregon,410227,1,1,0,0,0,1,1,17,DESCHUTES (17),1720,REDMOND,3,3,10,October,2020,7,Saturday,23,11:00pm-11:59pm,55,55,0,This section IS NOT on the NHS,6,Local Street - Municipality,SW XERO AVE,SW 31ST ST,2,Urban,7,Local,4,City or Municipal Highway Agency,0,,44.244475,44.244475,-121.20546667,-121.20546667,0,No Special Jurisdiction,42,Tree (Standing Only),0,The First Harmful Event was Not a Collision with a Motor Vehicle in Transport,0,No,3,Intersection-Related,10,L-Intersection,0,,4,On Roadside,2,Dark - Not Lighted,1,Clear,0,No,0000000,Not Applicable,23,11:00pm-11:59pm,55,55,0,0:00am-0:59am,3,3,88,Not Applicable (Not Transported),88,Not Applicable (Not Transported),1,1
41,Oregon,410228,1,1,0,0,0,1,1,27,HOOD RIVER (27),1020,HOOD RIVER,4,4,10,October,2020,1,Sunday,14,2:00pm-2:59pm,17,17,1,This section IS ON the NHS,1,Interstate,I-84,,2,Urban,1,Interstate,1,State Highway Agency,632,632,45.71267778,45.71267778,-121.53005,-121.53005,0,No Special Jurisdiction,1,Rollover/Overturn,0,The First Harmful Event was Not a Collision with a Motor Vehicle in Transport,0,No,1,Non-Junction,1,Not an Intersection,1,Construction,1,On Roadway,1,Daylight,1,Clear,0,No,0000000,Not Applicable,14,2:00pm-2:59pm,19,19,14,2:00pm-2:59pm,24,24,99,Unknown,99,Unknown EMS Hospital Arrival Time,1,0
41,Oregon,410229,1,1,0,2,2,1,1,51,MULTNOMAH (51),1650,PORTLAND,10,10,10,October,2020,7,Saturday,2,2:00am-2:59am,20,20,1,This section IS ON the NHS,1,Interstate,I-405,,2,Urban,1,Interstate,1,State Highway Agency,41,41,45.54781667,45.54781667,-122.67885278,-122.67885278,0,No Special Jurisdiction,8,Pedestrian,0,The First Harmful Event was Not a Collision with a Motor Vehicle in Transport,0,No,1,Non-Junction,1,Not an Intersection,0,,1,On Roadway,3,Dark - Lighted,2,Rain,0,No,0000000,Not Applicable,2,2:00am-2:59am,25,25,99,Unknown EMS Scene Arrival Hour,99,Unknown EMS Scene Arrival Minutes,88,Not Applicable (Not Transported),88,Not Applicable (Not Transported),2,1
41,Oregon,410230,1,1,0,0,0,2,2,11,COOS (11),0,NOT APPLICABLE,12,12,10,October,2020,2,Monday,18,6:00pm-6:59pm,30,30,0,This section IS NOT on the NHS,4,County Road,CR-LARSON LN,,1,Rural,7,Local,2,County Highway Agency,12,12,43.46418056,43.46418056,-124.16432778,-124.16432778,0,No Special Jurisdiction,3,Immersion or Partial Immersion,0,The First Harmful Event was Not a Collision with a Motor Vehicle in Transport,0,No,1,Non-Junction,1,Not an Intersection,0,,4,On Roadside,5,Dusk,1,Clear,0,No,0000000,Not Applicable,18,6:00pm-6:59pm,37,37,18,6:00pm-6:59pm,51,51,88,Not Applicable (Not Transported),88,Not Applicable (Not Transported),1,1
41,Oregon,410231,1,1,0,0,0,3,3,33,JOSEPHINE (33),0,NOT APPLICABLE,10,10,10,October,2020,7,Saturday,20,8:00pm-8:59pm,35,35,0,This section IS NOT on the NHS,4,County Road,CR-PLEASANT VALLEY RD,,1,Rural,6,Minor Collector,2,County Highway Agency,15,15,42.53649444,42.53649444,-123.40440833,-123.40440833,0,No Special Jurisdiction,1,Rollover/Overturn,0,The First Harmful Event was Not a Collision with a Motor Vehicle in Transport,0,No,1,Non-Junction,1,Not an Intersection,0,,4,On Roadside,2,Dark - Not Lighted,1,Clear,0,No,0000000,Not Applicable,99,Unknown,99,Unknown,99,Unknown EMS Scene Arrival Hour,99,Unknown EMS Scene Arrival Minutes,99,Unknown,99,Unknown EMS Hospital Arrival Time,1,0
41,Oregon,410232,2,2,0,0,0,2,2,35,KLAMATH (35),0,NOT APPLICABLE,8,8,10,October,2020,5,Thursday,16,4:00pm-4:59pm,2,2,1,This section IS ON the NHS,3,State Highway,SR-39 ODOT 426,SR-50 ODOT 50,1,Rural,3,Principal Arterial - Other,1,State Highway Agency,166,166,42.02395833,42.02395833,-121.55014722,-121.55014722,0,No Special Jurisdiction,12,Motor Vehicle In-Transport,2,Front-to-Front,0,No,2,Intersection,3,T-Intersection,0,,1,On Roadway,1,Daylight,1,Clear,0,No,0000000,Not Applicable,16,4:00pm-4:59pm,2,2,16,4:00pm-4:59pm,9,9,99,Unknown,99,Unknown EMS Hospital Arrival Time,1,0
41,Oregon,410233,1,1,0,1,1,1,1,47,MARION (47),1980,STAYTON,8,8,10,October,2020,5,Thursday,13,1:00pm-1:59pm,35,35,0,This section IS NOT on the NHS,6,Local Street - Municipality,FERN RIDGE RD,,2,Urban,5,Major Collector,4,City or Municipal Highway Agency,0,,44.8098,44.8098,-122.79211944,-122.79211944,0,No Special Jurisdiction,15,Non-Motorist on Personal Conveyance,0,The First Harmful Event was Not a Collision with a Motor Vehicle in Transport,0,No,1,Non-Junction,1,Not an Intersection,0,,1,On Roadway,1,Daylight,10,Cloudy,0,No,0000000,Not Applicable,13,1:00pm-1:59pm,35,35,13,1:00pm-1:59pm,38,38,99,Unknown,99,Unknown EMS Hospital Arrival Time,1,0
41,Oregon,410234,1,1,0,1,1,1,1,47,MARION (47),1168,KEIZER,9,9,10,October,2020,6,Friday,12,12:00pm-12:59pm,30,30,0,This section IS NOT on the NHS,6,Local Street - Municipality,WINDSOR ISLAND RD N,,2,Urban,6,Minor Collector,4,City or Municipal Highway Agency,0,,45.00980833,45.00980833,-123.04996944,-123.04996944,0,No Special Jurisdiction,9,Pedalcyclist,0,The First Harmful Event was Not a Collision with a Motor Vehicle in Transport,0,No,1,Non-Junction,1,Not an Intersection,0,,1,On Roadway,1,Daylight,10,Cloudy,0,No,0000000,Not Applicable,99,Unknown,99,Unknown,99,Unknown EMS Scene Arrival Hour,99,Unknown EMS Scene Arrival Minutes,88,Not Applicable (Not Transported),88,Not Applicable (Not Transported),1,0
41,Oregon,410235,2,2,0,0,0,2,2,51,MULTNOMAH (51),1650,PORTLAND,9,9,10,October,2020,6,Friday,17,5:00pm-5:59pm,45,45,1,This section IS ON the NHS,1,Interstate,I-5,,2,Urban,1,Interstate,1,State Highway Agency,3056,3056,45.58055556,45.58055556,-122.67848056,-122.67848056,0,No Special Jurisdiction,12,Motor Vehicle In-Transport,1,Front-to-Rear,0,No,1,Non-Junction,1,Not an Intersection,0,,1,On Roadway,1,Daylight,1,Clear,0,No,0000000,Not Applicable,17,5:00pm-5:59pm,45,45,17,5:00pm-5:59pm,51,51,99,Unknown,99,Unknown EMS Hospital Arrival Time,1,0
41,Oregon,410236,1,1,0,0,0,7,7,35,KLAMATH (35),0,NOT APPLICABLE,23,23,7,July,2020,5,Thursday,2,2:00am-2:59am,32,32,1,This section IS ON the NHS,2,U.S. Highway,US-97 ODOT 4,,1,Rural,3,Principal Arterial - Other,1,State Highway Agency,2353,2353,42.75874444,42.75874444,-121.83776389,-121.83776389,0,No Special Jurisdiction,1,Rollover/Overturn,0,The First Harmful Event was Not a Collision with a Motor Vehicle in Transport,0,No,1,Non-Junction,1,Not an Intersection,0,,4,On Roadside,2,Dark - Not Lighted,1,Clear,0,No,0000000,Not Applicable,2,2:00am-2:59am,29,29,2,2:00am-2:59am,53,53,99,Unknown,99,Unknown EMS Hospital Arrival Time,1,0
41,Oregon,410237,2,2,0,0,0,2,2,35,KLAMATH (35),0,NOT APPLICABLE,4,4,11,November,2020,4,Wednesday,21,9:00pm-9:59pm,56,56,1,This section IS ON the NHS,2,U.S. Highway,US-97 ODOT 4,,1,Rural,3,Principal Arterial - Other,1,State Highway Agency,2320,2320,42.84663056,42.84663056,-121.83287778,-121.83287778,0,No Special Jurisdiction,12,Motor Vehicle In-Transport,2,Front-to-Front,0,No,1,Non-Junction,1,Not an Intersection,0,,1,On Roadway,2,Dark - Not Lighted,1,Clear,0,No,0000000,Not Applicable,21,9:00pm-9:59pm,56,56,23,11:00pm-11:59pm,5,5,88,Not Applicable (Not Transported),88,Not Applicable (Not Transported),1,0
41,Oregon,410238,1,1,0,0,0,1,1,51,MULTNOMAH (51),1650,PORTLAND,6,6,11,November,2020,6,Friday,22,10:00pm-10:59pm,11,11,1,This section IS ON the NHS,6,Local Street - Municipality,NE COLUMBIA BLVD,,2,Urban,3,Principal Arterial - Other,4,City or Municipal Highway Agency,0,,45.56884722,45.56884722,-122.60104444,-122.60104444,0,No Special Jurisdiction,33,Curb,0,The First Harmful Event was Not a Collision with a Motor Vehicle in Transport,0,No,1,Non-Junction,1,Not an Intersection,0,,4,On Roadside,3,Dark - Lighted,10,Cloudy,0,No,0000000,Not Applicable,99,Unknown,99,Unknown,99,Unknown EMS Scene Arrival Hour,99,Unknown EMS Scene Arrival Minutes,88,Not Applicable (Not Transported),88,Not Applicable (Not Transported),1,0
41,Oregon,410239,2,2,0,0,0,4,4,31,JEFFERSON (31),0,NOT APPLICABLE,6,6,11,November,2020,6,Friday,23,11:00pm-11:59pm,56,56,1,This section IS ON the NHS,2,U.S. Highway,US-97 ODOT 4,,1,Rural,3,Principal Arterial - Other,1,State Highway Agency,1106,1106,44.42026389,44.42026389,-121.19903056,-121.19903056,0,No Special Jurisdiction,12,Motor Vehicle In-Transport,2,Front-to-Front,0,No,1,Non-Junction,1,Not an Intersection,0,,1,On Roadway,2,Dark - Not Lighted,1,Clear,0,No,0000000,Not Applicable,23,11:00pm-11:59pm,56,56,0,0:00am-0:59am,10,10,99,Unknown,99,Unknown EMS Hospital Arrival Time,1,1
41,Oregon,410240,3,3,0,0,0,3,3,43,LINN (43),20,ALBANY,2,2,1,January,2020,5,Thursday,14,2:00pm-2:59pm,58,58,1,This section IS ON the NHS,2,U.S. Highway,US-20 ODOT 16,,2,Urban,3,Principal Arterial - Other,1,State Highway Agency,17,17,44.62934167,44.62934167,-123.048,-123.048,0,No Special Jurisdiction,12,Motor Vehicle In-Transport,7,Sideswipe - Same Direction,0,No,1,Non-Junction,1,Not an Intersection,0,,1,On Roadway,1,Daylight,1,Clear,0,No,0000000,Not Applicable,99,Unknown,99,Unknown,15,3:00pm-3:59pm,1,1,99,Unknown,99,Unknown EMS Hospital Arrival Time,1,0
41,Oregon,410241,1,1,0,1,1,1,1,59,UMATILLA (59),1350,MILTON-FREEWATER,5,5,1,January,2020,1,Sunday,3,3:00am-3:59am,20,20,1,This section IS ON the NHS,3,State Highway,SR-11 ODOT 8,,2,Urban,3,Principal Arterial - Other,1,State Highway Agency,315,315,45.94551667,45.94551667,-118.38752222,-118.38752222,0,No Special Jurisdiction,8,Pedestrian,0,The First Harmful Event was Not a Collision with a Motor Vehicle in Transport,0,No,1,Non-Junction,1,Not an Intersection,0,,1,On Roadway,6,Dark - Unknown Lighting,98,Not Reported,0,No,0000000,Not Applicable,3,3:00am-3:59am,33,33,3,3:00am-3:59am,41,41,88,Not Applicable (Not Transported),88,Not Applicable (Not Transported),1,0
41,Oregon,410242,1,1,0,1,1,1,1,51,MULTNOMAH (51),880,GRESHAM,6,6,1,January,2020,2,Monday,8,8:00am-8:59am,28,28,0,This section IS NOT on the NHS,6,Local Street - Municipality,SE-HOGAN RD,SE-FIFTH ST,2,Urban,4,Minor Arterial,4,City or Municipal Highway Agency,0,,45.49409722,45.49409722,-122.41391944,-122.41391944,0,No Special Jurisdiction,8,Pedestrian,0,The First Harmful Event was Not a Collision with a Motor Vehicle in Transport,0,No,3,Intersection-Related,3,T-Intersection,1,Construction,1,On Roadway,1,Daylight,2,Rain,0,No,0000000,Not Applicable,99,Unknown,99,Unknown,99,Unknown EMS Scene Arrival Hour,99,Unknown EMS Scene Arrival Minutes,88,Not Applicable (Not Transported),88,Not Applicable (Not Transported),1,0
41,Oregon,410243,1,1,0,1,1,1,1,3,BENTON (3),420,CORVALLIS,8,8,1,January,2020,4,Wednesday,18,6:00pm-6:59pm,43,43,1,This section IS ON the NHS,3,State Highway,SR-99W SW 3RD ST,,2,Urban,3,Principal Arterial - Other,1,State Highway Agency,843,843,44.55384722,44.55384722,-123.26501944,-123.26501944,0,No Special Jurisdiction,8,Pedestrian,0,The First Harmful Event was Not a Collision with a Motor Vehicle in Transport,0,No,1,Non-Junction,1,Not an Intersection,0,,1,On Roadway,6,Dark - Unknown Lighting,98,Not Reported,0,No,0000000,Not Applicable,99,Unknown,99,Unknown,99,Unknown EMS Scene Arrival Hour,99,Unknown EMS Scene Arrival Minutes,99,Unknown,99,Unknown EMS Hospital Arrival Time,1,0
41,Oregon,410245,1,1,0,1,1,1,1,67,WASHINGTON (67),0,NOT APPLICABLE,14,14,1,January,2020,3,Tuesday,6,6:00am-6:59am,59,59,1,This section IS ON the NHS,3,State Highway,SR-8 ODOT 29,NW 341ST AVE,2,Urban,3,Principal Arterial - Other,1,State Highway Agency,151,151,45.51996389,45.51996389,-123.0275,-123.0275,0,No Special Jurisdiction,8,Pedestrian,0,The First Harmful Event was Not a Collision with a Motor Vehicle in Transport,0,No,3,Intersection-Related,3,T-Intersection,0,,1,On Roadway,2,Dark - Not Lighted,10,Cloudy,0,No,0000000,Not Applicable,6,6:00am-6:59am,59,59,7,7:00am-7:59am,5,5,99,Unknown,99,Unknown EMS Hospital Arrival Time,1,0
41,Oregon,410246,1,1,0,1,1,1,1,19,DOUGLAS (19),0,NOT APPLICABLE,15,15,1,January,2020,4,Wednesday,20,8:00pm-8:59pm,54,54,0,This section IS NOT on the NHS,4,County Road,CR-STEPHENS ST,,2,Urban,4,Minor Arterial,2,County Highway Agency,0,,43.27160278,43.27160278,-123.35349167,-123.35349167,0,No Special Jurisdiction,15,Non-Motorist on Personal Conveyance,0,The First Harmful Event was Not a Collision with a Motor Vehicle in Transport,0,No,1,Non-Junction,1,Not an Intersection,0,,98,Not Reported,8,Not Reported,98,Not Reported,0,No,0000000,Not Applicable,99,Unknown,99,Unknown,99,Unknown EMS Scene Arrival Hour,99,Unknown EMS Scene Arrival Minutes,99,Unknown,99,Unknown EMS Hospital Arrival Time,1,0
41,Oregon,410247,1,1,0,1,1,1,1,31,JEFFERSON (31),0,NOT APPLICABLE,21,21,1,January,2020,3,Tuesday,18,6:00pm-6:59pm,30,30,1,This section IS ON the NHS,2,U.S. Highway,US-97 ODOT 4,NE CYPRESS ST,2,Urban,3,Principal Arterial - Other,1,State Highway Agency,916,916,44.64425833,44.64425833,-121.126,-121.126,0,No Special Jurisdiction,8,Pedestrian,0,The First Harmful Event was Not a Collision with a Motor Vehicle in Transport,0,No,3,Intersection-Related,3,T-Intersection,0,,1,On Roadway,8,Not Reported,98,Not Reported,0,No,0000000,Not Applicable,99,Unknown,99,Unknown,99,Unknown EMS Scene Arrival Hour,99,Unknown EMS Scene Arrival Minutes,88,Not Applicable (Not Transported),88,Not Applicable (Not Transported),1,0
41,Oregon,410248,2,2,0,0,0,2,2,5,CLACKAMAS (5),0,NOT APPLICABLE,22,22,1,January,2020,4,Wednesday,0,0:00am-0:59am,30,30,0,This section IS NOT on the NHS,3,State Highway,SR-551 ODOT 51,,1,Rural,4,Minor Arterial,1,State Highway Agency,10,10,45.26634167,45.26634167,-122.76903889,-122.76903889,0,No Special Jurisdiction,12,Motor Vehicle In-Transport,2,Front-to-Front,0,No,1,Non-Junction,1,Not an Intersection,0,,1,On Roadway,6,Dark - Unknown Lighting,98,Not Reported,0,No,0000000,Not Applicable,0,0:00am-0:59am,30,30,0,0:00am-0:59am,33,33,99,Unknown,99,Unknown EMS Hospital Arrival Time,1,1
41,Oregon,410249,1,1,0,0,0,1,1,5,CLACKAMAS (5),0,NOT APPLICABLE,24,24,1,January,2020,6,Friday,0,0:00am-0:59am,29,29,0,This section IS NOT on the NHS,3,State Highway,SR-213 ODOT 160,,1,Rural,4,Minor Arterial,1,State Highway Agency,126,126,45.19673611,45.19673611,-122.58160833,-122.58160833,0,No Special Jurisdiction,42,Tree (Standing Only),0,The First Harmful Event was Not a Collision with a Motor Vehicle in Transport,0,No,1,Non-Junction,1,Not an Intersection,0,,4,On Roadside,2,Dark - Not Lighted,10,Cloudy,0,No,0000000,Not Applicable,99,Unknown,99,Unknown,99,Unknown EMS Scene Arrival Hour,99,Unknown EMS Scene Arrival Minutes,88,Not Applicable (Not Transported),88,Not Applicable (Not Transported),1,1
41,Oregon,410250,2,2,0,1,1,2,2,39,LANE (39),1960,SPRINGFIELD,24,24,1,January,2020,6,Friday,18,6:00pm-6:59pm,23,23,1,This section IS ON the NHS,3,State Highway,SR-126B ODOT 15,,2,Urban,3,Principal Arterial - Other,1,State Highway Agency,60,60,44.04565556,44.04565556,-122.93375,-122.93375,0,No Special Jurisdiction,8,Pedestrian,0,The First Harmful Event was Not a Collision with a Motor Vehicle in Transport,0,No,1,Non-Junction,1,Not an Intersection,0,,1,On Roadway,3,Dark - Lighted,1,Clear,0,No,0000000,Not Applicable,18,6:00pm-6:59pm,23,23,18,6:00pm-6:59pm,25,25,88,Not Applicable (Not Transported),88,Not Applicable (Not Transported),1,0
41,Oregon,410251,1,1,0,1,1,1,1,51,MULTNOMAH (51),1650,PORTLAND,28,28,1,January,2020,3,Tuesday,2,2:00am-2:59am,11,11,1,This section IS ON the NHS,3,State Highway,SR-30B ODOT 123,,2,Urban,3,Principal Arterial - Other,1,State Highway Agency,65,65,45.57708056,45.57708056,-122.65406944,-122.65406944,0,No Special Jurisdiction,8,Pedestrian,0,The First Harmful Event was Not a Collision with a Motor Vehicle in Transport,0,No,1,Non-Junction,1,Not an Intersection,0,,1,On Roadway,6,Dark - Unknown Lighting,98,Not Reported,0,No,0000000,Not Applicable,99,Unknown,99,Unknown,99,Unknown EMS Scene Arrival Hour,99,Unknown EMS Scene Arrival Minutes,99,Unknown,99,Unknown EMS Hospital Arrival Time,1,0
41,Oregon,410252,1,1,0,0,0,1,1,47,MARION (47),0,NOT APPLICABLE,10,10,2,February,2020,2,Monday,20,8:00pm-8:59pm,30,30,0,This section IS NOT on the NHS,5,Local Street - Township,CR-OLNEY ST SE,,1,Rural,7,Local,2,County Highway Agency,23,23,44.85035833,44.85035833,-122.89295,-122.89295,0,No Special Jurisdiction,24,Guardrail Face,0,The First Harmful Event was Not a Collision with a Motor Vehicle in Transport,0,No,1,Non-Junction,1,Not an Intersection,0,,4,On Roadside,8,Not Reported,98,Not Reported,0,No,0000000,Not Applicable,20,8:00pm-8:59pm,29,29,20,8:00pm-8:59pm,41,41,88,Not Applicable (Not Transported),88,Not Applicable (Not Transported),1,1
41,Oregon,410253,1,1,0,1,1,1,1,47,MARION (47),1168,KEIZER,11,11,2,February,2020,3,Tuesday,22,10:00pm-10:59pm,5,5,1,This section IS ON the NHS,6,Local Street - Municipality,RIVER RD N,,2,Urban,3,Principal Arterial - Other,1,State Highway Agency,0,,44.99714722,44.99714722,-123.02665833,-123.02665833,0,No Special Jurisdiction,8,Pedestrian,0,The First Harmful Event was Not a Collision with a Motor Vehicle in Transport,0,No,1,Non-Junction,1,Not an Intersection,0,,1,On Roadway,3,Dark - Lighted,10,Cloudy,0,No,0000000,Not Applicable,99,Unknown,99,Unknown,99,Unknown EMS Scene Arrival Hour,99,Unknown EMS Scene Arrival Minutes,88,Not Applicable (Not Transported),88,Not Applicable (Not Transported),1,0
41,Oregon,410254,1,1,0,1,1,1,1,51,MULTNOMAH (51),1650,PORTLAND,14,14,2,February,2020,6,Friday,19,7:00pm-7:59pm,23,23,0,This section IS NOT on the NHS,6,Local Street - Municipality,SE TACOMA ST,,2,Urban,4,Minor Arterial,4,City or Municipal Highway Agency,0,,45.46433056,45.46433056,-122.64662222,-122.64662222,0,No Special Jurisdiction,8,Pedestrian,0,The First Harmful Event was Not a Collision with a Motor Vehicle in Transport,0,No,8,Driveway Access Related,1,Not an Intersection,0,,4,On Roadside,6,Dark - Unknown Lighting,98,Not Reported,0,No,0000000,Not Applicable,99,Unknown,99,Unknown,99,Unknown EMS Scene Arrival Hour,99,Unknown EMS Scene Arrival Minutes,88,Not Applicable (Not Transported),88,Not Applicable (Not Transported),1,0
41,Oregon,410255,2,2,0,0,0,3,3,67,WASHINGTON (67),0,NOT APPLICABLE,15,15,2,February,2020,7,Saturday,8,8:00am-8:59am,44,44,0,This section IS NOT on the NHS,4,County Road,CR-NW GLENCOE RD,CR-NW WREN GLENCOE LINK,1,Rural,4,Minor Arterial,2,County Highway Agency,0,,45.56380556,45.56380556,-123.00488056,-123.00488056,0,No Special Jurisdiction,12,Motor Vehicle In-Transport,2,Front-to-Front,0,No,2,Intersection,3,T-Intersection,0,,1,On Roadway,1,Daylight,10,Cloudy,0,No,0000000,Not Applicable,99,Unknown,99,Unknown,99,Unknown EMS Scene Arrival Hour,99,Unknown EMS Scene Arrival Minutes,99,Unknown,99,Unknown EMS Hospital Arrival Time,1,0
41,Oregon,410256,1,1,0,1,1,1,1,51,MULTNOMAH (51),1650,PORTLAND,17,17,2,February,2020,2,Monday,0,0:00am-0:59am,28,28,0,This section IS NOT on the NHS,6,Local Street - Municipality,SW VISTA AVE,SW PARK LN,2,Urban,5,Major Collector,4,City or Municipal Highway Agency,0,,45.52130833,45.52130833,-122.69823611,-122.69823611,0,No Special Jurisdiction,9,Pedalcyclist,0,The First Harmful Event was Not a Collision with a Motor Vehicle in Transport,0,No,2,Intersection,2,Four-Way Intersection,0,,1,On Roadway,3,Dark - Lighted,1,Clear,0,No,0000000,Not Applicable,99,Unknown,99,Unknown,99,Unknown EMS Scene Arrival Hour,99,Unknown EMS Scene Arrival Minutes,99,Unknown,99,Unknown EMS Hospital Arrival Time,1,0
41,Oregon,410257,2,2,0,0,0,4,4,17,DESCHUTES (17),0,NOT APPLICABLE,25,25,2,February,2020,3,Tuesday,15,3:00pm-3:59pm,32,32,0,This section IS NOT on the NHS,4,County Road,CR-SW CANAL BLVD,CR-SW 61ST ST,1,Rural,4,Minor Arterial,2,County Highway Agency,0,,44.21006944,44.21006944,-121.244225,-121.244225,0,No Special Jurisdiction,12,Motor Vehicle In-Transport,6,Angle,0,No,2,Intersection,7,"Five Point, or More",0,,1,On Roadway,1,Daylight,1,Clear,0,No,0000000,Not Applicable,15,3:00pm-3:59pm,32,32,15,3:00pm-3:59pm,42,42,99,Unknown,99,Unknown EMS Hospital Arrival Time,1,0
41,Oregon,410258,1,1,0,1,1,1,1,51,MULTNOMAH (51),1650,PORTLAND,29,29,2,February,2020,7,Saturday,21,9:00pm-9:59pm,37,37,0,This section IS NOT on the NHS,6,Local Street - Municipality,NE 46TH AVE,NE HALSEY ST,2,Urban,4,Minor Arterial,4,City or Municipal Highway Agency,0,,45.53378611,45.53378611,-122.61589722,-122.61589722,0,No Special Jurisdiction,8,Pedestrian,0,The First Harmful Event was Not a Collision with a Motor Vehicle in Transport,0,No,3,Intersection-Related,2,Four-Way Intersection,0,,1,On Roadway,6,Dark - Unknown Lighting,98,Not Reported,0,No,0000000,Not Applicable,99,Unknown,99,Unknown,99,Unknown EMS Scene Arrival Hour,99,Unknown EMS Scene Arrival Minutes,88,Not Applicable (Not Transported),88,Not Applicable (Not Transported),1,0
41,Oregon,410259,1,1,0,0,0,1,1,5,CLACKAMAS (5),1197,LAKE OSWEGO,2,2,3,March,2020,2,Monday,8,8:00am-8:59am,20,20,0,This section IS NOT on the NHS,6,Local Street - Municipality,IRON MOUNTAIN BLVD,,2,Urban,5,Major Collector,4,City or Municipal Highway Agency,0,,45.41713889,45.41713889,-122.69388889,-122.69388889,0,No Special Jurisdiction,42,Tree (Standing Only),0,The First Harmful Event was Not a Collision with a Motor Vehicle in Transport,0,No,1,Non-Junction,1,Not an Intersection,0,,4,On Roadside,1,Daylight,2,Rain,0,No,0000000,Not Applicable,8,8:00am-8:59am,20,20,8,8:00am-8:59am,29,29,88,Not Applicable (Not Transported),88,Not Applicable (Not Transported),1,0
41,Oregon,410260,1,1,0,0,0,3,3,51,MULTNOMAH (51),1650,PORTLAND,4,4,3,March,2020,4,Wednesday,11,11:00am-11:59am,15,15,0,This section IS NOT on the NHS,6,Local Street - Municipality,SW NAITO PKWY,,2,Urban,4,Minor Arterial,4,City or Municipal Highway Agency,0,,45.50979444,45.50979444,-122.67683056,-122.67683056,0,No Special Jurisdiction,42,Tree (Standing Only),0,The First Harmful Event was Not a Collision with a Motor Vehicle in Transport,0,No,1,Non-Junction,1,Not an Intersection,0,,4,On Roadside,1,Daylight,98,Not Reported,0,No,0000000,Not Applicable,99,Unknown,99,Unknown,99,Unknown EMS Scene Arrival Hour,99,Unknown EMS Scene Arrival Minutes,99,Unknown,99,Unknown EMS Hospital Arrival Time,1,0
41,Oregon,410261,1,1,0,0,0,1,1,47,MARION (47),0,NOT APPLICABLE,4,4,3,March,2020,4,Wednesday,16,4:00pm-4:59pm,6,6,0,This section IS NOT on the NHS,4,County Road,CR-MATHENY RD N,,1,Rural,5,Major Collector,2,County Highway Agency,5,5,45.08996667,45.08996667,-123.04425,-123.04425,0,No Special Jurisdiction,3,Immersion or Partial Immersion,0,The First Harmful Event was Not a Collision with a Motor Vehicle in Transport,0,No,1,Non-Junction,1,Not an Intersection,0,,4,On Roadside,8,Not Reported,98,Not Reported,0,No,0000000,Not Applicable,99,Unknown,99,Unknown,99,Unknown EMS Scene Arrival Hour,99,Unknown EMS Scene Arrival Minutes,88,Not Applicable (Not Transported),88,Not Applicable (Not Transported),1,0
41,Oregon,410262,1,1,0,0,0,1,1,67,WASHINGTON (67),0,NOT APPLICABLE,5,5,3,March,2020,5,Thursday,6,6:00am-6:59am,19,19,0,This section IS NOT on the NHS,3,State Highway,SR-47 ODOT 102,,1,Rural,4,Minor Arterial,1,State Highway Agency,755,755,45.70374444,45.70374444,-123.19777778,-123.19777778,0,No Special Jurisdiction,34,Ditch,0,The First Harmful Event was Not a Collision with a Motor Vehicle in Transport,0,No,1,Non-Junction,1,Not an Intersection,0,,4,On Roadside,6,Dark - Unknown Lighting,98,Not Reported,0,No,0000000,Not Applicable,6,6:00am-6:59am,21,21,6,6:00am-6:59am,33,33,88,Not Applicable (Not Transported),88,Not Applicable (Not Transported),1,0
41,Oregon,410263,2,2,0,0,0,3,3,5,CLACKAMAS (5),0,NOT APPLICABLE,9,9,3,March,2020,2,Monday,15,3:00pm-3:59pm,34,34,0,This section IS NOT on the NHS,4,County Road,CR-SE BORGES RD,CR-SE 222ND DR,2,Urban,5,Major Collector,2,County Highway Agency,16,16,45.44687778,45.44687778,-122.43449722,-122.43449722,0,No Special Jurisdiction,12,Motor Vehicle In-Transport,6,Angle,0,No,2,Intersection,2,Four-Way Intersection,0,,1,On Roadway,1,Daylight,1,Clear,0,No,0000000,Not Applicable,15,3:00pm-3:59pm,35,35,15,3:00pm-3:59pm,43,43,99,Unknown,99,Unknown EMS Hospital Arrival Time,1,0
41,Oregon,410264,1,1,0,1,1,1,1,51,MULTNOMAH (51),1650,PORTLAND,17,17,3,March,2020,3,Tuesday,0,0:00am-0:59am,40,40,1,This section IS ON the NHS,3,State Highway,SR-99 ODOT 91,,2,Urban,3,Principal Arterial - Other,1,State Highway Agency,32,32,45.47961944,45.47961944,-122.68017778,-122.68017778,0,No Special Jurisdiction,8,Pedestrian,0,The First Harmful Event was Not a Collision with a Motor Vehicle in Transport,0,No,1,Non-Junction,1,Not an Intersection,0,,2,On Shoulder,6,Dark - Unknown Lighting,10,Cloudy,0,No,0000000,Not Applicable,99,Unknown,99,Unknown,99,Unknown EMS Scene Arrival Hour,99,Unknown EMS Scene Arrival Minutes,88,Not Applicable (Not Transported),88,Not Applicable (Not Transported),1,1
41,Oregon,410265,1,1,0,0,0,2,2,3,BENTON (3),0,NOT APPLICABLE,17,17,3,March,2020,3,Tuesday,11,11:00am-11:59am,30,30,0,This section IS NOT on the NHS,3,State Highway,SR-34 ODOT 27,,1,Rural,4,Minor Arterial,1,State Highway Agency,504,504,44.47231667,44.47231667,-123.49047778,-123.49047778,0,No Special Jurisdiction,42,Tree (Standing Only),0,The First Harmful Event was Not a Collision with a Motor Vehicle in Transport,0,No,1,Non-Junction,1,Not an Intersection,0,,4,On Roadside,1,Daylight,1,Clear,0,No,0000000,Not Applicable,99,Unknown,99,Unknown,99,Unknown EMS Scene Arrival Hour,99,Unknown EMS Scene Arrival Minutes,99,Unknown,99,Unknown EMS Hospital Arrival Time,1,0
41,Oregon,410266,3,3,0,0,0,3,3,17,DESCHUTES (17),190,BEND,19,19,3,March,2020,5,Thursday,15,3:00pm-3:59pm,34,34,1,This section IS ON the NHS,6,Local Street - Municipality,SE 27TH ST,,2,Urban,3,Principal Arterial - Other,4,City or Municipal Highway Agency,0,,44.05103889,44.05103889,-121.26352778,-121.26352778,0,No Special Jurisdiction,12,Motor Vehicle In-Transport,1,Front-to-Rear,0,No,1,Non-Junction,1,Not an Intersection,0,,1,On Roadway,1,Daylight,1,Clear,0,No,0000000,Not Applicable,15,3:00pm-3:59pm,36,36,15,3:00pm-3:59pm,49,49,99,Unknown,99,Unknown EMS Hospital Arrival Time,1,1
41,Oregon,410267,1,1,0,0,0,2,2,19,DOUGLAS (19),0,NOT APPLICABLE,28,28,3,March,2020,7,Saturday,0,0:00am-0:59am,9,9,0,This section IS NOT on the NHS,8,Other,CR-BEAR RIDGE RD,,1,Rural,7,Local,2,County Highway Agency,0,,43.31311667,43.31311667,-123.53629444,-123.53629444,0,No Special Jurisdiction,35,Embankment,0,The First Harmful Event was Not a Collision with a Motor Vehicle in Transport,0,No,1,Non-Junction,1,Not an Intersection,0,,4,On Roadside,2,Dark - Not Lighted,98,Not Reported,0,No,0000000,Not Applicable,0,0:00am-0:59am,9,9,0,0:00am-0:59am,34,34,99,Unknown,99,Unknown EMS Hospital Arrival Time,1,1
41,Oregon,410268,1,1,0,0,0,2,2,57,TILLAMOOK (57),0,NOT APPLICABLE,29,29,3,March,2020,1,Sunday,16,4:00pm-4:59pm,46,46,0,This section IS NOT on the NHS,4,County Road,CR-TILLAMOOK RIVER RD,,1,Rural,5,Major Collector,2,County Highway Agency,17,17,45.41759167,45.41759167,-123.84509444,-123.84509444,0,No Special Jurisdiction,42,Tree (Standing Only),0,The First Harmful Event was Not a Collision with a Motor Vehicle in Transport,0,No,1,Non-Junction,1,Not an Intersection,0,,4,On Roadside,1,Daylight,98,Not Reported,0,No,0000000,Not Applicable,99,Unknown,99,Unknown,99,Unknown EMS Scene Arrival Hour,99,Unknown EMS Scene Arrival Minutes,99,Unknown,99,Unknown EMS Hospital Arrival Time,1,0
41,Oregon,410269,1,1,0,0,0,1,1,43,LINN (43),0,NOT APPLICABLE,31,31,3,March,2020,3,Tuesday,6,6:00am-6:59am,18,18,0,This section IS NOT on the NHS,4,County Road,CR-RIVERSIDE DR,,1,Rural,5,Major Collector,2,County Highway Agency,47,47,44.58454167,44.58454167,-123.18147222,-123.18147222,0,No Special Jurisdiction,91,Unknown Object Not Fixed,0,The First Harmful Event was Not a Collision with a Motor Vehicle in Transport,0,No,1,Non-Junction,1,Not an Intersection,0,,1,On Roadway,2,Dark - Not Lighted,2,Rain,0,No,0000000,Not Applicable,6,6:00am-6:59am,19,19,6,6:00am-6:59am,32,32,99,Unknown,99,Unknown EMS Hospital Arrival Time,1,0
41,Oregon,410270,1,1,0,1,1,1,1,59,UMATILLA (59),0,NOT APPLICABLE,5,5,5,May,2020,3,Tuesday,8,8:00am-8:59am,22,22,0,This section IS NOT on the NHS,4,County Road,CR-E COE AVE,,1,Rural,7,Local,2,County Highway Agency,38,38,45.78056667,45.78056667,-119.19978611,-119.19978611,0,No Special Jurisdiction,9,Pedalcyclist,0,The First Harmful Event was Not a Collision with a Motor Vehicle in Transport,0,No,1,Non-Junction,1,Not an Intersection,0,,2,On Shoulder,1,Daylight,1,Clear,0,No,0000000,Not Applicable,8,8:00am-8:59am,26,26,8,8:00am-8:59am,32,32,99,Unknown,99,Unknown EMS Hospital Arrival Time,1,0
41,Oregon,410271,1,1,0,0,0,1,1,33,JOSEPHINE (33),0,NOT APPLICABLE,6,6,4,April,2020,2,Monday,16,4:00pm-4:59pm,16,16,1,This section IS ON the NHS,2,U.S. Highway,US-199 ODOT 25,,1,Rural,3,Principal Arterial - Other,1,State Highway Agency,290,290,42.14048056,42.14048056,-123.65967222,-123.65967222,0,No Special Jurisdiction,42,Tree (Standing Only),0,The First Harmful Event was Not a Collision with a Motor Vehicle in Transport,0,No,1,Non-Junction,1,Not an Intersection,0,,4,On Roadside,1,Daylight,1,Clear,0,No,0000000,Not Applicable,99,Unknown,99,Unknown,99,Unknown EMS Scene Arrival Hour,99,Unknown EMS Scene Arrival Minutes,99,Unknown,99,Unknown EMS Hospital Arrival Time,1,0
41,Oregon,410272,2,2,0,0,0,3,3,5,CLACKAMAS (5),0,NOT APPLICABLE,13,13,4,April,2020,2,Monday,11,11:00am-11:59am,0,0,0,This section IS NOT on the NHS,4,County Road,CR-SE 362ND AVE,CR-SE PLATZ LN,2,Urban,6,Minor Collector,2,County Highway Agency,0,,45.44151944,45.44151944,-122.2906,-122.2906,0,No Special Jurisdiction,12,Motor Vehicle In-Transport,2,Front-to-Front,0,No,2,Intersection,3,T-Intersection,0,,1,On Roadway,1,Daylight,1,Clear,0,No,0000000,Not Applicable,99,Unknown,99,Unknown,99,Unknown EMS Scene Arrival Hour,99,Unknown EMS Scene Arrival Minutes,88,Not Applicable (Not Transported),88,Not Applicable (Not Transported),1,0
41,Oregon,410273,2,2,0,0,0,4,4,9,COLUMBIA (9),1710,RAINIER,15,15,4,April,2020,4,Wednesday,17,5:00pm-5:59pm,3,3,1,This section IS ON the NHS,2,U.S. Highway,US-30 ODOT 92,E FIFTH ST,2,Urban,3,Principal Arterial - Other,1,State Highway Agency,465,465,46.08828889,46.08828889,-122.93150833,-122.93150833,0,No Special Jurisdiction,12,Motor Vehicle In-Transport,6,Angle,0,No,2,Intersection,2,Four-Way Intersection,0,,1,On Roadway,1,Daylight,1,Clear,0,No,0000000,Not Applicable,17,5:00pm-5:59pm,3,3,17,5:00pm-5:59pm,4,4,99,Unknown,99,Unknown EMS Hospital Arrival Time,1,0
41,Oregon,410274,1,1,0,0,0,1,1,29,JACKSON (29),0,NOT APPLICABLE,17,17,4,April,2020,6,Friday,20,8:00pm-8:59pm,10,10,0,This section IS NOT on the NHS,4,County Road,CR-BLACKWELL RD,,2,Urban,5,Major Collector,2,County Highway Agency,61,61,42.42990278,42.42990278,-123.03883333,-123.03883333,0,No Special Jurisdiction,34,Ditch,0,The First Harmful Event was Not a Collision with a Motor Vehicle in Transport,0,No,1,Non-Junction,1,Not an Intersection,0,,4,On Roadside,2,Dark - Not Lighted,1,Clear,0,No,0000000,Not Applicable,99,Unknown,99,Unknown,99,Unknown EMS Scene Arrival Hour,99,Unknown EMS Scene Arrival Minutes,99,Unknown,99,Unknown EMS Hospital Arrival Time,1,0
41,Oregon,410275,1,1,0,0,0,2,2,61,UNION (61),0,NOT APPLICABLE,26,26,4,April,2020,1,Sunday,13,1:00pm-1:59pm,20,20,0,This section IS NOT on the NHS,4,County Road,CR-PUMPKIN RIDGE RD,,1,Rural,7,Local,2,County Highway Agency,0,,45.55516111,45.55516111,-117.94576944,-117.94576944,0,No Special Jurisdiction,1,Rollover/Overturn,0,The First Harmful Event was Not a Collision with a Motor Vehicle in Transport,0,No,1,Non-Junction,1,Not an Intersection,0,,4,On Roadside,1,Daylight,98,Not Reported,0,No,0000000,Not Applicable,99,Unknown,99,Unknown,99,Unknown EMS Scene Arrival Hour,99,Unknown EMS Scene Arrival Minutes,99,Unknown,99,Unknown EMS Hospital Arrival Time,1,0
41,Oregon,410276,2,2,0,0,0,4,4,47,MARION (47),0,NOT APPLICABLE,3,3,5,May,2020,1,Sunday,13,1:00pm-1:59pm,4,4,0,This section IS NOT on the NHS,4,County Road,CR-MERIDIAN RD NE,CR-MARQUAM RD NE,1,Rural,5,Major Collector,2,County Highway Agency,44,44,45.07109167,45.07109167,-122.74351111,-122.74351111,0,No Special Jurisdiction,12,Motor Vehicle In-Transport,6,Angle,0,No,2,Intersection,2,Four-Way Intersection,0,,1,On Roadway,1,Daylight,1,Clear,0,No,0000000,Not Applicable,13,1:00pm-1:59pm,4,4,13,1:00pm-1:59pm,9,9,99,Unknown,99,Unknown EMS Hospital Arrival Time,1,0
41,Oregon,410277,1,1,0,0,0,2,2,5,CLACKAMAS (5),2210,WEST LINN,6,6,5,May,2020,4,Wednesday,22,10:00pm-10:59pm,30,30,0,This section IS NOT on the NHS,6,Local Street - Municipality,11TH ST,,2,Urban,7,Local,4,City or Municipal Highway Agency,0,,45.34198611,45.34198611,-122.65109167,-122.65109167,0,No Special Jurisdiction,53,Mail Box,0,The First Harmful Event was Not a Collision with a Motor Vehicle in Transport,0,No,1,Non-Junction,1,Not an Intersection,0,,4,On Roadside,3,Dark - Lighted,1,Clear,0,No,0000000,Not Applicable,99,Unknown,99,Unknown,99,Unknown EMS Scene Arrival Hour,99,Unknown EMS Scene Arrival Minutes,99,Unknown,99,Unknown EMS Hospital Arrival Time,1,1
41,Oregon,410278,2,2,0,0,0,3,3,39,LANE (39),1960,SPRINGFIELD,6,6,5,May,2020,4,Wednesday,7,7:00am-7:59am,35,35,0,This section IS NOT on the NHS,6,Local Street - Municipality,CENTENNIAL BLVD,FIFTH ST,2,Urban,4,Minor Arterial,4,City or Municipal Highway Agency,0,,44.05625833,44.05625833,-123.01944444,-123.01944444,0,No Special Jurisdiction,12,Motor Vehicle In-Transport,6,Angle,0,No,2,Intersection,2,Four-Way Intersection,0,,1,On Roadway,1,Daylight,10,Cloudy,0,No,0000000,Not Applicable,7,7:00am-7:59am,35,35,7,7:00am-7:59am,38,38,88,Not Applicable (Not Transported),88,Not Applicable (Not Transported),1,0
41,Oregon,410279,2,2,0,0,0,3,3,35,KLAMATH (35),0,NOT APPLICABLE,8,8,5,May,2020,6,Friday,16,4:00pm-4:59pm,41,41,0,This section IS NOT on the NHS,4,County Road,CR-SEVENMILE RD,,1,Rural,5,Major Collector,2,County Highway Agency,19,19,42.66841389,42.66841389,-122.03036389,-122.03036389,0,No Special Jurisdiction,12,Motor Vehicle In-Transport,2,Front-to-Front,0,No,1,Non-Junction,1,Not an Intersection,0,,1,On Roadway,8,Not Reported,98,Not Reported,0,No,0000000,Not Applicable,99,Unknown,99,Unknown,99,Unknown EMS Scene Arrival Hour,99,Unknown EMS Scene Arrival Minutes,99,Unknown,99,Unknown EMS Hospital Arrival Time,1,1
41,Oregon,410280,1,1,0,0,0,1,1,17,DESCHUTES (17),0,NOT APPLICABLE,9,9,5,May,2020,7,Saturday,18,6:00pm-6:59pm,32,32,0,This section IS NOT on the NHS,8,Other,FS-950,,1,Rural,7,Local,64,U.S. Forest Service,0,,77.7777,77.7777,777.7777,777.7777,0,No Special Jurisdiction,58,Ground,0,The First Harmful Event was Not a Collision with a Motor Vehicle in Transport,0,No,1,Non-Junction,1,Not an Intersection,0,,98,Not Reported,8,Not Reported,98,Not Reported,0,No,0000000,Not Applicable,99,Unknown,99,Unknown,99,Unknown EMS Scene Arrival Hour,99,Unknown EMS Scene Arrival Minutes,88,Not Applicable (Not Transported),88,Not Applicable (Not Transported),1,1
41,Oregon,410281,1,1,0,1,1,1,1,59,UMATILLA (59),990,HERMISTON,12,12,5,May,2020,3,Tuesday,4,4:00am-4:59am,30,30,0,This section IS NOT on the NHS,3,State Highway,SR-207 ODOT 333,,2,Urban,4,Minor Arterial,1,State Highway Agency,85,85,45.83760278,45.83760278,-119.31099167,-119.31099167,0,No Special Jurisdiction,8,Pedestrian,0,The First Harmful Event was Not a Collision with a Motor Vehicle in Transport,0,No,1,Non-Junction,1,Not an Intersection,0,,1,On Roadway,2,Dark - Not Lighted,2,Rain,0,No,0000000,Not Applicable,4,4:00am-4:59am,34,34,4,4:00am-4:59am,41,41,88,Not Applicable (Not Transported),88,Not Applicable (Not Transported),1,0
41,Oregon,410282,1,1,0,0,0,1,1,51,MULTNOMAH (51),1650,PORTLAND,17,17,5,May,2020,1,Sunday,5,5:00am-5:59am,40,40,0,This section IS NOT on the NHS,6,Local Street - Municipality,NE MARIINE DR,,2,Urban,5,Major Collector,4,City or Municipal Highway Agency,0,,45.57158889,45.57158889,-122.5423,-122.5423,0,No Special Jurisdiction,3,Immersion or Partial Immersion,0,The First Harmful Event was Not a Collision with a Motor Vehicle in Transport,0,No,1,Non-Junction,1,Not an Intersection,0,,4,On Roadside,8,Not Reported,98,Not Reported,0,No,0000000,Not Applicable,99,Unknown,99,Unknown,99,Unknown EMS Scene Arrival Hour,99,Unknown EMS Scene Arrival Minutes,88,Not Applicable (Not Transported),88,Not Applicable (Not Transported),1,0
41,Oregon,410283,2,2,0,0,0,2,2,19,DOUGLAS (19),1780,ROSEBURG,20,20,5,May,2020,4,Wednesday,12,12:00pm-12:59pm,58,58,1,This section IS ON the NHS,3,State Highway,SR-138 ODOT 138,POMONA ST,2,Urban,3,Principal Arterial - Other,1,State Highway Agency,21,21,43.21393611,43.21393611,-123.30048611,-123.30048611,0,No Special Jurisdiction,12,Motor Vehicle In-Transport,6,Angle,0,No,2,Intersection,2,Four-Way Intersection,0,,1,On Roadway,1,Daylight,98,Not Reported,0,No,0000000,Not Applicable,99,Unknown,99,Unknown,99,Unknown EMS Scene Arrival Hour,99,Unknown EMS Scene Arrival Minutes,99,Unknown,99,Unknown EMS Hospital Arrival Time,1,1
41,Oregon,410284,1,1,0,1,1,1,1,39,LANE (39),660,EUGENE,21,21,5,May,2020,5,Thursday,1,1:00am-1:59am,0,0,0,This section IS NOT on the NHS,6,Local Street - Municipality,S BERTELSEN RD,,2,Urban,4,Minor Arterial,4,City or Municipal Highway Agency,0,,44.055525,44.055525,-123.16310278,-123.16310278,0,No Special Jurisdiction,8,Pedestrian,0,The First Harmful Event was Not a Collision with a Motor Vehicle in Transport,0,No,1,Non-Junction,1,Not an Intersection,0,,98,Not Reported,2,Dark - Not Lighted,2,Rain,0,No,0000000,Not Applicable,99,Unknown,99,Unknown,99,Unknown EMS Scene Arrival Hour,99,Unknown EMS Scene Arrival Minutes,88,Not Applicable (Not Transported),88,Not Applicable (Not Transported),1,0
41,Oregon,410285,1,1,0,0,0,1,1,29,JACKSON (29),0,NOT APPLICABLE,22,22,5,May,2020,6,Friday,15,3:00pm-3:59pm,0,0,0,This section IS NOT on the NHS,4,County Road,CR-UPPER APPLEGATE RD,,1,Rural,5,Major Collector,2,County Highway Agency,37,37,42.18518889,42.18518889,-123.0452,-123.0452,0,No Special Jurisdiction,34,Ditch,0,The First Harmful Event was Not a Collision with a Motor Vehicle in Transport,0,No,1,Non-Junction,1,Not an Intersection,0,,4,On Roadside,1,Daylight,1,Clear,0,No,0000000,Not Applicable,15,3:00pm-3:59pm,2,2,15,3:00pm-3:59pm,7,7,88,Not Applicable (Not Transported),88,Not Applicable (Not Transported),1,0
41,Oregon,410286,2,2,0,0,0,2,2,41,LINCOLN (41),0,NOT APPLICABLE,24,24,5,May,2020,1,Sunday,11,11:00am-11:59am,5,5,1,This section IS ON the NHS,2,U.S. Highway,US-20 ODOT 33,SR-229 ODOT,1,Rural,3,Principal Arterial - Other,1,State Highway Agency,110,110,44.63359167,44.63359167,-123.94741667,-123.94741667,0,No Special Jurisdiction,12,Motor Vehicle In-Transport,6,Angle,0,No,2,Intersection,2,Four-Way Intersection,0,,1,On Roadway,1,Daylight,1,Clear,0,No,0000000,Not Applicable,99,Unknown,99,Unknown,99,Unknown EMS Scene Arrival Hour,99,Unknown EMS Scene Arrival Minutes,99,Unknown,99,Unknown EMS Hospital Arrival Time,1,0
41,Oregon,410287,2,2,0,0,0,3,3,33,JOSEPHINE (33),0,NOT APPLICABLE,26,26,5,May,2020,3,Tuesday,20,8:00pm-8:59pm,13,13,0,This section IS NOT on the NHS,4,County Road,CR-FISH HATCHERY RD,,1,Rural,5,Major Collector,2,County Highway Agency,99998,Not Reported,42.35381944,42.35381944,-123.41149444,-123.41149444,0,No Special Jurisdiction,12,Motor Vehicle In-Transport,2,Front-to-Front,0,No,1,Non-Junction,1,Not an Intersection,0,,1,On Roadway,6,Dark - Unknown Lighting,98,Not Reported,0,No,0000000,Not Applicable,99,Unknown,99,Unknown,99,Unknown EMS Scene Arrival Hour,99,Unknown EMS Scene Arrival Minutes,99,Unknown,99,Unknown EMS Hospital Arrival Time,1,1
41,Oregon,410288,2,2,0,0,0,3,3,35,KLAMATH (35),0,NOT APPLICABLE,29,29,5,May,2020,6,Friday,16,4:00pm-4:59pm,36,36,0,This section IS NOT on the NHS,4,County Road,CR-DELFATTI LN,,1,Rural,7,Local,2,County Highway Agency,2,2,42.14064167,42.14064167,-121.80851389,-121.80851389,0,No Special Jurisdiction,12,Motor Vehicle In-Transport,6,Angle,0,No,8,Driveway Access Related,1,Not an Intersection,0,,1,On Roadway,1,Daylight,1,Clear,0,No,0000000,Not Applicable,99,Unknown,99,Unknown,99,Unknown EMS Scene Arrival Hour,99,Unknown EMS Scene Arrival Minutes,99,Unknown,99,Unknown EMS Hospital Arrival Time,1,0
41,Oregon,410289,1,1,0,0,0,2,2,45,MALHEUR (45),0,NOT APPLICABLE,30,30,5,May,2020,7,Saturday,18,6:00pm-6:59pm,58,58,0,This section IS NOT on the NHS,4,County Road,CR-TWIN SPRINGS RD,,1,Rural,7,Local,2,County Highway Agency,157,157,43.65858889,43.65858889,-117.40489722,-117.40489722,0,No Special Jurisdiction,35,Embankment,0,The First Harmful Event was Not a Collision with a Motor Vehicle in Transport,0,No,1,Non-Junction,1,Not an Intersection,0,,4,On Roadside,1,Daylight,10,Cloudy,0,No,0000000,Not Applicable,99,Unknown,99,Unknown,99,Unknown EMS Scene Arrival Hour,99,Unknown EMS Scene Arrival Minutes,88,Not Applicable (Not Transported),88,Not Applicable (Not Transported),2,1
41,Oregon,410290,2,2,0,0,0,4,4,47,MARION (47),0,NOT APPLICABLE,1,1,6,June,2020,2,Monday,7,7:00am-7:59am,41,41,0,This section IS NOT on the NHS,4,County Road,CR-HOWELL PRAIRIE RD NE,,1,Rural,5,Major Collector,2,County Highway Agency,18,18,44.93389444,44.93389444,-122.88376111,-122.88376111,0,No Special Jurisdiction,12,Motor Vehicle In-Transport,2,Front-to-Front,0,No,1,Non-Junction,1,Not an Intersection,0,,1,On Roadway,1,Daylight,1,Clear,0,No,0000000,Not Applicable,7,7:00am-7:59am,41,41,7,7:00am-7:59am,50,50,99,Unknown,99,Unknown EMS Hospital Arrival Time,3,0
41,Oregon,410291,1,1,0,0,0,1,1,51,MULTNOMAH (51),1650,PORTLAND,4,4,6,June,2020,5,Thursday,0,0:00am-0:59am,9,9,0,This section IS NOT on the NHS,6,Local Street - Municipality,NE PRESCOTT ST,,2,Urban,5,Major Collector,4,City or Municipal Highway Agency,0,,45.55543333,45.55543333,-122.641125,-122.641125,0,No Special Jurisdiction,42,Tree (Standing Only),0,The First Harmful Event was Not a Collision with a Motor Vehicle in Transport,0,No,1,Non-Junction,1,Not an Intersection,0,,4,On Roadside,3,Dark - Lighted,1,Clear,0,No,0000000,Not Applicable,99,Unknown,99,Unknown,99,Unknown EMS Scene Arrival Hour,99,Unknown EMS Scene Arrival Minutes,99,Unknown,99,Unknown EMS Hospital Arrival Time,1,1
41,Oregon,410292,1,1,0,1,1,1,1,51,MULTNOMAH (51),1650,PORTLAND,4,4,6,June,2020,5,Thursday,23,11:00pm-11:59pm,4,4,1,This section IS ON the NHS,3,State Highway,SR-99 ODOT 91,,2,Urban,3,Principal Arterial - Other,1,State Highway Agency,47,47,45.46617222,45.46617222,-122.69684722,-122.69684722,0,No Special Jurisdiction,8,Pedestrian,0,The First Harmful Event was Not a Collision with a Motor Vehicle in Transport,0,No,1,Non-Junction,1,Not an Intersection,0,,98,Not Reported,6,Dark - Unknown Lighting,98,Not Reported,0,No,0000000,Not Applicable,99,Unknown,99,Unknown,99,Unknown EMS Scene Arrival Hour,99,Unknown EMS Scene Arrival Minutes,88,Not Applicable (Not Transported),88,Not Applicable (Not Transported),1,0
41,Oregon,410293,2,2,0,0,0,2,2,39,LANE (39),1960,SPRINGFIELD,5,5,6,June,2020,6,Friday,12,12:00pm-12:59pm,34,34,1,This section IS ON the NHS,3,State Highway,SR-126 ODOT 33,CR-HOLDEN CR LN,1,Rural,3,Principal Arterial - Other,1,State Highway Agency,190,190,44.09256944,44.09256944,-122.71832778,-122.71832778,0,No Special Jurisdiction,12,Motor Vehicle In-Transport,1,Front-to-Rear,0,No,3,Intersection-Related,3,T-Intersection,0,,1,On Roadway,1,Daylight,10,Cloudy,0,No,0000000,Not Applicable,99,Unknown,99,Unknown,99,Unknown EMS Scene Arrival Hour,99,Unknown EMS Scene Arrival Minutes,99,Unknown,99,Unknown EMS Hospital Arrival Time,1,0
41,Oregon,410294,1,1,0,0,0,1,1,51,MULTNOMAH (51),1650,PORTLAND,7,7,6,June,2020,1,Sunday,20,8:00pm-8:59pm,57,57,0,This section IS NOT on the NHS,6,Local Street - Municipality,SE MT SCOTT BLVD,,2,Urban,5,Major Collector,4,City or Municipal Highway Agency,0,,45.46812222,45.46812222,-122.56485,-122.56485,0,No Special Jurisdiction,24,Guardrail Face,0,The First Harmful Event was Not a Collision with a Motor Vehicle in Transport,0,No,1,Non-Junction,1,Not an Intersection,0,,4,On Roadside,6,Dark - Unknown Lighting,98,Not Reported,0,No,0000000,Not Applicable,99,Unknown,99,Unknown,99,Unknown EMS Scene Arrival Hour,99,Unknown EMS Scene Arrival Minutes,88,Not Applicable (Not Transported),88,Not Applicable (Not Transported),1,1
41,Oregon,410295,2,2,0,0,0,2,2,67,WASHINGTON (67),0,NOT APPLICABLE,11,11,6,June,2020,5,Thursday,8,8:00am-8:59am,46,46,1,This section IS ON the NHS,2,U.S. Highway,US-26 ODOT 47,,1,Rural,3,Principal Arterial - Other,1,State Highway Agency,473,473,45.66504444,45.66504444,-123.16505278,-123.16505278,0,No Special Jurisdiction,12,Motor Vehicle In-Transport,2,Front-to-Front,0,No,1,Non-Junction,1,Not an Intersection,0,,1,On Roadway,1,Daylight,2,Rain,0,No,0000000,Not Applicable,8,8:00am-8:59am,46,46,8,8:00am-8:59am,49,49,88,Not Applicable (Not Transported),88,Not Applicable (Not Transported),1,0
41,Oregon,410296,1,1,0,0,0,2,2,55,SHERMAN (55),1783,RUFUS,16,16,6,June,2020,3,Tuesday,16,4:00pm-4:59pm,5,5,1,This section IS ON the NHS,1,Interstate,I-84,,1,Rural,1,Interstate,1,State Highway Agency,1095,1095,45.69308611,45.69308611,-120.74781389,-120.74781389,0,No Special Jurisdiction,1,Rollover/Overturn,0,The First Harmful Event was Not a Collision with a Motor Vehicle in Transport,0,No,1,Non-Junction,1,Not an Intersection,0,,4,On Roadside,1,Daylight,98,Not Reported,0,No,0000000,Not Applicable,16,4:00pm-4:59pm,7,7,16,4:00pm-4:59pm,24,24,99,Unknown,99,Unknown EMS Hospital Arrival Time,1,1
41,Oregon,410297,2,2,0,0,0,3,3,5,CLACKAMAS (5),0,NOT APPLICABLE,19,19,6,June,2020,6,Friday,23,11:00pm-11:59pm,18,18,0,This section IS NOT on the NHS,3,State Highway,SR-224 ODOT 171,,1,Rural,4,Minor Arterial,1,State Highway Agency,168,168,45.36985556,45.36985556,-122.37328056,-122.37328056,0,No Special Jurisdiction,12,Motor Vehicle In-Transport,2,Front-to-Front,0,No,1,Non-Junction,1,Not an Intersection,0,,1,On Roadway,2,Dark - Not Lighted,1,Clear,0,No,0000000,Not Applicable,99,Unknown,99,Unknown,99,Unknown EMS Scene Arrival Hour,99,Unknown EMS Scene Arrival Minutes,99,Unknown,99,Unknown EMS Hospital Arrival Time,1,1
41,Oregon,410298,1,1,0,1,1,1,1,51,MULTNOMAH (51),1650,PORTLAND,22,22,6,June,2020,2,Monday,14,2:00pm-2:59pm,35,35,0,This section IS NOT on the NHS,6,Local Street - Municipality,NE MULTNOMAH ST,NE 16TH AVE,2,Urban,4,Minor Arterial,4,City or Municipal Highway Agency,0,,45.53146111,45.53146111,-122.64946667,-122.64946667,0,No Special Jurisdiction,9,Pedalcyclist,0,The First Harmful Event was Not a Collision with a Motor Vehicle in Transport,0,No,2,Intersection,2,Four-Way Intersection,0,,1,On Roadway,1,Daylight,1,Clear,0,No,0000000,Not Applicable,99,Unknown,99,Unknown,99,Unknown EMS Scene Arrival Hour,99,Unknown EMS Scene Arrival Minutes,99,Unknown,99,Unknown EMS Hospital Arrival Time,1,0
41,Oregon,410299,1,1,0,1,1,1,1,5,CLACKAMAS (5),1360,MILWAUKIE,2,2,7,July,2020,5,Thursday,12,12:00pm-12:59pm,6,6,0,This section IS NOT on the NHS,6,Local Street - Municipality,SE WICHITA AVE,,2,Urban,7,Local,4,City or Municipal Highway Agency,0,,45.45378611,45.45378611,-122.60080278,-122.60080278,0,No Special Jurisdiction,8,Pedestrian,0,The First Harmful Event was Not a Collision with a Motor Vehicle in Transport,0,No,1,Non-Junction,1,Not an Intersection,0,,1,On Roadway,8,Not Reported,98,Not Reported,0,No,0000000,Not Applicable,99,Unknown,99,Unknown,99,Unknown EMS Scene Arrival Hour,99,Unknown EMS Scene Arrival Minutes,88,Not Applicable (Not Transported),88,Not Applicable (Not Transported),1,0
41,Oregon,410301,1,1,0,0,0,2,2,1,BAKER (1),0,NOT APPLICABLE,5,5,7,July,2020,1,Sunday,5,5:00am-5:59am,25,25,0,This section IS NOT on the NHS,4,County Road,CR-SKY RANCH RD,,1,Rural,7,Local,2,County Highway Agency,13,13,44.89001111,44.89001111,-117.95231667,-117.95231667,0,No Special Jurisdiction,5,Fell/Jumped from Vehicle,0,The First Harmful Event was Not a Collision with a Motor Vehicle in Transport,0,No,1,Non-Junction,1,Not an Intersection,0,,1,On Roadway,8,Not Reported,98,Not Reported,0,No,0000000,Not Applicable,88,Not Applicable (Not Notified),88,Not Applicable (Not Notified),88,Not Applicable,88,Not Applicable,88,Not Applicable (Not Transported),88,Not Applicable (Not Transported),1,0
41,Oregon,410302,1,1,0,0,0,1,1,51,MULTNOMAH (51),1650,PORTLAND,6,6,7,July,2020,2,Monday,23,11:00pm-11:59pm,15,15,1,This section IS ON the NHS,2,U.S. Highway,US-26 ODOT 26,,2,Urban,3,Principal Arterial - Other,1,State Highway Agency,61,61,45.49588611,45.49588611,-122.55969444,-122.55969444,0,No Special Jurisdiction,30,Utility Pole/Light Support,0,The First Harmful Event was Not a Collision with a Motor Vehicle in Transport,0,No,1,Non-Junction,1,Not an Intersection,0,,4,On Roadside,6,Dark - Unknown Lighting,98,Not Reported,0,No,0000000,Not Applicable,99,Unknown,99,Unknown,99,Unknown EMS Scene Arrival Hour,99,Unknown EMS Scene Arrival Minutes,99,Unknown,99,Unknown EMS Hospital Arrival Time,1,1
41,Oregon,410303,2,2,0,1,1,2,2,47,MARION (47),0,NOT APPLICABLE,7,7,7,July,2020,3,Tuesday,22,10:00pm-10:59pm,34,34,0,This section IS NOT on the NHS,4,County Road,CR-BROOKLAKE RD NE,,2,Urban,4,Minor Arterial,2,County Highway Agency,26,26,45.04958889,45.04958889,-122.96337222,-122.96337222,0,No Special Jurisdiction,8,Pedestrian,0,The First Harmful Event was Not a Collision with a Motor Vehicle in Transport,0,No,1,Non-Junction,1,Not an Intersection,0,,1,On Roadway,2,Dark - Not Lighted,1,Clear,0,No,0000000,Not Applicable,22,10:00pm-10:59pm,34,34,22,10:00pm-10:59pm,43,43,88,Not Applicable (Not Transported),88,Not Applicable (Not Transported),1,0
41,Oregon,410304,1,1,0,0,0,2,2,19,DOUGLAS (19),1780,ROSEBURG,9,9,7,July,2020,5,Thursday,2,2:00am-2:59am,0,0,1,This section IS ON the NHS,6,Local Street - Municipality,PINE ST,,2,Urban,3,Principal Arterial - Other,4,City or Municipal Highway Agency,0,,43.20136111,43.20136111,-123.35295556,-123.35295556,0,No Special Jurisdiction,24,Guardrail Face,0,The First Harmful Event was Not a Collision with a Motor Vehicle in Transport,0,No,1,Non-Junction,1,Not an Intersection,0,,4,On Roadside,6,Dark - Unknown Lighting,98,Not Reported,0,No,0000000,Not Applicable,99,Unknown,99,Unknown,99,Unknown EMS Scene Arrival Hour,99,Unknown EMS Scene Arrival Minutes,99,Unknown,99,Unknown EMS Hospital Arrival Time,1,1
41,Oregon,410305,3,3,0,0,0,3,3,51,MULTNOMAH (51),1650,PORTLAND,11,11,7,July,2020,7,Saturday,16,4:00pm-4:59pm,45,45,0,This section IS NOT on the NHS,6,Local Street - Municipality,NE GLISAN ST,,2,Urban,3,Principal Arterial - Other,4,City or Municipal Highway Agency,0,,45.52642778,45.52642778,-122.50065,-122.50065,0,No Special Jurisdiction,12,Motor Vehicle In-Transport,2,Front-to-Front,0,No,1,Non-Junction,1,Not an Intersection,0,,1,On Roadway,8,Not Reported,98,Not Reported,0,No,0000000,Not Applicable,99,Unknown,99,Unknown,99,Unknown EMS Scene Arrival Hour,99,Unknown EMS Scene Arrival Minutes,99,Unknown,99,Unknown EMS Hospital Arrival Time,1,0
41,Oregon,410306,1,1,0,0,0,1,1,23,GRANT (23),0,NOT APPLICABLE,12,12,7,July,2020,1,Sunday,16,4:00pm-4:59pm,30,30,0,This section IS NOT on the NHS,8,Other,FS-7362,,1,Rural,7,Local,64,U.S. Forest Service,99998,Not Reported,88.8888,88.8888,888.8888,888.8888,0,No Special Jurisdiction,42,Tree (Standing Only),0,The First Harmful Event was Not a Collision with a Motor Vehicle in Transport,0,No,1,Non-Junction,1,Not an Intersection,0,,4,On Roadside,8,Not Reported,98,Not Reported,0,No,0000000,Not Applicable,99,Unknown,99,Unknown,99,Unknown EMS Scene Arrival Hour,99,Unknown EMS Scene Arrival Minutes,88,Not Applicable (Not Transported),88,Not Applicable (Not Transported),1,0
41,Oregon,410307,1,1,0,0,0,1,1,5,CLACKAMAS (5),0,NOT APPLICABLE,6,6,7,July,2020,2,Monday,8,8:00am-8:59am,2,2,0,This section IS NOT on the NHS,4,County Road,CR-SE WEBSTER RD,,2,Urban,5,Major Collector,2,County Highway Agency,14,14,45.40433611,45.40433611,-122.58535,-122.58535,0,No Special Jurisdiction,42,Tree (Standing Only),0,The First Harmful Event was Not a Collision with a Motor Vehicle in Transport,0,No,1,Non-Junction,1,Not an Intersection,0,,4,On Roadside,1,Daylight,98,Not Reported,0,No,0000000,Not Applicable,99,Unknown,99,Unknown,99,Unknown EMS Scene Arrival Hour,99,Unknown EMS Scene Arrival Minutes,99,Unknown,99,Unknown EMS Hospital Arrival Time,1,0
41,Oregon,410308,2,1,1,0,0,2,2,51,MULTNOMAH (51),1650,PORTLAND,18,18,7,July,2020,7,Saturday,18,6:00pm-6:59pm,4,4,1,This section IS ON the NHS,6,Local Street - Municipality,NE GLISAN ST,,2,Urban,3,Principal Arterial - Other,4,City or Municipal Highway Agency,0,,45.52642778,45.52642778,-122.50204167,-122.50204167,0,No Special Jurisdiction,14,Parked Motor Vehicle,0,The First Harmful Event was Not a Collision with a Motor Vehicle in Transport,0,No,1,Non-Junction,1,Not an Intersection,0,,4,On Roadside,8,Not Reported,98,Not Reported,0,No,0000000,Not Applicable,99,Unknown,99,Unknown,99,Unknown EMS Scene Arrival Hour,99,Unknown EMS Scene Arrival Minutes,88,Not Applicable (Not Transported),88,Not Applicable (Not Transported),2,0
41,Oregon,410309,3,3,0,0,0,4,4,51,MULTNOMAH (51),1650,PORTLAND,19,19,7,July,2020,1,Sunday,14,2:00pm-2:59pm,10,10,0,This section IS NOT on the NHS,6,Local Street - Municipality,NE RUSSELL ST,NE 122ND AVE,2,Urban,4,Minor Arterial,4,City or Municipal Highway Agency,0,,45.54129167,45.54129167,-122.53751944,-122.53751944,0,No Special Jurisdiction,12,Motor Vehicle In-Transport,6,Angle,0,No,2,Intersection,2,Four-Way Intersection,0,,1,On Roadway,1,Daylight,1,Clear,0,No,0000000,Not Applicable,99,Unknown,99,Unknown,99,Unknown EMS Scene Arrival Hour,99,Unknown EMS Scene Arrival Minutes,99,Unknown,99,Unknown EMS Hospital Arrival Time,1,0
41,Oregon,410310,3,3,0,0,0,5,5,51,MULTNOMAH (51),1650,PORTLAND,22,22,7,July,2020,4,Wednesday,22,10:00pm-10:59pm,27,27,0,This section IS NOT on the NHS,6,Local Street - Municipality,SE-STARK ST,SE-122ND AVE,2,Urban,4,Minor Arterial,4,City or Municipal Highway Agency,0,,45.519025,45.519025,-122.53776389,-122.53776389,0,No Special Jurisdiction,12,Motor Vehicle In-Transport,6,Angle,0,No,2,Intersection,2,Four-Way Intersection,0,,1,On Roadway,8,Not Reported,98,Not Reported,0,No,0000000,Not Applicable,99,Unknown,99,Unknown,99,Unknown EMS Scene Arrival Hour,99,Unknown EMS Scene Arrival Minutes,99,Unknown,99,Unknown EMS Hospital Arrival Time,1,1
41,Oregon,410311,1,1,0,1,1,1,1,51,MULTNOMAH (51),1650,PORTLAND,30,30,7,July,2020,5,Thursday,19,7:00pm-7:59pm,38,38,0,This section IS NOT on the NHS,6,Local Street - Municipality,SE MILL CT,,2,Urban,7,Local,4,City or Municipal Highway Agency,0,,45.50958333,45.50958333,-122.48535278,-122.48535278,0,No Special Jurisdiction,8,Pedestrian,0,The First Harmful Event was Not a Collision with a Motor Vehicle in Transport,0,No,98,Not Reported,98,Not Reported,0,,98,Not Reported,8,Not Reported,98,Not Reported,0,No,0000000,Not Applicable,99,Unknown,99,Unknown,99,Unknown EMS Scene Arrival Hour,99,Unknown EMS Scene Arrival Minutes,88,Not Applicable (Not Transported),88,Not Applicable (Not Transported),1,0
41,Oregon,410312,1,1,0,0,0,1,1,33,JOSEPHINE (33),0,NOT APPLICABLE,31,31,7,July,2020,6,Friday,10,10:00am-10:59am,5,5,0,This section IS NOT on the NHS,4,County Road,CR-ROBERTSON BRIDGE RD,,1,Rural,5,Major Collector,2,County Highway Agency,13,13,42.50429722,42.50429722,-123.44650556,-123.44650556,0,No Special Jurisdiction,53,Mail Box,0,The First Harmful Event was Not a Collision with a Motor Vehicle in Transport,0,No,1,Non-Junction,1,Not an Intersection,0,,4,On Roadside,1,Daylight,98,Not Reported,0,No,0000000,Not Applicable,99,Unknown,99,Unknown,99,Unknown EMS Scene Arrival Hour,99,Unknown EMS Scene Arrival Minutes,99,Unknown,99,Unknown EMS Hospital Arrival Time,1,0
41,Oregon,410314,2,2,0,0,0,2,2,25,HARNEY (25),0,NOT APPLICABLE,2,2,8,August,2020,1,Sunday,9,9:00am-9:59am,52,52,1,This section IS ON the NHS,2,U.S. Highway,US-395 ODOT 48,,1,Rural,3,Principal Arterial - Other,1,State Highway Agency,426,426,43.92748889,43.92748889,-118.93231389,-118.93231389,0,No Special Jurisdiction,12,Motor Vehicle In-Transport,6,Angle,0,No,8,Driveway Access Related,1,Not an Intersection,0,,1,On Roadway,1,Daylight,98,Not Reported,0,No,0000000,Not Applicable,9,9:00am-9:59am,51,51,10,10:00am-10:59am,25,25,99,Unknown,99,Unknown EMS Hospital Arrival Time,1,0
41,Oregon,410315,1,1,0,0,0,1,1,47,MARION (47),1810,SALEM,5,5,8,August,2020,4,Wednesday,19,7:00pm-7:59pm,27,27,0,This section IS NOT on the NHS,6,Local Street - Municipality,TURNER RD SE,,2,Urban,4,Minor Arterial,4,City or Municipal Highway Agency,0,,44.90235278,44.90235278,-122.98980833,-122.98980833,0,No Special Jurisdiction,32,Culvert,0,The First Harmful Event was Not a Collision with a Motor Vehicle in Transport,0,No,1,Non-Junction,1,Not an Intersection,0,,4,On Roadside,1,Daylight,1,Clear,0,No,0000000,Not Applicable,19,7:00pm-7:59pm,27,27,19,7:00pm-7:59pm,35,35,88,Not Applicable (Not Transported),88,Not Applicable (Not Transported),1,1
41,Oregon,410316,1,1,0,0,0,1,1,31,JEFFERSON (31),0,NOT APPLICABLE,5,5,8,August,2020,4,Wednesday,22,10:00pm-10:59pm,10,10,0,This section IS NOT on the NHS,4,County Road,CR-SW SUTTLE LAKE LOOP,,1,Rural,5,Major Collector,2,County Highway Agency,0,,44.419225,44.419225,-121.73721944,-121.73721944,0,No Special Jurisdiction,1,Rollover/Overturn,0,The First Harmful Event was Not a Collision with a Motor Vehicle in Transport,0,No,1,Non-Junction,1,Not an Intersection,0,,1,On Roadway,2,Dark - Not Lighted,98,Not Reported,0,No,0000000,Not Applicable,99,Unknown,99,Unknown,99,Unknown EMS Scene Arrival Hour,99,Unknown EMS Scene Arrival Minutes,88,Not Applicable (Not Transported),88,Not Applicable (Not Transported),1,1
41,Oregon,410317,1,1,0,0,0,1,1,19,DOUGLAS (19),0,NOT APPLICABLE,10,10,7,July,2020,6,Friday,20,8:00pm-8:59pm,55,55,0,This section IS NOT on the NHS,4,County Road,CR-CANYONVILLE-RIDDLE RD,,1,Rural,5,Major Collector,2,County Highway Agency,22,22,42.92547222,42.92547222,-123.32388333,-123.32388333,0,No Special Jurisdiction,34,Ditch,0,The First Harmful Event was Not a Collision with a Motor Vehicle in Transport,0,No,1,Non-Junction,1,Not an Intersection,0,,4,On Roadside,5,Dusk,1,Clear,0,No,0000000,Not Applicable,20,8:00pm-8:59pm,55,55,20,8:00pm-8:59pm,56,56,99,Unknown,99,Unknown EMS Hospital Arrival Time,1,1
41,Oregon,410318,2,2,0,0,0,2,2,67,WASHINGTON (67),1000,HILLSBORO,7,7,8,August,2020,6,Friday,14,2:00pm-2:59pm,37,37,1,This section IS ON the NHS,3,State Highway,SR-8 ODOT 29,,2,Urban,3,Principal Arterial - Other,1,State Highway Agency,106,106,45.50234167,45.50234167,-122.94899167,-122.94899167,0,No Special Jurisdiction,12,Motor Vehicle In-Transport,6,Angle,0,No,8,Driveway Access Related,1,Not an Intersection,0,,1,On Roadway,1,Daylight,1,Clear,0,No,0000000,Not Applicable,14,2:00pm-2:59pm,36,36,14,2:00pm-2:59pm,43,43,88,Not Applicable (Not Transported),88,Not Applicable (Not Transported),1,0
41,Oregon,410319,2,2,0,0,0,4,4,47,MARION (47),1810,SALEM,7,7,8,August,2020,6,Friday,22,10:00pm-10:59pm,3,3,0,This section IS NOT on the NHS,6,Local Street - Municipality,LIBERTY RD S,MILDRED LN SE,2,Urban,4,Minor Arterial,4,City or Municipal Highway Agency,0,,44.86931111,44.86931111,-123.06136111,-123.06136111,0,No Special Jurisdiction,12,Motor Vehicle In-Transport,6,Angle,0,No,2,Intersection,2,Four-Way Intersection,0,,1,On Roadway,3,Dark - Lighted,1,Clear,0,No,0000000,Not Applicable,22,10:00pm-10:59pm,3,3,22,10:00pm-10:59pm,8,8,99,Unknown,99,Unknown EMS Hospital Arrival Time,1,0
41,Oregon,410320,1,1,0,0,0,1,1,43,LINN (43),1342,MILLERSBURG,7,7,8,August,2020,6,Friday,14,2:00pm-2:59pm,53,53,0,This section IS NOT on the NHS,6,Local Street - Municipality,NE OLD SALEM RD,,2,Urban,4,Minor Arterial,4,City or Municipal Highway Agency,0,,44.68223056,44.68223056,-123.05983611,-123.05983611,0,No Special Jurisdiction,33,Curb,0,The First Harmful Event was Not a Collision with a Motor Vehicle in Transport,0,No,1,Non-Junction,1,Not an Intersection,0,,4,On Roadside,1,Daylight,1,Clear,0,No,0000000,Not Applicable,14,2:00pm-2:59pm,53,53,15,3:00pm-3:59pm,3,3,88,Not Applicable (Not Transported),88,Not Applicable (Not Transported),1,1
41,Oregon,410321,1,1,0,0,0,2,2,71,YAMHILL (71),0,NOT APPLICABLE,29,29,7,July,2020,4,Wednesday,19,7:00pm-7:59pm,0,0,0,This section IS NOT on the NHS,3,State Highway,SR-211 ODOT 150,,1,Rural,4,Minor Arterial,1,State Highway Agency,80,80,45.11727778,45.11727778,-123.06423889,-123.06423889,0,No Special Jurisdiction,5,Fell/Jumped from Vehicle,0,The First Harmful Event was Not a Collision with a Motor Vehicle in Transport,0,No,1,Non-Junction,1,Not an Intersection,0,,1,On Roadway,1,Daylight,98,Not Reported,0,No,0000000,Not Applicable,99,Unknown,99,Unknown,99,Unknown EMS Scene Arrival Hour,99,Unknown EMS Scene Arrival Minutes,99,Unknown,99,Unknown EMS Hospital Arrival Time,1,0
41,Oregon,410322,4,4,0,0,0,6,6,31,JEFFERSON (31),0,NOT APPLICABLE,15,15,8,August,2020,7,Saturday,15,3:00pm-3:59pm,58,58,1,This section IS ON the NHS,2,U.S. Highway,US-97 ODOT 4,,1,Rural,3,Principal Arterial - Other,1,State Highway Agency,1082,1082,44.45541667,44.45541667,-121.19948611,-121.19948611,0,No Special Jurisdiction,12,Motor Vehicle In-Transport,1,Front-to-Rear,0,No,1,Non-Junction,1,Not an Intersection,0,,1,On Roadway,1,Daylight,1,Clear,0,No,0000000,Not Applicable,15,3:00pm-3:59pm,58,58,16,4:00pm-4:59pm,9,9,99,Unknown,99,Unknown EMS Hospital Arrival Time,1,0
41,Oregon,410323,1,1,0,0,0,3,3,43,LINN (43),0,NOT APPLICABLE,28,28,7,July,2020,3,Tuesday,18,6:00pm-6:59pm,40,40,0,This section IS NOT on the NHS,4,County Road,CR-KINGSTON JORDAN DR,,1,Rural,5,Major Collector,2,County Highway Agency,11,11,44.74614167,44.74614167,-122.71443056,-122.71443056,0,No Special Jurisdiction,1,Rollover/Overturn,0,The First Harmful Event was Not a Collision with a Motor Vehicle in Transport,0,No,1,Non-Junction,1,Not an Intersection,0,,1,On Roadway,8,Not Reported,98,Not Reported,0,No,0000000,Not Applicable,99,Unknown,99,Unknown,99,Unknown EMS Scene Arrival Hour,99,Unknown EMS Scene Arrival Minutes,99,Unknown,99,Unknown EMS Hospital Arrival Time,1,0
41,Oregon,410324,3,3,0,0,0,4,4,65,WASCO (65),0,NOT APPLICABLE,21,21,8,August,2020,6,Friday,19,7:00pm-7:59pm,20,20,1,This section IS ON the NHS,2,U.S. Highway,US-26 ODOT 53,,1,Rural,3,Principal Arterial - Other,1,State Highway Agency,810,810,45.02015278,45.02015278,-121.51156667,-121.51156667,0,No Special Jurisdiction,12,Motor Vehicle In-Transport,98,Not Reported,0,No,1,Non-Junction,1,Not an Intersection,0,,1,On Roadway,1,Daylight,98,Not Reported,0,No,0000000,Not Applicable,99,Unknown,99,Unknown,99,Unknown EMS Scene Arrival Hour,99,Unknown EMS Scene Arrival Minutes,88,Not Applicable (Not Transported),88,Not Applicable (Not Transported),2,1
41,Oregon,410325,1,1,0,0,0,2,2,51,MULTNOMAH (51),670,FAIRVIEW,24,24,8,August,2020,2,Monday,23,11:00pm-11:59pm,43,43,0,This section IS NOT on the NHS,6,Local Street - Municipality,BLUE LAKE RD,,2,Urban,5,Major Collector,4,City or Municipal Highway Agency,0,,45.55876389,45.55876389,-122.44985833,-122.44985833,0,No Special Jurisdiction,24,Guardrail Face,0,The First Harmful Event was Not a Collision with a Motor Vehicle in Transport,0,No,1,Non-Junction,1,Not an Intersection,0,,4,On Roadside,2,Dark - Not Lighted,1,Clear,0,No,0000000,Not Applicable,99,Unknown,99,Unknown,99,Unknown EMS Scene Arrival Hour,99,Unknown EMS Scene Arrival Minutes,99,Unknown,99,Unknown EMS Hospital Arrival Time,1,0
41,Oregon,410326,1,1,0,1,1,1,1,51,MULTNOMAH (51),1650,PORTLAND,28,28,8,August,2020,6,Friday,23,11:00pm-11:59pm,35,35,1,This section IS ON the NHS,6,Local Street - Municipality,N MARINE DR,,2,Urban,4,Minor Arterial,4,City or Municipal Highway Agency,0,,45.62793611,45.62793611,-122.740975,-122.740975,0,No Special Jurisdiction,8,Pedestrian,0,The First Harmful Event was Not a Collision with a Motor Vehicle in Transport,0,No,1,Non-Junction,1,Not an Intersection,0,,1,On Roadway,6,Dark - Unknown Lighting,98,Not Reported,0,No,0000000,Not Applicable,99,Unknown,99,Unknown,99,Unknown EMS Scene Arrival Hour,99,Unknown EMS Scene Arrival Minutes,88,Not Applicable (Not Transported),88,Not Applicable (Not Transported),2,0
41,Oregon,410327,2,2,0,0,0,2,2,39,LANE (39),0,NOT APPLICABLE,27,27,8,August,2020,5,Thursday,10,10:00am-10:59am,11,11,0,This section IS NOT on the NHS,4,County Road,CR-PENGRA RD,CR-PLACE RD,1,Rural,5,Major Collector,2,County Highway Agency,40,40,43.95492778,43.95492778,-122.84139722,-122.84139722,0,No Special Jurisdiction,12,Motor Vehicle In-Transport,6,Angle,0,No,2,Intersection,3,T-Intersection,0,,1,On Roadway,1,Daylight,1,Clear,0,No,0000000,Not Applicable,99,Unknown,99,Unknown,99,Unknown EMS Scene Arrival Hour,99,Unknown EMS Scene Arrival Minutes,88,Not Applicable (Not Transported),88,Not Applicable (Not Transported),1,0
41,Oregon,410328,1,1,0,0,0,1,1,43,LINN (43),0,NOT APPLICABLE,29,29,8,August,2020,7,Saturday,1,1:00am-1:59am,57,57,0,This section IS NOT on the NHS,4,County Road,CR-BERLIN RD,,1,Rural,5,Major Collector,2,County Highway Agency,19,19,44.46721111,44.46721111,-122.74373889,-122.74373889,0,No Special Jurisdiction,1,Rollover/Overturn,0,The First Harmful Event was Not a Collision with a Motor Vehicle in Transport,0,No,98,Not Reported,98,Not Reported,0,,98,Not Reported,2,Dark - Not Lighted,1,Clear,0,No,0000000,Not Applicable,1,1:00am-1:59am,57,57,2,2:00am-2:59am,13,13,99,Unknown,99,Unknown EMS Hospital Arrival Time,1,1
41,Oregon,410329,1,1,0,1,1,1,1,51,MULTNOMAH (51),1650,PORTLAND,30,30,8,August,2020,1,Sunday,19,7:00pm-7:59pm,2,2,1,This section IS ON the NHS,6,Local Street - Municipality,NE MARTIN LUTHER KING BLVD,NE DEKUM ST,2,Urban,3,Principal Arterial - Other,4,City or Municipal Highway Agency,0,,45.57178056,45.57178056,-122.66137222,-122.66137222,0,No Special Jurisdiction,8,Pedestrian,0,The First Harmful Event was Not a Collision with a Motor Vehicle in Transport,0,No,3,Intersection-Related,2,Four-Way Intersection,0,,1,On Roadway,1,Daylight,98,Not Reported,0,No,0000000,Not Applicable,99,Unknown,99,Unknown,99,Unknown EMS Scene Arrival Hour,99,Unknown EMS Scene Arrival Minutes,99,Unknown,99,Unknown EMS Hospital Arrival Time,1,0
41,Oregon,410330,1,1,0,0,0,1,1,23,GRANT (23),0,NOT APPLICABLE,21,21,8,August,2020,6,Friday,3,3:00am-3:59am,0,0,1,This section IS ON the NHS,2,U.S. Highway,US-395 ODOT 28,,1,Rural,3,Principal Arterial - Other,1,State Highway Agency,740,740,44.89088056,44.89088056,-119.01174722,-119.01174722,0,No Special Jurisdiction,42,Tree (Standing Only),0,The First Harmful Event was Not a Collision with a Motor Vehicle in Transport,0,No,1,Non-Junction,1,Not an Intersection,0,,4,On Roadside,2,Dark - Not Lighted,1,Clear,0,No,0000000,Not Applicable,3,3:00am-3:59am,21,21,3,3:00am-3:59am,40,40,99,Unknown,99,Unknown EMS Hospital Arrival Time,1,0
41,Oregon,410331,1,1,0,0,0,2,2,51,MULTNOMAH (51),1650,PORTLAND,1,1,9,September,2020,3,Tuesday,5,5:00am-5:59am,10,10,0,This section IS NOT on the NHS,6,Local Street - Municipality,SE 153RD AVE,,2,Urban,7,Local,4,City or Municipal Highway Agency,0,,45.51921111,45.51921111,-122.50618056,-122.50618056,0,No Special Jurisdiction,42,Tree (Standing Only),0,The First Harmful Event was Not a Collision with a Motor Vehicle in Transport,0,No,1,Non-Junction,1,Not an Intersection,0,,4,On Roadside,9,Reported as Unknown,98,Not Reported,0,No,0000000,Not Applicable,99,Unknown,99,Unknown,99,Unknown EMS Scene Arrival Hour,99,Unknown EMS Scene Arrival Minutes,99,Unknown,99,Unknown EMS Hospital Arrival Time,1,1
41,Oregon,410332,1,1,0,1,1,1,1,51,MULTNOMAH (51),1650,PORTLAND,3,3,9,September,2020,5,Thursday,9,9:00am-9:59am,44,44,0,This section IS NOT on the NHS,6,Local Street - Municipality,SE MARKET ST,,2,Urban,5,Major Collector,4,City or Municipal Highway Agency,0,,45.51074167,45.51074167,-122.56644167,-122.56644167,0,No Special Jurisdiction,9,Pedalcyclist,0,The First Harmful Event was Not a Collision with a Motor Vehicle in Transport,0,No,16,Shared-Use Path Crossing,1,Not an Intersection,0,,1,On Roadway,1,Daylight,1,Clear,0,No,0000000,Not Applicable,99,Unknown,99,Unknown,99,Unknown EMS Scene Arrival Hour,99,Unknown EMS Scene Arrival Minutes,99,Unknown,99,Unknown EMS Hospital Arrival Time,1,0
41,Oregon,410333,2,2,0,0,0,2,2,35,KLAMATH (35),0,NOT APPLICABLE,27,27,8,August,2020,5,Thursday,8,8:00am-8:59am,34,34,0,This section IS NOT on the NHS,4,County Road,CR-HOMEDALE RD,CR-HARLAN DR,2,Urban,5,Major Collector,2,County Highway Agency,73,73,42.19315556,42.19315556,-121.72272778,-121.72272778,0,No Special Jurisdiction,12,Motor Vehicle In-Transport,6,Angle,0,No,2,Intersection,2,Four-Way Intersection,0,,1,On Roadway,1,Daylight,1,Clear,0,No,0000000,Not Applicable,99,Unknown,99,Unknown,99,Unknown EMS Scene Arrival Hour,99,Unknown EMS Scene Arrival Minutes,99,Unknown,99,Unknown EMS Hospital Arrival Time,1,0
41,Oregon,410334,1,1,0,0,0,1,1,19,DOUGLAS (19),0,NOT APPLICABLE,7,7,9,September,2020,2,Monday,0,0:00am-0:59am,22,22,1,This section IS ON the NHS,3,State Highway,SR-42 ODOT 35,,1,Rural,3,Principal Arterial - Other,1,State Highway Agency,590,590,43.06373056,43.06373056,-123.62280278,-123.62280278,0,No Special Jurisdiction,11,Live Animal,0,The First Harmful Event was Not a Collision with a Motor Vehicle in Transport,0,No,1,Non-Junction,1,Not an Intersection,0,,1,On Roadway,6,Dark - Unknown Lighting,98,Not Reported,0,No,0000000,Not Applicable,99,Unknown,99,Unknown,99,Unknown EMS Scene Arrival Hour,99,Unknown EMS Scene Arrival Minutes,88,Not Applicable (Not Transported),88,Not Applicable (Not Transported),1,1
41,Oregon,410335,1,1,0,0,0,1,1,11,COOS (11),0,NOT APPLICABLE,7,7,9,September,2020,2,Monday,16,4:00pm-4:59pm,39,39,0,This section IS NOT on the NHS,4,County Road,CR-SHINGLEHOUSE RD,,1,Rural,5,Major Collector,2,County Highway Agency,19,19,43.32605278,43.32605278,-124.21148889,-124.21148889,0,No Special Jurisdiction,42,Tree (Standing Only),0,The First Harmful Event was Not a Collision with a Motor Vehicle in Transport,0,No,1,Non-Junction,1,Not an Intersection,0,,4,On Roadside,8,Not Reported,98,Not Reported,0,No,0000000,Not Applicable,16,4:00pm-4:59pm,40,40,16,4:00pm-4:59pm,42,42,88,Not Applicable (Not Transported),88,Not Applicable (Not Transported),1,1
41,Oregon,410336,1,1,0,0,0,1,1,19,DOUGLAS (19),0,NOT APPLICABLE,11,11,9,September,2020,6,Friday,20,8:00pm-8:59pm,11,11,0,This section IS NOT on the NHS,4,County Road,CR-GARDEN VALLEY RD,,1,Rural,4,Minor Arterial,2,County Highway Agency,48,48,43.26990278,43.26990278,-123.41015556,-123.41015556,0,No Special Jurisdiction,24,Guardrail Face,0,The First Harmful Event was Not a Collision with a Motor Vehicle in Transport,0,No,1,Non-Junction,1,Not an Intersection,0,,4,On Roadside,8,Not Reported,98,Not Reported,0,No,0000000,Not Applicable,99,Unknown,99,Unknown,99,Unknown EMS Scene Arrival Hour,99,Unknown EMS Scene Arrival Minutes,99,Unknown,99,Unknown EMS Hospital Arrival Time,1,0
41,Oregon,410337,1,1,0,1,1,2,2,11,COOS (11),140,BANDON,8,8,9,September,2020,3,Tuesday,20,8:00pm-8:59pm,1,1,1,This section IS ON the NHS,2,U.S. Highway,US-101 ODOT 9,,1,Rural,3,Principal Arterial - Other,1,State Highway Agency,2740,2740,43.11875556,43.11875556,-124.41168056,-124.41168056,0,No Special Jurisdiction,8,Pedestrian,0,The First Harmful Event was Not a Collision with a Motor Vehicle in Transport,0,No,1,Non-Junction,1,Not an Intersection,0,,1,On Roadway,2,Dark - Not Lighted,98,Not Reported,0,No,0000000,Not Applicable,99,Unknown,99,Unknown,99,Unknown EMS Scene Arrival Hour,99,Unknown EMS Scene Arrival Minutes,99,Unknown,99,Unknown EMS Hospital Arrival Time,1,0
41,Oregon,410338,1,1,0,0,0,1,1,5,CLACKAMAS (5),0,NOT APPLICABLE,16,16,9,September,2020,4,Wednesday,17,5:00pm-5:59pm,12,12,1,This section IS ON the NHS,3,State Highway,SR-212 ODOT 174,,2,Urban,3,Principal Arterial - Other,1,State Highway Agency,2,2,45.40848333,45.40848333,-122.50118611,-122.50118611,0,No Special Jurisdiction,24,Guardrail Face,0,The First Harmful Event was Not a Collision with a Motor Vehicle in Transport,0,No,1,Non-Junction,1,Not an Intersection,0,,4,On Roadside,1,Daylight,98,Not Reported,0,No,0000000,Not Applicable,17,5:00pm-5:59pm,10,10,17,5:00pm-5:59pm,14,14,88,Not Applicable (Not Transported),88,Not Applicable (Not Transported),1,0
41,Oregon,410339,1,1,0,1,1,1,1,5,CLACKAMAS (5),0,NOT APPLICABLE,19,19,9,September,2020,7,Saturday,18,6:00pm-6:59pm,40,40,0,This section IS NOT on the NHS,6,Local Street - Municipality,SE KING RD,,2,Urban,4,Minor Arterial,4,City or Municipal Highway Agency,8,8,45.44793611,45.44793611,-122.59576667,-122.59576667,0,No Special Jurisdiction,8,Pedestrian,0,The First Harmful Event was Not a Collision with a Motor Vehicle in Transport,0,No,1,Non-Junction,1,Not an Intersection,0,,1,On Roadway,1,Daylight,98,Not Reported,0,No,0000000,Not Applicable,99,Unknown,99,Unknown,99,Unknown EMS Scene Arrival Hour,99,Unknown EMS Scene Arrival Minutes,88,Not Applicable (Not Transported),88,Not Applicable (Not Transported),1,0
41,Oregon,410340,1,1,0,1,1,1,1,51,MULTNOMAH (51),1650,PORTLAND,24,24,9,September,2020,5,Thursday,22,10:00pm-10:59pm,0,0,0,This section IS NOT on the NHS,6,Local Street - Municipality,NE 139TH AVE,,2,Urban,5,Major Collector,4,City or Municipal Highway Agency,0,,45.52436944,45.52436944,-122.52091944,-122.52091944,0,No Special Jurisdiction,8,Pedestrian,0,The First Harmful Event was Not a Collision with a Motor Vehicle in Transport,0,No,1,Non-Junction,1,Not an Intersection,0,,1,On Roadway,6,Dark - Unknown Lighting,98,Not Reported,0,No,0000000,Not Applicable,99,Unknown,99,Unknown,99,Unknown EMS Scene Arrival Hour,99,Unknown EMS Scene Arrival Minutes,99,Unknown,99,Unknown EMS Hospital Arrival Time,1,0
41,Oregon,410341,1,1,0,0,0,1,1,51,MULTNOMAH (51),880,GRESHAM,27,27,9,September,2020,1,Sunday,22,10:00pm-10:59pm,44,44,0,This section IS NOT on the NHS,6,Local Street - Municipality,SW HIGHLAND DR,,2,Urban,4,Minor Arterial,4,City or Municipal Highway Agency,0,,45.48789167,45.48789167,-122.47552222,-122.47552222,0,No Special Jurisdiction,25,Concrete Traffic Barrier,0,The First Harmful Event was Not a Collision with a Motor Vehicle in Transport,0,No,1,Non-Junction,1,Not an Intersection,0,,3,On Median,3,Dark - Lighted,10,Cloudy,0,No,0000000,Not Applicable,22,10:00pm-10:59pm,44,44,22,10:00pm-10:59pm,49,49,88,Not Applicable (Not Transported),88,Not Applicable (Not Transported),1,1
41,Oregon,410342,1,1,0,0,0,2,2,71,YAMHILL (71),0,NOT APPLICABLE,28,28,9,September,2020,2,Monday,16,4:00pm-4:59pm,7,7,0,This section IS NOT on the NHS,4,County Road,CR-BALLSTON RD,,1,Rural,5,Major Collector,2,County Highway Agency,5,5,45.07588333,45.07588333,-123.36058333,-123.36058333,0,No Special Jurisdiction,34,Ditch,0,The First Harmful Event was Not a Collision with a Motor Vehicle in Transport,0,No,1,Non-Junction,1,Not an Intersection,0,,4,On Roadside,1,Daylight,98,Not Reported,0,No,0000000,Not Applicable,99,Unknown,99,Unknown,99,Unknown EMS Scene Arrival Hour,99,Unknown EMS Scene Arrival Minutes,99,Unknown,99,Unknown EMS Hospital Arrival Time,1,1
41,Oregon,410343,2,2,0,1,1,3,3,33,JOSEPHINE (33),860,GRANTS PASS,3,3,10,October,2020,7,Saturday,20,8:00pm-8:59pm,41,41,1,This section IS ON the NHS,2,U.S. Highway,US-99 ODOT 25,,2,Urban,3,Principal Arterial - Other,1,State Highway Agency,8,8,42.42295556,42.42295556,-123.34341944,-123.34341944,0,No Special Jurisdiction,8,Pedestrian,0,The First Harmful Event was Not a Collision with a Motor Vehicle in Transport,0,No,1,Non-Junction,1,Not an Intersection,0,,1,On Roadway,2,Dark - Not Lighted,1,Clear,0,No,0000000,Not Applicable,99,Unknown,99,Unknown,99,Unknown EMS Scene Arrival Hour,99,Unknown EMS Scene Arrival Minutes,88,Not Applicable (Not Transported),88,Not Applicable (Not Transported),1,0
41,Oregon,410344,1,1,0,0,0,1,1,51,MULTNOMAH (51),0,NOT APPLICABLE,4,4,10,October,2020,1,Sunday,22,10:00pm-10:59pm,52,52,0,This section IS NOT on the NHS,4,County Road,CR-SW SCHOLLS FERRY RD,,2,Urban,4,Minor Arterial,2,County Highway Agency,0,,45.503825,45.503825,-122.73695,-122.73695,0,No Special Jurisdiction,1,Rollover/Overturn,0,The First Harmful Event was Not a Collision with a Motor Vehicle in Transport,0,No,1,Non-Junction,1,Not an Intersection,0,,1,On Roadway,6,Dark - Unknown Lighting,98,Not Reported,0,No,0000000,Not Applicable,99,Unknown,99,Unknown,99,Unknown EMS Scene Arrival Hour,99,Unknown EMS Scene Arrival Minutes,88,Not Applicable (Not Transported),88,Not Applicable (Not Transported),1,0
41,Oregon,410345,1,1,0,1,1,1,1,47,MARION (47),1810,SALEM,6,6,10,October,2020,3,Tuesday,16,4:00pm-4:59pm,50,50,0,This section IS NOT on the NHS,6,Local Street - Municipality,CHERRY AVE NE,,2,Urban,4,Minor Arterial,4,City or Municipal Highway Agency,0,,44.96481667,44.96481667,-123.01944167,-123.01944167,0,No Special Jurisdiction,9,Pedalcyclist,0,The First Harmful Event was Not a Collision with a Motor Vehicle in Transport,0,No,1,Non-Junction,1,Not an Intersection,0,,1,On Roadway,1,Daylight,1,Clear,0,No,0000000,Not Applicable,16,4:00pm-4:59pm,51,51,16,4:00pm-4:59pm,55,55,99,Unknown,99,Unknown EMS Hospital Arrival Time,1,0
41,Oregon,410346,1,1,0,0,0,1,1,51,MULTNOMAH (51),1650,PORTLAND,9,9,10,October,2020,6,Friday,5,5:00am-5:59am,55,55,0,This section IS NOT on the NHS,6,Local Street - Municipality,SW ARTHUR ST,SW 1ST AVE,2,Urban,4,Minor Arterial,4,City or Municipal Highway Agency,0,,45.50371111,45.50371111,-122.67868889,-122.67868889,0,No Special Jurisdiction,30,Utility Pole/Light Support,0,The First Harmful Event was Not a Collision with a Motor Vehicle in Transport,0,No,3,Intersection-Related,2,Four-Way Intersection,0,,4,On Roadside,6,Dark - Unknown Lighting,98,Not Reported,0,No,0000000,Not Applicable,99,Unknown,99,Unknown,99,Unknown EMS Scene Arrival Hour,99,Unknown EMS Scene Arrival Minutes,88,Not Applicable (Not Transported),88,Not Applicable (Not Transported),1,0
41,Oregon,410348,1,1,0,0,0,1,1,51,MULTNOMAH (51),880,GRESHAM,10,10,10,October,2020,7,Saturday,0,0:00am-0:59am,44,44,0,This section IS NOT on the NHS,6,Local Street - Municipality,NE KANE DR,,2,Urban,3,Principal Arterial - Other,4,City or Municipal Highway Agency,0,,45.51057222,45.51057222,-122.39998333,-122.39998333,0,No Special Jurisdiction,35,Embankment,0,The First Harmful Event was Not a Collision with a Motor Vehicle in Transport,0,No,1,Non-Junction,1,Not an Intersection,1,Construction,4,On Roadside,3,Dark - Lighted,2,Rain,0,No,0000000,Not Applicable,0,0:00am-0:59am,55,55,1,1:00am-1:59am,1,1,88,Not Applicable (Not Transported),88,Not Applicable (Not Transported),1,0
41,Oregon,410349,1,1,0,0,0,2,2,53,POLK (53),0,NOT APPLICABLE,13,13,10,October,2020,3,Tuesday,17,5:00pm-5:59pm,22,22,0,This section IS NOT on the NHS,4,County Road,CR-ZENA RD NW,,1,Rural,5,Major Collector,2,County Highway Agency,60,60,45.01539444,45.01539444,-123.10855278,-123.10855278,0,No Special Jurisdiction,34,Ditch,0,The First Harmful Event was Not a Collision with a Motor Vehicle in Transport,0,No,1,Non-Junction,1,Not an Intersection,0,,4,On Roadside,1,Daylight,10,Cloudy,0,No,0000000,Not Applicable,17,5:00pm-5:59pm,23,23,17,5:00pm-5:59pm,35,35,99,Unknown,99,Unknown EMS Hospital Arrival Time,1,1
41,Oregon,410350,1,1,0,1,1,1,1,15,CURRY (15),0,NOT APPLICABLE,13,13,10,October,2020,3,Tuesday,22,10:00pm-10:59pm,8,8,1,This section IS ON the NHS,2,U.S. Highway,US-101 ODOT 9,,2,Urban,3,Principal Arterial - Other,1,State Highway Agency,3586,3586,42.04955556,42.04955556,-124.25884167,-124.25884167,0,No Special Jurisdiction,8,Pedestrian,0,The First Harmful Event was Not a Collision with a Motor Vehicle in Transport,0,No,1,Non-Junction,1,Not an Intersection,0,,1,On Roadway,3,Dark - Lighted,5,"Fog, Smog, Smoke",0,No,0000000,Not Applicable,22,10:00pm-10:59pm,10,10,22,10:00pm-10:59pm,14,14,99,Unknown,99,Unknown EMS Hospital Arrival Time,1,0
41,Oregon,410351,2,2,0,0,0,2,2,19,DOUGLAS (19),0,NOT APPLICABLE,15,15,10,October,2020,5,Thursday,19,7:00pm-7:59pm,59,59,0,This section IS NOT on the NHS,4,County Road,CR-OLD HIGHWAY 99 N,,1,Rural,4,Minor Arterial,2,County Highway Agency,99999,Unknown,43.35452222,43.35452222,-123.32711667,-123.32711667,0,No Special Jurisdiction,12,Motor Vehicle In-Transport,2,Front-to-Front,0,No,1,Non-Junction,1,Not an Intersection,0,,1,On Roadway,2,Dark - Not Lighted,98,Not Reported,0,No,0000000,Not Applicable,19,7:00pm-7:59pm,59,59,20,8:00pm-8:59pm,16,16,99,Unknown,99,Unknown EMS Hospital Arrival Time,1,1
41,Oregon,410352,2,2,0,0,0,3,3,51,MULTNOMAH (51),2090,TROUTDALE,18,18,10,October,2020,1,Sunday,16,4:00pm-4:59pm,6,6,0,This section IS NOT on the NHS,2,U.S. Highway,US-100 ODOT 100,,2,Urban,5,Major Collector,1,State Highway Agency,4,4,45.53489722,45.53489722,-122.37134722,-122.37134722,0,No Special Jurisdiction,12,Motor Vehicle In-Transport,2,Front-to-Front,0,No,1,Non-Junction,1,Not an Intersection,0,,1,On Roadway,1,Daylight,1,Clear,0,No,0000000,Not Applicable,99,Unknown,99,Unknown,99,Unknown EMS Scene Arrival Hour,99,Unknown EMS Scene Arrival Minutes,88,Not Applicable (Not Transported),88,Not Applicable (Not Transported),2,0
41,Oregon,410353,1,1,0,0,0,1,1,51,MULTNOMAH (51),1650,PORTLAND,22,22,10,October,2020,5,Thursday,21,9:00pm-9:59pm,24,24,1,This section IS ON the NHS,1,Interstate,I-5,,2,Urban,1,Interstate,1,State Highway Agency,3051,3051,45.57305,45.57305,-122.67874444,-122.67874444,0,No Special Jurisdiction,59,Traffic Sign Support,0,The First Harmful Event was Not a Collision with a Motor Vehicle in Transport,0,No,1,Non-Junction,1,Not an Intersection,0,,4,On Roadside,8,Not Reported,98,Not Reported,0,No,0000000,Not Applicable,99,Unknown,99,Unknown,99,Unknown EMS Scene Arrival Hour,99,Unknown EMS Scene Arrival Minutes,88,Not Applicable (Not Transported),88,Not Applicable (Not Transported),1,0
41,Oregon,410354,1,1,0,0,0,1,1,39,LANE (39),0,NOT APPLICABLE,24,24,10,October,2020,7,Saturday,99,Unknown Hours,99,Unknown Minutes,1,This section IS ON the NHS,3,State Highway,SR-569 ODOT 69,,1,Rural,3,Principal Arterial - Other,1,State Highway Agency,4,4,44.05583611,44.05583611,-123.22446667,-123.22446667,0,No Special Jurisdiction,17,Boulder,0,The First Harmful Event was Not a Collision with a Motor Vehicle in Transport,0,No,1,Non-Junction,1,Not an Intersection,0,,4,On Roadside,9,Reported as Unknown,99,Reported as Unknown,0,No,0000000,Not Applicable,88,Not Applicable (Not Notified),88,Not Applicable (Not Notified),88,Not Applicable,88,Not Applicable,88,Not Applicable (Not Transported),88,Not Applicable (Not Transported),1,0
41,Oregon,410355,1,1,0,1,1,2,2,51,MULTNOMAH (51),0,NOT APPLICABLE,25,25,10,October,2020,1,Sunday,0,0:00am-0:59am,1,1,0,This section IS NOT on the NHS,4,County Road,CR-SE 282ND AVE,,2,Urban,4,Minor Arterial,2,County Highway Agency,0,,45.46558333,45.46558333,-122.37274722,-122.37274722,0,No Special Jurisdiction,8,Pedestrian,0,The First Harmful Event was Not a Collision with a Motor Vehicle in Transport,0,No,1,Non-Junction,1,Not an Intersection,0,,1,On Roadway,2,Dark - Not Lighted,1,Clear,0,No,0000000,Not Applicable,99,Unknown,99,Unknown,99,Unknown EMS Scene Arrival Hour,99,Unknown EMS Scene Arrival Minutes,88,Not Applicable (Not Transported),88,Not Applicable (Not Transported),1,0
41,Oregon,410356,1,1,0,1,1,1,1,15,CURRY (15),215,BROOKINGS,29,29,10,October,2020,5,Thursday,2,2:00am-2:59am,9,9,1,This section IS ON the NHS,2,U.S. Highway,US-101 ODOT 9,OAK ST,2,Urban,3,Principal Arterial - Other,1,State Highway Agency,3574,3574,42.05353056,42.05353056,-124.27832778,-124.27832778,0,No Special Jurisdiction,15,Non-Motorist on Personal Conveyance,0,The First Harmful Event was Not a Collision with a Motor Vehicle in Transport,0,No,3,Intersection-Related,2,Four-Way Intersection,0,,1,On Roadway,6,Dark - Unknown Lighting,98,Not Reported,0,No,0000000,Not Applicable,2,2:00am-2:59am,17,17,2,2:00am-2:59am,23,23,99,Unknown,99,Unknown EMS Hospital Arrival Time,1,0
41,Oregon,410357,2,2,0,0,0,3,3,3,BENTON (3),0,NOT APPLICABLE,30,30,10,October,2020,6,Friday,12,12:00pm-12:59pm,0,0,0,This section IS NOT on the NHS,4,County Road,CR-WEST HILLS RD,,2,Urban,4,Minor Arterial,2,County Highway Agency,13,13,44.55506111,44.55506111,-123.35532778,-123.35532778,0,No Special Jurisdiction,12,Motor Vehicle In-Transport,2,Front-to-Front,0,No,1,Non-Junction,1,Not an Intersection,0,,1,On Roadway,1,Daylight,2,Rain,0,No,0000000,Not Applicable,12,12:00pm-12:59pm,1,1,12,12:00pm-12:59pm,8,8,99,Unknown,99,Unknown EMS Hospital Arrival Time,1,0
41,Oregon,410358,2,2,0,0,0,3,3,51,MULTNOMAH (51),880,GRESHAM,31,31,10,October,2020,7,Saturday,22,10:00pm-10:59pm,3,3,1,This section IS ON the NHS,6,Local Street - Municipality,SE DIVISION ST,,2,Urban,3,Principal Arterial - Other,4,City or Municipal Highway Agency,0,,45.504575,45.504575,-122.47563611,-122.47563611,0,No Special Jurisdiction,12,Motor Vehicle In-Transport,98,Not Reported,0,No,98,Not Reported,98,Not Reported,0,,98,Not Reported,3,Dark - Lighted,98,Not Reported,0,No,0000000,Not Applicable,22,10:00pm-10:59pm,3,3,22,10:00pm-10:59pm,8,8,99,Unknown,99,Unknown EMS Hospital Arrival Time,1,1
41,Oregon,410359,1,1,0,0,0,3,3,47,MARION (47),0,NOT APPLICABLE,1,1,11,November,2020,1,Sunday,21,9:00pm-9:59pm,45,45,0,This section IS NOT on the NHS,4,County Road,CR-RIVER RD S,,1,Rural,4,Minor Arterial,2,County Highway Agency,25,25,44.86018611,44.86018611,-123.14605278,-123.14605278,0,No Special Jurisdiction,30,Utility Pole/Light Support,0,The First Harmful Event was Not a Collision with a Motor Vehicle in Transport,0,No,1,Non-Junction,1,Not an Intersection,0,,4,On Roadside,2,Dark - Not Lighted,10,Cloudy,0,No,0000000,Not Applicable,21,9:00pm-9:59pm,46,46,22,10:00pm-10:59pm,4,4,99,Unknown,99,Unknown EMS Hospital Arrival Time,1,0
41,Oregon,410360,3,3,0,0,0,5,5,7,CLATSOP (7),0,NOT APPLICABLE,4,4,11,November,2020,4,Wednesday,10,10:00am-10:59am,10,10,1,This section IS ON the NHS,2,U.S. Highway,US-101 ODOT 9,,2,Urban,3,Principal Arterial - Other,1,State Highway Agency,92,92,46.13515833,46.13515833,-123.92719167,-123.92719167,0,No Special Jurisdiction,12,Motor Vehicle In-Transport,8,Sideswipe - Opposite Direction,0,No,1,Non-Junction,1,Not an Intersection,0,,1,On Roadway,1,Daylight,10,Cloudy,0,No,0000000,Not Applicable,10,10:00am-10:59am,10,10,99,Unknown EMS Scene Arrival Hour,99,Unknown EMS Scene Arrival Minutes,99,Unknown,99,Unknown EMS Hospital Arrival Time,2,0
41,Oregon,410361,1,1,0,1,1,1,1,67,WASHINGTON (67),180,BEAVERTON,6,6,11,November,2020,6,Friday,6,6:00am-6:59am,6,6,0,This section IS NOT on the NHS,3,State Highway,SR-141 ODOT 141,,2,Urban,4,Minor Arterial,1,State Highway Agency,28,28,45.4572,45.4572,-122.78334722,-122.78334722,0,No Special Jurisdiction,8,Pedestrian,0,The First Harmful Event was Not a Collision with a Motor Vehicle in Transport,0,No,1,Non-Junction,1,Not an Intersection,0,,1,On Roadway,3,Dark - Lighted,2,Rain,0,No,0000000,Not Applicable,6,6:00am-6:59am,6,6,6,6:00am-6:59am,11,11,99,Unknown,99,Unknown EMS Hospital Arrival Time,1,0
41,Oregon,410362,1,1,0,1,1,2,2,71,YAMHILL (71),0,NOT APPLICABLE,7,7,11,November,2020,7,Saturday,21,9:00pm-9:59pm,0,0,0,This section IS NOT on the NHS,4,County Road,CR-SW DURHAM LN,,1,Rural,7,Local,2,County Highway Agency,0,,45.18016944,45.18016944,-123.22998889,-123.22998889,0,No Special Jurisdiction,8,Pedestrian,0,The First Harmful Event was Not a Collision with a Motor Vehicle in Transport,0,No,1,Non-Junction,1,Not an Intersection,0,,1,On Roadway,6,Dark - Unknown Lighting,1,Clear,0,No,0000000,Not Applicable,99,Unknown,99,Unknown,99,Unknown EMS Scene Arrival Hour,99,Unknown EMS Scene Arrival Minutes,88,Not Applicable (Not Transported),88,Not Applicable (Not Transported),1,0
41,Oregon,410363,1,1,0,0,0,1,1,47,MARION (47),0,NOT APPLICABLE,8,8,11,November,2020,1,Sunday,22,10:00pm-10:59pm,57,57,0,This section IS NOT on the NHS,3,State Highway,SR-214 ODOT 163,,1,Rural,5,Major Collector,1,State Highway Agency,371,371,44.98266111,44.98266111,-122.73258056,-122.73258056,0,No Special Jurisdiction,42,Tree (Standing Only),0,The First Harmful Event was Not a Collision with a Motor Vehicle in Transport,0,No,1,Non-Junction,1,Not an Intersection,0,,4,On Roadside,2,Dark - Not Lighted,1,Clear,0,No,0000000,Not Applicable,22,10:00pm-10:59pm,43,43,23,11:00pm-11:59pm,0,0,88,Not Applicable (Not Transported),88,Not Applicable (Not Transported),1,1
41,Oregon,410364,1,1,0,0,0,1,1,51,MULTNOMAH (51),0,NOT APPLICABLE,8,8,11,November,2020,1,Sunday,12,12:00pm-12:59pm,46,46,0,This section IS NOT on the NHS,4,County Road,CR-DODGE PARK BLVD,,1,Rural,5,Major Collector,2,County Highway Agency,0,,45.46785278,45.46785278,-122.29896944,-122.29896944,0,No Special Jurisdiction,35,Embankment,0,The First Harmful Event was Not a Collision with a Motor Vehicle in Transport,0,No,1,Non-Junction,1,Not an Intersection,0,,4,On Roadside,1,Daylight,98,Not Reported,0,No,0000000,Not Applicable,99,Unknown,99,Unknown,99,Unknown EMS Scene Arrival Hour,99,Unknown EMS Scene Arrival Minutes,88,Not Applicable (Not Transported),88,Not Applicable (Not Transported),1,1
41,Oregon,410365,1,1,0,1,1,1,1,51,MULTNOMAH (51),1650,PORTLAND,12,12,11,November,2020,5,Thursday,20,8:00pm-8:59pm,9,9,0,This section IS NOT on the NHS,6,Local Street - Municipality,E BURNSIDE ST,,2,Urban,5,Major Collector,4,City or Municipal Highway Agency,0,,45.52238889,45.52238889,-122.53713056,-122.53713056,0,No Special Jurisdiction,9,Pedalcyclist,0,The First Harmful Event was Not a Collision with a Motor Vehicle in Transport,0,No,1,Non-Junction,1,Not an Intersection,0,,1,On Roadway,8,Not Reported,98,Not Reported,0,No,0000000,Not Applicable,99,Unknown,99,Unknown,99,Unknown EMS Scene Arrival Hour,99,Unknown EMS Scene Arrival Minutes,88,Not Applicable (Not Transported),88,Not Applicable (Not Transported),1,0
41,Oregon,410366,1,1,0,0,0,1,1,33,JOSEPHINE (33),0,NOT APPLICABLE,17,17,11,November,2020,3,Tuesday,10,10:00am-10:59am,55,55,1,This section IS ON the NHS,2,U.S. Highway,US-199 ODOT 25,,1,Rural,3,Principal Arterial - Other,1,State Highway Agency,395,395,42.02628611,42.02628611,-123.73002222,-123.73002222,0,No Special Jurisdiction,42,Tree (Standing Only),0,The First Harmful Event was Not a Collision with a Motor Vehicle in Transport,0,No,1,Non-Junction,1,Not an Intersection,0,,4,On Roadside,1,Daylight,2,Rain,0,No,0000000,Not Applicable,11,11:00am-11:59am,0,0,11,11:00am-11:59am,8,8,88,Not Applicable (Not Transported),88,Not Applicable (Not Transported),1,0
41,Oregon,410367,1,1,0,1,1,1,1,51,MULTNOMAH (51),1650,PORTLAND,17,17,11,November,2020,3,Tuesday,18,6:00pm-6:59pm,50,50,0,This section IS NOT on the NHS,6,Local Street - Municipality,SE STARK ST,SE 160TH AVE,2,Urban,4,Minor Arterial,4,City or Municipal Highway Agency,0,,45.51914444,45.51914444,-122.49905556,-122.49905556,0,No Special Jurisdiction,8,Pedestrian,0,The First Harmful Event was Not a Collision with a Motor Vehicle in Transport,0,No,3,Intersection-Related,2,Four-Way Intersection,0,,98,Not Reported,8,Not Reported,98,Not Reported,0,No,0000000,Not Applicable,99,Unknown,99,Unknown,99,Unknown EMS Scene Arrival Hour,99,Unknown EMS Scene Arrival Minutes,99,Unknown,99,Unknown EMS Hospital Arrival Time,1,0
41,Oregon,410368,6,6,0,0,0,6,6,17,DESCHUTES (17),0,NOT APPLICABLE,19,19,11,November,2020,5,Thursday,17,5:00pm-5:59pm,14,14,1,This section IS ON the NHS,2,U.S. Highway,US-97 ODOT,,2,Urban,3,Principal Arterial - Other,1,State Highway Agency,1381,1381,44.05213333,44.05213333,-121.30703611,-121.30703611,0,No Special Jurisdiction,12,Motor Vehicle In-Transport,7,Sideswipe - Same Direction,0,No,1,Non-Junction,1,Not an Intersection,0,,1,On Roadway,3,Dark - Lighted,1,Clear,0,No,0000000,Not Applicable,99,Unknown,99,Unknown,99,Unknown EMS Scene Arrival Hour,99,Unknown EMS Scene Arrival Minutes,99,Unknown,99,Unknown EMS Hospital Arrival Time,1,0
41,Oregon,410369,1,1,0,1,1,1,1,5,CLACKAMAS (5),0,NOT APPLICABLE,19,19,11,November,2020,5,Thursday,18,6:00pm-6:59pm,20,20,0,This section IS NOT on the NHS,4,County Road,CR-S SOUTH END RD,,1,Rural,5,Major Collector,2,County Highway Agency,4,4,45.30394167,45.30394167,-122.65623889,-122.65623889,0,No Special Jurisdiction,8,Pedestrian,0,The First Harmful Event was Not a Collision with a Motor Vehicle in Transport,0,No,1,Non-Junction,1,Not an Intersection,0,,1,On Roadway,2,Dark - Not Lighted,10,Cloudy,0,No,0000000,Not Applicable,99,Unknown,99,Unknown,99,Unknown EMS Scene Arrival Hour,99,Unknown EMS Scene Arrival Minutes,88,Not Applicable (Not Transported),88,Not Applicable (Not Transported),1,0
41,Oregon,410370,1,1,0,0,0,1,1,51,MULTNOMAH (51),0,NOT APPLICABLE,20,20,11,November,2020,6,Friday,0,0:00am-0:59am,15,15,0,This section IS NOT on the NHS,2,U.S. Highway,US-30 ODOT 100,,2,Urban,5,Major Collector,1,State Highway Agency,19,19,45.51424722,45.51424722,-122.37081944,-122.37081944,0,No Special Jurisdiction,42,Tree (Standing Only),0,The First Harmful Event was Not a Collision with a Motor Vehicle in Transport,0,No,1,Non-Junction,1,Not an Intersection,0,,4,On Roadside,3,Dark - Lighted,3,Sleet or Hail,0,No,0000000,Not Applicable,99,Unknown,99,Unknown,99,Unknown EMS Scene Arrival Hour,99,Unknown EMS Scene Arrival Minutes,88,Not Applicable (Not Transported),88,Not Applicable (Not Transported),1,0
41,Oregon,410371,2,2,0,0,0,2,2,19,DOUGLAS (19),1780,ROSEBURG,21,21,11,November,2020,7,Saturday,14,2:00pm-2:59pm,32,32,0,This section IS NOT on the NHS,6,Local Street - Municipality,NW BROAD ST,I-5 RAMP,2,Urban,4,Minor Arterial,4,City or Municipal Highway Agency,1263,1263,43.24613611,43.24613611,-123.36143056,-123.36143056,0,No Special Jurisdiction,12,Motor Vehicle In-Transport,6,Angle,1,Yes,2,Intersection,3,T-Intersection,0,,1,On Roadway,1,Daylight,1,Clear,0,No,0000000,Not Applicable,99,Unknown,99,Unknown,99,Unknown EMS Scene Arrival Hour,99,Unknown EMS Scene Arrival Minutes,99,Unknown,99,Unknown EMS Hospital Arrival Time,1,0
41,Oregon,410372,2,2,0,0,0,5,5,51,MULTNOMAH (51),880,GRESHAM,22,22,11,November,2020,1,Sunday,17,5:00pm-5:59pm,35,35,0,This section IS NOT on the NHS,6,Local Street - Municipality,NE MARINE DR,,2,Urban,5,Major Collector,4,City or Municipal Highway Agency,0,,45.55767222,45.55767222,-122.45885556,-122.45885556,0,No Special Jurisdiction,12,Motor Vehicle In-Transport,2,Front-to-Front,0,No,1,Non-Junction,1,Not an Intersection,0,,1,On Roadway,2,Dark - Not Lighted,1,Clear,0,No,0000000,Not Applicable,99,Unknown,99,Unknown,99,Unknown EMS Scene Arrival Hour,99,Unknown EMS Scene Arrival Minutes,99,Unknown,99,Unknown EMS Hospital Arrival Time,2,1
41,Oregon,410373,2,2,0,0,0,4,4,51,MULTNOMAH (51),1650,PORTLAND,22,22,11,November,2020,1,Sunday,20,8:00pm-8:59pm,6,6,1,This section IS ON the NHS,6,Local Street - Municipality,SE DIVISION ST,,2,Urban,3,Principal Arterial - Other,4,City or Municipal Highway Agency,0,,45.50404444,45.50404444,-122.52315,-122.52315,0,No Special Jurisdiction,12,Motor Vehicle In-Transport,6,Angle,0,No,8,Driveway Access Related,1,Not an Intersection,0,,1,On Roadway,3,Dark - Lighted,2,Rain,0,No,0000000,Not Applicable,8,8:00am-8:59am,7,7,99,Unknown EMS Scene Arrival Hour,99,Unknown EMS Scene Arrival Minutes,99,Unknown,99,Unknown EMS Hospital Arrival Time,2,0
41,Oregon,410374,1,1,0,1,1,1,1,17,DESCHUTES (17),0,NOT APPLICABLE,25,25,11,November,2020,4,Wednesday,14,2:00pm-2:59pm,10,10,0,This section IS NOT on the NHS,4,County Road,CR-ODIN FALLS WAY,,1,Rural,7,Local,2,County Highway Agency,0,,44.32183889,44.32183889,-121.23416389,-121.23416389,0,No Special Jurisdiction,8,Pedestrian,0,The First Harmful Event was Not a Collision with a Motor Vehicle in Transport,0,No,1,Non-Junction,1,Not an Intersection,0,,1,On Roadway,1,Daylight,98,Not Reported,0,No,0000000,Not Applicable,99,Unknown,99,Unknown,99,Unknown EMS Scene Arrival Hour,99,Unknown EMS Scene Arrival Minutes,88,Not Applicable (Not Transported),88,Not Applicable (Not Transported),1,0
41,Oregon,410375,2,2,0,0,0,2,2,47,MARION (47),1810,SALEM,25,25,11,November,2020,4,Wednesday,8,8:00am-8:59am,41,41,1,This section IS ON the NHS,6,Local Street - Municipality,PORTLAND RD NE,HWY AVE NE,2,Urban,3,Principal Arterial - Other,4,City or Municipal Highway Agency,0,,44.96791944,44.96791944,-123.00798056,-123.00798056,0,No Special Jurisdiction,12,Motor Vehicle In-Transport,6,Angle,0,No,2,Intersection,3,T-Intersection,0,,1,On Roadway,1,Daylight,1,Clear,0,No,0000000,Not Applicable,8,8:00am-8:59am,42,42,8,8:00am-8:59am,47,47,99,Unknown,99,Unknown EMS Hospital Arrival Time,1,0
41,Oregon,410376,3,3,0,0,0,5,5,71,YAMHILL (71),0,NOT APPLICABLE,30,30,11,November,2020,2,Monday,11,11:00am-11:59am,35,35,1,This section IS ON the NHS,3,State Highway,SR-18 ODOT 39,,1,Rural,3,Principal Arterial - Other,1,State Highway Agency,335,335,45.08380556,45.08380556,-123.41779444,-123.41779444,0,No Special Jurisdiction,12,Motor Vehicle In-Transport,2,Front-to-Front,0,No,1,Non-Junction,1,Not an Intersection,0,,1,On Roadway,1,Daylight,2,Rain,0,No,0000000,Not Applicable,11,11:00am-11:59am,35,35,11,11:00am-11:59am,40,40,99,Unknown,99,Unknown EMS Hospital Arrival Time,1,0
41,Oregon,410377,1,1,0,1,1,1,1,47,MARION (47),1810,SALEM,4,4,12,December,2020,6,Friday,17,5:00pm-5:59pm,15,15,1,This section IS ON the NHS,6,Local Street - Municipality,MARKET ST NE,BAKER ST NE,2,Urban,3,Principal Arterial - Other,4,City or Municipal Highway Agency,0,,44.94893333,44.94893333,-123.01971667,-123.01971667,0,No Special Jurisdiction,15,Non-Motorist on Personal Conveyance,0,The First Harmful Event was Not a Collision with a Motor Vehicle in Transport,0,No,3,Intersection-Related,3,T-Intersection,0,,1,On Roadway,2,Dark - Not Lighted,1,Clear,0,No,0000000,Not Applicable,17,5:00pm-5:59pm,15,15,17,5:00pm-5:59pm,19,19,88,Not Applicable (Not Transported),88,Not Applicable (Not Transported),1,0
41,Oregon,410378,1,1,0,1,1,1,1,51,MULTNOMAH (51),1650,PORTLAND,4,4,12,December,2020,6,Friday,16,4:00pm-4:59pm,44,44,1,This section IS ON the NHS,6,Local Street - Municipality,NE MARTIN LUTHER KING JR BLVD,,2,Urban,3,Principal Arterial - Other,1,State Highway Agency,51,51,45.59584167,45.59584167,-122.66991667,-122.66991667,0,No Special Jurisdiction,9,Pedalcyclist,0,The First Harmful Event was Not a Collision with a Motor Vehicle in Transport,0,No,1,Non-Junction,1,Not an Intersection,0,,1,On Roadway,2,Dark - Not Lighted,1,Clear,0,No,0000000,Not Applicable,16,4:00pm-4:59pm,44,44,16,4:00pm-4:59pm,52,52,88,Not Applicable (Not Transported),88,Not Applicable (Not Transported),1,0
41,Oregon,410380,2,2,0,0,0,5,5,51,MULTNOMAH (51),1650,PORTLAND,12,12,12,December,2020,7,Saturday,22,10:00pm-10:59pm,42,42,1,This section IS ON the NHS,6,Local Street - Municipality,NE HALSEY ST,,2,Urban,3,Principal Arterial - Other,4,City or Municipal Highway Agency,0,,45.53401944,45.53401944,-122.49683333,-122.49683333,0,No Special Jurisdiction,12,Motor Vehicle In-Transport,98,Not Reported,0,No,1,Non-Junction,1,Not an Intersection,0,,1,On Roadway,8,Not Reported,98,Not Reported,0,No,0000000,Not Applicable,99,Unknown,99,Unknown,99,Unknown EMS Scene Arrival Hour,99,Unknown EMS Scene Arrival Minutes,99,Unknown,99,Unknown EMS Hospital Arrival Time,2,1
41,Oregon,410381,1,1,0,1,1,1,1,51,MULTNOMAH (51),1650,PORTLAND,16,16,12,December,2020,4,Wednesday,20,8:00pm-8:59pm,30,30,1,This section IS ON the NHS,3,State Highway,SR-99 ODOT 81,SW 30TH AVE,2,Urban,3,Principal Arterial - Other,1,State Highway Agency,0,,45.45988889,45.45988889,-122.70774167,-122.70774167,0,No Special Jurisdiction,15,Non-Motorist on Personal Conveyance,0,The First Harmful Event was Not a Collision with a Motor Vehicle in Transport,0,No,3,Intersection-Related,2,Four-Way Intersection,0,,1,On Roadway,3,Dark - Lighted,10,Cloudy,0,No,0000000,Not Applicable,99,Unknown,99,Unknown,99,Unknown EMS Scene Arrival Hour,99,Unknown EMS Scene Arrival Minutes,99,Unknown,99,Unknown EMS Hospital Arrival Time,1,0
41,Oregon,410382,2,2,0,0,0,2,2,51,MULTNOMAH (51),670,FAIRVIEW,17,17,12,December,2020,5,Thursday,7,7:00am-7:59am,3,3,1,This section IS ON the NHS,6,Local Street - Municipality,NE GLISAN ST,,2,Urban,3,Principal Arterial - Other,4,City or Municipal Highway Agency,0,,45.52757778,45.52757778,-122.45162778,-122.45162778,0,No Special Jurisdiction,12,Motor Vehicle In-Transport,2,Front-to-Front,0,No,1,Non-Junction,1,Not an Intersection,0,,1,On Roadway,8,Not Reported,98,Not Reported,0,No,0000000,Not Applicable,99,Unknown,99,Unknown,99,Unknown EMS Scene Arrival Hour,99,Unknown EMS Scene Arrival Minutes,88,Not Applicable (Not Transported),88,Not Applicable (Not Transported),2,1
41,Oregon,410384,2,2,0,0,0,2,2,59,UMATILLA (59),0,NOT APPLICABLE,22,22,12,December,2020,3,Tuesday,20,8:00pm-8:59pm,36,36,0,This section IS NOT on the NHS,4,County Road,CR-JOY LN,CR-SAGEBRUSH RD,2,Urban,7,Local,2,County Highway Agency,10,10,45.87189167,45.87189167,-119.28645,-119.28645,0,No Special Jurisdiction,12,Motor Vehicle In-Transport,6,Angle,0,No,2,Intersection,2,Four-Way Intersection,0,,1,On Roadway,3,Dark - Lighted,1,Clear,0,No,0000000,Not Applicable,20,8:00pm-8:59pm,35,35,20,8:00pm-8:59pm,42,42,99,Unknown,99,Unknown EMS Hospital Arrival Time,1,0
41,Oregon,410385,1,1,0,1,1,1,1,51,MULTNOMAH (51),1650,PORTLAND,23,23,12,December,2020,4,Wednesday,20,8:00pm-8:59pm,39,39,1,This section IS ON the NHS,6,Local Street - Municipality,NE HALSEY ST,,2,Urban,3,Principal Arterial - Other,4,City or Municipal Highway Agency,0,,45.53355833,45.53355833,-122.54042778,-122.54042778,0,No Special Jurisdiction,8,Pedestrian,0,The First Harmful Event was Not a Collision with a Motor Vehicle in Transport,0,No,1,Non-Junction,1,Not an Intersection,0,,2,On Shoulder,6,Dark - Unknown Lighting,98,Not Reported,0,No,0000000,Not Applicable,99,Unknown,99,Unknown,99,Unknown EMS Scene Arrival Hour,99,Unknown EMS Scene Arrival Minutes,99,Unknown,99,Unknown EMS Hospital Arrival Time,1,0
41,Oregon,410386,2,2,0,0,0,2,2,17,DESCHUTES (17),0,NOT APPLICABLE,24,24,12,December,2020,5,Thursday,9,9:00am-9:59am,7,7,0,This section IS NOT on the NHS,4,County Road,CR-PERSHALL WAY,,2,Urban,5,Major Collector,2,County Highway Agency,0,,44.31168611,44.31168611,-121.17691389,-121.17691389,0,No Special Jurisdiction,12,Motor Vehicle In-Transport,2,Front-to-Front,0,No,1,Non-Junction,1,Not an Intersection,0,,1,On Roadway,1,Daylight,1,Clear,0,No,0000000,Not Applicable,9,9:00am-9:59am,7,7,9,9:00am-9:59am,11,11,99,Unknown,99,Unknown EMS Hospital Arrival Time,2,1
41,Oregon,410387,1,1,0,0,0,2,2,59,UMATILLA (59),0,NOT APPLICABLE,25,25,12,December,2020,6,Friday,15,3:00pm-3:59pm,6,6,1,This section IS ON the NHS,2,U.S. Highway,US-395 ODOT 28,,1,Rural,3,Principal Arterial - Other,1,State Highway Agency,530,530,45.10188889,45.10188889,-118.98611111,-118.98611111,0,No Special Jurisdiction,1,Rollover/Overturn,0,The First Harmful Event was Not a Collision with a Motor Vehicle in Transport,0,No,1,Non-Junction,1,Not an Intersection,0,,4,On Roadside,1,Daylight,4,Snow,0,No,0000000,Not Applicable,15,3:00pm-3:59pm,6,6,15,3:00pm-3:59pm,40,40,88,Not Applicable (Not Transported),88,Not Applicable (Not Transported),2,0
41,Oregon,410388,2,2,0,0,0,4,4,47,MARION (47),0,NOT APPLICABLE,28,28,12,December,2020,2,Monday,11,11:00am-11:59am,38,38,1,This section IS ON the NHS,4,County Road,CR-SILVERTON RD NE,CR- BRUSH CREEK DR NE,1,Rural,3,Principal Arterial - Other,2,County Highway Agency,0,,44.99430556,44.99430556,-122.82483889,-122.82483889,0,No Special Jurisdiction,12,Motor Vehicle In-Transport,6,Angle,0,No,2,Intersection,2,Four-Way Intersection,0,,1,On Roadway,1,Daylight,1,Clear,0,No,0000000,Not Applicable,11,11:00am-11:59am,39,39,11,11:00am-11:59am,43,43,99,Unknown,99,Unknown EMS Hospital Arrival Time,1,0
41,Oregon,410389,1,1,0,1,1,1,1,51,MULTNOMAH (51),1650,PORTLAND,31,31,12,December,2020,5,Thursday,19,7:00pm-7:59pm,36,36,0,This section IS NOT on the NHS,6,Local Street - Municipality,SE 122ND AVE,,2,Urban,4,Minor Arterial,4,City or Municipal Highway Agency,0,,45.50037778,45.50037778,-122.53765278,-122.53765278,0,No Special Jurisdiction,8,Pedestrian,0,The First Harmful Event was Not a Collision with a Motor Vehicle in Transport,0,No,1,Non-Junction,1,Not an Intersection,0,,1,On Roadway,3,Dark - Lighted,2,Rain,0,No,0000000,Not Applicable,99,Unknown,99,Unknown,99,Unknown EMS Scene Arrival Hour,99,Unknown EMS Scene Arrival Minutes,88,Not Applicable (Not Transported),88,Not Applicable (Not Transported),1,0
41,Oregon,410390,2,2,0,0,0,2,2,61,UNION (61),0,NOT APPLICABLE,30,30,12,December,2020,4,Wednesday,8,8:00am-8:59am,58,58,1,This section IS ON the NHS,3,State Highway,SR-203 ODOT 66,CR-MCALISTER RD,2,Urban,3,Principal Arterial - Other,1,State Highway Agency,49,49,45.29942222,45.29942222,-118.04510833,-118.04510833,0,No Special Jurisdiction,12,Motor Vehicle In-Transport,2,Front-to-Front,0,No,3,Intersection-Related,2,Four-Way Intersection,0,,1,On Roadway,1,Daylight,4,Snow,0,No,0000000,Not Applicable,8,8:00am-8:59am,58,58,9,9:00am-9:59am,4,4,99,Unknown,99,Unknown EMS Hospital Arrival Time,1,0
41,Oregon,410392,2,2,0,0,0,10,10,41,LINCOLN (41),0,NOT APPLICABLE,31,31,12,December,2020,5,Thursday,14,2:00pm-2:59pm,41,41,1,This section IS ON the NHS,3,State Highway,SR-18 ODOT 39,,1,Rural,3,Principal Arterial - Other,1,State Highway Agency,97,97,45.03868611,45.03868611,-123.80925833,-123.80925833,0,No Special Jurisdiction,12,Motor Vehicle In-Transport,6,Angle,0,No,8,Driveway Access Related,1,Not an Intersection,0,,1,On Roadway,1,Daylight,2,Rain,0,No,0000000,Not Applicable,14,2:00pm-2:59pm,14,14,14,2:00pm-2:59pm,57,57,99,Unknown,99,Unknown EMS Hospital Arrival Time,1,0
41,Oregon,410394,1,1,0,0,0,1,1,51,MULTNOMAH (51),880,GRESHAM,12,12,12,December,2020,7,Saturday,23,11:00pm-11:59pm,18,18,0,This section IS NOT on the NHS,6,Local Street - Municipality,SW LINNEMAN AVE,,2,Urban,7,Local,4,City or Municipal Highway Agency,0,,45.48619444,45.48619444,-122.47537222,-122.47537222,0,No Special Jurisdiction,42,Tree (Standing Only),0,The First Harmful Event was Not a Collision with a Motor Vehicle in Transport,0,No,1,Non-Junction,1,Not an Intersection,0,,4,On Roadside,3,Dark - Lighted,2,Rain,0,No,0000000,Not Applicable,99,Unknown,99,Unknown,99,Unknown EMS Scene Arrival Hour,99,Unknown EMS Scene Arrival Minutes,99,Unknown,99,Unknown EMS Hospital Arrival Time,1,0
41,Oregon,410395,2,2,0,0,0,7,7,51,MULTNOMAH (51),880,GRESHAM,6,6,11,November,2020,6,Friday,20,8:00pm-8:59pm,50,50,0,This section IS NOT on the NHS,6,Local Street - Municipality,SE BUTLER RD,,2,Urban,7,Local,3,Town or Township Highway Agency,0,,45.47000833,45.47000833,-122.43545556,-122.43545556,0,No Special Jurisdiction,12,Motor Vehicle In-Transport,2,Front-to-Front,0,No,1,Non-Junction,1,Not an Intersection,0,,1,On Roadway,3,Dark - Lighted,2,Rain,0,No,0000000,Not Applicable,99,Unknown,99,Unknown,99,Unknown EMS Scene Arrival Hour,99,Unknown EMS Scene Arrival Minutes,99,Unknown,99,Unknown EMS Hospital Arrival Time,3,0
41,Oregon,410396,2,2,0,0,0,3,3,47,MARION (47),0,NOT APPLICABLE,7,7,11,November,2020,7,Saturday,3,3:00am-3:59am,32,32,0,This section IS NOT on the NHS,3,State Highway,SR-99 ODOT 81,,1,Rural,4,Minor Arterial,1,State Highway Agency,355,355,45.11047222,45.11047222,-122.88078889,-122.88078889,0,No Special Jurisdiction,12,Motor Vehicle In-Transport,2,Front-to-Front,0,No,1,Non-Junction,1,Not an Intersection,0,,1,On Roadway,2,Dark - Not Lighted,5,"Fog, Smog, Smoke",0,No,0000000,Not Applicable,3,3:00am-3:59am,32,32,3,3:00am-3:59am,57,57,99,Unknown,99,Unknown EMS Hospital Arrival Time,1,0
41,Oregon,410397,2,2,0,0,0,3,3,7,CLATSOP (7),0,NOT APPLICABLE,7,7,11,November,2020,7,Saturday,11,11:00am-11:59am,20,20,0,This section IS NOT on the NHS,4,County Road,CR-NICOLAI RIDGE RD,,1,Rural,7,Local,2,County Highway Agency,25,25,46.07617778,46.07617778,-123.43804167,-123.43804167,0,No Special Jurisdiction,12,Motor Vehicle In-Transport,2,Front-to-Front,0,No,1,Non-Junction,1,Not an Intersection,0,,1,On Roadway,1,Daylight,2,Rain,0,No,0000000,Not Applicable,11,11:00am-11:59am,22,22,11,11:00am-11:59am,40,40,88,Not Applicable (Not Transported),88,Not Applicable (Not Transported),1,0
41,Oregon,410398,3,3,0,0,0,8,8,35,KLAMATH (35),0,NOT APPLICABLE,8,8,11,November,2020,1,Sunday,9,9:00am-9:59am,42,42,1,This section IS ON the NHS,2,U.S. Highway,US-97 ODOT 4,,1,Rural,3,Principal Arterial - Other,1,State Highway Agency,1815,1815,43.51585278,43.51585278,-121.65296389,-121.65296389,0,No Special Jurisdiction,12,Motor Vehicle In-Transport,2,Front-to-Front,0,No,1,Non-Junction,1,Not an Intersection,0,,1,On Roadway,1,Daylight,10,Cloudy,0,No,0000000,Not Applicable,10,10:00am-10:59am,4,4,10,10:00am-10:59am,12,12,99,Unknown,99,Unknown EMS Hospital Arrival Time,1,0
41,Oregon,410399,1,1,0,1,1,1,1,51,MULTNOMAH (51),1650,PORTLAND,4,4,9,September,2020,6,Friday,18,6:00pm-6:59pm,40,40,0,This section IS NOT on the NHS,6,Local Street - Municipality,SE STARK ST,,2,Urban,4,Minor Arterial,4,City or Municipal Highway Agency,0,,45.51918333,45.51918333,-122.47973889,-122.47973889,0,No Special Jurisdiction,8,Pedestrian,0,The First Harmful Event was Not a Collision with a Motor Vehicle in Transport,0,No,1,Non-Junction,1,Not an Intersection,0,,98,Not Reported,8,Not Reported,98,Not Reported,0,No,0000000,Not Applicable,99,Unknown,99,Unknown,99,Unknown EMS Scene Arrival Hour,99,Unknown EMS Scene Arrival Minutes,88,Not Applicable (Not Transported),88,Not Applicable (Not Transported),1,0
41,Oregon,410400,1,1,0,1,1,1,1,3,BENTON (3),420,CORVALLIS,2,2,10,October,2020,6,Friday,17,5:00pm-5:59pm,15,15,1,This section IS ON the NHS,3,State Highway,SR-99W ODOT 81,,1,Rural,3,Principal Arterial - Other,1,State Highway Agency,99998,Not Reported,44.43837222,44.43837222,-123.27707222,-123.27707222,0,No Special Jurisdiction,8,Pedestrian,0,The First Harmful Event was Not a Collision with a Motor Vehicle in Transport,0,No,1,Non-Junction,1,Not an Intersection,0,,1,On Roadway,6,Dark - Unknown Lighting,98,Not Reported,0,No,0000000,Not Applicable,99,Unknown,99,Unknown,99,Unknown EMS Scene Arrival Hour,99,Unknown EMS Scene Arrival Minutes,99,Unknown,99,Unknown EMS Hospital Arrival Time,1,0
41,Oregon,410401,1,1,0,1,1,1,1,51,MULTNOMAH (51),1650,PORTLAND,5,5,10,October,2020,2,Monday,16,4:00pm-4:59pm,27,27,1,This section IS ON the NHS,6,Local Street - Municipality,SE 188TH AVE,E BURNSIDE ST,2,Urban,3,Principal Arterial - Other,4,City or Municipal Highway Agency,0,,45.52046389,45.52046389,-122.47030556,-122.47030556,0,No Special Jurisdiction,15,Non-Motorist on Personal Conveyance,0,The First Harmful Event was Not a Collision with a Motor Vehicle in Transport,0,No,3,Intersection-Related,2,Four-Way Intersection,0,,1,On Roadway,1,Daylight,1,Clear,0,No,0000000,Not Applicable,99,Unknown,99,Unknown,99,Unknown EMS Scene Arrival Hour,99,Unknown EMS Scene Arrival Minutes,99,Unknown,99,Unknown EMS Hospital Arrival Time,1,0
41,Oregon,410402,2,2,0,0,0,2,2,51,MULTNOMAH (51),880,GRESHAM,6,6,10,October,2020,3,Tuesday,21,9:00pm-9:59pm,16,16,1,This section IS ON the NHS,6,Local Street - Municipality,W POWELL BLVD,SW HIGHLAND DR,2,Urban,3,Principal Arterial - Other,4,City or Municipal Highway Agency,0,,45.49037222,45.49037222,-122.47555278,-122.47555278,0,No Special Jurisdiction,12,Motor Vehicle In-Transport,6,Angle,0,No,2,Intersection,2,Four-Way Intersection,0,,1,On Roadway,3,Dark - Lighted,1,Clear,0,No,0000000,Not Applicable,99,Unknown,99,Unknown,99,Unknown EMS Scene Arrival Hour,99,Unknown EMS Scene Arrival Minutes,99,Unknown,99,Unknown EMS Hospital Arrival Time,1,1
41,Oregon,410403,1,1,0,0,0,4,4,31,JEFFERSON (31),0,NOT APPLICABLE,13,13,10,October,2020,3,Tuesday,7,7:00am-7:59am,36,36,0,This section IS NOT on the NHS,4,County Road,CR-NW COLUMBIA DR,,1,Rural,7,Local,2,County Highway Agency,20,20,44.7042,44.7042,-121.17384722,-121.17384722,0,No Special Jurisdiction,30,Utility Pole/Light Support,0,The First Harmful Event was Not a Collision with a Motor Vehicle in Transport,0,No,1,Non-Junction,1,Not an Intersection,0,,4,On Roadside,1,Daylight,10,Cloudy,0,No,0000000,Not Applicable,7,7:00am-7:59am,36,36,7,7:00am-7:59am,45,45,99,Unknown,99,Unknown EMS Hospital Arrival Time,1,1
41,Oregon,410404,1,1,0,0,0,8,8,43,LINN (43),0,NOT APPLICABLE,15,15,10,October,2020,5,Thursday,20,8:00pm-8:59pm,48,48,0,This section IS NOT on the NHS,4,County Road,CR-CREEK DR,,1,Rural,7,Local,2,County Highway Agency,14,14,44.4033,44.4033,-123.17672778,-123.17672778,0,No Special Jurisdiction,34,Ditch,0,The First Harmful Event was Not a Collision with a Motor Vehicle in Transport,0,No,1,Non-Junction,1,Not an Intersection,0,,4,On Roadside,2,Dark - Not Lighted,1,Clear,0,No,0000000,Not Applicable,20,8:00pm-8:59pm,49,49,20,8:00pm-8:59pm,55,55,99,Unknown,99,Unknown EMS Hospital Arrival Time,1,0
41,Oregon,410405,1,1,0,1,1,2,2,67,WASHINGTON (67),180,BEAVERTON,17,17,10,October,2020,7,Saturday,19,7:00pm-7:59pm,38,38,0,This section IS NOT on the NHS,6,Local Street - Municipality,NW 158TH AVE,NW SCHENDEL AVE,2,Urban,4,Minor Arterial,4,City or Municipal Highway Agency,0,,45.51992222,45.51992222,-122.83963333,-122.83963333,0,No Special Jurisdiction,8,Pedestrian,0,The First Harmful Event was Not a Collision with a Motor Vehicle in Transport,0,No,3,Intersection-Related,2,Four-Way Intersection,0,,1,On Roadway,3,Dark - Lighted,10,Cloudy,0,No,0000000,Not Applicable,99,Unknown,99,Unknown,99,Unknown EMS Scene Arrival Hour,99,Unknown EMS Scene Arrival Minutes,99,Unknown,99,Unknown EMS Hospital Arrival Time,1,0
41,Oregon,410406,1,1,0,0,0,1,1,53,POLK (53),0,NOT APPLICABLE,23,23,10,October,2020,6,Friday,15,3:00pm-3:59pm,18,18,0,This section IS NOT on the NHS,4,County Road,CR-CORVALLIS RD,,1,Rural,5,Major Collector,2,County Highway Agency,17,17,44.821425,44.821425,-123.18847778,-123.18847778,0,No Special Jurisdiction,42,Tree (Standing Only),0,The First Harmful Event was Not a Collision with a Motor Vehicle in Transport,0,No,1,Non-Junction,1,Not an Intersection,0,,4,On Roadside,1,Daylight,1,Clear,0,No,0000000,Not Applicable,99,Unknown,99,Unknown,99,Unknown EMS Scene Arrival Hour,99,Unknown EMS Scene Arrival Minutes,88,Not Applicable (Not Transported),88,Not Applicable (Not Transported),1,0
41,Oregon,410407,1,1,0,1,1,1,1,51,MULTNOMAH (51),880,GRESHAM,18,18,11,November,2020,4,Wednesday,18,6:00pm-6:59pm,6,6,1,This section IS ON the NHS,6,Local Street - Municipality,SE BURNSIDE RD,,2,Urban,3,Principal Arterial - Other,4,City or Municipal Highway Agency,0,,45.49503333,45.49503333,-122.40697222,-122.40697222,0,No Special Jurisdiction,8,Pedestrian,0,The First Harmful Event was Not a Collision with a Motor Vehicle in Transport,0,No,1,Non-Junction,1,Not an Intersection,0,,1,On Roadway,8,Not Reported,98,Not Reported,0,No,0000000,Not Applicable,99,Unknown,99,Unknown,99,Unknown EMS Scene Arrival Hour,99,Unknown EMS Scene Arrival Minutes,99,Unknown,99,Unknown EMS Hospital Arrival Time,1,0
41,Oregon,410408,1,1,0,1,1,2,2,17,DESCHUTES (17),1720,REDMOND,20,20,11,November,2020,6,Friday,18,6:00pm-6:59pm,7,7,1,This section IS ON the NHS,6,Local Street - Municipality,NW SIXTH ST,,2,Urban,3,Principal Arterial - Other,4,City or Municipal Highway Agency,0,,44.28831111,44.28831111,-121.17396944,-121.17396944,0,No Special Jurisdiction,8,Pedestrian,0,The First Harmful Event was Not a Collision with a Motor Vehicle in Transport,0,No,1,Non-Junction,1,Not an Intersection,0,,1,On Roadway,3,Dark - Lighted,1,Clear,0,No,0000000,Not Applicable,99,Unknown,99,Unknown,99,Unknown EMS Scene Arrival Hour,99,Unknown EMS Scene Arrival Minutes,88,Not Applicable (Not Transported),88,Not Applicable (Not Transported),1,0
41,Oregon,410409,1,1,0,0,0,4,4,1,BAKER (1),0,NOT APPLICABLE,30,30,11,November,2020,2,Monday,23,11:00pm-11:59pm,3,3,0,This section IS NOT on the NHS,4,County Road,CR-POCAHONTAS RD,,1,Rural,5,Major Collector,2,County Highway Agency,102,102,44.80285556,44.80285556,-117.90669167,-117.90669167,0,No Special Jurisdiction,1,Rollover/Overturn,0,The First Harmful Event was Not a Collision with a Motor Vehicle in Transport,0,No,1,Non-Junction,1,Not an Intersection,0,,4,On Roadside,8,Not Reported,98,Not Reported,0,No,0000000,Not Applicable,99,Unknown,99,Unknown,99,Unknown EMS Scene Arrival Hour,99,Unknown EMS Scene Arrival Minutes,99,Unknown,99,Unknown EMS Hospital Arrival Time,1,1
41,Oregon,410412,2,2,0,0,0,4,4,29,JACKSON (29),1310,MEDFORD,7,7,12,December,2020,2,Monday,7,7:00am-7:59am,16,16,1,This section IS ON the NHS,1,Interstate,I-5 RAMP,GARFIELD ST,2,Urban,1,Interstate,1,State Highway Agency,272,272,42.31215833,42.31215833,-122.85006944,-122.85006944,0,No Special Jurisdiction,12,Motor Vehicle In-Transport,2,Front-to-Front,1,Yes,2,Intersection,2,Four-Way Intersection,0,,1,On Roadway,4,Dawn,5,"Fog, Smog, Smoke",0,No,0000000,Not Applicable,7,7:00am-7:59am,16,16,99,Unknown EMS Scene Arrival Hour,99,Unknown EMS Scene Arrival Minutes,99,Unknown,99,Unknown EMS Hospital Arrival Time,1,0
41,Oregon,410413,2,2,0,0,0,2,2,67,WASHINGTON (67),0,NOT APPLICABLE,14,14,12,December,2020,2,Monday,6,6:00am-6:59am,45,45,0,This section IS NOT on the NHS,4,County Road,CR-ZION CHURCH RD,,1,Rural,4,Minor Arterial,2,County Highway Agency,0,,45.57293611,45.57293611,-123.00877222,-123.00877222,0,No Special Jurisdiction,12,Motor Vehicle In-Transport,2,Front-to-Front,0,No,1,Non-Junction,1,Not an Intersection,0,,1,On Roadway,2,Dark - Not Lighted,10,Cloudy,0,No,0000000,Not Applicable,6,6:00am-6:59am,45,45,6,6:00am-6:59am,45,45,99,Unknown,99,Unknown EMS Hospital Arrival Time,1,0
41,Oregon,410414,2,2,0,0,0,2,2,3,BENTON (3),0,NOT APPLICABLE,15,15,12,December,2020,3,Tuesday,14,2:00pm-2:59pm,16,16,1,This section IS ON the NHS,2,U.S. Highway,US-20 ODOT 33,,2,Urban,3,Principal Arterial - Other,1,State Highway Agency,527,527,44.54648056,44.54648056,-123.32616389,-123.32616389,0,No Special Jurisdiction,12,Motor Vehicle In-Transport,1,Front-to-Rear,0,No,1,Non-Junction,1,Not an Intersection,0,,1,On Roadway,1,Daylight,2,Rain,0,No,0000000,Not Applicable,99,Unknown,99,Unknown,99,Unknown EMS Scene Arrival Hour,99,Unknown EMS Scene Arrival Minutes,99,Unknown,99,Unknown EMS Hospital Arrival Time,1,0
41,Oregon,410415,1,1,0,1,1,1,1,67,WASHINGTON (67),0,NOT APPLICABLE,12,12,10,October,2020,2,Monday,19,7:00pm-7:59pm,55,55,1,This section IS ON the NHS,1,Interstate,I-5,,2,Urban,1,Interstate,1,State Highway Agency,2901,2901,45.40348333,45.40348333,-122.74440833,-122.74440833,0,No Special Jurisdiction,8,Pedestrian,0,The First Harmful Event was Not a Collision with a Motor Vehicle in Transport,0,No,1,Non-Junction,1,Not an Intersection,0,,1,On Roadway,3,Dark - Lighted,10,Cloudy,0,No,0000000,Not Applicable,19,7:00pm-7:59pm,59,59,20,8:00pm-8:59pm,2,2,88,Not Applicable (Not Transported),88,Not Applicable (Not Transported),1,0
41,Oregon,410416,1,1,0,0,0,1,1,35,KLAMATH (35),0,NOT APPLICABLE,13,13,10,October,2020,3,Tuesday,9,9:00am-9:59am,10,10,1,This section IS ON the NHS,2,U.S. Highway,US-97 ODOT 4,,1,Rural,3,Principal Arterial - Other,1,State Highway Agency,2455,2455,42.62160833,42.62160833,-121.87828333,-121.87828333,0,No Special Jurisdiction,42,Tree (Standing Only),0,The First Harmful Event was Not a Collision with a Motor Vehicle in Transport,0,No,1,Non-Junction,1,Not an Intersection,0,,4,On Roadside,1,Daylight,1,Clear,0,No,0000000,Not Applicable,9,9:00am-9:59am,1,1,9,9:00am-9:59am,10,10,99,Unknown,99,Unknown EMS Hospital Arrival Time,1,0
41,Oregon,410417,1,1,0,1,1,1,1,43,LINN (43),0,NOT APPLICABLE,13,13,10,October,2020,3,Tuesday,19,7:00pm-7:59pm,52,52,0,This section IS NOT on the NHS,7,Local Street - Frontage Road,CR-CENTURY DR,,2,Urban,5,Major Collector,1,State Highway Agency,2344,2344,44.64805833,44.64805833,-123.06103333,-123.06103333,0,No Special Jurisdiction,8,Pedestrian,0,The First Harmful Event was Not a Collision with a Motor Vehicle in Transport,0,No,1,Non-Junction,1,Not an Intersection,0,,4,On Roadside,2,Dark - Not Lighted,1,Clear,0,No,0000000,Not Applicable,99,Unknown,99,Unknown,99,Unknown EMS Scene Arrival Hour,99,Unknown EMS Scene Arrival Minutes,88,Not Applicable (Not Transported),88,Not Applicable (Not Transported),1,1
41,Oregon,410418,1,1,0,0,0,1,1,43,LINN (43),20,ALBANY,15,15,10,October,2020,5,Thursday,14,2:00pm-2:59pm,35,35,0,This section IS NOT on the NHS,6,Local Street - Municipality,ELLINGSON RD SW,,2,Urban,4,Minor Arterial,4,City or Municipal Highway Agency,0,,44.58923056,44.58923056,-123.10837778,-123.10837778,0,No Special Jurisdiction,10,Railway Vehicle,0,The First Harmful Event was Not a Collision with a Motor Vehicle in Transport,0,No,6,Railway Grade Crossing,1,Not an Intersection,0,,1,On Roadway,1,Daylight,1,Clear,0,No,9999999,Unknown,99,Unknown,99,Unknown,99,Unknown EMS Scene Arrival Hour,99,Unknown EMS Scene Arrival Minutes,88,Not Applicable (Not Transported),88,Not Applicable (Not Transported),1,0
41,Oregon,410419,2,2,0,0,0,3,3,41,LINCOLN (41),0,NOT APPLICABLE,16,16,10,October,2020,6,Friday,14,2:00pm-2:59pm,46,46,1,This section IS ON the NHS,2,U.S. Highway,US-101 ODOT 9,,2,Urban,3,Principal Arterial - Other,1,State Highway Agency,1432,1432,44.60274722,44.60274722,-124.05645278,-124.05645278,0,No Special Jurisdiction,12,Motor Vehicle In-Transport,2,Front-to-Front,0,No,1,Non-Junction,1,Not an Intersection,0,,1,On Roadway,1,Daylight,1,Clear,0,No,0000000,Not Applicable,99,Unknown,99,Unknown,99,Unknown EMS Scene Arrival Hour,99,Unknown EMS Scene Arrival Minutes,99,Unknown,99,Unknown EMS Hospital Arrival Time,1,0
41,Oregon,410420,2,2,0,0,0,3,3,27,HOOD RIVER (27),0,NOT APPLICABLE,16,16,10,October,2020,6,Friday,20,8:00pm-8:59pm,0,0,0,This section IS NOT on the NHS,4,County Road,CR-TOLL BRIDGE RD,,1,Rural,7,Local,2,County Highway Agency,0,,45.52328611,45.52328611,-121.56863056,-121.56863056,0,No Special Jurisdiction,12,Motor Vehicle In-Transport,2,Front-to-Front,0,No,1,Non-Junction,1,Not an Intersection,0,,1,On Roadway,2,Dark - Not Lighted,10,Cloudy,0,No,0000000,Not Applicable,20,8:00pm-8:59pm,2,2,20,8:00pm-8:59pm,6,6,88,Not Applicable (Not Transported),88,Not Applicable (Not Transported),1,0
41,Oregon,410421,1,1,0,1,1,1,1,47,MARION (47),1810,SALEM,17,17,10,October,2020,7,Saturday,14,2:00pm-2:59pm,41,41,0,This section IS NOT on the NHS,6,Local Street - Municipality,FISHER RD NE,,2,Urban,7,Local,4,City or Municipal Highway Agency,0,,44.953275,44.953275,-122.98878611,-122.98878611,0,No Special Jurisdiction,9,Pedalcyclist,0,The First Harmful Event was Not a Collision with a Motor Vehicle in Transport,0,No,1,Non-Junction,1,Not an Intersection,0,,1,On Roadway,1,Daylight,1,Clear,0,No,0000000,Not Applicable,14,2:00pm-2:59pm,41,41,14,2:00pm-2:59pm,45,45,99,Unknown,99,Unknown EMS Hospital Arrival Time,1,0
41,Oregon,410422,1,1,0,0,0,1,1,15,CURRY (15),0,NOT APPLICABLE,17,17,10,October,2020,7,Saturday,22,10:00pm-10:59pm,10,10,1,This section IS ON the NHS,2,U.S. Highway,US-101 ODOT 9,,1,Rural,3,Principal Arterial - Other,1,State Highway Agency,2949,2949,42.82759444,42.82759444,-124.48280556,-124.48280556,0,No Special Jurisdiction,59,Traffic Sign Support,0,The First Harmful Event was Not a Collision with a Motor Vehicle in Transport,0,No,1,Non-Junction,1,Not an Intersection,0,,4,On Roadside,2,Dark - Not Lighted,1,Clear,0,No,0000000,Not Applicable,22,10:00pm-10:59pm,18,18,22,10:00pm-10:59pm,25,25,88,Not Applicable (Not Transported),88,Not Applicable (Not Transported),1,1
41,Oregon,410423,1,1,0,0,0,1,1,29,JACKSON (29),0,NOT APPLICABLE,27,27,10,October,2020,3,Tuesday,0,0:00am-0:59am,0,0,0,This section IS NOT on the NHS,3,State Highway,SR-62 ODOT 22,,1,Rural,4,Minor Arterial,1,State Highway Agency,367,367,42.70563333,42.70563333,-122.58941111,-122.58941111,0,No Special Jurisdiction,34,Ditch,0,The First Harmful Event was Not a Collision with a Motor Vehicle in Transport,0,No,1,Non-Junction,1,Not an Intersection,0,,4,On Roadside,8,Not Reported,98,Not Reported,0,No,0000000,Not Applicable,88,Not Applicable (Not Notified),88,Not Applicable (Not Notified),88,Not Applicable,88,Not Applicable,88,Not Applicable (Not Transported),88,Not Applicable (Not Transported),1,1
41,Oregon,410424,1,1,0,0,0,3,3,11,COOS (11),0,NOT APPLICABLE,18,18,10,October,2020,1,Sunday,6,6:00am-6:59am,30,30,0,This section IS NOT on the NHS,3,State Highway,SR-241 ODOT 241,,1,Rural,5,Major Collector,1,State Highway Agency,113,113,43.41511111,43.41511111,-124.05428056,-124.05428056,0,No Special Jurisdiction,35,Embankment,0,The First Harmful Event was Not a Collision with a Motor Vehicle in Transport,0,No,1,Non-Junction,1,Not an Intersection,0,,4,On Roadside,2,Dark - Not Lighted,5,"Fog, Smog, Smoke",0,No,0000000,Not Applicable,6,6:00am-6:59am,41,41,7,7:00am-7:59am,2,2,88,Not Applicable (Not Transported),88,Not Applicable (Not Transported),1,1
41,Oregon,410425,1,1,0,1,1,1,1,53,POLK (53),480,DALLAS,19,19,10,October,2020,2,Monday,17,5:00pm-5:59pm,56,56,0,This section IS NOT on the NHS,6,Local Street - Municipality,W ELLENDALE AVE,,2,Urban,4,Minor Arterial,4,City or Municipal Highway Agency,0,,44.92903333,44.92903333,-123.31503333,-123.31503333,0,No Special Jurisdiction,8,Pedestrian,0,The First Harmful Event was Not a Collision with a Motor Vehicle in Transport,0,No,1,Non-Junction,1,Not an Intersection,0,,1,On Roadway,1,Daylight,98,Not Reported,0,No,0000000,Not Applicable,99,Unknown,99,Unknown,99,Unknown EMS Scene Arrival Hour,99,Unknown EMS Scene Arrival Minutes,99,Unknown,99,Unknown EMS Hospital Arrival Time,1,0
41,Oregon,410426,1,1,0,0,0,2,2,57,TILLAMOOK (57),0,NOT APPLICABLE,21,21,10,October,2020,4,Wednesday,9,9:00am-9:59am,30,30,0,This section IS NOT on the NHS,3,State Highway,SR-53 ODOT 46,,1,Rural,5,Major Collector,1,State Highway Agency,115,115,45.78323333,45.78323333,-123.82091111,-123.82091111,0,No Special Jurisdiction,34,Ditch,0,The First Harmful Event was Not a Collision with a Motor Vehicle in Transport,0,No,1,Non-Junction,1,Not an Intersection,0,,4,On Roadside,1,Daylight,2,Rain,0,No,0000000,Not Applicable,9,9:00am-9:59am,42,42,9,9:00am-9:59am,53,53,88,Not Applicable (Not Transported),88,Not Applicable (Not Transported),1,0
41,Oregon,410427,2,2,0,0,0,2,2,51,MULTNOMAH (51),1650,PORTLAND,22,22,10,October,2020,5,Thursday,3,3:00am-3:59am,53,53,1,This section IS ON the NHS,1,Interstate,I-84,,2,Urban,1,Interstate,1,State Highway Agency,57,57,45.53221667,45.53221667,-122.56594167,-122.56594167,0,No Special Jurisdiction,12,Motor Vehicle In-Transport,2,Front-to-Front,0,No,1,Non-Junction,1,Not an Intersection,0,,1,On Roadway,3,Dark - Lighted,1,Clear,0,No,0000000,Not Applicable,99,Unknown,99,Unknown,99,Unknown EMS Scene Arrival Hour,99,Unknown EMS Scene Arrival Minutes,99,Unknown,99,Unknown EMS Hospital Arrival Time,1,1
41,Oregon,410428,2,2,0,0,0,2,2,5,CLACKAMAS (5),0,NOT APPLICABLE,26,26,10,October,2020,2,Monday,17,5:00pm-5:59pm,5,5,0,This section IS NOT on the NHS,3,State Highway,SR-224 ODOT 171,CR-SE FOLSOM RD,1,Rural,4,Minor Arterial,1,State Highway Agency,197,197,45.33172778,45.33172778,-122.34895833,-122.34895833,0,No Special Jurisdiction,12,Motor Vehicle In-Transport,2,Front-to-Front,0,No,2,Intersection,2,Four-Way Intersection,0,,1,On Roadway,1,Daylight,1,Clear,0,No,0000000,Not Applicable,17,5:00pm-5:59pm,7,7,17,5:00pm-5:59pm,13,13,88,Not Applicable (Not Transported),88,Not Applicable (Not Transported),1,1
41,Oregon,410429,3,3,0,0,0,4,4,59,UMATILLA (59),1350,MILTON-FREEWATER,29,29,10,October,2020,5,Thursday,14,2:00pm-2:59pm,53,53,1,This section IS ON the NHS,3,State Highway,SR-11 ODOT 8,NE 5TH AVE,2,Urban,3,Principal Arterial - Other,1,State Highway Agency,312,312,45.94103056,45.94103056,-118.38755,-118.38755,0,No Special Jurisdiction,12,Motor Vehicle In-Transport,1,Front-to-Rear,0,No,3,Intersection-Related,3,T-Intersection,0,,1,On Roadway,1,Daylight,1,Clear,0,No,0000000,Not Applicable,14,2:00pm-2:59pm,53,53,14,2:00pm-2:59pm,59,59,99,Unknown,99,Unknown EMS Hospital Arrival Time,1,0
41,Oregon,410430,2,2,0,0,0,2,2,3,BENTON (3),0,NOT APPLICABLE,29,29,10,October,2020,5,Thursday,5,5:00am-5:59am,45,45,1,This section IS ON the NHS,3,State Highway,SR-20 ODOT 31,,1,Rural,3,Principal Arterial - Other,1,State Highway Agency,75,75,44.63952778,44.63952778,-123.15994722,-123.15994722,0,No Special Jurisdiction,12,Motor Vehicle In-Transport,2,Front-to-Front,0,No,1,Non-Junction,1,Not an Intersection,0,,1,On Roadway,2,Dark - Not Lighted,5,"Fog, Smog, Smoke",0,No,0000000,Not Applicable,5,5:00am-5:59am,45,45,5,5:00am-5:59am,55,55,99,Unknown,99,Unknown EMS Hospital Arrival Time,1,0
41,Oregon,410431,5,5,0,0,0,10,10,41,LINCOLN (41),0,NOT APPLICABLE,30,30,10,October,2020,6,Friday,15,3:00pm-3:59pm,16,16,1,This section IS ON the NHS,2,U.S. Highway,US-20 ODOT 33,,1,Rural,3,Principal Arterial - Other,1,State Highway Agency,197,197,44.63789444,44.63789444,-123.78830556,-123.78830556,0,No Special Jurisdiction,12,Motor Vehicle In-Transport,8,Sideswipe - Opposite Direction,0,No,1,Non-Junction,1,Not an Intersection,0,,1,On Roadway,1,Daylight,1,Clear,0,No,0000000,Not Applicable,15,3:00pm-3:59pm,16,16,15,3:00pm-3:59pm,26,26,99,Unknown,99,Unknown EMS Hospital Arrival Time,1,1
41,Oregon,410432,1,1,0,0,0,1,1,57,TILLAMOOK (57),0,NOT APPLICABLE,31,31,10,October,2020,7,Saturday,18,6:00pm-6:59pm,9,9,1,This section IS ON the NHS,2,U.S. Highway,US-26 ODOT 47,,1,Rural,3,Principal Arterial - Other,1,State Highway Agency,307,307,45.77958056,45.77958056,-123.42661667,-123.42661667,0,No Special Jurisdiction,35,Embankment,0,The First Harmful Event was Not a Collision with a Motor Vehicle in Transport,0,No,1,Non-Junction,1,Not an Intersection,0,,4,On Roadside,1,Daylight,1,Clear,0,No,0000000,Not Applicable,18,6:00pm-6:59pm,10,10,18,6:00pm-6:59pm,25,25,88,Not Applicable (Not Transported),88,Not Applicable (Not Transported),1,0
41,Oregon,410433,1,1,0,0,0,2,2,37,LAKE (37),0,NOT APPLICABLE,2,2,11,November,2020,2,Monday,9,9:00am-9:59am,45,45,1,This section IS ON the NHS,2,U.S. Highway,US-395 ODOT 19,,1,Rural,3,Principal Arterial - Other,1,State Highway Agency,1480,1480,42.13378333,42.13378333,-120.3199,-120.3199,0,No Special Jurisdiction,34,Ditch,0,The First Harmful Event was Not a Collision with a Motor Vehicle in Transport,0,No,1,Non-Junction,1,Not an Intersection,0,,4,On Roadside,1,Daylight,1,Clear,0,No,0000000,Not Applicable,9,9:00am-9:59am,49,49,9,9:00am-9:59am,58,58,99,Unknown,99,Unknown EMS Hospital Arrival Time,1,1
41,Oregon,410434,1,1,0,0,0,1,1,45,MALHEUR (45),0,NOT APPLICABLE,3,3,11,November,2020,3,Tuesday,14,2:00pm-2:59pm,10,10,1,This section IS ON the NHS,2,U.S. Highway,US-95 ODOT 456,,1,Rural,3,Principal Arterial - Other,1,State Highway Agency,264,264,42.97881389,42.97881389,-117.16387778,-117.16387778,0,No Special Jurisdiction,35,Embankment,0,The First Harmful Event was Not a Collision with a Motor Vehicle in Transport,0,No,1,Non-Junction,1,Not an Intersection,0,,4,On Roadside,1,Daylight,1,Clear,0,No,0000000,Not Applicable,14,2:00pm-2:59pm,10,10,14,2:00pm-2:59pm,31,31,88,Not Applicable (Not Transported),88,Not Applicable (Not Transported),1,0
41,Oregon,410435,3,3,0,0,0,4,4,31,JEFFERSON (31),0,NOT APPLICABLE,3,3,11,November,2020,3,Tuesday,12,12:00pm-12:59pm,13,13,1,This section IS ON the NHS,2,U.S. Highway,US-26 ODOT 53,,1,Rural,3,Principal Arterial - Other,1,State Highway Agency,1127,1127,44.70418611,44.70418611,-121.16441111,-121.16441111,0,No Special Jurisdiction,12,Motor Vehicle In-Transport,2,Front-to-Front,0,No,1,Non-Junction,1,Not an Intersection,0,,1,On Roadway,1,Daylight,10,Cloudy,0,No,0000000,Not Applicable,12,12:00pm-12:59pm,19,19,12,12:00pm-12:59pm,22,22,99,Unknown,99,Unknown EMS Hospital Arrival Time,2,0
41,Oregon,410436,4,4,0,0,0,4,4,5,CLACKAMAS (5),0,NOT APPLICABLE,4,4,11,November,2020,4,Wednesday,20,8:00pm-8:59pm,45,45,1,This section IS ON the NHS,3,State Highway,SR-213 ODOT 68,,2,Urban,3,Principal Arterial - Other,1,State Highway Agency,75,75,45.45636944,45.45636944,-122.57909167,-122.57909167,0,No Special Jurisdiction,12,Motor Vehicle In-Transport,1,Front-to-Rear,0,No,1,Non-Junction,1,Not an Intersection,0,,1,On Roadway,3,Dark - Lighted,10,Cloudy,0,No,0000000,Not Applicable,20,8:00pm-8:59pm,46,46,20,8:00pm-8:59pm,50,50,99,Unknown,99,Unknown EMS Hospital Arrival Time,1,1
41,Oregon,410437,2,2,0,0,0,2,2,45,MALHEUR (45),0,NOT APPLICABLE,13,13,11,November,2020,6,Friday,20,8:00pm-8:59pm,4,4,1,This section IS ON the NHS,2,U.S. Highway,US-26 ODOT 5,CR-9TH AVE W,1,Rural,3,Principal Arterial - Other,1,State Highway Agency,2668,2668,44.11265,44.11265,-117.36241667,-117.36241667,0,No Special Jurisdiction,12,Motor Vehicle In-Transport,6,Angle,0,No,2,Intersection,2,Four-Way Intersection,0,,1,On Roadway,2,Dark - Not Lighted,10,Cloudy,0,No,0000000,Not Applicable,20,8:00pm-8:59pm,6,6,20,8:00pm-8:59pm,18,18,88,Not Applicable (Not Transported),88,Not Applicable (Not Transported),1,1
41,Oregon,410438,2,2,0,0,0,2,2,13,CROOK (13),0,NOT APPLICABLE,17,17,6,June,2020,4,Wednesday,22,10:00pm-10:59pm,0,0,0,This section IS NOT on the NHS,4,County Road,CR-JUNIPER CANYON RD,,1,Rural,5,Major Collector,2,County Highway Agency,10,10,44.27419722,44.27419722,-120.81165,-120.81165,0,No Special Jurisdiction,12,Motor Vehicle In-Transport,2,Front-to-Front,0,No,1,Non-Junction,1,Not an Intersection,0,,1,On Roadway,8,Not Reported,98,Not Reported,0,No,0000000,Not Applicable,99,Unknown,99,Unknown,99,Unknown EMS Scene Arrival Hour,99,Unknown EMS Scene Arrival Minutes,99,Unknown,99,Unknown EMS Hospital Arrival Time,1,2
41,Oregon,410439,1,1,0,0,0,2,2,19,DOUGLAS (19),0,NOT APPLICABLE,31,31,10,October,2020,7,Saturday,17,5:00pm-5:59pm,17,17,1,This section IS ON the NHS,3,State Highway,SR-38 ODOT 45,,1,Rural,3,Principal Arterial - Other,1,State Highway Agency,337,337,43.65064722,43.65064722,-123.62323333,-123.62323333,0,No Special Jurisdiction,34,Ditch,0,The First Harmful Event was Not a Collision with a Motor Vehicle in Transport,0,No,1,Non-Junction,1,Not an Intersection,0,,4,On Roadside,1,Daylight,1,Clear,0,No,0000000,Not Applicable,17,5:00pm-5:59pm,17,17,17,5:00pm-5:59pm,30,30,99,Unknown,99,Unknown EMS Hospital Arrival Time,1,1
41,Oregon,410440,3,3,0,0,0,4,4,67,WASHINGTON (67),0,NOT APPLICABLE,10,10,11,November,2020,3,Tuesday,13,1:00pm-1:59pm,50,50,1,This section IS ON the NHS,2,U.S. Highway,US-26 ODOT 47,,1,Rural,3,Principal Arterial - Other,1,State Highway Agency,344,344,45.77945556,45.77945556,-123.35669167,-123.35669167,0,No Special Jurisdiction,12,Motor Vehicle In-Transport,8,Sideswipe - Opposite Direction,0,No,1,Non-Junction,1,Not an Intersection,0,,1,On Roadway,1,Daylight,10,Cloudy,0,No,0000000,Not Applicable,13,1:00pm-1:59pm,50,50,12,12:00pm-12:59pm,2,2,99,Unknown,99,Unknown EMS Hospital Arrival Time,1,0
41,Oregon,410441,2,2,0,0,0,3,3,17,DESCHUTES (17),0,NOT APPLICABLE,11,11,11,November,2020,4,Wednesday,7,7:00am-7:59am,42,42,1,This section IS ON the NHS,2,U.S. Highway,US-97 ODOT 4,,1,Rural,3,Principal Arterial - Other,1,State Highway Agency,1587,1587,43.79407222,43.79407222,-121.44386389,-121.44386389,0,No Special Jurisdiction,12,Motor Vehicle In-Transport,6,Angle,0,No,1,Non-Junction,1,Not an Intersection,0,,1,On Roadway,1,Daylight,1,Clear,0,No,0000000,Not Applicable,7,7:00am-7:59am,45,45,7,7:00am-7:59am,59,59,99,Unknown,99,Unknown EMS Hospital Arrival Time,1,0
41,Oregon,410442,1,1,0,0,0,1,1,33,JOSEPHINE (33),0,NOT APPLICABLE,11,11,11,November,2020,4,Wednesday,16,4:00pm-4:59pm,24,24,1,This section IS ON the NHS,1,Interstate,I-5,,2,Urban,1,Interstate,1,State Highway Agency,629,629,42.51782222,42.51782222,-123.36446389,-123.36446389,0,No Special Jurisdiction,1,Rollover/Overturn,0,The First Harmful Event was Not a Collision with a Motor Vehicle in Transport,0,No,1,Non-Junction,1,Not an Intersection,0,,1,On Roadway,1,Daylight,1,Clear,0,No,0000000,Not Applicable,16,4:00pm-4:59pm,25,25,16,4:00pm-4:59pm,30,30,88,Not Applicable (Not Transported),88,Not Applicable (Not Transported),1,1
41,Oregon,410443,1,1,0,0,0,1,1,43,LINN (43),0,NOT APPLICABLE,12,12,11,November,2020,5,Thursday,3,3:00am-3:59am,30,30,0,This section IS NOT on the NHS,4,County Road,CR-NORTH RIVER DR,,1,Rural,5,Major Collector,2,County Highway Agency,20,20,44.42025278,44.42025278,-122.71252222,-122.71252222,0,No Special Jurisdiction,42,Tree (Standing Only),0,The First Harmful Event was Not a Collision with a Motor Vehicle in Transport,0,No,1,Non-Junction,1,Not an Intersection,0,,4,On Roadside,2,Dark - Not Lighted,1,Clear,0,No,0000000,Not Applicable,99,Unknown,99,Unknown,99,Unknown EMS Scene Arrival Hour,99,Unknown EMS Scene Arrival Minutes,88,Not Applicable (Not Transported),88,Not Applicable (Not Transported),1,0
41,Oregon,410444,2,2,0,0,0,2,2,43,LINN (43),0,NOT APPLICABLE,13,13,11,November,2020,6,Friday,7,7:00am-7:59am,53,53,1,This section IS ON the NHS,2,U.S. Highway,US-20 ODOT 16,,2,Urban,3,Principal Arterial - Other,1,State Highway Agency,251,251,44.42274722,44.42274722,-122.77358056,-122.77358056,0,No Special Jurisdiction,12,Motor Vehicle In-Transport,6,Angle,0,No,1,Non-Junction,1,Not an Intersection,0,,1,On Roadway,1,Daylight,2,Rain,0,No,0000000,Not Applicable,99,Unknown,99,Unknown,99,Unknown EMS Scene Arrival Hour,99,Unknown EMS Scene Arrival Minutes,88,Not Applicable (Not Transported),88,Not Applicable (Not Transported),1,0
41,Oregon,410445,1,1,0,1,1,1,1,67,WASHINGTON (67),1515,NORTH PLAINS,25,25,11,November,2020,4,Wednesday,8,8:00am-8:59am,20,20,0,This section IS NOT on the NHS,6,Local Street - Municipality,NW MAIN ST,NW COTTAGE ST,1,Rural,6,Minor Collector,4,City or Municipal Highway Agency,0,,45.5965,45.5965,-123.00290556,-123.00290556,0,No Special Jurisdiction,8,Pedestrian,0,The First Harmful Event was Not a Collision with a Motor Vehicle in Transport,0,No,3,Intersection-Related,2,Four-Way Intersection,0,,1,On Roadway,1,Daylight,2,Rain,0,No,0000000,Not Applicable,8,8:00am-8:59am,20,20,8,8:00am-8:59am,24,24,99,Unknown,99,Unknown EMS Hospital Arrival Time,1,0
41,Oregon,410446,1,1,0,0,0,1,1,39,LANE (39),0,NOT APPLICABLE,29,29,11,November,2020,1,Sunday,15,3:00pm-3:59pm,56,56,0,This section IS NOT on the NHS,4,County Road,CR- LORANE HWY,,1,Rural,5,Major Collector,2,County Highway Agency,68,68,43.97841667,43.97841667,-123.18681944,-123.18681944,0,No Special Jurisdiction,24,Guardrail Face,0,The First Harmful Event was Not a Collision with a Motor Vehicle in Transport,0,No,1,Non-Junction,1,Not an Intersection,0,,4,On Roadside,1,Daylight,1,Clear,0,No,0000000,Not Applicable,15,3:00pm-3:59pm,56,56,16,4:00pm-4:59pm,10,10,88,Not Applicable (Not Transported),88,Not Applicable (Not Transported),1,1
41,Oregon,410447,1,1,0,0,0,1,1,37,LAKE (37),0,NOT APPLICABLE,29,29,11,November,2020,1,Sunday,18,6:00pm-6:59pm,30,30,0,This section IS NOT on the NHS,3,State Highway,SR-31 ODOT 19,,1,Rural,4,Minor Arterial,1,State Highway Agency,920,920,42.72321667,42.72321667,-120.65311667,-120.65311667,0,No Special Jurisdiction,35,Embankment,0,The First Harmful Event was Not a Collision with a Motor Vehicle in Transport,0,No,1,Non-Junction,1,Not an Intersection,0,,4,On Roadside,2,Dark - Not Lighted,1,Clear,0,No,0000000,Not Applicable,19,7:00pm-7:59pm,15,15,19,7:00pm-7:59pm,47,47,88,Not Applicable (Not Transported),88,Not Applicable (Not Transported),1,1
41,Oregon,410448,1,1,0,1,1,3,3,53,POLK (53),1810,SALEM,1,1,12,December,2020,3,Tuesday,17,5:00pm-5:59pm,8,8,0,This section IS NOT on the NHS,6,Local Street - Municipality,DOAKS FERRY RD NW,HIDDEN VALLEY DR NW,2,Urban,4,Minor Arterial,4,City or Municipal Highway Agency,0,,44.947875,44.947875,-123.09433611,-123.09433611,0,No Special Jurisdiction,8,Pedestrian,0,The First Harmful Event was Not a Collision with a Motor Vehicle in Transport,0,No,3,Intersection-Related,3,T-Intersection,0,,1,On Roadway,3,Dark - Lighted,1,Clear,0,No,0000000,Not Applicable,17,5:00pm-5:59pm,8,8,17,5:00pm-5:59pm,12,12,88,Not Applicable (Not Transported),88,Not Applicable (Not Transported),1,0
41,Oregon,410449,4,1,3,0,0,3,3,41,LINCOLN (41),1225,LINCOLN CITY,8,8,12,December,2020,3,Tuesday,15,3:00pm-3:59pm,4,4,1,This section IS ON the NHS,2,U.S. Highway,US-101 ODOT 9,,2,Urban,3,Principal Arterial - Other,1,State Highway Agency,1138,1138,44.980675,44.980675,-124.008725,-124.008725,0,No Special Jurisdiction,14,Parked Motor Vehicle,0,The First Harmful Event was Not a Collision with a Motor Vehicle in Transport,0,No,1,Non-Junction,1,Not an Intersection,0,,2,On Shoulder,1,Daylight,2,Rain,0,No,0000000,Not Applicable,15,3:00pm-3:59pm,4,4,15,3:00pm-3:59pm,4,4,99,Unknown,99,Unknown EMS Hospital Arrival Time,1,0
41,Oregon,410450,2,2,0,0,0,4,4,35,KLAMATH (35),0,NOT APPLICABLE,12,12,12,December,2020,7,Saturday,9,9:00am-9:59am,10,10,1,This section IS ON the NHS,2,U.S. Highway,US-97 ODOT 4,,1,Rural,3,Principal Arterial - Other,1,State Highway Agency,2900,2900,42.03025833,42.03025833,-121.87697222,-121.87697222,0,No Special Jurisdiction,12,Motor Vehicle In-Transport,2,Front-to-Front,0,No,1,Non-Junction,1,Not an Intersection,0,,1,On Roadway,1,Daylight,5,"Fog, Smog, Smoke",0,No,0000000,Not Applicable,9,9:00am-9:59am,12,12,9,9:00am-9:59am,40,40,99,Unknown,99,Unknown EMS Hospital Arrival Time,1,0
41,Oregon,410451,1,1,0,0,0,1,1,29,JACKSON (29),0,NOT APPLICABLE,12,12,12,December,2020,7,Saturday,2,2:00am-2:59am,0,0,0,This section IS NOT on the NHS,4,County Road,CR-KANE CREEK RD,,1,Rural,7,Local,2,County Highway Agency,21,21,42.36953889,42.36953889,-123.02365278,-123.02365278,0,No Special Jurisdiction,42,Tree (Standing Only),0,The First Harmful Event was Not a Collision with a Motor Vehicle in Transport,0,No,1,Non-Junction,1,Not an Intersection,0,,4,On Roadside,2,Dark - Not Lighted,99,Reported as Unknown,0,No,0000000,Not Applicable,99,Unknown,99,Unknown,99,Unknown EMS Scene Arrival Hour,99,Unknown EMS Scene Arrival Minutes,88,Not Applicable (Not Transported),88,Not Applicable (Not Transported),1,1
41,Oregon,410452,1,1,0,0,0,3,3,19,DOUGLAS (19),0,NOT APPLICABLE,12,12,12,December,2020,7,Saturday,12,12:00pm-12:59pm,15,15,0,This section IS NOT on the NHS,3,State Highway,SR-138E ODOT 138,,1,Rural,4,Minor Arterial,1,State Highway Agency,501,501,43.29178056,43.29178056,-122.56395833,-122.56395833,0,No Special Jurisdiction,42,Tree (Standing Only),0,The First Harmful Event was Not a Collision with a Motor Vehicle in Transport,0,No,1,Non-Junction,1,Not an Intersection,0,,4,On Roadside,1,Daylight,10,Cloudy,0,No,0000000,Not Applicable,99,Unknown,99,Unknown,99,Unknown EMS Scene Arrival Hour,99,Unknown EMS Scene Arrival Minutes,99,Unknown,99,Unknown EMS Hospital Arrival Time,1,0
41,Oregon,410453,3,3,0,0,0,7,7,35,KLAMATH (35),0,NOT APPLICABLE,14,14,12,December,2020,2,Monday,11,11:00am-11:59am,10,10,1,This section IS ON the NHS,2,U.S. Highway,US-97 ODOT 4,,1,Rural,3,Principal Arterial - Other,1,State Highway Agency,1940,1940,43.34088056,43.34088056,-121.75114722,-121.75114722,0,No Special Jurisdiction,12,Motor Vehicle In-Transport,2,Front-to-Front,0,No,1,Non-Junction,1,Not an Intersection,0,,1,On Roadway,1,Daylight,10,Cloudy,0,No,0000000,Not Applicable,11,11:00am-11:59am,10,10,11,11:00am-11:59am,25,25,99,Unknown,99,Unknown EMS Hospital Arrival Time,1,0
41,Oregon,410454,2,2,0,0,0,2,2,67,WASHINGTON (67),0,NOT APPLICABLE,19,19,12,December,2020,7,Saturday,1,1:00am-1:59am,50,50,0,This section IS NOT on the NHS,4,County Road,CR-SW FARMINGTON RD,CR-SW RIGGS RD,2,Urban,4,Minor Arterial,2,County Highway Agency,0,,45.46025,45.46025,-122.90049167,-122.90049167,0,No Special Jurisdiction,12,Motor Vehicle In-Transport,2,Front-to-Front,0,No,2,Intersection,3,T-Intersection,0,,1,On Roadway,2,Dark - Not Lighted,1,Clear,0,No,0000000,Not Applicable,99,Unknown,99,Unknown,99,Unknown EMS Scene Arrival Hour,99,Unknown EMS Scene Arrival Minutes,99,Unknown,99,Unknown EMS Hospital Arrival Time,1,0
41,Oregon,410456,1,1,0,0,0,1,1,39,LANE (39),1292,MAPLETON,26,26,12,December,2020,7,Saturday,18,6:00pm-6:59pm,21,21,1,This section IS ON the NHS,3,State Highway,SR-126 ODOT 62,SR-36 ODOT 229,1,Rural,3,Principal Arterial - Other,1,State Highway Agency,144,144,44.03120556,44.03120556,-123.85946944,-123.85946944,0,No Special Jurisdiction,17,Boulder,0,The First Harmful Event was Not a Collision with a Motor Vehicle in Transport,0,No,3,Intersection-Related,3,T-Intersection,0,,4,On Roadside,3,Dark - Lighted,10,Cloudy,0,No,0000000,Not Applicable,18,6:00pm-6:59pm,21,21,18,6:00pm-6:59pm,40,40,99,Unknown,99,Unknown EMS Hospital Arrival Time,1,0
41,Oregon,410457,2,2,0,0,0,3,3,39,LANE (39),660,EUGENE,28,28,12,December,2020,2,Monday,5,5:00am-5:59am,20,20,0,This section IS NOT on the NHS,4,County Road,CR-NORTHWEST EXPRESSWAY,CR-N PARK AVE,2,Urban,4,Minor Arterial,2,County Highway Agency,13,13,44.07605278,44.07605278,-123.13825,-123.13825,0,No Special Jurisdiction,12,Motor Vehicle In-Transport,6,Angle,0,No,2,Intersection,3,T-Intersection,0,,1,On Roadway,2,Dark - Not Lighted,1,Clear,0,No,0000000,Not Applicable,5,5:00am-5:59am,20,20,5,5:00am-5:59am,24,24,88,Not Applicable (Not Transported),88,Not Applicable (Not Transported),1,0
41,Oregon,410458,2,2,0,0,0,3,3,51,MULTNOMAH (51),1650,PORTLAND,24,24,11,November,2020,3,Tuesday,22,10:00pm-10:59pm,40,40,0,This section IS NOT on the NHS,6,Local Street - Municipality,SE STARK ST,SE 127TH AVE,2,Urban,4,Minor Arterial,4,City or Municipal Highway Agency,0,,45.51910556,45.51910556,-122.53263611,-122.53263611,0,No Special Jurisdiction,12,Motor Vehicle In-Transport,6,Angle,0,No,2,Intersection,3,T-Intersection,0,,1,On Roadway,3,Dark - Lighted,2,Rain,0,No,0000000,Not Applicable,99,Unknown,99,Unknown,22,10:00pm-10:59pm,47,47,99,Unknown,99,Unknown EMS Hospital Arrival Time,1,1
41,Oregon,410459,2,2,0,0,0,2,2,47,MARION (47),0,NOT APPLICABLE,16,16,11,November,2020,2,Monday,17,5:00pm-5:59pm,49,49,1,This section IS ON the NHS,3,State Highway,SR-22E ODOT 162,,1,Rural,3,Principal Arterial - Other,1,State Highway Agency,243,243,44.78632222,44.78632222,-122.58107222,-122.58107222,0,No Special Jurisdiction,12,Motor Vehicle In-Transport,6,Angle,0,No,1,Non-Junction,1,Not an Intersection,0,,1,On Roadway,2,Dark - Not Lighted,10,Cloudy,0,No,0000000,Not Applicable,17,5:00pm-5:59pm,49,49,17,5:00pm-5:59pm,54,54,99,Unknown,99,Unknown EMS Hospital Arrival Time,1,0
41,Oregon,410460,1,1,0,0,0,1,1,37,LAKE (37),0,NOT APPLICABLE,16,16,11,November,2020,2,Monday,19,7:00pm-7:59pm,52,52,1,This section IS ON the NHS,2,U.S. Highway,US-395D ODOT 49,,1,Rural,3,Principal Arterial - Other,1,State Highway Agency,733,733,42.68864444,42.68864444,-120.15908611,-120.15908611,0,No Special Jurisdiction,58,Ground,0,The First Harmful Event was Not a Collision with a Motor Vehicle in Transport,0,No,1,Non-Junction,1,Not an Intersection,0,,4,On Roadside,2,Dark - Not Lighted,1,Clear,0,No,0000000,Not Applicable,88,Not Applicable (Not Notified),88,Not Applicable (Not Notified),88,Not Applicable,88,Not Applicable,88,Not Applicable (Not Transported),88,Not Applicable (Not Transported),1,0
41,Oregon,410461,1,1,0,0,0,1,1,39,LANE (39),0,NOT APPLICABLE,17,17,11,November,2020,3,Tuesday,9,9:00am-9:59am,0,0,1,This section IS ON the NHS,3,State Highway,SR-126E ODOT 15,,1,Rural,3,Principal Arterial - Other,1,State Highway Agency,144,144,44.07588056,44.07588056,-122.77742222,-122.77742222,0,No Special Jurisdiction,34,Ditch,0,The First Harmful Event was Not a Collision with a Motor Vehicle in Transport,0,No,1,Non-Junction,1,Not an Intersection,0,,4,On Roadside,1,Daylight,98,Not Reported,0,No,0000000,Not Applicable,9,9:00am-9:59am,1,1,9,9:00am-9:59am,11,11,99,Unknown,99,Unknown EMS Hospital Arrival Time,1,0
41,Oregon,410462,1,1,0,1,1,1,1,67,WASHINGTON (67),1000,HILLSBORO,17,17,11,November,2020,3,Tuesday,21,9:00pm-9:59pm,39,39,1,This section IS ON the NHS,3,State Highway,SR-8 ODOT 29,,2,Urban,3,Principal Arterial - Other,1,State Highway Agency,117,117,45.51017778,45.51017778,-122.96931111,-122.96931111,0,No Special Jurisdiction,8,Pedestrian,0,The First Harmful Event was Not a Collision with a Motor Vehicle in Transport,0,No,1,Non-Junction,1,Not an Intersection,0,,1,On Roadway,2,Dark - Not Lighted,2,Rain,0,No,0000000,Not Applicable,21,9:00pm-9:59pm,42,42,21,9:00pm-9:59pm,42,42,99,Unknown,99,Unknown EMS Hospital Arrival Time,1,0
41,Oregon,410463,1,1,0,0,0,1,1,11,COOS (11),0,NOT APPLICABLE,18,18,11,November,2020,4,Wednesday,16,4:00pm-4:59pm,15,15,1,This section IS ON the NHS,3,State Highway,SR-42 ODOT 35,,1,Rural,3,Principal Arterial - Other,1,State Highway Agency,314,314,43.01845278,43.01845278,-123.99171667,-123.99171667,0,No Special Jurisdiction,34,Ditch,0,The First Harmful Event was Not a Collision with a Motor Vehicle in Transport,0,No,1,Non-Junction,1,Not an Intersection,0,,4,On Roadside,1,Daylight,2,Rain,0,No,0000000,Not Applicable,16,4:00pm-4:59pm,20,20,16,4:00pm-4:59pm,29,29,99,Unknown,99,Unknown EMS Hospital Arrival Time,1,1
41,Oregon,410464,2,2,0,0,0,3,3,5,CLACKAMAS (5),0,NOT APPLICABLE,18,18,11,November,2020,4,Wednesday,17,5:00pm-5:59pm,22,22,1,This section IS ON the NHS,2,U.S. Highway,US-26 ODOT 26,SE KELSO RD,1,Rural,3,Principal Arterial - Other,1,State Highway Agency,211,211,45.41834444,45.41834444,-122.31894167,-122.31894167,0,No Special Jurisdiction,12,Motor Vehicle In-Transport,6,Angle,0,No,2,Intersection,2,Four-Way Intersection,0,,1,On Roadway,2,Dark - Not Lighted,2,Rain,0,No,0000000,Not Applicable,17,5:00pm-5:59pm,20,20,17,5:00pm-5:59pm,30,30,99,Unknown,99,Unknown EMS Hospital Arrival Time,2,0
41,Oregon,410465,1,1,0,1,1,1,1,5,CLACKAMAS (5),0,NOT APPLICABLE,19,19,11,November,2020,5,Thursday,19,7:00pm-7:59pm,25,25,1,This section IS ON the NHS,3,State Highway,SR-99 ODOT 81,,2,Urban,3,Principal Arterial - Other,1,State Highway Agency,95,95,45.39470833,45.39470833,-122.61552222,-122.61552222,0,No Special Jurisdiction,8,Pedestrian,0,The First Harmful Event was Not a Collision with a Motor Vehicle in Transport,0,No,1,Non-Junction,1,Not an Intersection,0,,1,On Roadway,3,Dark - Lighted,2,Rain,0,No,0000000,Not Applicable,19,7:00pm-7:59pm,25,25,19,7:00pm-7:59pm,29,29,88,Not Applicable (Not Transported),88,Not Applicable (Not Transported),1,0
41,Oregon,410466,2,2,0,0,0,2,2,35,KLAMATH (35),0,NOT APPLICABLE,19,19,11,November,2020,5,Thursday,8,8:00am-8:59am,47,47,1,This section IS ON the NHS,3,State Highway,SR-140 ODOT 20,,1,Rural,3,Principal Arterial - Other,1,State Highway Agency,150,150,42.23210278,42.23210278,-121.59706389,-121.59706389,0,No Special Jurisdiction,12,Motor Vehicle In-Transport,2,Front-to-Front,0,No,1,Non-Junction,1,Not an Intersection,0,,1,On Roadway,1,Daylight,1,Clear,1,Yes,0000000,Not Applicable,8,8:00am-8:59am,47,47,9,9:00am-9:59am,0,0,88,Not Applicable (Not Transported),88,Not Applicable (Not Transported),1,0
41,Oregon,410467,4,4,0,0,0,6,6,17,DESCHUTES (17),0,NOT APPLICABLE,19,19,11,November,2020,5,Thursday,12,12:00pm-12:59pm,51,51,1,This section IS ON the NHS,2,U.S. Highway,US-97 ODOT 4,,1,Rural,3,Principal Arterial - Other,1,State Highway Agency,1691,1691,43.65405833,43.65405833,-121.51711944,-121.51711944,0,No Special Jurisdiction,12,Motor Vehicle In-Transport,1,Front-to-Rear,0,No,1,Non-Junction,1,Not an Intersection,0,,1,On Roadway,1,Daylight,1,Clear,0,No,0000000,Not Applicable,12,12:00pm-12:59pm,52,52,13,1:00pm-1:59pm,4,4,99,Unknown,99,Unknown EMS Hospital Arrival Time,2,0
41,Oregon,410468,1,1,0,0,0,1,1,51,MULTNOMAH (51),1650,PORTLAND,19,19,11,November,2020,5,Thursday,2,2:00am-2:59am,13,13,1,This section IS ON the NHS,3,State Highway,SR-99 ODOT 81,,2,Urban,3,Principal Arterial - Other,1,State Highway Agency,48,48,45.5926,45.5926,-122.66763889,-122.66763889,0,No Special Jurisdiction,35,Embankment,0,The First Harmful Event was Not a Collision with a Motor Vehicle in Transport,0,No,1,Non-Junction,1,Not an Intersection,0,,4,On Roadside,3,Dark - Lighted,2,Rain,0,No,0000000,Not Applicable,2,2:00am-2:59am,14,14,2,2:00am-2:59am,19,19,99,Unknown,99,Unknown EMS Hospital Arrival Time,1,0
41,Oregon,410469,2,2,0,0,0,2,2,67,WASHINGTON (67),0,NOT APPLICABLE,20,20,11,November,2020,6,Friday,14,2:00pm-2:59pm,59,59,0,This section IS NOT on the NHS,3,State Highway,SR-219 ODOT 140,,1,Rural,4,Minor Arterial,1,State Highway Agency,99998,Not Reported,88.8888,88.8888,888.8888,888.8888,0,No Special Jurisdiction,12,Motor Vehicle In-Transport,2,Front-to-Front,0,No,1,Non-Junction,1,Not an Intersection,0,,1,On Roadway,8,Not Reported,98,Not Reported,0,No,0000000,Not Applicable,99,Unknown,99,Unknown,99,Unknown EMS Scene Arrival Hour,98,Unknown if Arrived,88,Not Applicable (Not Transported),88,Not Applicable (Not Transported),1,0
41,Oregon,410470,2,2,0,0,0,4,4,19,DOUGLAS (19),2257,WINSTON,20,20,11,November,2020,6,Friday,19,7:00pm-7:59pm,45,45,1,This section IS ON the NHS,3,State Highway,SR-42 ODOT 35,BROCKWAY RD,2,Urban,3,Principal Arterial - Other,1,State Highway Agency,717,717,43.11246111,43.11246111,-123.44216667,-123.44216667,0,No Special Jurisdiction,12,Motor Vehicle In-Transport,6,Angle,0,No,2,Intersection,2,Four-Way Intersection,0,,1,On Roadway,2,Dark - Not Lighted,10,Cloudy,0,No,0000000,Not Applicable,99,Unknown,99,Unknown,99,Unknown EMS Scene Arrival Hour,99,Unknown EMS Scene Arrival Minutes,99,Unknown,99,Unknown EMS Hospital Arrival Time,1,0
41,Oregon,410471,1,1,0,0,0,1,1,67,WASHINGTON (67),1000,HILLSBORO,21,21,11,November,2020,7,Saturday,10,10:00am-10:59am,13,13,0,This section IS NOT on the NHS,6,Local Street - Municipality,NE BROOKWOOD PKWY,,2,Urban,4,Minor Arterial,4,City or Municipal Highway Agency,0,,45.53589167,45.53589167,-122.94125,-122.94125,0,No Special Jurisdiction,33,Curb,0,The First Harmful Event was Not a Collision with a Motor Vehicle in Transport,0,No,1,Non-Junction,1,Not an Intersection,0,,4,On Roadside,1,Daylight,10,Cloudy,0,No,0000000,Not Applicable,99,Unknown,99,Unknown,99,Unknown EMS Scene Arrival Hour,99,Unknown EMS Scene Arrival Minutes,88,Not Applicable (Not Transported),88,Not Applicable (Not Transported),1,0
41,Oregon,410472,1,1,0,1,1,2,2,47,MARION (47),1810,SALEM,22,22,11,November,2020,1,Sunday,17,5:00pm-5:59pm,50,50,1,This section IS ON the NHS,1,Interstate,I-5,,2,Urban,1,Interstate,1,State Highway Agency,2562,2562,44.94911389,44.94911389,-122.99047222,-122.99047222,0,No Special Jurisdiction,8,Pedestrian,0,The First Harmful Event was Not a Collision with a Motor Vehicle in Transport,0,No,1,Non-Junction,1,Not an Intersection,0,,1,On Roadway,2,Dark - Not Lighted,2,Rain,0,No,0000000,Not Applicable,17,5:00pm-5:59pm,50,50,17,5:00pm-5:59pm,55,55,88,Not Applicable (Not Transported),88,Not Applicable (Not Transported),1,0
41,Oregon,410473,1,1,0,0,0,3,3,27,HOOD RIVER (27),0,NOT APPLICABLE,24,24,11,November,2020,3,Tuesday,2,2:00am-2:59am,33,33,1,This section IS ON the NHS,1,Interstate,I-84,,1,Rural,1,Interstate,1,State Highway Agency,673,673,45.69541944,45.69541944,-121.44709722,-121.44709722,0,No Special Jurisdiction,25,Concrete Traffic Barrier,0,The First Harmful Event was Not a Collision with a Motor Vehicle in Transport,0,No,1,Non-Junction,1,Not an Intersection,0,,4,On Roadside,2,Dark - Not Lighted,1,Clear,0,No,0000000,Not Applicable,2,2:00am-2:59am,45,45,2,2:00am-2:59am,54,54,88,Not Applicable (Not Transported),88,Not Applicable (Not Transported),2,1
41,Oregon,410474,1,1,0,0,0,1,1,57,TILLAMOOK (57),0,NOT APPLICABLE,9,9,8,August,2020,1,Sunday,99,Unknown Hours,99,Unknown Minutes,0,This section IS NOT on the NHS,4,County Road,CR-UNIVERSITY FALLS RD,,1,Rural,7,Local,2,County Highway Agency,17,17,45.59806111,45.59806111,-123.42493056,-123.42493056,0,No Special Jurisdiction,35,Embankment,0,The First Harmful Event was Not a Collision with a Motor Vehicle in Transport,0,No,1,Non-Junction,1,Not an Intersection,0,,4,On Roadside,9,Reported as Unknown,98,Not Reported,0,No,0000000,Not Applicable,99,Unknown,99,Unknown,99,Unknown EMS Scene Arrival Hour,99,Unknown EMS Scene Arrival Minutes,88,Not Applicable (Not Transported),88,Not Applicable (Not Transported),1,0
