STATE,STATENAME,ST_CASE,PEDS,PERNOTMVIT,VE_TOTAL,VE_FORMS,PVH_INVL,PERSONS,PERMVIT,COUNTY,COUNTYNAME,CITY,CITYNAME,MONTH,MONTHNAME,DAY,DAYNAME,DAY_WEEK,DAY_WEEKNAME,YEAR,HOUR,HOURNAME,MINUTE,MINUTENAME,TWAY_ID,TWAY_ID2,ROUTE,ROUTENAME,RUR_URB,RUR_URBNAME,FUNC_SYS,FUNC_SYSNAME,RD_OWNER,RD_OWNERNAME,NHS,NHSNAME,SP_JUR,SP_JURNAME,MILEPT,MILEPTNAME,LATITUDE,LATITUDENAME,LONGITUD,LONGITUDNAME,HARM_EV,HARM_EVNAME,MAN_COLL,MAN_COLLNAME,RELJCT1,RELJCT1NAME,RELJCT2,RELJCT2NAME,TYP_INT,TYP_INTNAME,REL_ROAD,REL_ROADNAME,WRK_ZONE,WRK_ZONENAME,LGT_COND,LGT_CONDNAME,WEATHER,WEATHERNAME,SCH_BUS,SCH_BUSNAME,RAIL,RAILNAME,NOT_HOUR,NOT_HOURNAME,NOT_MIN,NOT_MINNAME,ARR_HOUR,ARR_HOURNAME,ARR_MIN,ARR_MINNAME,HOSP_HR,HOSP_HRNAME,HOSP_MN,HOSP_MNNAME,FATALS
41,Oregon,410001,0,0,4,1,3,1,1,51,MULTNOMAH (51),1650,PORTLAND,1,January,1,1,1,Sunday,2023,0,0:00am-0:59am,33,33,SE 125TH AVE,,0,Not Signed,2,Urban,7,Local,4,City or Municipal Highway Agency,0,This Section IS NOT on the NHS,0,No Special Jurisdiction,0,,45.50252778,45.50252778,-122.53481944,-122.53481944,14,Parked Motor Vehicle,0,The First Harmful Event was Not a Collision with a Motor Vehicle in Transport,0,No,1,Non-Junction,1,Not an Intersection,4,On Roadside,0,,3,Dark - Lighted,10,Cloudy,0,No,0000000,Not Applicable,99,Unknown,99,Unknown,99,Unknown EMS Scene Arrival Hour,99,Unknown EMS Scene Arrival Minutes,88,Not Applicable (Not Transported),88,Not Applicable (Not Transported),1
41,Oregon,410002,0,0,2,2,0,3,3,19,DOUGLAS (19),0,NOT APPLICABLE,1,January,2,2,2,Monday,2023,21,9:00pm-9:59pm,30,30,SR-42 ODOT 35,,3,State Highway,1,Rural,3,Other Principal Arterial,1,State Highway Agency,1,This Section IS ON the NHS,0,No Special Jurisdiction,705,705,43.10633889,43.10633889,-123.46397222,-123.46397222,12,Motor Vehicle In-Transport,1,Front-to-Rear,0,No,1,Non-Junction,1,Not an Intersection,1,On Roadway,0,,2,Dark - Not Lighted,10,Cloudy,0,No,0000000,Not Applicable,21,9:00pm-9:59pm,32,32,21,9:00pm-9:59pm,41,41,99,Unknown,99,Unknown EMS Hospital Arrival Time,2
41,Oregon,410003,3,3,4,3,1,8,8,35,KLAMATH (35),0,NOT APPLICABLE,1,January,2,2,2,Monday,2023,19,7:00pm-7:59pm,8,8,US-97 ODOT 4,,2,U.S. Highway,1,Rural,3,Other Principal Arterial,1,State Highway Agency,1,This Section IS ON the NHS,0,No Special Jurisdiction,2350,2350,42.76370833,42.76370833,-121.83748056,-121.83748056,12,Motor Vehicle In-Transport,6,Angle,0,No,1,Non-Junction,1,Not an Intersection,1,On Roadway,0,,2,Dark - Not Lighted,1,Clear,0,No,0000000,Not Applicable,19,7:00pm-7:59pm,8,8,19,7:00pm-7:59pm,42,42,99,Unknown,99,Unknown EMS Hospital Arrival Time,2
41,Oregon,410004,0,0,1,1,0,1,1,29,JACKSON (29),0,NOT APPLICABLE,1,January,3,3,3,Tuesday,2023,6,6:00am-6:59am,30,30,SR-238 ODOT 272,,3,State Highway,1,Rural,4,Minor Arterial,1,State Highway Agency,0,This Section IS NOT on the NHS,0,No Special Jurisdiction,203,203,42.24351667,42.24351667,-123.13537778,-123.13537778,18,Other Object (not fixed),0,The First Harmful Event was Not a Collision with a Motor Vehicle in Transport,0,No,1,Non-Junction,1,Not an Intersection,1,On Roadway,0,,2,Dark - Not Lighted,5,"Fog, Smog, Smoke",0,No,0000000,Not Applicable,6,6:00am-6:59am,43,43,6,6:00am-6:59am,54,54,88,Not Applicable (Not Transported),88,Not Applicable (Not Transported),1
41,Oregon,410005,0,0,1,1,0,1,1,29,JACKSON (29),0,NOT APPLICABLE,1,January,1,1,1,Sunday,2023,15,3:00pm-3:59pm,46,46,SUNSET DR,,0,Not Signed,2,Urban,5,Major Collector,2,County Highway Agency,0,This Section IS NOT on the NHS,0,No Special Jurisdiction,0,,42.30135833,42.30135833,-122.90561944,-122.90561944,42,Tree (Standing Only),0,The First Harmful Event was Not a Collision with a Motor Vehicle in Transport,0,No,1,Non-Junction,1,Not an Intersection,4,On Roadside,0,,1,Daylight,1,Clear,0,No,0000000,Not Applicable,99,Unknown,99,Unknown,99,Unknown EMS Scene Arrival Hour,99,Unknown EMS Scene Arrival Minutes,88,Not Applicable (Not Transported),88,Not Applicable (Not Transported),1
41,Oregon,410006,0,0,2,2,0,2,2,3,BENTON (3),0,NOT APPLICABLE,1,January,4,4,4,Wednesday,2023,15,3:00pm-3:59pm,50,50,US-20 ODOT 31,,2,U.S. Highway,1,Rural,3,Other Principal Arterial,1,State Highway Agency,1,This Section IS ON the NHS,0,No Special Jurisdiction,79,79,44.64012222,44.64012222,-123.15116111,-123.15116111,54,"Motor Vehicle In-Transport Strikes or is Struck by Cargo, Persons or Objects Set-in-Motion from/by Another Motor Vehicle In Transport",11,Other,0,No,1,Non-Junction,1,Not an Intersection,1,On Roadway,0,,1,Daylight,10,Cloudy,0,No,0000000,Not Applicable,99,Unknown,99,Unknown,99,Unknown EMS Scene Arrival Hour,99,Unknown EMS Scene Arrival Minutes,99,Unknown,99,Unknown EMS Hospital Arrival Time,1
41,Oregon,410007,2,2,1,1,0,1,1,67,WASHINGTON (67),700,FOREST GROVE,1,January,5,5,5,Thursday,2023,6,6:00am-6:59am,49,49,SR-8 19TH AVE,HAWTHORNE ST,3,State Highway,2,Urban,4,Minor Arterial,4,City or Municipal Highway Agency,0,This Section IS NOT on the NHS,0,No Special Jurisdiction,0,,45.51831667,45.51831667,-123.09916389,-123.09916389,8,Pedestrian,0,The First Harmful Event was Not a Collision with a Motor Vehicle in Transport,0,No,3,Intersection-Related,2,Four-Way Intersection,1,On Roadway,0,,9,Reported as Unknown,10,Cloudy,0,No,0000000,Not Applicable,6,6:00am-6:59am,50,50,6,6:00am-6:59am,58,58,99,Unknown,99,Unknown EMS Hospital Arrival Time,1
41,Oregon,410008,1,1,2,2,0,2,2,39,LANE (39),0,NOT APPLICABLE,1,January,5,5,5,Thursday,2023,18,6:00pm-6:59pm,9,9,SR-126 ODOT 15,,3,State Highway,1,Rural,3,Other Principal Arterial,1,State Highway Agency,1,This Section IS ON the NHS,0,No Special Jurisdiction,143,143,44.07581111,44.07581111,-122.77863889,-122.77863889,8,Pedestrian,0,The First Harmful Event was Not a Collision with a Motor Vehicle in Transport,0,No,1,Non-Junction,1,Not an Intersection,2,On Shoulder,0,,2,Dark - Not Lighted,10,Cloudy,0,No,0000000,Not Applicable,18,6:00pm-6:59pm,10,10,18,6:00pm-6:59pm,21,21,88,Not Applicable (Not Transported),88,Not Applicable (Not Transported),1
41,Oregon,410009,1,1,1,1,0,1,1,51,MULTNOMAH (51),1650,PORTLAND,1,January,6,6,6,Friday,2023,17,5:00pm-5:59pm,18,18,SE DIVISION ST,SE 168TH AVE,0,Not Signed,2,Urban,3,Other Principal Arterial,4,City or Municipal Highway Agency,1,This Section IS ON the NHS,0,No Special Jurisdiction,0,,45.50458333,45.50458333,-122.48956111,-122.48956111,8,Pedestrian,0,The First Harmful Event was Not a Collision with a Motor Vehicle in Transport,0,No,3,Intersection-Related,2,Four-Way Intersection,1,On Roadway,0,,3,Dark - Lighted,10,Cloudy,0,No,0000000,Not Applicable,17,5:00pm-5:59pm,19,19,99,Unknown EMS Scene Arrival Hour,99,Unknown EMS Scene Arrival Minutes,88,Not Applicable (Not Transported),88,Not Applicable (Not Transported),1
41,Oregon,410010,1,1,1,1,0,2,2,59,UMATILLA (59),0,NOT APPLICABLE,1,January,8,8,1,Sunday,2023,16,4:00pm-4:59pm,30,30,I-84,,1,Interstate,1,Rural,1,Interstate,1,State Highway Agency,1,This Section IS ON the NHS,0,No Special Jurisdiction,1988,1988,45.71720833,45.71720833,-119.00937222,-119.00937222,8,Pedestrian,0,The First Harmful Event was Not a Collision with a Motor Vehicle in Transport,0,No,1,Non-Junction,1,Not an Intersection,3,On Median,0,,5,Dusk,3,Sleet or Hail,0,No,0000000,Not Applicable,16,4:00pm-4:59pm,30,30,16,4:00pm-4:59pm,37,37,88,Not Applicable (Not Transported),88,Not Applicable (Not Transported),1
41,Oregon,410011,1,1,1,1,0,1,1,39,LANE (39),660,EUGENE,1,January,8,8,1,Sunday,2023,21,9:00pm-9:59pm,19,19,SR-99 W SEVENTH AVE,,3,State Highway,2,Urban,3,Other Principal Arterial,4,City or Municipal Highway Agency,1,This Section IS ON the NHS,0,No Special Jurisdiction,0,,44.05217778,44.05217778,-123.10876667,-123.10876667,8,Pedestrian,0,The First Harmful Event was Not a Collision with a Motor Vehicle in Transport,0,No,1,Non-Junction,1,Not an Intersection,1,On Roadway,0,,3,Dark - Lighted,10,Cloudy,0,No,0000000,Not Applicable,21,9:00pm-9:59pm,19,19,21,9:00pm-9:59pm,24,24,88,Not Applicable (Not Transported),88,Not Applicable (Not Transported),1
41,Oregon,410012,0,0,2,2,0,2,2,33,JOSEPHINE (33),860,GRANTS PASS,1,January,10,10,3,Tuesday,2023,17,5:00pm-5:59pm,26,26,SR-99 ODOT 60,FLORENCE LN,3,State Highway,2,Urban,3,Other Principal Arterial,1,State Highway Agency,1,This Section IS ON the NHS,0,No Special Jurisdiction,6,6,42.42359167,42.42359167,-123.32162778,-123.32162778,12,Motor Vehicle In-Transport,6,Angle,0,No,2,Intersection,2,Four-Way Intersection,1,On Roadway,0,,3,Dark - Lighted,2,Rain,0,No,0000000,Not Applicable,17,5:00pm-5:59pm,26,26,17,5:00pm-5:59pm,29,29,88,Not Applicable (Not Transported),88,Not Applicable (Not Transported),1
41,Oregon,410013,1,1,1,1,0,1,1,19,DOUGLAS (19),0,NOT APPLICABLE,1,January,10,10,3,Tuesday,2023,20,8:00pm-8:59pm,27,27,SR-42 ODOT 35,GRANT SMITH RD,3,State Highway,2,Urban,3,Other Principal Arterial,1,State Highway Agency,1,This Section IS ON the NHS,0,No Special Jurisdiction,762,762,43.14955278,43.14955278,-123.37217222,-123.37217222,9,Pedalcyclist,0,The First Harmful Event was Not a Collision with a Motor Vehicle in Transport,0,No,3,Intersection-Related,2,Four-Way Intersection,1,On Roadway,0,,2,Dark - Not Lighted,1,Clear,0,No,0000000,Not Applicable,20,8:00pm-8:59pm,24,24,20,8:00pm-8:59pm,25,25,20,8:00pm-8:59pm,47,47,1
41,Oregon,410014,0,0,3,3,0,4,4,47,MARION (47),0,NOT APPLICABLE,1,January,11,11,4,Wednesday,2023,9,9:00am-9:59am,35,35,SR-214 ODOT 140,DOWNS RD NE,3,State Highway,1,Rural,4,Minor Arterial,1,State Highway Agency,0,This Section IS NOT on the NHS,0,No Special Jurisdiction,479,479,45.04211389,45.04211389,-122.79333611,-122.79333611,12,Motor Vehicle In-Transport,2,Front-to-Front,0,No,2,Intersection,2,Four-Way Intersection,1,On Roadway,0,,1,Daylight,10,Cloudy,0,No,0000000,Not Applicable,9,9:00am-9:59am,35,35,9,9:00am-9:59am,57,57,99,Unknown,99,Unknown EMS Hospital Arrival Time,1
41,Oregon,410015,0,0,3,3,0,3,3,5,CLACKAMAS (5),0,NOT APPLICABLE,1,January,11,11,4,Wednesday,2023,5,5:00am-5:59am,56,56,SR-224 ODOT 171,,3,State Highway,1,Rural,4,Minor Arterial,1,State Highway Agency,0,This Section IS NOT on the NHS,0,No Special Jurisdiction,168,168,45.37021944,45.37021944,-122.37366111,-122.37366111,12,Motor Vehicle In-Transport,2,Front-to-Front,0,No,1,Non-Junction,1,Not an Intersection,1,On Roadway,0,,2,Dark - Not Lighted,1,Clear,0,No,0000000,Not Applicable,5,5:00am-5:59am,56,56,6,6:00am-6:59am,6,6,6,6:00am-6:59am,55,55,1
41,Oregon,410016,0,0,2,2,0,2,2,51,MULTNOMAH (51),1650,PORTLAND,1,January,15,15,1,Sunday,2023,9,9:00am-9:59am,30,30,US-26 ODOT 26,SE 80TH AVE,2,U.S. Highway,2,Urban,3,Other Principal Arterial,1,State Highway Agency,1,This Section IS ON the NHS,0,No Special Jurisdiction,49,49,45.49748333,45.49748333,-122.58089167,-122.58089167,12,Motor Vehicle In-Transport,6,Angle,0,No,2,Intersection,2,Four-Way Intersection,1,On Roadway,0,,1,Daylight,2,Rain,0,No,0000000,Not Applicable,9,9:00am-9:59am,31,31,9,9:00am-9:59am,37,37,88,Not Applicable (Not Transported),88,Not Applicable (Not Transported),1
41,Oregon,410018,0,0,2,2,0,2,2,71,YAMHILL (71),570,DUNDEE,1,January,19,19,5,Thursday,2023,16,4:00pm-4:59pm,30,30,SR-18 ODOT 39,,3,State Highway,2,Urban,2,Other Freeways and Expressways,1,State Highway Agency,1,This Section IS ON the NHS,0,No Special Jurisdiction,567,567,45.27553889,45.27553889,-122.99876389,-122.99876389,12,Motor Vehicle In-Transport,2,Front-to-Front,0,No,1,Non-Junction,1,Not an Intersection,1,On Roadway,0,,1,Daylight,10,Cloudy,0,No,0000000,Not Applicable,16,4:00pm-4:59pm,33,33,16,4:00pm-4:59pm,43,43,99,Unknown,99,Unknown EMS Hospital Arrival Time,1
41,Oregon,410019,0,0,2,2,0,4,4,13,CROOK (13),0,NOT APPLICABLE,1,January,2,2,2,Monday,2023,16,4:00pm-4:59pm,30,30,SE JUNIPER CANYON RD,,0,Not Signed,1,Rural,5,Major Collector,2,County Highway Agency,0,This Section IS NOT on the NHS,0,No Special Jurisdiction,8,8,44.27012222,44.27012222,-120.81247222,-120.81247222,12,Motor Vehicle In-Transport,2,Front-to-Front,0,No,1,Non-Junction,1,Not an Intersection,1,On Roadway,0,,5,Dusk,1,Clear,0,No,0000000,Not Applicable,16,4:00pm-4:59pm,33,33,16,4:00pm-4:59pm,37,37,17,5:00pm-5:59pm,8,8,2
41,Oregon,410020,0,0,1,1,0,1,1,67,WASHINGTON (67),0,NOT APPLICABLE,1,January,21,21,7,Saturday,2023,14,2:00pm-2:59pm,5,5,SR-47 ODOT 102,,3,State Highway,1,Rural,3,Other Principal Arterial,1,State Highway Agency,1,This Section IS ON the NHS,0,No Special Jurisdiction,866,866,45.56834444,45.56834444,-123.10825556,-123.10825556,34,Ditch,0,The First Harmful Event was Not a Collision with a Motor Vehicle in Transport,0,No,1,Non-Junction,1,Not an Intersection,4,On Roadside,0,,1,Daylight,1,Clear,0,No,0000000,Not Applicable,14,2:00pm-2:59pm,6,6,14,2:00pm-2:59pm,15,15,88,Not Applicable (Not Transported),88,Not Applicable (Not Transported),1
41,Oregon,410021,0,0,2,2,0,3,3,39,LANE (39),0,NOT APPLICABLE,1,January,21,21,7,Saturday,2023,10,10:00am-10:59am,6,6,SR-58 ODOT 18,,3,State Highway,1,Rural,3,Other Principal Arterial,1,State Highway Agency,1,This Section IS ON the NHS,0,No Special Jurisdiction,607,607,43.61181389,43.61181389,-122.06327222,-122.06327222,12,Motor Vehicle In-Transport,6,Angle,0,No,1,Non-Junction,1,Not an Intersection,1,On Roadway,0,,1,Daylight,10,Cloudy,0,No,0000000,Not Applicable,10,10:00am-10:59am,6,6,10,10:00am-10:59am,40,40,88,Not Applicable (Not Transported),88,Not Applicable (Not Transported),2
41,Oregon,410022,0,0,1,1,0,1,1,47,MARION (47),0,NOT APPLICABLE,1,January,22,22,1,Sunday,2023,12,12:00pm-12:59pm,42,42,SKYLINE RD S,,0,Not Signed,1,Rural,6,Minor Collector,2,County Highway Agency,0,This Section IS NOT on the NHS,0,No Special Jurisdiction,16,16,44.84226667,44.84226667,-123.11276667,-123.11276667,38,Fence,0,The First Harmful Event was Not a Collision with a Motor Vehicle in Transport,0,No,1,Non-Junction,1,Not an Intersection,4,On Roadside,0,,1,Daylight,1,Clear,0,No,0000000,Not Applicable,12,12:00pm-12:59pm,42,42,12,12:00pm-12:59pm,46,46,88,Not Applicable (Not Transported),88,Not Applicable (Not Transported),1
41,Oregon,410023,0,0,2,2,0,3,3,17,DESCHUTES (17),0,NOT APPLICABLE,1,January,23,23,2,Monday,2023,9,9:00am-9:59am,17,17,BEAR CREEK RD,BYRAM RD,0,Not Signed,1,Rural,5,Major Collector,2,County Highway Agency,0,This Section IS NOT on the NHS,0,No Special Jurisdiction,0,,44.05120833,44.05120833,-121.19336111,-121.19336111,12,Motor Vehicle In-Transport,6,Angle,0,No,2,Intersection,2,Four-Way Intersection,1,On Roadway,0,,1,Daylight,1,Clear,0,No,0000000,Not Applicable,9,9:00am-9:59am,23,23,9,9:00am-9:59am,30,30,9,9:00am-9:59am,53,53,1
41,Oregon,410024,1,1,1,1,0,1,1,51,MULTNOMAH (51),1650,PORTLAND,1,January,23,23,2,Monday,2023,3,3:00am-3:59am,9,9,SE HOLGATE BLVD,,0,Not Signed,2,Urban,5,Major Collector,4,City or Municipal Highway Agency,0,This Section IS NOT on the NHS,0,No Special Jurisdiction,0,,45.49005,45.49005,-122.56908333,-122.56908333,8,Pedestrian,0,The First Harmful Event was Not a Collision with a Motor Vehicle in Transport,0,No,1,Non-Junction,1,Not an Intersection,1,On Roadway,0,,3,Dark - Lighted,1,Clear,0,No,0000000,Not Applicable,3,3:00am-3:59am,9,9,3,3:00am-3:59am,13,13,3,3:00am-3:59am,39,39,1
41,Oregon,410025,1,1,1,1,0,2,2,51,MULTNOMAH (51),1650,PORTLAND,1,January,24,24,3,Tuesday,2023,22,10:00pm-10:59pm,13,13,US-26 ODOT 26,SE FOSTER RD,2,U.S. Highway,2,Urban,3,Other Principal Arterial,1,State Highway Agency,1,This Section IS ON the NHS,0,No Special Jurisdiction,34,34,45.49756667,45.49756667,-122.61119167,-122.61119167,8,Pedestrian,0,The First Harmful Event was Not a Collision with a Motor Vehicle in Transport,0,No,3,Intersection-Related,2,Four-Way Intersection,1,On Roadway,0,,3,Dark - Lighted,1,Clear,0,No,0000000,Not Applicable,99,Unknown,99,Unknown,99,Unknown EMS Scene Arrival Hour,99,Unknown EMS Scene Arrival Minutes,88,Not Applicable (Not Transported),88,Not Applicable (Not Transported),1
41,Oregon,410026,1,1,4,4,0,7,7,71,YAMHILL (71),0,NOT APPLICABLE,1,January,2,2,2,Monday,2023,19,7:00pm-7:59pm,1,1,SR-18 ODOT 39,,3,State Highway,2,Urban,3,Other Principal Arterial,1,State Highway Agency,1,This Section IS ON the NHS,0,No Special Jurisdiction,432,432,45.18265833,45.18265833,-123.22836944,-123.22836944,8,Pedestrian,0,The First Harmful Event was Not a Collision with a Motor Vehicle in Transport,0,No,1,Non-Junction,1,Not an Intersection,1,On Roadway,0,,2,Dark - Not Lighted,2,Rain,0,No,0000000,Not Applicable,19,7:00pm-7:59pm,7,7,19,7:00pm-7:59pm,10,10,99,Unknown,99,Unknown EMS Hospital Arrival Time,1
41,Oregon,410028,0,0,1,1,0,1,1,43,LINN (43),0,NOT APPLICABLE,1,January,30,30,2,Monday,2023,9,9:00am-9:59am,22,22,SCRAVEL HILL RD,,0,Not Signed,1,Rural,5,Major Collector,2,County Highway Agency,0,This Section IS NOT on the NHS,0,No Special Jurisdiction,42,42,44.70472222,44.70472222,-123.03151944,-123.03151944,32,Culvert,0,The First Harmful Event was Not a Collision with a Motor Vehicle in Transport,0,No,1,Non-Junction,1,Not an Intersection,4,On Roadside,0,,1,Daylight,1,Clear,0,No,0000000,Not Applicable,9,9:00am-9:59am,22,22,9,9:00am-9:59am,29,29,88,Not Applicable (Not Transported),88,Not Applicable (Not Transported),1
41,Oregon,410029,0,0,1,1,0,1,1,1,BAKER (1),0,NOT APPLICABLE,1,January,30,30,2,Monday,2023,4,4:00am-4:59am,33,33,SR-86 ODOT 12,,3,State Highway,1,Rural,5,Major Collector,1,State Highway Agency,0,This Section IS NOT on the NHS,0,No Special Jurisdiction,569,569,44.87732778,44.87732778,-117.04005556,-117.04005556,17,Boulder,0,The First Harmful Event was Not a Collision with a Motor Vehicle in Transport,0,No,1,Non-Junction,1,Not an Intersection,4,On Roadside,0,,2,Dark - Not Lighted,1,Clear,0,No,0000000,Not Applicable,4,4:00am-4:59am,31,31,4,4:00am-4:59am,48,48,99,Unknown,99,Unknown EMS Hospital Arrival Time,1
41,Oregon,410030,0,0,1,1,0,2,2,29,JACKSON (29),1310,MEDFORD,1,January,29,29,1,Sunday,2023,5,5:00am-5:59am,14,14,E MAIN ST,CRATER LAKE AVE,0,Not Signed,2,Urban,4,Minor Arterial,4,City or Municipal Highway Agency,0,This Section IS NOT on the NHS,0,No Special Jurisdiction,0,,42.32781389,42.32781389,-122.86231389,-122.86231389,33,Curb,0,The First Harmful Event was Not a Collision with a Motor Vehicle in Transport,0,No,3,Intersection-Related,3,T-Intersection,4,On Roadside,0,,3,Dark - Lighted,1,Clear,0,No,0000000,Not Applicable,99,Unknown,99,Unknown,99,Unknown EMS Scene Arrival Hour,99,Unknown EMS Scene Arrival Minutes,99,Unknown,99,Unknown EMS Hospital Arrival Time,1
41,Oregon,410031,0,0,2,2,0,2,2,43,LINN (43),2052,TANGENT,1,January,30,30,2,Monday,2023,14,2:00pm-2:59pm,30,30,SR-99E ODOT 58,,3,State Highway,2,Urban,3,Other Principal Arterial,1,State Highway Agency,1,This Section IS ON the NHS,0,No Special Jurisdiction,76,76,44.55551944,44.55551944,-123.10914722,-123.10914722,12,Motor Vehicle In-Transport,1,Front-to-Rear,0,No,1,Non-Junction,1,Not an Intersection,1,On Roadway,0,,1,Daylight,1,Clear,0,No,0000000,Not Applicable,14,2:00pm-2:59pm,35,35,14,2:00pm-2:59pm,38,38,88,Not Applicable (Not Transported),88,Not Applicable (Not Transported),1
41,Oregon,410032,0,0,2,2,0,2,2,71,YAMHILL (71),0,NOT APPLICABLE,1,January,30,30,2,Monday,2023,16,4:00pm-4:59pm,47,47,SR-18 ODOT 39,,3,State Highway,2,Urban,3,Other Principal Arterial,1,State Highway Agency,1,This Section IS ON the NHS,0,No Special Jurisdiction,514,514,45.224075,45.224075,-123.082675,-123.082675,12,Motor Vehicle In-Transport,2,Front-to-Front,0,No,1,Non-Junction,1,Not an Intersection,1,On Roadway,0,,1,Daylight,1,Clear,0,No,0000000,Not Applicable,16,4:00pm-4:59pm,27,27,16,4:00pm-4:59pm,30,30,88,Not Applicable (Not Transported),88,Not Applicable (Not Transported),1
41,Oregon,410033,0,0,2,2,0,5,5,43,LINN (43),0,NOT APPLICABLE,1,January,30,30,2,Monday,2023,19,7:00pm-7:59pm,27,27,SR-226 ODOT 211,,3,State Highway,1,Rural,4,Minor Arterial,1,State Highway Agency,0,This Section IS NOT on the NHS,0,No Special Jurisdiction,41,41,44.63194722,44.63194722,-122.86751111,-122.86751111,12,Motor Vehicle In-Transport,2,Front-to-Front,0,No,1,Non-Junction,1,Not an Intersection,1,On Roadway,0,,2,Dark - Not Lighted,1,Clear,0,No,0000000,Not Applicable,19,7:00pm-7:59pm,27,27,19,7:00pm-7:59pm,32,32,99,Unknown,99,Unknown EMS Hospital Arrival Time,4
41,Oregon,410035,0,0,2,2,0,3,3,43,LINN (43),0,NOT APPLICABLE,1,January,30,30,2,Monday,2023,15,3:00pm-3:59pm,10,10,LYONS MILL CITY DR,,0,Not Signed,1,Rural,5,Major Collector,2,County Highway Agency,0,This Section IS NOT on the NHS,0,No Special Jurisdiction,31,31,44.76301389,44.76301389,-122.55496667,-122.55496667,12,Motor Vehicle In-Transport,2,Front-to-Front,0,No,1,Non-Junction,1,Not an Intersection,1,On Roadway,0,,1,Daylight,1,Clear,0,No,0000000,Not Applicable,15,3:00pm-3:59pm,11,11,15,3:00pm-3:59pm,20,20,99,Unknown,99,Unknown EMS Hospital Arrival Time,1
41,Oregon,410036,0,0,2,2,0,5,5,67,WASHINGTON (67),180,BEAVERTON,2,February,1,1,4,Wednesday,2023,6,6:00am-6:59am,6,6,US-26 ODOT 47 CONN 1,US-26 ODOT 47 CONN 3,2,U.S. Highway,2,Urban,2,Other Freeways and Expressways,1,State Highway Agency,1,This Section IS ON the NHS,0,No Special Jurisdiction,671,671,45.52157222,45.52157222,-122.81576111,-122.81576111,12,Motor Vehicle In-Transport,6,Angle,1,Yes,2,Intersection,2,Four-Way Intersection,1,On Roadway,0,,3,Dark - Lighted,1,Clear,0,No,0000000,Not Applicable,6,6:00am-6:59am,6,6,6,6:00am-6:59am,10,10,88,Not Applicable (Not Transported),88,Not Applicable (Not Transported),1
41,Oregon,410038,0,0,1,1,0,1,1,19,DOUGLAS (19),0,NOT APPLICABLE,2,February,2,2,5,Thursday,2023,20,8:00pm-8:59pm,34,34,DOLE RD,,0,Not Signed,1,Rural,6,Minor Collector,2,County Highway Agency,0,This Section IS NOT on the NHS,0,No Special Jurisdiction,58,58,43.03201944,43.03201944,-123.30193056,-123.30193056,17,Boulder,0,The First Harmful Event was Not a Collision with a Motor Vehicle in Transport,0,No,1,Non-Junction,1,Not an Intersection,4,On Roadside,0,,2,Dark - Not Lighted,1,Clear,0,No,0000000,Not Applicable,20,8:00pm-8:59pm,34,34,20,8:00pm-8:59pm,40,40,88,Not Applicable (Not Transported),88,Not Applicable (Not Transported),1
41,Oregon,410039,1,1,1,1,0,1,1,51,MULTNOMAH (51),0,NOT APPLICABLE,2,February,3,3,6,Friday,2023,2,2:00am-2:59am,2,2,SE ORIENT DR,,0,Not Signed,2,Urban,4,Minor Arterial,2,County Highway Agency,0,This Section IS NOT on the NHS,0,No Special Jurisdiction,0,,45.469425,45.469425,-122.35997778,-122.35997778,8,Pedestrian,0,The First Harmful Event was Not a Collision with a Motor Vehicle in Transport,0,No,1,Non-Junction,1,Not an Intersection,1,On Roadway,0,,2,Dark - Not Lighted,10,Cloudy,0,No,0000000,Not Applicable,2,2:00am-2:59am,2,2,2,2:00am-2:59am,10,10,88,Not Applicable (Not Transported),88,Not Applicable (Not Transported),1
41,Oregon,410040,0,0,2,2,0,3,3,67,WASHINGTON (67),0,NOT APPLICABLE,2,February,3,3,6,Friday,2023,12,12:00pm-12:59pm,3,3,US-26 ODOT 47,,2,U.S. Highway,1,Rural,3,Other Principal Arterial,1,State Highway Agency,1,This Section IS ON the NHS,0,No Special Jurisdiction,404,404,45.73555833,45.73555833,-123.25806944,-123.25806944,12,Motor Vehicle In-Transport,2,Front-to-Front,0,No,1,Non-Junction,1,Not an Intersection,1,On Roadway,0,,1,Daylight,2,Rain,0,No,0000000,Not Applicable,11,11:00am-11:59am,57,57,12,12:00pm-12:59pm,22,22,99,Unknown,99,Unknown EMS Hospital Arrival Time,2
41,Oregon,410041,0,0,1,1,0,2,2,29,JACKSON (29),0,NOT APPLICABLE,2,February,3,3,6,Friday,2023,17,5:00pm-5:59pm,34,34,SR-238 ODOT 272,,3,State Highway,2,Urban,4,Minor Arterial,1,State Highway Agency,0,This Section IS NOT on the NHS,0,No Special Jurisdiction,318,318,42.30820833,42.30820833,-122.989725,-122.989725,42,Tree (Standing Only),0,The First Harmful Event was Not a Collision with a Motor Vehicle in Transport,0,No,1,Non-Junction,1,Not an Intersection,4,On Roadside,0,,5,Dusk,10,Cloudy,0,No,0000000,Not Applicable,17,5:00pm-5:59pm,34,34,17,5:00pm-5:59pm,38,38,99,Unknown,99,Unknown EMS Hospital Arrival Time,1
41,Oregon,410042,0,0,1,1,0,1,1,47,MARION (47),0,NOT APPLICABLE,2,February,4,4,7,Saturday,2023,19,7:00pm-7:59pm,24,24,SR-99E ODOT 81,,3,State Highway,2,Urban,4,Minor Arterial,1,State Highway Agency,0,This Section IS NOT on the NHS,0,No Special Jurisdiction,427,427,45.02771944,45.02771944,-122.97241667,-122.97241667,42,Tree (Standing Only),0,The First Harmful Event was Not a Collision with a Motor Vehicle in Transport,0,No,1,Non-Junction,1,Not an Intersection,4,On Roadside,0,,2,Dark - Not Lighted,10,Cloudy,0,No,0000000,Not Applicable,19,7:00pm-7:59pm,24,24,19,7:00pm-7:59pm,29,29,88,Not Applicable (Not Transported),88,Not Applicable (Not Transported),1
41,Oregon,410043,0,0,1,1,0,1,1,19,DOUGLAS (19),0,NOT APPLICABLE,2,February,4,4,7,Saturday,2023,17,5:00pm-5:59pm,40,40,HUBBARD CREEK RD,,0,Not Signed,1,Rural,6,Minor Collector,2,County Highway Agency,0,This Section IS NOT on the NHS,0,No Special Jurisdiction,236,236,43.33525556,43.33525556,-123.59146944,-123.59146944,42,Tree (Standing Only),0,The First Harmful Event was Not a Collision with a Motor Vehicle in Transport,0,No,1,Non-Junction,1,Not an Intersection,4,On Roadside,0,,5,Dusk,10,Cloudy,0,No,0000000,Not Applicable,17,5:00pm-5:59pm,40,40,18,6:00pm-6:59pm,8,8,88,Not Applicable (Not Transported),88,Not Applicable (Not Transported),1
41,Oregon,410044,0,0,1,1,0,1,1,71,YAMHILL (71),0,NOT APPLICABLE,2,February,7,7,3,Tuesday,2023,10,10:00am-10:59am,20,20,SR-240 ODOT 151,,3,State Highway,1,Rural,4,Minor Arterial,1,State Highway Agency,0,This Section IS NOT on the NHS,0,No Special Jurisdiction,42,42,45.32820833,45.32820833,-123.10959167,-123.10959167,42,Tree (Standing Only),0,The First Harmful Event was Not a Collision with a Motor Vehicle in Transport,0,No,1,Non-Junction,1,Not an Intersection,4,On Roadside,0,,1,Daylight,2,Rain,0,No,0000000,Not Applicable,10,10:00am-10:59am,23,23,10,10:00am-10:59am,38,38,88,Not Applicable (Not Transported),88,Not Applicable (Not Transported),1
41,Oregon,410045,0,0,1,1,0,1,1,43,LINN (43),0,NOT APPLICABLE,2,February,8,8,4,Wednesday,2023,6,6:00am-6:59am,5,5,SR-228 ODOT 212,,3,State Highway,1,Rural,4,Minor Arterial,1,State Highway Agency,0,This Section IS NOT on the NHS,0,No Special Jurisdiction,192,192,44.38232222,44.38232222,-122.76635,-122.76635,42,Tree (Standing Only),0,The First Harmful Event was Not a Collision with a Motor Vehicle in Transport,0,No,1,Non-Junction,1,Not an Intersection,4,On Roadside,0,,2,Dark - Not Lighted,5,"Fog, Smog, Smoke",0,No,0000000,Not Applicable,6,6:00am-6:59am,5,5,6,6:00am-6:59am,14,14,88,Not Applicable (Not Transported),88,Not Applicable (Not Transported),1
41,Oregon,410046,0,0,1,1,0,1,1,9,COLUMBIA (9),0,NOT APPLICABLE,2,February,6,6,2,Monday,2023,13,1:00pm-1:59pm,15,15,SCAPPOOSE VERONIA HWY,,0,Not Signed,1,Rural,4,Minor Arterial,2,County Highway Agency,0,This Section IS NOT on the NHS,0,No Special Jurisdiction,14,14,45.88739722,45.88739722,-123.12916944,-123.12916944,1,Rollover/Overturn,0,The First Harmful Event was Not a Collision with a Motor Vehicle in Transport,0,No,1,Non-Junction,1,Not an Intersection,4,On Roadside,0,,1,Daylight,2,Rain,0,No,0000000,Not Applicable,99,Unknown,99,Unknown,99,Unknown EMS Scene Arrival Hour,99,Unknown EMS Scene Arrival Minutes,88,Not Applicable (Not Transported),88,Not Applicable (Not Transported),1
41,Oregon,410047,1,1,1,1,0,1,1,51,MULTNOMAH (51),880,GRESHAM,2,February,8,8,4,Wednesday,2023,17,5:00pm-5:59pm,49,49,SE STARK ST,,0,Not Signed,2,Urban,4,Minor Arterial,4,City or Municipal Highway Agency,0,This Section IS NOT on the NHS,0,No Special Jurisdiction,0,,45.51917778,45.51917778,-122.46593056,-122.46593056,8,Pedestrian,0,The First Harmful Event was Not a Collision with a Motor Vehicle in Transport,0,No,1,Non-Junction,1,Not an Intersection,1,On Roadway,0,,5,Dusk,1,Clear,0,No,0000000,Not Applicable,17,5:00pm-5:59pm,49,49,17,5:00pm-5:59pm,54,54,88,Not Applicable (Not Transported),88,Not Applicable (Not Transported),1
41,Oregon,410048,0,0,2,2,0,2,2,47,MARION (47),0,NOT APPLICABLE,2,February,8,8,4,Wednesday,2023,7,7:00am-7:59am,5,5,STAYTON RD SE,,0,Not Signed,1,Rural,4,Minor Arterial,2,County Highway Agency,0,This Section IS NOT on the NHS,0,No Special Jurisdiction,48,48,44.77899722,44.77899722,-122.85867222,-122.85867222,12,Motor Vehicle In-Transport,6,Angle,0,No,1,Non-Junction,1,Not an Intersection,1,On Roadway,0,,2,Dark - Not Lighted,5,"Fog, Smog, Smoke",0,No,0000000,Not Applicable,7,7:00am-7:59am,5,5,7,7:00am-7:59am,10,10,88,Not Applicable (Not Transported),88,Not Applicable (Not Transported),1
41,Oregon,410049,0,0,2,2,0,2,2,39,LANE (39),0,NOT APPLICABLE,2,February,8,8,4,Wednesday,2023,9,9:00am-9:59am,3,3,SR-58 ODOT 18,,3,State Highway,1,Rural,3,Other Principal Arterial,1,State Highway Agency,1,This Section IS ON the NHS,0,No Special Jurisdiction,590,590,43.61798611,43.61798611,-122.08096111,-122.08096111,12,Motor Vehicle In-Transport,6,Angle,0,No,1,Non-Junction,1,Not an Intersection,1,On Roadway,0,,1,Daylight,10,Cloudy,0,No,0000000,Not Applicable,9,9:00am-9:59am,3,3,9,9:00am-9:59am,35,35,88,Not Applicable (Not Transported),88,Not Applicable (Not Transported),1
41,Oregon,410050,0,0,2,2,0,2,2,19,DOUGLAS (19),0,NOT APPLICABLE,2,February,9,9,5,Thursday,2023,10,10:00am-10:59am,14,14,US-101 ODOT 9,,2,U.S. Highway,1,Rural,3,Other Principal Arterial,1,State Highway Agency,1,This Section IS ON the NHS,0,No Special Jurisdiction,2136,2136,43.68941944,43.68941944,-124.14163611,-124.14163611,12,Motor Vehicle In-Transport,2,Front-to-Front,0,No,8,Driveway Access Related,1,Not an Intersection,1,On Roadway,0,,1,Daylight,1,Clear,0,No,0000000,Not Applicable,10,10:00am-10:59am,20,20,10,10:00am-10:59am,40,40,11,11:00am-11:59am,17,17,2
41,Oregon,410051,0,0,2,2,0,2,2,3,BENTON (3),0,NOT APPLICABLE,2,February,10,10,6,Friday,2023,18,6:00pm-6:59pm,40,40,SR-99W ODOT 91,,3,State Highway,1,Rural,4,Minor Arterial,1,State Highway Agency,0,This Section IS NOT on the NHS,0,No Special Jurisdiction,884,884,44.49513889,44.49513889,-123.27114722,-123.27114722,12,Motor Vehicle In-Transport,2,Front-to-Front,0,No,1,Non-Junction,1,Not an Intersection,1,On Roadway,0,,2,Dark - Not Lighted,1,Clear,0,No,0000000,Not Applicable,18,6:00pm-6:59pm,40,40,18,6:00pm-6:59pm,48,48,99,Unknown,99,Unknown EMS Hospital Arrival Time,1
41,Oregon,410052,0,0,1,1,0,2,2,39,LANE (39),0,NOT APPLICABLE,2,February,11,11,7,Saturday,2023,18,6:00pm-6:59pm,58,58,ROW RIVER RD,,0,Not Signed,1,Rural,5,Major Collector,2,County Highway Agency,0,This Section IS NOT on the NHS,0,No Special Jurisdiction,127,127,43.73771389,43.73771389,-122.87823056,-122.87823056,1,Rollover/Overturn,0,The First Harmful Event was Not a Collision with a Motor Vehicle in Transport,0,No,1,Non-Junction,1,Not an Intersection,4,On Roadside,0,,2,Dark - Not Lighted,99,Reported as Unknown,0,No,0000000,Not Applicable,19,7:00pm-7:59pm,17,17,19,7:00pm-7:59pm,17,17,99,Unknown,99,Unknown EMS Hospital Arrival Time,1
41,Oregon,410053,0,0,1,1,0,1,1,1,BAKER (1),0,NOT APPLICABLE,2,February,13,13,2,Monday,2023,19,7:00pm-7:59pm,30,30,SR-7 ODOT 71,,3,State Highway,1,Rural,4,Minor Arterial,1,State Highway Agency,0,This Section IS NOT on the NHS,0,No Special Jurisdiction,439,439,44.682475,44.682475,-117.86176389,-117.86176389,35,Embankment,0,The First Harmful Event was Not a Collision with a Motor Vehicle in Transport,0,No,1,Non-Junction,1,Not an Intersection,4,On Roadside,0,,2,Dark - Not Lighted,4,Snow,0,No,0000000,Not Applicable,19,7:00pm-7:59pm,39,39,19,7:00pm-7:59pm,40,40,88,Not Applicable (Not Transported),88,Not Applicable (Not Transported),1
41,Oregon,410054,0,0,2,2,0,2,2,71,YAMHILL (71),1260,MCMINNVILLE,2,February,14,14,3,Tuesday,2023,6,6:00am-6:59am,46,46,SR-18 ODOT 39,,3,State Highway,2,Urban,3,Other Principal Arterial,1,State Highway Agency,1,This Section IS ON the NHS,0,No Special Jurisdiction,484,484,45.20201667,45.20201667,-123.13095556,-123.13095556,12,Motor Vehicle In-Transport,6,Angle,0,No,1,Non-Junction,1,Not an Intersection,1,On Roadway,0,,4,Dawn,5,"Fog, Smog, Smoke",0,No,0000000,Not Applicable,6,6:00am-6:59am,50,50,6,6:00am-6:59am,57,57,99,Unknown,99,Unknown EMS Hospital Arrival Time,1
41,Oregon,410055,1,1,1,1,0,1,1,17,DESCHUTES (17),190,BEND,2,February,14,14,3,Tuesday,2023,0,0:00am-0:59am,24,24,BOYD ACRES RD,MURRAY RD,0,Not Signed,2,Urban,4,Minor Arterial,4,City or Municipal Highway Agency,0,This Section IS NOT on the NHS,0,No Special Jurisdiction,0,,44.08381389,44.08381389,-121.29555278,-121.29555278,8,Pedestrian,0,The First Harmful Event was Not a Collision with a Motor Vehicle in Transport,0,No,3,Intersection-Related,3,T-Intersection,1,On Roadway,0,,3,Dark - Lighted,1,Clear,0,No,0000000,Not Applicable,0,0:00am-0:59am,26,26,0,0:00am-0:59am,33,33,88,Not Applicable (Not Transported),88,Not Applicable (Not Transported),1
41,Oregon,410056,1,1,1,1,0,2,2,51,MULTNOMAH (51),1650,PORTLAND,2,February,14,14,3,Tuesday,2023,7,7:00am-7:59am,26,26,NE PACIFIC ST,GATEWAY TC,0,Not Signed,2,Urban,7,Local,4,City or Municipal Highway Agency,0,This Section IS NOT on the NHS,0,No Special Jurisdiction,0,,45.52947222,45.52947222,-122.56290556,-122.56290556,8,Pedestrian,0,The First Harmful Event was Not a Collision with a Motor Vehicle in Transport,0,No,3,Intersection-Related,3,T-Intersection,1,On Roadway,0,,1,Daylight,10,Cloudy,0,No,0000000,Not Applicable,7,7:00am-7:59am,26,26,7,7:00am-7:59am,33,33,88,Not Applicable (Not Transported),88,Not Applicable (Not Transported),1
41,Oregon,410057,0,0,1,1,0,1,1,59,UMATILLA (59),0,NOT APPLICABLE,2,February,15,15,4,Wednesday,2023,21,9:00pm-9:59pm,28,28,I-84,,1,Interstate,1,Rural,1,Interstate,1,State Highway Agency,1,This Section IS ON the NHS,0,No Special Jurisdiction,2163,2163,45.634925,45.634925,-118.67890278,-118.67890278,1,Rollover/Overturn,0,The First Harmful Event was Not a Collision with a Motor Vehicle in Transport,0,No,1,Non-Junction,1,Not an Intersection,3,On Median,0,,3,Dark - Lighted,1,Clear,0,No,0000000,Not Applicable,21,9:00pm-9:59pm,28,28,21,9:00pm-9:59pm,35,35,88,Not Applicable (Not Transported),88,Not Applicable (Not Transported),1
41,Oregon,410058,0,0,2,2,0,3,3,67,WASHINGTON (67),0,NOT APPLICABLE,2,February,17,17,6,Friday,2023,15,3:00pm-3:59pm,4,4,SR-47 ODOT 102,,3,State Highway,1,Rural,4,Minor Arterial,1,State Highway Agency,0,This Section IS NOT on the NHS,0,No Special Jurisdiction,733,733,45.72980833,45.72980833,-123.19891944,-123.19891944,12,Motor Vehicle In-Transport,8,Sideswipe - Opposite Direction,0,No,1,Non-Junction,1,Not an Intersection,1,On Roadway,0,,1,Daylight,10,Cloudy,0,No,0000000,Not Applicable,15,3:00pm-3:59pm,5,5,15,3:00pm-3:59pm,20,20,99,Unknown,99,Unknown EMS Hospital Arrival Time,2
41,Oregon,410059,0,0,2,2,0,3,3,51,MULTNOMAH (51),1650,PORTLAND,2,February,18,18,7,Saturday,2023,23,11:00pm-11:59pm,54,54,N MARINE DR,,0,Not Signed,2,Urban,4,Minor Arterial,4,City or Municipal Highway Agency,1,This Section IS ON the NHS,0,No Special Jurisdiction,0,,45.62228056,45.62228056,-122.73041667,-122.73041667,12,Motor Vehicle In-Transport,1,Front-to-Rear,0,No,1,Non-Junction,1,Not an Intersection,1,On Roadway,0,,3,Dark - Lighted,10,Cloudy,0,No,0000000,Not Applicable,23,11:00pm-11:59pm,54,54,0,0:00am-0:59am,12,12,0,0:00am-0:59am,35,35,1
41,Oregon,410060,1,1,2,2,0,1,1,9,COLUMBIA (9),0,NOT APPLICABLE,2,February,19,19,1,Sunday,2023,18,6:00pm-6:59pm,23,23,US-30 ODOT 92,,2,U.S. Highway,1,Rural,3,Other Principal Arterial,1,State Highway Agency,1,This Section IS ON the NHS,0,No Special Jurisdiction,603,603,46.10291667,46.10291667,-123.18036667,-123.18036667,8,Pedestrian,0,The First Harmful Event was Not a Collision with a Motor Vehicle in Transport,0,No,1,Non-Junction,1,Not an Intersection,1,On Roadway,0,,2,Dark - Not Lighted,2,Rain,0,No,0000000,Not Applicable,18,6:00pm-6:59pm,23,23,18,6:00pm-6:59pm,27,27,99,Unknown,99,Unknown EMS Hospital Arrival Time,1
41,Oregon,410061,2,2,1,1,0,1,1,31,JEFFERSON (31),1270,MADRAS,2,February,6,6,2,Monday,2023,18,6:00pm-6:59pm,15,15,SR-361 ODOT 361,,3,State Highway,2,Urban,5,Major Collector,1,State Highway Agency,0,This Section IS NOT on the NHS,0,No Special Jurisdiction,12,12,44.61923056,44.61923056,-121.14193333,-121.14193333,8,Pedestrian,0,The First Harmful Event was Not a Collision with a Motor Vehicle in Transport,0,No,1,Non-Junction,1,Not an Intersection,1,On Roadway,0,,3,Dark - Lighted,1,Clear,0,No,0000000,Not Applicable,18,6:00pm-6:59pm,16,16,18,6:00pm-6:59pm,20,20,99,Unknown,99,Unknown EMS Hospital Arrival Time,1
41,Oregon,410062,1,1,1,1,0,1,1,67,WASHINGTON (67),0,NOT APPLICABLE,2,February,17,17,6,Friday,2023,16,4:00pm-4:59pm,28,28,SR-8 NW GALES CREEK RD,,3,State Highway,1,Rural,4,Minor Arterial,2,County Highway Agency,0,This Section IS NOT on the NHS,0,No Special Jurisdiction,0,,45.59757778,45.59757778,-123.21923333,-123.21923333,8,Pedestrian,0,The First Harmful Event was Not a Collision with a Motor Vehicle in Transport,0,No,1,Non-Junction,1,Not an Intersection,1,On Roadway,0,,1,Daylight,10,Cloudy,0,No,0000000,Not Applicable,16,4:00pm-4:59pm,28,28,16,4:00pm-4:59pm,40,40,88,Not Applicable (Not Transported),88,Not Applicable (Not Transported),1
41,Oregon,410063,1,1,1,1,0,1,1,67,WASHINGTON (67),1000,HILLSBORO,2,February,13,13,2,Monday,2023,5,5:00am-5:59am,32,32,NE CORNELL RD,NE STUCKI AVE,0,Not Signed,2,Urban,4,Minor Arterial,4,City or Municipal Highway Agency,0,This Section IS NOT on the NHS,0,No Special Jurisdiction,0,,45.53473611,45.53473611,-122.877975,-122.877975,8,Pedestrian,0,The First Harmful Event was Not a Collision with a Motor Vehicle in Transport,0,No,3,Intersection-Related,2,Four-Way Intersection,1,On Roadway,0,,3,Dark - Lighted,10,Cloudy,0,No,0000000,Not Applicable,5,5:00am-5:59am,33,33,5,5:00am-5:59am,38,38,6,6:00am-6:59am,5,5,1
41,Oregon,410064,0,0,2,2,0,3,3,65,WASCO (65),0,NOT APPLICABLE,2,February,21,21,3,Tuesday,2023,9,9:00am-9:59am,35,35,US-97 ODOT 42,US-197 ODOT 042,2,U.S. Highway,1,Rural,3,Other Principal Arterial,1,State Highway Agency,1,This Section IS ON the NHS,0,No Special Jurisdiction,686,686,44.91948611,44.91948611,-120.94532222,-120.94532222,12,Motor Vehicle In-Transport,2,Front-to-Front,0,No,2,Intersection,3,T-Intersection,1,On Roadway,0,,1,Daylight,1,Clear,0,No,0000000,Not Applicable,9,9:00am-9:59am,38,38,10,10:00am-10:59am,3,3,88,Not Applicable (Not Transported),88,Not Applicable (Not Transported),1
41,Oregon,410065,1,1,1,1,0,1,1,39,LANE (39),660,EUGENE,2,February,23,23,5,Thursday,2023,20,8:00pm-8:59pm,54,54,SR-99 HWY 99N,,3,State Highway,2,Urban,3,Other Principal Arterial,4,City or Municipal Highway Agency,1,This Section IS ON the NHS,0,No Special Jurisdiction,0,,44.07324722,44.07324722,-123.14576667,-123.14576667,8,Pedestrian,0,The First Harmful Event was Not a Collision with a Motor Vehicle in Transport,0,No,1,Non-Junction,1,Not an Intersection,1,On Roadway,0,,3,Dark - Lighted,10,Cloudy,0,No,0000000,Not Applicable,20,8:00pm-8:59pm,55,55,20,8:00pm-8:59pm,59,59,88,Not Applicable (Not Transported),88,Not Applicable (Not Transported),1
41,Oregon,410066,0,1,2,1,1,6,5,5,CLACKAMAS (5),0,NOT APPLICABLE,2,February,25,25,7,Saturday,2023,15,3:00pm-3:59pm,35,35,US-26 ODOT 53,,2,U.S. Highway,1,Rural,3,Other Principal Arterial,1,State Highway Agency,1,This Section IS ON the NHS,0,No Special Jurisdiction,595,595,45.264325,45.264325,-121.71618333,-121.71618333,45,Working Motor Vehicle,0,The First Harmful Event was Not a Collision with a Motor Vehicle in Transport,0,No,1,Non-Junction,1,Not an Intersection,1,On Roadway,2,Maintenance,1,Daylight,1,Clear,0,No,0000000,Not Applicable,15,3:00pm-3:59pm,40,40,15,3:00pm-3:59pm,54,54,99,Unknown,99,Unknown EMS Hospital Arrival Time,2
41,Oregon,410067,0,0,1,1,0,1,1,59,UMATILLA (59),2120,UMATILLA,2,February,26,26,1,Sunday,2023,20,8:00pm-8:59pm,44,44,POWELINE RD,,0,Not Signed,2,Urban,5,Major Collector,4,City or Municipal Highway Agency,0,This Section IS NOT on the NHS,0,No Special Jurisdiction,0,,45.91111944,45.91111944,-119.34453056,-119.34453056,17,Boulder,0,The First Harmful Event was Not a Collision with a Motor Vehicle in Transport,0,No,1,Non-Junction,1,Not an Intersection,4,On Roadside,0,,2,Dark - Not Lighted,1,Clear,0,No,0000000,Not Applicable,20,8:00pm-8:59pm,44,44,20,8:00pm-8:59pm,50,50,88,Not Applicable (Not Transported),88,Not Applicable (Not Transported),1
41,Oregon,410068,1,1,1,1,0,1,1,51,MULTNOMAH (51),880,GRESHAM,2,February,20,20,2,Monday,2023,14,2:00pm-2:59pm,42,42,E BURNSIDE RD,,0,Not Signed,2,Urban,7,Local,4,City or Municipal Highway Agency,0,This Section IS NOT on the NHS,0,No Special Jurisdiction,0,,45.52223889,45.52223889,-122.48943889,-122.48943889,53,Mail Box,0,The First Harmful Event was Not a Collision with a Motor Vehicle in Transport,0,No,1,Non-Junction,1,Not an Intersection,4,On Roadside,0,,1,Daylight,1,Clear,0,No,0000000,Not Applicable,14,2:00pm-2:59pm,45,45,14,2:00pm-2:59pm,45,45,99,Unknown,99,Unknown EMS Hospital Arrival Time,1
41,Oregon,410069,0,0,1,1,0,1,1,19,DOUGLAS (19),0,NOT APPLICABLE,2,February,23,23,5,Thursday,2023,7,7:00am-7:59am,48,48,BROCKWAY RD,,0,Not Signed,1,Rural,4,Minor Arterial,2,County Highway Agency,0,This Section IS NOT on the NHS,0,No Special Jurisdiction,1,1,43.09773889,43.09773889,-123.42998611,-123.42998611,23,Bridge Rail (Includes parapet),0,The First Harmful Event was Not a Collision with a Motor Vehicle in Transport,0,No,1,Non-Junction,1,Not an Intersection,4,On Roadside,0,,2,Dark - Not Lighted,4,Snow,0,No,0000000,Not Applicable,7,7:00am-7:59am,53,53,8,8:00am-8:59am,3,3,88,Not Applicable (Not Transported),88,Not Applicable (Not Transported),1
41,Oregon,410071,0,0,2,2,0,2,2,51,MULTNOMAH (51),1650,PORTLAND,2,February,24,24,6,Friday,2023,20,8:00pm-8:59pm,35,35,NE MARINE DR,,0,Not Signed,2,Urban,5,Major Collector,4,City or Municipal Highway Agency,0,This Section IS NOT on the NHS,0,No Special Jurisdiction,0,,45.59246667,45.59246667,-122.58329167,-122.58329167,12,Motor Vehicle In-Transport,8,Sideswipe - Opposite Direction,0,No,1,Non-Junction,1,Not an Intersection,1,On Roadway,0,,2,Dark - Not Lighted,10,Cloudy,0,No,0000000,Not Applicable,99,Unknown,99,Unknown,99,Unknown EMS Scene Arrival Hour,99,Unknown EMS Scene Arrival Minutes,88,Not Applicable (Not Transported),88,Not Applicable (Not Transported),1
41,Oregon,410072,0,0,2,2,0,4,4,3,BENTON (3),0,NOT APPLICABLE,2,February,25,25,7,Saturday,2023,9,9:00am-9:59am,40,40,SR-99W ODOT 91,DAWSON RD,3,State Highway,1,Rural,4,Minor Arterial,1,State Highway Agency,0,This Section IS NOT on the NHS,0,No Special Jurisdiction,976,976,44.36302222,44.36302222,-123.29160556,-123.29160556,12,Motor Vehicle In-Transport,6,Angle,0,No,2,Intersection,2,Four-Way Intersection,1,On Roadway,0,,1,Daylight,1,Clear,0,No,0000000,Not Applicable,9,9:00am-9:59am,43,43,9,9:00am-9:59am,49,49,99,Unknown,99,Unknown EMS Hospital Arrival Time,1
41,Oregon,410075,0,0,1,1,0,1,1,33,JOSEPHINE (33),0,NOT APPLICABLE,1,January,28,28,7,Saturday,2023,20,8:00pm-8:59pm,40,40,SR-238 ODOT 272,,3,State Highway,1,Rural,4,Minor Arterial,1,State Highway Agency,0,This Section IS NOT on the NHS,0,No Special Jurisdiction,80,80,42.34212222,42.34212222,-123.31265278,-123.31265278,1,Rollover/Overturn,0,The First Harmful Event was Not a Collision with a Motor Vehicle in Transport,0,No,1,Non-Junction,1,Not an Intersection,2,On Shoulder,0,,2,Dark - Not Lighted,1,Clear,0,No,0000000,Not Applicable,20,8:00pm-8:59pm,45,45,20,8:00pm-8:59pm,54,54,21,9:00pm-9:59pm,57,57,1
41,Oregon,410076,0,0,3,3,0,6,6,43,LINN (43),0,NOT APPLICABLE,2,February,7,7,3,Tuesday,2023,13,1:00pm-1:59pm,45,45,SR-22 ODOT 162,,3,State Highway,1,Rural,3,Other Principal Arterial,1,State Highway Agency,1,This Section IS ON the NHS,0,No Special Jurisdiction,708,708,44.56754444,44.56754444,-122.00055556,-122.00055556,12,Motor Vehicle In-Transport,6,Angle,0,No,1,Non-Junction,1,Not an Intersection,1,On Roadway,0,,1,Daylight,10,Cloudy,0,No,0000000,Not Applicable,13,1:00pm-1:59pm,99,Unknown,13,1:00pm-1:59pm,50,50,15,3:00pm-3:59pm,59,59,1
41,Oregon,410077,0,0,1,1,0,2,2,31,JEFFERSON (31),0,NOT APPLICABLE,3,March,3,3,6,Friday,2023,2,2:00am-2:59am,54,54,US-26 ODOT 53,,2,U.S. Highway,1,Rural,3,Other Principal Arterial,1,State Highway Agency,1,This Section IS ON the NHS,0,No Special Jurisdiction,1053,1053,44.76042778,44.76042778,-121.2274,-121.2274,34,Ditch,0,The First Harmful Event was Not a Collision with a Motor Vehicle in Transport,0,No,1,Non-Junction,1,Not an Intersection,4,On Roadside,0,,2,Dark - Not Lighted,1,Clear,0,No,0000000,Not Applicable,3,3:00am-3:59am,10,10,3,3:00am-3:59am,41,41,99,Unknown,99,Unknown EMS Hospital Arrival Time,1
41,Oregon,410078,0,0,1,1,0,1,1,51,MULTNOMAH (51),0,NOT APPLICABLE,3,March,4,4,7,Saturday,2023,7,7:00am-7:59am,15,15,I-84,,1,Interstate,1,Rural,1,Interstate,1,State Highway Agency,1,This Section IS ON the NHS,0,No Special Jurisdiction,230,230,45.54168333,45.54168333,-122.28178056,-122.28178056,24,Guardrail Face,0,The First Harmful Event was Not a Collision with a Motor Vehicle in Transport,0,No,1,Non-Junction,1,Not an Intersection,4,On Roadside,0,,1,Daylight,3,Sleet or Hail,0,No,0000000,Not Applicable,7,7:00am-7:59am,15,15,7,7:00am-7:59am,24,24,88,Not Applicable (Not Transported),88,Not Applicable (Not Transported),1
41,Oregon,410079,0,0,1,1,0,2,2,47,MARION (47),0,NOT APPLICABLE,3,March,3,3,6,Friday,2023,3,3:00am-3:59am,0,0,LANCASTER DR NE,,0,Not Signed,2,Urban,3,Other Principal Arterial,2,County Highway Agency,1,This Section IS ON the NHS,0,No Special Jurisdiction,17,17,44.93754444,44.93754444,-122.98282778,-122.98282778,59,Traffic Sign Support,0,The First Harmful Event was Not a Collision with a Motor Vehicle in Transport,0,No,1,Non-Junction,1,Not an Intersection,4,On Roadside,0,,3,Dark - Lighted,10,Cloudy,0,No,0000000,Not Applicable,3,3:00am-3:59am,16,16,3,3:00am-3:59am,22,22,99,Unknown,99,Unknown EMS Hospital Arrival Time,1
41,Oregon,410080,1,1,1,1,0,1,1,51,MULTNOMAH (51),1650,PORTLAND,3,March,4,4,7,Saturday,2023,18,6:00pm-6:59pm,29,29,US-30 ODOT 123,NE 162ND AVE,2,U.S. Highway,2,Urban,3,Other Principal Arterial,1,State Highway Agency,1,This Section IS ON the NHS,0,No Special Jurisdiction,145,145,45.5494,45.5494,-122.49600556,-122.49600556,8,Pedestrian,0,The First Harmful Event was Not a Collision with a Motor Vehicle in Transport,0,No,3,Intersection-Related,3,T-Intersection,1,On Roadway,0,,8,Not Reported,10,Cloudy,0,No,0000000,Not Applicable,18,6:00pm-6:59pm,30,30,99,Unknown EMS Scene Arrival Hour,99,Unknown EMS Scene Arrival Minutes,88,Not Applicable (Not Transported),88,Not Applicable (Not Transported),1
41,Oregon,410081,0,0,2,2,0,5,5,5,CLACKAMAS (5),1580,OREGON CITY,2,February,17,17,6,Friday,2023,20,8:00pm-8:59pm,10,10,SR-213 FRONTAGE RD ODOT 64,,3,State Highway,2,Urban,3,Other Principal Arterial,1,State Highway Agency,1,This Section IS ON the NHS,0,No Special Jurisdiction,101,101,45.37396111,45.37396111,-122.58678056,-122.58678056,12,Motor Vehicle In-Transport,8,Sideswipe - Opposite Direction,0,No,1,Non-Junction,1,Not an Intersection,1,On Roadway,0,,1,Daylight,1,Clear,0,No,0000000,Not Applicable,20,8:00pm-8:59pm,16,16,20,8:00pm-8:59pm,21,21,20,8:00pm-8:59pm,29,29,1
41,Oregon,410082,0,0,2,2,0,3,3,19,DOUGLAS (19),0,NOT APPLICABLE,3,March,9,9,5,Thursday,2023,13,1:00pm-1:59pm,29,29,SR-42 ODOT 35,,3,State Highway,1,Rural,3,Other Principal Arterial,1,State Highway Agency,1,This Section IS ON the NHS,0,No Special Jurisdiction,680,680,43.11638889,43.11638889,-123.50113333,-123.50113333,12,Motor Vehicle In-Transport,2,Front-to-Front,0,No,1,Non-Junction,1,Not an Intersection,1,On Roadway,0,,1,Daylight,10,Cloudy,0,No,0000000,Not Applicable,13,1:00pm-1:59pm,29,29,13,1:00pm-1:59pm,40,40,99,Unknown,99,Unknown EMS Hospital Arrival Time,1
41,Oregon,410084,0,0,1,1,0,1,1,35,KLAMATH (35),1170,KLAMATH FALLS,2,February,2,2,5,Thursday,2023,16,4:00pm-4:59pm,59,59,SR-39 ODOT 50,,3,State Highway,2,Urban,3,Other Principal Arterial,1,State Highway Agency,1,This Section IS ON the NHS,0,No Special Jurisdiction,33,33,42.21864444,42.21864444,-121.74920833,-121.74920833,42,Tree (Standing Only),0,The First Harmful Event was Not a Collision with a Motor Vehicle in Transport,0,No,1,Non-Junction,1,Not an Intersection,4,On Roadside,0,,1,Daylight,1,Clear,0,No,0000000,Not Applicable,99,Unknown,99,Unknown,17,5:00pm-5:59pm,5,5,88,Not Applicable (Not Transported),88,Not Applicable (Not Transported),1
41,Oregon,410085,0,0,1,1,0,1,1,19,DOUGLAS (19),0,NOT APPLICABLE,3,March,9,9,5,Thursday,2023,17,5:00pm-5:59pm,41,41,HAYHURST RD,,0,Not Signed,1,Rural,6,Minor Collector,2,County Highway Agency,0,This Section IS NOT on the NHS,0,No Special Jurisdiction,8,8,43.59051389,43.59051389,-123.30506944,-123.30506944,38,Fence,0,The First Harmful Event was Not a Collision with a Motor Vehicle in Transport,0,No,1,Non-Junction,1,Not an Intersection,4,On Roadside,0,,5,Dusk,10,Cloudy,0,No,0000000,Not Applicable,17,5:00pm-5:59pm,41,41,17,5:00pm-5:59pm,48,48,88,Not Applicable (Not Transported),88,Not Applicable (Not Transported),1
41,Oregon,410086,0,0,2,2,0,2,2,1,BAKER (1),0,NOT APPLICABLE,3,March,12,12,1,Sunday,2023,13,1:00pm-1:59pm,0,0,SR-203 ODOT 340,I-84 RAMP,3,State Highway,1,Rural,5,Major Collector,1,State Highway Agency,0,This Section IS NOT on the NHS,0,No Special Jurisdiction,386,386,44.86163611,44.86163611,-117.81800556,-117.81800556,12,Motor Vehicle In-Transport,6,Angle,1,Yes,2,Intersection,2,Four-Way Intersection,1,On Roadway,0,,1,Daylight,10,Cloudy,0,No,0000000,Not Applicable,13,1:00pm-1:59pm,0,0,13,1:00pm-1:59pm,10,10,99,Unknown,99,Unknown EMS Hospital Arrival Time,1
41,Oregon,410087,0,0,1,1,0,1,1,51,MULTNOMAH (51),1650,PORTLAND,3,March,14,14,3,Tuesday,2023,99,Unknown Hours,99,Unknown Minutes,NE MARINE DR,,0,Not Signed,2,Urban,5,Major Collector,4,City or Municipal Highway Agency,0,This Section IS NOT on the NHS,0,No Special Jurisdiction,0,,45.55861389,45.55861389,-122.47920833,-122.47920833,1,Rollover/Overturn,0,The First Harmful Event was Not a Collision with a Motor Vehicle in Transport,0,No,1,Non-Junction,1,Not an Intersection,4,On Roadside,0,,9,Reported as Unknown,1,Clear,0,No,0000000,Not Applicable,99,Unknown,99,Unknown,99,Unknown EMS Scene Arrival Hour,99,Unknown EMS Scene Arrival Minutes,88,Not Applicable (Not Transported),88,Not Applicable (Not Transported),1
41,Oregon,410090,0,0,3,3,0,5,5,41,LINCOLN (41),0,NOT APPLICABLE,3,March,15,15,4,Wednesday,2023,15,3:00pm-3:59pm,28,28,US-101 ODOT 9,,2,U.S. Highway,1,Rural,3,Other Principal Arterial,1,State Highway Agency,1,This Section IS ON the NHS,0,No Special Jurisdiction,1525,1525,44.47287778,44.47287778,-124.07978611,-124.07978611,12,Motor Vehicle In-Transport,2,Front-to-Front,0,No,1,Non-Junction,1,Not an Intersection,1,On Roadway,0,,1,Daylight,1,Clear,0,No,0000000,Not Applicable,15,3:00pm-3:59pm,28,28,15,3:00pm-3:59pm,36,36,99,Unknown,99,Unknown EMS Hospital Arrival Time,1
41,Oregon,410091,0,0,2,2,0,5,5,33,JOSEPHINE (33),0,NOT APPLICABLE,3,March,16,16,5,Thursday,2023,18,6:00pm-6:59pm,27,27,US-199 ODOT 25,,2,U.S. Highway,1,Rural,3,Other Principal Arterial,1,State Highway Agency,1,This Section IS ON the NHS,0,No Special Jurisdiction,395,395,42.02667222,42.02667222,-123.73001389,-123.73001389,12,Motor Vehicle In-Transport,2,Front-to-Front,0,No,1,Non-Junction,1,Not an Intersection,1,On Roadway,0,,1,Daylight,1,Clear,1,Yes,0000000,Not Applicable,18,6:00pm-6:59pm,35,35,18,6:00pm-6:59pm,45,45,99,Unknown,99,Unknown EMS Hospital Arrival Time,1
41,Oregon,410092,1,1,1,1,0,1,1,67,WASHINGTON (67),0,NOT APPLICABLE,3,March,17,17,6,Friday,2023,3,3:00am-3:59am,48,48,SR-8 ODOT 29,SW 178TH AVE,3,State Highway,2,Urban,3,Other Principal Arterial,1,State Highway Agency,1,This Section IS ON the NHS,0,No Special Jurisdiction,62,62,45.4931,45.4931,-122.86039444,-122.86039444,8,Pedestrian,0,The First Harmful Event was Not a Collision with a Motor Vehicle in Transport,0,No,3,Intersection-Related,3,T-Intersection,1,On Roadway,0,,3,Dark - Lighted,1,Clear,0,No,0000000,Not Applicable,3,3:00am-3:59am,48,48,3,3:00am-3:59am,55,55,99,Unknown,99,Unknown EMS Hospital Arrival Time,1
41,Oregon,410095,0,0,1,1,0,1,1,17,DESCHUTES (17),0,NOT APPLICABLE,3,March,20,20,2,Monday,2023,7,7:00am-7:59am,45,45,US-97 ODOT 4,,2,U.S. Highway,1,Rural,3,Other Principal Arterial,1,State Highway Agency,1,This Section IS ON the NHS,0,No Special Jurisdiction,1509,1509,43.88984167,43.88984167,-121.37982778,-121.37982778,35,Embankment,0,The First Harmful Event was Not a Collision with a Motor Vehicle in Transport,0,No,1,Non-Junction,1,Not an Intersection,4,On Roadside,0,,1,Daylight,10,Cloudy,0,No,0000000,Not Applicable,7,7:00am-7:59am,45,45,7,7:00am-7:59am,54,54,88,Not Applicable (Not Transported),88,Not Applicable (Not Transported),1
41,Oregon,410097,0,0,2,2,0,3,3,71,YAMHILL (71),0,NOT APPLICABLE,3,March,18,18,7,Saturday,2023,16,4:00pm-4:59pm,50,50,SR-219 ODOT 140,,3,State Highway,2,Urban,3,Other Principal Arterial,1,State Highway Agency,1,This Section IS ON the NHS,0,No Special Jurisdiction,227,227,45.27816667,45.27816667,-122.94472222,-122.94472222,12,Motor Vehicle In-Transport,1,Front-to-Rear,0,No,1,Non-Junction,1,Not an Intersection,1,On Roadway,0,,1,Daylight,1,Clear,0,No,0000000,Not Applicable,16,4:00pm-4:59pm,59,59,17,5:00pm-5:59pm,6,6,99,Unknown,99,Unknown EMS Hospital Arrival Time,2
41,Oregon,410098,0,0,1,1,0,1,1,19,DOUGLAS (19),0,NOT APPLICABLE,3,March,23,23,5,Thursday,2023,12,12:00pm-12:59pm,36,36,SR-138W ODOT 231,,3,State Highway,1,Rural,4,Minor Arterial,1,State Highway Agency,0,This Section IS NOT on the NHS,0,No Special Jurisdiction,187,187,43.44013889,43.44013889,-123.40555,-123.40555,42,Tree (Standing Only),0,The First Harmful Event was Not a Collision with a Motor Vehicle in Transport,0,No,1,Non-Junction,1,Not an Intersection,4,On Roadside,0,,1,Daylight,2,Rain,0,No,0000000,Not Applicable,12,12:00pm-12:59pm,36,36,12,12:00pm-12:59pm,41,41,88,Not Applicable (Not Transported),88,Not Applicable (Not Transported),1
41,Oregon,410099,0,0,2,2,0,3,3,19,DOUGLAS (19),0,NOT APPLICABLE,3,March,24,24,6,Friday,2023,5,5:00am-5:59am,58,58,I-5,,1,Interstate,1,Rural,1,Interstate,1,State Highway Agency,1,This Section IS ON the NHS,0,No Special Jurisdiction,1664,1664,43.75052222,43.75052222,-123.17313333,-123.17313333,12,Motor Vehicle In-Transport,1,Front-to-Rear,0,No,1,Non-Junction,1,Not an Intersection,1,On Roadway,0,,2,Dark - Not Lighted,2,Rain,0,No,0000000,Not Applicable,5,5:00am-5:59am,58,58,6,6:00am-6:59am,15,15,99,Unknown,99,Unknown EMS Hospital Arrival Time,1
41,Oregon,410100,1,1,2,1,1,1,1,55,SHERMAN (55),0,NOT APPLICABLE,3,March,25,25,7,Saturday,2023,13,1:00pm-1:59pm,14,14,I-84,,1,Interstate,1,Rural,1,Interstate,1,State Highway Agency,1,This Section IS ON the NHS,0,No Special Jurisdiction,1079,1079,45.68792222,45.68792222,-120.769025,-120.769025,14,Parked Motor Vehicle,0,The First Harmful Event was Not a Collision with a Motor Vehicle in Transport,0,No,1,Non-Junction,1,Not an Intersection,2,On Shoulder,0,,1,Daylight,1,Clear,0,No,0000000,Not Applicable,13,1:00pm-1:59pm,15,15,13,1:00pm-1:59pm,41,41,88,Not Applicable (Not Transported),88,Not Applicable (Not Transported),1
41,Oregon,410101,0,0,1,1,0,1,1,43,LINN (43),0,NOT APPLICABLE,3,March,26,26,1,Sunday,2023,3,3:00am-3:59am,17,17,DENNY SCHOOL RD,,0,Not Signed,1,Rural,4,Minor Arterial,2,County Highway Agency,0,This Section IS NOT on the NHS,0,No Special Jurisdiction,4,4,44.537775,44.537775,-122.95523889,-122.95523889,34,Ditch,0,The First Harmful Event was Not a Collision with a Motor Vehicle in Transport,0,No,1,Non-Junction,1,Not an Intersection,4,On Roadside,0,,2,Dark - Not Lighted,10,Cloudy,0,No,0000000,Not Applicable,3,3:00am-3:59am,17,17,3,3:00am-3:59am,24,24,88,Not Applicable (Not Transported),88,Not Applicable (Not Transported),1
41,Oregon,410102,0,0,1,1,0,1,1,43,LINN (43),0,NOT APPLICABLE,3,March,20,20,2,Monday,2023,19,7:00pm-7:59pm,25,25,DENNY SCHOOL RD,,0,Not Signed,1,Rural,4,Minor Arterial,2,County Highway Agency,0,This Section IS NOT on the NHS,0,No Special Jurisdiction,0,,44.52738611,44.52738611,-122.95237778,-122.95237778,34,Ditch,0,The First Harmful Event was Not a Collision with a Motor Vehicle in Transport,0,No,1,Non-Junction,1,Not an Intersection,4,On Roadside,0,,5,Dusk,10,Cloudy,0,No,0000000,Not Applicable,19,7:00pm-7:59pm,25,25,19,7:00pm-7:59pm,32,32,88,Not Applicable (Not Transported),88,Not Applicable (Not Transported),1
41,Oregon,410103,1,1,1,1,0,2,2,51,MULTNOMAH (51),2090,TROUTDALE,3,March,4,4,7,Saturday,2023,21,9:00pm-9:59pm,14,14,SW CHERRY PARK RD,SW BERRYESSA PL,0,Not Signed,2,Urban,5,Major Collector,4,City or Municipal Highway Agency,0,This Section IS NOT on the NHS,0,No Special Jurisdiction,0,,45.52999444,45.52999444,-122.40596667,-122.40596667,8,Pedestrian,0,The First Harmful Event was Not a Collision with a Motor Vehicle in Transport,0,No,3,Intersection-Related,3,T-Intersection,1,On Roadway,0,,6,Dark - Unknown Lighting,98,Not Reported,0,No,0000000,Not Applicable,21,9:00pm-9:59pm,14,14,99,Unknown EMS Scene Arrival Hour,99,Unknown EMS Scene Arrival Minutes,99,Unknown,99,Unknown EMS Hospital Arrival Time,1
41,Oregon,410104,1,1,1,1,0,1,1,47,MARION (47),1810,SALEM,3,March,6,6,2,Monday,2023,18,6:00pm-6:59pm,40,40,MARKET ST NE,EVERGREEN AVE NE,0,Not Signed,2,Urban,3,Other Principal Arterial,4,City or Municipal Highway Agency,1,This Section IS ON the NHS,0,No Special Jurisdiction,0,,44.94956389,44.94956389,-123.00338333,-123.00338333,8,Pedestrian,0,The First Harmful Event was Not a Collision with a Motor Vehicle in Transport,0,No,3,Intersection-Related,3,T-Intersection,1,On Roadway,0,,3,Dark - Lighted,10,Cloudy,0,No,0000000,Not Applicable,99,Unknown,99,Unknown,99,Unknown EMS Scene Arrival Hour,99,Unknown EMS Scene Arrival Minutes,99,Unknown,99,Unknown EMS Hospital Arrival Time,1
41,Oregon,410105,0,0,1,1,0,1,1,61,UNION (61),0,NOT APPLICABLE,3,March,27,27,2,Monday,2023,10,10:00am-10:59am,0,0,I-84,,1,Interstate,1,Rural,1,Interstate,1,State Highway Agency,1,This Section IS ON the NHS,0,No Special Jurisdiction,2562,2562,45.3517,45.3517,-118.17075278,-118.17075278,35,Embankment,0,The First Harmful Event was Not a Collision with a Motor Vehicle in Transport,0,No,1,Non-Junction,1,Not an Intersection,4,On Roadside,0,,9,Reported as Unknown,1,Clear,0,No,0000000,Not Applicable,10,10:00am-10:59am,0,0,10,10:00am-10:59am,7,7,88,Not Applicable (Not Transported),88,Not Applicable (Not Transported),1
41,Oregon,410106,0,0,2,2,0,3,3,7,CLATSOP (7),265,CANNON BEACH,3,March,27,27,2,Monday,2023,18,6:00pm-6:59pm,47,47,US-101 ODOT 9,SUNSET BLVD,2,U.S. Highway,1,Rural,3,Other Principal Arterial,1,State Highway Agency,1,This Section IS ON the NHS,0,No Special Jurisdiction,294,294,45.88888333,45.88888333,-123.95761389,-123.95761389,12,Motor Vehicle In-Transport,6,Angle,0,No,2,Intersection,3,T-Intersection,1,On Roadway,0,,3,Dark - Lighted,10,Cloudy,0,No,0000000,Not Applicable,18,6:00pm-6:59pm,47,47,18,6:00pm-6:59pm,54,54,99,Unknown,99,Unknown EMS Hospital Arrival Time,1
41,Oregon,410108,1,1,1,1,0,1,1,47,MARION (47),1810,SALEM,3,March,28,28,3,Tuesday,2023,15,3:00pm-3:59pm,43,43,HIGH ST SE,LESLIE ST SE,0,Not Signed,2,Urban,5,Major Collector,4,City or Municipal Highway Agency,0,This Section IS NOT on the NHS,0,No Special Jurisdiction,0,,44.93354444,44.93354444,-123.04028333,-123.04028333,9,Pedalcyclist,0,The First Harmful Event was Not a Collision with a Motor Vehicle in Transport,0,No,2,Intersection,2,Four-Way Intersection,1,On Roadway,0,,1,Daylight,2,Rain,0,No,0000000,Not Applicable,15,3:00pm-3:59pm,44,44,15,3:00pm-3:59pm,47,47,15,3:00pm-3:59pm,51,51,1
41,Oregon,410109,1,1,1,1,0,1,1,47,MARION (47),2260,WOODBURN,3,March,30,30,5,Thursday,2023,20,8:00pm-8:59pm,42,42,SR-99E ODOT 81,,3,State Highway,2,Urban,3,Other Principal Arterial,1,State Highway Agency,1,This Section IS ON the NHS,0,No Special Jurisdiction,321,321,45.14626667,45.14626667,-122.83575278,-122.83575278,8,Pedestrian,0,The First Harmful Event was Not a Collision with a Motor Vehicle in Transport,0,No,1,Non-Junction,1,Not an Intersection,1,On Roadway,0,,2,Dark - Not Lighted,10,Cloudy,0,No,0000000,Not Applicable,20,8:00pm-8:59pm,43,43,20,8:00pm-8:59pm,47,47,21,9:00pm-9:59pm,37,37,1
41,Oregon,410110,0,0,2,2,0,2,2,39,LANE (39),0,NOT APPLICABLE,3,March,31,31,6,Friday,2023,8,8:00am-8:59am,30,30,SR-99E ODOT 58,,3,State Highway,1,Rural,4,Minor Arterial,1,State Highway Agency,0,This Section IS NOT on the NHS,0,No Special Jurisdiction,319,319,44.23456389,44.23456389,-123.19921111,-123.19921111,12,Motor Vehicle In-Transport,2,Front-to-Front,0,No,1,Non-Junction,1,Not an Intersection,1,On Roadway,0,,1,Daylight,1,Clear,0,No,0000000,Not Applicable,8,8:00am-8:59am,30,30,8,8:00am-8:59am,38,38,99,Unknown,99,Unknown EMS Hospital Arrival Time,1
41,Oregon,410111,1,1,1,1,0,1,1,5,CLACKAMAS (5),0,NOT APPLICABLE,4,April,1,1,7,Saturday,2023,0,0:00am-0:59am,49,49,SR-212 ODOT 174,,3,State Highway,2,Urban,3,Other Principal Arterial,1,State Highway Agency,1,This Section IS ON the NHS,0,No Special Jurisdiction,76,76,45.43261111,45.43261111,-122.36155556,-122.36155556,8,Pedestrian,0,The First Harmful Event was Not a Collision with a Motor Vehicle in Transport,0,No,1,Non-Junction,1,Not an Intersection,1,On Roadway,0,,2,Dark - Not Lighted,2,Rain,0,No,0000000,Not Applicable,0,0:00am-0:59am,56,56,0,0:00am-0:59am,59,59,88,Not Applicable (Not Transported),88,Not Applicable (Not Transported),1
41,Oregon,410112,0,0,1,1,0,1,1,19,DOUGLAS (19),0,NOT APPLICABLE,4,April,3,3,2,Monday,2023,7,7:00am-7:59am,41,41,SR-38 ODOT 45,,3,State Highway,1,Rural,3,Other Principal Arterial,1,State Highway Agency,1,This Section IS ON the NHS,0,No Special Jurisdiction,242,242,43.66173056,43.66173056,-123.70975556,-123.70975556,32,Culvert,0,The First Harmful Event was Not a Collision with a Motor Vehicle in Transport,0,No,1,Non-Junction,1,Not an Intersection,4,On Roadside,0,,1,Daylight,10,Cloudy,0,No,0000000,Not Applicable,7,7:00am-7:59am,41,41,7,7:00am-7:59am,59,59,88,Not Applicable (Not Transported),88,Not Applicable (Not Transported),1
41,Oregon,410113,0,0,2,2,0,2,2,11,COOS (11),0,NOT APPLICABLE,4,April,3,3,2,Monday,2023,14,2:00pm-2:59pm,26,26,US-101 ODOT 9,,2,U.S. Highway,1,Rural,3,Other Principal Arterial,1,State Highway Agency,1,This Section IS ON the NHS,0,No Special Jurisdiction,2269,2269,43.52244167,43.52244167,-124.21649167,-124.21649167,12,Motor Vehicle In-Transport,2,Front-to-Front,0,No,1,Non-Junction,1,Not an Intersection,1,On Roadway,0,,1,Daylight,1,Clear,0,No,0000000,Not Applicable,14,2:00pm-2:59pm,29,29,14,2:00pm-2:59pm,44,44,99,Unknown,99,Unknown EMS Hospital Arrival Time,1
41,Oregon,410114,0,0,4,4,0,7,7,31,JEFFERSON (31),0,NOT APPLICABLE,4,April,9,9,1,Sunday,2023,21,9:00pm-9:59pm,36,36,US-97 ODOT 4,,2,U.S. Highway,1,Rural,3,Other Principal Arterial,1,State Highway Agency,1,This Section IS ON the NHS,0,No Special Jurisdiction,1022,1022,44.53977778,44.53977778,-121.17351111,-121.17351111,12,Motor Vehicle In-Transport,8,Sideswipe - Opposite Direction,0,No,1,Non-Junction,1,Not an Intersection,1,On Roadway,0,,2,Dark - Not Lighted,1,Clear,0,No,0000000,Not Applicable,21,9:00pm-9:59pm,38,38,21,9:00pm-9:59pm,45,45,99,Unknown,99,Unknown EMS Hospital Arrival Time,1
41,Oregon,410115,0,0,1,1,0,1,1,33,JOSEPHINE (33),0,NOT APPLICABLE,4,April,10,10,2,Monday,2023,18,6:00pm-6:59pm,21,21,MCMULLEN CREEK RD,,0,Not Signed,1,Rural,7,Local,2,County Highway Agency,0,This Section IS NOT on the NHS,0,No Special Jurisdiction,3,3,42.25902778,42.25902778,-123.56616944,-123.56616944,42,Tree (Standing Only),0,The First Harmful Event was Not a Collision with a Motor Vehicle in Transport,0,No,1,Non-Junction,1,Not an Intersection,4,On Roadside,0,,1,Daylight,2,Rain,0,No,0000000,Not Applicable,18,6:00pm-6:59pm,21,21,18,6:00pm-6:59pm,32,32,88,Not Applicable (Not Transported),88,Not Applicable (Not Transported),1
41,Oregon,410116,0,0,1,1,0,1,1,17,DESCHUTES (17),0,NOT APPLICABLE,4,April,12,12,4,Wednesday,2023,6,6:00am-6:59am,25,25,US-97 ODOT 4,,2,U.S. Highway,1,Rural,3,Other Principal Arterial,1,State Highway Agency,1,This Section IS ON the NHS,0,No Special Jurisdiction,1538,1538,43.86000556,43.86000556,-121.40955833,-121.40955833,34,Ditch,0,The First Harmful Event was Not a Collision with a Motor Vehicle in Transport,0,No,1,Non-Junction,1,Not an Intersection,3,On Median,0,,4,Dawn,4,Snow,0,No,0000000,Not Applicable,6,6:00am-6:59am,26,26,6,6:00am-6:59am,39,39,88,Not Applicable (Not Transported),88,Not Applicable (Not Transported),1
41,Oregon,410117,0,0,1,1,0,1,1,45,MALHEUR (45),0,NOT APPLICABLE,3,March,22,22,4,Wednesday,2023,99,Unknown Hours,99,Unknown Minutes,LYTLE BLVD,,0,Not Signed,1,Rural,7,Local,2,County Highway Agency,0,This Section IS NOT on the NHS,0,No Special Jurisdiction,12,12,43.79815278,43.79815278,-117.11515278,-117.11515278,34,Ditch,0,The First Harmful Event was Not a Collision with a Motor Vehicle in Transport,0,No,1,Non-Junction,1,Not an Intersection,4,On Roadside,0,,9,Reported as Unknown,99,Reported as Unknown,0,No,0000000,Not Applicable,99,Unknown,99,Unknown,99,Unknown EMS Scene Arrival Hour,99,Unknown EMS Scene Arrival Minutes,88,Not Applicable (Not Transported),88,Not Applicable (Not Transported),1
41,Oregon,410118,0,0,1,1,0,1,1,3,BENTON (3),0,NOT APPLICABLE,4,April,13,13,5,Thursday,2023,14,2:00pm-2:59pm,47,47,SR-99W ODOT 91,,3,State Highway,1,Rural,4,Minor Arterial,1,State Highway Agency,0,This Section IS NOT on the NHS,0,No Special Jurisdiction,961,961,44.38261111,44.38261111,-123.28747778,-123.28747778,42,Tree (Standing Only),0,The First Harmful Event was Not a Collision with a Motor Vehicle in Transport,0,No,1,Non-Junction,1,Not an Intersection,4,On Roadside,0,,1,Daylight,1,Clear,0,No,0000000,Not Applicable,14,2:00pm-2:59pm,47,47,15,3:00pm-3:59pm,8,8,15,3:00pm-3:59pm,29,29,1
41,Oregon,410119,0,0,2,2,0,2,2,51,MULTNOMAH (51),1650,PORTLAND,4,April,14,14,6,Friday,2023,18,6:00pm-6:59pm,36,36,NE COLUMBIA BLVD,,0,Not Signed,2,Urban,3,Other Principal Arterial,4,City or Municipal Highway Agency,1,This Section IS ON the NHS,0,No Special Jurisdiction,0,,45.57003889,45.57003889,-122.608825,-122.608825,12,Motor Vehicle In-Transport,6,Angle,0,No,8,Driveway Access Related,1,Not an Intersection,1,On Roadway,0,,1,Daylight,10,Cloudy,0,No,0000000,Not Applicable,99,Unknown,99,Unknown,99,Unknown EMS Scene Arrival Hour,99,Unknown EMS Scene Arrival Minutes,88,Not Applicable (Not Transported),88,Not Applicable (Not Transported),1
41,Oregon,410120,0,0,1,1,0,4,4,33,JOSEPHINE (33),0,NOT APPLICABLE,4,April,15,15,7,Saturday,2023,14,2:00pm-2:59pm,38,38,SR-46 ODOT 038,,3,State Highway,1,Rural,5,Major Collector,1,State Highway Agency,0,This Section IS NOT on the NHS,0,No Special Jurisdiction,49,49,42.15842222,42.15842222,-123.56398889,-123.56398889,30,Utility Pole/Light Support,0,The First Harmful Event was Not a Collision with a Motor Vehicle in Transport,0,No,1,Non-Junction,1,Not an Intersection,4,On Roadside,0,,1,Daylight,1,Clear,0,No,0000000,Not Applicable,14,2:00pm-2:59pm,38,38,14,2:00pm-2:59pm,46,46,99,Unknown,99,Unknown EMS Hospital Arrival Time,1
41,Oregon,410121,1,1,1,1,0,1,1,67,WASHINGTON (67),0,NOT APPLICABLE,4,April,13,13,5,Thursday,2023,21,9:00pm-9:59pm,17,17,SW KINNAMAN RD,SW BUTTERNUT ST,0,Not Signed,2,Urban,5,Major Collector,2,County Highway Agency,0,This Section IS NOT on the NHS,0,No Special Jurisdiction,0,,45.48717778,45.48717778,-122.871825,-122.871825,8,Pedestrian,0,The First Harmful Event was Not a Collision with a Motor Vehicle in Transport,0,No,3,Intersection-Related,3,T-Intersection,1,On Roadway,0,,3,Dark - Lighted,1,Clear,0,No,0000000,Not Applicable,21,9:00pm-9:59pm,17,17,21,9:00pm-9:59pm,23,23,88,Not Applicable (Not Transported),88,Not Applicable (Not Transported),1
41,Oregon,410123,0,0,2,2,0,3,3,67,WASHINGTON (67),180,BEAVERTON,4,April,16,16,1,Sunday,2023,23,11:00pm-11:59pm,11,11,SW MURRAY BLVD,,0,Not Signed,2,Urban,3,Other Principal Arterial,4,City or Municipal Highway Agency,1,This Section IS ON the NHS,0,No Special Jurisdiction,0,,45.45735278,45.45735278,-122.82623056,-122.82623056,42,Tree (Standing Only),0,The First Harmful Event was Not a Collision with a Motor Vehicle in Transport,0,No,1,Non-Junction,1,Not an Intersection,3,On Median,0,,3,Dark - Lighted,10,Cloudy,0,No,0000000,Not Applicable,23,11:00pm-11:59pm,13,13,23,11:00pm-11:59pm,22,22,23,11:00pm-11:59pm,49,49,1
41,Oregon,410124,1,1,1,1,0,1,1,39,LANE (39),0,NOT APPLICABLE,4,April,16,16,1,Sunday,2023,21,9:00pm-9:59pm,15,15,I-5 CONNECTION 4,,1,Interstate,1,Rural,1,Interstate,1,State Highway Agency,1,This Section IS ON the NHS,0,No Special Jurisdiction,1770,1770,43.83458611,43.83458611,-123.02904444,-123.02904444,8,Pedestrian,0,The First Harmful Event was Not a Collision with a Motor Vehicle in Transport,1,Yes,20,Entrance/Exit Ramp,1,Not an Intersection,1,On Roadway,0,,2,Dark - Not Lighted,2,Rain,0,No,0000000,Not Applicable,9,9:00am-9:59am,18,18,9,9:00am-9:59am,26,26,88,Not Applicable (Not Transported),88,Not Applicable (Not Transported),1
41,Oregon,410126,0,0,2,2,0,2,2,41,LINCOLN (41),0,NOT APPLICABLE,4,April,17,17,2,Monday,2023,9,9:00am-9:59am,59,59,US-20 ODOT 33,,2,U.S. Highway,1,Rural,3,Other Principal Arterial,1,State Highway Agency,1,This Section IS ON the NHS,0,No Special Jurisdiction,30,30,44.63136111,44.63136111,-123.99435278,-123.99435278,12,Motor Vehicle In-Transport,2,Front-to-Front,0,No,1,Non-Junction,1,Not an Intersection,1,On Roadway,0,,1,Daylight,2,Rain,0,No,0000000,Not Applicable,9,9:00am-9:59am,59,59,9,9:00am-9:59am,59,59,99,Unknown,99,Unknown EMS Hospital Arrival Time,1
41,Oregon,410127,0,0,2,2,0,3,3,7,CLATSOP (7),0,NOT APPLICABLE,4,April,18,18,3,Tuesday,2023,13,1:00pm-1:59pm,15,15,US-30 ODOT 92,,2,U.S. Highway,1,Rural,3,Other Principal Arterial,1,State Highway Agency,1,This Section IS ON the NHS,0,No Special Jurisdiction,765,765,46.17068611,46.17068611,-123.47098611,-123.47098611,12,Motor Vehicle In-Transport,6,Angle,0,No,1,Non-Junction,1,Not an Intersection,1,On Roadway,0,,1,Daylight,2,Rain,0,No,0000000,Not Applicable,13,1:00pm-1:59pm,16,16,13,1:00pm-1:59pm,25,25,99,Unknown,99,Unknown EMS Hospital Arrival Time,2
41,Oregon,410128,0,0,2,2,0,2,2,11,COOS (11),0,NOT APPLICABLE,4,April,18,18,3,Tuesday,2023,11,11:00am-11:59am,46,46,SR-42 ODOT 35,NORTH BANK LN,3,State Highway,1,Rural,3,Other Principal Arterial,1,State Highway Agency,1,This Section IS ON the NHS,0,No Special Jurisdiction,67,67,43.21434167,43.21434167,-124.24585556,-124.24585556,12,Motor Vehicle In-Transport,6,Angle,0,No,2,Intersection,3,T-Intersection,1,On Roadway,0,,1,Daylight,10,Cloudy,0,No,0000000,Not Applicable,11,11:00am-11:59am,46,46,11,11:00am-11:59am,52,52,99,Unknown,99,Unknown EMS Hospital Arrival Time,1
41,Oregon,410129,0,0,1,1,0,2,2,43,LINN (43),0,NOT APPLICABLE,4,April,20,20,5,Thursday,2023,13,1:00pm-1:59pm,37,37,SCRAVEL HILL RD,,0,Not Signed,1,Rural,5,Major Collector,2,County Highway Agency,0,This Section IS NOT on the NHS,0,No Special Jurisdiction,31,31,44.69008611,44.69008611,-123.02586944,-123.02586944,42,Tree (Standing Only),0,The First Harmful Event was Not a Collision with a Motor Vehicle in Transport,0,No,1,Non-Junction,1,Not an Intersection,4,On Roadside,0,,1,Daylight,2,Rain,0,No,0000000,Not Applicable,13,1:00pm-1:59pm,37,37,13,1:00pm-1:59pm,50,50,99,Unknown,99,Unknown EMS Hospital Arrival Time,1
41,Oregon,410131,0,0,2,2,0,4,4,15,CURRY (15),0,NOT APPLICABLE,4,April,13,13,5,Thursday,2023,16,4:00pm-4:59pm,52,52,NORTH BANK CHETCO RIVER RD,,0,Not Signed,1,Rural,5,Major Collector,2,County Highway Agency,0,This Section IS NOT on the NHS,0,No Special Jurisdiction,47,47,42.07751389,42.07751389,-124.20577778,-124.20577778,12,Motor Vehicle In-Transport,2,Front-to-Front,0,No,1,Non-Junction,1,Not an Intersection,1,On Roadway,0,,1,Daylight,1,Clear,0,No,0000000,Not Applicable,16,4:00pm-4:59pm,52,52,17,5:00pm-5:59pm,1,1,99,Unknown,99,Unknown EMS Hospital Arrival Time,1
41,Oregon,410132,0,0,1,1,0,1,1,7,CLATSOP (7),0,NOT APPLICABLE,4,April,25,25,3,Tuesday,2023,3,3:00am-3:59am,0,0,US-26 ODOT 47,,2,U.S. Highway,1,Rural,3,Other Principal Arterial,1,State Highway Agency,1,This Section IS ON the NHS,0,No Special Jurisdiction,59,59,45.90834167,45.90834167,-123.83009167,-123.83009167,42,Tree (Standing Only),0,The First Harmful Event was Not a Collision with a Motor Vehicle in Transport,0,No,1,Non-Junction,1,Not an Intersection,4,On Roadside,0,,2,Dark - Not Lighted,10,Cloudy,0,No,0000000,Not Applicable,7,7:00am-7:59am,3,3,7,7:00am-7:59am,10,10,88,Not Applicable (Not Transported),88,Not Applicable (Not Transported),1
41,Oregon,410133,0,0,2,2,0,2,2,11,COOS (11),0,NOT APPLICABLE,4,April,25,25,3,Tuesday,2023,13,1:00pm-1:59pm,55,55,US-101 ODOT 9,,2,U.S. Highway,1,Rural,3,Other Principal Arterial,1,State Highway Agency,1,This Section IS ON the NHS,0,No Special Jurisdiction,2429,2429,43.31061389,43.31061389,-124.209125,-124.209125,12,Motor Vehicle In-Transport,2,Front-to-Front,0,No,1,Non-Junction,1,Not an Intersection,1,On Roadway,0,,1,Daylight,1,Clear,0,No,0000000,Not Applicable,14,2:00pm-2:59pm,1,1,14,2:00pm-2:59pm,11,11,99,Unknown,99,Unknown EMS Hospital Arrival Time,1
41,Oregon,410134,0,0,3,3,0,3,3,5,CLACKAMAS (5),0,NOT APPLICABLE,4,April,25,25,3,Tuesday,2023,14,2:00pm-2:59pm,31,31,S SPRINGWATER RD,,0,Not Signed,1,Rural,4,Minor Arterial,2,County Highway Agency,0,This Section IS NOT on the NHS,0,No Special Jurisdiction,16,16,45.38026944,45.38026944,-122.47302778,-122.47302778,12,Motor Vehicle In-Transport,2,Front-to-Front,0,No,1,Non-Junction,1,Not an Intersection,1,On Roadway,0,,1,Daylight,1,Clear,0,No,0000000,Not Applicable,14,2:00pm-2:59pm,31,31,14,2:00pm-2:59pm,36,36,88,Not Applicable (Not Transported),88,Not Applicable (Not Transported),2
41,Oregon,410135,0,0,1,1,0,1,1,39,LANE (39),0,NOT APPLICABLE,4,April,25,25,3,Tuesday,2023,17,5:00pm-5:59pm,54,54,SR- 569 CONNECTION 1 ODOT 91,,3,State Highway,2,Urban,2,Other Freeways and Expressways,1,State Highway Agency,1,This Section IS ON the NHS,0,No Special Jurisdiction,1184,1184,44.09678611,44.09678611,-123.16874722,-123.16874722,24,Guardrail Face,0,The First Harmful Event was Not a Collision with a Motor Vehicle in Transport,1,Yes,5,Entrance/Exit Ramp Related,1,Not an Intersection,4,On Roadside,0,,1,Daylight,1,Clear,0,No,0000000,Not Applicable,18,6:00pm-6:59pm,2,2,18,6:00pm-6:59pm,8,8,88,Not Applicable (Not Transported),88,Not Applicable (Not Transported),1
41,Oregon,410136,0,0,4,4,0,7,7,45,MALHEUR (45),0,NOT APPLICABLE,4,April,21,21,6,Friday,2023,13,1:00pm-1:59pm,48,48,US-95 ODOT 456,,2,U.S. Highway,1,Rural,3,Other Principal Arterial,1,State Highway Agency,1,This Section IS ON the NHS,0,No Special Jurisdiction,100,100,43.12055278,43.12055278,-117.05392778,-117.05392778,12,Motor Vehicle In-Transport,8,Sideswipe - Opposite Direction,0,No,1,Non-Junction,1,Not an Intersection,1,On Roadway,0,,1,Daylight,1,Clear,0,No,0000000,Not Applicable,99,Unknown,99,Unknown,99,Unknown EMS Scene Arrival Hour,99,Unknown EMS Scene Arrival Minutes,99,Unknown,99,Unknown EMS Hospital Arrival Time,1
41,Oregon,410137,1,1,1,1,0,1,1,15,CURRY (15),0,NOT APPLICABLE,1,January,24,24,3,Tuesday,2023,17,5:00pm-5:59pm,27,27,LOWER HARBOR RD,,0,Not Signed,2,Urban,5,Major Collector,2,County Highway Agency,0,This Section IS NOT on the NHS,0,No Special Jurisdiction,5,5,42.04795,42.04795,-124.26467222,-124.26467222,8,Pedestrian,0,The First Harmful Event was Not a Collision with a Motor Vehicle in Transport,0,No,1,Non-Junction,1,Not an Intersection,1,On Roadway,0,,5,Dusk,98,Not Reported,0,No,0000000,Not Applicable,99,Unknown,99,Unknown,99,Unknown EMS Scene Arrival Hour,99,Unknown EMS Scene Arrival Minutes,99,Unknown,99,Unknown EMS Hospital Arrival Time,1
41,Oregon,410138,1,1,1,1,0,1,1,51,MULTNOMAH (51),880,GRESHAM,2,February,26,26,1,Sunday,2023,2,2:00am-2:59am,59,59,NE 181ST AVE,,0,Not Signed,2,Urban,3,Other Principal Arterial,4,City or Municipal Highway Agency,1,This Section IS ON the NHS,0,No Special Jurisdiction,0,,45.53742778,45.53742778,-122.47727222,-122.47727222,8,Pedestrian,0,The First Harmful Event was Not a Collision with a Motor Vehicle in Transport,0,No,1,Non-Junction,1,Not an Intersection,1,On Roadway,0,,3,Dark - Lighted,4,Snow,0,No,0000000,Not Applicable,2,2:00am-2:59am,59,59,3,3:00am-3:59am,5,5,88,Not Applicable (Not Transported),88,Not Applicable (Not Transported),1
41,Oregon,410139,1,1,1,1,0,1,1,51,MULTNOMAH (51),1650,PORTLAND,4,April,28,28,6,Friday,2023,0,0:00am-0:59am,10,10,NE 82ND AVE,NE GLISAN ST,0,Not Signed,2,Urban,3,Other Principal Arterial,1,State Highway Agency,1,This Section IS ON the NHS,0,No Special Jurisdiction,0,,45.52647222,45.52647222,-122.57894167,-122.57894167,15,Non-Motorist on Personal Conveyance,0,The First Harmful Event was Not a Collision with a Motor Vehicle in Transport,0,No,3,Intersection-Related,2,Four-Way Intersection,1,On Roadway,0,,6,Dark - Unknown Lighting,1,Clear,0,No,0000000,Not Applicable,99,Unknown,99,Unknown,99,Unknown EMS Scene Arrival Hour,99,Unknown EMS Scene Arrival Minutes,88,Not Applicable (Not Transported),88,Not Applicable (Not Transported),1
41,Oregon,410142,1,1,1,1,0,3,3,59,UMATILLA (59),0,NOT APPLICABLE,4,April,29,29,7,Saturday,2023,22,10:00pm-10:59pm,1,1,US-395A ODOT 54,,2,U.S. Highway,2,Urban,3,Other Principal Arterial,1,State Highway Agency,1,This Section IS ON the NHS,0,No Special Jurisdiction,39,39,45.86337222,45.86337222,-119.2909,-119.2909,8,Pedestrian,0,The First Harmful Event was Not a Collision with a Motor Vehicle in Transport,0,No,1,Non-Junction,1,Not an Intersection,1,On Roadway,0,,2,Dark - Not Lighted,1,Clear,0,No,0000000,Not Applicable,22,10:00pm-10:59pm,1,1,22,10:00pm-10:59pm,4,4,88,Not Applicable (Not Transported),88,Not Applicable (Not Transported),1
41,Oregon,410143,0,1,2,1,1,2,1,29,JACKSON (29),0,NOT APPLICABLE,4,April,30,30,1,Sunday,2023,3,3:00am-3:59am,3,3,I-5,,1,Interstate,1,Rural,1,Interstate,1,State Highway Agency,1,This Section IS ON the NHS,0,No Special Jurisdiction,7,7,42.01963611,42.01963611,-122.60926111,-122.60926111,14,Parked Motor Vehicle,0,The First Harmful Event was Not a Collision with a Motor Vehicle in Transport,0,No,1,Non-Junction,1,Not an Intersection,2,On Shoulder,0,,2,Dark - Not Lighted,1,Clear,0,No,0000000,Not Applicable,3,3:00am-3:59am,3,3,3,3:00am-3:59am,35,35,88,Not Applicable (Not Transported),88,Not Applicable (Not Transported),1
41,Oregon,410144,0,0,1,1,0,1,1,29,JACKSON (29),1770,ROGUE RIVER,4,April,22,22,7,Saturday,2023,12,12:00pm-12:59pm,22,22,PINE ST,,0,Not Signed,2,Urban,4,Minor Arterial,4,City or Municipal Highway Agency,0,This Section IS NOT on the NHS,0,No Special Jurisdiction,0,,42.436475,42.436475,-123.17018333,-123.17018333,38,Fence,0,The First Harmful Event was Not a Collision with a Motor Vehicle in Transport,0,No,1,Non-Junction,1,Not an Intersection,4,On Roadside,0,,1,Daylight,98,Not Reported,0,No,0000000,Not Applicable,99,Unknown,99,Unknown,99,Unknown EMS Scene Arrival Hour,99,Unknown EMS Scene Arrival Minutes,88,Not Applicable (Not Transported),88,Not Applicable (Not Transported),1
41,Oregon,410145,0,0,1,1,0,1,1,51,MULTNOMAH (51),1650,PORTLAND,5,May,3,3,4,Wednesday,2023,13,1:00pm-1:59pm,5,5,N MARINE DR,,0,Not Signed,2,Urban,4,Minor Arterial,4,City or Municipal Highway Agency,1,This Section IS ON the NHS,0,No Special Jurisdiction,0,,45.62297778,45.62297778,-122.7321,-122.7321,30,Utility Pole/Light Support,0,The First Harmful Event was Not a Collision with a Motor Vehicle in Transport,0,No,1,Non-Junction,1,Not an Intersection,4,On Roadside,0,,1,Daylight,1,Clear,0,No,0000000,Not Applicable,13,1:00pm-1:59pm,5,5,13,1:00pm-1:59pm,16,16,88,Not Applicable (Not Transported),88,Not Applicable (Not Transported),1
41,Oregon,410146,0,0,2,2,0,3,3,67,WASHINGTON (67),2065,TIGARD,5,May,3,3,4,Wednesday,2023,11,11:00am-11:59am,55,55,SW UPPER BOONES FERRY RD,,0,Not Signed,2,Urban,4,Minor Arterial,4,City or Municipal Highway Agency,0,This Section IS NOT on the NHS,0,No Special Jurisdiction,0,,45.40670833,45.40670833,-122.74593333,-122.74593333,12,Motor Vehicle In-Transport,6,Angle,0,No,8,Driveway Access Related,1,Not an Intersection,1,On Roadway,0,,1,Daylight,1,Clear,0,No,0000000,Not Applicable,99,Unknown,99,Unknown,99,Unknown EMS Scene Arrival Hour,99,Unknown EMS Scene Arrival Minutes,99,Unknown,99,Unknown EMS Hospital Arrival Time,1
41,Oregon,410147,0,0,1,1,0,1,1,11,COOS (11),0,NOT APPLICABLE,5,May,4,4,5,Thursday,2023,0,0:00am-0:59am,34,34,SR-542 ODOT 242,,3,State Highway,1,Rural,5,Major Collector,1,State Highway Agency,0,This Section IS NOT on the NHS,0,No Special Jurisdiction,137,137,42.91931111,42.91931111,-124.11562222,-124.11562222,35,Embankment,0,The First Harmful Event was Not a Collision with a Motor Vehicle in Transport,0,No,1,Non-Junction,1,Not an Intersection,4,On Roadside,0,,2,Dark - Not Lighted,10,Cloudy,0,No,0000000,Not Applicable,0,0:00am-0:59am,36,36,0,0:00am-0:59am,51,51,88,Not Applicable (Not Transported),88,Not Applicable (Not Transported),1
41,Oregon,410148,0,0,1,1,0,2,2,39,LANE (39),0,NOT APPLICABLE,5,May,4,4,5,Thursday,2023,20,8:00pm-8:59pm,23,23,BIG FALL CREEK RD,,0,Not Signed,1,Rural,5,Major Collector,2,County Highway Agency,0,This Section IS NOT on the NHS,0,No Special Jurisdiction,80,80,43.97638889,43.97638889,-122.66503333,-122.66503333,30,Utility Pole/Light Support,0,The First Harmful Event was Not a Collision with a Motor Vehicle in Transport,0,No,1,Non-Junction,1,Not an Intersection,4,On Roadside,0,,2,Dark - Not Lighted,1,Clear,0,No,0000000,Not Applicable,99,Unknown,99,Unknown,99,Unknown EMS Scene Arrival Hour,99,Unknown EMS Scene Arrival Minutes,99,Unknown,99,Unknown EMS Hospital Arrival Time,1
41,Oregon,410149,0,0,1,1,0,1,1,67,WASHINGTON (67),2065,TIGARD,5,May,6,6,7,Saturday,2023,7,7:00am-7:59am,42,42,I-5 RAMP 5,,1,Interstate,2,Urban,1,Interstate,1,State Highway Agency,1,This Section IS ON the NHS,0,No Special Jurisdiction,2910,2910,45.40502778,45.40502778,-122.74469444,-122.74469444,42,Tree (Standing Only),0,The First Harmful Event was Not a Collision with a Motor Vehicle in Transport,1,Yes,5,Entrance/Exit Ramp Related,1,Not an Intersection,4,On Roadside,0,,1,Daylight,1,Clear,0,No,0000000,Not Applicable,7,7:00am-7:59am,47,47,7,7:00am-7:59am,53,53,88,Not Applicable (Not Transported),88,Not Applicable (Not Transported),1
41,Oregon,410150,0,0,2,2,0,5,5,43,LINN (43),0,NOT APPLICABLE,5,May,7,7,1,Sunday,2023,3,3:00am-3:59am,15,15,I-5,,1,Interstate,2,Urban,1,Interstate,1,State Highway Agency,1,This Section IS ON the NHS,0,No Special Jurisdiction,2328,2328,44.62644167,44.62644167,-123.06183889,-123.06183889,12,Motor Vehicle In-Transport,1,Front-to-Rear,0,No,1,Non-Junction,1,Not an Intersection,1,On Roadway,0,,3,Dark - Lighted,1,Clear,0,No,0000000,Not Applicable,3,3:00am-3:59am,17,17,3,3:00am-3:59am,25,25,99,Unknown,99,Unknown EMS Hospital Arrival Time,2
41,Oregon,410151,0,0,2,2,0,5,5,57,TILLAMOOK (57),0,NOT APPLICABLE,5,May,7,7,1,Sunday,2023,16,4:00pm-4:59pm,25,25,US-101 ODOT 9,ALDERBROOK RD,2,U.S. Highway,2,Urban,3,Other Principal Arterial,1,State Highway Agency,1,This Section IS ON the NHS,0,No Special Jurisdiction,631,631,45.49315278,45.49315278,-123.84813611,-123.84813611,12,Motor Vehicle In-Transport,6,Angle,0,No,2,Intersection,3,T-Intersection,1,On Roadway,0,,1,Daylight,1,Clear,0,No,0000000,Not Applicable,16,4:00pm-4:59pm,25,25,16,4:00pm-4:59pm,30,30,99,Unknown,99,Unknown EMS Hospital Arrival Time,1
41,Oregon,410152,0,0,1,1,0,1,1,3,BENTON (3),0,NOT APPLICABLE,5,May,7,7,1,Sunday,2023,0,0:00am-0:59am,58,58,SR-99W ODOT 91,,3,State Highway,1,Rural,4,Minor Arterial,1,State Highway Agency,0,This Section IS NOT on the NHS,0,No Special Jurisdiction,906,906,44.46253056,44.46253056,-123.27466944,-123.27466944,34,Ditch,0,The First Harmful Event was Not a Collision with a Motor Vehicle in Transport,0,No,1,Non-Junction,1,Not an Intersection,4,On Roadside,0,,2,Dark - Not Lighted,1,Clear,0,No,0000000,Not Applicable,1,1:00am-1:59am,5,5,1,1:00am-1:59am,20,20,88,Not Applicable (Not Transported),88,Not Applicable (Not Transported),1
41,Oregon,410153,0,0,1,1,0,2,2,25,HARNEY (25),0,NOT APPLICABLE,5,May,2,2,3,Tuesday,2023,13,1:00pm-1:59pm,21,21,US-395 ODOT 48,,2,U.S. Highway,1,Rural,3,Other Principal Arterial,1,State Highway Agency,1,This Section IS ON the NHS,0,No Special Jurisdiction,486,486,43.853675,43.853675,-118.95158056,-118.95158056,42,Tree (Standing Only),0,The First Harmful Event was Not a Collision with a Motor Vehicle in Transport,0,No,1,Non-Junction,1,Not an Intersection,4,On Roadside,0,,1,Daylight,1,Clear,0,No,0000000,Not Applicable,13,1:00pm-1:59pm,30,30,14,2:00pm-2:59pm,1,1,99,Unknown,99,Unknown EMS Hospital Arrival Time,1
41,Oregon,410154,0,0,1,1,0,1,1,51,MULTNOMAH (51),880,GRESHAM,4,April,15,15,7,Saturday,2023,0,0:00am-0:59am,19,19,SE BURNSIDE RD,E POWELL BLVD,0,Not Signed,2,Urban,3,Other Principal Arterial,4,City or Municipal Highway Agency,1,This Section IS ON the NHS,0,No Special Jurisdiction,0,,45.49390833,45.49390833,-122.40583889,-122.40583889,39,Wall,0,The First Harmful Event was Not a Collision with a Motor Vehicle in Transport,0,No,3,Intersection-Related,2,Four-Way Intersection,4,On Roadside,0,,3,Dark - Lighted,1,Clear,0,No,0000000,Not Applicable,0,0:00am-0:59am,20,20,0,0:00am-0:59am,38,38,0,0:00am-0:59am,48,48,1
41,Oregon,410155,0,0,1,1,0,1,1,33,JOSEPHINE (33),0,NOT APPLICABLE,5,May,7,7,1,Sunday,2023,18,6:00pm-6:59pm,20,20,CARTON WY,,0,Not Signed,2,Urban,7,Local,2,County Highway Agency,0,This Section IS NOT on the NHS,0,No Special Jurisdiction,1,1,42.50683333,42.50683333,-123.39795278,-123.39795278,21,Bridge Pier or Support,0,The First Harmful Event was Not a Collision with a Motor Vehicle in Transport,0,No,1,Non-Junction,1,Not an Intersection,4,On Roadside,0,,1,Daylight,10,Cloudy,0,No,0000000,Not Applicable,18,6:00pm-6:59pm,39,39,18,6:00pm-6:59pm,49,49,88,Not Applicable (Not Transported),88,Not Applicable (Not Transported),1
41,Oregon,410156,0,0,2,2,0,2,2,29,JACKSON (29),0,NOT APPLICABLE,5,May,9,9,3,Tuesday,2023,13,1:00pm-1:59pm,29,29,SR-238 ODOT 272,,3,State Highway,1,Rural,4,Minor Arterial,1,State Highway Agency,0,This Section IS NOT on the NHS,0,No Special Jurisdiction,281,281,42.27363333,42.27363333,-123.02251389,-123.02251389,12,Motor Vehicle In-Transport,2,Front-to-Front,0,No,1,Non-Junction,1,Not an Intersection,1,On Roadway,0,,1,Daylight,1,Clear,0,No,0000000,Not Applicable,13,1:00pm-1:59pm,99,Unknown,13,1:00pm-1:59pm,38,38,88,Not Applicable (Not Transported),88,Not Applicable (Not Transported),1
41,Oregon,410157,0,0,4,3,1,3,3,51,MULTNOMAH (51),1650,PORTLAND,5,May,11,11,5,Thursday,2023,13,1:00pm-1:59pm,5,5,SE 72ND AVE,SE DUKE ST,0,Not Signed,2,Urban,5,Major Collector,4,City or Municipal Highway Agency,0,This Section IS NOT on the NHS,0,No Special Jurisdiction,0,,45.4759,45.4759,-122.58936111,-122.58936111,12,Motor Vehicle In-Transport,6,Angle,0,No,2,Intersection,2,Four-Way Intersection,1,On Roadway,0,,1,Daylight,1,Clear,0,No,0000000,Not Applicable,13,1:00pm-1:59pm,10,10,13,1:00pm-1:59pm,15,15,99,Unknown,99,Unknown EMS Hospital Arrival Time,1
41,Oregon,410158,1,1,1,1,0,1,1,51,MULTNOMAH (51),1650,PORTLAND,4,April,25,25,3,Tuesday,2023,5,5:00am-5:59am,21,21,NE 122ND AVE,NE SKIDMORE ST,0,Not Signed,2,Urban,4,Minor Arterial,4,City or Municipal Highway Agency,0,This Section IS NOT on the NHS,0,No Special Jurisdiction,0,,45.55367778,45.55367778,-122.53709167,-122.53709167,8,Pedestrian,0,The First Harmful Event was Not a Collision with a Motor Vehicle in Transport,0,No,3,Intersection-Related,3,T-Intersection,1,On Roadway,0,,3,Dark - Lighted,1,Clear,0,No,0000000,Not Applicable,5,5:00am-5:59am,21,21,5,5:00am-5:59am,28,28,5,5:00am-5:59am,52,52,1
41,Oregon,410159,1,1,1,1,0,1,1,51,MULTNOMAH (51),1650,PORTLAND,5,May,9,9,3,Tuesday,2023,13,1:00pm-1:59pm,22,22,NE BROADWAY ST,NE 15TH AVE,0,Not Signed,2,Urban,4,Minor Arterial,4,City or Municipal Highway Agency,0,This Section IS NOT on the NHS,0,No Special Jurisdiction,0,,45.53499444,45.53499444,-122.6506,-122.6506,8,Pedestrian,0,The First Harmful Event was Not a Collision with a Motor Vehicle in Transport,0,No,3,Intersection-Related,2,Four-Way Intersection,1,On Roadway,0,,1,Daylight,1,Clear,0,No,0000000,Not Applicable,13,1:00pm-1:59pm,26,26,13,1:00pm-1:59pm,33,33,99,Unknown,99,Unknown EMS Hospital Arrival Time,1
41,Oregon,410160,0,0,5,5,0,9,9,67,WASHINGTON (67),2065,TIGARD,5,May,11,11,5,Thursday,2023,19,7:00pm-7:59pm,35,35,SR-99W ODOT 91,,3,State Highway,2,Urban,3,Other Principal Arterial,1,State Highway Agency,1,This Section IS ON the NHS,0,No Special Jurisdiction,83,83,45.43736111,45.43736111,-122.75633056,-122.75633056,12,Motor Vehicle In-Transport,2,Front-to-Front,0,No,1,Non-Junction,1,Not an Intersection,1,On Roadway,0,,1,Daylight,1,Clear,0,No,0000000,Not Applicable,19,7:00pm-7:59pm,35,35,19,7:00pm-7:59pm,39,39,20,8:00pm-8:59pm,49,49,1
41,Oregon,410162,0,0,2,2,0,4,4,29,JACKSON (29),1630,PHOENIX,5,May,13,13,7,Saturday,2023,11,11:00am-11:59am,21,21,SR- 5 CONNECTION 2,,3,State Highway,2,Urban,4,Minor Arterial,1,State Highway Agency,0,This Section IS NOT on the NHS,0,No Special Jurisdiction,241,241,42.28030556,42.28030556,-122.81959722,-122.81959722,12,Motor Vehicle In-Transport,7,Sideswipe - Same Direction,1,Yes,20,Entrance/Exit Ramp,1,Not an Intersection,1,On Roadway,0,,1,Daylight,1,Clear,0,No,0000000,Not Applicable,11,11:00am-11:59am,23,23,11,11:00am-11:59am,29,29,88,Not Applicable (Not Transported),88,Not Applicable (Not Transported),1
41,Oregon,410164,0,0,1,1,0,3,3,67,WASHINGTON (67),0,NOT APPLICABLE,5,May,14,14,1,Sunday,2023,0,0:00am-0:59am,40,40,US-26 ODOT 47,,2,U.S. Highway,1,Rural,3,Other Principal Arterial,1,State Highway Agency,1,This Section IS ON the NHS,0,No Special Jurisdiction,387,387,45.75334167,45.75334167,-123.28009167,-123.28009167,1,Rollover/Overturn,0,The First Harmful Event was Not a Collision with a Motor Vehicle in Transport,0,No,1,Non-Junction,1,Not an Intersection,4,On Roadside,0,,2,Dark - Not Lighted,1,Clear,0,No,0000000,Not Applicable,0,0:00am-0:59am,45,45,1,1:00am-1:59am,0,0,99,Unknown,99,Unknown EMS Hospital Arrival Time,1
41,Oregon,410165,0,0,2,2,0,3,3,51,MULTNOMAH (51),2090,TROUTDALE,5,May,14,14,1,Sunday,2023,0,0:00am-0:59am,51,51,FRONTAGE MARINE RAMP,I-84 RAMP,0,Not Signed,2,Urban,5,Major Collector,1,State Highway Agency,0,This Section IS NOT on the NHS,0,No Special Jurisdiction,164,164,45.54531389,45.54531389,-122.40067222,-122.40067222,12,Motor Vehicle In-Transport,6,Angle,1,Yes,2,Intersection,2,Four-Way Intersection,1,On Roadway,0,,3,Dark - Lighted,1,Clear,0,No,0000000,Not Applicable,0,0:00am-0:59am,51,51,99,Unknown EMS Scene Arrival Hour,99,Unknown EMS Scene Arrival Minutes,88,Not Applicable (Not Transported),88,Not Applicable (Not Transported),1
41,Oregon,410166,0,0,1,1,0,1,1,51,MULTNOMAH (51),1650,PORTLAND,5,May,16,16,3,Tuesday,2023,1,1:00am-1:59am,37,37,I-5 RAMP 2,,1,Interstate,2,Urban,1,Interstate,1,State Highway Agency,1,This Section IS ON the NHS,0,No Special Jurisdiction,3023,3023,45.51650556,45.51650556,-122.66599722,-122.66599722,23,Bridge Rail (Includes parapet),0,The First Harmful Event was Not a Collision with a Motor Vehicle in Transport,1,Yes,5,Entrance/Exit Ramp Related,1,Not an Intersection,4,On Roadside,0,,3,Dark - Lighted,10,Cloudy,0,No,0000000,Not Applicable,99,Unknown,99,Unknown,99,Unknown EMS Scene Arrival Hour,99,Unknown EMS Scene Arrival Minutes,88,Not Applicable (Not Transported),88,Not Applicable (Not Transported),1
41,Oregon,410167,0,0,1,1,0,1,1,29,JACKSON (29),0,NOT APPLICABLE,5,May,16,16,3,Tuesday,2023,10,10:00am-10:59am,46,46,SR-238 ODOT 272,,3,State Highway,1,Rural,4,Minor Arterial,1,State Highway Agency,0,This Section IS NOT on the NHS,0,No Special Jurisdiction,261,261,42.24648611,42.24648611,-123.03059167,-123.03059167,34,Ditch,0,The First Harmful Event was Not a Collision with a Motor Vehicle in Transport,0,No,1,Non-Junction,1,Not an Intersection,4,On Roadside,0,,1,Daylight,1,Clear,0,No,0000000,Not Applicable,10,10:00am-10:59am,46,46,10,10:00am-10:59am,46,46,88,Not Applicable (Not Transported),88,Not Applicable (Not Transported),1
41,Oregon,410168,1,1,1,1,0,1,1,51,MULTNOMAH (51),880,GRESHAM,5,May,16,16,3,Tuesday,2023,15,3:00pm-3:59pm,38,38,SW 182ND AVE,,0,Not Signed,2,Urban,3,Other Principal Arterial,4,City or Municipal Highway Agency,1,This Section IS ON the NHS,0,No Special Jurisdiction,0,,45.49232222,45.49232222,-122.47571667,-122.47571667,15,Non-Motorist on Personal Conveyance,0,The First Harmful Event was Not a Collision with a Motor Vehicle in Transport,0,No,8,Driveway Access Related,1,Not an Intersection,1,On Roadway,0,,1,Daylight,1,Clear,0,No,0000000,Not Applicable,15,3:00pm-3:59pm,31,31,15,3:00pm-3:59pm,31,31,88,Not Applicable (Not Transported),88,Not Applicable (Not Transported),1
41,Oregon,410169,0,0,1,1,0,1,1,19,DOUGLAS (19),0,NOT APPLICABLE,5,May,17,17,4,Wednesday,2023,12,12:00pm-12:59pm,11,11,SR-38 ODOT 45,,3,State Highway,1,Rural,3,Other Principal Arterial,1,State Highway Agency,1,This Section IS ON the NHS,0,No Special Jurisdiction,81,81,43.68405556,43.68405556,-123.95361667,-123.95361667,42,Tree (Standing Only),0,The First Harmful Event was Not a Collision with a Motor Vehicle in Transport,0,No,1,Non-Junction,1,Not an Intersection,4,On Roadside,0,,1,Daylight,1,Clear,0,No,0000000,Not Applicable,12,12:00pm-12:59pm,11,11,12,12:00pm-12:59pm,21,21,88,Not Applicable (Not Transported),88,Not Applicable (Not Transported),1
41,Oregon,410170,0,0,3,3,0,3,3,39,LANE (39),0,NOT APPLICABLE,5,May,17,17,4,Wednesday,2023,12,12:00pm-12:59pm,11,11,CLEARK LAKE RD,,0,Not Signed,1,Rural,5,Major Collector,2,County Highway Agency,0,This Section IS NOT on the NHS,0,No Special Jurisdiction,40,40,44.10675,44.10675,-123.25279167,-123.25279167,12,Motor Vehicle In-Transport,6,Angle,0,No,1,Non-Junction,1,Not an Intersection,1,On Roadway,0,,1,Daylight,1,Clear,0,No,0000000,Not Applicable,12,12:00pm-12:59pm,11,11,12,12:00pm-12:59pm,36,36,13,1:00pm-1:59pm,5,5,1
41,Oregon,410171,0,0,2,2,0,2,2,35,KLAMATH (35),0,NOT APPLICABLE,1,January,24,24,3,Tuesday,2023,16,4:00pm-4:59pm,15,15,BLISS RD,,0,Not Signed,1,Rural,5,Major Collector,2,County Highway Agency,0,This Section IS NOT on the NHS,0,No Special Jurisdiction,20,20,42.42355556,42.42355556,-121.51981944,-121.51981944,12,Motor Vehicle In-Transport,6,Angle,0,No,1,Non-Junction,1,Not an Intersection,1,On Roadway,0,,1,Daylight,1,Clear,0,No,0000000,Not Applicable,99,Unknown,99,Unknown,99,Unknown EMS Scene Arrival Hour,99,Unknown EMS Scene Arrival Minutes,99,Unknown,99,Unknown EMS Hospital Arrival Time,1
41,Oregon,410172,0,0,1,1,0,1,1,53,POLK (53),0,NOT APPLICABLE,1,January,26,26,5,Thursday,2023,14,2:00pm-2:59pm,14,14,SR-22 ODOT 30,,3,State Highway,1,Rural,3,Other Principal Arterial,1,State Highway Agency,1,This Section IS ON the NHS,0,No Special Jurisdiction,44,44,45.01685556,45.01685556,-123.41945833,-123.41945833,24,Guardrail Face,0,The First Harmful Event was Not a Collision with a Motor Vehicle in Transport,0,No,1,Non-Junction,1,Not an Intersection,4,On Roadside,0,,1,Daylight,98,Not Reported,0,No,0000000,Not Applicable,99,Unknown,99,Unknown,99,Unknown EMS Scene Arrival Hour,99,Unknown EMS Scene Arrival Minutes,99,Unknown,99,Unknown EMS Hospital Arrival Time,1
41,Oregon,410174,0,0,3,3,0,4,4,47,MARION (47),1810,SALEM,2,February,3,3,6,Friday,2023,13,1:00pm-1:59pm,49,49,STATE ST,HAWTHORNE AVE SE,0,Not Signed,2,Urban,4,Minor Arterial,4,City or Municipal Highway Agency,0,This Section IS NOT on the NHS,0,No Special Jurisdiction,0,,44.92796111,44.92796111,-122.99355278,-122.99355278,12,Motor Vehicle In-Transport,2,Front-to-Front,0,No,2,Intersection,2,Four-Way Intersection,1,On Roadway,0,,1,Daylight,1,Clear,0,No,0000000,Not Applicable,13,1:00pm-1:59pm,49,49,13,1:00pm-1:59pm,54,54,14,2:00pm-2:59pm,5,5,1
41,Oregon,410176,1,1,1,1,0,2,2,39,LANE (39),660,EUGENE,5,May,13,13,7,Saturday,2023,3,3:00am-3:59am,54,54,E 24TH AVE,,0,Not Signed,2,Urban,4,Minor Arterial,4,City or Municipal Highway Agency,0,This Section IS NOT on the NHS,0,No Special Jurisdiction,0,,44.03343611,44.03343611,-123.07834167,-123.07834167,8,Pedestrian,0,The First Harmful Event was Not a Collision with a Motor Vehicle in Transport,0,No,1,Non-Junction,1,Not an Intersection,1,On Roadway,0,,2,Dark - Not Lighted,1,Clear,0,No,0000000,Not Applicable,99,Unknown,99,Unknown,99,Unknown EMS Scene Arrival Hour,99,Unknown EMS Scene Arrival Minutes,88,Not Applicable (Not Transported),88,Not Applicable (Not Transported),1
41,Oregon,410177,0,12,3,1,2,13,1,47,MARION (47),0,NOT APPLICABLE,5,May,18,18,5,Thursday,2023,14,2:00pm-2:59pm,5,5,I-5,,1,Interstate,1,Rural,1,Interstate,1,State Highway Agency,1,This Section IS ON the NHS,0,No Special Jurisdiction,2410,2410,44.74600833,44.74600833,-123.05150556,-123.05150556,14,Parked Motor Vehicle,0,The First Harmful Event was Not a Collision with a Motor Vehicle in Transport,0,No,1,Non-Junction,1,Not an Intersection,4,On Roadside,0,,1,Daylight,1,Clear,0,No,0000000,Not Applicable,99,Unknown,99,Unknown,99,Unknown EMS Scene Arrival Hour,99,Unknown EMS Scene Arrival Minutes,99,Unknown,99,Unknown EMS Hospital Arrival Time,7
41,Oregon,410179,0,0,2,2,0,4,4,9,COLUMBIA (9),0,NOT APPLICABLE,5,May,20,20,7,Saturday,2023,21,9:00pm-9:59pm,50,50,US-30 ODOT 92,BUTTERFIELD RD,2,U.S. Highway,1,Rural,3,Other Principal Arterial,1,State Highway Agency,1,This Section IS ON the NHS,0,No Special Jurisdiction,358,358,45.952025,45.952025,-122.86372778,-122.86372778,12,Motor Vehicle In-Transport,6,Angle,0,No,2,Intersection,3,T-Intersection,1,On Roadway,0,,3,Dark - Lighted,1,Clear,0,No,0000000,Not Applicable,21,9:00pm-9:59pm,50,50,21,9:00pm-9:59pm,55,55,99,Unknown,99,Unknown EMS Hospital Arrival Time,1
41,Oregon,410180,0,0,2,2,0,5,5,45,MALHEUR (45),0,NOT APPLICABLE,5,May,21,21,1,Sunday,2023,11,11:00am-11:59am,14,14,US-95 ODOT 456,,2,U.S. Highway,1,Rural,3,Other Principal Arterial,1,State Highway Agency,1,This Section IS ON the NHS,0,No Special Jurisdiction,250,250,42.98855833,42.98855833,-117.139725,-117.139725,12,Motor Vehicle In-Transport,2,Front-to-Front,0,No,1,Non-Junction,1,Not an Intersection,1,On Roadway,0,,1,Daylight,1,Clear,0,No,0000000,Not Applicable,11,11:00am-11:59am,15,15,11,11:00am-11:59am,22,22,99,Unknown,99,Unknown EMS Hospital Arrival Time,2
41,Oregon,410181,0,0,1,1,0,4,4,67,WASHINGTON (67),1000,HILLSBORO,5,May,22,22,2,Monday,2023,0,0:00am-0:59am,56,56,GLENCOE RD,NW CORY ST,0,Not Signed,2,Urban,4,Minor Arterial,4,City or Municipal Highway Agency,0,This Section IS NOT on the NHS,0,No Special Jurisdiction,0,,45.53909444,45.53909444,-122.99586389,-122.99586389,53,Mail Box,0,The First Harmful Event was Not a Collision with a Motor Vehicle in Transport,0,No,3,Intersection-Related,2,Four-Way Intersection,4,On Roadside,0,,3,Dark - Lighted,1,Clear,0,No,0000000,Not Applicable,99,Unknown,99,Unknown,99,Unknown EMS Scene Arrival Hour,99,Unknown EMS Scene Arrival Minutes,88,Not Applicable (Not Transported),88,Not Applicable (Not Transported),1
41,Oregon,410182,0,0,1,1,0,2,2,35,KLAMATH (35),0,NOT APPLICABLE,5,May,22,22,2,Monday,2023,6,6:00am-6:59am,24,24,SR-140E ODOT 20,,3,State Highway,1,Rural,3,Other Principal Arterial,1,State Highway Agency,1,This Section IS ON the NHS,0,No Special Jurisdiction,156,156,42.233875,42.233875,-121.58943333,-121.58943333,34,Ditch,0,The First Harmful Event was Not a Collision with a Motor Vehicle in Transport,0,No,1,Non-Junction,1,Not an Intersection,4,On Roadside,0,,9,Reported as Unknown,1,Clear,0,No,0000000,Not Applicable,6,6:00am-6:59am,24,24,6,6:00am-6:59am,33,33,99,Unknown,99,Unknown EMS Hospital Arrival Time,1
41,Oregon,410183,0,0,1,1,0,1,1,19,DOUGLAS (19),0,NOT APPLICABLE,5,May,22,22,2,Monday,2023,19,7:00pm-7:59pm,11,11,BUCKHORN RD,,0,Not Signed,1,Rural,5,Major Collector,2,County Highway Agency,0,This Section IS NOT on the NHS,0,No Special Jurisdiction,88,88,43.25029167,43.25029167,-123.11237222,-123.11237222,38,Fence,0,The First Harmful Event was Not a Collision with a Motor Vehicle in Transport,0,No,1,Non-Junction,1,Not an Intersection,4,On Roadside,0,,1,Daylight,1,Clear,0,No,0000000,Not Applicable,19,7:00pm-7:59pm,11,11,19,7:00pm-7:59pm,20,20,88,Not Applicable (Not Transported),88,Not Applicable (Not Transported),1
41,Oregon,410184,0,0,1,1,0,1,1,53,POLK (53),0,NOT APPLICABLE,4,April,6,6,5,Thursday,2023,15,3:00pm-3:59pm,6,6,HOFFMAN RD,,0,Not Signed,2,Urban,5,Major Collector,2,County Highway Agency,0,This Section IS NOT on the NHS,0,No Special Jurisdiction,7,7,44.86385556,44.86385556,-123.21981111,-123.21981111,32,Culvert,0,The First Harmful Event was Not a Collision with a Motor Vehicle in Transport,0,No,1,Non-Junction,1,Not an Intersection,4,On Roadside,0,,1,Daylight,2,Rain,0,No,0000000,Not Applicable,15,3:00pm-3:59pm,6,6,15,3:00pm-3:59pm,11,11,88,Not Applicable (Not Transported),88,Not Applicable (Not Transported),1
41,Oregon,410185,0,0,1,1,0,1,1,5,CLACKAMAS (5),0,NOT APPLICABLE,4,April,28,28,6,Friday,2023,22,10:00pm-10:59pm,0,0,S BLAIR RD,,0,Not Signed,1,Rural,7,Local,2,County Highway Agency,0,This Section IS NOT on the NHS,0,No Special Jurisdiction,20,20,45.053075,45.053075,-122.62038333,-122.62038333,1,Rollover/Overturn,0,The First Harmful Event was Not a Collision with a Motor Vehicle in Transport,0,No,1,Non-Junction,1,Not an Intersection,2,On Shoulder,0,,2,Dark - Not Lighted,1,Clear,0,No,0000000,Not Applicable,22,10:00pm-10:59pm,0,0,22,10:00pm-10:59pm,45,45,88,Not Applicable (Not Transported),88,Not Applicable (Not Transported),1
41,Oregon,410186,0,0,3,3,0,5,5,47,MARION (47),1810,SALEM,5,May,21,21,1,Sunday,2023,3,3:00am-3:59am,0,0,LANCASTER DR NE,BEVERLY AVE NE,0,Not Signed,2,Urban,3,Other Principal Arterial,4,City or Municipal Highway Agency,1,This Section IS ON the NHS,0,No Special Jurisdiction,0,,44.96128056,44.96128056,-122.98366389,-122.98366389,12,Motor Vehicle In-Transport,1,Front-to-Rear,0,No,3,Intersection-Related,2,Four-Way Intersection,1,On Roadway,0,,3,Dark - Lighted,1,Clear,0,No,0000000,Not Applicable,3,3:00am-3:59am,3,3,3,3:00am-3:59am,7,7,99,Unknown,99,Unknown EMS Hospital Arrival Time,1
41,Oregon,410187,0,0,2,2,0,5,5,11,COOS (11),0,NOT APPLICABLE,5,May,23,23,3,Tuesday,2023,12,12:00pm-12:59pm,16,16,US-101 ODOT 9,,2,U.S. Highway,1,Rural,3,Other Principal Arterial,1,State Highway Agency,1,This Section IS ON the NHS,0,No Special Jurisdiction,2522,2522,43.21625,43.21625,-124.30745556,-124.30745556,12,Motor Vehicle In-Transport,2,Front-to-Front,0,No,1,Non-Junction,1,Not an Intersection,1,On Roadway,0,,1,Daylight,10,Cloudy,0,No,0000000,Not Applicable,12,12:00pm-12:59pm,16,16,12,12:00pm-12:59pm,27,27,99,Unknown,99,Unknown EMS Hospital Arrival Time,2
41,Oregon,410188,0,0,1,1,0,1,1,43,LINN (43),0,NOT APPLICABLE,5,May,23,23,3,Tuesday,2023,10,10:00am-10:59am,39,39,LYONS MILL CITY DR,,0,Not Signed,1,Rural,5,Major Collector,2,County Highway Agency,0,This Section IS NOT on the NHS,0,No Special Jurisdiction,26,26,44.76331111,44.76331111,-122.56618056,-122.56618056,30,Utility Pole/Light Support,0,The First Harmful Event was Not a Collision with a Motor Vehicle in Transport,0,No,1,Non-Junction,1,Not an Intersection,4,On Roadside,0,,1,Daylight,1,Clear,0,No,0000000,Not Applicable,10,10:00am-10:59am,41,41,10,10:00am-10:59am,48,48,88,Not Applicable (Not Transported),88,Not Applicable (Not Transported),1
41,Oregon,410189,0,0,1,1,0,1,1,29,JACKSON (29),0,NOT APPLICABLE,5,May,24,24,4,Wednesday,2023,8,8:00am-8:59am,30,30,I-5,,1,Interstate,2,Urban,1,Interstate,1,State Highway Agency,1,This Section IS ON the NHS,0,No Special Jurisdiction,208,208,42.23958611,42.23958611,-122.76454722,-122.76454722,34,Ditch,0,The First Harmful Event was Not a Collision with a Motor Vehicle in Transport,0,No,1,Non-Junction,1,Not an Intersection,4,On Roadside,0,,1,Daylight,1,Clear,0,No,0000000,Not Applicable,8,8:00am-8:59am,35,35,8,8:00am-8:59am,43,43,88,Not Applicable (Not Transported),88,Not Applicable (Not Transported),1
41,Oregon,410190,1,1,1,1,0,1,1,51,MULTNOMAH (51),1650,PORTLAND,5,May,24,24,4,Wednesday,2023,13,1:00pm-1:59pm,37,37,SE DIVISION ST,,0,Not Signed,2,Urban,3,Other Principal Arterial,4,City or Municipal Highway Agency,1,This Section IS ON the NHS,0,No Special Jurisdiction,0,,45.50403333,45.50403333,-122.53646667,-122.53646667,8,Pedestrian,0,The First Harmful Event was Not a Collision with a Motor Vehicle in Transport,0,No,1,Non-Junction,1,Not an Intersection,1,On Roadway,0,,1,Daylight,98,Not Reported,0,No,0000000,Not Applicable,99,Unknown,99,Unknown,99,Unknown EMS Scene Arrival Hour,99,Unknown EMS Scene Arrival Minutes,13,1:00pm-1:59pm,51,51,1
41,Oregon,410191,0,0,1,1,0,1,1,43,LINN (43),0,NOT APPLICABLE,4,April,15,15,7,Saturday,2023,7,7:00am-7:59am,40,40,TOTEM POLE RD,,0,Not Signed,1,Rural,7,Local,2,County Highway Agency,0,This Section IS NOT on the NHS,0,No Special Jurisdiction,10,10,44.56553611,44.56553611,-122.81466111,-122.81466111,24,Guardrail Face,0,The First Harmful Event was Not a Collision with a Motor Vehicle in Transport,0,No,1,Non-Junction,1,Not an Intersection,4,On Roadside,0,,4,Dawn,1,Clear,0,No,0000000,Not Applicable,8,8:00am-8:59am,24,24,8,8:00am-8:59am,36,36,88,Not Applicable (Not Transported),88,Not Applicable (Not Transported),1
41,Oregon,410192,0,0,1,1,0,1,1,35,KLAMATH (35),0,NOT APPLICABLE,4,April,28,28,6,Friday,2023,23,11:00pm-11:59pm,6,6,TEARE LN,,0,Not Signed,1,Rural,7,Local,2,County Highway Agency,0,This Section IS NOT on the NHS,0,No Special Jurisdiction,39,39,42.18253611,42.18253611,-121.36323611,-121.36323611,34,Ditch,0,The First Harmful Event was Not a Collision with a Motor Vehicle in Transport,0,No,1,Non-Junction,1,Not an Intersection,4,On Roadside,0,,2,Dark - Not Lighted,1,Clear,0,No,0000000,Not Applicable,23,11:00pm-11:59pm,12,12,23,11:00pm-11:59pm,19,19,88,Not Applicable (Not Transported),88,Not Applicable (Not Transported),1
41,Oregon,410193,0,0,2,2,0,2,2,51,MULTNOMAH (51),1650,PORTLAND,4,April,30,30,1,Sunday,2023,0,0:00am-0:59am,45,45,SE FOSTER RD,SE 65TH AVE,0,Not Signed,2,Urban,4,Minor Arterial,4,City or Municipal Highway Agency,0,This Section IS NOT on the NHS,0,No Special Jurisdiction,0,,45.48926111,45.48926111,-122.59595278,-122.59595278,12,Motor Vehicle In-Transport,6,Angle,0,No,2,Intersection,2,Four-Way Intersection,1,On Roadway,0,,3,Dark - Lighted,1,Clear,0,No,0000000,Not Applicable,99,Unknown,99,Unknown,99,Unknown EMS Scene Arrival Hour,99,Unknown EMS Scene Arrival Minutes,99,Unknown,99,Unknown EMS Hospital Arrival Time,1
41,Oregon,410194,0,0,2,2,0,2,2,29,JACKSON (29),0,NOT APPLICABLE,5,May,27,27,7,Saturday,2023,17,5:00pm-5:59pm,4,4,SR-62 ODOT 22,,3,State Highway,1,Rural,4,Minor Arterial,1,State Highway Agency,0,This Section IS NOT on the NHS,0,No Special Jurisdiction,168,168,42.57168611,42.57168611,-122.81550556,-122.81550556,12,Motor Vehicle In-Transport,6,Angle,0,No,1,Non-Junction,1,Not an Intersection,1,On Roadway,0,,1,Daylight,1,Clear,0,No,0000000,Not Applicable,17,5:00pm-5:59pm,4,4,17,5:00pm-5:59pm,10,10,99,Unknown,99,Unknown EMS Hospital Arrival Time,1
41,Oregon,410195,0,0,2,2,0,5,5,51,MULTNOMAH (51),1650,PORTLAND,5,May,28,28,1,Sunday,2023,1,1:00am-1:59am,9,9,SE STARK ST,SE 139TH AVE,0,Not Signed,2,Urban,4,Minor Arterial,4,City or Municipal Highway Agency,0,This Section IS NOT on the NHS,0,No Special Jurisdiction,0,,45.51916111,45.51916111,-122.521,-122.521,12,Motor Vehicle In-Transport,6,Angle,0,No,2,Intersection,2,Four-Way Intersection,1,On Roadway,0,,3,Dark - Lighted,1,Clear,0,No,0000000,Not Applicable,1,1:00am-1:59am,9,9,1,1:00am-1:59am,16,16,1,1:00am-1:59am,41,41,1
41,Oregon,410196,0,0,1,1,0,7,7,39,LANE (39),0,NOT APPLICABLE,5,May,27,27,7,Saturday,2023,17,5:00pm-5:59pm,38,38,BIG FALL CREEK RD,,0,Not Signed,1,Rural,5,Major Collector,2,County Highway Agency,0,This Section IS NOT on the NHS,0,No Special Jurisdiction,39,39,43.956025,43.956025,-122.71935833,-122.71935833,42,Tree (Standing Only),0,The First Harmful Event was Not a Collision with a Motor Vehicle in Transport,0,No,1,Non-Junction,1,Not an Intersection,4,On Roadside,0,,1,Daylight,1,Clear,0,No,0000000,Not Applicable,17,5:00pm-5:59pm,40,40,17,5:00pm-5:59pm,43,43,18,6:00pm-6:59pm,4,4,1
41,Oregon,410197,1,1,1,1,0,1,1,47,MARION (47),0,NOT APPLICABLE,5,May,24,24,4,Wednesday,2023,0,0:00am-0:59am,44,44,MERIDIAN RD NE,,0,Not Signed,1,Rural,5,Major Collector,2,County Highway Agency,0,This Section IS NOT on the NHS,0,No Special Jurisdiction,15,15,45.033675,45.033675,-122.75985278,-122.75985278,9,Pedalcyclist,0,The First Harmful Event was Not a Collision with a Motor Vehicle in Transport,0,No,1,Non-Junction,1,Not an Intersection,1,On Roadway,0,,2,Dark - Not Lighted,1,Clear,0,No,0000000,Not Applicable,0,0:00am-0:59am,44,44,0,0:00am-0:59am,47,47,88,Not Applicable (Not Transported),88,Not Applicable (Not Transported),1
41,Oregon,410198,1,1,1,1,0,1,1,59,UMATILLA (59),990,HERMISTON,3,March,11,11,7,Saturday,2023,2,2:00am-2:59am,36,36,S 1ST PL,W ORCHARD AVE,0,Not Signed,2,Urban,5,Major Collector,4,City or Municipal Highway Agency,0,This Section IS NOT on the NHS,0,No Special Jurisdiction,0,,45.83942222,45.83942222,-119.290825,-119.290825,8,Pedestrian,0,The First Harmful Event was Not a Collision with a Motor Vehicle in Transport,0,No,2,Intersection,2,Four-Way Intersection,1,On Roadway,0,,3,Dark - Lighted,1,Clear,0,No,0000000,Not Applicable,99,Unknown,99,Unknown,99,Unknown EMS Scene Arrival Hour,99,Unknown EMS Scene Arrival Minutes,99,Unknown,99,Unknown EMS Hospital Arrival Time,1
41,Oregon,410200,0,0,1,1,0,1,1,5,CLACKAMAS (5),0,NOT APPLICABLE,5,May,14,14,1,Sunday,2023,18,6:00pm-6:59pm,33,33,SE RICHEY RD,,0,Not Signed,2,Urban,4,Minor Arterial,2,County Highway Agency,0,This Section IS NOT on the NHS,0,No Special Jurisdiction,7,7,45.42844167,45.42844167,-122.37525278,-122.37525278,21,Bridge Pier or Support,0,The First Harmful Event was Not a Collision with a Motor Vehicle in Transport,0,No,1,Non-Junction,1,Not an Intersection,4,On Roadside,0,,1,Daylight,1,Clear,0,No,0000000,Not Applicable,18,6:00pm-6:59pm,33,33,18,6:00pm-6:59pm,36,36,99,Unknown,99,Unknown EMS Hospital Arrival Time,1
41,Oregon,410201,0,0,2,2,0,4,4,33,JOSEPHINE (33),0,NOT APPLICABLE,6,June,1,1,5,Thursday,2023,11,11:00am-11:59am,46,46,US-199 ODOT 25,ROBINSON RD,2,U.S. Highway,2,Urban,3,Other Principal Arterial,1,State Highway Agency,1,This Section IS ON the NHS,0,No Special Jurisdiction,55,55,42.40948056,42.40948056,-123.43313611,-123.43313611,12,Motor Vehicle In-Transport,6,Angle,0,No,2,Intersection,2,Four-Way Intersection,1,On Roadway,0,,1,Daylight,1,Clear,0,No,0000000,Not Applicable,11,11:00am-11:59am,49,49,11,11:00am-11:59am,54,54,13,1:00pm-1:59pm,3,3,1
41,Oregon,410202,0,0,2,2,0,2,2,43,LINN (43),0,NOT APPLICABLE,6,June,2,2,6,Friday,2023,20,8:00pm-8:59pm,51,51,SR-126 ODOT 215,,3,State Highway,1,Rural,3,Other Principal Arterial,1,State Highway Agency,1,This Section IS ON the NHS,0,No Special Jurisdiction,128,128,44.25549722,44.25549722,-122.03903056,-122.03903056,12,Motor Vehicle In-Transport,6,Angle,0,No,8,Driveway Access Related,1,Not an Intersection,1,On Roadway,0,,5,Dusk,1,Clear,0,No,0000000,Not Applicable,20,8:00pm-8:59pm,51,51,21,9:00pm-9:59pm,22,22,99,Unknown,99,Unknown EMS Hospital Arrival Time,1
41,Oregon,410203,0,0,1,1,0,2,2,51,MULTNOMAH (51),1650,PORTLAND,6,June,4,4,1,Sunday,2023,2,2:00am-2:59am,15,15,SE MORRISON BRG-BELMONT ST,,0,Not Signed,2,Urban,4,Minor Arterial,1,State Highway Agency,0,This Section IS NOT on the NHS,0,No Special Jurisdiction,0,,45.51649167,45.51649167,-122.66590278,-122.66590278,25,Concrete Traffic Barrier,0,The First Harmful Event was Not a Collision with a Motor Vehicle in Transport,1,Yes,5,Entrance/Exit Ramp Related,1,Not an Intersection,4,On Roadside,2,Maintenance,2,Dark - Not Lighted,1,Clear,0,No,0000000,Not Applicable,99,Unknown,99,Unknown,99,Unknown EMS Scene Arrival Hour,99,Unknown EMS Scene Arrival Minutes,88,Not Applicable (Not Transported),88,Not Applicable (Not Transported),2
41,Oregon,410204,0,0,1,1,0,1,1,29,JACKSON (29),0,NOT APPLICABLE,6,June,5,5,2,Monday,2023,3,3:00am-3:59am,30,30,I-5,,1,Interstate,2,Urban,1,Interstate,1,State Highway Agency,1,This Section IS ON the NHS,0,No Special Jurisdiction,331,331,42.38308056,42.38308056,-122.90979444,-122.90979444,38,Fence,0,The First Harmful Event was Not a Collision with a Motor Vehicle in Transport,0,No,1,Non-Junction,1,Not an Intersection,4,On Roadside,0,,3,Dark - Lighted,1,Clear,0,No,0000000,Not Applicable,3,3:00am-3:59am,32,32,3,3:00am-3:59am,45,45,88,Not Applicable (Not Transported),88,Not Applicable (Not Transported),1
41,Oregon,410205,0,1,2,1,1,2,1,51,MULTNOMAH (51),0,NOT APPLICABLE,5,May,31,31,4,Wednesday,2023,23,11:00pm-11:59pm,0,0,I-84,,1,Interstate,1,Rural,1,Interstate,1,State Highway Agency,1,This Section IS ON the NHS,0,No Special Jurisdiction,350,350,45.59990833,45.59990833,-122.05007778,-122.05007778,14,Parked Motor Vehicle,0,The First Harmful Event was Not a Collision with a Motor Vehicle in Transport,0,No,1,Non-Junction,1,Not an Intersection,2,On Shoulder,1,Construction,2,Dark - Not Lighted,1,Clear,0,No,0000000,Not Applicable,23,11:00pm-11:59pm,0,0,0,0:00am-0:59am,12,12,0,0:00am-0:59am,43,43,1
41,Oregon,410206,0,0,2,2,0,3,3,11,COOS (11),0,NOT APPLICABLE,6,June,5,5,2,Monday,2023,18,6:00pm-6:59pm,40,40,US-101 ODOT 9,,2,U.S. Highway,1,Rural,3,Other Principal Arterial,1,State Highway Agency,1,This Section IS ON the NHS,0,No Special Jurisdiction,2838,2838,42.97832778,42.97832778,-124.4237,-124.4237,12,Motor Vehicle In-Transport,6,Angle,0,No,1,Non-Junction,1,Not an Intersection,1,On Roadway,0,,1,Daylight,1,Clear,0,No,0000000,Not Applicable,18,6:00pm-6:59pm,42,42,18,6:00pm-6:59pm,52,52,99,Unknown,99,Unknown EMS Hospital Arrival Time,1
41,Oregon,410207,0,0,2,2,0,2,2,51,MULTNOMAH (51),1650,PORTLAND,6,June,6,6,3,Tuesday,2023,19,7:00pm-7:59pm,41,41,NE FREMONT ST,N WILLIAMS AVE,0,Not Signed,2,Urban,5,Major Collector,4,City or Municipal Highway Agency,0,This Section IS NOT on the NHS,0,No Special Jurisdiction,0,,45.54829444,45.54829444,-122.66665,-122.66665,12,Motor Vehicle In-Transport,6,Angle,0,No,2,Intersection,2,Four-Way Intersection,1,On Roadway,0,,1,Daylight,1,Clear,0,No,0000000,Not Applicable,19,7:00pm-7:59pm,42,42,19,7:00pm-7:59pm,47,47,20,8:00pm-8:59pm,3,3,1
41,Oregon,410208,1,1,2,2,0,2,2,51,MULTNOMAH (51),1650,PORTLAND,6,June,6,6,3,Tuesday,2023,22,10:00pm-10:59pm,10,10,US-30 ODOT 123,,2,U.S. Highway,2,Urban,3,Other Principal Arterial,1,State Highway Agency,1,This Section IS ON the NHS,0,No Special Jurisdiction,77,77,45.57249444,45.57249444,-122.63062222,-122.63062222,8,Pedestrian,0,The First Harmful Event was Not a Collision with a Motor Vehicle in Transport,0,No,1,Non-Junction,1,Not an Intersection,1,On Roadway,0,,3,Dark - Lighted,1,Clear,0,No,0000000,Not Applicable,99,Unknown,99,Unknown,99,Unknown EMS Scene Arrival Hour,99,Unknown EMS Scene Arrival Minutes,88,Not Applicable (Not Transported),88,Not Applicable (Not Transported),1
41,Oregon,410209,1,1,1,1,0,1,1,29,JACKSON (29),0,NOT APPLICABLE,6,June,6,6,3,Tuesday,2023,22,10:00pm-10:59pm,28,28,I-5,,1,Interstate,2,Urban,1,Interstate,1,State Highway Agency,1,This Section IS ON the NHS,0,No Special Jurisdiction,328,328,42.38001944,42.38001944,-122.90583333,-122.90583333,8,Pedestrian,0,The First Harmful Event was Not a Collision with a Motor Vehicle in Transport,0,No,1,Non-Junction,1,Not an Intersection,1,On Roadway,0,,3,Dark - Lighted,10,Cloudy,0,No,0000000,Not Applicable,22,10:00pm-10:59pm,28,28,22,10:00pm-10:59pm,30,30,88,Not Applicable (Not Transported),88,Not Applicable (Not Transported),1
41,Oregon,410210,1,1,1,1,0,1,1,53,POLK (53),0,NOT APPLICABLE,6,June,10,10,7,Saturday,2023,11,11:00am-11:59am,24,24,SR-221 ODOT 150,,3,State Highway,1,Rural,4,Minor Arterial,1,State Highway Agency,0,This Section IS NOT on the NHS,0,No Special Jurisdiction,113,113,45.07019167,45.07019167,-123.07266389,-123.07266389,9,Pedalcyclist,0,The First Harmful Event was Not a Collision with a Motor Vehicle in Transport,0,No,1,Non-Junction,1,Not an Intersection,1,On Roadway,0,,1,Daylight,1,Clear,0,No,0000000,Not Applicable,11,11:00am-11:59am,29,29,11,11:00am-11:59am,38,38,88,Not Applicable (Not Transported),88,Not Applicable (Not Transported),1
41,Oregon,410211,0,0,3,3,0,4,4,29,JACKSON (29),0,NOT APPLICABLE,6,June,10,10,7,Saturday,2023,22,10:00pm-10:59pm,35,35,SR-34 ODOT 271,,3,State Highway,1,Rural,4,Minor Arterial,1,State Highway Agency,0,This Section IS NOT on the NHS,0,No Special Jurisdiction,148,148,42.52044722,42.52044722,-122.86199722,-122.86199722,12,Motor Vehicle In-Transport,8,Sideswipe - Opposite Direction,0,No,1,Non-Junction,1,Not an Intersection,1,On Roadway,0,,2,Dark - Not Lighted,1,Clear,0,No,0000000,Not Applicable,22,10:00pm-10:59pm,38,38,22,10:00pm-10:59pm,47,47,99,Unknown,99,Unknown EMS Hospital Arrival Time,1
41,Oregon,410212,0,0,3,3,0,4,4,47,MARION (47),0,NOT APPLICABLE,6,June,11,11,1,Sunday,2023,15,3:00pm-3:59pm,51,51,SR-22E ODOT 162,,3,State Highway,1,Rural,3,Other Principal Arterial,1,State Highway Agency,1,This Section IS ON the NHS,0,No Special Jurisdiction,605,605,44.69258333,44.69258333,-121.97348889,-121.97348889,17,Boulder,0,The First Harmful Event was Not a Collision with a Motor Vehicle in Transport,0,No,1,Non-Junction,1,Not an Intersection,4,On Roadside,0,,1,Daylight,1,Clear,0,No,0000000,Not Applicable,15,3:00pm-3:59pm,51,51,16,4:00pm-4:59pm,6,6,99,Unknown,99,Unknown EMS Hospital Arrival Time,1
41,Oregon,410214,0,0,2,2,0,2,2,17,DESCHUTES (17),1720,REDMOND,6,June,8,8,5,Thursday,2023,22,10:00pm-10:59pm,52,52,US-97 ODOT 4,,2,U.S. Highway,2,Urban,3,Other Principal Arterial,1,State Highway Agency,1,This Section IS ON the NHS,0,No Special Jurisdiction,1202,1202,44.28701944,44.28701944,-121.16765556,-121.16765556,12,Motor Vehicle In-Transport,1,Front-to-Rear,0,No,1,Non-Junction,1,Not an Intersection,1,On Roadway,0,,3,Dark - Lighted,10,Cloudy,0,No,0000000,Not Applicable,22,10:00pm-10:59pm,56,56,23,11:00pm-11:59pm,3,3,23,11:00pm-11:59pm,12,12,1
41,Oregon,410215,0,0,2,2,0,2,2,67,WASHINGTON (67),1000,HILLSBORO,6,June,14,14,4,Wednesday,2023,15,3:00pm-3:59pm,46,46,E MAIN ST,NE 55TH AVE,0,Not Signed,2,Urban,4,Minor Arterial,4,City or Municipal Highway Agency,0,This Section IS NOT on the NHS,0,No Special Jurisdiction,0,,45.51995556,45.51995556,-122.92601111,-122.92601111,12,Motor Vehicle In-Transport,6,Angle,0,No,2,Intersection,3,T-Intersection,1,On Roadway,0,,1,Daylight,1,Clear,1,Yes,0000000,Not Applicable,99,Unknown,99,Unknown,99,Unknown EMS Scene Arrival Hour,99,Unknown EMS Scene Arrival Minutes,88,Not Applicable (Not Transported),88,Not Applicable (Not Transported),1
41,Oregon,410216,0,0,2,2,0,4,4,53,POLK (53),0,NOT APPLICABLE,6,June,15,15,5,Thursday,2023,11,11:00am-11:59am,47,47,SR-223 ODOT 189,,3,State Highway,1,Rural,3,Other Principal Arterial,1,State Highway Agency,0,This Section IS NOT on the NHS,0,No Special Jurisdiction,32,32,44.92885278,44.92885278,-123.24623056,-123.24623056,12,Motor Vehicle In-Transport,6,Angle,0,No,1,Non-Junction,1,Not an Intersection,1,On Roadway,0,,1,Daylight,1,Clear,0,No,0000000,Not Applicable,11,11:00am-11:59am,47,47,11,11:00am-11:59am,50,50,99,Unknown,99,Unknown EMS Hospital Arrival Time,1
41,Oregon,410217,0,0,1,1,0,1,1,5,CLACKAMAS (5),0,NOT APPLICABLE,5,May,14,14,1,Sunday,2023,11,11:00am-11:59am,22,22,S BEAVERCREEK RD,,0,Not Signed,1,Rural,4,Minor Arterial,2,County Highway Agency,0,This Section IS NOT on the NHS,0,No Special Jurisdiction,91,91,45.26385278,45.26385278,-122.51773611,-122.51773611,42,Tree (Standing Only),0,The First Harmful Event was Not a Collision with a Motor Vehicle in Transport,0,No,1,Non-Junction,1,Not an Intersection,4,On Roadside,0,,1,Daylight,1,Clear,0,No,0000000,Not Applicable,11,11:00am-11:59am,22,22,11,11:00am-11:59am,34,34,88,Not Applicable (Not Transported),88,Not Applicable (Not Transported),1
41,Oregon,410218,0,0,2,2,0,2,2,65,WASCO (65),1300,MAUPIN,6,June,15,15,5,Thursday,2023,15,3:00pm-3:59pm,20,20,US-197 ODOT 4,,2,U.S. Highway,1,Rural,4,Minor Arterial,1,State Highway Agency,0,This Section IS NOT on the NHS,0,No Special Jurisdiction,441,441,45.17213889,45.17213889,-121.0919,-121.0919,12,Motor Vehicle In-Transport,1,Front-to-Rear,0,No,8,Driveway Access Related,1,Not an Intersection,1,On Roadway,0,,1,Daylight,1,Clear,0,No,0000000,Not Applicable,15,3:00pm-3:59pm,21,21,15,3:00pm-3:59pm,31,31,88,Not Applicable (Not Transported),88,Not Applicable (Not Transported),1
41,Oregon,410219,0,0,2,2,0,2,2,9,COLUMBIA (9),0,NOT APPLICABLE,6,June,20,20,3,Tuesday,2023,5,5:00am-5:59am,15,15,US-30 ODOT 92,,2,U.S. Highway,1,Rural,3,Other Principal Arterial,1,State Highway Agency,1,This Section IS ON the NHS,0,No Special Jurisdiction,409,409,46.02175278,46.02175278,-122.87877778,-122.87877778,12,Motor Vehicle In-Transport,2,Front-to-Front,0,No,1,Non-Junction,1,Not an Intersection,1,On Roadway,0,,4,Dawn,10,Cloudy,0,No,0000000,Not Applicable,5,5:00am-5:59am,16,16,5,5:00am-5:59am,23,23,88,Not Applicable (Not Transported),88,Not Applicable (Not Transported),1
41,Oregon,410220,1,1,1,1,0,1,1,47,MARION (47),1810,SALEM,6,June,17,17,7,Saturday,2023,4,4:00am-4:59am,55,55,SR-99E CHEMAWA RD NE,,3,State Highway,2,Urban,3,Other Principal Arterial,4,City or Municipal Highway Agency,1,This Section IS ON the NHS,0,No Special Jurisdiction,0,,45.00449167,45.00449167,-122.98301389,-122.98301389,15,Non-Motorist on Personal Conveyance,0,The First Harmful Event was Not a Collision with a Motor Vehicle in Transport,0,No,1,Non-Junction,1,Not an Intersection,1,On Roadway,0,,2,Dark - Not Lighted,10,Cloudy,0,No,0000000,Not Applicable,4,4:00am-4:59am,57,57,5,5:00am-5:59am,4,4,88,Not Applicable (Not Transported),88,Not Applicable (Not Transported),1
41,Oregon,410221,2,2,1,1,0,1,1,17,DESCHUTES (17),190,BEND,6,June,17,17,7,Saturday,2023,16,4:00pm-4:59pm,30,30,US-20 ODOT 7,DEAN SWIFT RD,2,U.S. Highway,2,Urban,3,Other Principal Arterial,1,State Highway Agency,1,This Section IS ON the NHS,0,No Special Jurisdiction,21,21,44.05490833,44.05490833,-121.27109722,-121.27109722,9,Pedalcyclist,0,The First Harmful Event was Not a Collision with a Motor Vehicle in Transport,0,No,3,Intersection-Related,3,T-Intersection,1,On Roadway,0,,1,Daylight,1,Clear,0,No,0000000,Not Applicable,16,4:00pm-4:59pm,32,32,16,4:00pm-4:59pm,36,36,16,4:00pm-4:59pm,44,44,1
41,Oregon,410222,0,0,2,2,0,3,3,9,COLUMBIA (9),1790,ST. HELENS,6,June,17,17,7,Saturday,2023,19,7:00pm-7:59pm,46,46,US-30 ODOT 92,COLUMBIA BLVD,2,U.S. Highway,2,Urban,3,Other Principal Arterial,1,State Highway Agency,1,This Section IS ON the NHS,0,No Special Jurisdiction,285,285,45.85902778,45.85902778,-122.82130556,-122.82130556,12,Motor Vehicle In-Transport,6,Angle,0,No,2,Intersection,2,Four-Way Intersection,1,On Roadway,0,,1,Daylight,1,Clear,0,No,0000000,Not Applicable,19,7:00pm-7:59pm,46,46,19,7:00pm-7:59pm,53,53,88,Not Applicable (Not Transported),88,Not Applicable (Not Transported),1
41,Oregon,410223,0,0,3,2,1,2,2,51,MULTNOMAH (51),1650,PORTLAND,6,June,22,22,5,Thursday,2023,17,5:00pm-5:59pm,43,43,SE STARK ST,SE 135TH AVE,0,Not Signed,2,Urban,4,Minor Arterial,4,City or Municipal Highway Agency,0,This Section IS NOT on the NHS,0,No Special Jurisdiction,0,,45.51903611,45.51903611,-122.52484722,-122.52484722,12,Motor Vehicle In-Transport,6,Angle,0,No,2,Intersection,3,T-Intersection,1,On Roadway,0,,1,Daylight,1,Clear,0,No,0000000,Not Applicable,17,5:00pm-5:59pm,43,43,17,5:00pm-5:59pm,48,48,18,6:00pm-6:59pm,18,18,1
41,Oregon,410224,0,0,1,1,0,5,5,47,MARION (47),1810,SALEM,6,June,23,23,6,Friday,2023,2,2:00am-2:59am,3,3,KUEBLER BLVD,,0,Not Signed,2,Urban,3,Other Principal Arterial,1,State Highway Agency,1,This Section IS ON the NHS,0,No Special Jurisdiction,0,,44.88534444,44.88534444,-123.00323056,-123.00323056,35,Embankment,0,The First Harmful Event was Not a Collision with a Motor Vehicle in Transport,0,No,1,Non-Junction,1,Not an Intersection,4,On Roadside,0,,3,Dark - Lighted,1,Clear,0,No,0000000,Not Applicable,2,2:00am-2:59am,3,3,2,2:00am-2:59am,8,8,88,Not Applicable (Not Transported),88,Not Applicable (Not Transported),2
41,Oregon,410226,0,0,2,2,0,3,3,35,KLAMATH (35),0,NOT APPLICABLE,6,June,23,23,6,Friday,2023,3,3:00am-3:59am,20,20,US-97 ODOT 4,,2,U.S. Highway,1,Rural,3,Other Principal Arterial,1,State Highway Agency,1,This Section IS ON the NHS,0,No Special Jurisdiction,2170,2170,43.02401111,43.02401111,-121.82590556,-121.82590556,12,Motor Vehicle In-Transport,6,Angle,0,No,1,Non-Junction,1,Not an Intersection,1,On Roadway,0,,2,Dark - Not Lighted,1,Clear,0,No,0000000,Not Applicable,3,3:00am-3:59am,19,19,4,4:00am-4:59am,14,14,99,Unknown,99,Unknown EMS Hospital Arrival Time,2
41,Oregon,410227,1,1,1,1,0,1,1,39,LANE (39),0,NOT APPLICABLE,6,June,23,23,6,Friday,2023,3,3:00am-3:59am,35,35,SR-126 ODOT 62,,3,State Highway,1,Rural,3,Other Principal Arterial,1,State Highway Agency,1,This Section IS ON the NHS,0,No Special Jurisdiction,185,185,44.01409722,44.01409722,-123.78735556,-123.78735556,8,Pedestrian,0,The First Harmful Event was Not a Collision with a Motor Vehicle in Transport,0,No,1,Non-Junction,1,Not an Intersection,1,On Roadway,0,,2,Dark - Not Lighted,10,Cloudy,0,No,0000000,Not Applicable,3,3:00am-3:59am,39,39,3,3:00am-3:59am,43,43,88,Not Applicable (Not Transported),88,Not Applicable (Not Transported),1
41,Oregon,410228,0,0,2,2,0,2,2,39,LANE (39),0,NOT APPLICABLE,6,June,24,24,7,Saturday,2023,22,10:00pm-10:59pm,11,11,US-101 ODOT 9,SUTTON LAKE RD,2,U.S. Highway,1,Rural,3,Other Principal Arterial,1,State Highway Agency,1,This Section IS ON the NHS,0,No Special Jurisdiction,1849,1849,44.05133056,44.05133056,-124.09780278,-124.09780278,12,Motor Vehicle In-Transport,6,Angle,0,No,2,Intersection,3,T-Intersection,1,On Roadway,0,,2,Dark - Not Lighted,1,Clear,0,No,0000000,Not Applicable,22,10:00pm-10:59pm,11,11,22,10:00pm-10:59pm,13,13,88,Not Applicable (Not Transported),88,Not Applicable (Not Transported),1
41,Oregon,410229,0,0,1,1,0,1,1,53,POLK (53),1810,SALEM,6,June,25,25,1,Sunday,2023,0,0:00am-0:59am,1,1,DOAKS FERRY RD NW,GLEN CREEK RD NW,0,Not Signed,2,Urban,4,Minor Arterial,4,City or Municipal Highway Agency,0,This Section IS NOT on the NHS,0,No Special Jurisdiction,0,,44.95219722,44.95219722,-123.08466389,-123.08466389,1,Rollover/Overturn,0,The First Harmful Event was Not a Collision with a Motor Vehicle in Transport,0,No,3,Intersection-Related,3,T-Intersection,1,On Roadway,0,,3,Dark - Lighted,1,Clear,0,No,0000000,Not Applicable,0,0:00am-0:59am,5,5,0,0:00am-0:59am,9,9,88,Not Applicable (Not Transported),88,Not Applicable (Not Transported),1
41,Oregon,410230,1,1,1,1,0,1,1,39,LANE (39),1960,SPRINGFIELD,6,June,25,25,1,Sunday,2023,1,1:00am-1:59am,49,49,SR-126 ODOT 15,,3,State Highway,2,Urban,3,Other Principal Arterial,1,State Highway Agency,1,This Section IS ON the NHS,0,No Special Jurisdiction,36,36,44.04591667,44.04591667,-122.98225278,-122.98225278,15,Non-Motorist on Personal Conveyance,0,The First Harmful Event was Not a Collision with a Motor Vehicle in Transport,0,No,1,Non-Junction,1,Not an Intersection,1,On Roadway,0,,3,Dark - Lighted,10,Cloudy,0,No,0000000,Not Applicable,1,1:00am-1:59am,50,50,1,1:00am-1:59am,50,50,88,Not Applicable (Not Transported),88,Not Applicable (Not Transported),1
41,Oregon,410231,0,0,1,1,0,1,1,5,CLACKAMAS (5),2253,WILSONVILLE,6,June,25,25,1,Sunday,2023,1,1:00am-1:59am,50,50,SW WILSONVILLE RD,,0,Not Signed,2,Urban,4,Minor Arterial,4,City or Municipal Highway Agency,0,This Section IS NOT on the NHS,0,No Special Jurisdiction,0,,45.30276389,45.30276389,-122.78511111,-122.78511111,42,Tree (Standing Only),0,The First Harmful Event was Not a Collision with a Motor Vehicle in Transport,0,No,1,Non-Junction,1,Not an Intersection,4,On Roadside,0,,3,Dark - Lighted,1,Clear,0,No,0000000,Not Applicable,1,1:00am-1:59am,50,50,1,1:00am-1:59am,53,53,88,Not Applicable (Not Transported),88,Not Applicable (Not Transported),1
41,Oregon,410232,0,0,5,4,1,8,8,51,MULTNOMAH (51),1650,PORTLAND,6,June,25,25,1,Sunday,2023,18,6:00pm-6:59pm,11,11,NE GLISAN ST,,0,Not Signed,2,Urban,3,Other Principal Arterial,4,City or Municipal Highway Agency,1,This Section IS ON the NHS,0,No Special Jurisdiction,0,,45.52647778,45.52647778,-122.51168333,-122.51168333,12,Motor Vehicle In-Transport,1,Front-to-Rear,0,No,1,Non-Junction,1,Not an Intersection,1,On Roadway,0,,1,Daylight,1,Clear,0,No,0000000,Not Applicable,18,6:00pm-6:59pm,15,15,18,6:00pm-6:59pm,24,24,99,Unknown,99,Unknown EMS Hospital Arrival Time,1
41,Oregon,410233,1,1,2,2,0,3,3,19,DOUGLAS (19),0,NOT APPLICABLE,6,June,24,24,7,Saturday,2023,22,10:00pm-10:59pm,19,19,I-5,,1,Interstate,2,Urban,1,Interstate,1,State Highway Agency,1,This Section IS ON the NHS,0,No Special Jurisdiction,1223,1223,43.191125,43.191125,-123.36561111,-123.36561111,8,Pedestrian,0,The First Harmful Event was Not a Collision with a Motor Vehicle in Transport,0,No,1,Non-Junction,1,Not an Intersection,1,On Roadway,0,,2,Dark - Not Lighted,1,Clear,0,No,0000000,Not Applicable,22,10:00pm-10:59pm,20,20,22,10:00pm-10:59pm,29,29,88,Not Applicable (Not Transported),88,Not Applicable (Not Transported),1
41,Oregon,410234,0,0,2,2,0,2,2,5,CLACKAMAS (5),1830,SANDY,6,June,26,26,2,Monday,2023,0,0:00am-0:59am,22,22,US-26 ODOT 26,,2,U.S. Highway,2,Urban,3,Other Principal Arterial,1,State Highway Agency,1,This Section IS ON the NHS,0,No Special Jurisdiction,243,243,45.39625556,45.39625556,-122.26133889,-122.26133889,12,Motor Vehicle In-Transport,1,Front-to-Rear,0,No,1,Non-Junction,1,Not an Intersection,1,On Roadway,0,,3,Dark - Lighted,1,Clear,0,No,0000000,Not Applicable,0,0:00am-0:59am,22,22,0,0:00am-0:59am,22,22,88,Not Applicable (Not Transported),88,Not Applicable (Not Transported),1
41,Oregon,410235,0,0,2,2,0,3,3,19,DOUGLAS (19),0,NOT APPLICABLE,6,June,28,28,4,Wednesday,2023,12,12:00pm-12:59pm,8,8,US-101 ODOT 9,,2,U.S. Highway,1,Rural,3,Other Principal Arterial,1,State Highway Agency,1,This Section IS ON the NHS,0,No Special Jurisdiction,2086,2086,43.74096389,43.74096389,-124.11175833,-124.11175833,12,Motor Vehicle In-Transport,2,Front-to-Front,0,No,1,Non-Junction,1,Not an Intersection,1,On Roadway,0,,1,Daylight,1,Clear,0,No,0000000,Not Applicable,12,12:00pm-12:59pm,8,8,12,12:00pm-12:59pm,24,24,99,Unknown,99,Unknown EMS Hospital Arrival Time,2
41,Oregon,410236,0,0,1,1,0,1,1,67,WASHINGTON (67),2065,TIGARD,6,June,29,29,5,Thursday,2023,2,2:00am-2:59am,33,33,SW WALNUT ST,,0,Not Signed,2,Urban,4,Minor Arterial,4,City or Municipal Highway Agency,0,This Section IS NOT on the NHS,0,No Special Jurisdiction,0,,45.42966389,45.42966389,-122.78525278,-122.78525278,42,Tree (Standing Only),0,The First Harmful Event was Not a Collision with a Motor Vehicle in Transport,0,No,1,Non-Junction,1,Not an Intersection,4,On Roadside,0,,3,Dark - Lighted,1,Clear,0,No,0000000,Not Applicable,99,Unknown,99,Unknown,99,Unknown EMS Scene Arrival Hour,99,Unknown EMS Scene Arrival Minutes,88,Not Applicable (Not Transported),88,Not Applicable (Not Transported),1
41,Oregon,410237,0,0,2,2,0,5,5,43,LINN (43),20,ALBANY,5,May,19,19,6,Friday,2023,15,3:00pm-3:59pm,51,51,SR-99 ODOT 58,,3,State Highway,2,Urban,3,Other Principal Arterial,1,State Highway Agency,1,This Section IS ON the NHS,0,No Special Jurisdiction,47,47,44.59973333,44.59973333,-123.11340556,-123.11340556,12,Motor Vehicle In-Transport,6,Angle,0,No,8,Driveway Access Related,1,Not an Intersection,1,On Roadway,0,,1,Daylight,1,Clear,0,No,0000000,Not Applicable,15,3:00pm-3:59pm,51,51,15,3:00pm-3:59pm,52,52,99,Unknown,99,Unknown EMS Hospital Arrival Time,1
41,Oregon,410238,0,0,1,1,0,1,1,37,LAKE (37),0,NOT APPLICABLE,5,May,28,28,1,Sunday,2023,19,7:00pm-7:59pm,30,30,USFS 027,,0,Not Signed,1,Rural,5,Major Collector,2,County Highway Agency,0,This Section IS NOT on the NHS,0,No Special Jurisdiction,0,,42.949275,42.949275,-121.11395833,-121.11395833,34,Ditch,0,The First Harmful Event was Not a Collision with a Motor Vehicle in Transport,0,No,1,Non-Junction,1,Not an Intersection,4,On Roadside,0,,1,Daylight,1,Clear,0,No,0000000,Not Applicable,99,Unknown,99,Unknown,99,Unknown EMS Scene Arrival Hour,99,Unknown EMS Scene Arrival Minutes,99,Unknown,99,Unknown EMS Hospital Arrival Time,1
41,Oregon,410239,0,0,2,2,0,2,2,65,WASCO (65),0,NOT APPLICABLE,6,June,29,29,5,Thursday,2023,14,2:00pm-2:59pm,10,10,US-97 ODOT 42,,2,U.S. Highway,1,Rural,3,Other Principal Arterial,1,State Highway Agency,1,This Section IS ON the NHS,0,No Special Jurisdiction,686,686,44.92010278,44.92010278,-120.94558889,-120.94558889,12,Motor Vehicle In-Transport,2,Front-to-Front,0,No,1,Non-Junction,1,Not an Intersection,1,On Roadway,0,,1,Daylight,1,Clear,0,No,0000000,Not Applicable,14,2:00pm-2:59pm,17,17,14,2:00pm-2:59pm,36,36,88,Not Applicable (Not Transported),88,Not Applicable (Not Transported),1
41,Oregon,410240,1,1,1,1,0,1,1,51,MULTNOMAH (51),1650,PORTLAND,6,June,29,29,5,Thursday,2023,23,11:00pm-11:59pm,41,41,NE 33RD DR,,0,Not Signed,2,Urban,4,Minor Arterial,4,City or Municipal Highway Agency,0,This Section IS NOT on the NHS,0,No Special Jurisdiction,0,,45.58670833,45.58670833,-122.63193333,-122.63193333,8,Pedestrian,0,The First Harmful Event was Not a Collision with a Motor Vehicle in Transport,0,No,1,Non-Junction,1,Not an Intersection,1,On Roadway,0,,3,Dark - Lighted,1,Clear,0,No,0000000,Not Applicable,99,Unknown,99,Unknown,99,Unknown EMS Scene Arrival Hour,99,Unknown EMS Scene Arrival Minutes,88,Not Applicable (Not Transported),88,Not Applicable (Not Transported),1
41,Oregon,410241,0,0,1,1,0,6,6,29,JACKSON (29),0,NOT APPLICABLE,7,July,2,2,1,Sunday,2023,4,4:00am-4:59am,57,57,I-5 RAMP,,1,Interstate,1,Rural,1,Interstate,1,State Highway Agency,1,This Section IS ON the NHS,0,No Special Jurisdiction,54,54,42.07465556,42.07465556,-122.605,-122.605,1,Rollover/Overturn,0,The First Harmful Event was Not a Collision with a Motor Vehicle in Transport,1,Yes,5,Entrance/Exit Ramp Related,1,Not an Intersection,4,On Roadside,0,,6,Dark - Unknown Lighting,1,Clear,0,No,0000000,Not Applicable,4,4:00am-4:59am,57,57,5,5:00am-5:59am,12,12,5,5:00am-5:59am,57,57,1
41,Oregon,410242,0,0,1,1,0,2,2,23,GRANT (23),0,NOT APPLICABLE,7,July,2,2,1,Sunday,2023,12,12:00pm-12:59pm,20,20,US-26 ODOT 5,,2,U.S. Highway,1,Rural,3,Other Principal Arterial,1,State Highway Agency,1,This Section IS ON the NHS,0,No Special Jurisdiction,1982,1982,44.56029444,44.56029444,-118.36731111,-118.36731111,24,Guardrail Face,0,The First Harmful Event was Not a Collision with a Motor Vehicle in Transport,0,No,1,Non-Junction,1,Not an Intersection,4,On Roadside,0,,1,Daylight,1,Clear,0,No,0000000,Not Applicable,12,12:00pm-12:59pm,20,20,12,12:00pm-12:59pm,40,40,99,Unknown,99,Unknown EMS Hospital Arrival Time,1
41,Oregon,410243,0,0,2,2,0,4,4,45,MALHEUR (45),0,NOT APPLICABLE,6,June,30,30,6,Friday,2023,5,5:00am-5:59am,36,36,US-98 ODOT 456,,2,U.S. Highway,1,Rural,3,Other Principal Arterial,1,State Highway Agency,1,This Section IS ON the NHS,0,No Special Jurisdiction,652,652,42.77740833,42.77740833,-117.83684167,-117.83684167,12,Motor Vehicle In-Transport,6,Angle,0,No,1,Non-Junction,1,Not an Intersection,1,On Roadway,0,,4,Dawn,1,Clear,0,No,0000000,Not Applicable,5,5:00am-5:59am,44,44,6,6:00am-6:59am,39,39,99,Unknown,99,Unknown EMS Hospital Arrival Time,1
41,Oregon,410244,0,0,2,2,0,3,3,33,JOSEPHINE (33),860,GRANTS PASS,7,July,2,2,1,Sunday,2023,19,7:00pm-7:59pm,4,4,SR-199 ODOT 60,SR-99 ODOT 482,3,State Highway,2,Urban,3,Other Principal Arterial,1,State Highway Agency,1,This Section IS ON the NHS,0,No Special Jurisdiction,1,1,42.42554167,42.42554167,-123.32853889,-123.32853889,12,Motor Vehicle In-Transport,6,Angle,0,No,2,Intersection,2,Four-Way Intersection,1,On Roadway,0,,1,Daylight,1,Clear,0,No,0000000,Not Applicable,99,Unknown,99,Unknown,99,Unknown EMS Scene Arrival Hour,99,Unknown EMS Scene Arrival Minutes,88,Not Applicable (Not Transported),88,Not Applicable (Not Transported),1
41,Oregon,410245,0,0,1,1,0,1,1,53,POLK (53),0,NOT APPLICABLE,7,July,3,3,2,Monday,2023,14,2:00pm-2:59pm,35,35,SR-22W ODOT 30,,3,State Highway,1,Rural,3,Other Principal Arterial,1,State Highway Agency,1,This Section IS ON the NHS,0,No Special Jurisdiction,199,199,44.93272222,44.93272222,-123.14861111,-123.14861111,38,Fence,0,The First Harmful Event was Not a Collision with a Motor Vehicle in Transport,0,No,1,Non-Junction,1,Not an Intersection,4,On Roadside,0,,1,Daylight,1,Clear,0,No,0000000,Not Applicable,14,2:00pm-2:59pm,31,31,14,2:00pm-2:59pm,35,35,88,Not Applicable (Not Transported),88,Not Applicable (Not Transported),1
41,Oregon,410246,0,0,2,2,0,7,7,51,MULTNOMAH (51),1650,PORTLAND,7,July,5,5,4,Wednesday,2023,21,9:00pm-9:59pm,40,40,I-205 RAMP 5,SE FOSTER RD,1,Interstate,2,Urban,1,Interstate,1,State Highway Agency,1,This Section IS ON the NHS,0,No Special Jurisdiction,178,178,45.47877778,45.47877778,-122.56480278,-122.56480278,12,Motor Vehicle In-Transport,6,Angle,1,Yes,2,Intersection,2,Four-Way Intersection,1,On Roadway,0,,3,Dark - Lighted,1,Clear,0,No,0000000,Not Applicable,99,Unknown,99,Unknown,99,Unknown EMS Scene Arrival Hour,99,Unknown EMS Scene Arrival Minutes,99,Unknown,99,Unknown EMS Hospital Arrival Time,2
41,Oregon,410247,0,0,3,3,0,7,7,39,LANE (39),0,NOT APPLICABLE,7,July,5,5,4,Wednesday,2023,17,5:00pm-5:59pm,45,45,SR-126 ODOT 62,,3,State Highway,1,Rural,3,Other Principal Arterial,1,State Highway Agency,1,This Section IS ON the NHS,0,No Special Jurisdiction,310,310,44.02176667,44.02176667,-123.60830278,-123.60830278,12,Motor Vehicle In-Transport,8,Sideswipe - Opposite Direction,0,No,1,Non-Junction,1,Not an Intersection,1,On Roadway,0,,1,Daylight,1,Clear,0,No,0000000,Not Applicable,17,5:00pm-5:59pm,45,45,18,6:00pm-6:59pm,28,28,19,7:00pm-7:59pm,18,18,3
41,Oregon,410248,0,0,2,2,0,5,5,45,MALHEUR (45),0,NOT APPLICABLE,7,July,6,6,5,Thursday,2023,8,8:00am-8:59am,29,29,US-20 ODOT 7,,2,U.S. Highway,1,Rural,3,Other Principal Arterial,1,State Highway Agency,1,This Section IS ON the NHS,0,No Special Jurisdiction,2347,2347,43.91810278,43.91810278,-117.410825,-117.410825,12,Motor Vehicle In-Transport,2,Front-to-Front,0,No,1,Non-Junction,1,Not an Intersection,1,On Roadway,0,,1,Daylight,1,Clear,0,No,0000000,Not Applicable,8,8:00am-8:59am,32,32,8,8:00am-8:59am,43,43,88,Not Applicable (Not Transported),88,Not Applicable (Not Transported),5
41,Oregon,410249,0,0,1,1,0,1,1,43,LINN (43),0,NOT APPLICABLE,5,May,4,4,5,Thursday,2023,15,3:00pm-3:59pm,25,25,PEORIA RD,,0,Not Signed,1,Rural,5,Major Collector,2,County Highway Agency,0,This Section IS NOT on the NHS,0,No Special Jurisdiction,166,166,44.35005833,44.35005833,-123.192275,-123.192275,34,Ditch,0,The First Harmful Event was Not a Collision with a Motor Vehicle in Transport,0,No,1,Non-Junction,1,Not an Intersection,4,On Roadside,0,,1,Daylight,10,Cloudy,0,No,0000000,Not Applicable,15,3:00pm-3:59pm,29,29,15,3:00pm-3:59pm,39,39,88,Not Applicable (Not Transported),88,Not Applicable (Not Transported),1
41,Oregon,410250,0,0,2,2,0,3,3,33,JOSEPHINE (33),860,GRANTS PASS,6,June,29,29,5,Thursday,2023,9,9:00am-9:59am,54,54,REDWOOD AVE,DARNEILLE LN,0,Not Signed,2,Urban,4,Minor Arterial,4,City or Municipal Highway Agency,0,This Section IS NOT on the NHS,0,No Special Jurisdiction,0,,42.42238611,42.42238611,-123.38639722,-123.38639722,12,Motor Vehicle In-Transport,6,Angle,0,No,2,Intersection,2,Four-Way Intersection,1,On Roadway,0,,1,Daylight,1,Clear,0,No,0000000,Not Applicable,9,9:00am-9:59am,55,55,10,10:00am-10:59am,7,7,10,10:00am-10:59am,39,39,1
41,Oregon,410251,0,0,2,2,0,2,2,47,MARION (47),0,NOT APPLICABLE,6,June,22,22,5,Thursday,2023,18,6:00pm-6:59pm,4,4,MILL CREEK RD SE,75TH PL SE,0,Not Signed,1,Rural,5,Major Collector,2,County Highway Agency,0,This Section IS NOT on the NHS,0,No Special Jurisdiction,20,20,44.83871667,44.83871667,-122.90676944,-122.90676944,12,Motor Vehicle In-Transport,6,Angle,0,No,2,Intersection,3,T-Intersection,1,On Roadway,0,,1,Daylight,1,Clear,0,No,0000000,Not Applicable,18,6:00pm-6:59pm,4,4,18,6:00pm-6:59pm,7,7,99,Unknown,99,Unknown EMS Hospital Arrival Time,1
41,Oregon,410252,0,0,1,1,0,1,1,19,DOUGLAS (19),0,NOT APPLICABLE,7,July,5,5,4,Wednesday,2023,16,4:00pm-4:59pm,30,30,GARDEN VALLEY RD,,0,Not Signed,1,Rural,4,Minor Arterial,2,County Highway Agency,0,This Section IS NOT on the NHS,0,No Special Jurisdiction,7,7,43.27982778,43.27982778,-123.4105,-123.4105,38,Fence,0,The First Harmful Event was Not a Collision with a Motor Vehicle in Transport,0,No,1,Non-Junction,1,Not an Intersection,4,On Roadside,0,,1,Daylight,1,Clear,0,No,0000000,Not Applicable,16,4:00pm-4:59pm,31,31,16,4:00pm-4:59pm,35,35,16,4:00pm-4:59pm,57,57,1
41,Oregon,410253,0,0,3,3,0,7,7,3,BENTON (3),420,CORVALLIS,7,July,6,6,5,Thursday,2023,17,5:00pm-5:59pm,48,48,SR-99W 91,,3,State Highway,2,Urban,3,Other Principal Arterial,1,State Highway Agency,1,This Section IS ON the NHS,0,No Special Jurisdiction,808,808,44.60198333,44.60198333,-123.24764444,-123.24764444,12,Motor Vehicle In-Transport,2,Front-to-Front,0,No,1,Non-Junction,1,Not an Intersection,1,On Roadway,0,,1,Daylight,1,Clear,0,No,0000000,Not Applicable,17,5:00pm-5:59pm,52,52,18,6:00pm-6:59pm,3,3,18,6:00pm-6:59pm,26,26,1
41,Oregon,410254,0,0,1,1,0,1,1,47,MARION (47),1810,SALEM,7,July,7,7,6,Friday,2023,5,5:00am-5:59am,40,40,FAIRWAY AVE SE,,0,Not Signed,2,Urban,5,Major Collector,4,City or Municipal Highway Agency,0,This Section IS NOT on the NHS,0,No Special Jurisdiction,0,,44.85875278,44.85875278,-123.01861111,-123.01861111,35,Embankment,0,The First Harmful Event was Not a Collision with a Motor Vehicle in Transport,0,No,1,Non-Junction,1,Not an Intersection,4,On Roadside,0,,4,Dawn,10,Cloudy,0,No,0000000,Not Applicable,5,5:00am-5:59am,40,40,5,5:00am-5:59am,49,49,88,Not Applicable (Not Transported),88,Not Applicable (Not Transported),1
41,Oregon,410255,1,1,1,1,0,1,1,41,LINCOLN (41),0,NOT APPLICABLE,7,July,7,7,6,Friday,2023,13,1:00pm-1:59pm,10,10,US-101 ODOT 9,,2,U.S. Highway,2,Urban,3,Other Principal Arterial,1,State Highway Agency,1,This Section IS ON the NHS,0,No Special Jurisdiction,1246,1246,44.84831389,44.84831389,-124.04515833,-124.04515833,9,Pedalcyclist,0,The First Harmful Event was Not a Collision with a Motor Vehicle in Transport,0,No,1,Non-Junction,1,Not an Intersection,1,On Roadway,0,,1,Daylight,1,Clear,0,No,0000000,Not Applicable,13,1:00pm-1:59pm,10,10,13,1:00pm-1:59pm,10,10,88,Not Applicable (Not Transported),88,Not Applicable (Not Transported),1
41,Oregon,410256,0,0,2,2,0,3,3,35,KLAMATH (35),0,NOT APPLICABLE,7,July,8,8,7,Saturday,2023,1,1:00am-1:59am,11,11,US-97 ODOT 4,,2,U.S. Highway,1,Rural,3,Other Principal Arterial,1,State Highway Agency,1,This Section IS ON the NHS,0,No Special Jurisdiction,2641,2641,42.36975556,42.36975556,-121.81876944,-121.81876944,12,Motor Vehicle In-Transport,2,Front-to-Front,0,No,1,Non-Junction,1,Not an Intersection,1,On Roadway,0,,2,Dark - Not Lighted,1,Clear,0,No,0000000,Not Applicable,1,1:00am-1:59am,12,12,1,1:00am-1:59am,24,24,99,Unknown,99,Unknown EMS Hospital Arrival Time,1
41,Oregon,410257,0,0,2,2,0,5,5,65,WASCO (65),0,NOT APPLICABLE,7,July,8,8,7,Saturday,2023,15,3:00pm-3:59pm,19,19,US-26 ODOT 53,,2,U.S. Highway,1,Rural,3,Other Principal Arterial,1,State Highway Agency,1,This Section IS ON the NHS,0,No Special Jurisdiction,790,790,45.04816667,45.04816667,-121.51039444,-121.51039444,12,Motor Vehicle In-Transport,2,Front-to-Front,0,No,1,Non-Junction,1,Not an Intersection,1,On Roadway,0,,1,Daylight,1,Clear,0,No,0000000,Not Applicable,15,3:00pm-3:59pm,19,19,15,3:00pm-3:59pm,26,26,99,Unknown,99,Unknown EMS Hospital Arrival Time,2
41,Oregon,410258,0,0,1,1,0,1,1,59,UMATILLA (59),0,NOT APPLICABLE,7,July,8,8,7,Saturday,2023,16,4:00pm-4:59pm,22,22,US-395B ODOT 28,,2,U.S. Highway,1,Rural,3,Other Principal Arterial,1,State Highway Agency,1,This Section IS ON the NHS,0,No Special Jurisdiction,518,518,45.11253889,45.11253889,-118.97325,-118.97325,35,Embankment,0,The First Harmful Event was Not a Collision with a Motor Vehicle in Transport,0,No,1,Non-Junction,1,Not an Intersection,4,On Roadside,0,,1,Daylight,1,Clear,0,No,0000000,Not Applicable,16,4:00pm-4:59pm,22,22,16,4:00pm-4:59pm,30,30,88,Not Applicable (Not Transported),88,Not Applicable (Not Transported),1
41,Oregon,410259,0,0,2,2,0,4,4,51,MULTNOMAH (51),1650,PORTLAND,7,July,8,8,7,Saturday,2023,22,10:00pm-10:59pm,19,19,SE STARK ST,SE 102ND AVE,0,Not Signed,2,Urban,4,Minor Arterial,4,City or Municipal Highway Agency,0,This Section IS NOT on the NHS,0,No Special Jurisdiction,0,,45.51905,45.51905,-122.55846667,-122.55846667,12,Motor Vehicle In-Transport,6,Angle,0,No,2,Intersection,2,Four-Way Intersection,1,On Roadway,0,,3,Dark - Lighted,1,Clear,0,No,0000000,Not Applicable,22,10:00pm-10:59pm,19,19,22,10:00pm-10:59pm,30,30,23,11:00pm-11:59pm,4,4,1
41,Oregon,410260,0,0,2,2,0,2,2,59,UMATILLA (59),0,NOT APPLICABLE,7,July,9,9,1,Sunday,2023,13,1:00pm-1:59pm,45,45,SR-11 ODOT 8,SR-331 ODOT 331,3,State Highway,1,Rural,3,Other Principal Arterial,1,State Highway Agency,1,This Section IS ON the NHS,0,No Special Jurisdiction,44,44,45.70325556,45.70325556,-118.68366944,-118.68366944,12,Motor Vehicle In-Transport,6,Angle,0,No,2,Intersection,7,"Five Point, or More",1,On Roadway,0,,1,Daylight,1,Clear,0,No,0000000,Not Applicable,13,1:00pm-1:59pm,45,45,13,1:00pm-1:59pm,50,50,99,Unknown,99,Unknown EMS Hospital Arrival Time,1
41,Oregon,410261,0,0,2,2,0,2,2,39,LANE (39),0,NOT APPLICABLE,7,July,11,11,3,Tuesday,2023,3,3:00am-3:59am,5,5,LONDON RD,,0,Not Signed,1,Rural,5,Major Collector,2,County Highway Agency,0,This Section IS NOT on the NHS,0,No Special Jurisdiction,115,115,43.61396111,43.61396111,-123.08147778,-123.08147778,12,Motor Vehicle In-Transport,2,Front-to-Front,0,No,1,Non-Junction,1,Not an Intersection,1,On Roadway,0,,2,Dark - Not Lighted,1,Clear,0,No,0000000,Not Applicable,3,3:00am-3:59am,25,25,3,3:00am-3:59am,25,25,99,Unknown,99,Unknown EMS Hospital Arrival Time,1
41,Oregon,410262,0,0,1,1,0,1,1,65,WASCO (65),0,NOT APPLICABLE,7,July,11,11,3,Tuesday,2023,14,2:00pm-2:59pm,38,38,US-197 ODOT 4,,2,U.S. Highway,1,Rural,4,Minor Arterial,1,State Highway Agency,0,This Section IS NOT on the NHS,0,No Special Jurisdiction,309,309,45.28649722,45.28649722,-121.18389167,-121.18389167,34,Ditch,0,The First Harmful Event was Not a Collision with a Motor Vehicle in Transport,0,No,1,Non-Junction,1,Not an Intersection,4,On Roadside,0,,1,Daylight,1,Clear,0,No,0000000,Not Applicable,14,2:00pm-2:59pm,36,36,14,2:00pm-2:59pm,36,36,88,Not Applicable (Not Transported),88,Not Applicable (Not Transported),1
41,Oregon,410263,0,0,2,2,0,3,3,25,HARNEY (25),0,NOT APPLICABLE,7,July,11,11,3,Tuesday,2023,16,4:00pm-4:59pm,53,53,US-20 ODOT 7,,2,U.S. Highway,1,Rural,3,Other Principal Arterial,1,State Highway Agency,1,This Section IS ON the NHS,0,No Special Jurisdiction,850,850,43.557175,43.557175,-119.875825,-119.875825,12,Motor Vehicle In-Transport,2,Front-to-Front,0,No,1,Non-Junction,1,Not an Intersection,1,On Roadway,0,,1,Daylight,1,Clear,0,No,0000000,Not Applicable,15,3:00pm-3:59pm,10,10,99,Unknown EMS Scene Arrival Hour,99,Unknown EMS Scene Arrival Minutes,88,Not Applicable (Not Transported),88,Not Applicable (Not Transported),3
41,Oregon,410264,1,1,1,1,0,1,1,47,MARION (47),0,NOT APPLICABLE,7,July,12,12,4,Wednesday,2023,4,4:00am-4:59am,44,44,SR-164 ODOT 164 RAMP,,3,State Highway,1,Rural,4,Minor Arterial,1,State Highway Agency,0,This Section IS NOT on the NHS,0,No Special Jurisdiction,0,,44.79545278,44.79545278,-123.03350278,-123.03350278,8,Pedestrian,0,The First Harmful Event was Not a Collision with a Motor Vehicle in Transport,1,Yes,20,Entrance/Exit Ramp,1,Not an Intersection,1,On Roadway,0,,4,Dawn,1,Clear,0,No,0000000,Not Applicable,4,4:00am-4:59am,44,44,4,4:00am-4:59am,55,55,88,Not Applicable (Not Transported),88,Not Applicable (Not Transported),1
41,Oregon,410265,0,0,1,1,0,1,1,35,KLAMATH (35),0,NOT APPLICABLE,7,July,11,11,3,Tuesday,2023,99,Unknown Hours,99,Unknown Minutes,BLISS RD,,0,Not Signed,1,Rural,5,Major Collector,2,County Highway Agency,0,This Section IS NOT on the NHS,0,No Special Jurisdiction,81,81,42.39054722,42.39054722,-121.54626111,-121.54626111,17,Boulder,0,The First Harmful Event was Not a Collision with a Motor Vehicle in Transport,0,No,1,Non-Junction,1,Not an Intersection,4,On Roadside,0,,9,Reported as Unknown,1,Clear,0,No,0000000,Not Applicable,99,Unknown,99,Unknown,99,Unknown EMS Scene Arrival Hour,99,Unknown EMS Scene Arrival Minutes,88,Not Applicable (Not Transported),88,Not Applicable (Not Transported),1
41,Oregon,410267,0,0,2,2,0,3,3,33,JOSEPHINE (33),0,NOT APPLICABLE,7,July,14,14,6,Friday,2023,13,1:00pm-1:59pm,14,14,SR-238 ODOT 272,,3,State Highway,1,Rural,4,Minor Arterial,1,State Highway Agency,0,This Section IS NOT on the NHS,0,No Special Jurisdiction,83,83,42.33543611,42.33543611,-123.30261944,-123.30261944,12,Motor Vehicle In-Transport,6,Angle,0,No,8,Driveway Access Related,1,Not an Intersection,1,On Roadway,0,,1,Daylight,1,Clear,0,No,0000000,Not Applicable,13,1:00pm-1:59pm,14,14,13,1:00pm-1:59pm,25,25,88,Not Applicable (Not Transported),88,Not Applicable (Not Transported),1
41,Oregon,410268,0,0,2,2,0,2,2,51,MULTNOMAH (51),1650,PORTLAND,7,July,14,14,6,Friday,2023,14,2:00pm-2:59pm,24,24,SR-99W ODOT 91,,3,State Highway,2,Urban,3,Other Principal Arterial,1,State Highway Agency,1,This Section IS ON the NHS,0,No Special Jurisdiction,57,57,45.45658333,45.45658333,-122.71390833,-122.71390833,12,Motor Vehicle In-Transport,6,Angle,0,No,8,Driveway Access Related,1,Not an Intersection,4,On Roadside,0,,1,Daylight,1,Clear,0,No,0000000,Not Applicable,14,2:00pm-2:59pm,27,27,14,2:00pm-2:59pm,36,36,15,3:00pm-3:59pm,0,0,1
41,Oregon,410269,0,0,1,1,0,1,1,23,GRANT (23),0,NOT APPLICABLE,7,July,15,15,7,Saturday,2023,9,9:00am-9:59am,0,0,US-395B ODOT 28,,2,U.S. Highway,1,Rural,3,Other Principal Arterial,1,State Highway Agency,1,This Section IS ON the NHS,0,No Special Jurisdiction,882,882,44.74066389,44.74066389,-119.10181111,-119.10181111,1,Rollover/Overturn,0,The First Harmful Event was Not a Collision with a Motor Vehicle in Transport,0,No,1,Non-Junction,1,Not an Intersection,4,On Roadside,0,,1,Daylight,1,Clear,0,No,0000000,Not Applicable,9,9:00am-9:59am,3,3,9,9:00am-9:59am,14,14,88,Not Applicable (Not Transported),88,Not Applicable (Not Transported),1
41,Oregon,410270,1,1,2,2,0,2,2,51,MULTNOMAH (51),1650,PORTLAND,7,July,15,15,7,Saturday,2023,18,6:00pm-6:59pm,24,24,SE CESAR E CHAVEZ BLVD,SE TAYLOR ST,0,Not Signed,2,Urban,3,Other Principal Arterial,4,City or Municipal Highway Agency,1,This Section IS ON the NHS,0,No Special Jurisdiction,0,,45.51511389,45.51511389,-122.623,-122.623,12,Motor Vehicle In-Transport,1,Front-to-Rear,0,No,3,Intersection-Related,2,Four-Way Intersection,1,On Roadway,0,,1,Daylight,1,Clear,0,No,0000000,Not Applicable,99,Unknown,99,Unknown,99,Unknown EMS Scene Arrival Hour,99,Unknown EMS Scene Arrival Minutes,88,Not Applicable (Not Transported),88,Not Applicable (Not Transported),1
41,Oregon,410271,0,0,2,2,0,3,3,51,MULTNOMAH (51),1650,PORTLAND,7,July,15,15,7,Saturday,2023,23,11:00pm-11:59pm,30,30,N MARINE DR,N BYBEE LAKE RD,0,Not Signed,2,Urban,4,Minor Arterial,4,City or Municipal Highway Agency,1,This Section IS ON the NHS,0,No Special Jurisdiction,0,,45.62831667,45.62831667,-122.74175278,-122.74175278,12,Motor Vehicle In-Transport,6,Angle,0,No,2,Intersection,2,Four-Way Intersection,1,On Roadway,0,,3,Dark - Lighted,1,Clear,0,No,0000000,Not Applicable,99,Unknown,99,Unknown,99,Unknown EMS Scene Arrival Hour,99,Unknown EMS Scene Arrival Minutes,88,Not Applicable (Not Transported),88,Not Applicable (Not Transported),1
41,Oregon,410272,1,1,1,1,0,3,3,51,MULTNOMAH (51),1650,PORTLAND,7,July,16,16,1,Sunday,2023,22,10:00pm-10:59pm,40,40,I-5,,1,Interstate,2,Urban,1,Interstate,1,State Highway Agency,1,This Section IS ON the NHS,0,No Special Jurisdiction,3020,3020,45.53145833,45.53145833,-122.66518889,-122.66518889,8,Pedestrian,0,The First Harmful Event was Not a Collision with a Motor Vehicle in Transport,0,No,1,Non-Junction,1,Not an Intersection,1,On Roadway,0,,3,Dark - Lighted,1,Clear,0,No,0000000,Not Applicable,99,Unknown,99,Unknown,99,Unknown EMS Scene Arrival Hour,99,Unknown EMS Scene Arrival Minutes,88,Not Applicable (Not Transported),88,Not Applicable (Not Transported),1
41,Oregon,410273,0,0,1,1,0,1,1,19,DOUGLAS (19),0,NOT APPLICABLE,7,July,18,18,3,Tuesday,2023,4,4:00am-4:59am,35,35,SR-138W ODOT 231,,3,State Highway,1,Rural,4,Minor Arterial,1,State Highway Agency,0,This Section IS NOT on the NHS,0,No Special Jurisdiction,194,194,43.43003056,43.43003056,-123.39958611,-123.39958611,34,Ditch,0,The First Harmful Event was Not a Collision with a Motor Vehicle in Transport,0,No,1,Non-Junction,1,Not an Intersection,4,On Roadside,0,,2,Dark - Not Lighted,1,Clear,0,No,0000000,Not Applicable,4,4:00am-4:59am,40,40,4,4:00am-4:59am,45,45,88,Not Applicable (Not Transported),88,Not Applicable (Not Transported),1
41,Oregon,410274,0,0,2,2,0,5,5,39,LANE (39),0,NOT APPLICABLE,7,July,15,15,7,Saturday,2023,11,11:00am-11:59am,16,16,ROW RIVER RD,,0,Not Signed,1,Rural,5,Major Collector,2,County Highway Agency,0,This Section IS NOT on the NHS,0,No Special Jurisdiction,136,136,43.72528333,43.72528333,-122.86321944,-122.86321944,24,Guardrail Face,0,The First Harmful Event was Not a Collision with a Motor Vehicle in Transport,0,No,1,Non-Junction,1,Not an Intersection,4,On Roadside,0,,1,Daylight,1,Clear,0,No,0000000,Not Applicable,11,11:00am-11:59am,18,18,11,11:00am-11:59am,43,43,12,12:00pm-12:59pm,33,33,1
41,Oregon,410275,0,0,1,1,0,3,3,57,TILLAMOOK (57),0,NOT APPLICABLE,7,July,18,18,3,Tuesday,2023,10,10:00am-10:59am,53,53,SR-18 ODOT 39,,3,State Highway,1,Rural,3,Other Principal Arterial,1,State Highway Agency,1,This Section IS ON the NHS,0,No Special Jurisdiction,124,124,45.05510833,45.05510833,-123.75795,-123.75795,1,Rollover/Overturn,0,The First Harmful Event was Not a Collision with a Motor Vehicle in Transport,0,No,1,Non-Junction,1,Not an Intersection,4,On Roadside,0,,1,Daylight,1,Clear,0,No,0000000,Not Applicable,10,10:00am-10:59am,53,53,11,11:00am-11:59am,28,28,99,Unknown,99,Unknown EMS Hospital Arrival Time,1
41,Oregon,410276,0,0,1,1,0,1,1,43,LINN (43),0,NOT APPLICABLE,7,July,13,13,5,Thursday,2023,15,3:00pm-3:59pm,26,26,SR-126 ODOT 215,,3,State Highway,1,Rural,3,Other Principal Arterial,1,State Highway Agency,1,This Section IS ON the NHS,0,No Special Jurisdiction,84,84,44.30951111,44.30951111,-122.016025,-122.016025,35,Embankment,0,The First Harmful Event was Not a Collision with a Motor Vehicle in Transport,0,No,1,Non-Junction,1,Not an Intersection,4,On Roadside,0,,1,Daylight,1,Clear,0,No,0000000,Not Applicable,15,3:00pm-3:59pm,28,28,16,4:00pm-4:59pm,11,11,99,Unknown,99,Unknown EMS Hospital Arrival Time,1
41,Oregon,410277,0,0,2,2,0,4,4,51,MULTNOMAH (51),1650,PORTLAND,7,July,20,20,5,Thursday,2023,21,9:00pm-9:59pm,33,33,SR-26 ODOT 26,SE 63RD AVE,3,State Highway,2,Urban,3,Other Principal Arterial,1,State Highway Agency,1,This Section IS ON the NHS,0,No Special Jurisdiction,40,40,45.49741667,45.49741667,-122.59834722,-122.59834722,12,Motor Vehicle In-Transport,6,Angle,0,No,2,Intersection,3,T-Intersection,1,On Roadway,0,,3,Dark - Lighted,1,Clear,0,No,0000000,Not Applicable,21,9:00pm-9:59pm,34,34,21,9:00pm-9:59pm,39,39,22,10:00pm-10:59pm,14,14,3
41,Oregon,410278,0,0,2,2,0,4,4,51,MULTNOMAH (51),1650,PORTLAND,7,July,21,21,6,Friday,2023,1,1:00am-1:59am,32,32,SR-99 ODOT 91,SW 22ND AVE,3,State Highway,2,Urban,3,Other Principal Arterial,1,State Highway Agency,1,This Section IS ON the NHS,0,No Special Jurisdiction,49,49,45.4642,45.4642,-122.70021389,-122.70021389,12,Motor Vehicle In-Transport,6,Angle,0,No,2,Intersection,2,Four-Way Intersection,1,On Roadway,0,,3,Dark - Lighted,1,Clear,0,No,0000000,Not Applicable,1,1:00am-1:59am,32,32,1,1:00am-1:59am,42,42,2,2:00am-2:59am,6,6,1
41,Oregon,410279,1,1,1,1,0,1,1,39,LANE (39),0,NOT APPLICABLE,7,July,20,20,5,Thursday,2023,22,10:00pm-10:59pm,45,45,PRAIRIE RD,,0,Not Signed,2,Urban,5,Major Collector,2,County Highway Agency,0,This Section IS NOT on the NHS,0,No Special Jurisdiction,12,12,44.10446667,44.10446667,-123.16288333,-123.16288333,8,Pedestrian,0,The First Harmful Event was Not a Collision with a Motor Vehicle in Transport,0,No,1,Non-Junction,1,Not an Intersection,2,On Shoulder,0,,2,Dark - Not Lighted,98,Not Reported,0,No,0000000,Not Applicable,5,5:00am-5:59am,34,34,5,5:00am-5:59am,39,39,88,Not Applicable (Not Transported),88,Not Applicable (Not Transported),1
41,Oregon,410281,0,0,1,1,0,1,1,55,SHERMAN (55),0,NOT APPLICABLE,7,July,21,21,6,Friday,2023,16,4:00pm-4:59pm,16,16,US-97 ODOT 42,,2,U.S. Highway,1,Rural,3,Other Principal Arterial,1,State Highway Agency,1,This Section IS ON the NHS,0,No Special Jurisdiction,260,260,45.38551667,45.38551667,-120.78921944,-120.78921944,34,Ditch,0,The First Harmful Event was Not a Collision with a Motor Vehicle in Transport,0,No,1,Non-Junction,1,Not an Intersection,4,On Roadside,0,,1,Daylight,1,Clear,0,No,0000000,Not Applicable,99,Unknown,99,Unknown,99,Unknown EMS Scene Arrival Hour,99,Unknown EMS Scene Arrival Minutes,88,Not Applicable (Not Transported),88,Not Applicable (Not Transported),1
41,Oregon,410282,0,0,2,2,0,2,2,57,TILLAMOOK (57),0,NOT APPLICABLE,7,July,22,22,7,Saturday,2023,10,10:00am-10:59am,25,25,US-101 ODOT 9,,2,U.S. Highway,1,Rural,3,Other Principal Arterial,1,State Highway Agency,1,This Section IS ON the NHS,0,No Special Jurisdiction,584,584,45.54270556,45.54270556,-123.90193333,-123.90193333,12,Motor Vehicle In-Transport,2,Front-to-Front,0,No,1,Non-Junction,1,Not an Intersection,1,On Roadway,0,,1,Daylight,98,Not Reported,0,No,0000000,Not Applicable,99,Unknown,99,Unknown,99,Unknown EMS Scene Arrival Hour,99,Unknown EMS Scene Arrival Minutes,99,Unknown,99,Unknown EMS Hospital Arrival Time,2
41,Oregon,410283,0,0,2,2,0,3,3,5,CLACKAMAS (5),0,NOT APPLICABLE,7,July,23,23,1,Sunday,2023,10,10:00am-10:59am,46,46,SR-211 ODOT 161,,3,State Highway,1,Rural,4,Minor Arterial,1,State Highway Agency,0,This Section IS NOT on the NHS,0,No Special Jurisdiction,251,251,45.20479444,45.20479444,-122.37647222,-122.37647222,12,Motor Vehicle In-Transport,2,Front-to-Front,0,No,1,Non-Junction,1,Not an Intersection,1,On Roadway,0,,1,Daylight,1,Clear,0,No,0000000,Not Applicable,10,10:00am-10:59am,46,46,11,11:00am-11:59am,0,0,99,Unknown,99,Unknown EMS Hospital Arrival Time,1
41,Oregon,410284,0,0,1,1,0,1,1,71,YAMHILL (71),0,NOT APPLICABLE,6,June,10,10,7,Saturday,2023,17,5:00pm-5:59pm,5,5,NE NORTH VALLEY RD,,0,Not Signed,1,Rural,5,Major Collector,2,County Highway Agency,0,This Section IS NOT on the NHS,0,No Special Jurisdiction,24,24,45.32925833,45.32925833,-123.03096944,-123.03096944,1,Rollover/Overturn,0,The First Harmful Event was Not a Collision with a Motor Vehicle in Transport,0,No,1,Non-Junction,1,Not an Intersection,4,On Roadside,0,,1,Daylight,1,Clear,0,No,0000000,Not Applicable,17,5:00pm-5:59pm,7,7,17,5:00pm-5:59pm,12,12,88,Not Applicable (Not Transported),88,Not Applicable (Not Transported),1
41,Oregon,410286,0,0,2,2,0,2,2,67,WASHINGTON (67),0,NOT APPLICABLE,7,July,13,13,5,Thursday,2023,14,2:00pm-2:59pm,50,50,SW ROY ROGERS RD,,0,Not Signed,2,Urban,4,Minor Arterial,2,County Highway Agency,0,This Section IS NOT on the NHS,0,No Special Jurisdiction,0,,45.38403333,45.38403333,-122.85205833,-122.85205833,12,Motor Vehicle In-Transport,2,Front-to-Front,0,No,1,Non-Junction,1,Not an Intersection,1,On Roadway,0,,1,Daylight,1,Clear,0,No,0000000,Not Applicable,14,2:00pm-2:59pm,54,54,15,3:00pm-3:59pm,4,4,16,4:00pm-4:59pm,8,8,1
41,Oregon,410287,0,0,3,3,0,5,5,47,MARION (47),2260,WOODBURN,7,July,24,24,2,Monday,2023,15,3:00pm-3:59pm,6,6,SR-214 ODOT 140,,3,State Highway,2,Urban,3,Other Principal Arterial,1,State Highway Agency,1,This Section IS ON the NHS,0,No Special Jurisdiction,380,380,45.15031111,45.15031111,-122.8549,-122.8549,12,Motor Vehicle In-Transport,8,Sideswipe - Opposite Direction,0,No,1,Non-Junction,1,Not an Intersection,1,On Roadway,0,,1,Daylight,1,Clear,0,No,0000000,Not Applicable,15,3:00pm-3:59pm,8,8,15,3:00pm-3:59pm,15,15,99,Unknown,99,Unknown EMS Hospital Arrival Time,1
41,Oregon,410288,0,0,1,1,0,1,1,67,WASHINGTON (67),0,NOT APPLICABLE,7,July,18,18,3,Tuesday,2023,21,9:00pm-9:59pm,17,17,SR-219 ODOT 140,,3,State Highway,1,Rural,4,Minor Arterial,1,State Highway Agency,0,This Section IS NOT on the NHS,0,No Special Jurisdiction,116,116,45.38711389,45.38711389,-122.949575,-122.949575,42,Tree (Standing Only),0,The First Harmful Event was Not a Collision with a Motor Vehicle in Transport,0,No,1,Non-Junction,1,Not an Intersection,4,On Roadside,0,,2,Dark - Not Lighted,10,Cloudy,0,No,0000000,Not Applicable,21,9:00pm-9:59pm,18,18,21,9:00pm-9:59pm,30,30,88,Not Applicable (Not Transported),88,Not Applicable (Not Transported),1
41,Oregon,410289,0,0,2,2,0,4,4,43,LINN (43),0,NOT APPLICABLE,7,July,25,25,3,Tuesday,2023,15,3:00pm-3:59pm,26,26,PEORIA RD,,0,Not Signed,1,Rural,5,Major Collector,2,County Highway Agency,0,This Section IS NOT on the NHS,0,No Special Jurisdiction,148,148,44.36595833,44.36595833,-123.19789167,-123.19789167,12,Motor Vehicle In-Transport,2,Front-to-Front,0,No,1,Non-Junction,1,Not an Intersection,1,On Roadway,0,,1,Daylight,1,Clear,0,No,0000000,Not Applicable,15,3:00pm-3:59pm,26,26,15,3:00pm-3:59pm,35,35,88,Not Applicable (Not Transported),88,Not Applicable (Not Transported),1
41,Oregon,410290,0,0,2,2,0,2,2,47,MARION (47),0,NOT APPLICABLE,7,July,26,26,4,Wednesday,2023,20,8:00pm-8:59pm,55,55,SR-214 ODOT 163,,3,State Highway,1,Rural,5,Major Collector,1,State Highway Agency,0,This Section IS NOT on the NHS,0,No Special Jurisdiction,370,370,44.98243333,44.98243333,-122.72961667,-122.72961667,12,Motor Vehicle In-Transport,6,Angle,0,No,8,Driveway Access Related,1,Not an Intersection,1,On Roadway,0,,5,Dusk,1,Clear,0,No,0000000,Not Applicable,20,8:00pm-8:59pm,56,56,21,9:00pm-9:59pm,7,7,88,Not Applicable (Not Transported),88,Not Applicable (Not Transported),1
41,Oregon,410291,0,0,1,1,0,1,1,71,YAMHILL (71),0,NOT APPLICABLE,7,July,18,18,3,Tuesday,2023,18,6:00pm-6:59pm,12,12,SW FORT HILL RD,,0,Not Signed,1,Rural,5,Major Collector,2,County Highway Agency,0,This Section IS NOT on the NHS,0,No Special Jurisdiction,29,29,45.09514444,45.09514444,-123.53955278,-123.53955278,30,Utility Pole/Light Support,0,The First Harmful Event was Not a Collision with a Motor Vehicle in Transport,0,No,1,Non-Junction,1,Not an Intersection,4,On Roadside,0,,1,Daylight,1,Clear,0,No,0000000,Not Applicable,18,6:00pm-6:59pm,9,9,18,6:00pm-6:59pm,18,18,88,Not Applicable (Not Transported),88,Not Applicable (Not Transported),1
41,Oregon,410292,0,0,2,2,0,3,3,17,DESCHUTES (17),0,NOT APPLICABLE,7,July,28,28,6,Friday,2023,16,4:00pm-4:59pm,26,26,US-20 ODOT 17,,2,U.S. Highway,2,Urban,3,Other Principal Arterial,1,State Highway Agency,1,This Section IS ON the NHS,0,No Special Jurisdiction,147,147,44.14518333,44.14518333,-121.33102778,-121.33102778,12,Motor Vehicle In-Transport,6,Angle,0,No,1,Non-Junction,1,Not an Intersection,1,On Roadway,1,Construction,1,Daylight,1,Clear,0,No,0000000,Not Applicable,16,4:00pm-4:59pm,26,26,16,4:00pm-4:59pm,33,33,99,Unknown,99,Unknown EMS Hospital Arrival Time,1
41,Oregon,410293,0,0,2,2,0,2,2,51,MULTNOMAH (51),1650,PORTLAND,7,July,28,28,6,Friday,2023,19,7:00pm-7:59pm,13,13,NE HALSEY ST,,0,Not Signed,2,Urban,3,Other Principal Arterial,4,City or Municipal Highway Agency,1,This Section IS ON the NHS,0,No Special Jurisdiction,0,,45.53348611,45.53348611,-122.54654444,-122.54654444,33,Curb,0,The First Harmful Event was Not a Collision with a Motor Vehicle in Transport,0,No,1,Non-Junction,1,Not an Intersection,4,On Roadside,0,,5,Dusk,1,Clear,0,No,0000000,Not Applicable,99,Unknown,99,Unknown,99,Unknown EMS Scene Arrival Hour,99,Unknown EMS Scene Arrival Minutes,88,Not Applicable (Not Transported),88,Not Applicable (Not Transported),1
41,Oregon,410294,1,1,1,1,0,1,1,51,MULTNOMAH (51),1650,PORTLAND,7,July,30,30,1,Sunday,2023,0,0:00am-0:59am,17,17,NE GLISAN ST,NE 60TH AVE,0,Not Signed,2,Urban,3,Other Principal Arterial,4,City or Municipal Highway Agency,1,This Section IS ON the NHS,0,No Special Jurisdiction,0,,45.52641667,45.52641667,-122.60224444,-122.60224444,8,Pedestrian,0,The First Harmful Event was Not a Collision with a Motor Vehicle in Transport,0,No,3,Intersection-Related,2,Four-Way Intersection,1,On Roadway,0,,3,Dark - Lighted,1,Clear,0,No,0000000,Not Applicable,99,Unknown,99,Unknown,99,Unknown EMS Scene Arrival Hour,99,Unknown EMS Scene Arrival Minutes,88,Not Applicable (Not Transported),88,Not Applicable (Not Transported),1
41,Oregon,410295,0,0,1,1,0,1,1,7,CLATSOP (7),0,NOT APPLICABLE,7,July,30,30,1,Sunday,2023,18,6:00pm-6:59pm,21,21,US-26 ODOT 47,,2,U.S. Highway,1,Rural,3,Other Principal Arterial,1,State Highway Agency,1,This Section IS ON the NHS,0,No Special Jurisdiction,114,114,45.90928889,45.90928889,-123.72323056,-123.72323056,42,Tree (Standing Only),0,The First Harmful Event was Not a Collision with a Motor Vehicle in Transport,0,No,1,Non-Junction,1,Not an Intersection,4,On Roadside,0,,1,Daylight,1,Clear,0,No,0000000,Not Applicable,18,6:00pm-6:59pm,21,21,18,6:00pm-6:59pm,38,38,99,Unknown,99,Unknown EMS Hospital Arrival Time,1
41,Oregon,410296,1,1,1,1,0,1,1,43,LINN (43),0,NOT APPLICABLE,7,July,31,31,2,Monday,2023,8,8:00am-8:59am,6,6,US-20 ODOT 16,KNOX BUTTE RD,2,U.S. Highway,1,Rural,4,Minor Arterial,1,State Highway Agency,0,This Section IS NOT on the NHS,0,No Special Jurisdiction,64,64,44.63001667,44.63001667,-122.95298333,-122.95298333,9,Pedalcyclist,0,The First Harmful Event was Not a Collision with a Motor Vehicle in Transport,0,No,2,Intersection,3,T-Intersection,1,On Roadway,0,,1,Daylight,1,Clear,0,No,0000000,Not Applicable,8,8:00am-8:59am,6,6,8,8:00am-8:59am,14,14,88,Not Applicable (Not Transported),88,Not Applicable (Not Transported),1
41,Oregon,410297,0,0,1,1,0,1,1,19,DOUGLAS (19),0,NOT APPLICABLE,7,July,14,14,6,Friday,2023,22,10:00pm-10:59pm,9,9,MOUNT REUBEN RD,,0,Not Signed,1,Rural,6,Minor Collector,2,County Highway Agency,0,This Section IS NOT on the NHS,0,No Special Jurisdiction,22,22,42.73948056,42.73948056,-123.46450556,-123.46450556,1,Rollover/Overturn,0,The First Harmful Event was Not a Collision with a Motor Vehicle in Transport,0,No,1,Non-Junction,1,Not an Intersection,1,On Roadway,0,,2,Dark - Not Lighted,1,Clear,0,No,0000000,Not Applicable,22,10:00pm-10:59pm,9,9,22,10:00pm-10:59pm,20,20,99,Unknown,99,Unknown EMS Hospital Arrival Time,1
41,Oregon,410298,1,1,1,1,0,2,2,67,WASHINGTON (67),0,NOT APPLICABLE,7,July,21,21,6,Friday,2023,5,5:00am-5:59am,27,27,NW SUSBAUER RD,,0,Not Signed,2,Urban,5,Major Collector,2,County Highway Agency,0,This Section IS NOT on the NHS,0,No Special Jurisdiction,0,,45.53861667,45.53861667,-123.04223056,-123.04223056,9,Pedalcyclist,0,The First Harmful Event was Not a Collision with a Motor Vehicle in Transport,0,No,1,Non-Junction,1,Not an Intersection,1,On Roadway,0,,1,Daylight,1,Clear,0,No,0000000,Not Applicable,5,5:00am-5:59am,27,27,5,5:00am-5:59am,37,37,88,Not Applicable (Not Transported),88,Not Applicable (Not Transported),1
41,Oregon,410299,0,0,1,1,0,1,1,67,WASHINGTON (67),180,BEAVERTON,7,July,24,24,2,Monday,2023,7,7:00am-7:59am,50,50,US-26 ODOT 47,,2,U.S. Highway,2,Urban,2,Other Freeways and Expressways,1,State Highway Agency,1,This Section IS ON the NHS,0,No Special Jurisdiction,678,678,45.51808333,45.51808333,-122.80467778,-122.80467778,25,Concrete Traffic Barrier,0,The First Harmful Event was Not a Collision with a Motor Vehicle in Transport,0,No,1,Non-Junction,1,Not an Intersection,3,On Median,0,,1,Daylight,98,Not Reported,0,No,0000000,Not Applicable,7,7:00am-7:59am,50,50,7,7:00am-7:59am,58,58,8,8:00am-8:59am,23,23,1
41,Oregon,410301,0,0,1,1,0,2,2,15,CURRY (15),0,NOT APPLICABLE,7,July,16,16,1,Sunday,2023,12,12:00pm-12:59pm,0,0,US-101 ODOT 9,,2,U.S. Highway,1,Rural,3,Other Principal Arterial,1,State Highway Agency,1,This Section IS ON the NHS,0,No Special Jurisdiction,3170,3170,42.56135278,42.56135278,-124.38601111,-124.38601111,1,Rollover/Overturn,0,The First Harmful Event was Not a Collision with a Motor Vehicle in Transport,0,No,1,Non-Junction,1,Not an Intersection,4,On Roadside,0,,1,Daylight,1,Clear,0,No,0000000,Not Applicable,12,12:00pm-12:59pm,5,5,12,12:00pm-12:59pm,18,18,99,Unknown,99,Unknown EMS Hospital Arrival Time,1
41,Oregon,410302,0,0,3,3,0,4,4,11,COOS (11),0,NOT APPLICABLE,8,August,2,2,4,Wednesday,2023,19,7:00pm-7:59pm,38,38,US-101 ODOT 9,,2,U.S. Highway,1,Rural,3,Other Principal Arterial,1,State Highway Agency,1,This Section IS ON the NHS,0,No Special Jurisdiction,2491,2491,43.25515,43.25515,-124.28296944,-124.28296944,12,Motor Vehicle In-Transport,8,Sideswipe - Opposite Direction,0,No,1,Non-Junction,1,Not an Intersection,1,On Roadway,0,,1,Daylight,1,Clear,0,No,0000000,Not Applicable,19,7:00pm-7:59pm,38,38,19,7:00pm-7:59pm,50,50,99,Unknown,99,Unknown EMS Hospital Arrival Time,2
41,Oregon,410303,0,0,1,1,0,1,1,11,COOS (11),0,NOT APPLICABLE,7,July,6,6,5,Thursday,2023,13,1:00pm-1:59pm,20,20,SR-242 ODOT 242,,3,State Highway,1,Rural,5,Major Collector,1,State Highway Agency,0,This Section IS NOT on the NHS,0,No Special Jurisdiction,13,13,43.01728056,43.01728056,-124.13401111,-124.13401111,35,Embankment,0,The First Harmful Event was Not a Collision with a Motor Vehicle in Transport,0,No,1,Non-Junction,1,Not an Intersection,4,On Roadside,0,,1,Daylight,1,Clear,0,No,0000000,Not Applicable,13,1:00pm-1:59pm,20,20,13,1:00pm-1:59pm,26,26,99,Unknown,99,Unknown EMS Hospital Arrival Time,1
41,Oregon,410304,0,0,2,2,0,2,2,51,MULTNOMAH (51),880,GRESHAM,8,August,3,3,5,Thursday,2023,14,2:00pm-2:59pm,6,6,SE STARK ST,SE 167H AVE,0,Not Signed,2,Urban,4,Minor Arterial,4,City or Municipal Highway Agency,0,This Section IS NOT on the NHS,0,No Special Jurisdiction,0,,45.51921944,45.51921944,-122.49116389,-122.49116389,12,Motor Vehicle In-Transport,6,Angle,0,No,2,Intersection,3,T-Intersection,1,On Roadway,0,,1,Daylight,1,Clear,0,No,0000000,Not Applicable,14,2:00pm-2:59pm,6,6,14,2:00pm-2:59pm,6,6,88,Not Applicable (Not Transported),88,Not Applicable (Not Transported),1
41,Oregon,410305,0,0,2,2,0,2,2,35,KLAMATH (35),0,NOT APPLICABLE,8,August,4,4,6,Friday,2023,7,7:00am-7:59am,46,46,SR-39 ODOT 50,,3,State Highway,2,Urban,3,Other Principal Arterial,1,State Highway Agency,1,This Section IS ON the NHS,0,No Special Jurisdiction,32,32,42.217375,42.217375,-121.7474,-121.7474,12,Motor Vehicle In-Transport,2,Front-to-Front,0,No,1,Non-Junction,1,Not an Intersection,1,On Roadway,0,,4,Dawn,1,Clear,0,No,0000000,Not Applicable,7,7:00am-7:59am,53,53,7,7:00am-7:59am,59,59,8,8:00am-8:59am,17,17,1
41,Oregon,410306,0,0,2,2,0,2,2,43,LINN (43),0,NOT APPLICABLE,8,August,4,4,6,Friday,2023,21,9:00pm-9:59pm,25,25,US-20 ODOT 16,INGRAM RD,2,U.S. Highway,1,Rural,3,Other Principal Arterial,1,State Highway Agency,1,This Section IS ON the NHS,0,No Special Jurisdiction,202,202,44.47210833,44.47210833,-122.81442778,-122.81442778,12,Motor Vehicle In-Transport,6,Angle,0,No,2,Intersection,3,T-Intersection,1,On Roadway,0,,2,Dark - Not Lighted,1,Clear,0,No,0000000,Not Applicable,21,9:00pm-9:59pm,26,26,21,9:00pm-9:59pm,35,35,88,Not Applicable (Not Transported),88,Not Applicable (Not Transported),1
41,Oregon,410307,1,1,1,1,0,1,1,5,CLACKAMAS (5),0,NOT APPLICABLE,8,August,5,5,7,Saturday,2023,7,7:00am-7:59am,7,7,SR-173 ODOT 173,E WEST LEG RD,3,State Highway,1,Rural,5,Major Collector,1,State Highway Agency,0,This Section IS NOT on the NHS,0,No Special Jurisdiction,5,5,45.32518333,45.32518333,-121.71115833,-121.71115833,9,Pedalcyclist,0,The First Harmful Event was Not a Collision with a Motor Vehicle in Transport,0,No,3,Intersection-Related,3,T-Intersection,1,On Roadway,0,,1,Daylight,10,Cloudy,0,No,0000000,Not Applicable,7,7:00am-7:59am,10,10,7,7:00am-7:59am,38,38,88,Not Applicable (Not Transported),88,Not Applicable (Not Transported),1
41,Oregon,410308,1,1,1,1,0,1,1,59,UMATILLA (59),0,NOT APPLICABLE,8,August,6,6,1,Sunday,2023,3,3:00am-3:59am,31,31,SR-11 ODOT 8,,3,State Highway,2,Urban,3,Other Principal Arterial,1,State Highway Agency,1,This Section IS ON the NHS,0,No Special Jurisdiction,331,331,45.96883889,45.96883889,-118.38709722,-118.38709722,15,Non-Motorist on Personal Conveyance,0,The First Harmful Event was Not a Collision with a Motor Vehicle in Transport,0,No,1,Non-Junction,1,Not an Intersection,2,On Shoulder,0,,2,Dark - Not Lighted,1,Clear,0,No,0000000,Not Applicable,3,3:00am-3:59am,31,31,3,3:00am-3:59am,39,39,88,Not Applicable (Not Transported),88,Not Applicable (Not Transported),1
41,Oregon,410309,0,0,1,1,0,2,2,43,LINN (43),0,NOT APPLICABLE,6,June,17,17,7,Saturday,2023,11,11:00am-11:59am,25,25,KNOX BUTTE RD,,0,Not Signed,1,Rural,5,Major Collector,2,County Highway Agency,0,This Section IS NOT on the NHS,0,No Special Jurisdiction,35,35,44.64678333,44.64678333,-122.98976389,-122.98976389,32,Culvert,0,The First Harmful Event was Not a Collision with a Motor Vehicle in Transport,0,No,1,Non-Junction,1,Not an Intersection,4,On Roadside,0,,1,Daylight,1,Clear,0,No,0000000,Not Applicable,11,11:00am-11:59am,25,25,11,11:00am-11:59am,35,35,88,Not Applicable (Not Transported),88,Not Applicable (Not Transported),2
41,Oregon,410310,0,0,3,3,0,4,4,47,MARION (47),1810,SALEM,8,August,6,6,1,Sunday,2023,13,1:00pm-1:59pm,0,0,CORDON RD SE,,0,Not Signed,2,Urban,3,Other Principal Arterial,4,City or Municipal Highway Agency,1,This Section IS ON the NHS,0,No Special Jurisdiction,0,,44.91571667,44.91571667,-122.95242778,-122.95242778,12,Motor Vehicle In-Transport,6,Angle,0,No,8,Driveway Access Related,1,Not an Intersection,1,On Roadway,0,,1,Daylight,1,Clear,0,No,0000000,Not Applicable,13,1:00pm-1:59pm,0,0,13,1:00pm-1:59pm,7,7,13,1:00pm-1:59pm,21,21,1
41,Oregon,410311,0,0,1,1,0,3,3,11,COOS (11),0,NOT APPLICABLE,8,August,4,4,6,Friday,2023,12,12:00pm-12:59pm,35,35,SOUTH POWERS RD,,0,Not Signed,1,Rural,5,Major Collector,2,County Highway Agency,0,This Section IS NOT on the NHS,0,No Special Jurisdiction,2,2,42.87498333,42.87498333,-124.06231111,-124.06231111,42,Tree (Standing Only),0,The First Harmful Event was Not a Collision with a Motor Vehicle in Transport,0,No,1,Non-Junction,1,Not an Intersection,4,On Roadside,0,,1,Daylight,1,Clear,0,No,0000000,Not Applicable,12,12:00pm-12:59pm,39,39,12,12:00pm-12:59pm,40,40,88,Not Applicable (Not Transported),88,Not Applicable (Not Transported),1
41,Oregon,410312,0,0,1,1,0,1,1,35,KLAMATH (35),0,NOT APPLICABLE,7,July,28,28,6,Friday,2023,20,8:00pm-8:59pm,38,38,US-97 ODOT 4,,2,U.S. Highway,1,Rural,3,Other Principal Arterial,1,State Highway Agency,1,This Section IS ON the NHS,0,No Special Jurisdiction,1784,1784,43.54049722,43.54049722,-121.615675,-121.615675,1,Rollover/Overturn,0,The First Harmful Event was Not a Collision with a Motor Vehicle in Transport,0,No,1,Non-Junction,1,Not an Intersection,4,On Roadside,0,,1,Daylight,1,Clear,0,No,0000000,Not Applicable,20,8:00pm-8:59pm,38,38,20,8:00pm-8:59pm,48,48,99,Unknown,99,Unknown EMS Hospital Arrival Time,1
41,Oregon,410313,0,0,2,2,0,4,4,9,COLUMBIA (9),1710,RAINIER,8,August,11,11,6,Friday,2023,17,5:00pm-5:59pm,10,10,US-30 ODOT 92,MILL ST,2,U.S. Highway,2,Urban,3,Other Principal Arterial,1,State Highway Agency,1,This Section IS ON the NHS,0,No Special Jurisdiction,481,481,46.09450278,46.09450278,-122.95844167,-122.95844167,12,Motor Vehicle In-Transport,6,Angle,0,No,2,Intersection,3,T-Intersection,1,On Roadway,0,,1,Daylight,1,Clear,0,No,0000000,Not Applicable,17,5:00pm-5:59pm,11,11,17,5:00pm-5:59pm,18,18,17,5:00pm-5:59pm,43,43,1
41,Oregon,410314,1,1,1,1,0,1,1,47,MARION (47),1810,SALEM,8,August,12,12,7,Saturday,2023,10,10:00am-10:59am,53,53,TURNER RD SE,CASCADE GATEWAY PARK,0,Not Signed,2,Urban,4,Minor Arterial,4,City or Municipal Highway Agency,0,This Section IS NOT on the NHS,0,No Special Jurisdiction,0,,44.91200833,44.91200833,-122.99639167,-122.99639167,8,Pedestrian,0,The First Harmful Event was Not a Collision with a Motor Vehicle in Transport,0,No,3,Intersection-Related,3,T-Intersection,1,On Roadway,0,,1,Daylight,1,Clear,0,No,0000000,Not Applicable,10,10:00am-10:59am,55,55,10,10:00am-10:59am,59,59,88,Not Applicable (Not Transported),88,Not Applicable (Not Transported),1
41,Oregon,410315,0,0,1,1,0,1,1,29,JACKSON (29),840,GOLD HILL,8,August,12,12,7,Saturday,2023,15,3:00pm-3:59pm,54,54,SR-234 ODOT 271,,3,State Highway,2,Urban,4,Minor Arterial,1,State Highway Agency,0,This Section IS NOT on the NHS,0,No Special Jurisdiction,26,26,42.43155833,42.43155833,-123.04394722,-123.04394722,35,Embankment,0,The First Harmful Event was Not a Collision with a Motor Vehicle in Transport,0,No,1,Non-Junction,1,Not an Intersection,4,On Roadside,0,,1,Daylight,1,Clear,0,No,0000000,Not Applicable,16,4:00pm-4:59pm,0,0,16,4:00pm-4:59pm,15,15,88,Not Applicable (Not Transported),88,Not Applicable (Not Transported),1
41,Oregon,410316,1,1,1,1,0,1,1,47,MARION (47),0,NOT APPLICABLE,8,August,12,12,7,Saturday,2023,19,7:00pm-7:59pm,5,5,SR-164 ODOT 164,TALBOT RD SE,3,State Highway,2,Urban,4,Minor Arterial,1,State Highway Agency,0,This Section IS NOT on the NHS,0,No Special Jurisdiction,49,49,44.73245833,44.73245833,-123.01035556,-123.01035556,9,Pedalcyclist,0,The First Harmful Event was Not a Collision with a Motor Vehicle in Transport,0,No,3,Intersection-Related,3,T-Intersection,1,On Roadway,0,,1,Daylight,1,Clear,0,No,0000000,Not Applicable,18,6:00pm-6:59pm,53,53,18,6:00pm-6:59pm,57,57,19,7:00pm-7:59pm,25,25,1
41,Oregon,410317,1,1,1,1,0,1,1,9,COLUMBIA (9),1840,SCAPPOOSE,3,March,8,8,4,Wednesday,2023,11,11:00am-11:59am,53,53,US-30 ODOT 92,SW WALNUT ST,2,U.S. Highway,2,Urban,3,Other Principal Arterial,1,State Highway Agency,1,This Section IS ON the NHS,0,No Special Jurisdiction,203,203,45.74976667,45.74976667,-122.87743056,-122.87743056,8,Pedestrian,0,The First Harmful Event was Not a Collision with a Motor Vehicle in Transport,0,No,3,Intersection-Related,2,Four-Way Intersection,1,On Roadway,0,,1,Daylight,1,Clear,0,No,0000000,Not Applicable,99,Unknown,99,Unknown,99,Unknown EMS Scene Arrival Hour,99,Unknown EMS Scene Arrival Minutes,99,Unknown,99,Unknown EMS Hospital Arrival Time,1
41,Oregon,410318,1,1,1,1,0,1,1,5,CLACKAMAS (5),1830,SANDY,3,March,27,27,2,Monday,2023,21,9:00pm-9:59pm,5,5,US-26 ODOT 26,,2,U.S. Highway,2,Urban,3,Other Principal Arterial,1,State Highway Agency,1,This Section IS ON the NHS,0,No Special Jurisdiction,239,239,45.39730556,45.39730556,-122.26978056,-122.26978056,8,Pedestrian,0,The First Harmful Event was Not a Collision with a Motor Vehicle in Transport,0,No,1,Non-Junction,1,Not an Intersection,1,On Roadway,1,Construction,2,Dark - Not Lighted,10,Cloudy,0,No,0000000,Not Applicable,21,9:00pm-9:59pm,8,8,21,9:00pm-9:59pm,15,15,99,Unknown,99,Unknown EMS Hospital Arrival Time,1
41,Oregon,410319,0,0,1,1,0,1,1,51,MULTNOMAH (51),1650,PORTLAND,3,March,11,11,7,Saturday,2023,2,2:00am-2:59am,29,29,E BURNSIDE ST,,0,Not Signed,2,Urban,4,Minor Arterial,4,City or Municipal Highway Agency,0,This Section IS NOT on the NHS,0,No Special Jurisdiction,0,,45.52299722,45.52299722,-122.64576667,-122.64576667,19,Building,0,The First Harmful Event was Not a Collision with a Motor Vehicle in Transport,0,No,1,Non-Junction,1,Not an Intersection,4,On Roadside,0,,3,Dark - Lighted,98,Not Reported,0,No,0000000,Not Applicable,2,2:00am-2:59am,29,29,2,2:00am-2:59am,34,34,3,3:00am-3:59am,16,16,1
41,Oregon,410320,0,0,2,2,0,3,3,71,YAMHILL (71),0,NOT APPLICABLE,3,March,31,31,6,Friday,2023,16,4:00pm-4:59pm,29,29,NW MEADOW LAKE RD,,0,Not Signed,1,Rural,5,Major Collector,2,County Highway Agency,0,This Section IS NOT on the NHS,0,No Special Jurisdiction,15,15,45.29365,45.29365,-123.21247778,-123.21247778,12,Motor Vehicle In-Transport,2,Front-to-Front,0,No,1,Non-Junction,1,Not an Intersection,1,On Roadway,0,,1,Daylight,2,Rain,0,No,0000000,Not Applicable,99,Unknown,99,Unknown,99,Unknown EMS Scene Arrival Hour,99,Unknown EMS Scene Arrival Minutes,88,Not Applicable (Not Transported),88,Not Applicable (Not Transported),1
41,Oregon,410321,1,1,1,1,0,1,1,51,MULTNOMAH (51),1650,PORTLAND,2,February,26,26,1,Sunday,2023,18,6:00pm-6:59pm,29,29,SE 79TH AVE,,0,Not Signed,2,Urban,7,Local,4,City or Municipal Highway Agency,0,This Section IS NOT on the NHS,0,No Special Jurisdiction,0,,45.49898611,45.49898611,-122.58197222,-122.58197222,8,Pedestrian,0,The First Harmful Event was Not a Collision with a Motor Vehicle in Transport,0,No,1,Non-Junction,1,Not an Intersection,1,On Roadway,0,,2,Dark - Not Lighted,4,Snow,0,No,0000000,Not Applicable,18,6:00pm-6:59pm,30,30,18,6:00pm-6:59pm,32,32,19,7:00pm-7:59pm,6,6,1
41,Oregon,410322,1,1,1,1,0,1,1,51,MULTNOMAH (51),880,GRESHAM,3,March,2,2,5,Thursday,2023,18,6:00pm-6:59pm,42,42,NE BURNSIDE RD,,0,Not Signed,2,Urban,3,Other Principal Arterial,4,City or Municipal Highway Agency,1,This Section IS ON the NHS,0,No Special Jurisdiction,0,,45.50644722,45.50644722,-122.42066389,-122.42066389,8,Pedestrian,0,The First Harmful Event was Not a Collision with a Motor Vehicle in Transport,0,No,1,Non-Junction,1,Not an Intersection,1,On Roadway,0,,3,Dark - Lighted,10,Cloudy,0,No,0000000,Not Applicable,18,6:00pm-6:59pm,42,42,18,6:00pm-6:59pm,42,42,19,7:00pm-7:59pm,17,17,1
41,Oregon,410323,1,1,1,1,0,2,2,33,JOSEPHINE (33),310,CAVE JUNCTION,4,April,3,3,2,Monday,2023,23,11:00pm-11:59pm,41,41,E RIVER ST,,0,Not Signed,1,Rural,5,Major Collector,4,City or Municipal Highway Agency,0,This Section IS NOT on the NHS,0,No Special Jurisdiction,0,,42.16934722,42.16934722,-123.64183056,-123.64183056,8,Pedestrian,0,The First Harmful Event was Not a Collision with a Motor Vehicle in Transport,0,No,1,Non-Junction,1,Not an Intersection,1,On Roadway,0,,2,Dark - Not Lighted,10,Cloudy,0,No,0000000,Not Applicable,23,11:00pm-11:59pm,41,41,23,11:00pm-11:59pm,50,50,0,0:00am-0:59am,25,25,1
41,Oregon,410324,0,0,2,2,0,5,5,9,COLUMBIA (9),0,NOT APPLICABLE,4,April,8,8,7,Saturday,2023,10,10:00am-10:59am,50,50,US-30 ODOT 92,,2,U.S. Highway,1,Rural,3,Other Principal Arterial,1,State Highway Agency,1,This Section IS ON the NHS,0,No Special Jurisdiction,635,635,46.12144167,46.12144167,-123.23761667,-123.23761667,24,Guardrail Face,0,The First Harmful Event was Not a Collision with a Motor Vehicle in Transport,0,No,1,Non-Junction,1,Not an Intersection,4,On Roadside,0,,1,Daylight,10,Cloudy,0,No,0000000,Not Applicable,10,10:00am-10:59am,54,54,11,11:00am-11:59am,0,0,99,Unknown,99,Unknown EMS Hospital Arrival Time,1
41,Oregon,410325,0,0,1,1,0,1,1,15,CURRY (15),0,NOT APPLICABLE,4,April,9,9,1,Sunday,2023,99,Unknown Hours,99,Unknown Minutes,AGNESS ILLAHE RD,,0,Not Signed,1,Rural,7,Local,2,County Highway Agency,0,This Section IS NOT on the NHS,0,No Special Jurisdiction,39,39,42.63267778,42.63267778,-124.05323611,-124.05323611,1,Rollover/Overturn,0,The First Harmful Event was Not a Collision with a Motor Vehicle in Transport,0,No,1,Non-Junction,1,Not an Intersection,4,On Roadside,0,,8,Not Reported,98,Not Reported,0,No,0000000,Not Applicable,99,Unknown,99,Unknown,99,Unknown EMS Scene Arrival Hour,99,Unknown EMS Scene Arrival Minutes,88,Not Applicable (Not Transported),88,Not Applicable (Not Transported),1
41,Oregon,410326,0,0,1,1,0,1,1,9,COLUMBIA (9),0,NOT APPLICABLE,4,April,13,13,5,Thursday,2023,2,2:00am-2:59am,49,49,APIARY RD,,0,Not Signed,1,Rural,4,Minor Arterial,2,County Highway Agency,0,This Section IS NOT on the NHS,0,No Special Jurisdiction,62,62,46.01124167,46.01124167,-123.03141111,-123.03141111,42,Tree (Standing Only),0,The First Harmful Event was Not a Collision with a Motor Vehicle in Transport,0,No,1,Non-Junction,1,Not an Intersection,4,On Roadside,0,,2,Dark - Not Lighted,10,Cloudy,0,No,0000000,Not Applicable,2,2:00am-2:59am,49,49,3,3:00am-3:59am,1,1,88,Not Applicable (Not Transported),88,Not Applicable (Not Transported),1
41,Oregon,410327,1,1,2,2,0,3,3,39,LANE (39),660,EUGENE,4,April,13,13,5,Thursday,2023,21,9:00pm-9:59pm,33,33,SR-132 ODOT 132,,3,State Highway,2,Urban,2,Other Freeways and Expressways,1,State Highway Agency,1,This Section IS ON the NHS,0,No Special Jurisdiction,16,16,44.07052222,44.07052222,-123.10207222,-123.10207222,8,Pedestrian,0,The First Harmful Event was Not a Collision with a Motor Vehicle in Transport,0,No,1,Non-Junction,1,Not an Intersection,1,On Roadway,0,,3,Dark - Lighted,98,Not Reported,0,No,0000000,Not Applicable,99,Unknown,99,Unknown,99,Unknown EMS Scene Arrival Hour,99,Unknown EMS Scene Arrival Minutes,88,Not Applicable (Not Transported),88,Not Applicable (Not Transported),1
41,Oregon,410329,1,1,1,1,0,1,1,67,WASHINGTON (67),180,BEAVERTON,4,April,20,20,5,Thursday,2023,20,8:00pm-8:59pm,20,20,SW HALL BLVD,,0,Not Signed,2,Urban,4,Minor Arterial,4,City or Municipal Highway Agency,0,This Section IS NOT on the NHS,0,No Special Jurisdiction,0,,45.49408056,45.49408056,-122.80965278,-122.80965278,8,Pedestrian,0,The First Harmful Event was Not a Collision with a Motor Vehicle in Transport,0,No,1,Non-Junction,1,Not an Intersection,1,On Roadway,0,,3,Dark - Lighted,10,Cloudy,0,No,0000000,Not Applicable,20,8:00pm-8:59pm,21,21,20,8:00pm-8:59pm,34,34,20,8:00pm-8:59pm,59,59,1
41,Oregon,410330,0,0,1,1,0,7,7,31,JEFFERSON (31),0,NOT APPLICABLE,4,April,21,21,6,Friday,2023,22,10:00pm-10:59pm,48,48,SE GRIZZLY RD,,0,Not Signed,1,Rural,7,Local,2,County Highway Agency,0,This Section IS NOT on the NHS,0,No Special Jurisdiction,39,39,44.61295,44.61295,-121.10292222,-121.10292222,1,Rollover/Overturn,0,The First Harmful Event was Not a Collision with a Motor Vehicle in Transport,0,No,1,Non-Junction,1,Not an Intersection,1,On Roadway,0,,8,Not Reported,98,Not Reported,0,No,0000000,Not Applicable,99,Unknown,99,Unknown,99,Unknown EMS Scene Arrival Hour,99,Unknown EMS Scene Arrival Minutes,99,Unknown,99,Unknown EMS Hospital Arrival Time,1
41,Oregon,410331,1,1,1,1,0,1,1,51,MULTNOMAH (51),880,GRESHAM,4,April,21,21,6,Friday,2023,21,9:00pm-9:59pm,42,42,SE STARK ST,,0,Not Signed,2,Urban,4,Minor Arterial,4,City or Municipal Highway Agency,0,This Section IS NOT on the NHS,0,No Special Jurisdiction,0,,45.51909722,45.51909722,-122.49093611,-122.49093611,8,Pedestrian,0,The First Harmful Event was Not a Collision with a Motor Vehicle in Transport,0,No,1,Non-Junction,1,Not an Intersection,1,On Roadway,0,,3,Dark - Lighted,1,Clear,0,No,0000000,Not Applicable,99,Unknown,99,Unknown,99,Unknown EMS Scene Arrival Hour,99,Unknown EMS Scene Arrival Minutes,99,Unknown,99,Unknown EMS Hospital Arrival Time,1
41,Oregon,410332,0,0,1,1,0,2,2,19,DOUGLAS (19),0,NOT APPLICABLE,4,April,22,22,7,Saturday,2023,0,0:00am-0:59am,49,49,TUNNEL RD,,0,Not Signed,1,Rural,6,Minor Collector,2,County Highway Agency,0,This Section IS NOT on the NHS,0,No Special Jurisdiction,4,4,42.73230556,42.73230556,-123.40608333,-123.40608333,42,Tree (Standing Only),0,The First Harmful Event was Not a Collision with a Motor Vehicle in Transport,0,No,1,Non-Junction,1,Not an Intersection,4,On Roadside,0,,2,Dark - Not Lighted,1,Clear,0,No,0000000,Not Applicable,99,Unknown,99,Unknown,99,Unknown EMS Scene Arrival Hour,99,Unknown EMS Scene Arrival Minutes,99,Unknown,99,Unknown EMS Hospital Arrival Time,1
41,Oregon,410333,0,0,2,2,0,2,2,39,LANE (39),660,EUGENE,4,April,27,27,5,Thursday,2023,18,6:00pm-6:59pm,3,3,COBURG RD,E EIGHTH AVE,0,Not Signed,2,Urban,3,Other Principal Arterial,4,City or Municipal Highway Agency,1,This Section IS ON the NHS,0,No Special Jurisdiction,0,,44.05126667,44.05126667,-123.08704722,-123.08704722,12,Motor Vehicle In-Transport,1,Front-to-Rear,0,No,3,Intersection-Related,7,"Five Point, or More",1,On Roadway,0,,1,Daylight,1,Clear,0,No,0000000,Not Applicable,18,6:00pm-6:59pm,3,3,18,6:00pm-6:59pm,5,5,18,6:00pm-6:59pm,7,7,1
41,Oregon,410334,0,0,1,1,0,1,1,15,CURRY (15),0,NOT APPLICABLE,5,May,4,4,5,Thursday,2023,99,Unknown Hours,99,Unknown Minutes,SAUNDERS CREEK RD,,0,Not Signed,1,Rural,7,Local,2,County Highway Agency,0,This Section IS NOT on the NHS,0,No Special Jurisdiction,0,,42.43934167,42.43934167,-124.35370278,-124.35370278,42,Tree (Standing Only),0,The First Harmful Event was Not a Collision with a Motor Vehicle in Transport,0,No,1,Non-Junction,1,Not an Intersection,4,On Roadside,0,,9,Reported as Unknown,99,Reported as Unknown,0,No,0000000,Not Applicable,99,Unknown,99,Unknown,99,Unknown EMS Scene Arrival Hour,99,Unknown EMS Scene Arrival Minutes,88,Not Applicable (Not Transported),88,Not Applicable (Not Transported),1
41,Oregon,410335,0,0,1,1,0,1,1,57,TILLAMOOK (57),0,NOT APPLICABLE,5,May,8,8,2,Monday,2023,23,11:00pm-11:59pm,41,41,FOSS CR,,0,Not Signed,1,Rural,5,Major Collector,2,County Highway Agency,0,This Section IS NOT on the NHS,0,No Special Jurisdiction,9,9,45.70165,45.70165,-123.82703333,-123.82703333,17,Boulder,0,The First Harmful Event was Not a Collision with a Motor Vehicle in Transport,0,No,1,Non-Junction,1,Not an Intersection,4,On Roadside,0,,6,Dark - Unknown Lighting,1,Clear,0,No,0000000,Not Applicable,99,Unknown,99,Unknown,99,Unknown EMS Scene Arrival Hour,99,Unknown EMS Scene Arrival Minutes,88,Not Applicable (Not Transported),88,Not Applicable (Not Transported),1
41,Oregon,410336,0,0,1,1,0,1,1,29,JACKSON (29),0,NOT APPLICABLE,5,May,8,8,2,Monday,2023,14,2:00pm-2:59pm,33,33,N RIVER RD,,0,Not Signed,2,Urban,5,Major Collector,2,County Highway Agency,0,This Section IS NOT on the NHS,0,No Special Jurisdiction,26,26,42.41686389,42.41686389,-123.1304,-123.1304,42,Tree (Standing Only),0,The First Harmful Event was Not a Collision with a Motor Vehicle in Transport,0,No,1,Non-Junction,1,Not an Intersection,4,On Roadside,0,,1,Daylight,10,Cloudy,0,No,0000000,Not Applicable,99,Unknown,99,Unknown,99,Unknown EMS Scene Arrival Hour,99,Unknown EMS Scene Arrival Minutes,99,Unknown,99,Unknown EMS Hospital Arrival Time,1
41,Oregon,410337,0,0,2,2,0,4,4,59,UMATILLA (59),990,HERMISTON,5,May,23,23,3,Tuesday,2023,15,3:00pm-3:59pm,35,35,SR-207 ODOT 333,,3,State Highway,2,Urban,4,Minor Arterial,1,State Highway Agency,0,This Section IS NOT on the NHS,0,No Special Jurisdiction,84,84,45.842825,45.842825,-119.31096111,-119.31096111,12,Motor Vehicle In-Transport,1,Front-to-Rear,0,No,1,Non-Junction,1,Not an Intersection,1,On Roadway,0,,1,Daylight,1,Clear,0,No,0000000,Not Applicable,99,Unknown,99,Unknown,99,Unknown EMS Scene Arrival Hour,99,Unknown EMS Scene Arrival Minutes,99,Unknown,99,Unknown EMS Hospital Arrival Time,1
41,Oregon,410338,0,0,2,2,0,3,3,51,MULTNOMAH (51),1650,PORTLAND,5,May,29,29,2,Monday,2023,22,10:00pm-10:59pm,25,25,NE COLUMBIA BLVD,NE CULLY BLVD,0,Not Signed,2,Urban,3,Other Principal Arterial,4,City or Municipal Highway Agency,1,This Section IS ON the NHS,0,No Special Jurisdiction,0,,45.56701667,45.56701667,-122.59035833,-122.59035833,12,Motor Vehicle In-Transport,2,Front-to-Front,0,No,2,Intersection,3,T-Intersection,1,On Roadway,0,,3,Dark - Lighted,1,Clear,0,No,0000000,Not Applicable,22,10:00pm-10:59pm,26,26,22,10:00pm-10:59pm,36,36,22,10:00pm-10:59pm,55,55,1
41,Oregon,410339,0,0,1,1,0,1,1,47,MARION (47),0,NOT APPLICABLE,6,June,4,4,1,Sunday,2023,2,2:00am-2:59am,0,0,BOONES FERRY RD NE,,0,Not Signed,1,Rural,4,Minor Arterial,2,County Highway Agency,0,This Section IS NOT on the NHS,0,No Special Jurisdiction,6,6,45.12419444,45.12419444,-122.87212778,-122.87212778,59,Traffic Sign Support,0,The First Harmful Event was Not a Collision with a Motor Vehicle in Transport,0,No,1,Non-Junction,1,Not an Intersection,4,On Roadside,0,,6,Dark - Unknown Lighting,98,Not Reported,0,No,0000000,Not Applicable,2,2:00am-2:59am,3,3,2,2:00am-2:59am,27,27,88,Not Applicable (Not Transported),88,Not Applicable (Not Transported),1
41,Oregon,410340,0,0,1,1,0,1,1,29,JACKSON (29),0,NOT APPLICABLE,8,August,14,14,2,Monday,2023,19,7:00pm-7:59pm,58,58,NICK YOUNG DR,,0,Not Signed,2,Urban,5,Major Collector,2,County Highway Agency,0,This Section IS NOT on the NHS,0,No Special Jurisdiction,7,7,42.46183611,42.46183611,-122.83153333,-122.83153333,42,Tree (Standing Only),0,The First Harmful Event was Not a Collision with a Motor Vehicle in Transport,0,No,1,Non-Junction,1,Not an Intersection,4,On Roadside,1,Construction,5,Dusk,1,Clear,0,No,0000000,Not Applicable,20,8:00pm-8:59pm,0,0,99,Unknown EMS Scene Arrival Hour,99,Unknown EMS Scene Arrival Minutes,88,Not Applicable (Not Transported),88,Not Applicable (Not Transported),1
41,Oregon,410341,0,0,3,3,0,6,6,67,WASHINGTON (67),0,NOT APPLICABLE,8,August,15,15,3,Tuesday,2023,12,12:00pm-12:59pm,33,33,US-26 ODOT 47,,2,U.S. Highway,1,Rural,3,Other Principal Arterial,1,State Highway Agency,1,This Section IS ON the NHS,0,No Special Jurisdiction,519,519,45.62795833,45.62795833,-123.09031389,-123.09031389,12,Motor Vehicle In-Transport,2,Front-to-Front,0,No,1,Non-Junction,1,Not an Intersection,1,On Roadway,0,,1,Daylight,1,Clear,0,No,0000000,Not Applicable,12,12:00pm-12:59pm,34,34,12,12:00pm-12:59pm,47,47,99,Unknown,99,Unknown EMS Hospital Arrival Time,2
41,Oregon,410342,0,0,1,1,0,1,1,1,BAKER (1),0,NOT APPLICABLE,8,August,16,16,4,Wednesday,2023,2,2:00am-2:59am,0,0,I-84,,1,Interstate,1,Rural,1,Interstate,1,State Highway Agency,1,This Section IS ON the NHS,0,No Special Jurisdiction,3222,3222,44.63956111,44.63956111,-117.535725,-117.535725,1,Rollover/Overturn,0,The First Harmful Event was Not a Collision with a Motor Vehicle in Transport,0,No,1,Non-Junction,1,Not an Intersection,4,On Roadside,0,,2,Dark - Not Lighted,1,Clear,0,No,0000000,Not Applicable,99,Unknown,99,Unknown,99,Unknown EMS Scene Arrival Hour,99,Unknown EMS Scene Arrival Minutes,88,Not Applicable (Not Transported),88,Not Applicable (Not Transported),1
41,Oregon,410343,0,0,4,4,0,4,4,61,UNION (61),0,NOT APPLICABLE,8,August,16,16,4,Wednesday,2023,5,5:00am-5:59am,11,11,I-84,,1,Interstate,1,Rural,1,Interstate,1,State Highway Agency,1,This Section IS ON the NHS,0,No Special Jurisdiction,2752,2752,45.16941667,45.16941667,-117.96663611,-117.96663611,1,Rollover/Overturn,0,The First Harmful Event was Not a Collision with a Motor Vehicle in Transport,0,No,1,Non-Junction,1,Not an Intersection,1,On Roadway,0,,4,Dawn,1,Clear,0,No,0000000,Not Applicable,5,5:00am-5:59am,12,12,5,5:00am-5:59am,26,26,99,Unknown,99,Unknown EMS Hospital Arrival Time,1
41,Oregon,410344,0,0,2,2,0,2,2,29,JACKSON (29),1310,MEDFORD,8,August,1,1,3,Tuesday,2023,19,7:00pm-7:59pm,7,7,SR-99 S CENTRAL AVE,,3,State Highway,2,Urban,3,Other Principal Arterial,4,City or Municipal Highway Agency,1,This Section IS ON the NHS,0,No Special Jurisdiction,0,,42.31969167,42.31969167,-122.86604722,-122.86604722,12,Motor Vehicle In-Transport,7,Sideswipe - Same Direction,0,No,1,Non-Junction,1,Not an Intersection,1,On Roadway,0,,1,Daylight,1,Clear,0,No,0000000,Not Applicable,19,7:00pm-7:59pm,7,7,19,7:00pm-7:59pm,12,12,99,Unknown,99,Unknown EMS Hospital Arrival Time,1
41,Oregon,410346,0,0,1,1,0,3,3,23,GRANT (23),0,NOT APPLICABLE,8,August,14,14,2,Monday,2023,16,4:00pm-4:59pm,33,33,STRAWBERRY RD,,0,Not Signed,1,Rural,5,Major Collector,2,County Highway Agency,0,This Section IS NOT on the NHS,0,No Special Jurisdiction,0,,44.41370556,44.41370556,-118.69085,-118.69085,1,Rollover/Overturn,0,The First Harmful Event was Not a Collision with a Motor Vehicle in Transport,0,No,1,Non-Junction,1,Not an Intersection,4,On Roadside,0,,1,Daylight,1,Clear,0,No,0000000,Not Applicable,16,4:00pm-4:59pm,33,33,16,4:00pm-4:59pm,43,43,99,Unknown,99,Unknown EMS Hospital Arrival Time,1
41,Oregon,410347,0,0,1,1,0,1,1,61,UNION (61),0,NOT APPLICABLE,8,August,17,17,5,Thursday,2023,13,1:00pm-1:59pm,50,50,SR-244 ODOT 341,,3,State Highway,1,Rural,4,Minor Arterial,1,State Highway Agency,0,This Section IS NOT on the NHS,0,No Special Jurisdiction,415,415,45.30048333,45.30048333,-118.3033,-118.3033,1,Rollover/Overturn,0,The First Harmful Event was Not a Collision with a Motor Vehicle in Transport,0,No,1,Non-Junction,1,Not an Intersection,1,On Roadway,0,,1,Daylight,1,Clear,0,No,0000000,Not Applicable,13,1:00pm-1:59pm,50,50,99,Unknown EMS Scene Arrival Hour,99,Unknown EMS Scene Arrival Minutes,88,Not Applicable (Not Transported),88,Not Applicable (Not Transported),1
41,Oregon,410348,1,1,1,1,0,2,2,47,MARION (47),515,DETROIT,8,August,17,17,5,Thursday,2023,21,9:00pm-9:59pm,27,27,SR-22E ODOT 162,,3,State Highway,1,Rural,3,Other Principal Arterial,1,State Highway Agency,1,This Section IS ON the NHS,0,No Special Jurisdiction,508,508,44.729125,44.729125,-122.14376389,-122.14376389,8,Pedestrian,0,The First Harmful Event was Not a Collision with a Motor Vehicle in Transport,0,No,1,Non-Junction,1,Not an Intersection,1,On Roadway,0,,2,Dark - Not Lighted,1,Clear,0,No,0000000,Not Applicable,21,9:00pm-9:59pm,27,27,21,9:00pm-9:59pm,37,37,88,Not Applicable (Not Transported),88,Not Applicable (Not Transported),1
41,Oregon,410349,0,0,1,1,0,2,2,33,JOSEPHINE (33),0,NOT APPLICABLE,8,August,21,21,2,Monday,2023,20,8:00pm-8:59pm,30,30,LOWER RIVER RD,,0,Not Signed,2,Urban,5,Major Collector,2,County Highway Agency,0,This Section IS NOT on the NHS,0,No Special Jurisdiction,0,,42.43724167,42.43724167,-123.37543889,-123.37543889,42,Tree (Standing Only),0,The First Harmful Event was Not a Collision with a Motor Vehicle in Transport,0,No,1,Non-Junction,1,Not an Intersection,4,On Roadside,0,,5,Dusk,1,Clear,0,No,0000000,Not Applicable,20,8:00pm-8:59pm,30,30,20,8:00pm-8:59pm,30,30,99,Unknown,99,Unknown EMS Hospital Arrival Time,1
41,Oregon,410350,0,0,1,1,0,1,1,17,DESCHUTES (17),0,NOT APPLICABLE,8,August,22,22,3,Tuesday,2023,99,Unknown Hours,99,Unknown Minutes,CASCADE LAKES HWY,,0,Not Signed,1,Rural,5,Major Collector,64,U.S. Forest Service,0,This Section IS NOT on the NHS,0,No Special Jurisdiction,0,,44.00799444,44.00799444,-121.67123611,-121.67123611,42,Tree (Standing Only),0,The First Harmful Event was Not a Collision with a Motor Vehicle in Transport,0,No,1,Non-Junction,1,Not an Intersection,4,On Roadside,0,,2,Dark - Not Lighted,1,Clear,0,No,0000000,Not Applicable,3,3:00am-3:59am,47,47,4,4:00am-4:59am,15,15,88,Not Applicable (Not Transported),88,Not Applicable (Not Transported),1
41,Oregon,410351,0,0,2,2,0,2,2,43,LINN (43),0,NOT APPLICABLE,8,August,23,23,4,Wednesday,2023,8,8:00am-8:59am,51,51,US-20 ODOT 16,,2,U.S. Highway,2,Urban,3,Other Principal Arterial,1,State Highway Agency,1,This Section IS ON the NHS,0,No Special Jurisdiction,184,184,44.49155833,44.49155833,-122.83930556,-122.83930556,12,Motor Vehicle In-Transport,2,Front-to-Front,0,No,1,Non-Junction,1,Not an Intersection,1,On Roadway,0,,1,Daylight,1,Clear,0,No,0000000,Not Applicable,8,8:00am-8:59am,51,51,8,8:00am-8:59am,59,59,88,Not Applicable (Not Transported),88,Not Applicable (Not Transported),2
41,Oregon,410352,0,0,2,2,0,2,2,45,MALHEUR (45),0,NOT APPLICABLE,8,August,23,23,4,Wednesday,2023,12,12:00pm-12:59pm,18,18,US-20 ODOT 7,GROVE SCHOOL LN,2,U.S. Highway,1,Rural,3,Other Principal Arterial,1,State Highway Agency,1,This Section IS ON the NHS,0,No Special Jurisdiction,2383,2383,43.93951944,43.93951944,-117.37121389,-117.37121389,12,Motor Vehicle In-Transport,2,Front-to-Front,0,No,2,Intersection,3,T-Intersection,1,On Roadway,0,,1,Daylight,1,Clear,0,No,0000000,Not Applicable,12,12:00pm-12:59pm,18,18,12,12:00pm-12:59pm,29,29,88,Not Applicable (Not Transported),88,Not Applicable (Not Transported),1
41,Oregon,410353,0,0,1,1,0,1,1,41,LINCOLN (41),0,NOT APPLICABLE,8,August,24,24,5,Thursday,2023,13,1:00pm-1:59pm,16,16,US-101 ODOT 9,,2,U.S. Highway,1,Rural,3,Other Principal Arterial,1,State Highway Agency,1,This Section IS ON the NHS,0,No Special Jurisdiction,1317,1317,44.75614444,44.75614444,-124.06010278,-124.06010278,42,Tree (Standing Only),0,The First Harmful Event was Not a Collision with a Motor Vehicle in Transport,0,No,1,Non-Junction,1,Not an Intersection,4,On Roadside,0,,1,Daylight,1,Clear,0,No,0000000,Not Applicable,13,1:00pm-1:59pm,16,16,13,1:00pm-1:59pm,26,26,88,Not Applicable (Not Transported),88,Not Applicable (Not Transported),1
41,Oregon,410354,1,1,1,1,0,1,1,5,CLACKAMAS (5),926,HAPPY VALLEY,8,August,11,11,6,Friday,2023,5,5:00am-5:59am,22,22,SE FOSTER RD,,0,Not Signed,2,Urban,5,Major Collector,4,City or Municipal Highway Agency,0,This Section IS NOT on the NHS,0,No Special Jurisdiction,0,,45.44535,45.44535,-122.47466111,-122.47466111,8,Pedestrian,0,The First Harmful Event was Not a Collision with a Motor Vehicle in Transport,0,No,1,Non-Junction,1,Not an Intersection,1,On Roadway,0,,2,Dark - Not Lighted,1,Clear,0,No,0000000,Not Applicable,5,5:00am-5:59am,25,25,5,5:00am-5:59am,31,31,88,Not Applicable (Not Transported),88,Not Applicable (Not Transported),1
41,Oregon,410355,0,0,2,2,0,2,2,19,DOUGLAS (19),0,NOT APPLICABLE,8,August,24,24,5,Thursday,2023,16,4:00pm-4:59pm,19,19,OLD MELROSE RD,,0,Not Signed,2,Urban,5,Major Collector,2,County Highway Agency,0,This Section IS NOT on the NHS,0,No Special Jurisdiction,43,43,43.2208,43.2208,-123.41518889,-123.41518889,12,Motor Vehicle In-Transport,6,Angle,0,No,8,Driveway Access Related,1,Not an Intersection,1,On Roadway,0,,1,Daylight,1,Clear,0,No,0000000,Not Applicable,16,4:00pm-4:59pm,19,19,16,4:00pm-4:59pm,24,24,88,Not Applicable (Not Transported),88,Not Applicable (Not Transported),1
41,Oregon,410356,0,0,2,2,0,5,5,19,DOUGLAS (19),0,NOT APPLICABLE,8,August,26,26,7,Saturday,2023,15,3:00pm-3:59pm,17,17,SR-238 ODOT 45,DEAN CREEK RD,3,State Highway,1,Rural,3,Other Principal Arterial,1,State Highway Agency,1,This Section IS ON the NHS,0,No Special Jurisdiction,57,57,43.69326944,43.69326944,-123.99906667,-123.99906667,12,Motor Vehicle In-Transport,6,Angle,0,No,2,Intersection,3,T-Intersection,1,On Roadway,0,,1,Daylight,1,Clear,0,No,0000000,Not Applicable,15,3:00pm-3:59pm,17,17,15,3:00pm-3:59pm,26,26,88,Not Applicable (Not Transported),88,Not Applicable (Not Transported),1
41,Oregon,410357,0,0,2,2,0,2,2,9,COLUMBIA (9),0,NOT APPLICABLE,8,August,28,28,2,Monday,2023,4,4:00am-4:59am,40,40,US-30 ODOT 92,,2,U.S. Highway,1,Rural,3,Other Principal Arterial,1,State Highway Agency,1,This Section IS ON the NHS,0,No Special Jurisdiction,593,593,46.10003611,46.10003611,-123.16345,-123.16345,12,Motor Vehicle In-Transport,2,Front-to-Front,0,No,1,Non-Junction,1,Not an Intersection,1,On Roadway,0,,2,Dark - Not Lighted,2,Rain,0,No,0000000,Not Applicable,4,4:00am-4:59am,45,45,4,4:00am-4:59am,50,50,99,Unknown,99,Unknown EMS Hospital Arrival Time,1
41,Oregon,410358,1,1,1,1,0,1,1,39,LANE (39),660,EUGENE,4,April,25,25,3,Tuesday,2023,12,12:00pm-12:59pm,57,57,SR-99 HWY 99N,,3,State Highway,2,Urban,3,Other Principal Arterial,4,City or Municipal Highway Agency,1,This Section IS ON the NHS,0,No Special Jurisdiction,0,,44.06598056,44.06598056,-123.13895833,-123.13895833,8,Pedestrian,0,The First Harmful Event was Not a Collision with a Motor Vehicle in Transport,0,No,1,Non-Junction,1,Not an Intersection,1,On Roadway,0,,1,Daylight,1,Clear,0,No,0000000,Not Applicable,99,Unknown,99,Unknown,99,Unknown EMS Scene Arrival Hour,99,Unknown EMS Scene Arrival Minutes,99,Unknown,99,Unknown EMS Hospital Arrival Time,1
41,Oregon,410359,0,0,1,1,0,2,2,11,COOS (11),0,NOT APPLICABLE,7,July,29,29,7,Saturday,2023,17,5:00pm-5:59pm,23,23,SR-42 ODOT 35,,3,State Highway,1,Rural,3,Other Principal Arterial,1,State Highway Agency,1,This Section IS ON the NHS,0,No Special Jurisdiction,88,88,43.19161944,43.19161944,-124.22249444,-124.22249444,35,Embankment,0,The First Harmful Event was Not a Collision with a Motor Vehicle in Transport,0,No,1,Non-Junction,1,Not an Intersection,4,On Roadside,0,,1,Daylight,1,Clear,0,No,0000000,Not Applicable,17,5:00pm-5:59pm,24,24,17,5:00pm-5:59pm,28,28,99,Unknown,99,Unknown EMS Hospital Arrival Time,1
41,Oregon,410360,0,0,1,1,0,1,1,29,JACKSON (29),0,NOT APPLICABLE,8,August,26,26,7,Saturday,2023,22,10:00pm-10:59pm,30,30,UPPER APPLEGATE RD,,0,Not Signed,1,Rural,5,Major Collector,2,County Highway Agency,0,This Section IS NOT on the NHS,0,No Special Jurisdiction,115,115,42.09823056,42.09823056,-123.095625,-123.095625,35,Embankment,0,The First Harmful Event was Not a Collision with a Motor Vehicle in Transport,0,No,1,Non-Junction,1,Not an Intersection,4,On Roadside,0,,2,Dark - Not Lighted,1,Clear,0,No,0000000,Not Applicable,23,11:00pm-11:59pm,5,5,23,11:00pm-11:59pm,20,20,88,Not Applicable (Not Transported),88,Not Applicable (Not Transported),1
41,Oregon,410361,0,0,3,3,0,3,3,15,CURRY (15),0,NOT APPLICABLE,8,August,31,31,5,Thursday,2023,17,5:00pm-5:59pm,16,16,US-101 ODOT 9,,2,U.S. Highway,1,Rural,3,Other Principal Arterial,1,State Highway Agency,1,This Section IS ON the NHS,0,No Special Jurisdiction,3406,3406,42.25483056,42.25483056,-124.39756111,-124.39756111,12,Motor Vehicle In-Transport,2,Front-to-Front,0,No,1,Non-Junction,1,Not an Intersection,1,On Roadway,0,,1,Daylight,10,Cloudy,0,No,0000000,Not Applicable,17,5:00pm-5:59pm,21,21,17,5:00pm-5:59pm,33,33,99,Unknown,99,Unknown EMS Hospital Arrival Time,1
41,Oregon,410362,0,0,1,1,0,1,1,51,MULTNOMAH (51),1650,PORTLAND,9,September,1,1,6,Friday,2023,5,5:00am-5:59am,1,1,US-30 ODOT 123,,2,U.S. Highway,2,Urban,3,Other Principal Arterial,1,State Highway Agency,1,This Section IS ON the NHS,0,No Special Jurisdiction,119,119,45.55813889,45.55813889,-122.54780278,-122.54780278,42,Tree (Standing Only),0,The First Harmful Event was Not a Collision with a Motor Vehicle in Transport,0,No,1,Non-Junction,1,Not an Intersection,4,On Roadside,0,,3,Dark - Lighted,10,Cloudy,0,No,0000000,Not Applicable,99,Unknown,99,Unknown,99,Unknown EMS Scene Arrival Hour,99,Unknown EMS Scene Arrival Minutes,88,Not Applicable (Not Transported),88,Not Applicable (Not Transported),1
41,Oregon,410363,0,0,2,2,0,3,3,29,JACKSON (29),0,NOT APPLICABLE,9,September,2,2,7,Saturday,2023,15,3:00pm-3:59pm,10,10,SR-230 ODOT 233,,3,State Highway,1,Rural,4,Minor Arterial,1,State Highway Agency,0,This Section IS NOT on the NHS,0,No Special Jurisdiction,56,56,42.99180556,42.99180556,-122.38864167,-122.38864167,12,Motor Vehicle In-Transport,2,Front-to-Front,0,No,1,Non-Junction,1,Not an Intersection,1,On Roadway,0,,1,Daylight,10,Cloudy,0,No,0000000,Not Applicable,15,3:00pm-3:59pm,10,10,15,3:00pm-3:59pm,34,34,88,Not Applicable (Not Transported),88,Not Applicable (Not Transported),1
41,Oregon,410364,0,0,1,1,0,1,1,43,LINN (43),0,NOT APPLICABLE,9,September,2,2,7,Saturday,2023,20,8:00pm-8:59pm,52,52,SR-228 ODOT 212,,3,State Highway,1,Rural,4,Minor Arterial,1,State Highway Agency,0,This Section IS NOT on the NHS,0,No Special Jurisdiction,190,190,44.37906667,44.37906667,-122.76965833,-122.76965833,42,Tree (Standing Only),0,The First Harmful Event was Not a Collision with a Motor Vehicle in Transport,0,No,1,Non-Junction,1,Not an Intersection,4,On Roadside,0,,2,Dark - Not Lighted,1,Clear,0,No,0000000,Not Applicable,20,8:00pm-8:59pm,52,52,20,8:00pm-8:59pm,59,59,88,Not Applicable (Not Transported),88,Not Applicable (Not Transported),1
41,Oregon,410365,0,0,1,1,0,1,1,39,LANE (39),660,EUGENE,9,September,2,2,7,Saturday,2023,9,9:00am-9:59am,55,55,AMAZON PKWY,,0,Not Signed,2,Urban,4,Minor Arterial,4,City or Municipal Highway Agency,0,This Section IS NOT on the NHS,0,No Special Jurisdiction,0,,44.02541111,44.02541111,-123.08454722,-123.08454722,33,Curb,0,The First Harmful Event was Not a Collision with a Motor Vehicle in Transport,0,No,1,Non-Junction,1,Not an Intersection,4,On Roadside,0,,1,Daylight,1,Clear,0,No,0000000,Not Applicable,9,9:00am-9:59am,55,55,9,9:00am-9:59am,56,56,88,Not Applicable (Not Transported),88,Not Applicable (Not Transported),1
41,Oregon,410366,0,0,1,1,0,1,1,53,POLK (53),0,NOT APPLICABLE,7,July,27,27,5,Thursday,2023,14,2:00pm-2:59pm,4,4,RIDDLE RD,,0,Not Signed,1,Rural,6,Minor Collector,2,County Highway Agency,0,This Section IS NOT on the NHS,0,No Special Jurisdiction,22,22,44.87844722,44.87844722,-123.23855,-123.23855,59,Traffic Sign Support,0,The First Harmful Event was Not a Collision with a Motor Vehicle in Transport,0,No,1,Non-Junction,1,Not an Intersection,4,On Roadside,0,,1,Daylight,1,Clear,0,No,0000000,Not Applicable,14,2:00pm-2:59pm,4,4,14,2:00pm-2:59pm,11,11,88,Not Applicable (Not Transported),88,Not Applicable (Not Transported),1
41,Oregon,410367,0,0,1,1,0,1,1,9,COLUMBIA (9),0,NOT APPLICABLE,7,July,30,30,1,Sunday,2023,1,1:00am-1:59am,14,14,FERN HILL RD,,0,Not Signed,1,Rural,5,Major Collector,2,County Highway Agency,0,This Section IS NOT on the NHS,0,No Special Jurisdiction,19,19,46.07102222,46.07102222,-122.96508889,-122.96508889,30,Utility Pole/Light Support,0,The First Harmful Event was Not a Collision with a Motor Vehicle in Transport,0,No,1,Non-Junction,1,Not an Intersection,4,On Roadside,0,,2,Dark - Not Lighted,1,Clear,0,No,0000000,Not Applicable,1,1:00am-1:59am,14,14,1,1:00am-1:59am,23,23,99,Unknown,99,Unknown EMS Hospital Arrival Time,1
41,Oregon,410368,0,0,2,2,0,3,3,51,MULTNOMAH (51),1650,PORTLAND,9,September,3,3,1,Sunday,2023,17,5:00pm-5:59pm,11,11,US-30 ODOT 26,,2,U.S. Highway,2,Urban,3,Other Principal Arterial,1,State Highway Agency,1,This Section IS ON the NHS,0,No Special Jurisdiction,81,81,45.49856389,45.49856389,-122.51942778,-122.51942778,12,Motor Vehicle In-Transport,7,Sideswipe - Same Direction,0,No,1,Non-Junction,1,Not an Intersection,1,On Roadway,0,,1,Daylight,1,Clear,0,No,0000000,Not Applicable,99,Unknown,99,Unknown,99,Unknown EMS Scene Arrival Hour,99,Unknown EMS Scene Arrival Minutes,88,Not Applicable (Not Transported),88,Not Applicable (Not Transported),1
41,Oregon,410369,0,0,2,2,0,2,2,9,COLUMBIA (9),0,NOT APPLICABLE,9,September,5,5,3,Tuesday,2023,13,1:00pm-1:59pm,10,10,US-30 ODOT 92,,2,U.S. Highway,1,Rural,3,Other Principal Arterial,1,State Highway Agency,1,This Section IS ON the NHS,0,No Special Jurisdiction,364,364,45.9602,45.9602,-122.86801111,-122.86801111,12,Motor Vehicle In-Transport,2,Front-to-Front,0,No,1,Non-Junction,1,Not an Intersection,1,On Roadway,0,,1,Daylight,1,Clear,0,No,0000000,Not Applicable,13,1:00pm-1:59pm,10,10,13,1:00pm-1:59pm,10,10,99,Unknown,99,Unknown EMS Hospital Arrival Time,1
41,Oregon,410370,0,0,2,2,0,2,2,41,LINCOLN (41),0,NOT APPLICABLE,9,September,5,5,3,Tuesday,2023,17,5:00pm-5:59pm,2,2,US-20 ODOT 33,,2,U.S. Highway,1,Rural,3,Other Principal Arterial,1,State Highway Agency,1,This Section IS ON the NHS,0,No Special Jurisdiction,42,42,44.62594167,44.62594167,-123.97377222,-123.97377222,12,Motor Vehicle In-Transport,2,Front-to-Front,0,No,1,Non-Junction,1,Not an Intersection,1,On Roadway,0,,1,Daylight,1,Clear,0,No,0000000,Not Applicable,17,5:00pm-5:59pm,2,2,17,5:00pm-5:59pm,17,17,88,Not Applicable (Not Transported),88,Not Applicable (Not Transported),1
41,Oregon,410371,0,0,2,2,0,2,2,29,JACKSON (29),0,NOT APPLICABLE,9,September,6,6,4,Wednesday,2023,7,7:00am-7:59am,30,30,SR-62 ODOT 22,AVENUE H,3,State Highway,2,Urban,3,Other Principal Arterial,1,State Highway Agency,1,This Section IS ON the NHS,0,No Special Jurisdiction,73,73,42.43888889,42.43888889,-122.83753056,-122.83753056,12,Motor Vehicle In-Transport,6,Angle,0,No,2,Intersection,2,Four-Way Intersection,1,On Roadway,0,,1,Daylight,1,Clear,0,No,0000000,Not Applicable,7,7:00am-7:59am,32,32,7,7:00am-7:59am,38,38,99,Unknown,99,Unknown EMS Hospital Arrival Time,1
41,Oregon,410372,1,1,1,1,0,1,1,29,JACKSON (29),0,NOT APPLICABLE,9,September,6,6,4,Wednesday,2023,23,11:00pm-11:59pm,18,18,SR-62 ODOT 22,,3,State Highway,2,Urban,3,Other Principal Arterial,1,State Highway Agency,1,This Section IS ON the NHS,0,No Special Jurisdiction,66,66,42.43147778,42.43147778,-122.84681944,-122.84681944,8,Pedestrian,0,The First Harmful Event was Not a Collision with a Motor Vehicle in Transport,0,No,1,Non-Junction,1,Not an Intersection,1,On Roadway,0,,2,Dark - Not Lighted,1,Clear,0,No,0000000,Not Applicable,11,11:00am-11:59am,18,18,11,11:00am-11:59am,24,24,88,Not Applicable (Not Transported),88,Not Applicable (Not Transported),1
41,Oregon,410373,0,0,2,2,0,2,2,41,LINCOLN (41),0,NOT APPLICABLE,9,September,7,7,5,Thursday,2023,14,2:00pm-2:59pm,14,14,US-101 ODOT 9,N BAYVIEW RD,2,U.S. Highway,1,Rural,3,Other Principal Arterial,1,State Highway Agency,1,This Section IS ON the NHS,0,No Special Jurisdiction,1550,1550,44.437675,44.437675,-124.07496111,-124.07496111,12,Motor Vehicle In-Transport,6,Angle,0,No,2,Intersection,2,Four-Way Intersection,1,On Roadway,0,,1,Daylight,1,Clear,0,No,0000000,Not Applicable,14,2:00pm-2:59pm,14,14,14,2:00pm-2:59pm,17,17,99,Unknown,99,Unknown EMS Hospital Arrival Time,1
41,Oregon,410374,0,0,2,2,0,3,3,39,LANE (39),0,NOT APPLICABLE,8,August,21,21,2,Monday,2023,12,12:00pm-12:59pm,52,52,SR-36 ODOT 229,ALVADORE RD,3,State Highway,1,Rural,4,Minor Arterial,1,State Highway Agency,0,This Section IS NOT on the NHS,0,No Special Jurisdiction,496,496,44.19339722,44.19339722,-123.24193889,-123.24193889,12,Motor Vehicle In-Transport,6,Angle,0,No,2,Intersection,2,Four-Way Intersection,1,On Roadway,0,,1,Daylight,10,Cloudy,0,No,0000000,Not Applicable,12,12:00pm-12:59pm,52,52,13,1:00pm-1:59pm,3,3,13,1:00pm-1:59pm,37,37,1
41,Oregon,410375,0,0,2,2,0,2,2,19,DOUGLAS (19),0,NOT APPLICABLE,8,August,30,30,4,Wednesday,2023,19,7:00pm-7:59pm,9,9,BUCKHORN RD,STOCKS LN,0,Not Signed,2,Urban,5,Major Collector,2,County Highway Agency,0,This Section IS NOT on the NHS,0,No Special Jurisdiction,8,8,43.211325,43.211325,-123.26156389,-123.26156389,12,Motor Vehicle In-Transport,6,Angle,0,No,2,Intersection,3,T-Intersection,1,On Roadway,0,,5,Dusk,1,Clear,0,No,0000000,Not Applicable,19,7:00pm-7:59pm,11,11,19,7:00pm-7:59pm,15,15,99,Unknown,99,Unknown EMS Hospital Arrival Time,1
41,Oregon,410376,1,1,1,1,0,1,1,43,LINN (43),20,ALBANY,9,September,8,8,6,Friday,2023,9,9:00am-9:59am,15,15,WAVERLY DR SE,47TH AVE SE,0,Not Signed,2,Urban,4,Minor Arterial,4,City or Municipal Highway Agency,0,This Section IS NOT on the NHS,0,No Special Jurisdiction,0,,44.60013333,44.60013333,-123.07753056,-123.07753056,42,Tree (Standing Only),0,The First Harmful Event was Not a Collision with a Motor Vehicle in Transport,0,No,3,Intersection-Related,2,Four-Way Intersection,4,On Roadside,0,,1,Daylight,1,Clear,0,No,0000000,Not Applicable,9,9:00am-9:59am,16,16,9,9:00am-9:59am,19,19,9,9:00am-9:59am,43,43,1
41,Oregon,410377,0,0,3,3,0,4,4,59,UMATILLA (59),0,NOT APPLICABLE,9,September,8,8,6,Friday,2023,17,5:00pm-5:59pm,5,5,SR-11 ODOT 8,,3,State Highway,2,Urban,3,Other Principal Arterial,1,State Highway Agency,1,This Section IS ON the NHS,0,No Special Jurisdiction,326,326,45.96160556,45.96160556,-118.38715833,-118.38715833,12,Motor Vehicle In-Transport,1,Front-to-Rear,0,No,1,Non-Junction,1,Not an Intersection,1,On Roadway,0,,1,Daylight,1,Clear,0,No,0000000,Not Applicable,17,5:00pm-5:59pm,5,5,17,5:00pm-5:59pm,12,12,88,Not Applicable (Not Transported),88,Not Applicable (Not Transported),1
41,Oregon,410378,0,0,2,2,0,3,3,47,MARION (47),0,NOT APPLICABLE,9,September,9,9,7,Saturday,2023,17,5:00pm-5:59pm,49,49,YERGEN RD NE,CASE RD NE,0,Not Signed,1,Rural,3,Other Principal Arterial,2,County Highway Agency,1,This Section IS ON the NHS,0,No Special Jurisdiction,48,48,45.22865556,45.22865556,-122.87859444,-122.87859444,12,Motor Vehicle In-Transport,2,Front-to-Front,0,No,2,Intersection,2,Four-Way Intersection,1,On Roadway,0,,1,Daylight,1,Clear,0,No,0000000,Not Applicable,17,5:00pm-5:59pm,45,45,18,6:00pm-6:59pm,11,11,19,7:00pm-7:59pm,0,0,2
41,Oregon,410379,0,0,1,1,0,2,2,3,BENTON (3),0,NOT APPLICABLE,9,September,10,10,1,Sunday,2023,14,2:00pm-2:59pm,45,45,SR-34 ODOT 27,,3,State Highway,1,Rural,4,Minor Arterial,1,State Highway Agency,0,This Section IS NOT on the NHS,0,No Special Jurisdiction,277,277,44.38106944,44.38106944,-123.71125278,-123.71125278,24,Guardrail Face,0,The First Harmful Event was Not a Collision with a Motor Vehicle in Transport,0,No,1,Non-Junction,1,Not an Intersection,4,On Roadside,0,,1,Daylight,1,Clear,0,No,0000000,Not Applicable,99,Unknown,99,Unknown,99,Unknown EMS Scene Arrival Hour,99,Unknown EMS Scene Arrival Minutes,99,Unknown,99,Unknown EMS Hospital Arrival Time,1
41,Oregon,410381,0,0,2,2,0,2,2,5,CLACKAMAS (5),0,NOT APPLICABLE,9,September,8,8,6,Friday,2023,12,12:00pm-12:59pm,12,12,SE JENNIFER ST,,0,Not Signed,2,Urban,5,Major Collector,2,County Highway Agency,0,This Section IS NOT on the NHS,0,No Special Jurisdiction,1,1,45.40178611,45.40178611,-122.56656944,-122.56656944,12,Motor Vehicle In-Transport,2,Front-to-Front,0,No,1,Non-Junction,1,Not an Intersection,1,On Roadway,0,,1,Daylight,1,Clear,0,No,0000000,Not Applicable,99,Unknown,99,Unknown,99,Unknown EMS Scene Arrival Hour,99,Unknown EMS Scene Arrival Minutes,99,Unknown,99,Unknown EMS Hospital Arrival Time,1
41,Oregon,410382,0,0,2,2,0,2,2,47,MARION (47),0,NOT APPLICABLE,9,September,14,14,5,Thursday,2023,3,3:00am-3:59am,22,22,ARNDT RD NE,BENTS RD NE,0,Not Signed,1,Rural,5,Major Collector,2,County Highway Agency,0,This Section IS NOT on the NHS,0,No Special Jurisdiction,4,4,45.2596,45.2596,-122.81299444,-122.81299444,12,Motor Vehicle In-Transport,1,Front-to-Rear,0,No,3,Intersection-Related,3,T-Intersection,1,On Roadway,0,,2,Dark - Not Lighted,10,Cloudy,0,No,0000000,Not Applicable,3,3:00am-3:59am,22,22,3,3:00am-3:59am,36,36,88,Not Applicable (Not Transported),88,Not Applicable (Not Transported),1
41,Oregon,410383,1,1,1,1,0,1,1,35,KLAMATH (35),0,NOT APPLICABLE,9,September,8,8,6,Friday,2023,19,7:00pm-7:59pm,44,44,SR-39 ODOT 20,,3,State Highway,2,Urban,3,Other Principal Arterial,1,State Highway Agency,1,This Section IS ON the NHS,0,No Special Jurisdiction,42,42,42.20655556,42.20655556,-121.71859167,-121.71859167,8,Pedestrian,0,The First Harmful Event was Not a Collision with a Motor Vehicle in Transport,0,No,1,Non-Junction,1,Not an Intersection,1,On Roadway,0,,5,Dusk,1,Clear,0,No,0000000,Not Applicable,19,7:00pm-7:59pm,44,44,19,7:00pm-7:59pm,46,46,20,8:00pm-8:59pm,6,6,1
41,Oregon,410384,0,0,1,1,0,1,1,21,GILLIAM (21),0,NOT APPLICABLE,9,September,14,14,5,Thursday,2023,18,6:00pm-6:59pm,41,41,I-84,,1,Interstate,1,Rural,1,Interstate,1,State Highway Agency,1,This Section IS ON the NHS,0,No Special Jurisdiction,1345,1345,45.70936667,45.70936667,-120.2723,-120.2723,57,Cable Barrier,0,The First Harmful Event was Not a Collision with a Motor Vehicle in Transport,0,No,1,Non-Junction,1,Not an Intersection,3,On Median,0,,1,Daylight,1,Clear,0,No,0000000,Not Applicable,18,6:00pm-6:59pm,44,44,18,6:00pm-6:59pm,56,56,88,Not Applicable (Not Transported),88,Not Applicable (Not Transported),1
41,Oregon,410385,0,0,1,1,0,1,1,61,UNION (61),0,NOT APPLICABLE,9,September,16,16,7,Saturday,2023,11,11:00am-11:59am,50,50,I-84,,1,Interstate,2,Urban,1,Interstate,1,State Highway Agency,1,This Section IS ON the NHS,0,No Special Jurisdiction,2606,2606,45.34060556,45.34060556,-118.09025,-118.09025,38,Fence,0,The First Harmful Event was Not a Collision with a Motor Vehicle in Transport,0,No,1,Non-Junction,1,Not an Intersection,4,On Roadside,0,,1,Daylight,1,Clear,0,No,0000000,Not Applicable,99,Unknown,99,Unknown,99,Unknown EMS Scene Arrival Hour,99,Unknown EMS Scene Arrival Minutes,88,Not Applicable (Not Transported),88,Not Applicable (Not Transported),1
41,Oregon,410386,0,0,1,1,0,1,1,19,DOUGLAS (19),0,NOT APPLICABLE,9,September,17,17,1,Sunday,2023,17,5:00pm-5:59pm,35,35,I-5,,1,Interstate,1,Rural,1,Interstate,1,State Highway Agency,1,This Section IS ON the NHS,0,No Special Jurisdiction,804,804,42.74168611,42.74168611,-123.37244167,-123.37244167,24,Guardrail Face,0,The First Harmful Event was Not a Collision with a Motor Vehicle in Transport,0,No,1,Non-Junction,1,Not an Intersection,4,On Roadside,0,,1,Daylight,1,Clear,0,No,0000000,Not Applicable,17,5:00pm-5:59pm,40,40,17,5:00pm-5:59pm,55,55,88,Not Applicable (Not Transported),88,Not Applicable (Not Transported),1
41,Oregon,410387,0,0,3,3,0,4,4,29,JACKSON (29),0,NOT APPLICABLE,9,September,18,18,2,Monday,2023,23,11:00pm-11:59pm,37,37,I-5,,1,Interstate,2,Urban,1,Interstate,1,State Highway Agency,1,This Section IS ON the NHS,0,No Special Jurisdiction,440,440,42.42702222,42.42702222,-123.10367778,-123.10367778,12,Motor Vehicle In-Transport,2,Front-to-Front,0,No,1,Non-Junction,1,Not an Intersection,1,On Roadway,0,,2,Dark - Not Lighted,1,Clear,0,No,0000000,Not Applicable,23,11:00pm-11:59pm,37,37,23,11:00pm-11:59pm,55,55,99,Unknown,99,Unknown EMS Hospital Arrival Time,1
41,Oregon,410388,0,0,1,1,0,1,1,67,WASHINGTON (67),180,BEAVERTON,9,September,16,16,7,Saturday,2023,15,3:00pm-3:59pm,36,36,SW BARROWS RD,SW MENLOR LN,0,Not Signed,2,Urban,5,Major Collector,4,City or Municipal Highway Agency,0,This Section IS NOT on the NHS,0,No Special Jurisdiction,0,,45.42895833,45.42895833,-122.83165,-122.83165,46,Traffic Signal Support,0,The First Harmful Event was Not a Collision with a Motor Vehicle in Transport,0,No,3,Intersection-Related,2,Four-Way Intersection,4,On Roadside,0,,1,Daylight,1,Clear,0,No,0000000,Not Applicable,15,3:00pm-3:59pm,37,37,15,3:00pm-3:59pm,40,40,88,Not Applicable (Not Transported),88,Not Applicable (Not Transported),1
41,Oregon,410389,1,1,1,1,0,1,1,51,MULTNOMAH (51),1650,PORTLAND,9,September,19,19,3,Tuesday,2023,5,5:00am-5:59am,57,57,SR-120 N PORTLAND RD,,3,State Highway,2,Urban,4,Minor Arterial,4,City or Municipal Highway Agency,1,This Section IS ON the NHS,0,No Special Jurisdiction,0,,45.60849444,45.60849444,-122.70975,-122.70975,9,Pedalcyclist,0,The First Harmful Event was Not a Collision with a Motor Vehicle in Transport,0,No,1,Non-Junction,1,Not an Intersection,1,On Roadway,0,,3,Dark - Lighted,10,Cloudy,0,No,0000000,Not Applicable,99,Unknown,99,Unknown,99,Unknown EMS Scene Arrival Hour,99,Unknown EMS Scene Arrival Minutes,88,Not Applicable (Not Transported),88,Not Applicable (Not Transported),1
41,Oregon,410390,0,0,2,2,0,2,2,35,KLAMATH (35),0,NOT APPLICABLE,9,September,20,20,4,Wednesday,2023,7,7:00am-7:59am,26,26,US-97 ODOT 4,KENO WORDEN RD,2,U.S. Highway,1,Rural,3,Other Principal Arterial,1,State Highway Agency,1,This Section IS ON the NHS,0,No Special Jurisdiction,2892,2892,42.03706944,42.03706944,-121.87361389,-121.87361389,12,Motor Vehicle In-Transport,6,Angle,0,No,2,Intersection,3,T-Intersection,1,On Roadway,0,,4,Dawn,1,Clear,0,No,0000000,Not Applicable,7,7:00am-7:59am,29,29,7,7:00am-7:59am,33,33,99,Unknown,99,Unknown EMS Hospital Arrival Time,1
41,Oregon,410391,1,1,1,1,0,1,1,67,WASHINGTON (67),2065,TIGARD,9,September,18,18,2,Monday,2023,20,8:00pm-8:59pm,23,23,SR-141 ODOT 141,,3,State Highway,2,Urban,4,Minor Arterial,1,State Highway Agency,0,This Section IS NOT on the NHS,0,No Special Jurisdiction,46,46,45.438975,45.438975,-122.76543889,-122.76543889,8,Pedestrian,0,The First Harmful Event was Not a Collision with a Motor Vehicle in Transport,0,No,1,Non-Junction,1,Not an Intersection,1,On Roadway,0,,6,Dark - Unknown Lighting,98,Not Reported,0,No,0000000,Not Applicable,20,8:00pm-8:59pm,54,54,21,9:00pm-9:59pm,9,9,21,9:00pm-9:59pm,40,40,1
41,Oregon,410392,0,0,2,2,0,2,2,43,LINN (43),0,NOT APPLICABLE,9,September,21,21,5,Thursday,2023,16,4:00pm-4:59pm,59,59,SR-34 ODOT 210,,3,State Highway,1,Rural,3,Other Principal Arterial,1,State Highway Agency,1,This Section IS ON the NHS,0,No Special Jurisdiction,8,8,44.56385278,44.56385278,-123.24278611,-123.24278611,12,Motor Vehicle In-Transport,2,Front-to-Front,0,No,1,Non-Junction,1,Not an Intersection,1,On Roadway,0,,1,Daylight,1,Clear,0,No,0000000,Not Applicable,16,4:00pm-4:59pm,59,59,17,5:00pm-5:59pm,0,0,99,Unknown,99,Unknown EMS Hospital Arrival Time,1
41,Oregon,410393,0,0,1,1,0,2,2,5,CLACKAMAS (5),0,NOT APPLICABLE,9,September,23,23,7,Saturday,2023,0,0:00am-0:59am,12,12,SE BOB SCHUMACHER RD,,0,Not Signed,2,Urban,5,Major Collector,2,County Highway Agency,0,This Section IS NOT on the NHS,0,No Special Jurisdiction,10,10,45.43550556,45.43550556,-122.56518611,-122.56518611,33,Curb,0,The First Harmful Event was Not a Collision with a Motor Vehicle in Transport,0,No,1,Non-Junction,1,Not an Intersection,4,On Roadside,0,,6,Dark - Unknown Lighting,1,Clear,0,No,0000000,Not Applicable,0,0:00am-0:59am,12,12,0,0:00am-0:59am,17,17,99,Unknown,99,Unknown EMS Hospital Arrival Time,1
41,Oregon,410394,0,0,1,1,0,3,3,17,DESCHUTES (17),190,BEND,9,September,23,23,7,Saturday,2023,23,11:00pm-11:59pm,42,42,SE 15TH ST,,0,Not Signed,2,Urban,4,Minor Arterial,4,City or Municipal Highway Agency,0,This Section IS NOT on the NHS,0,No Special Jurisdiction,0,,44.05104722,44.05104722,-121.28416111,-121.28416111,33,Curb,0,The First Harmful Event was Not a Collision with a Motor Vehicle in Transport,0,No,1,Non-Junction,1,Not an Intersection,4,On Roadside,0,,3,Dark - Lighted,1,Clear,0,No,0000000,Not Applicable,23,11:00pm-11:59pm,50,50,23,11:00pm-11:59pm,58,58,0,0:00am-0:59am,12,12,1
41,Oregon,410395,0,0,1,1,0,4,4,67,WASHINGTON (67),0,NOT APPLICABLE,9,September,24,24,1,Sunday,2023,0,0:00am-0:59am,55,55,SW 175TH AVE,,0,Not Signed,2,Urban,4,Minor Arterial,2,County Highway Agency,0,This Section IS NOT on the NHS,0,No Special Jurisdiction,0,,45.43714444,45.43714444,-122.85655278,-122.85655278,34,Ditch,0,The First Harmful Event was Not a Collision with a Motor Vehicle in Transport,0,No,1,Non-Junction,1,Not an Intersection,4,On Roadside,0,,2,Dark - Not Lighted,2,Rain,0,No,0000000,Not Applicable,0,0:00am-0:59am,56,56,1,1:00am-1:59am,2,2,99,Unknown,99,Unknown EMS Hospital Arrival Time,1
41,Oregon,410396,0,0,2,2,0,3,3,17,DESCHUTES (17),190,BEND,9,September,22,22,6,Friday,2023,9,9:00am-9:59am,45,45,KNOTT RD,CHINA HAT RD,0,Not Signed,2,Urban,4,Minor Arterial,4,City or Municipal Highway Agency,0,This Section IS NOT on the NHS,0,No Special Jurisdiction,0,,43.99918611,43.99918611,-121.31248056,-121.31248056,12,Motor Vehicle In-Transport,6,Angle,0,No,2,Intersection,2,Four-Way Intersection,1,On Roadway,0,,1,Daylight,1,Clear,0,No,0000000,Not Applicable,99,Unknown,99,Unknown,99,Unknown EMS Scene Arrival Hour,99,Unknown EMS Scene Arrival Minutes,88,Not Applicable (Not Transported),88,Not Applicable (Not Transported),1
41,Oregon,410397,0,0,3,3,0,7,7,5,CLACKAMAS (5),0,NOT APPLICABLE,9,September,22,22,6,Friday,2023,17,5:00pm-5:59pm,1,1,I-5,,1,Interstate,1,Rural,1,Interstate,1,State Highway Agency,1,This Section IS ON the NHS,0,No Special Jurisdiction,2820,2820,45.27583333,45.27583333,-122.77282222,-122.77282222,12,Motor Vehicle In-Transport,1,Front-to-Rear,0,No,1,Non-Junction,1,Not an Intersection,1,On Roadway,0,,1,Daylight,1,Clear,0,No,0000000,Not Applicable,17,5:00pm-5:59pm,1,1,17,5:00pm-5:59pm,6,6,18,6:00pm-6:59pm,0,0,1
41,Oregon,410398,0,0,1,1,0,1,1,41,LINCOLN (41),0,NOT APPLICABLE,9,September,19,19,3,Tuesday,2023,21,9:00pm-9:59pm,17,17,US-101 ODOT 9,,2,U.S. Highway,1,Rural,3,Other Principal Arterial,1,State Highway Agency,1,This Section IS ON the NHS,0,No Special Jurisdiction,1521,1521,44.47845278,44.47845278,-124.07942222,-124.07942222,35,Embankment,0,The First Harmful Event was Not a Collision with a Motor Vehicle in Transport,0,No,1,Non-Junction,1,Not an Intersection,4,On Roadside,0,,2,Dark - Not Lighted,99,Reported as Unknown,0,No,0000000,Not Applicable,21,9:00pm-9:59pm,29,29,21,9:00pm-9:59pm,35,35,22,10:00pm-10:59pm,25,25,1
41,Oregon,410400,0,0,1,1,0,1,1,19,DOUGLAS (19),0,NOT APPLICABLE,9,September,17,17,1,Sunday,2023,16,4:00pm-4:59pm,33,33,NONPAREIL RD,,0,Not Signed,1,Rural,6,Minor Collector,2,County Highway Agency,0,This Section IS NOT on the NHS,0,No Special Jurisdiction,61,61,43.40669444,43.40669444,-123.19920556,-123.19920556,38,Fence,0,The First Harmful Event was Not a Collision with a Motor Vehicle in Transport,0,No,1,Non-Junction,1,Not an Intersection,4,On Roadside,0,,1,Daylight,1,Clear,0,No,0000000,Not Applicable,16,4:00pm-4:59pm,33,33,16,4:00pm-4:59pm,45,45,99,Unknown,99,Unknown EMS Hospital Arrival Time,1
41,Oregon,410401,0,0,1,1,0,1,1,43,LINN (43),0,NOT APPLICABLE,9,September,19,19,3,Tuesday,2023,0,0:00am-0:59am,15,15,RICHARDSON GAP RD,,0,Not Signed,1,Rural,5,Major Collector,2,County Highway Agency,0,This Section IS NOT on the NHS,0,No Special Jurisdiction,6,6,44.64849722,44.64849722,-122.80435556,-122.80435556,11,Live Animal,0,The First Harmful Event was Not a Collision with a Motor Vehicle in Transport,0,No,1,Non-Junction,1,Not an Intersection,1,On Roadway,0,,2,Dark - Not Lighted,1,Clear,0,No,0000000,Not Applicable,0,0:00am-0:59am,15,15,0,0:00am-0:59am,29,29,88,Not Applicable (Not Transported),88,Not Applicable (Not Transported),1
41,Oregon,410402,0,0,1,1,0,1,1,47,MARION (47),0,NOT APPLICABLE,9,September,22,22,6,Friday,2023,18,6:00pm-6:59pm,27,27,STATE ST,,0,Not Signed,1,Rural,6,Minor Collector,2,County Highway Agency,0,This Section IS NOT on the NHS,0,No Special Jurisdiction,52,52,44.92809167,44.92809167,-122.88038889,-122.88038889,34,Ditch,0,The First Harmful Event was Not a Collision with a Motor Vehicle in Transport,0,No,1,Non-Junction,1,Not an Intersection,4,On Roadside,0,,1,Daylight,1,Clear,0,No,0000000,Not Applicable,18,6:00pm-6:59pm,27,27,18,6:00pm-6:59pm,35,35,99,Unknown,99,Unknown EMS Hospital Arrival Time,1
41,Oregon,410403,0,0,1,1,0,1,1,67,WASHINGTON (67),1000,HILLSBORO,9,September,23,23,7,Saturday,2023,2,2:00am-2:59am,2,2,E MAIN ST,,0,Not Signed,2,Urban,4,Minor Arterial,4,City or Municipal Highway Agency,0,This Section IS NOT on the NHS,0,No Special Jurisdiction,0,,45.51981111,45.51981111,-122.93035556,-122.93035556,30,Utility Pole/Light Support,0,The First Harmful Event was Not a Collision with a Motor Vehicle in Transport,0,No,1,Non-Junction,1,Not an Intersection,4,On Roadside,0,,3,Dark - Lighted,10,Cloudy,0,No,0000000,Not Applicable,2,2:00am-2:59am,2,2,2,2:00am-2:59am,9,9,88,Not Applicable (Not Transported),88,Not Applicable (Not Transported),1
41,Oregon,410404,0,0,2,2,0,2,2,59,UMATILLA (59),0,NOT APPLICABLE,9,September,28,28,5,Thursday,2023,19,7:00pm-7:59pm,55,55,I-84,,1,Interstate,1,Rural,1,Interstate,1,State Highway Agency,1,This Section IS ON the NHS,0,No Special Jurisdiction,2267,2267,45.58979444,45.58979444,-118.55125278,-118.55125278,12,Motor Vehicle In-Transport,1,Front-to-Rear,0,No,1,Non-Junction,1,Not an Intersection,1,On Roadway,0,,2,Dark - Not Lighted,1,Clear,0,No,0000000,Not Applicable,19,7:00pm-7:59pm,59,59,20,8:00pm-8:59pm,18,18,99,Unknown,99,Unknown EMS Hospital Arrival Time,1
41,Oregon,410405,0,0,1,1,0,1,1,17,DESCHUTES (17),0,NOT APPLICABLE,9,September,29,29,6,Friday,2023,5,5:00am-5:59am,40,40,US-20 ODOT 16,,2,U.S. Highway,1,Rural,3,Other Principal Arterial,1,State Highway Agency,1,This Section IS ON the NHS,0,No Special Jurisdiction,921,921,44.38051111,44.38051111,-121.65576389,-121.65576389,42,Tree (Standing Only),0,The First Harmful Event was Not a Collision with a Motor Vehicle in Transport,0,No,1,Non-Junction,1,Not an Intersection,4,On Roadside,0,,2,Dark - Not Lighted,2,Rain,0,No,0000000,Not Applicable,5,5:00am-5:59am,40,40,5,5:00am-5:59am,44,44,88,Not Applicable (Not Transported),88,Not Applicable (Not Transported),1
41,Oregon,410406,1,1,1,1,0,1,1,71,YAMHILL (71),0,NOT APPLICABLE,9,September,30,30,7,Saturday,2023,19,7:00pm-7:59pm,45,45,SR-18 ODOT 39,,3,State Highway,1,Rural,3,Other Principal Arterial,1,State Highway Agency,1,This Section IS ON the NHS,0,No Special Jurisdiction,347,347,45.09816944,45.09816944,-123.35454167,-123.35454167,8,Pedestrian,0,The First Harmful Event was Not a Collision with a Motor Vehicle in Transport,0,No,1,Non-Junction,1,Not an Intersection,1,On Roadway,0,,2,Dark - Not Lighted,1,Clear,0,No,0000000,Not Applicable,19,7:00pm-7:59pm,49,49,19,7:00pm-7:59pm,55,55,88,Not Applicable (Not Transported),88,Not Applicable (Not Transported),1
41,Oregon,410407,0,0,2,2,0,3,3,5,CLACKAMAS (5),0,NOT APPLICABLE,10,October,2,2,2,Monday,2023,5,5:00am-5:59am,20,20,US-26 ODOT 26,,2,U.S. Highway,1,Rural,3,Other Principal Arterial,1,State Highway Agency,1,This Section IS ON the NHS,0,No Special Jurisdiction,455,455,45.31659444,45.31659444,-121.89976944,-121.89976944,12,Motor Vehicle In-Transport,2,Front-to-Front,0,No,1,Non-Junction,1,Not an Intersection,1,On Roadway,0,,2,Dark - Not Lighted,10,Cloudy,0,No,0000000,Not Applicable,5,5:00am-5:59am,20,20,5,5:00am-5:59am,30,30,99,Unknown,99,Unknown EMS Hospital Arrival Time,1
41,Oregon,410409,1,1,1,1,0,2,2,67,WASHINGTON (67),9997,Other,10,October,3,3,3,Tuesday,2023,14,2:00pm-2:59pm,53,53,NW ASHTON DR,,0,Not Signed,1,Rural,7,Local,4,City or Municipal Highway Agency,0,This Section IS NOT on the NHS,0,No Special Jurisdiction,0,,45.61148333,45.61148333,-123.10567778,-123.10567778,15,Non-Motorist on Personal Conveyance,0,The First Harmful Event was Not a Collision with a Motor Vehicle in Transport,0,No,8,Driveway Access Related,1,Not an Intersection,1,On Roadway,0,,1,Daylight,1,Clear,0,No,0000000,Not Applicable,99,Unknown,99,Unknown,99,Unknown EMS Scene Arrival Hour,99,Unknown EMS Scene Arrival Minutes,88,Not Applicable (Not Transported),88,Not Applicable (Not Transported),1
41,Oregon,410410,0,0,2,2,0,3,3,47,MARION (47),1810,SALEM,10,October,5,5,5,Thursday,2023,7,7:00am-7:59am,59,59,RIVER RD S,VIEWCREST RD S,0,Not Signed,2,Urban,4,Minor Arterial,4,City or Municipal Highway Agency,0,This Section IS NOT on the NHS,0,No Special Jurisdiction,0,,44.90315556,44.90315556,-123.09931111,-123.09931111,12,Motor Vehicle In-Transport,2,Front-to-Front,0,No,2,Intersection,3,T-Intersection,1,On Roadway,0,,1,Daylight,98,Not Reported,0,No,0000000,Not Applicable,7,7:00am-7:59am,59,59,8,8:00am-8:59am,11,11,99,Unknown,99,Unknown EMS Hospital Arrival Time,1
41,Oregon,410411,1,1,1,1,0,1,1,19,DOUGLAS (19),1780,ROSEBURG,9,September,12,12,3,Tuesday,2023,20,8:00pm-8:59pm,1,1,GARDEN VALLEY BLVD,,0,Not Signed,2,Urban,4,Minor Arterial,4,City or Municipal Highway Agency,0,This Section IS NOT on the NHS,0,No Special Jurisdiction,0,,43.23022222,43.23022222,-123.37112222,-123.37112222,8,Pedestrian,0,The First Harmful Event was Not a Collision with a Motor Vehicle in Transport,0,No,1,Non-Junction,1,Not an Intersection,1,On Roadway,0,,2,Dark - Not Lighted,1,Clear,0,No,0000000,Not Applicable,20,8:00pm-8:59pm,1,1,20,8:00pm-8:59pm,5,5,99,Unknown,99,Unknown EMS Hospital Arrival Time,1
41,Oregon,410412,1,1,1,1,0,1,1,53,POLK (53),0,NOT APPLICABLE,10,October,5,5,5,Thursday,2023,21,9:00pm-9:59pm,50,50,SR-22W ODOT 30,,3,State Highway,2,Urban,2,Other Freeways and Expressways,1,State Highway Agency,1,This Section IS ON the NHS,0,No Special Jurisdiction,221,221,44.931875,44.931875,-123.10984167,-123.10984167,8,Pedestrian,0,The First Harmful Event was Not a Collision with a Motor Vehicle in Transport,0,No,1,Non-Junction,1,Not an Intersection,1,On Roadway,0,,2,Dark - Not Lighted,1,Clear,0,No,0000000,Not Applicable,21,9:00pm-9:59pm,51,51,22,10:00pm-10:59pm,0,0,99,Unknown,99,Unknown EMS Hospital Arrival Time,1
41,Oregon,410413,0,0,1,1,0,1,1,51,MULTNOMAH (51),1650,PORTLAND,10,October,5,5,5,Thursday,2023,23,11:00pm-11:59pm,13,13,SE 52ND AVE,SE HARNEY DR,0,Not Signed,2,Urban,4,Minor Arterial,4,City or Municipal Highway Agency,0,This Section IS NOT on the NHS,0,No Special Jurisdiction,0,,45.46289444,45.46289444,-122.61006389,-122.61006389,24,Guardrail Face,0,The First Harmful Event was Not a Collision with a Motor Vehicle in Transport,0,No,3,Intersection-Related,3,T-Intersection,4,On Roadside,0,,3,Dark - Lighted,1,Clear,0,No,0000000,Not Applicable,99,Unknown,99,Unknown,99,Unknown EMS Scene Arrival Hour,99,Unknown EMS Scene Arrival Minutes,88,Not Applicable (Not Transported),88,Not Applicable (Not Transported),1
41,Oregon,410414,0,0,1,1,0,1,1,45,MALHEUR (45),0,NOT APPLICABLE,10,October,7,7,7,Saturday,2023,6,6:00am-6:59am,26,26,CLARK BLVD,,0,Not Signed,1,Rural,5,Major Collector,2,County Highway Agency,0,This Section IS NOT on the NHS,0,No Special Jurisdiction,62,62,43.94956667,43.94956667,-117.02582222,-117.02582222,53,Mail Box,0,The First Harmful Event was Not a Collision with a Motor Vehicle in Transport,0,No,1,Non-Junction,1,Not an Intersection,4,On Roadside,0,,4,Dawn,1,Clear,0,No,0000000,Not Applicable,99,Unknown,99,Unknown,99,Unknown EMS Scene Arrival Hour,99,Unknown EMS Scene Arrival Minutes,88,Not Applicable (Not Transported),88,Not Applicable (Not Transported),1
41,Oregon,410415,0,0,1,1,0,2,2,53,POLK (53),0,NOT APPLICABLE,10,October,8,8,1,Sunday,2023,0,0:00am-0:59am,23,23,SR-22W ODOT 30,,3,State Highway,2,Urban,2,Other Freeways and Expressways,1,State Highway Agency,1,This Section IS ON the NHS,0,No Special Jurisdiction,233,233,44.93006944,44.93006944,-123.08640278,-123.08640278,33,Curb,0,The First Harmful Event was Not a Collision with a Motor Vehicle in Transport,0,No,1,Non-Junction,1,Not an Intersection,4,On Roadside,0,,2,Dark - Not Lighted,1,Clear,0,No,0000000,Not Applicable,0,0:00am-0:59am,23,23,0,0:00am-0:59am,31,31,99,Unknown,99,Unknown EMS Hospital Arrival Time,1
41,Oregon,410416,0,0,2,2,0,3,3,67,WASHINGTON (67),0,NOT APPLICABLE,10,October,8,8,1,Sunday,2023,12,12:00pm-12:59pm,13,13,SR-47 ODOT 29,SW SPRING HILL RD,3,State Highway,2,Urban,4,Minor Arterial,1,State Highway Agency,0,This Section IS NOT on the NHS,0,No Special Jurisdiction,223,223,45.48055,45.48055,-123.12935,-123.12935,12,Motor Vehicle In-Transport,6,Angle,0,No,2,Intersection,2,Four-Way Intersection,1,On Roadway,0,,1,Daylight,1,Clear,0,No,0000000,Not Applicable,12,12:00pm-12:59pm,13,13,12,12:00pm-12:59pm,38,38,13,1:00pm-1:59pm,38,38,1
41,Oregon,410417,1,1,2,2,0,2,2,11,COOS (11),390,COOS BAY,8,August,16,16,4,Wednesday,2023,13,1:00pm-1:59pm,5,5,ANDERSON AVE,,0,Not Signed,2,Urban,3,Other Principal Arterial,4,City or Municipal Highway Agency,1,This Section IS ON the NHS,0,No Special Jurisdiction,0,,43.36721944,43.36721944,-124.21636667,-124.21636667,12,Motor Vehicle In-Transport,1,Front-to-Rear,0,No,1,Non-Junction,1,Not an Intersection,1,On Roadway,0,,1,Daylight,1,Clear,0,No,0000000,Not Applicable,13,1:00pm-1:59pm,7,7,13,1:00pm-1:59pm,11,11,13,1:00pm-1:59pm,34,34,1
41,Oregon,410418,0,0,2,2,0,3,3,5,CLACKAMAS (5),0,NOT APPLICABLE,8,August,24,24,5,Thursday,2023,20,8:00pm-8:59pm,11,11,S REDLAND RD,,0,Not Signed,2,Urban,4,Minor Arterial,2,County Highway Agency,0,This Section IS NOT on the NHS,0,No Special Jurisdiction,93,93,45.35236944,45.35236944,-122.53974167,-122.53974167,12,Motor Vehicle In-Transport,2,Front-to-Front,0,No,1,Non-Junction,1,Not an Intersection,1,On Roadway,0,,2,Dark - Not Lighted,1,Clear,0,No,0000000,Not Applicable,20,8:00pm-8:59pm,11,11,20,8:00pm-8:59pm,17,17,99,Unknown,99,Unknown EMS Hospital Arrival Time,1
41,Oregon,410419,1,1,1,1,0,2,2,47,MARION (47),1810,SALEM,10,October,9,9,2,Monday,2023,22,10:00pm-10:59pm,1,1,SR-213 LANCASTER DR NE,,3,State Highway,2,Urban,3,Other Principal Arterial,4,City or Municipal Highway Agency,1,This Section IS ON the NHS,0,No Special Jurisdiction,0,,44.95415278,44.95415278,-122.98366389,-122.98366389,8,Pedestrian,0,The First Harmful Event was Not a Collision with a Motor Vehicle in Transport,0,No,1,Non-Junction,1,Not an Intersection,1,On Roadway,0,,3,Dark - Lighted,10,Cloudy,0,No,0000000,Not Applicable,22,10:00pm-10:59pm,1,1,22,10:00pm-10:59pm,4,4,88,Not Applicable (Not Transported),88,Not Applicable (Not Transported),1
41,Oregon,410420,0,0,2,2,0,2,2,19,DOUGLAS (19),0,NOT APPLICABLE,10,October,10,10,3,Tuesday,2023,10,10:00am-10:59am,23,23,SR-42 ODOT 35,LANDERS AVE,3,State Highway,2,Urban,3,Other Principal Arterial,1,State Highway Agency,1,This Section IS ON the NHS,0,No Special Jurisdiction,754,754,43.143425,43.143425,-123.38578056,-123.38578056,12,Motor Vehicle In-Transport,6,Angle,0,No,2,Intersection,3,T-Intersection,1,On Roadway,0,,1,Daylight,2,Rain,0,No,0000000,Not Applicable,10,10:00am-10:59am,23,23,10,10:00am-10:59am,28,28,88,Not Applicable (Not Transported),88,Not Applicable (Not Transported),1
41,Oregon,410421,1,1,1,1,0,5,5,17,DESCHUTES (17),190,BEND,9,September,14,14,5,Thursday,2023,9,9:00am-9:59am,55,55,NW YORK DR,NW CHARBONNEAU ST,0,Not Signed,2,Urban,7,Local,4,City or Municipal Highway Agency,0,This Section IS NOT on the NHS,0,No Special Jurisdiction,0,,44.05807222,44.05807222,-121.35831111,-121.35831111,8,Pedestrian,0,The First Harmful Event was Not a Collision with a Motor Vehicle in Transport,0,No,3,Intersection-Related,2,Four-Way Intersection,1,On Roadway,0,,1,Daylight,1,Clear,0,No,0000000,Not Applicable,9,9:00am-9:59am,57,57,10,10:00am-10:59am,5,5,10,10:00am-10:59am,26,26,1
41,Oregon,410422,0,0,1,1,0,2,2,19,DOUGLAS (19),0,NOT APPLICABLE,10,October,11,11,4,Wednesday,2023,18,6:00pm-6:59pm,5,5,SR-138E ODOT 138,,3,State Highway,1,Rural,4,Minor Arterial,1,State Highway Agency,0,This Section IS NOT on the NHS,0,No Special Jurisdiction,213,213,43.32636389,43.32636389,-123.01659167,-123.01659167,35,Embankment,0,The First Harmful Event was Not a Collision with a Motor Vehicle in Transport,0,No,1,Non-Junction,1,Not an Intersection,4,On Roadside,0,,5,Dusk,10,Cloudy,0,No,0000000,Not Applicable,18,6:00pm-6:59pm,5,5,18,6:00pm-6:59pm,27,27,19,7:00pm-7:59pm,23,23,1
41,Oregon,410423,0,0,1,1,0,2,2,37,LAKE (37),0,NOT APPLICABLE,9,September,23,23,7,Saturday,2023,12,12:00pm-12:59pm,9,9,SR-31 ODOT 19,,3,State Highway,1,Rural,4,Minor Arterial,1,State Highway Agency,0,This Section IS NOT on the NHS,0,No Special Jurisdiction,765,765,42.87268889,42.87268889,-120.80768611,-120.80768611,35,Embankment,0,The First Harmful Event was Not a Collision with a Motor Vehicle in Transport,0,No,1,Non-Junction,1,Not an Intersection,4,On Roadside,0,,1,Daylight,1,Clear,0,No,0000000,Not Applicable,12,12:00pm-12:59pm,45,45,13,1:00pm-1:59pm,14,14,99,Unknown,99,Unknown EMS Hospital Arrival Time,1
41,Oregon,410424,0,0,2,2,0,3,3,59,UMATILLA (59),0,NOT APPLICABLE,9,September,25,25,2,Monday,2023,5,5:00am-5:59am,4,4,I-84,,1,Interstate,1,Rural,1,Interstate,1,State Highway Agency,1,This Section IS ON the NHS,0,No Special Jurisdiction,1990,1990,45.71604722,45.71604722,-119.00563611,-119.00563611,12,Motor Vehicle In-Transport,1,Front-to-Rear,0,No,1,Non-Junction,1,Not an Intersection,1,On Roadway,0,,2,Dark - Not Lighted,1,Clear,0,No,0000000,Not Applicable,5,5:00am-5:59am,17,17,5,5:00am-5:59am,43,43,6,6:00am-6:59am,13,13,1
41,Oregon,410425,0,0,2,2,0,2,2,5,CLACKAMAS (5),0,NOT APPLICABLE,10,October,12,12,5,Thursday,2023,8,8:00am-8:59am,0,0,SE JENNIFER ST,,0,Not Signed,2,Urban,5,Major Collector,2,County Highway Agency,0,This Section IS NOT on the NHS,0,No Special Jurisdiction,3,3,45.40374444,45.40374444,-122.56499444,-122.56499444,12,Motor Vehicle In-Transport,2,Front-to-Front,0,No,1,Non-Junction,1,Not an Intersection,1,On Roadway,0,,1,Daylight,10,Cloudy,0,No,0000000,Not Applicable,8,8:00am-8:59am,0,0,8,8:00am-8:59am,5,5,99,Unknown,99,Unknown EMS Hospital Arrival Time,1
41,Oregon,410426,0,0,2,2,0,2,2,31,JEFFERSON (31),0,NOT APPLICABLE,10,October,12,12,5,Thursday,2023,13,1:00pm-1:59pm,56,56,SR-361 ODOT 361,,3,State Highway,1,Rural,5,Major Collector,1,State Highway Agency,0,This Section IS NOT on the NHS,0,No Special Jurisdiction,104,104,44.50731667,44.50731667,-121.19494444,-121.19494444,12,Motor Vehicle In-Transport,2,Front-to-Front,0,No,1,Non-Junction,1,Not an Intersection,1,On Roadway,0,,1,Daylight,1,Clear,0,No,0000000,Not Applicable,13,1:00pm-1:59pm,56,56,14,2:00pm-2:59pm,8,8,15,3:00pm-3:59pm,17,17,1
41,Oregon,410427,0,0,3,3,0,6,6,17,DESCHUTES (17),0,NOT APPLICABLE,10,October,12,12,5,Thursday,2023,19,7:00pm-7:59pm,27,27,US-97 ODOT 4,,2,U.S. Highway,2,Urban,3,Other Principal Arterial,1,State Highway Agency,1,This Section IS ON the NHS,0,No Special Jurisdiction,1182,1182,44.31734167,44.31734167,-121.17102222,-121.17102222,12,Motor Vehicle In-Transport,8,Sideswipe - Opposite Direction,0,No,1,Non-Junction,1,Not an Intersection,1,On Roadway,0,,2,Dark - Not Lighted,1,Clear,0,No,0000000,Not Applicable,19,7:00pm-7:59pm,27,27,19,7:00pm-7:59pm,34,34,20,8:00pm-8:59pm,11,11,4
41,Oregon,410428,0,0,1,1,0,1,1,43,LINN (43),0,NOT APPLICABLE,8,August,12,12,7,Saturday,2023,22,10:00pm-10:59pm,44,44,NORTH RIVER RD,,0,Not Signed,1,Rural,5,Major Collector,2,County Highway Agency,0,This Section IS NOT on the NHS,0,No Special Jurisdiction,35,35,44.41676667,44.41676667,-122.67365278,-122.67365278,1,Rollover/Overturn,0,The First Harmful Event was Not a Collision with a Motor Vehicle in Transport,0,No,1,Non-Junction,1,Not an Intersection,4,On Roadside,0,,2,Dark - Not Lighted,1,Clear,0,No,0000000,Not Applicable,22,10:00pm-10:59pm,44,44,22,10:00pm-10:59pm,54,54,88,Not Applicable (Not Transported),88,Not Applicable (Not Transported),1
41,Oregon,410429,0,0,1,1,0,1,1,47,MARION (47),0,NOT APPLICABLE,9,September,11,11,2,Monday,2023,21,9:00pm-9:59pm,15,15,35TH AVE NE,,0,Not Signed,2,Urban,5,Major Collector,4,City or Municipal Highway Agency,0,This Section IS NOT on the NHS,0,No Special Jurisdiction,12,12,45.019775,45.019775,-122.98934722,-122.98934722,34,Ditch,0,The First Harmful Event was Not a Collision with a Motor Vehicle in Transport,0,No,1,Non-Junction,1,Not an Intersection,4,On Roadside,0,,2,Dark - Not Lighted,1,Clear,0,No,0000000,Not Applicable,2,2:00am-2:59am,46,46,2,2:00am-2:59am,54,54,88,Not Applicable (Not Transported),88,Not Applicable (Not Transported),1
41,Oregon,410431,1,1,1,1,0,2,2,47,MARION (47),0,NOT APPLICABLE,10,October,13,13,6,Friday,2023,20,8:00pm-8:59pm,44,44,I-5,,1,Interstate,2,Urban,1,Interstate,1,State Highway Agency,1,This Section IS ON the NHS,0,No Special Jurisdiction,2630,2630,45.04351111,45.04351111,-122.97620278,-122.97620278,8,Pedestrian,0,The First Harmful Event was Not a Collision with a Motor Vehicle in Transport,0,No,1,Non-Junction,1,Not an Intersection,1,On Roadway,0,,2,Dark - Not Lighted,2,Rain,0,No,0000000,Not Applicable,20,8:00pm-8:59pm,44,44,20,8:00pm-8:59pm,57,57,99,Unknown,99,Unknown EMS Hospital Arrival Time,1
41,Oregon,410432,1,1,1,1,0,2,2,51,MULTNOMAH (51),880,GRESHAM,10,October,13,13,6,Friday,2023,19,7:00pm-7:59pm,5,5,SE STARK ST,,0,Not Signed,2,Urban,4,Minor Arterial,4,City or Municipal Highway Agency,0,This Section IS NOT on the NHS,0,No Special Jurisdiction,0,,45.51913333,45.51913333,-122.43876389,-122.43876389,8,Pedestrian,0,The First Harmful Event was Not a Collision with a Motor Vehicle in Transport,0,No,1,Non-Junction,1,Not an Intersection,1,On Roadway,0,,3,Dark - Lighted,2,Rain,0,No,0000000,Not Applicable,19,7:00pm-7:59pm,5,5,19,7:00pm-7:59pm,8,8,88,Not Applicable (Not Transported),88,Not Applicable (Not Transported),1
41,Oregon,410433,0,0,1,1,0,2,2,51,MULTNOMAH (51),1650,PORTLAND,10,October,14,14,7,Saturday,2023,0,0:00am-0:59am,43,43,I-5 CONNECTION 2,,1,Interstate,2,Urban,3,Other Principal Arterial,1,State Highway Agency,1,This Section IS ON the NHS,0,No Special Jurisdiction,3,3,45.49979722,45.49979722,-122.67401389,-122.67401389,35,Embankment,0,The First Harmful Event was Not a Collision with a Motor Vehicle in Transport,1,Yes,5,Entrance/Exit Ramp Related,1,Not an Intersection,4,On Roadside,0,,3,Dark - Lighted,2,Rain,0,No,0000000,Not Applicable,0,0:00am-0:59am,50,50,0,0:00am-0:59am,54,54,1,1:00am-1:59am,17,17,1
41,Oregon,410434,0,0,2,2,0,2,2,47,MARION (47),0,NOT APPLICABLE,10,October,15,15,1,Sunday,2023,14,2:00pm-2:59pm,23,23,MACLEAY RD SE,,0,Not Signed,2,Urban,6,Minor Collector,2,County Highway Agency,0,This Section IS NOT on the NHS,0,No Special Jurisdiction,32,32,44.90790833,44.90790833,-122.92319722,-122.92319722,12,Motor Vehicle In-Transport,2,Front-to-Front,0,No,1,Non-Junction,1,Not an Intersection,1,On Roadway,0,,1,Daylight,1,Clear,0,No,0000000,Not Applicable,14,2:00pm-2:59pm,23,23,14,2:00pm-2:59pm,29,29,99,Unknown,99,Unknown EMS Hospital Arrival Time,1
41,Oregon,410435,0,0,2,2,0,2,2,11,COOS (11),390,COOS BAY,10,October,15,15,1,Sunday,2023,18,6:00pm-6:59pm,43,43,US-101 ODOT 9,,2,U.S. Highway,2,Urban,3,Other Principal Arterial,1,State Highway Agency,1,This Section IS ON the NHS,0,No Special Jurisdiction,2377,2377,43.37462222,43.37462222,-124.21303611,-124.21303611,30,Utility Pole/Light Support,0,The First Harmful Event was Not a Collision with a Motor Vehicle in Transport,0,No,1,Non-Junction,1,Not an Intersection,4,On Roadside,0,,5,Dusk,1,Clear,0,No,0000000,Not Applicable,18,6:00pm-6:59pm,44,44,18,6:00pm-6:59pm,49,49,88,Not Applicable (Not Transported),88,Not Applicable (Not Transported),1
41,Oregon,410436,0,0,2,2,0,7,7,67,WASHINGTON (67),0,NOT APPLICABLE,10,October,13,13,6,Friday,2023,19,7:00pm-7:59pm,25,25,SE CORNELIUS PASS RD,SW AUGUSTA LN,0,Not Signed,2,Urban,4,Minor Arterial,2,County Highway Agency,0,This Section IS NOT on the NHS,0,No Special Jurisdiction,0,,45.50350556,45.50350556,-122.90223889,-122.90223889,12,Motor Vehicle In-Transport,6,Angle,0,No,2,Intersection,2,Four-Way Intersection,1,On Roadway,0,,3,Dark - Lighted,2,Rain,0,No,0000000,Not Applicable,19,7:00pm-7:59pm,27,27,19,7:00pm-7:59pm,38,38,20,8:00pm-8:59pm,25,25,1
41,Oregon,410437,0,0,2,2,0,2,2,51,MULTNOMAH (51),0,NOT APPLICABLE,10,October,16,16,2,Monday,2023,10,10:00am-10:59am,30,30,I-84,,1,Interstate,1,Rural,1,Interstate,1,State Highway Agency,1,This Section IS ON the NHS,0,No Special Jurisdiction,385,385,45.62022222,45.62022222,-121.98579722,-121.98579722,24,Guardrail Face,0,The First Harmful Event was Not a Collision with a Motor Vehicle in Transport,0,No,1,Non-Junction,1,Not an Intersection,4,On Roadside,0,,1,Daylight,2,Rain,0,No,0000000,Not Applicable,10,10:00am-10:59am,30,30,10,10:00am-10:59am,46,46,88,Not Applicable (Not Transported),88,Not Applicable (Not Transported),1
41,Oregon,410438,0,0,1,1,0,2,2,51,MULTNOMAH (51),1650,PORTLAND,10,October,18,18,4,Wednesday,2023,22,10:00pm-10:59pm,50,50,SE HOLGATE BLVD,,0,Not Signed,2,Urban,5,Major Collector,4,City or Municipal Highway Agency,0,This Section IS NOT on the NHS,0,No Special Jurisdiction,0,,45.48886111,45.48886111,-122.52428333,-122.52428333,42,Tree (Standing Only),0,The First Harmful Event was Not a Collision with a Motor Vehicle in Transport,0,No,1,Non-Junction,1,Not an Intersection,4,On Roadside,0,,3,Dark - Lighted,1,Clear,0,No,0000000,Not Applicable,22,10:00pm-10:59pm,50,50,22,10:00pm-10:59pm,59,59,23,11:00pm-11:59pm,29,29,1
41,Oregon,410439,0,0,2,2,0,4,4,1,BAKER (1),0,NOT APPLICABLE,10,October,19,19,5,Thursday,2023,21,9:00pm-9:59pm,45,45,I-84,,1,Interstate,1,Rural,1,Interstate,1,State Highway Agency,1,This Section IS ON the NHS,0,No Special Jurisdiction,2935,2935,44.93221667,44.93221667,-117.83663611,-117.83663611,12,Motor Vehicle In-Transport,1,Front-to-Rear,0,No,1,Non-Junction,1,Not an Intersection,1,On Roadway,0,,2,Dark - Not Lighted,1,Clear,0,No,0000000,Not Applicable,21,9:00pm-9:59pm,59,59,22,10:00pm-10:59pm,18,18,23,11:00pm-11:59pm,40,40,1
41,Oregon,410440,0,0,2,2,0,2,2,57,TILLAMOOK (57),0,NOT APPLICABLE,10,October,21,21,7,Saturday,2023,3,3:00am-3:59am,20,20,US-101 ODOT 9,,2,U.S. Highway,2,Urban,3,Other Principal Arterial,1,State Highway Agency,1,This Section IS ON the NHS,0,No Special Jurisdiction,630,630,45.494425,45.494425,-123.84923333,-123.84923333,12,Motor Vehicle In-Transport,2,Front-to-Front,0,No,1,Non-Junction,1,Not an Intersection,1,On Roadway,0,,2,Dark - Not Lighted,2,Rain,0,No,0000000,Not Applicable,3,3:00am-3:59am,24,24,3,3:00am-3:59am,34,34,4,4:00am-4:59am,19,19,1
41,Oregon,410441,1,1,1,1,0,1,1,51,MULTNOMAH (51),1650,PORTLAND,10,October,21,21,7,Saturday,2023,4,4:00am-4:59am,25,25,SW NAITO PKWY,,0,Not Signed,2,Urban,4,Minor Arterial,4,City or Municipal Highway Agency,0,This Section IS NOT on the NHS,0,No Special Jurisdiction,0,,45.51776389,45.51776389,-122.67235556,-122.67235556,8,Pedestrian,0,The First Harmful Event was Not a Collision with a Motor Vehicle in Transport,0,No,1,Non-Junction,1,Not an Intersection,1,On Roadway,0,,3,Dark - Lighted,10,Cloudy,0,No,0000000,Not Applicable,99,Unknown,99,Unknown,99,Unknown EMS Scene Arrival Hour,99,Unknown EMS Scene Arrival Minutes,88,Not Applicable (Not Transported),88,Not Applicable (Not Transported),1
41,Oregon,410442,1,1,1,1,0,2,2,47,MARION (47),0,NOT APPLICABLE,10,October,21,21,7,Saturday,2023,12,12:00pm-12:59pm,0,0,I-5,,1,Interstate,2,Urban,1,Interstate,1,State Highway Agency,1,This Section IS ON the NHS,0,No Special Jurisdiction,2713,2713,45.14585,45.14585,-122.88571944,-122.88571944,8,Pedestrian,0,The First Harmful Event was Not a Collision with a Motor Vehicle in Transport,0,No,1,Non-Junction,1,Not an Intersection,1,On Roadway,0,,1,Daylight,1,Clear,0,No,0000000,Not Applicable,12,12:00pm-12:59pm,2,2,12,12:00pm-12:59pm,9,9,12,12:00pm-12:59pm,46,46,1
41,Oregon,410443,1,1,1,1,0,1,1,51,MULTNOMAH (51),1650,PORTLAND,10,October,21,21,7,Saturday,2023,23,11:00pm-11:59pm,37,37,SE 82ND AVE,E BURNSIDE ST,0,Not Signed,2,Urban,3,Other Principal Arterial,4,City or Municipal Highway Agency,1,This Section IS ON the NHS,0,No Special Jurisdiction,0,,45.52277778,45.52277778,-122.57904444,-122.57904444,8,Pedestrian,0,The First Harmful Event was Not a Collision with a Motor Vehicle in Transport,0,No,3,Intersection-Related,2,Four-Way Intersection,1,On Roadway,0,,3,Dark - Lighted,1,Clear,0,No,0000000,Not Applicable,23,11:00pm-11:59pm,38,38,23,11:00pm-11:59pm,46,46,0,0:00am-0:59am,11,11,1
41,Oregon,410444,0,0,1,1,0,2,2,47,MARION (47),0,NOT APPLICABLE,10,October,13,13,6,Friday,2023,14,2:00pm-2:59pm,24,24,SR-22W ODOT 162,,3,State Highway,1,Rural,3,Other Principal Arterial,1,State Highway Agency,1,This Section IS ON the NHS,0,No Special Jurisdiction,320,320,44.75686667,44.75686667,-122.43885833,-122.43885833,1,Rollover/Overturn,0,The First Harmful Event was Not a Collision with a Motor Vehicle in Transport,0,No,1,Non-Junction,1,Not an Intersection,4,On Roadside,0,,1,Daylight,1,Clear,0,No,0000000,Not Applicable,14,2:00pm-2:59pm,47,47,15,3:00pm-3:59pm,30,30,16,4:00pm-4:59pm,21,21,1
41,Oregon,410445,1,1,2,2,0,2,2,29,JACKSON (29),0,NOT APPLICABLE,10,October,10,10,3,Tuesday,2023,0,0:00am-0:59am,4,4,SR-99 ODOT 63,,3,State Highway,2,Urban,3,Other Principal Arterial,1,State Highway Agency,1,This Section IS ON the NHS,0,No Special Jurisdiction,40,40,42.35868056,42.35868056,-122.90416667,-122.90416667,8,Pedestrian,0,The First Harmful Event was Not a Collision with a Motor Vehicle in Transport,0,No,1,Non-Junction,1,Not an Intersection,1,On Roadway,0,,2,Dark - Not Lighted,10,Cloudy,0,No,0000000,Not Applicable,0,0:00am-0:59am,4,4,0,0:00am-0:59am,6,6,99,Unknown,99,Unknown EMS Hospital Arrival Time,1
41,Oregon,410447,0,0,1,1,0,1,1,5,CLACKAMAS (5),0,NOT APPLICABLE,10,October,26,26,5,Thursday,2023,7,7:00am-7:59am,45,45,SR-211 ODOT 161,,3,State Highway,1,Rural,4,Minor Arterial,1,State Highway Agency,0,This Section IS NOT on the NHS,0,No Special Jurisdiction,86,86,45.15109444,45.15109444,-122.66074167,-122.66074167,42,Tree (Standing Only),0,The First Harmful Event was Not a Collision with a Motor Vehicle in Transport,0,No,1,Non-Junction,1,Not an Intersection,4,On Roadside,0,,4,Dawn,10,Cloudy,0,No,0000000,Not Applicable,7,7:00am-7:59am,51,51,7,7:00am-7:59am,58,58,88,Not Applicable (Not Transported),88,Not Applicable (Not Transported),1
41,Oregon,410448,1,1,1,1,0,1,1,39,LANE (39),660,EUGENE,9,September,29,29,6,Friday,2023,16,4:00pm-4:59pm,33,33,WASHINGTON ST,W FIFTH AVE,0,Not Signed,2,Urban,5,Major Collector,4,City or Municipal Highway Agency,0,This Section IS NOT on the NHS,0,No Special Jurisdiction,0,,44.05438333,44.05438333,-123.10033611,-123.10033611,9,Pedalcyclist,0,The First Harmful Event was Not a Collision with a Motor Vehicle in Transport,0,No,2,Intersection,2,Four-Way Intersection,1,On Roadway,0,,1,Daylight,1,Clear,0,No,0000000,Not Applicable,16,4:00pm-4:59pm,33,33,16,4:00pm-4:59pm,39,39,16,4:00pm-4:59pm,47,47,1
41,Oregon,410449,1,1,1,1,0,1,1,39,LANE (39),660,EUGENE,10,October,23,23,2,Monday,2023,18,6:00pm-6:59pm,52,52,CHAMBERS ST,W SECOND AVE,0,Not Signed,2,Urban,3,Other Principal Arterial,1,State Highway Agency,1,This Section IS ON the NHS,0,No Special Jurisdiction,0,,44.057525,44.057525,-123.11742778,-123.11742778,15,Non-Motorist on Personal Conveyance,0,The First Harmful Event was Not a Collision with a Motor Vehicle in Transport,0,No,2,Intersection,2,Four-Way Intersection,1,On Roadway,0,,3,Dark - Lighted,1,Clear,0,No,0000000,Not Applicable,18,6:00pm-6:59pm,53,53,18,6:00pm-6:59pm,58,58,99,Unknown,99,Unknown EMS Hospital Arrival Time,1
41,Oregon,410450,0,0,5,5,0,6,6,51,MULTNOMAH (51),1650,PORTLAND,10,October,26,26,5,Thursday,2023,15,3:00pm-3:59pm,29,29,I-5,,1,Interstate,2,Urban,1,Interstate,1,State Highway Agency,1,This Section IS ON the NHS,0,No Special Jurisdiction,3035,3035,45.55034722,45.55034722,-122.67875,-122.67875,12,Motor Vehicle In-Transport,1,Front-to-Rear,0,No,1,Non-Junction,1,Not an Intersection,1,On Roadway,0,,1,Daylight,1,Clear,0,No,0000000,Not Applicable,99,Unknown,99,Unknown,99,Unknown EMS Scene Arrival Hour,99,Unknown EMS Scene Arrival Minutes,88,Not Applicable (Not Transported),88,Not Applicable (Not Transported),1
41,Oregon,410451,0,0,2,2,0,3,3,43,LINN (43),0,NOT APPLICABLE,9,September,14,14,5,Thursday,2023,17,5:00pm-5:59pm,4,4,TANGENT DR,TANGENT LP,0,Not Signed,1,Rural,6,Minor Collector,2,County Highway Agency,0,This Section IS NOT on the NHS,0,No Special Jurisdiction,12,12,44.54124444,44.54124444,-123.07438056,-123.07438056,12,Motor Vehicle In-Transport,6,Angle,0,No,2,Intersection,2,Four-Way Intersection,1,On Roadway,0,,1,Daylight,1,Clear,0,No,0000000,Not Applicable,17,5:00pm-5:59pm,4,4,17,5:00pm-5:59pm,6,6,99,Unknown,99,Unknown EMS Hospital Arrival Time,1
41,Oregon,410452,0,0,2,2,0,2,2,5,CLACKAMAS (5),0,NOT APPLICABLE,10,October,7,7,7,Saturday,2023,19,7:00pm-7:59pm,33,33,SE WILDCAT MOUNTAIN DR,,0,Not Signed,1,Rural,5,Major Collector,2,County Highway Agency,0,This Section IS NOT on the NHS,0,No Special Jurisdiction,42,42,45.34368056,45.34368056,-122.31035556,-122.31035556,12,Motor Vehicle In-Transport,2,Front-to-Front,0,No,1,Non-Junction,1,Not an Intersection,1,On Roadway,0,,2,Dark - Not Lighted,1,Clear,0,No,0000000,Not Applicable,99,Unknown,99,Unknown,99,Unknown EMS Scene Arrival Hour,99,Unknown EMS Scene Arrival Minutes,99,Unknown,99,Unknown EMS Hospital Arrival Time,1
41,Oregon,410453,0,0,2,2,0,3,3,51,MULTNOMAH (51),1650,PORTLAND,10,October,28,28,7,Saturday,2023,17,5:00pm-5:59pm,57,57,US-30 ODOT 123,NE LOMBARD ST-33RD AVE RAMP,2,U.S. Highway,2,Urban,3,Other Principal Arterial,1,State Highway Agency,1,This Section IS ON the NHS,0,No Special Jurisdiction,77,77,45.57227222,45.57227222,-122.62970278,-122.62970278,12,Motor Vehicle In-Transport,6,Angle,0,No,2,Intersection,3,T-Intersection,1,On Roadway,0,,3,Dark - Lighted,1,Clear,0,No,0000000,Not Applicable,99,Unknown,99,Unknown,99,Unknown EMS Scene Arrival Hour,99,Unknown EMS Scene Arrival Minutes,88,Not Applicable (Not Transported),88,Not Applicable (Not Transported),2
41,Oregon,410454,0,0,2,2,0,2,2,67,WASHINGTON (67),180,BEAVERTON,10,October,30,30,2,Monday,2023,16,4:00pm-4:59pm,27,27,SW MURRAY BLVD,SW SIXTH ST,0,Not Signed,2,Urban,3,Other Principal Arterial,4,City or Municipal Highway Agency,1,This Section IS ON the NHS,0,No Special Jurisdiction,0,,45.48187222,45.48187222,-122.82621111,-122.82621111,12,Motor Vehicle In-Transport,6,Angle,0,No,2,Intersection,2,Four-Way Intersection,1,On Roadway,0,,1,Daylight,1,Clear,0,No,0000000,Not Applicable,16,4:00pm-4:59pm,28,28,16,4:00pm-4:59pm,33,33,88,Not Applicable (Not Transported),88,Not Applicable (Not Transported),1
41,Oregon,410455,1,1,1,1,0,1,1,51,MULTNOMAH (51),1650,PORTLAND,9,September,16,16,7,Saturday,2023,21,9:00pm-9:59pm,9,9,SE 82ND AVE,SE CRYSTAL SPRINGS BLVD,0,Not Signed,2,Urban,3,Other Principal Arterial,4,City or Municipal Highway Agency,1,This Section IS ON the NHS,0,No Special Jurisdiction,0,,45.46515,45.46515,-122.57914167,-122.57914167,8,Pedestrian,0,The First Harmful Event was Not a Collision with a Motor Vehicle in Transport,0,No,2,Intersection,2,Four-Way Intersection,1,On Roadway,0,,3,Dark - Lighted,1,Clear,0,No,0000000,Not Applicable,21,9:00pm-9:59pm,10,10,21,9:00pm-9:59pm,29,29,21,9:00pm-9:59pm,51,51,1
41,Oregon,410456,0,0,2,2,0,2,2,39,LANE (39),0,NOT APPLICABLE,10,October,31,31,3,Tuesday,2023,14,2:00pm-2:59pm,59,59,I-5,,1,Interstate,2,Urban,1,Interstate,1,State Highway Agency,1,This Section IS ON the NHS,0,No Special Jurisdiction,1897,1897,44.012025,44.012025,-123.02257222,-123.02257222,12,Motor Vehicle In-Transport,1,Front-to-Rear,0,No,1,Non-Junction,1,Not an Intersection,1,On Roadway,0,,1,Daylight,1,Clear,0,No,0000000,Not Applicable,15,3:00pm-3:59pm,0,0,15,3:00pm-3:59pm,5,5,88,Not Applicable (Not Transported),88,Not Applicable (Not Transported),1
41,Oregon,410457,0,0,2,2,0,4,4,35,KLAMATH (35),0,NOT APPLICABLE,10,October,5,5,5,Thursday,2023,14,2:00pm-2:59pm,33,33,SR-58 ODOT 18,EAST ODELL RD,3,State Highway,1,Rural,3,Other Principal Arterial,1,State Highway Agency,1,This Section IS ON the NHS,0,No Special Jurisdiction,675,675,43.55328056,43.55328056,-121.95680556,-121.95680556,12,Motor Vehicle In-Transport,6,Angle,0,No,2,Intersection,3,T-Intersection,1,On Roadway,0,,1,Daylight,1,Clear,0,No,0000000,Not Applicable,14,2:00pm-2:59pm,34,34,14,2:00pm-2:59pm,50,50,99,Unknown,99,Unknown EMS Hospital Arrival Time,1
41,Oregon,410458,0,0,2,2,0,1,1,9,COLUMBIA (9),0,NOT APPLICABLE,10,October,4,4,4,Wednesday,2023,19,7:00pm-7:59pm,1,1,US-30 ODOT 92,CHURCH RD,2,U.S. Highway,2,Urban,3,Other Principal Arterial,1,State Highway Agency,1,This Section IS ON the NHS,0,No Special Jurisdiction,254,254,45.81901667,45.81901667,-122.84923889,-122.84923889,12,Motor Vehicle In-Transport,2,Front-to-Front,0,No,2,Intersection,3,T-Intersection,1,On Roadway,0,,1,Daylight,10,Cloudy,0,No,0000000,Not Applicable,19,7:00pm-7:59pm,1,1,19,7:00pm-7:59pm,5,5,19,7:00pm-7:59pm,44,44,1
41,Oregon,410459,1,1,1,1,0,1,1,51,MULTNOMAH (51),1650,PORTLAND,10,October,20,20,6,Friday,2023,4,4:00am-4:59am,36,36,N WHITAKER RD,,0,Not Signed,2,Urban,5,Major Collector,4,City or Municipal Highway Agency,0,This Section IS NOT on the NHS,0,No Special Jurisdiction,0,,45.59298333,45.59298333,-122.68173056,-122.68173056,8,Pedestrian,0,The First Harmful Event was Not a Collision with a Motor Vehicle in Transport,0,No,1,Non-Junction,1,Not an Intersection,1,On Roadway,0,,3,Dark - Lighted,1,Clear,0,No,0000000,Not Applicable,4,4:00am-4:59am,38,38,4,4:00am-4:59am,46,46,5,5:00am-5:59am,3,3,1
41,Oregon,410460,0,0,2,2,0,2,2,57,TILLAMOOK (57),0,NOT APPLICABLE,11,November,3,3,6,Friday,2023,7,7:00am-7:59am,8,8,SR-6 ODOT 37,,3,State Highway,1,Rural,4,Minor Arterial,1,State Highway Agency,0,This Section IS NOT on the NHS,0,No Special Jurisdiction,122,122,45.49321111,45.49321111,-123.62818611,-123.62818611,12,Motor Vehicle In-Transport,2,Front-to-Front,0,No,1,Non-Junction,1,Not an Intersection,1,On Roadway,0,,2,Dark - Not Lighted,1,Clear,0,No,0000000,Not Applicable,7,7:00am-7:59am,8,8,7,7:00am-7:59am,17,17,88,Not Applicable (Not Transported),88,Not Applicable (Not Transported),1
41,Oregon,410461,1,1,1,1,0,1,1,51,MULTNOMAH (51),1650,PORTLAND,11,November,2,2,5,Thursday,2023,19,7:00pm-7:59pm,19,19,SE DIVISION ST,,0,Not Signed,2,Urban,3,Other Principal Arterial,4,City or Municipal Highway Agency,1,This Section IS ON the NHS,0,No Special Jurisdiction,0,,45.50406111,45.50406111,-122.52554167,-122.52554167,8,Pedestrian,0,The First Harmful Event was Not a Collision with a Motor Vehicle in Transport,0,No,1,Non-Junction,1,Not an Intersection,1,On Roadway,0,,6,Dark - Unknown Lighting,10,Cloudy,0,No,0000000,Not Applicable,99,Unknown,99,Unknown,99,Unknown EMS Scene Arrival Hour,99,Unknown EMS Scene Arrival Minutes,88,Not Applicable (Not Transported),88,Not Applicable (Not Transported),1
41,Oregon,410462,0,0,2,2,0,2,2,11,COOS (11),0,NOT APPLICABLE,11,November,3,3,6,Friday,2023,13,1:00pm-1:59pm,20,20,US-101 ODOT 9,,2,U.S. Highway,1,Rural,3,Other Principal Arterial,1,State Highway Agency,1,This Section IS ON the NHS,0,No Special Jurisdiction,2575,2575,43.17247778,43.17247778,-124.37386944,-124.37386944,12,Motor Vehicle In-Transport,2,Front-to-Front,0,No,1,Non-Junction,1,Not an Intersection,1,On Roadway,0,,1,Daylight,10,Cloudy,0,No,0000000,Not Applicable,13,1:00pm-1:59pm,21,21,13,1:00pm-1:59pm,27,27,13,1:00pm-1:59pm,56,56,1
41,Oregon,410463,1,1,1,1,0,1,1,5,CLACKAMAS (5),926,HAPPY VALLEY,11,November,7,7,3,Tuesday,2023,19,7:00pm-7:59pm,30,30,SE SUNNYSIDE RD,SE 142ND AVE,0,Not Signed,2,Urban,4,Minor Arterial,4,City or Municipal Highway Agency,0,This Section IS NOT on the NHS,0,No Special Jurisdiction,0,,45.42489444,45.42489444,-122.51749167,-122.51749167,8,Pedestrian,0,The First Harmful Event was Not a Collision with a Motor Vehicle in Transport,0,No,3,Intersection-Related,2,Four-Way Intersection,1,On Roadway,0,,3,Dark - Lighted,1,Clear,0,No,0000000,Not Applicable,99,Unknown,99,Unknown,99,Unknown EMS Scene Arrival Hour,99,Unknown EMS Scene Arrival Minutes,88,Not Applicable (Not Transported),88,Not Applicable (Not Transported),1
41,Oregon,410464,0,0,1,1,0,1,1,1,BAKER (1),0,NOT APPLICABLE,10,October,3,3,3,Tuesday,2023,8,8:00am-8:59am,5,5,US-26 ODOT 5,,2,U.S. Highway,1,Rural,3,Other Principal Arterial,1,State Highway Agency,1,This Section IS ON the NHS,0,No Special Jurisdiction,2094,2094,44.46876667,44.46876667,-118.22061389,-118.22061389,34,Ditch,0,The First Harmful Event was Not a Collision with a Motor Vehicle in Transport,0,No,1,Non-Junction,1,Not an Intersection,4,On Roadside,0,,1,Daylight,10,Cloudy,0,No,0000000,Not Applicable,8,8:00am-8:59am,5,5,9,9:00am-9:59am,1,1,10,10:00am-10:59am,36,36,1
41,Oregon,410465,0,0,2,2,0,4,4,39,LANE (39),0,NOT APPLICABLE,11,November,8,8,4,Wednesday,2023,17,5:00pm-5:59pm,6,6,SR-58 ODOT 18,,3,State Highway,1,Rural,3,Other Principal Arterial,1,State Highway Agency,1,This Section IS ON the NHS,0,No Special Jurisdiction,444,444,43.71138889,43.71138889,-122.30396111,-122.30396111,12,Motor Vehicle In-Transport,2,Front-to-Front,0,No,1,Non-Junction,1,Not an Intersection,1,On Roadway,0,,5,Dusk,1,Clear,0,No,0000000,Not Applicable,17,5:00pm-5:59pm,6,6,17,5:00pm-5:59pm,33,33,99,Unknown,99,Unknown EMS Hospital Arrival Time,1
41,Oregon,410466,0,0,1,1,0,1,1,5,CLACKAMAS (5),0,NOT APPLICABLE,11,November,12,12,1,Sunday,2023,1,1:00am-1:59am,54,54,SR-551 ODOT 51,,3,State Highway,1,Rural,4,Minor Arterial,1,State Highway Agency,0,This Section IS NOT on the NHS,0,No Special Jurisdiction,5,5,45.27238889,45.27238889,-122.76910833,-122.76910833,93,Unknown Fixed Object,0,The First Harmful Event was Not a Collision with a Motor Vehicle in Transport,0,No,1,Non-Junction,1,Not an Intersection,4,On Roadside,0,,2,Dark - Not Lighted,1,Clear,0,No,0000000,Not Applicable,1,1:00am-1:59am,54,54,2,2:00am-2:59am,0,0,88,Not Applicable (Not Transported),88,Not Applicable (Not Transported),1
41,Oregon,410467,0,0,2,2,0,5,5,29,JACKSON (29),0,NOT APPLICABLE,10,October,29,29,1,Sunday,2023,4,4:00am-4:59am,53,53,DEAD INDIAN MEMORIA RD,,0,Not Signed,2,Urban,5,Major Collector,2,County Highway Agency,0,This Section IS NOT on the NHS,0,No Special Jurisdiction,19,19,42.20098889,42.20098889,-122.63527222,-122.63527222,12,Motor Vehicle In-Transport,2,Front-to-Front,0,No,1,Non-Junction,1,Not an Intersection,1,On Roadway,0,,2,Dark - Not Lighted,1,Clear,0,No,0000000,Not Applicable,4,4:00am-4:59am,53,53,4,4:00am-4:59am,56,56,5,5:00am-5:59am,38,38,1
41,Oregon,410468,1,1,1,1,0,1,1,51,MULTNOMAH (51),1650,PORTLAND,11,November,14,14,3,Tuesday,2023,6,6:00am-6:59am,13,13,SR-99 ODOT 81,,3,State Highway,2,Urban,3,Other Principal Arterial,1,State Highway Agency,1,This Section IS ON the NHS,0,No Special Jurisdiction,16,16,45.49971944,45.49971944,-122.66028056,-122.66028056,8,Pedestrian,0,The First Harmful Event was Not a Collision with a Motor Vehicle in Transport,0,No,1,Non-Junction,1,Not an Intersection,1,On Roadway,0,,3,Dark - Lighted,1,Clear,0,No,0000000,Not Applicable,99,Unknown,99,Unknown,99,Unknown EMS Scene Arrival Hour,99,Unknown EMS Scene Arrival Minutes,88,Not Applicable (Not Transported),88,Not Applicable (Not Transported),1
41,Oregon,410469,0,0,1,1,0,1,1,39,LANE (39),660,EUGENE,6,June,3,3,7,Saturday,2023,14,2:00pm-2:59pm,37,37,SR-569 ODOT 69,,3,State Highway,2,Urban,2,Other Freeways and Expressways,1,State Highway Agency,1,This Section IS ON the NHS,0,No Special Jurisdiction,61,61,44.09264167,44.09264167,-123.17115278,-123.17115278,25,Concrete Traffic Barrier,0,The First Harmful Event was Not a Collision with a Motor Vehicle in Transport,0,No,1,Non-Junction,1,Not an Intersection,4,On Roadside,0,,1,Daylight,1,Clear,0,No,0000000,Not Applicable,14,2:00pm-2:59pm,37,37,14,2:00pm-2:59pm,40,40,14,2:00pm-2:59pm,58,58,1
41,Oregon,410470,0,0,1,1,0,2,2,35,KLAMATH (35),0,NOT APPLICABLE,6,June,12,12,2,Monday,2023,13,1:00pm-1:59pm,0,0,S CHILOQUUIN RD,MODOC POINT RD,0,Not Signed,1,Rural,5,Major Collector,2,County Highway Agency,0,This Section IS NOT on the NHS,0,No Special Jurisdiction,41,41,42.52553611,42.52553611,-121.92606111,-121.92606111,34,Ditch,0,The First Harmful Event was Not a Collision with a Motor Vehicle in Transport,0,No,3,Intersection-Related,3,T-Intersection,4,On Roadside,0,,1,Daylight,1,Clear,0,No,0000000,Not Applicable,13,1:00pm-1:59pm,44,44,13,1:00pm-1:59pm,59,59,14,2:00pm-2:59pm,31,31,1
41,Oregon,410471,0,0,2,2,0,3,3,9,COLUMBIA (9),0,NOT APPLICABLE,6,June,17,17,7,Saturday,2023,12,12:00pm-12:59pm,25,25,ALSTON MAYGER RD,,0,Not Signed,1,Rural,5,Major Collector,2,County Highway Agency,0,This Section IS NOT on the NHS,0,No Special Jurisdiction,34,34,46.10664722,46.10664722,-123.04450556,-123.04450556,12,Motor Vehicle In-Transport,2,Front-to-Front,0,No,1,Non-Junction,1,Not an Intersection,1,On Roadway,0,,1,Daylight,1,Clear,0,No,0000000,Not Applicable,99,Unknown,99,Unknown,99,Unknown EMS Scene Arrival Hour,99,Unknown EMS Scene Arrival Minutes,99,Unknown,99,Unknown EMS Hospital Arrival Time,1
41,Oregon,410472,0,0,1,1,0,1,1,11,COOS (11),390,COOS BAY,7,July,1,1,7,Saturday,2023,2,2:00am-2:59am,56,56,US-101 ODOT 9,,2,U.S. Highway,2,Urban,3,Other Principal Arterial,1,State Highway Agency,1,This Section IS ON the NHS,0,No Special Jurisdiction,2377,2377,43.37539167,43.37539167,-124.21297778,-124.21297778,43,Other Fixed Object,0,The First Harmful Event was Not a Collision with a Motor Vehicle in Transport,0,No,1,Non-Junction,1,Not an Intersection,4,On Roadside,0,,6,Dark - Unknown Lighting,98,Not Reported,0,No,0000000,Not Applicable,2,2:00am-2:59am,58,58,3,3:00am-3:59am,4,4,3,3:00am-3:59am,30,30,1
41,Oregon,410473,0,0,1,1,0,3,3,67,WASHINGTON (67),1900,SHERWOOD,7,July,4,4,3,Tuesday,2023,12,12:00pm-12:59pm,33,33,SW ELDERBERRY LN,,0,Not Signed,2,Urban,7,Local,4,City or Municipal Highway Agency,0,This Section IS NOT on the NHS,0,No Special Jurisdiction,0,,45.36724444,45.36724444,-122.86506111,-122.86506111,5,Fell/Jumped from Vehicle,0,The First Harmful Event was Not a Collision with a Motor Vehicle in Transport,0,No,1,Non-Junction,1,Not an Intersection,1,On Roadway,0,,1,Daylight,98,Not Reported,0,No,0000000,Not Applicable,12,12:00pm-12:59pm,34,34,12,12:00pm-12:59pm,39,39,13,1:00pm-1:59pm,30,30,1
41,Oregon,410474,0,0,1,1,0,1,1,51,MULTNOMAH (51),1650,PORTLAND,7,July,24,24,2,Monday,2023,9,9:00am-9:59am,20,20,W BURNSIDE RD,,0,Not Signed,2,Urban,4,Minor Arterial,4,City or Municipal Highway Agency,0,This Section IS NOT on the NHS,0,No Special Jurisdiction,0,,45.52186667,45.52186667,-122.71654444,-122.71654444,1,Rollover/Overturn,0,The First Harmful Event was Not a Collision with a Motor Vehicle in Transport,0,No,1,Non-Junction,1,Not an Intersection,4,On Roadside,0,,1,Daylight,10,Cloudy,0,No,0000000,Not Applicable,9,9:00am-9:59am,21,21,9,9:00am-9:59am,29,29,9,9:00am-9:59am,49,49,1
41,Oregon,410475,0,0,1,1,0,1,1,43,LINN (43),0,NOT APPLICABLE,8,August,4,4,6,Friday,2023,21,9:00pm-9:59pm,58,58,ROCK HILL DR,,0,Not Signed,1,Rural,5,Major Collector,2,County Highway Agency,0,This Section IS NOT on the NHS,0,No Special Jurisdiction,31,31,44.49328889,44.49328889,-122.93487778,-122.93487778,1,Rollover/Overturn,0,The First Harmful Event was Not a Collision with a Motor Vehicle in Transport,0,No,1,Non-Junction,1,Not an Intersection,1,On Roadway,0,,2,Dark - Not Lighted,1,Clear,0,No,0000000,Not Applicable,21,9:00pm-9:59pm,58,58,22,10:00pm-10:59pm,6,6,88,Not Applicable (Not Transported),88,Not Applicable (Not Transported),1
41,Oregon,410476,1,1,1,1,0,1,1,67,WASHINGTON (67),0,NOT APPLICABLE,8,August,14,14,2,Monday,2023,23,11:00pm-11:59pm,34,34,NW SUSBAUER RD,,0,Not Signed,1,Rural,5,Major Collector,2,County Highway Agency,0,This Section IS NOT on the NHS,0,No Special Jurisdiction,0,,45.56353889,45.56353889,-123.03580556,-123.03580556,8,Pedestrian,0,The First Harmful Event was Not a Collision with a Motor Vehicle in Transport,0,No,1,Non-Junction,1,Not an Intersection,1,On Roadway,0,,2,Dark - Not Lighted,10,Cloudy,0,No,0000000,Not Applicable,99,Unknown,99,Unknown,99,Unknown EMS Scene Arrival Hour,99,Unknown EMS Scene Arrival Minutes,88,Not Applicable (Not Transported),88,Not Applicable (Not Transported),1
41,Oregon,410477,0,0,1,1,0,1,1,51,MULTNOMAH (51),880,GRESHAM,8,August,21,21,2,Monday,2023,22,10:00pm-10:59pm,33,33,US-26 W POWELL BLVD,,2,U.S. Highway,2,Urban,3,Other Principal Arterial,4,City or Municipal Highway Agency,1,This Section IS ON the NHS,0,No Special Jurisdiction,0,,45.496725,45.496725,-122.45776667,-122.45776667,42,Tree (Standing Only),0,The First Harmful Event was Not a Collision with a Motor Vehicle in Transport,0,No,1,Non-Junction,1,Not an Intersection,3,On Median,0,,3,Dark - Lighted,1,Clear,0,No,0000000,Not Applicable,22,10:00pm-10:59pm,33,33,22,10:00pm-10:59pm,39,39,88,Not Applicable (Not Transported),88,Not Applicable (Not Transported),1
41,Oregon,410478,0,0,1,1,0,1,1,57,TILLAMOOK (57),0,NOT APPLICABLE,8,August,28,28,2,Monday,2023,99,Unknown Hours,99,Unknown Minutes,SLAB CREEK RD,,0,Not Signed,1,Rural,5,Major Collector,2,County Highway Agency,0,This Section IS NOT on the NHS,0,No Special Jurisdiction,34,34,45.06498056,45.06498056,-123.914675,-123.914675,35,Embankment,0,The First Harmful Event was Not a Collision with a Motor Vehicle in Transport,0,No,1,Non-Junction,1,Not an Intersection,4,On Roadside,0,,9,Reported as Unknown,99,Reported as Unknown,0,No,0000000,Not Applicable,99,Unknown,99,Unknown,99,Unknown EMS Scene Arrival Hour,99,Unknown EMS Scene Arrival Minutes,88,Not Applicable (Not Transported),88,Not Applicable (Not Transported),1
41,Oregon,410479,0,0,1,1,0,1,1,39,LANE (39),0,NOT APPLICABLE,8,August,18,18,6,Friday,2023,20,8:00pm-8:59pm,3,3,S SIXTH ST,,0,Not Signed,2,Urban,5,Major Collector,2,County Highway Agency,0,This Section IS NOT on the NHS,0,No Special Jurisdiction,16,16,43.76855833,43.76855833,-123.06273056,-123.06273056,34,Ditch,0,The First Harmful Event was Not a Collision with a Motor Vehicle in Transport,0,No,1,Non-Junction,1,Not an Intersection,4,On Roadside,0,,8,Not Reported,98,Not Reported,0,No,0000000,Not Applicable,99,Unknown,99,Unknown,99,Unknown EMS Scene Arrival Hour,99,Unknown EMS Scene Arrival Minutes,88,Not Applicable (Not Transported),88,Not Applicable (Not Transported),1
41,Oregon,410480,0,0,1,1,0,2,2,9,COLUMBIA (9),0,NOT APPLICABLE,9,September,1,1,6,Friday,2023,17,5:00pm-5:59pm,38,38,CEDAR GROVE RD,,0,Not Signed,1,Rural,6,Minor Collector,2,County Highway Agency,0,This Section IS NOT on the NHS,0,No Special Jurisdiction,34,34,46.06618333,46.06618333,-123.13585278,-123.13585278,34,Ditch,0,The First Harmful Event was Not a Collision with a Motor Vehicle in Transport,0,No,1,Non-Junction,1,Not an Intersection,4,On Roadside,0,,1,Daylight,1,Clear,0,No,0000000,Not Applicable,17,5:00pm-5:59pm,38,38,17,5:00pm-5:59pm,45,45,99,Unknown,99,Unknown EMS Hospital Arrival Time,1
41,Oregon,410481,0,0,1,1,0,1,1,17,DESCHUTES (17),190,BEND,9,September,2,2,7,Saturday,2023,23,11:00pm-11:59pm,30,30,OB RILEY RD,FIREROCK RD,0,Not Signed,2,Urban,5,Major Collector,4,City or Municipal Highway Agency,0,This Section IS NOT on the NHS,0,No Special Jurisdiction,0,,44.09589722,44.09589722,-121.31354444,-121.31354444,1,Rollover/Overturn,0,The First Harmful Event was Not a Collision with a Motor Vehicle in Transport,0,No,3,Intersection-Related,3,T-Intersection,4,On Roadside,0,,2,Dark - Not Lighted,1,Clear,0,No,0000000,Not Applicable,23,11:00pm-11:59pm,41,41,23,11:00pm-11:59pm,44,44,0,0:00am-0:59am,7,7,1
41,Oregon,410482,0,0,1,1,0,1,1,45,MALHEUR (45),0,NOT APPLICABLE,9,September,19,19,3,Tuesday,2023,99,Unknown Hours,99,Unknown Minutes,THREE FORKS RD,,0,Not Signed,1,Rural,6,Minor Collector,2,County Highway Agency,0,This Section IS NOT on the NHS,0,No Special Jurisdiction,271,271,42.58313889,42.58313889,-117.155475,-117.155475,35,Embankment,0,The First Harmful Event was Not a Collision with a Motor Vehicle in Transport,0,No,1,Non-Junction,1,Not an Intersection,4,On Roadside,0,,8,Not Reported,98,Not Reported,0,No,0000000,Not Applicable,99,Unknown,99,Unknown,99,Unknown EMS Scene Arrival Hour,99,Unknown EMS Scene Arrival Minutes,88,Not Applicable (Not Transported),88,Not Applicable (Not Transported),1
41,Oregon,410483,0,0,2,2,0,2,2,29,JACKSON (29),0,NOT APPLICABLE,11,November,17,17,6,Friday,2023,15,3:00pm-3:59pm,15,15,SR-238 ODOT 272,UPPER APPLEGATE RD,3,State Highway,1,Rural,4,Minor Arterial,1,State Highway Agency,0,This Section IS NOT on the NHS,0,No Special Jurisdiction,256,256,42.23791667,42.23791667,-123.04016389,-123.04016389,12,Motor Vehicle In-Transport,6,Angle,0,No,2,Intersection,3,T-Intersection,1,On Roadway,0,,1,Daylight,1,Clear,0,No,0000000,Not Applicable,15,3:00pm-3:59pm,17,17,15,3:00pm-3:59pm,21,21,99,Unknown,99,Unknown EMS Hospital Arrival Time,1
41,Oregon,410484,0,0,2,2,0,2,2,51,MULTNOMAH (51),880,GRESHAM,11,November,17,17,6,Friday,2023,17,5:00pm-5:59pm,50,50,NE 181ST AVE,NE WILKES RD,0,Not Signed,2,Urban,3,Other Principal Arterial,4,City or Municipal Highway Agency,1,This Section IS ON the NHS,0,No Special Jurisdiction,0,,45.53938889,45.53938889,-122.47724167,-122.47724167,12,Motor Vehicle In-Transport,6,Angle,0,No,2,Intersection,3,T-Intersection,1,On Roadway,0,,3,Dark - Lighted,1,Clear,0,No,0000000,Not Applicable,17,5:00pm-5:59pm,50,50,17,5:00pm-5:59pm,54,54,88,Not Applicable (Not Transported),88,Not Applicable (Not Transported),1
41,Oregon,410485,0,0,1,1,0,1,1,51,MULTNOMAH (51),1650,PORTLAND,11,November,18,18,7,Saturday,2023,2,2:00am-2:59am,36,36,US-26 ODOT 26,,2,U.S. Highway,2,Urban,3,Other Principal Arterial,1,State Highway Agency,1,This Section IS ON the NHS,0,No Special Jurisdiction,23,23,45.49731111,45.49731111,-122.63519722,-122.63519722,33,Curb,0,The First Harmful Event was Not a Collision with a Motor Vehicle in Transport,0,No,1,Non-Junction,1,Not an Intersection,4,On Roadside,0,,3,Dark - Lighted,1,Clear,0,No,0000000,Not Applicable,2,2:00am-2:59am,38,38,2,2:00am-2:59am,43,43,88,Not Applicable (Not Transported),88,Not Applicable (Not Transported),1
41,Oregon,410486,0,0,2,2,0,2,2,57,TILLAMOOK (57),0,NOT APPLICABLE,11,November,18,18,7,Saturday,2023,5,5:00am-5:59am,8,8,US-26 ODOT 47,,2,U.S. Highway,1,Rural,3,Other Principal Arterial,1,State Highway Agency,1,This Section IS ON the NHS,0,No Special Jurisdiction,329,329,45.77307778,45.77307778,-123.38347222,-123.38347222,12,Motor Vehicle In-Transport,2,Front-to-Front,0,No,1,Non-Junction,1,Not an Intersection,1,On Roadway,0,,2,Dark - Not Lighted,1,Clear,0,No,0000000,Not Applicable,5,5:00am-5:59am,12,12,5,5:00am-5:59am,30,30,88,Not Applicable (Not Transported),88,Not Applicable (Not Transported),2
41,Oregon,410488,1,1,1,1,0,2,2,67,WASHINGTON (67),0,NOT APPLICABLE,11,November,20,20,2,Monday,2023,11,11:00am-11:59am,38,38,SW ROY ROGERS RD,,0,Not Signed,2,Urban,4,Minor Arterial,2,County Highway Agency,0,This Section IS NOT on the NHS,0,No Special Jurisdiction,0,,45.39667222,45.39667222,-122.85198889,-122.85198889,9,Pedalcyclist,0,The First Harmful Event was Not a Collision with a Motor Vehicle in Transport,0,No,1,Non-Junction,1,Not an Intersection,1,On Roadway,1,Construction,1,Daylight,1,Clear,0,No,0000000,Not Applicable,11,11:00am-11:59am,38,38,11,11:00am-11:59am,45,45,88,Not Applicable (Not Transported),88,Not Applicable (Not Transported),1
41,Oregon,410489,0,0,2,2,0,2,2,51,MULTNOMAH (51),880,GRESHAM,11,November,22,22,4,Wednesday,2023,18,6:00pm-6:59pm,55,55,SE DIVISION ST,SE 176TH PL,0,Not Signed,2,Urban,3,Other Principal Arterial,4,City or Municipal Highway Agency,1,This Section IS ON the NHS,0,No Special Jurisdiction,0,,45.504575,45.504575,-122.48141667,-122.48141667,12,Motor Vehicle In-Transport,6,Angle,0,No,2,Intersection,3,T-Intersection,1,On Roadway,0,,3,Dark - Lighted,1,Clear,0,No,0000000,Not Applicable,99,Unknown,99,Unknown,99,Unknown EMS Scene Arrival Hour,99,Unknown EMS Scene Arrival Minutes,88,Not Applicable (Not Transported),88,Not Applicable (Not Transported),1
41,Oregon,410490,0,0,1,1,0,1,1,51,MULTNOMAH (51),1650,PORTLAND,11,November,23,23,5,Thursday,2023,9,9:00am-9:59am,46,46,I-5,,1,Interstate,2,Urban,1,Interstate,1,State Highway Agency,1,This Section IS ON the NHS,0,No Special Jurisdiction,3006,3006,45.50948056,45.50948056,-122.66705278,-122.66705278,25,Concrete Traffic Barrier,0,The First Harmful Event was Not a Collision with a Motor Vehicle in Transport,0,No,1,Non-Junction,1,Not an Intersection,4,On Roadside,0,,1,Daylight,1,Clear,0,No,0000000,Not Applicable,9,9:00am-9:59am,47,47,9,9:00am-9:59am,54,54,10,10:00am-10:59am,9,9,1
41,Oregon,410491,0,0,2,2,0,2,2,29,JACKSON (29),0,NOT APPLICABLE,11,November,25,25,7,Saturday,2023,14,2:00pm-2:59pm,36,36,SR-99 ODOT 63,ELK ST,3,State Highway,2,Urban,3,Other Principal Arterial,1,State Highway Agency,1,This Section IS ON the NHS,0,No Special Jurisdiction,43,43,42.35523611,42.35523611,-122.90082778,-122.90082778,12,Motor Vehicle In-Transport,6,Angle,0,No,2,Intersection,2,Four-Way Intersection,1,On Roadway,0,,1,Daylight,1,Clear,0,No,0000000,Not Applicable,99,Unknown,99,Unknown,99,Unknown EMS Scene Arrival Hour,99,Unknown EMS Scene Arrival Minutes,88,Not Applicable (Not Transported),88,Not Applicable (Not Transported),1
41,Oregon,410492,0,0,1,1,0,1,1,19,DOUGLAS (19),0,NOT APPLICABLE,11,November,25,25,7,Saturday,2023,22,10:00pm-10:59pm,50,50,SR-99 OL HIGHWAY 99 N,,3,State Highway,2,Urban,4,Minor Arterial,2,County Highway Agency,0,This Section IS NOT on the NHS,0,No Special Jurisdiction,34,34,43.41846944,43.41846944,-123.29935556,-123.29935556,32,Culvert,0,The First Harmful Event was Not a Collision with a Motor Vehicle in Transport,0,No,1,Non-Junction,1,Not an Intersection,4,On Roadside,0,,2,Dark - Not Lighted,10,Cloudy,0,No,0000000,Not Applicable,22,10:00pm-10:59pm,50,50,22,10:00pm-10:59pm,58,58,88,Not Applicable (Not Transported),88,Not Applicable (Not Transported),1
41,Oregon,410493,0,0,2,2,0,3,3,39,LANE (39),0,NOT APPLICABLE,11,November,26,26,1,Sunday,2023,12,12:00pm-12:59pm,15,15,SR-36 ODOT 229,,3,State Highway,1,Rural,5,Major Collector,1,State Highway Agency,0,This Section IS NOT on the NHS,0,No Special Jurisdiction,10,10,44.04069444,44.04069444,-123.87260556,-123.87260556,12,Motor Vehicle In-Transport,6,Angle,0,No,1,Non-Junction,1,Not an Intersection,1,On Roadway,0,,1,Daylight,1,Clear,0,No,0000000,Not Applicable,12,12:00pm-12:59pm,20,20,12,12:00pm-12:59pm,36,36,13,1:00pm-1:59pm,7,7,1
41,Oregon,410494,0,0,2,2,0,2,2,11,COOS (11),0,NOT APPLICABLE,11,November,27,27,2,Monday,2023,11,11:00am-11:59am,35,35,US-101 ODOT 9,,2,U.S. Highway,1,Rural,3,Other Principal Arterial,1,State Highway Agency,1,This Section IS ON the NHS,0,No Special Jurisdiction,2260,2260,43.53949444,43.53949444,-124.21418056,-124.21418056,12,Motor Vehicle In-Transport,6,Angle,0,No,1,Non-Junction,1,Not an Intersection,1,On Roadway,0,,1,Daylight,1,Clear,0,No,0000000,Not Applicable,11,11:00am-11:59am,35,35,11,11:00am-11:59am,49,49,88,Not Applicable (Not Transported),88,Not Applicable (Not Transported),1
41,Oregon,410496,0,0,1,1,0,4,4,47,MARION (47),0,NOT APPLICABLE,11,November,27,27,2,Monday,2023,20,8:00pm-8:59pm,20,20,LARDON RD NE,,0,Not Signed,1,Rural,7,Local,2,County Highway Agency,0,This Section IS NOT on the NHS,0,No Special Jurisdiction,24,24,44.96979444,44.96979444,-122.91000833,-122.91000833,1,Rollover/Overturn,0,The First Harmful Event was Not a Collision with a Motor Vehicle in Transport,0,No,1,Non-Junction,1,Not an Intersection,4,On Roadside,0,,2,Dark - Not Lighted,10,Cloudy,0,No,0000000,Not Applicable,20,8:00pm-8:59pm,24,24,20,8:00pm-8:59pm,33,33,21,9:00pm-9:59pm,4,4,1
41,Oregon,410497,0,0,2,2,0,5,5,49,MORROW (49),0,NOT APPLICABLE,11,November,28,28,3,Tuesday,2023,5,5:00am-5:59am,2,2,I-84,,1,Interstate,1,Rural,1,Interstate,1,State Highway Agency,1,This Section IS ON the NHS,0,No Special Jurisdiction,1685,1685,45.83245278,45.83245278,-119.61415556,-119.61415556,12,Motor Vehicle In-Transport,1,Front-to-Rear,0,No,1,Non-Junction,1,Not an Intersection,1,On Roadway,0,,2,Dark - Not Lighted,10,Cloudy,0,No,0000000,Not Applicable,5,5:00am-5:59am,2,2,5,5:00am-5:59am,10,10,99,Unknown,99,Unknown EMS Hospital Arrival Time,1
41,Oregon,410498,0,0,3,3,0,4,4,43,LINN (43),0,NOT APPLICABLE,11,November,29,29,4,Wednesday,2023,8,8:00am-8:59am,15,15,SR-34 ODOT 210,OAKVILLE RD,3,State Highway,1,Rural,3,Other Principal Arterial,1,State Highway Agency,1,This Section IS ON the NHS,0,No Special Jurisdiction,53,53,44.56584722,44.56584722,-123.15208611,-123.15208611,12,Motor Vehicle In-Transport,6,Angle,0,No,2,Intersection,3,T-Intersection,1,On Roadway,0,,1,Daylight,1,Clear,0,No,0000000,Not Applicable,99,Unknown,99,Unknown,99,Unknown EMS Scene Arrival Hour,99,Unknown EMS Scene Arrival Minutes,99,Unknown,99,Unknown EMS Hospital Arrival Time,1
41,Oregon,410499,0,0,1,1,0,2,2,35,KLAMATH (35),0,NOT APPLICABLE,11,November,26,26,1,Sunday,2023,0,0:00am-0:59am,0,0,SR-66 ODOT 21,,3,State Highway,1,Rural,4,Minor Arterial,1,State Highway Agency,0,This Section IS NOT on the NHS,0,No Special Jurisdiction,489,489,42.12078611,42.12078611,-121.94802778,-121.94802778,59,Traffic Sign Support,0,The First Harmful Event was Not a Collision with a Motor Vehicle in Transport,0,No,1,Non-Junction,1,Not an Intersection,4,On Roadside,0,,2,Dark - Not Lighted,1,Clear,0,No,0000000,Not Applicable,0,0:00am-0:59am,0,0,0,0:00am-0:59am,19,19,1,1:00am-1:59am,2,2,1
41,Oregon,410500,0,0,2,2,0,2,2,5,CLACKAMAS (5),0,NOT APPLICABLE,11,November,27,27,2,Monday,2023,7,7:00am-7:59am,18,18,SW 65TH AVE,SW PROSPERITY PARK RD,0,Not Signed,2,Urban,5,Major Collector,2,County Highway Agency,0,This Section IS NOT on the NHS,0,No Special Jurisdiction,4,4,45.36926667,45.36926667,-122.74391389,-122.74391389,12,Motor Vehicle In-Transport,6,Angle,0,No,2,Intersection,3,T-Intersection,1,On Roadway,0,,4,Dawn,1,Clear,1,Yes,0000000,Not Applicable,7,7:00am-7:59am,18,18,7,7:00am-7:59am,25,25,88,Not Applicable (Not Transported),88,Not Applicable (Not Transported),1
41,Oregon,410501,1,1,1,1,0,1,1,67,WASHINGTON (67),1000,HILLSBORO,11,November,27,27,2,Monday,2023,20,8:00pm-8:59pm,8,8,NE CORNELL RD,NE ORENCO STATION PKWY,0,Not Signed,2,Urban,3,Other Principal Arterial,4,City or Municipal Highway Agency,1,This Section IS ON the NHS,0,No Special Jurisdiction,0,,45.53409167,45.53409167,-122.91671944,-122.91671944,8,Pedestrian,0,The First Harmful Event was Not a Collision with a Motor Vehicle in Transport,0,No,3,Intersection-Related,2,Four-Way Intersection,1,On Roadway,0,,3,Dark - Lighted,1,Clear,0,No,0000000,Not Applicable,20,8:00pm-8:59pm,9,9,20,8:00pm-8:59pm,12,12,88,Not Applicable (Not Transported),88,Not Applicable (Not Transported),1
41,Oregon,410502,0,0,1,1,0,1,1,39,LANE (39),0,NOT APPLICABLE,11,November,30,30,5,Thursday,2023,17,5:00pm-5:59pm,46,46,CROW RD,,0,Not Signed,1,Rural,5,Major Collector,2,County Highway Agency,0,This Section IS NOT on the NHS,0,No Special Jurisdiction,71,71,43.98905556,43.98905556,-123.297375,-123.297375,42,Tree (Standing Only),0,The First Harmful Event was Not a Collision with a Motor Vehicle in Transport,0,No,1,Non-Junction,1,Not an Intersection,4,On Roadside,0,,2,Dark - Not Lighted,10,Cloudy,0,No,0000000,Not Applicable,17,5:00pm-5:59pm,50,50,17,5:00pm-5:59pm,50,50,88,Not Applicable (Not Transported),88,Not Applicable (Not Transported),1
41,Oregon,410503,1,1,1,1,0,1,1,47,MARION (47),1810,SALEM,12,December,2,2,7,Saturday,2023,19,7:00pm-7:59pm,47,47,KUEBLER BLVD SE,,0,Not Signed,2,Urban,3,Other Principal Arterial,4,City or Municipal Highway Agency,1,This Section IS ON the NHS,0,No Special Jurisdiction,0,,44.90308333,44.90308333,-122.96846111,-122.96846111,8,Pedestrian,0,The First Harmful Event was Not a Collision with a Motor Vehicle in Transport,0,No,1,Non-Junction,1,Not an Intersection,1,On Roadway,0,,2,Dark - Not Lighted,2,Rain,0,No,0000000,Not Applicable,19,7:00pm-7:59pm,49,49,19,7:00pm-7:59pm,56,56,88,Not Applicable (Not Transported),88,Not Applicable (Not Transported),1
41,Oregon,410504,0,0,1,1,0,2,2,39,LANE (39),0,NOT APPLICABLE,12,December,2,2,7,Saturday,2023,19,7:00pm-7:59pm,1,1,BIG RIVER RD,,0,Not Signed,1,Rural,6,Minor Collector,2,County Highway Agency,0,This Section IS NOT on the NHS,0,No Special Jurisdiction,0,,43.57981944,43.57981944,-122.980775,-122.980775,42,Tree (Standing Only),0,The First Harmful Event was Not a Collision with a Motor Vehicle in Transport,0,No,1,Non-Junction,1,Not an Intersection,4,On Roadside,0,,2,Dark - Not Lighted,2,Rain,0,No,0000000,Not Applicable,99,Unknown,99,Unknown,99,Unknown EMS Scene Arrival Hour,99,Unknown EMS Scene Arrival Minutes,88,Not Applicable (Not Transported),88,Not Applicable (Not Transported),1
41,Oregon,410505,1,1,1,1,0,3,3,39,LANE (39),660,EUGENE,12,December,2,2,7,Saturday,2023,16,4:00pm-4:59pm,10,10,RIVER RD,FERNDALE DR,0,Not Signed,2,Urban,3,Other Principal Arterial,4,City or Municipal Highway Agency,1,This Section IS ON the NHS,0,No Special Jurisdiction,0,,44.1089,44.1089,-123.13388611,-123.13388611,9,Pedalcyclist,0,The First Harmful Event was Not a Collision with a Motor Vehicle in Transport,0,No,2,Intersection,2,Four-Way Intersection,1,On Roadway,0,,5,Dusk,2,Rain,0,No,0000000,Not Applicable,16,4:00pm-4:59pm,10,10,16,4:00pm-4:59pm,17,17,88,Not Applicable (Not Transported),88,Not Applicable (Not Transported),1
41,Oregon,410506,0,0,2,2,0,2,2,39,LANE (39),0,NOT APPLICABLE,11,November,8,8,4,Wednesday,2023,5,5:00am-5:59am,55,55,SR-99 ODOT 226,,3,State Highway,2,Urban,5,Major Collector,1,State Highway Agency,0,This Section IS NOT on the NHS,0,No Special Jurisdiction,2,2,43.99645833,43.99645833,-123.011825,-123.011825,12,Motor Vehicle In-Transport,2,Front-to-Front,0,No,1,Non-Junction,1,Not an Intersection,1,On Roadway,0,,2,Dark - Not Lighted,5,"Fog, Smog, Smoke",0,No,0000000,Not Applicable,5,5:00am-5:59am,55,55,6,6:00am-6:59am,3,3,6,6:00am-6:59am,21,21,1
41,Oregon,410507,0,0,1,1,0,2,2,47,MARION (47),0,NOT APPLICABLE,12,December,3,3,1,Sunday,2023,9,9:00am-9:59am,40,40,MT ANGEL SCOTTS MILLS RD NE,,0,Not Signed,1,Rural,5,Major Collector,2,County Highway Agency,0,This Section IS NOT on the NHS,0,No Special Jurisdiction,61,61,45.04321389,45.04321389,-122.68753056,-122.68753056,34,Ditch,0,The First Harmful Event was Not a Collision with a Motor Vehicle in Transport,0,No,1,Non-Junction,1,Not an Intersection,4,On Roadside,0,,1,Daylight,2,Rain,0,No,0000000,Not Applicable,9,9:00am-9:59am,40,40,9,9:00am-9:59am,48,48,10,10:00am-10:59am,5,5,1
41,Oregon,410508,0,0,1,1,0,1,1,19,DOUGLAS (19),0,NOT APPLICABLE,12,December,3,3,1,Sunday,2023,16,4:00pm-4:59pm,40,40,NORTH MYRTLE RD,,0,Not Signed,1,Rural,6,Minor Collector,2,County Highway Agency,0,This Section IS NOT on the NHS,0,No Special Jurisdiction,47,47,43.05683611,43.05683611,-123.20855,-123.20855,42,Tree (Standing Only),0,The First Harmful Event was Not a Collision with a Motor Vehicle in Transport,0,No,1,Non-Junction,1,Not an Intersection,4,On Roadside,0,,5,Dusk,2,Rain,0,No,0000000,Not Applicable,16,4:00pm-4:59pm,40,40,17,5:00pm-5:59pm,0,0,88,Not Applicable (Not Transported),88,Not Applicable (Not Transported),1
41,Oregon,410509,1,1,1,1,0,1,1,11,COOS (11),390,COOS BAY,11,November,21,21,3,Tuesday,2023,19,7:00pm-7:59pm,26,26,OCEAN BLVD NW,,0,Not Signed,2,Urban,3,Other Principal Arterial,4,City or Municipal Highway Agency,1,This Section IS ON the NHS,0,No Special Jurisdiction,0,,43.38814444,43.38814444,-124.26023333,-124.26023333,8,Pedestrian,0,The First Harmful Event was Not a Collision with a Motor Vehicle in Transport,0,No,1,Non-Junction,1,Not an Intersection,1,On Roadway,0,,3,Dark - Lighted,1,Clear,0,No,0000000,Not Applicable,19,7:00pm-7:59pm,28,28,19,7:00pm-7:59pm,30,30,19,7:00pm-7:59pm,52,52,1
41,Oregon,410511,1,1,1,1,0,1,1,7,CLATSOP (7),2180,WARRENTON,12,December,4,4,2,Monday,2023,7,7:00am-7:59am,20,20,SR-105 ODOT 105,,3,State Highway,2,Urban,5,Major Collector,1,State Highway Agency,0,This Section IS NOT on the NHS,0,No Special Jurisdiction,7,7,46.16386944,46.16386944,-123.90975278,-123.90975278,8,Pedestrian,0,The First Harmful Event was Not a Collision with a Motor Vehicle in Transport,0,No,1,Non-Junction,1,Not an Intersection,1,On Roadway,0,,4,Dawn,2,Rain,0,No,0000000,Not Applicable,99,Unknown,99,Unknown,99,Unknown EMS Scene Arrival Hour,99,Unknown EMS Scene Arrival Minutes,88,Not Applicable (Not Transported),88,Not Applicable (Not Transported),1
41,Oregon,410513,1,1,1,1,0,1,1,37,LAKE (37),0,NOT APPLICABLE,11,November,28,28,3,Tuesday,2023,16,4:00pm-4:59pm,19,19,SR-140 ODOT 20,,3,State Highway,1,Rural,3,Other Principal Arterial,1,State Highway Agency,1,This Section IS ON the NHS,0,No Special Jurisdiction,918,918,42.18711389,42.18711389,-120.43288056,-120.43288056,8,Pedestrian,0,The First Harmful Event was Not a Collision with a Motor Vehicle in Transport,0,No,1,Non-Junction,1,Not an Intersection,1,On Roadway,0,,5,Dusk,1,Clear,0,No,0000000,Not Applicable,16,4:00pm-4:59pm,17,17,16,4:00pm-4:59pm,25,25,99,Unknown,99,Unknown EMS Hospital Arrival Time,1
41,Oregon,410515,1,1,1,1,0,1,1,17,DESCHUTES (17),1720,REDMOND,11,November,28,28,3,Tuesday,2023,16,4:00pm-4:59pm,59,59,SW CANAL BLVD,,0,Not Signed,2,Urban,4,Minor Arterial,4,City or Municipal Highway Agency,0,This Section IS NOT on the NHS,0,No Special Jurisdiction,0,,44.25391944,44.25391944,-121.18689167,-121.18689167,8,Pedestrian,0,The First Harmful Event was Not a Collision with a Motor Vehicle in Transport,0,No,1,Non-Junction,1,Not an Intersection,1,On Roadway,0,,2,Dark - Not Lighted,1,Clear,0,No,0000000,Not Applicable,99,Unknown,99,Unknown,99,Unknown EMS Scene Arrival Hour,99,Unknown EMS Scene Arrival Minutes,88,Not Applicable (Not Transported),88,Not Applicable (Not Transported),1
41,Oregon,410516,0,0,2,2,0,2,2,17,DESCHUTES (17),0,NOT APPLICABLE,12,December,6,6,4,Wednesday,2023,16,4:00pm-4:59pm,15,15,SW CANAL BLVD,,0,Not Signed,1,Rural,4,Minor Arterial,2,County Highway Agency,0,This Section IS NOT on the NHS,0,No Special Jurisdiction,0,,44.22035556,44.22035556,-121.22949167,-121.22949167,12,Motor Vehicle In-Transport,2,Front-to-Front,0,No,1,Non-Junction,1,Not an Intersection,1,On Roadway,0,,5,Dusk,10,Cloudy,0,No,0000000,Not Applicable,99,Unknown,99,Unknown,99,Unknown EMS Scene Arrival Hour,99,Unknown EMS Scene Arrival Minutes,88,Not Applicable (Not Transported),88,Not Applicable (Not Transported),1
41,Oregon,410517,1,1,1,1,0,1,1,19,DOUGLAS (19),0,NOT APPLICABLE,12,December,7,7,5,Thursday,2023,4,4:00am-4:59am,20,20,SR-99 NE STEPHENS ST,,3,State Highway,2,Urban,4,Minor Arterial,2,County Highway Agency,0,This Section IS NOT on the NHS,0,No Special Jurisdiction,128,128,43.27632222,43.27632222,-123.35377778,-123.35377778,8,Pedestrian,0,The First Harmful Event was Not a Collision with a Motor Vehicle in Transport,0,No,1,Non-Junction,1,Not an Intersection,1,On Roadway,0,,2,Dark - Not Lighted,2,Rain,0,No,0000000,Not Applicable,4,4:00am-4:59am,20,20,4,4:00am-4:59am,28,28,88,Not Applicable (Not Transported),88,Not Applicable (Not Transported),1
41,Oregon,410518,0,0,1,1,0,1,1,1,BAKER (1),0,NOT APPLICABLE,12,December,8,8,6,Friday,2023,99,Unknown Hours,99,Unknown Minutes,I-84,,1,Interstate,1,Rural,1,Interstate,1,State Highway Agency,1,This Section IS ON the NHS,0,No Special Jurisdiction,3143,3143,44.68753889,44.68753889,-117.67815278,-117.67815278,31,"Post, Pole or Other Supports",0,The First Harmful Event was Not a Collision with a Motor Vehicle in Transport,0,No,1,Non-Junction,1,Not an Intersection,4,On Roadside,0,,2,Dark - Not Lighted,99,Reported as Unknown,0,No,0000000,Not Applicable,99,Unknown,99,Unknown,99,Unknown EMS Scene Arrival Hour,99,Unknown EMS Scene Arrival Minutes,88,Not Applicable (Not Transported),88,Not Applicable (Not Transported),1
41,Oregon,410519,0,0,1,1,0,3,3,67,WASHINGTON (67),0,NOT APPLICABLE,12,December,8,8,6,Friday,2023,21,9:00pm-9:59pm,8,8,SW RIVER RD,,0,Not Signed,1,Rural,4,Minor Arterial,2,County Highway Agency,0,This Section IS NOT on the NHS,0,No Special Jurisdiction,0,,45.44083611,45.44083611,-122.95063889,-122.95063889,34,Ditch,0,The First Harmful Event was Not a Collision with a Motor Vehicle in Transport,0,No,1,Non-Junction,1,Not an Intersection,4,On Roadside,0,,2,Dark - Not Lighted,5,"Fog, Smog, Smoke",0,No,0000000,Not Applicable,21,9:00pm-9:59pm,8,8,21,9:00pm-9:59pm,23,23,22,10:00pm-10:59pm,10,10,1
41,Oregon,410520,1,1,1,1,0,1,1,33,JOSEPHINE (33),0,NOT APPLICABLE,12,December,8,8,6,Friday,2023,17,5:00pm-5:59pm,50,50,I-5,,1,Interstate,1,Rural,1,Interstate,1,State Highway Agency,1,This Section IS ON the NHS,0,No Special Jurisdiction,757,757,42.68609444,42.68609444,-123.39038056,-123.39038056,8,Pedestrian,0,The First Harmful Event was Not a Collision with a Motor Vehicle in Transport,0,No,1,Non-Junction,1,Not an Intersection,1,On Roadway,0,,2,Dark - Not Lighted,5,"Fog, Smog, Smoke",0,No,0000000,Not Applicable,17,5:00pm-5:59pm,54,54,18,6:00pm-6:59pm,15,15,88,Not Applicable (Not Transported),88,Not Applicable (Not Transported),1
41,Oregon,410521,1,1,1,1,0,1,1,67,WASHINGTON (67),0,NOT APPLICABLE,12,December,5,5,3,Tuesday,2023,18,6:00pm-6:59pm,40,40,NW ROCK CREEK BLVD,NW TOKETEE DR,0,Not Signed,2,Urban,5,Major Collector,2,County Highway Agency,0,This Section IS NOT on the NHS,0,No Special Jurisdiction,0,,45.55925,45.55925,-122.89381667,-122.89381667,8,Pedestrian,0,The First Harmful Event was Not a Collision with a Motor Vehicle in Transport,0,No,3,Intersection-Related,3,T-Intersection,1,On Roadway,0,,2,Dark - Not Lighted,2,Rain,0,No,0000000,Not Applicable,18,6:00pm-6:59pm,40,40,18,6:00pm-6:59pm,48,48,88,Not Applicable (Not Transported),88,Not Applicable (Not Transported),1
41,Oregon,410522,0,0,2,2,0,3,3,47,MARION (47),0,NOT APPLICABLE,12,December,9,9,7,Saturday,2023,23,11:00pm-11:59pm,51,51,SR-99E ODOT 81,,3,State Highway,2,Urban,4,Minor Arterial,1,State Highway Agency,0,This Section IS NOT on the NHS,0,No Special Jurisdiction,410,410,45.04983333,45.04983333,-122.95256944,-122.95256944,12,Motor Vehicle In-Transport,2,Front-to-Front,0,No,1,Non-Junction,1,Not an Intersection,1,On Roadway,0,,2,Dark - Not Lighted,2,Rain,0,No,0000000,Not Applicable,23,11:00pm-11:59pm,51,51,0,0:00am-0:59am,2,2,99,Unknown,99,Unknown EMS Hospital Arrival Time,2
41,Oregon,410523,0,0,1,1,0,2,2,33,JOSEPHINE (33),0,NOT APPLICABLE,12,December,7,7,5,Thursday,2023,21,9:00pm-9:59pm,45,45,WHITE SCHOOLHOUSE RD,,0,Not Signed,1,Rural,7,Local,2,County Highway Agency,0,This Section IS NOT on the NHS,0,No Special Jurisdiction,0,,42.14595556,42.14595556,-123.60756667,-123.60756667,42,Tree (Standing Only),0,The First Harmful Event was Not a Collision with a Motor Vehicle in Transport,0,No,1,Non-Junction,1,Not an Intersection,4,On Roadside,0,,6,Dark - Unknown Lighting,98,Not Reported,0,No,0000000,Not Applicable,21,9:00pm-9:59pm,52,52,21,9:00pm-9:59pm,53,53,99,Unknown,99,Unknown EMS Hospital Arrival Time,1
41,Oregon,410524,1,1,1,1,0,1,1,51,MULTNOMAH (51),880,GRESHAM,12,December,11,11,2,Monday,2023,18,6:00pm-6:59pm,23,23,E BURNSIDE ST,SE 181ST AVE,0,Not Signed,2,Urban,3,Other Principal Arterial,4,City or Municipal Highway Agency,1,This Section IS ON the NHS,0,No Special Jurisdiction,0,,45.52211389,45.52211389,-122.47692778,-122.47692778,8,Pedestrian,0,The First Harmful Event was Not a Collision with a Motor Vehicle in Transport,0,No,3,Intersection-Related,2,Four-Way Intersection,1,On Roadway,0,,3,Dark - Lighted,1,Clear,0,No,0000000,Not Applicable,18,6:00pm-6:59pm,21,21,18,6:00pm-6:59pm,28,28,88,Not Applicable (Not Transported),88,Not Applicable (Not Transported),1
41,Oregon,410525,0,0,1,1,0,1,1,39,LANE (39),0,NOT APPLICABLE,12,December,13,13,4,Wednesday,2023,1,1:00am-1:59am,0,0,SR-126E ODOT 15,,3,State Highway,1,Rural,3,Other Principal Arterial,1,State Highway Agency,1,This Section IS ON the NHS,0,No Special Jurisdiction,347,347,44.10955833,44.10955833,-122.42946667,-122.42946667,30,Utility Pole/Light Support,0,The First Harmful Event was Not a Collision with a Motor Vehicle in Transport,0,No,1,Non-Junction,1,Not an Intersection,4,On Roadside,0,,2,Dark - Not Lighted,1,Clear,0,No,0000000,Not Applicable,1,1:00am-1:59am,40,40,1,1:00am-1:59am,55,55,88,Not Applicable (Not Transported),88,Not Applicable (Not Transported),1
41,Oregon,410526,0,0,1,1,0,1,1,11,COOS (11),0,NOT APPLICABLE,12,December,9,9,7,Saturday,2023,9,9:00am-9:59am,29,29,US-101 ODOT 9,,2,U.S. Highway,1,Rural,3,Other Principal Arterial,1,State Highway Agency,1,This Section IS ON the NHS,0,No Special Jurisdiction,2313,2313,43.46386944,43.46386944,-124.22583056,-124.22583056,59,Traffic Sign Support,0,The First Harmful Event was Not a Collision with a Motor Vehicle in Transport,0,No,1,Non-Junction,1,Not an Intersection,4,On Roadside,0,,1,Daylight,10,Cloudy,0,No,0000000,Not Applicable,9,9:00am-9:59am,29,29,9,9:00am-9:59am,41,41,10,10:00am-10:59am,14,14,1
41,Oregon,410527,0,0,2,2,0,5,5,71,YAMHILL (71),1260,MCMINNVILLE,12,December,9,9,7,Saturday,2023,16,4:00pm-4:59pm,28,28,SR-99W ODOT 91,NE LAFAYETTE RD,3,State Highway,2,Urban,3,Other Principal Arterial,1,State Highway Agency,1,This Section IS ON the NHS,0,No Special Jurisdiction,354,354,45.22921389,45.22921389,-123.17076667,-123.17076667,12,Motor Vehicle In-Transport,6,Angle,0,No,2,Intersection,2,Four-Way Intersection,1,On Roadway,0,,3,Dark - Lighted,2,Rain,0,No,0000000,Not Applicable,16,4:00pm-4:59pm,30,30,16,4:00pm-4:59pm,35,35,16,4:00pm-4:59pm,56,56,1
41,Oregon,410528,0,0,1,1,0,1,1,29,JACKSON (29),0,NOT APPLICABLE,12,December,12,12,3,Tuesday,2023,15,3:00pm-3:59pm,12,12,BUTTE FALLS HWY,,0,Not Signed,1,Rural,5,Major Collector,2,County Highway Agency,0,This Section IS NOT on the NHS,0,No Special Jurisdiction,143,143,42.55063611,42.55063611,-122.58615556,-122.58615556,42,Tree (Standing Only),0,The First Harmful Event was Not a Collision with a Motor Vehicle in Transport,0,No,1,Non-Junction,1,Not an Intersection,4,On Roadside,0,,1,Daylight,10,Cloudy,0,No,0000000,Not Applicable,15,3:00pm-3:59pm,14,14,99,Unknown EMS Scene Arrival Hour,99,Unknown EMS Scene Arrival Minutes,88,Not Applicable (Not Transported),88,Not Applicable (Not Transported),1
41,Oregon,410529,0,0,2,2,0,3,3,17,DESCHUTES (17),0,NOT APPLICABLE,12,December,16,16,7,Saturday,2023,19,7:00pm-7:59pm,14,14,US-97 ODOT 4,,2,U.S. Highway,1,Rural,3,Other Principal Arterial,1,State Highway Agency,1,This Section IS ON the NHS,0,No Special Jurisdiction,1278,1278,44.18988889,44.18988889,-121.23731111,-121.23731111,12,Motor Vehicle In-Transport,2,Front-to-Front,0,No,1,Non-Junction,1,Not an Intersection,1,On Roadway,0,,2,Dark - Not Lighted,1,Clear,0,No,0000000,Not Applicable,19,7:00pm-7:59pm,14,14,19,7:00pm-7:59pm,26,26,99,Unknown,99,Unknown EMS Hospital Arrival Time,2
41,Oregon,410530,1,1,1,1,0,2,2,17,DESCHUTES (17),1720,REDMOND,12,December,19,19,3,Tuesday,2023,0,0:00am-0:59am,19,19,US-97 ODOT 4,,2,U.S. Highway,2,Urban,3,Other Principal Arterial,1,State Highway Agency,1,This Section IS ON the NHS,0,No Special Jurisdiction,1199,1199,44.29080556,44.29080556,-121.16690278,-121.16690278,8,Pedestrian,0,The First Harmful Event was Not a Collision with a Motor Vehicle in Transport,0,No,1,Non-Junction,1,Not an Intersection,1,On Roadway,0,,2,Dark - Not Lighted,2,Rain,0,No,0000000,Not Applicable,0,0:00am-0:59am,19,19,0,0:00am-0:59am,25,25,88,Not Applicable (Not Transported),88,Not Applicable (Not Transported),1
41,Oregon,410531,0,0,2,2,0,3,3,45,MALHEUR (45),1530,NYSSA,12,December,19,19,3,Tuesday,2023,6,6:00am-6:59am,10,10,US-20 ODOT 7,,2,U.S. Highway,1,Rural,4,Minor Arterial,1,State Highway Agency,0,This Section IS NOT on the NHS,0,No Special Jurisdiction,2667,2667,43.87695278,43.87695278,-116.983925,-116.983925,12,Motor Vehicle In-Transport,8,Sideswipe - Opposite Direction,0,No,1,Non-Junction,1,Not an Intersection,1,On Roadway,0,,2,Dark - Not Lighted,2,Rain,0,No,0000000,Not Applicable,6,6:00am-6:59am,58,58,6,6:00am-6:59am,59,59,99,Unknown,99,Unknown EMS Hospital Arrival Time,1
41,Oregon,410532,0,0,1,1,0,1,1,25,HARNEY (25),0,NOT APPLICABLE,12,December,19,19,3,Tuesday,2023,7,7:00am-7:59am,45,45,SR-78 ODOT 442,,3,State Highway,1,Rural,4,Minor Arterial,1,State Highway Agency,0,This Section IS NOT on the NHS,0,No Special Jurisdiction,172,172,43.44443333,43.44443333,-118.79431111,-118.79431111,35,Embankment,0,The First Harmful Event was Not a Collision with a Motor Vehicle in Transport,0,No,1,Non-Junction,1,Not an Intersection,4,On Roadside,0,,1,Daylight,10,Cloudy,0,No,0000000,Not Applicable,7,7:00am-7:59am,45,45,8,8:00am-8:59am,11,11,99,Unknown,99,Unknown EMS Hospital Arrival Time,1
41,Oregon,410533,1,1,1,1,0,1,1,39,LANE (39),660,EUGENE,5,May,11,11,5,Thursday,2023,14,2:00pm-2:59pm,46,46,W SIXTH AVE,GARFIELD ST,0,Not Signed,2,Urban,3,Other Principal Arterial,4,City or Municipal Highway Agency,1,This Section IS ON the NHS,0,No Special Jurisdiction,0,,44.05346111,44.05346111,-123.12283611,-123.12283611,9,Pedalcyclist,0,The First Harmful Event was Not a Collision with a Motor Vehicle in Transport,0,No,3,Intersection-Related,2,Four-Way Intersection,1,On Roadway,0,,1,Daylight,1,Clear,0,No,0000000,Not Applicable,14,2:00pm-2:59pm,47,47,14,2:00pm-2:59pm,56,56,14,2:00pm-2:59pm,59,59,1
41,Oregon,410534,0,0,1,1,0,3,3,59,UMATILLA (59),990,HERMISTON,10,October,16,16,2,Monday,2023,0,0:00am-0:59am,45,45,E DIAGONAL BLVD,,0,Not Signed,2,Urban,5,Major Collector,4,City or Municipal Highway Agency,0,This Section IS NOT on the NHS,0,No Special Jurisdiction,0,,45.84058889,45.84058889,-119.27931389,-119.27931389,42,Tree (Standing Only),0,The First Harmful Event was Not a Collision with a Motor Vehicle in Transport,0,No,1,Non-Junction,1,Not an Intersection,4,On Roadside,0,,2,Dark - Not Lighted,1,Clear,0,No,0000000,Not Applicable,0,0:00am-0:59am,46,46,0,0:00am-0:59am,50,50,1,1:00am-1:59am,20,20,1
41,Oregon,410535,1,1,1,1,0,1,1,9,COLUMBIA (9),0,NOT APPLICABLE,10,October,31,31,3,Tuesday,2023,23,11:00pm-11:59pm,55,55,SCAPPOOSE VERONIA HWY,,0,Not Signed,2,Urban,4,Minor Arterial,2,County Highway Agency,0,This Section IS NOT on the NHS,0,No Special Jurisdiction,63,63,45.76974444,45.76974444,-122.88811389,-122.88811389,8,Pedestrian,0,The First Harmful Event was Not a Collision with a Motor Vehicle in Transport,0,No,1,Non-Junction,1,Not an Intersection,1,On Roadway,0,,2,Dark - Not Lighted,1,Clear,0,No,0000000,Not Applicable,23,11:00pm-11:59pm,56,56,0,0:00am-0:59am,1,1,88,Not Applicable (Not Transported),88,Not Applicable (Not Transported),1
41,Oregon,410536,0,0,1,1,0,1,1,37,LAKE (37),0,NOT APPLICABLE,11,November,4,4,7,Saturday,2023,17,5:00pm-5:59pm,44,44,WEST SIDE RD,,0,Not Signed,1,Rural,5,Major Collector,2,County Highway Agency,0,This Section IS NOT on the NHS,0,No Special Jurisdiction,44,44,42.13528611,42.13528611,-120.455525,-120.455525,1,Rollover/Overturn,0,The First Harmful Event was Not a Collision with a Motor Vehicle in Transport,0,No,1,Non-Junction,1,Not an Intersection,4,On Roadside,0,,1,Daylight,1,Clear,0,No,0000000,Not Applicable,99,Unknown,99,Unknown,99,Unknown EMS Scene Arrival Hour,99,Unknown EMS Scene Arrival Minutes,88,Not Applicable (Not Transported),88,Not Applicable (Not Transported),1
41,Oregon,410537,0,0,1,1,0,2,2,65,WASCO (65),0,NOT APPLICABLE,11,November,22,22,4,Wednesday,2023,8,8:00am-8:59am,14,14,DUFUR VALLEY RD,,0,Not Signed,1,Rural,5,Major Collector,2,County Highway Agency,0,This Section IS NOT on the NHS,0,No Special Jurisdiction,47,47,45.43086389,45.43086389,-121.22485,-121.22485,16,Thrown or Falling Object,0,The First Harmful Event was Not a Collision with a Motor Vehicle in Transport,0,No,1,Non-Junction,1,Not an Intersection,1,On Roadway,0,,1,Daylight,1,Clear,0,No,0000000,Not Applicable,99,Unknown,99,Unknown,99,Unknown EMS Scene Arrival Hour,99,Unknown EMS Scene Arrival Minutes,99,Unknown,99,Unknown EMS Hospital Arrival Time,1
41,Oregon,410538,0,0,1,1,0,1,1,67,WASHINGTON (67),0,NOT APPLICABLE,12,December,18,18,2,Monday,2023,1,1:00am-1:59am,15,15,SR-10 SW FARMINGTON RD,,3,State Highway,2,Urban,4,Minor Arterial,2,County Highway Agency,0,This Section IS NOT on the NHS,0,No Special Jurisdiction,0,,45.46754167,45.46754167,-122.89103056,-122.89103056,25,Concrete Traffic Barrier,0,The First Harmful Event was Not a Collision with a Motor Vehicle in Transport,0,No,1,Non-Junction,1,Not an Intersection,3,On Median,0,,3,Dark - Lighted,10,Cloudy,0,No,0000000,Not Applicable,1,1:00am-1:59am,17,17,1,1:00am-1:59am,25,25,88,Not Applicable (Not Transported),88,Not Applicable (Not Transported),1
41,Oregon,410539,0,0,2,2,0,5,5,7,CLATSOP (7),80,ASTORIA,12,December,20,20,4,Wednesday,2023,11,11:00am-11:59am,13,13,US-101 ODOT 9,,2,U.S. Highway,2,Urban,3,Other Principal Arterial,1,State Highway Agency,1,This Section IS ON the NHS,0,No Special Jurisdiction,33,33,46.18856111,46.18856111,-123.84905833,-123.84905833,12,Motor Vehicle In-Transport,2,Front-to-Front,0,No,1,Non-Junction,1,Not an Intersection,1,On Roadway,0,,1,Daylight,5,"Fog, Smog, Smoke",0,No,0000000,Not Applicable,11,11:00am-11:59am,16,16,11,11:00am-11:59am,27,27,99,Unknown,99,Unknown EMS Hospital Arrival Time,1
41,Oregon,410540,1,1,1,1,0,1,1,51,MULTNOMAH (51),880,GRESHAM,11,November,24,24,6,Friday,2023,18,6:00pm-6:59pm,4,4,SE STARK ST,,0,Not Signed,2,Urban,4,Minor Arterial,4,City or Municipal Highway Agency,0,This Section IS NOT on the NHS,0,No Special Jurisdiction,0,,45.51919444,45.51919444,-122.46513889,-122.46513889,8,Pedestrian,0,The First Harmful Event was Not a Collision with a Motor Vehicle in Transport,0,No,1,Non-Junction,1,Not an Intersection,1,On Roadway,0,,3,Dark - Lighted,1,Clear,0,No,0000000,Not Applicable,18,6:00pm-6:59pm,4,4,18,6:00pm-6:59pm,11,11,18,6:00pm-6:59pm,42,42,1
41,Oregon,410541,0,0,1,1,0,2,2,51,MULTNOMAH (51),1650,PORTLAND,12,December,24,24,1,Sunday,2023,1,1:00am-1:59am,1,1,N COLUMBIA BLVD,N OREGONIAN AVE,0,Not Signed,2,Urban,3,Other Principal Arterial,4,City or Municipal Highway Agency,1,This Section IS ON the NHS,0,No Special Jurisdiction,0,,45.59528889,45.59528889,-122.73254167,-122.73254167,30,Utility Pole/Light Support,0,The First Harmful Event was Not a Collision with a Motor Vehicle in Transport,0,No,3,Intersection-Related,2,Four-Way Intersection,4,On Roadside,0,,3,Dark - Lighted,1,Clear,0,No,0000000,Not Applicable,99,Unknown,99,Unknown,99,Unknown EMS Scene Arrival Hour,99,Unknown EMS Scene Arrival Minutes,88,Not Applicable (Not Transported),88,Not Applicable (Not Transported),1
41,Oregon,410542,0,0,1,1,0,4,4,59,UMATILLA (59),2120,UMATILLA,12,December,24,24,1,Sunday,2023,6,6:00am-6:59am,37,37,I-82 ODOT 70,,1,Interstate,2,Urban,1,Interstate,1,State Highway Agency,1,This Section IS ON the NHS,0,No Special Jurisdiction,9,9,45.91905833,45.91905833,-119.32126944,-119.32126944,1,Rollover/Overturn,0,The First Harmful Event was Not a Collision with a Motor Vehicle in Transport,0,No,1,Non-Junction,1,Not an Intersection,3,On Median,0,,2,Dark - Not Lighted,1,Clear,0,No,0000000,Not Applicable,6,6:00am-6:59am,37,37,6,6:00am-6:59am,43,43,99,Unknown,99,Unknown EMS Hospital Arrival Time,1
41,Oregon,410543,1,1,1,1,0,1,1,51,MULTNOMAH (51),1650,PORTLAND,12,December,25,25,2,Monday,2023,0,0:00am-0:59am,19,19,SE STARK ST,SE 106TH AVE,0,Not Signed,2,Urban,4,Minor Arterial,4,City or Municipal Highway Agency,0,This Section IS NOT on the NHS,0,No Special Jurisdiction,0,,45.51903333,45.51903333,-122.55394444,-122.55394444,9,Pedalcyclist,0,The First Harmful Event was Not a Collision with a Motor Vehicle in Transport,0,No,3,Intersection-Related,2,Four-Way Intersection,1,On Roadway,0,,3,Dark - Lighted,2,Rain,0,No,0000000,Not Applicable,0,0:00am-0:59am,19,19,0,0:00am-0:59am,32,32,0,0:00am-0:59am,45,45,1
41,Oregon,410544,0,0,1,1,0,1,1,51,MULTNOMAH (51),1650,PORTLAND,12,December,25,25,2,Monday,2023,12,12:00pm-12:59pm,59,59,SR-99W ODOT 91,SW TAYLORS FERRY RD,3,State Highway,2,Urban,3,Other Principal Arterial,1,State Highway Agency,1,This Section IS ON the NHS,0,No Special Jurisdiction,60,60,45.45451944,45.45451944,-122.71856111,-122.71856111,42,Tree (Standing Only),0,The First Harmful Event was Not a Collision with a Motor Vehicle in Transport,0,No,3,Intersection-Related,2,Four-Way Intersection,4,On Roadside,0,,1,Daylight,2,Rain,0,No,0000000,Not Applicable,12,12:00pm-12:59pm,59,59,13,1:00pm-1:59pm,8,8,13,1:00pm-1:59pm,28,28,1
41,Oregon,410545,0,0,3,2,1,6,6,51,MULTNOMAH (51),1650,PORTLAND,12,December,25,25,2,Monday,2023,17,5:00pm-5:59pm,1,1,SE 122ND AVE,,0,Not Signed,2,Urban,4,Minor Arterial,4,City or Municipal Highway Agency,0,This Section IS NOT on the NHS,0,No Special Jurisdiction,0,,45.496675,45.496675,-122.53771667,-122.53771667,12,Motor Vehicle In-Transport,6,Angle,0,No,8,Driveway Access Related,1,Not an Intersection,1,On Roadway,0,,3,Dark - Lighted,2,Rain,0,No,0000000,Not Applicable,17,5:00pm-5:59pm,2,2,17,5:00pm-5:59pm,12,12,17,5:00pm-5:59pm,45,45,1
41,Oregon,410546,1,1,2,2,0,2,2,51,MULTNOMAH (51),1650,PORTLAND,12,December,26,26,3,Tuesday,2023,17,5:00pm-5:59pm,10,10,SE 122ND AVE,,0,Not Signed,2,Urban,4,Minor Arterial,4,City or Municipal Highway Agency,0,This Section IS NOT on the NHS,0,No Special Jurisdiction,0,,45.51269722,45.51269722,-122.53768889,-122.53768889,8,Pedestrian,0,The First Harmful Event was Not a Collision with a Motor Vehicle in Transport,0,No,1,Non-Junction,1,Not an Intersection,1,On Roadway,0,,3,Dark - Lighted,10,Cloudy,0,No,0000000,Not Applicable,99,Unknown,99,Unknown,99,Unknown EMS Scene Arrival Hour,99,Unknown EMS Scene Arrival Minutes,88,Not Applicable (Not Transported),88,Not Applicable (Not Transported),1
41,Oregon,410547,1,1,1,1,0,2,2,7,CLATSOP (7),80,ASTORIA,12,December,29,29,6,Friday,2023,11,11:00am-11:59am,49,49,US-30 ODOT 92,17TH ST,2,U.S. Highway,2,Urban,3,Other Principal Arterial,1,State Highway Agency,1,This Section IS ON the NHS,0,No Special Jurisdiction,978,978,46.18918889,46.18918889,-123.82434167,-123.82434167,8,Pedestrian,0,The First Harmful Event was Not a Collision with a Motor Vehicle in Transport,0,No,3,Intersection-Related,2,Four-Way Intersection,1,On Roadway,0,,1,Daylight,1,Clear,0,No,0000000,Not Applicable,11,11:00am-11:59am,49,49,11,11:00am-11:59am,52,52,88,Not Applicable (Not Transported),88,Not Applicable (Not Transported),1
41,Oregon,410548,1,1,1,1,0,1,1,51,MULTNOMAH (51),880,GRESHAM,12,December,29,29,6,Friday,2023,17,5:00pm-5:59pm,18,18,SE 182ND AVE,,0,Not Signed,2,Urban,3,Other Principal Arterial,4,City or Municipal Highway Agency,1,This Section IS ON the NHS,0,No Special Jurisdiction,0,,45.50832222,45.50832222,-122.47574722,-122.47574722,8,Pedestrian,0,The First Harmful Event was Not a Collision with a Motor Vehicle in Transport,0,No,1,Non-Junction,1,Not an Intersection,1,On Roadway,0,,3,Dark - Lighted,2,Rain,0,No,0000000,Not Applicable,17,5:00pm-5:59pm,18,18,17,5:00pm-5:59pm,24,24,88,Not Applicable (Not Transported),88,Not Applicable (Not Transported),1
41,Oregon,410549,0,0,3,3,0,5,5,5,CLACKAMAS (5),1360,MILWAUKIE,12,December,30,30,7,Saturday,2023,19,7:00pm-7:59pm,48,48,SR-224 ODOT 171,SE FREEMAN WY,3,State Highway,2,Urban,2,Other Freeways and Expressways,1,State Highway Agency,1,This Section IS ON the NHS,0,No Special Jurisdiction,18,18,45.43413889,45.43413889,-122.6158,-122.6158,12,Motor Vehicle In-Transport,6,Angle,0,No,2,Intersection,2,Four-Way Intersection,1,On Roadway,0,,3,Dark - Lighted,1,Clear,0,No,0000000,Not Applicable,18,6:00pm-6:59pm,48,48,18,6:00pm-6:59pm,51,51,99,Unknown,99,Unknown EMS Hospital Arrival Time,2
41,Oregon,410550,0,0,2,2,0,3,3,51,MULTNOMAH (51),1650,PORTLAND,12,December,31,31,1,Sunday,2023,14,2:00pm-2:59pm,48,48,SE 122ND AVE,,0,Not Signed,2,Urban,4,Minor Arterial,4,City or Municipal Highway Agency,0,This Section IS NOT on the NHS,0,No Special Jurisdiction,0,,45.51951389,45.51951389,-122.53774444,-122.53774444,12,Motor Vehicle In-Transport,6,Angle,8,Not Reported,8,Driveway Access Related,1,Not an Intersection,1,On Roadway,0,,1,Daylight,1,Clear,0,No,0000000,Not Applicable,99,Unknown,99,Unknown,99,Unknown EMS Scene Arrival Hour,99,Unknown EMS Scene Arrival Minutes,99,Unknown,99,Unknown EMS Hospital Arrival Time,1
41,Oregon,410551,1,1,1,1,0,1,1,51,MULTNOMAH (51),1650,PORTLAND,12,December,25,25,2,Monday,2023,17,5:00pm-5:59pm,3,3,SE 122ND AVE,SE ASH ST,0,Not Signed,2,Urban,4,Minor Arterial,4,City or Municipal Highway Agency,0,This Section IS NOT on the NHS,0,No Special Jurisdiction,0,,45.52131667,45.52131667,-122.53774444,-122.53774444,8,Pedestrian,0,The First Harmful Event was Not a Collision with a Motor Vehicle in Transport,0,No,3,Intersection-Related,2,Four-Way Intersection,1,On Roadway,0,,3,Dark - Lighted,2,Rain,0,No,0000000,Not Applicable,17,5:00pm-5:59pm,3,3,17,5:00pm-5:59pm,7,7,17,5:00pm-5:59pm,38,38,1
41,Oregon,410552,1,1,1,1,0,1,1,51,MULTNOMAH (51),1650,PORTLAND,12,December,4,4,2,Monday,2023,2,2:00am-2:59am,30,30,I-84 RAMP,,1,Interstate,2,Urban,1,Interstate,1,State Highway Agency,1,This Section IS ON the NHS,0,No Special Jurisdiction,0,,45.52829167,45.52829167,-122.66547778,-122.66547778,8,Pedestrian,0,The First Harmful Event was Not a Collision with a Motor Vehicle in Transport,1,Yes,20,Entrance/Exit Ramp,1,Not an Intersection,1,On Roadway,0,,3,Dark - Lighted,2,Rain,0,No,0000000,Not Applicable,2,2:00am-2:59am,30,30,2,2:00am-2:59am,37,37,3,3:00am-3:59am,6,6,1
41,Oregon,410553,0,0,2,2,0,3,3,67,WASHINGTON (67),0,NOT APPLICABLE,12,December,20,20,4,Wednesday,2023,20,8:00pm-8:59pm,51,51,NW 185TH AVE,NW ADRIAN ST,0,Not Signed,2,Urban,4,Minor Arterial,2,County Highway Agency,0,This Section IS NOT on the NHS,0,No Special Jurisdiction,0,,45.55329167,45.55329167,-122.86769444,-122.86769444,12,Motor Vehicle In-Transport,6,Angle,0,No,2,Intersection,3,T-Intersection,1,On Roadway,0,,3,Dark - Lighted,5,"Fog, Smog, Smoke",0,No,0000000,Not Applicable,22,10:00pm-10:59pm,51,51,23,11:00pm-11:59pm,2,2,23,11:00pm-11:59pm,36,36,1
41,Oregon,410554,0,0,1,1,0,1,1,49,MORROW (49),0,NOT APPLICABLE,10,October,23,23,2,Monday,2023,0,0:00am-0:59am,30,30,US-730 ODOT 2,,2,U.S. Highway,1,Rural,3,Other Principal Arterial,1,State Highway Agency,1,This Section IS ON the NHS,0,No Special Jurisdiction,1736,1736,45.88229722,45.88229722,-119.52869444,-119.52869444,1,Rollover/Overturn,0,The First Harmful Event was Not a Collision with a Motor Vehicle in Transport,0,No,1,Non-Junction,1,Not an Intersection,1,On Roadway,0,,2,Dark - Not Lighted,1,Clear,0,No,0000000,Not Applicable,0,0:00am-0:59am,34,34,0,0:00am-0:59am,37,37,99,Unknown,99,Unknown EMS Hospital Arrival Time,1
41,Oregon,410555,1,1,1,1,0,5,5,35,KLAMATH (35),1170,KLAMATH FALLS,11,November,22,22,4,Wednesday,2023,18,6:00pm-6:59pm,15,15,WASHBURN WY,,0,Not Signed,2,Urban,4,Minor Arterial,4,City or Municipal Highway Agency,0,This Section IS NOT on the NHS,0,No Special Jurisdiction,0,,42.21001944,42.21001944,-121.75709722,-121.75709722,8,Pedestrian,0,The First Harmful Event was Not a Collision with a Motor Vehicle in Transport,0,No,1,Non-Junction,1,Not an Intersection,1,On Roadway,0,,3,Dark - Lighted,2,Rain,0,No,0000000,Not Applicable,18,6:00pm-6:59pm,15,15,18,6:00pm-6:59pm,18,18,88,Not Applicable (Not Transported),88,Not Applicable (Not Transported),1
41,Oregon,410556,0,0,1,1,0,3,3,19,DOUGLAS (19),1780,ROSEBURG,11,November,5,5,1,Sunday,2023,18,6:00pm-6:59pm,16,16,STEWART PARK DR,HARVARD AVE,0,Not Signed,2,Urban,4,Minor Arterial,4,City or Municipal Highway Agency,0,This Section IS NOT on the NHS,0,No Special Jurisdiction,0,,43.21404444,43.21404444,-123.36555556,-123.36555556,6,Injured In Vehicle (Non-Collision),0,The First Harmful Event was Not a Collision with a Motor Vehicle in Transport,0,No,3,Intersection-Related,3,T-Intersection,1,On Roadway,0,,1,Daylight,10,Cloudy,0,No,0000000,Not Applicable,18,6:00pm-6:59pm,16,16,18,6:00pm-6:59pm,17,17,18,6:00pm-6:59pm,49,49,1
41,Oregon,410557,0,0,1,1,0,1,1,71,YAMHILL (71),0,NOT APPLICABLE,12,December,26,26,3,Tuesday,2023,17,5:00pm-5:59pm,7,7,NE NORTH VALLEY RD,,0,Not Signed,1,Rural,5,Major Collector,2,County Highway Agency,0,This Section IS NOT on the NHS,0,No Special Jurisdiction,24,24,45.32927222,45.32927222,-123.03136111,-123.03136111,42,Tree (Standing Only),0,The First Harmful Event was Not a Collision with a Motor Vehicle in Transport,0,No,1,Non-Junction,1,Not an Intersection,4,On Roadside,0,,8,Not Reported,98,Not Reported,0,No,0000000,Not Applicable,99,Unknown,99,Unknown,99,Unknown EMS Scene Arrival Hour,99,Unknown EMS Scene Arrival Minutes,88,Not Applicable (Not Transported),88,Not Applicable (Not Transported),1
41,Oregon,410558,0,0,2,2,0,3,3,35,KLAMATH (35),0,NOT APPLICABLE,12,December,24,24,1,Sunday,2023,16,4:00pm-4:59pm,5,5,SUMMERS LN,ANDERSON AVE,0,Not Signed,2,Urban,5,Major Collector,2,County Highway Agency,0,This Section IS NOT on the NHS,0,No Special Jurisdiction,5,5,42.18104722,42.18104722,-121.73765,-121.73765,12,Motor Vehicle In-Transport,6,Angle,0,No,2,Intersection,2,Four-Way Intersection,1,On Roadway,0,,1,Daylight,1,Clear,0,No,0000000,Not Applicable,16,4:00pm-4:59pm,5,5,16,4:00pm-4:59pm,26,26,16,4:00pm-4:59pm,43,43,1
41,Oregon,410559,0,0,3,3,0,9,9,59,UMATILLA (59),0,NOT APPLICABLE,12,December,25,25,2,Monday,2023,17,5:00pm-5:59pm,3,3,UMATILLA RIVER RD,,0,Not Signed,1,Rural,5,Major Collector,2,County Highway Agency,0,This Section IS NOT on the NHS,0,No Special Jurisdiction,28,28,45.86506389,45.86506389,-119.31436389,-119.31436389,12,Motor Vehicle In-Transport,2,Front-to-Front,0,No,1,Non-Junction,1,Not an Intersection,1,On Roadway,0,,2,Dark - Not Lighted,2,Rain,0,No,0000000,Not Applicable,17,5:00pm-5:59pm,4,4,17,5:00pm-5:59pm,9,9,17,5:00pm-5:59pm,32,32,1
41,Oregon,410560,0,0,2,2,0,2,2,35,KLAMATH (35),0,NOT APPLICABLE,12,December,26,26,3,Tuesday,2023,4,4:00am-4:59am,5,5,SPRAGUE RIVER RD,,0,Not Signed,1,Rural,5,Major Collector,2,County Highway Agency,0,This Section IS NOT on the NHS,0,No Special Jurisdiction,313,313,42.60194722,42.60194722,-121.81400556,-121.81400556,12,Motor Vehicle In-Transport,2,Front-to-Front,0,No,1,Non-Junction,1,Not an Intersection,1,On Roadway,0,,2,Dark - Not Lighted,5,"Fog, Smog, Smoke",0,No,0000000,Not Applicable,4,4:00am-4:59am,5,5,4,4:00am-4:59am,23,23,5,5:00am-5:59am,19,19,1
41,Oregon,410561,0,0,2,2,0,2,2,3,BENTON (3),0,NOT APPLICABLE,12,December,27,27,4,Wednesday,2023,21,9:00pm-9:59pm,15,15,SR-99W ODOT 91,NE ELLIOTT CIR,3,State Highway,2,Urban,3,Other Principal Arterial,1,State Highway Agency,1,This Section IS ON the NHS,0,No Special Jurisdiction,797,797,44.61695,44.61695,-123.24401111,-123.24401111,12,Motor Vehicle In-Transport,6,Angle,0,No,2,Intersection,3,T-Intersection,1,On Roadway,0,,3,Dark - Lighted,2,Rain,0,No,0000000,Not Applicable,21,9:00pm-9:59pm,15,15,21,9:00pm-9:59pm,22,22,21,9:00pm-9:59pm,52,52,1
41,Oregon,410562,0,0,2,2,0,2,2,9,COLUMBIA (9),0,NOT APPLICABLE,8,August,21,21,2,Monday,2023,16,4:00pm-4:59pm,34,34,US-30 ODOT 92,,2,U.S. Highway,1,Rural,3,Other Principal Arterial,1,State Highway Agency,1,This Section IS ON the NHS,0,No Special Jurisdiction,636,636,46.12141111,46.12141111,-123.24032222,-123.24032222,12,Motor Vehicle In-Transport,2,Front-to-Front,0,No,1,Non-Junction,1,Not an Intersection,1,On Roadway,1,Construction,1,Daylight,1,Clear,0,No,0000000,Not Applicable,16,4:00pm-4:59pm,34,34,16,4:00pm-4:59pm,39,39,99,Unknown,99,Unknown EMS Hospital Arrival Time,1
41,Oregon,410564,0,0,1,1,0,1,1,17,DESCHUTES (17),190,BEND,8,August,11,11,6,Friday,2023,22,10:00pm-10:59pm,29,29,BROSTERHOUS RD,,0,Not Signed,2,Urban,5,Major Collector,4,City or Municipal Highway Agency,0,This Section IS NOT on the NHS,0,No Special Jurisdiction,0,,44.02974444,44.02974444,-121.30118333,-121.30118333,99,Reported as Unknown,99,Reported as Unknown,0,No,99,Reported as Unknown,99,Reported as Unknown,99,Reported as Unknown,0,,3,Dark - Lighted,1,Clear,0,No,0000000,Not Applicable,99,Unknown,99,Unknown,99,Unknown EMS Scene Arrival Hour,99,Unknown EMS Scene Arrival Minutes,99,Unknown,99,Unknown EMS Hospital Arrival Time,1
41,Oregon,410565,1,1,1,1,0,1,1,5,CLACKAMAS (5),260,CANBY,9,September,9,9,7,Saturday,2023,20,8:00pm-8:59pm,53,53,SR-99E ODOT 81,,3,State Highway,2,Urban,3,Other Principal Arterial,1,State Highway Agency,0,This Section IS NOT on the NHS,0,No Special Jurisdiction,210,210,45.26270278,45.26270278,-122.69108889,-122.69108889,8,Pedestrian,0,The First Harmful Event was Not a Collision with a Motor Vehicle in Transport,0,No,1,Non-Junction,1,Not an Intersection,1,On Roadway,0,,3,Dark - Lighted,1,Clear,0,No,0000000,Not Applicable,20,8:00pm-8:59pm,55,55,20,8:00pm-8:59pm,59,59,21,9:00pm-9:59pm,32,32,1
41,Oregon,410566,0,0,1,1,0,2,2,35,KLAMATH (35),0,NOT APPLICABLE,10,October,13,13,6,Friday,2023,16,4:00pm-4:59pm,29,29,TEAL DR,,0,Not Signed,1,Rural,7,Local,2,County Highway Agency,0,This Section IS NOT on the NHS,0,No Special Jurisdiction,24,24,42.27643889,42.27643889,-121.40441944,-121.40441944,1,Rollover/Overturn,0,The First Harmful Event was Not a Collision with a Motor Vehicle in Transport,0,No,1,Non-Junction,1,Not an Intersection,4,On Roadside,0,,1,Daylight,10,Cloudy,0,No,0000000,Not Applicable,99,Unknown,99,Unknown,99,Unknown EMS Scene Arrival Hour,99,Unknown EMS Scene Arrival Minutes,99,Unknown,99,Unknown EMS Hospital Arrival Time,1
41,Oregon,410568,1,1,1,1,0,1,1,25,HARNEY (25),240,BURNS,10,October,28,28,7,Saturday,2023,99,Unknown Hours,99,Unknown Minutes,HINES BLVD,N SAGINAW AVE,0,Not Signed,1,Rural,7,Local,4,City or Municipal Highway Agency,0,This Section IS NOT on the NHS,0,No Special Jurisdiction,0,,43.57788333,43.57788333,-119.07558333,-119.07558333,9,Pedalcyclist,0,The First Harmful Event was Not a Collision with a Motor Vehicle in Transport,0,No,3,Intersection-Related,98,Not Reported,98,Not Reported,0,,8,Not Reported,98,Not Reported,0,No,0000000,Not Applicable,99,Unknown,99,Unknown,99,Unknown EMS Scene Arrival Hour,99,Unknown EMS Scene Arrival Minutes,88,Not Applicable (Not Transported),88,Not Applicable (Not Transported),1
41,Oregon,410569,0,0,1,1,0,1,1,65,WASCO (65),0,NOT APPLICABLE,11,November,6,6,2,Monday,2023,18,6:00pm-6:59pm,59,59,USFS 48,,0,Not Signed,1,Rural,5,Major Collector,64,U.S. Forest Service,0,This Section IS NOT on the NHS,0,No Special Jurisdiction,0,,45.19220278,45.19220278,-121.46194167,-121.46194167,1,Rollover/Overturn,0,The First Harmful Event was Not a Collision with a Motor Vehicle in Transport,0,No,1,Non-Junction,1,Not an Intersection,1,On Roadway,0,,8,Not Reported,98,Not Reported,0,No,0000000,Not Applicable,99,Unknown,99,Unknown,99,Unknown EMS Scene Arrival Hour,99,Unknown EMS Scene Arrival Minutes,88,Not Applicable (Not Transported),88,Not Applicable (Not Transported),1
41,Oregon,410570,0,0,1,1,0,1,1,35,KLAMATH (35),1170,KLAMATH FALLS,11,November,14,14,3,Tuesday,2023,13,1:00pm-1:59pm,50,50,QUARRY ST,,0,Not Signed,2,Urban,7,Local,4,City or Municipal Highway Agency,0,This Section IS NOT on the NHS,0,No Special Jurisdiction,0,,42.25206944,42.25206944,-121.79727222,-121.79727222,99,Reported as Unknown,98,Not Reported,0,No,98,Not Reported,1,Not an Intersection,98,Not Reported,0,,1,Daylight,98,Not Reported,0,No,0000000,Not Applicable,13,1:00pm-1:59pm,50,50,13,1:00pm-1:59pm,52,52,14,2:00pm-2:59pm,7,7,1
41,Oregon,410571,0,0,1,1,0,1,1,7,CLATSOP (7),0,NOT APPLICABLE,12,December,1,1,6,Friday,2023,99,Unknown Hours,99,Unknown Minutes,LOWER NEHALEM RD,,0,Not Signed,1,Rural,5,Major Collector,2,County Highway Agency,0,This Section IS NOT on the NHS,0,No Special Jurisdiction,80,80,45.795175,45.795175,-123.646,-123.646,3,Immersion or Partial Immersion,0,The First Harmful Event was Not a Collision with a Motor Vehicle in Transport,0,No,1,Non-Junction,1,Not an Intersection,4,On Roadside,0,,8,Not Reported,98,Not Reported,0,No,0000000,Not Applicable,88,Not Applicable (Not Notified),88,Not Applicable (Not Notified),88,Not Applicable,88,Not Applicable,88,Not Applicable (Not Transported),88,Not Applicable (Not Transported),1
41,Oregon,410572,0,0,1,1,0,1,1,71,YAMHILL (71),0,NOT APPLICABLE,12,December,2,2,7,Saturday,2023,14,2:00pm-2:59pm,29,29,SR-99 ODOT 91,,3,State Highway,2,Urban,3,Other Principal Arterial,1,State Highway Agency,1,This Section IS ON the NHS,0,No Special Jurisdiction,254,254,45.28441389,45.28441389,-123.00531667,-123.00531667,42,Tree (Standing Only),0,The First Harmful Event was Not a Collision with a Motor Vehicle in Transport,0,No,1,Non-Junction,1,Not an Intersection,4,On Roadside,0,,1,Daylight,10,Cloudy,0,No,0000000,Not Applicable,14,2:00pm-2:59pm,34,34,14,2:00pm-2:59pm,34,34,99,Unknown,99,Unknown EMS Hospital Arrival Time,1
41,Oregon,410573,1,1,2,2,0,3,3,59,UMATILLA (59),0,NOT APPLICABLE,12,December,8,8,6,Friday,2023,20,8:00pm-8:59pm,18,18,US-395 ODOT 54,,2,U.S. Highway,2,Urban,3,Other Principal Arterial,1,State Highway Agency,1,This Section IS ON the NHS,0,No Special Jurisdiction,34,34,45.87005556,45.87005556,-119.29276389,-119.29276389,8,Pedestrian,0,The First Harmful Event was Not a Collision with a Motor Vehicle in Transport,0,No,1,Non-Junction,1,Not an Intersection,1,On Roadway,0,,2,Dark - Not Lighted,1,Clear,0,No,0000000,Not Applicable,20,8:00pm-8:59pm,18,18,20,8:00pm-8:59pm,26,26,99,Unknown,99,Unknown EMS Hospital Arrival Time,1
41,Oregon,410575,0,0,2,2,0,2,2,9,COLUMBIA (9),0,NOT APPLICABLE,12,December,14,14,5,Thursday,2023,15,3:00pm-3:59pm,57,57,SCAPPOOSE VERONIA HWY,,0,Not Signed,1,Rural,4,Minor Arterial,2,County Highway Agency,0,This Section IS NOT on the NHS,0,No Special Jurisdiction,4,4,45.82521389,45.82521389,-122.96663889,-122.96663889,12,Motor Vehicle In-Transport,7,Sideswipe - Same Direction,0,No,8,Driveway Access Related,1,Not an Intersection,1,On Roadway,0,,1,Daylight,10,Cloudy,0,No,0000000,Not Applicable,15,3:00pm-3:59pm,57,57,16,4:00pm-4:59pm,8,8,88,Not Applicable (Not Transported),88,Not Applicable (Not Transported),1
41,Oregon,410576,1,1,1,1,0,1,1,59,UMATILLA (59),0,NOT APPLICABLE,12,December,18,18,2,Monday,2023,13,1:00pm-1:59pm,37,37,UMATILLA RIVER RD,,0,Not Signed,1,Rural,5,Major Collector,2,County Highway Agency,0,This Section IS NOT on the NHS,0,No Special Jurisdiction,19,19,45.87750556,45.87750556,-119.319525,-119.319525,8,Pedestrian,0,The First Harmful Event was Not a Collision with a Motor Vehicle in Transport,0,No,1,Non-Junction,1,Not an Intersection,1,On Roadway,0,,1,Daylight,1,Clear,0,No,0000000,Not Applicable,99,Unknown,99,Unknown,99,Unknown EMS Scene Arrival Hour,99,Unknown EMS Scene Arrival Minutes,88,Not Applicable (Not Transported),88,Not Applicable (Not Transported),1
41,Oregon,410578,0,0,1,1,0,1,1,57,TILLAMOOK (57),0,NOT APPLICABLE,11,November,29,29,4,Wednesday,2023,7,7:00am-7:59am,25,25,KILCHIS LOOKOUT RD,,0,Not Signed,1,Rural,7,Local,2,County Highway Agency,0,This Section IS NOT on the NHS,0,No Special Jurisdiction,0,,45.561075,45.561075,-123.65364167,-123.65364167,35,Embankment,0,The First Harmful Event was Not a Collision with a Motor Vehicle in Transport,0,No,1,Non-Junction,1,Not an Intersection,4,On Roadside,0,,1,Daylight,98,Not Reported,0,No,0000000,Not Applicable,99,Unknown,99,Unknown,99,Unknown EMS Scene Arrival Hour,99,Unknown EMS Scene Arrival Minutes,88,Not Applicable (Not Transported),88,Not Applicable (Not Transported),1
41,Oregon,410580,0,0,1,1,0,1,1,35,KLAMATH (35),0,NOT APPLICABLE,12,December,11,11,2,Monday,2023,16,4:00pm-4:59pm,49,49,LOWER KLAMATH LAKE RD,,0,Not Signed,1,Rural,5,Major Collector,2,County Highway Agency,0,This Section IS NOT on the NHS,0,No Special Jurisdiction,30,30,42.07386667,42.07386667,-121.77699444,-121.77699444,17,Boulder,0,The First Harmful Event was Not a Collision with a Motor Vehicle in Transport,0,No,1,Non-Junction,1,Not an Intersection,4,On Roadside,0,,5,Dusk,10,Cloudy,0,No,0000000,Not Applicable,16,4:00pm-4:59pm,49,49,17,5:00pm-5:59pm,0,0,88,Not Applicable (Not Transported),88,Not Applicable (Not Transported),1
41,Oregon,410581,0,0,1,1,0,1,1,9,COLUMBIA (9),0,NOT APPLICABLE,11,November,3,3,6,Friday,2023,16,4:00pm-4:59pm,2,2,SHEPARD RD,,0,Not Signed,1,Rural,7,Local,2,County Highway Agency,0,This Section IS NOT on the NHS,0,No Special Jurisdiction,9,9,46.12111389,46.12111389,-123.14559722,-123.14559722,17,Boulder,0,The First Harmful Event was Not a Collision with a Motor Vehicle in Transport,0,No,1,Non-Junction,1,Not an Intersection,4,On Roadside,0,,8,Not Reported,98,Not Reported,0,No,0000000,Not Applicable,99,Unknown,99,Unknown,99,Unknown EMS Scene Arrival Hour,99,Unknown EMS Scene Arrival Minutes,88,Not Applicable (Not Transported),88,Not Applicable (Not Transported),1
41,Oregon,410582,0,0,1,1,0,1,1,35,KLAMATH (35),0,NOT APPLICABLE,10,October,20,20,6,Friday,2023,15,3:00pm-3:59pm,30,30,LOWER KLAMATH LAKE RD,,0,Not Signed,1,Rural,5,Major Collector,2,County Highway Agency,0,This Section IS NOT on the NHS,0,No Special Jurisdiction,98,98,42.00970556,42.00970556,-121.67793333,-121.67793333,1,Rollover/Overturn,0,The First Harmful Event was Not a Collision with a Motor Vehicle in Transport,0,No,1,Non-Junction,1,Not an Intersection,4,On Roadside,0,,1,Daylight,1,Clear,0,No,0000000,Not Applicable,99,Unknown,99,Unknown,99,Unknown EMS Scene Arrival Hour,99,Unknown EMS Scene Arrival Minutes,99,Unknown,99,Unknown EMS Hospital Arrival Time,1
