STATE,STATENAME,ST_CASE,VE_TOTAL,VE_FORMS,PVH_INVL,PEDS,PERSONS,PERMVIT,PERNOTMVIT,COUNTY,COUNTYNAME,CITY,CITYNAME,DAY,DAYNAME,MONTH,MONTHNAME,YEAR,DAY_WEEK,DAY_WEEKNAME,HOUR,HOURNAME,MINUTE,MINUTENAME,NHS,NHSNAME,ROUTE,ROUTENAME,TWAY_ID,TWAY_ID2,RUR_URB,RUR_URBNAME,FUNC_SYS,FUNC_SYSNAME,RD_OWNER,RD_OWNERNAME,MILEPT,MILEPTNAME,LATITUDE,LATITUDENAME,LONGITUD,LONGITUDNAME,SP_JUR,SP_JURNAME,HARM_EV,HARM_EVNAME,MAN_COLL,MAN_COLLNAME,RELJCT1,RELJCT1NAME,RELJCT2,RELJCT2NAME,TYP_INT,TYP_INTNAME,WRK_ZONE,WRK_ZONENAME,REL_ROAD,REL_ROADNAME,LGT_COND,LGT_CONDNAME,WEATHER1,WEATHER1NAME,WEATHER2,WEATHER2NAME,WEATHER,WEATHERNAME,SCH_BUS,SCH_BUSNAME,RAIL,RAILNAME,NOT_HOUR,NOT_HOURNAME,NOT_MIN,NOT_MINNAME,ARR_HOUR,ARR_HOURNAME,ARR_MIN,ARR_MINNAME,HOSP_HR,HOSP_HRNAME,HOSP_MN,HOSP_MNNAME,CF1,CF1NAME,CF2,CF2NAME,CF3,CF3NAME,FATALS,DRUNK_DR
41,Oregon,410001,1,1,0,0,1,1,0,5,CLACKAMAS (5),0,NOT APPLICABLE,25,25,1,January,2019,6,Friday,7,7:00am-7:59am,36,36,0,This section IS NOT on the NHS,4,County Road,CR-SE ORIENT DR,CR-REVENUE RD,1,Rural,4,Minor Arterial,2,County Highway Agency,23,23,45.43460278,45.43460278,-122.3316056,-122.33160556,0,No Special Jurisdiction,1,Rollover/Overturn,0,The First Harmful Event was Not a Collision with a Motor Vehicle in Transport,0,No,3,Intersection-Related,3,T-Intersection,0,,4,On Roadside,1,Daylight,10,Cloudy,0,No Additional Atmospheric Conditions,10,Cloudy,0,No,0000000,Not Applicable,99,Unknown,99,Unknown,99,Unknown EMS Scene Arrival Hour,99,Unknown EMS Scene Arrival Minutes,88,Not Applicable (Not Transported),88,Not Applicable (Not Transported),0,,0,,0,,1,1
41,Oregon,410002,1,1,0,0,1,1,0,53,POLK (53),0,NOT APPLICABLE,2,2,2,February,2019,7,Saturday,13,1:00pm-1:59pm,0,0,1,This section IS ON the NHS,3,State Highway,SR-22 ODOT 30,,1,Rural,3,Principal Arterial - Other,1,State Highway Agency,183,183,44.93351944,44.93351944,-123.1809472,-123.18094722,0,No Special Jurisdiction,20,Impact Attenuator/Crash Cushion,0,The First Harmful Event was Not a Collision with a Motor Vehicle in Transport,0,No,1,Non-Junction,1,Not an Intersection,0,,3,On Median,1,Daylight,10,Cloudy,0,No Additional Atmospheric Conditions,10,Cloudy,0,No,0000000,Not Applicable,13,1:00pm-1:59pm,0,0,13,1:00pm-1:59pm,8,8,88,Not Applicable (Not Transported),88,Not Applicable (Not Transported),0,,0,,0,,1,0
41,Oregon,410003,2,2,0,0,2,2,0,5,CLACKAMAS (5),0,NOT APPLICABLE,11,11,2,February,2019,2,Monday,9,9:00am-9:59am,40,40,0,This section IS NOT on the NHS,3,State Highway,SR-224 ODOT 171,,2,Urban,4,Minor Arterial,1,State Highway Agency,101,101,45.39551111,45.39551111,-122.4821056,-122.48210556,0,No Special Jurisdiction,12,Motor Vehicle In-Transport,6,Angle,0,No,1,Non-Junction,1,Not an Intersection,0,,1,On Roadway,1,Daylight,2,Rain,0,No Additional Atmospheric Conditions,2,Rain,0,No,0000000,Not Applicable,9,9:00am-9:59am,41,41,9,9:00am-9:59am,46,46,99,Unknown,99,Unknown EMS Hospital Arrival Time,0,,0,,0,,1,1
41,Oregon,410004,1,1,0,0,1,1,0,3,BENTON (3),0,NOT APPLICABLE,11,11,2,February,2019,2,Monday,13,1:00pm-1:59pm,19,19,0,This section IS NOT on the NHS,4,County Road,CR-SOUTH FORK RD,,1,Rural,5,Major Collector,2,County Highway Agency,17,17,44.35008889,44.35008889,-123.5796694,-123.57966944,0,No Special Jurisdiction,17,Boulder,0,The First Harmful Event was Not a Collision with a Motor Vehicle in Transport,0,No,1,Non-Junction,1,Not an Intersection,0,,4,On Roadside,1,Daylight,2,Rain,0,No Additional Atmospheric Conditions,2,Rain,0,No,0000000,Not Applicable,13,1:00pm-1:59pm,19,19,13,1:00pm-1:59pm,29,29,88,Not Applicable (Not Transported),88,Not Applicable (Not Transported),0,,0,,0,,1,0
41,Oregon,410005,1,1,0,1,1,1,1,51,MULTNOMAH (51),1650,PORTLAND,1,1,3,March,2019,6,Friday,7,7:00am-7:59am,30,30,0,This section IS NOT on the NHS,6,Local Street - Municipality,SE HOLGATE BLVD,SE 92ND AVE,2,Urban,5,Major Collector,4,City or Municipal Highway Agency,0,,45.49003889,45.49003889,-122.5685528,-122.56855278,0,No Special Jurisdiction,8,Pedestrian,0,The First Harmful Event was Not a Collision with a Motor Vehicle in Transport,0,No,3,Intersection-Related,2,Four-Way Intersection,0,,1,On Roadway,1,Daylight,10,Cloudy,0,No Additional Atmospheric Conditions,10,Cloudy,0,No,0000000,Not Applicable,7,7:00am-7:59am,30,30,7,7:00am-7:59am,35,35,8,8:00am-8:59am,9,9,0,,0,,0,,1,0
41,Oregon,410006,2,2,0,0,2,2,0,17,DESCHUTES (17),0,NOT APPLICABLE,7,7,2,February,2019,5,Thursday,11,11:00am-11:59am,39,39,1,This section IS ON the NHS,2,U.S. Highway,US-97 ODOT 4,,2,Urban,3,Principal Arterial - Other,1,State Highway Agency,1335,1335,44.14386111,44.14386111,-121.2702639,-121.27026389,0,No Special Jurisdiction,12,Motor Vehicle In-Transport,1,Front-to-Rear,0,No,1,Non-Junction,1,Not an Intersection,0,,1,On Roadway,1,Daylight,1,Clear,0,No Additional Atmospheric Conditions,1,Clear,0,No,0000000,Not Applicable,11,11:00am-11:59am,39,39,11,11:00am-11:59am,43,43,99,Unknown,99,Unknown EMS Hospital Arrival Time,0,,0,,0,,1,0
41,Oregon,410007,2,2,0,0,3,3,0,41,LINCOLN (41),0,NOT APPLICABLE,10,10,1,January,2019,5,Thursday,20,8:00pm-8:59pm,49,49,1,This section IS ON the NHS,2,U.S. Highway,US-101 ODOT 9,,1,Rural,3,Principal Arterial - Other,1,State Highway Agency,1521,1521,44.47834444,44.47834444,-124.0794056,-124.07940556,0,No Special Jurisdiction,12,Motor Vehicle In-Transport,2,Front-to-Front,0,No,1,Non-Junction,1,Not an Intersection,0,,1,On Roadway,2,Dark - Not Lighted,1,Clear,0,No Additional Atmospheric Conditions,1,Clear,0,No,0000000,Not Applicable,20,8:00pm-8:59pm,51,51,20,8:00pm-8:59pm,51,51,99,Unknown,99,Unknown EMS Hospital Arrival Time,0,,0,,0,,1,0
41,Oregon,410008,1,1,0,0,1,1,0,33,JOSEPHINE (33),0,NOT APPLICABLE,12,12,1,January,2019,7,Saturday,2,2:00am-2:59am,34,34,0,This section IS NOT on the NHS,4,County Road,CR-ROUGE RIVER LP,,1,Rural,5,Major Collector,2,County Highway Agency,0,,42.47913611,42.47913611,-123.4757083,-123.47570833,0,No Special Jurisdiction,42,Tree (Standing Only),0,The First Harmful Event was Not a Collision with a Motor Vehicle in Transport,0,No,1,Non-Junction,1,Not an Intersection,0,,4,On Roadside,2,Dark - Not Lighted,10,Cloudy,0,No Additional Atmospheric Conditions,10,Cloudy,0,No,0000000,Not Applicable,2,2:00am-2:59am,34,34,2,2:00am-2:59am,48,48,88,Not Applicable (Not Transported),88,Not Applicable (Not Transported),0,,0,,0,,1,1
41,Oregon,410009,2,2,0,0,3,3,0,17,DESCHUTES (17),0,NOT APPLICABLE,18,18,1,January,2019,6,Friday,15,3:00pm-3:59pm,5,5,1,This section IS ON the NHS,2,U.S. Highway,US-97 ODOT 4,,1,Rural,3,Principal Arterial - Other,1,State Highway Agency,1585,1585,43.79609722,43.79609722,-121.4425528,-121.44255278,0,No Special Jurisdiction,12,Motor Vehicle In-Transport,6,Angle,0,No,1,Non-Junction,1,Not an Intersection,0,,1,On Roadway,1,Daylight,4,Snow,0,No Additional Atmospheric Conditions,4,Snow,0,No,0000000,Not Applicable,15,3:00pm-3:59pm,6,6,15,3:00pm-3:59pm,16,16,99,Unknown,99,Unknown EMS Hospital Arrival Time,0,,0,,0,,1,0
41,Oregon,410010,1,1,0,0,1,1,0,35,KLAMATH (35),0,NOT APPLICABLE,30,30,1,January,2019,4,Wednesday,15,3:00pm-3:59pm,30,30,0,This section IS NOT on the NHS,3,State Highway,SR-140 ODOT 20,,1,Rural,4,Minor Arterial,1,State Highway Agency,480,480,42.43631667,42.43631667,-121.1324972,-121.13249722,0,No Special Jurisdiction,42,Tree (Standing Only),0,The First Harmful Event was Not a Collision with a Motor Vehicle in Transport,0,No,1,Non-Junction,1,Not an Intersection,0,,4,On Roadside,1,Daylight,1,Clear,0,No Additional Atmospheric Conditions,1,Clear,0,No,0000000,Not Applicable,15,3:00pm-3:59pm,37,37,16,4:00pm-4:59pm,11,11,88,Not Applicable (Not Transported),88,Not Applicable (Not Transported),0,,0,,0,,1,0
41,Oregon,410011,2,2,0,0,3,3,0,67,WASHINGTON (67),1000,HILLSBORO,1,1,2,February,2019,6,Friday,14,2:00pm-2:59pm,28,28,1,This section IS ON the NHS,6,Local Street - Municipality,NE CORNELL RD,,2,Urban,3,Principal Arterial - Other,4,City or Municipal Highway Agency,0,,45.53169167,45.53169167,-122.9517389,-122.95173889,0,No Special Jurisdiction,12,Motor Vehicle In-Transport,6,Angle,0,No,1,Non-Junction,1,Not an Intersection,0,,1,On Roadway,1,Daylight,2,Rain,10,Cloudy,2,Rain,0,No,0000000,Not Applicable,14,2:00pm-2:59pm,28,28,14,2:00pm-2:59pm,33,33,99,Unknown,99,Unknown EMS Hospital Arrival Time,0,,0,,0,,1,0
41,Oregon,410012,1,1,0,0,1,1,0,39,LANE (39),1960,SPRINGFIELD,6,6,1,January,2019,1,Sunday,5,5:00am-5:59am,19,19,1,This section IS ON the NHS,6,Local Street - Municipality,FRANKLIN BLVD,,2,Urban,3,Principal Arterial - Other,4,City or Municipal Highway Agency,0,,44.04552778,44.04552778,-123.0398278,-123.03982778,0,No Special Jurisdiction,42,Tree (Standing Only),0,The First Harmful Event was Not a Collision with a Motor Vehicle in Transport,0,No,1,Non-Junction,1,Not an Intersection,0,,4,On Roadside,2,Dark - Not Lighted,98,Not Reported,0,No Additional Atmospheric Conditions,98,Not Reported,0,No,0000000,Not Applicable,5,5:00am-5:59am,19,19,5,5:00am-5:59am,25,25,5,5:00am-5:59am,42,42,0,,0,,0,,1,0
41,Oregon,410013,3,3,0,0,3,3,0,71,YAMHILL (71),0,NOT APPLICABLE,7,7,1,January,2019,2,Monday,5,5:00am-5:59am,22,22,1,This section IS ON the NHS,3,State Highway,SR-18 ODOT 39,,1,Rural,3,Principal Arterial - Other,1,State Highway Agency,572,572,45.27949444,45.27949444,-122.9933667,-122.99336667,0,No Special Jurisdiction,12,Motor Vehicle In-Transport,2,Front-to-Front,0,No,1,Non-Junction,1,Not an Intersection,0,,1,On Roadway,2,Dark - Not Lighted,1,Clear,0,No Additional Atmospheric Conditions,1,Clear,0,No,0000000,Not Applicable,5,5:00am-5:59am,24,24,5,5:00am-5:59am,34,34,99,Unknown,99,Unknown EMS Hospital Arrival Time,0,,0,,0,,2,0
41,Oregon,410014,1,1,0,0,1,1,0,3,BENTON (3),0,NOT APPLICABLE,7,7,1,January,2019,2,Monday,99,Unknown Hours,99,Unknown Minutes,1,This section IS ON the NHS,2,U.S. Highway,US-20 ODOT 31,,2,Urban,3,Principal Arterial - Other,1,State Highway Agency,12,12,44.57471111,44.57471111,-123.2527194,-123.25271944,0,No Special Jurisdiction,1,Rollover/Overturn,0,The First Harmful Event was Not a Collision with a Motor Vehicle in Transport,0,No,1,Non-Junction,1,Not an Intersection,0,,4,On Roadside,2,Dark - Not Lighted,10,Cloudy,0,No Additional Atmospheric Conditions,10,Cloudy,0,No,0000000,Not Applicable,99,Unknown,99,Unknown,99,Unknown EMS Scene Arrival Hour,99,Unknown EMS Scene Arrival Minutes,88,Not Applicable (Not Transported),88,Not Applicable (Not Transported),0,,0,,0,,1,0
41,Oregon,410015,1,1,0,0,1,1,0,45,MALHEUR (45),0,NOT APPLICABLE,8,8,1,January,2019,3,Tuesday,17,5:00pm-5:59pm,16,16,1,This section IS ON the NHS,1,Interstate,I-84,,1,Rural,1,Interstate,1,State Highway Agency,3672,3672,44.122225,44.122225,-117.0737583,-117.07375833,0,No Special Jurisdiction,1,Rollover/Overturn,0,The First Harmful Event was Not a Collision with a Motor Vehicle in Transport,0,No,1,Non-Junction,1,Not an Intersection,0,,4,On Roadside,1,Daylight,10,Cloudy,0,No Additional Atmospheric Conditions,10,Cloudy,0,No,0000000,Not Applicable,17,5:00pm-5:59pm,18,18,17,5:00pm-5:59pm,37,37,88,Not Applicable (Not Transported),88,Not Applicable (Not Transported),0,,0,,0,,1,0
41,Oregon,410016,1,1,0,0,1,1,0,59,UMATILLA (59),0,NOT APPLICABLE,15,15,1,January,2019,3,Tuesday,9,9:00am-9:59am,48,48,0,This section IS NOT on the NHS,4,County Road,CR-E FEEDVILLE RD,,2,Urban,5,Major Collector,2,County Highway Agency,249,249,45.80602778,45.80602778,-119.2885361,-119.28853611,0,No Special Jurisdiction,38,Fence,0,The First Harmful Event was Not a Collision with a Motor Vehicle in Transport,0,No,1,Non-Junction,1,Not an Intersection,0,,4,On Roadside,1,Daylight,10,Cloudy,0,No Additional Atmospheric Conditions,10,Cloudy,0,No,0000000,Not Applicable,9,9:00am-9:59am,49,49,99,Unknown EMS Scene Arrival Hour,99,Unknown EMS Scene Arrival Minutes,88,Not Applicable (Not Transported),88,Not Applicable (Not Transported),0,,0,,0,,1,0
41,Oregon,410017,1,1,0,1,1,1,1,39,LANE (39),0,NOT APPLICABLE,17,17,1,January,2019,5,Thursday,17,5:00pm-5:59pm,37,37,0,This section IS NOT on the NHS,6,Local Street - Municipality,HUNSAKER LN,YVONNE ST,2,Urban,5,Major Collector,4,City or Municipal Highway Agency,2,2,44.10342222,44.10342222,-123.12655,-123.12655,0,No Special Jurisdiction,8,Pedestrian,0,The First Harmful Event was Not a Collision with a Motor Vehicle in Transport,0,No,3,Intersection-Related,3,T-Intersection,0,,1,On Roadway,3,Dark - Lighted,10,Cloudy,2,Rain,2,Rain,0,No,0000000,Not Applicable,17,5:00pm-5:59pm,37,37,17,5:00pm-5:59pm,43,43,88,Not Applicable (Not Transported),88,Not Applicable (Not Transported),0,,0,,0,,1,0
41,Oregon,410018,1,1,0,0,3,3,0,67,WASHINGTON (67),1000,HILLSBORO,22,22,1,January,2019,3,Tuesday,0,0:00am-0:59am,30,30,0,This section IS NOT on the NHS,3,State Highway,SR-219 ODOT 140,,1,Rural,4,Minor Arterial,1,State Highway Agency,18,18,45.49875278,45.49875278,-122.9917056,-122.99170556,0,No Special Jurisdiction,42,Tree (Standing Only),0,The First Harmful Event was Not a Collision with a Motor Vehicle in Transport,0,No,1,Non-Junction,1,Not an Intersection,0,,4,On Roadside,2,Dark - Not Lighted,10,Cloudy,0,No Additional Atmospheric Conditions,10,Cloudy,0,No,0000000,Not Applicable,0,0:00am-0:59am,30,30,0,0:00am-0:59am,36,36,99,Unknown,99,Unknown EMS Hospital Arrival Time,0,,0,,0,,1,0
41,Oregon,410019,1,1,0,1,4,4,1,35,KLAMATH (35),0,NOT APPLICABLE,2,2,1,January,2019,4,Wednesday,23,11:00pm-11:59pm,11,11,1,This section IS ON the NHS,2,U.S. Highway,US-97 ODOT 4,,1,Rural,3,Principal Arterial - Other,1,State Highway Agency,2040,2040,43.19944167,43.19944167,-121.7797972,-121.77979722,0,No Special Jurisdiction,8,Pedestrian,0,The First Harmful Event was Not a Collision with a Motor Vehicle in Transport,0,No,1,Non-Junction,1,Not an Intersection,0,,1,On Roadway,2,Dark - Not Lighted,1,Clear,0,No Additional Atmospheric Conditions,1,Clear,0,No,0000000,Not Applicable,23,11:00pm-11:59pm,15,15,23,11:00pm-11:59pm,23,23,88,Not Applicable (Not Transported),88,Not Applicable (Not Transported),0,,0,,0,,1,0
41,Oregon,410020,1,1,0,1,1,1,1,51,MULTNOMAH (51),1650,PORTLAND,2,2,2,February,2019,7,Saturday,0,0:00am-0:59am,24,24,1,This section IS ON the NHS,6,Local Street - Municipality,SE DIVISION ST,SE 130TH AVE,2,Urban,3,Principal Arterial - Other,4,City or Municipal Highway Agency,0,,45.50406944,45.50406944,-122.5299306,-122.52993056,0,No Special Jurisdiction,8,Pedestrian,0,The First Harmful Event was Not a Collision with a Motor Vehicle in Transport,0,No,3,Intersection-Related,2,Four-Way Intersection,0,,1,On Roadway,3,Dark - Lighted,10,Cloudy,0,No Additional Atmospheric Conditions,10,Cloudy,0,No,0000000,Not Applicable,0,0:00am-0:59am,24,24,0,0:00am-0:59am,31,31,88,Not Applicable (Not Transported),88,Not Applicable (Not Transported),0,,0,,0,,1,0
41,Oregon,410021,2,2,0,0,3,3,0,39,LANE (39),0,NOT APPLICABLE,9,9,2,February,2019,7,Saturday,11,11:00am-11:59am,7,7,1,This section IS ON the NHS,2,U.S. Highway,US-101 ODOT 9,,1,Rural,3,Principal Arterial - Other,1,State Highway Agency,1932,1932,43.96546389,43.96546389,-124.1085306,-124.10853056,0,No Special Jurisdiction,12,Motor Vehicle In-Transport,6,Angle,0,No,1,Non-Junction,1,Not an Intersection,0,,1,On Roadway,1,Daylight,3,Sleet or Hail,0,No Additional Atmospheric Conditions,3,Sleet or Hail,0,No,0000000,Not Applicable,11,11:00am-11:59am,9,9,11,11:00am-11:59am,19,19,99,Unknown,99,Unknown EMS Hospital Arrival Time,0,,0,,0,,1,1
41,Oregon,410022,1,1,0,1,1,1,1,71,YAMHILL (71),1260,MCMINNVILLE,11,11,2,February,2019,2,Monday,7,7:00am-7:59am,0,0,1,This section IS ON the NHS,3,State Highway,SR-99 ODOT 91,,2,Urban,3,Principal Arterial - Other,1,State Highway Agency,352,352,45.23037778,45.23037778,-123.1656861,-123.16568611,0,No Special Jurisdiction,8,Pedestrian,0,The First Harmful Event was Not a Collision with a Motor Vehicle in Transport,0,No,1,Non-Junction,1,Not an Intersection,0,,1,On Roadway,3,Dark - Lighted,2,Rain,0,No Additional Atmospheric Conditions,2,Rain,0,No,0000000,Not Applicable,7,7:00am-7:59am,0,0,7,7:00am-7:59am,4,4,88,Not Applicable (Not Transported),88,Not Applicable (Not Transported),0,,0,,0,,1,0
41,Oregon,410023,2,2,0,0,2,2,0,43,LINN (43),0,NOT APPLICABLE,12,12,2,February,2019,3,Tuesday,18,6:00pm-6:59pm,36,36,1,This section IS ON the NHS,2,U.S. Highway,US-20 ODOT 16,CR-KGAL RD,1,Rural,3,Principal Arterial - Other,1,State Highway Agency,110,110,44.57281944,44.57281944,-122.9151111,-122.91511111,0,No Special Jurisdiction,12,Motor Vehicle In-Transport,6,Angle,0,No,3,Intersection-Related,2,Four-Way Intersection,0,,1,On Roadway,2,Dark - Not Lighted,2,Rain,0,No Additional Atmospheric Conditions,2,Rain,0,No,0000000,Not Applicable,18,6:00pm-6:59pm,36,36,18,6:00pm-6:59pm,45,45,99,Unknown,99,Unknown EMS Hospital Arrival Time,0,,0,,0,,1,0
41,Oregon,410024,1,1,0,0,2,2,0,43,LINN (43),0,NOT APPLICABLE,16,16,2,February,2019,7,Saturday,4,4:00am-4:59am,0,0,0,This section IS NOT on the NHS,4,County Road,CR-DIAMOND HILL DR,,1,Rural,6,Minor Collector,2,County Highway Agency,43,43,44.27976389,44.27976389,-123.1000083,-123.10000833,0,No Special Jurisdiction,34,Ditch,0,The First Harmful Event was Not a Collision with a Motor Vehicle in Transport,0,No,1,Non-Junction,1,Not an Intersection,0,,4,On Roadside,2,Dark - Not Lighted,1,Clear,0,No Additional Atmospheric Conditions,1,Clear,0,No,0000000,Not Applicable,9,9:00am-9:59am,58,58,99,Unknown EMS Scene Arrival Hour,99,Unknown EMS Scene Arrival Minutes,88,Not Applicable (Not Transported),88,Not Applicable (Not Transported),0,,0,,0,,1,0
41,Oregon,410025,4,4,0,0,4,4,0,39,LANE (39),660,EUGENE,25,25,1,January,2019,6,Friday,12,12:00pm-12:59pm,15,15,1,This section IS ON the NHS,1,Interstate,I-105,,2,Urban,1,Interstate,1,State Highway Agency,11,11,44.06155,44.06155,-123.0884694,-123.08846944,0,No Special Jurisdiction,12,Motor Vehicle In-Transport,1,Front-to-Rear,0,No,1,Non-Junction,1,Not an Intersection,0,,1,On Roadway,1,Daylight,10,Cloudy,0,No Additional Atmospheric Conditions,10,Cloudy,0,No,0000000,Not Applicable,12,12:00pm-12:59pm,16,16,12,12:00pm-12:59pm,26,26,12,12:00pm-12:59pm,45,45,0,,0,,0,,1,1
41,Oregon,410026,1,1,0,0,1,1,0,45,MALHEUR (45),0,NOT APPLICABLE,23,23,2,February,2019,7,Saturday,18,6:00pm-6:59pm,25,25,1,This section IS ON the NHS,1,Interstate,I-84,,1,Rural,1,Interstate,1,State Highway Agency,3706,3706,44.0931,44.0931,-117.0298722,-117.02987222,0,No Special Jurisdiction,1,Rollover/Overturn,0,The First Harmful Event was Not a Collision with a Motor Vehicle in Transport,0,No,1,Non-Junction,1,Not an Intersection,0,,4,On Roadside,2,Dark - Not Lighted,10,Cloudy,0,No Additional Atmospheric Conditions,10,Cloudy,0,No,0000000,Not Applicable,6,6:00am-6:59am,27,27,6,6:00am-6:59am,35,35,88,Not Applicable (Not Transported),88,Not Applicable (Not Transported),0,,0,,0,,1,1
41,Oregon,410027,1,1,0,0,1,1,0,35,KLAMATH (35),0,NOT APPLICABLE,23,23,2,February,2019,7,Saturday,0,0:00am-0:59am,1,1,0,This section IS NOT on the NHS,4,County Road,CR-SPRING LAKE RD,,1,Rural,5,Major Collector,2,County Highway Agency,10,10,42.12636111,42.12636111,-121.7399528,-121.73995278,0,No Special Jurisdiction,1,Rollover/Overturn,0,The First Harmful Event was Not a Collision with a Motor Vehicle in Transport,0,No,1,Non-Junction,1,Not an Intersection,0,,1,On Roadway,2,Dark - Not Lighted,10,Cloudy,0,No Additional Atmospheric Conditions,10,Cloudy,0,No,0000000,Not Applicable,0,0:00am-0:59am,1,1,0,0:00am-0:59am,10,10,88,Not Applicable (Not Transported),88,Not Applicable (Not Transported),0,,0,,0,,1,1
41,Oregon,410028,4,4,0,0,5,5,0,7,CLATSOP (7),0,NOT APPLICABLE,24,24,2,February,2019,1,Sunday,11,11:00am-11:59am,10,10,1,This section IS ON the NHS,2,U.S. Highway,US-101 ODOT 9,CR-SUNSET BEACH LN,1,Rural,3,Principal Arterial - Other,1,State Highway Agency,134,134,46.10078611,46.10078611,-123.9187639,-123.91876389,0,No Special Jurisdiction,12,Motor Vehicle In-Transport,2,Front-to-Front,0,No,3,Intersection-Related,3,T-Intersection,0,,1,On Roadway,1,Daylight,1,Clear,0,No Additional Atmospheric Conditions,1,Clear,0,No,0000000,Not Applicable,11,11:00am-11:59am,10,10,11,11:00am-11:59am,12,12,99,Unknown,99,Unknown EMS Hospital Arrival Time,0,,0,,0,,1,0
41,Oregon,410029,3,3,0,0,3,3,0,5,CLACKAMAS (5),0,NOT APPLICABLE,18,18,1,January,2019,6,Friday,17,5:00pm-5:59pm,45,45,0,This section IS NOT on the NHS,3,State Highway,SR-211 ODOT 161,,1,Rural,4,Minor Arterial,1,State Highway Agency,30,30,45.14591389,45.14591389,-122.7715472,-122.77154722,0,No Special Jurisdiction,12,Motor Vehicle In-Transport,6,Angle,0,No,1,Non-Junction,1,Not an Intersection,0,,1,On Roadway,2,Dark - Not Lighted,2,Rain,0,No Additional Atmospheric Conditions,2,Rain,0,No,0000000,Not Applicable,18,6:00pm-6:59pm,1,1,18,6:00pm-6:59pm,2,2,88,Not Applicable (Not Transported),88,Not Applicable (Not Transported),0,,0,,0,,1,0
41,Oregon,410030,1,1,0,0,1,1,0,5,CLACKAMAS (5),0,NOT APPLICABLE,26,26,2,February,2019,3,Tuesday,15,3:00pm-3:59pm,53,53,0,This section IS NOT on the NHS,3,State Highway,SR-211 ODOT 161,,1,Rural,4,Minor Arterial,1,State Highway Agency,188,188,45.16624444,45.16624444,-122.4851417,-122.48514167,0,No Special Jurisdiction,42,Tree (Standing Only),0,The First Harmful Event was Not a Collision with a Motor Vehicle in Transport,0,No,1,Non-Junction,1,Not an Intersection,0,,4,On Roadside,1,Daylight,1,Clear,0,No Additional Atmospheric Conditions,1,Clear,0,No,0000000,Not Applicable,15,3:00pm-3:59pm,53,53,15,3:00pm-3:59pm,59,59,88,Not Applicable (Not Transported),88,Not Applicable (Not Transported),0,,0,,0,,1,1
41,Oregon,410031,1,1,0,1,1,1,1,51,MULTNOMAH (51),1650,PORTLAND,1,1,3,March,2019,6,Friday,21,9:00pm-9:59pm,55,55,1,This section IS ON the NHS,3,State Highway,SR-30 ODOT 123,,2,Urban,3,Principal Arterial - Other,1,State Highway Agency,108,108,45.56266944,45.56266944,-122.5770556,-122.57705556,0,No Special Jurisdiction,9,Pedalcyclist,0,The First Harmful Event was Not a Collision with a Motor Vehicle in Transport,0,No,1,Non-Junction,1,Not an Intersection,0,,1,On Roadway,3,Dark - Lighted,10,Cloudy,0,No Additional Atmospheric Conditions,10,Cloudy,0,No,0000000,Not Applicable,99,Unknown,99,Unknown,99,Unknown EMS Scene Arrival Hour,99,Unknown EMS Scene Arrival Minutes,88,Not Applicable (Not Transported),88,Not Applicable (Not Transported),0,,0,,0,,1,0
41,Oregon,410032,1,1,0,0,2,2,0,47,MARION (47),0,NOT APPLICABLE,8,8,3,March,2019,6,Friday,99,Unknown Hours,99,Unknown Minutes,0,This section IS NOT on the NHS,4,County Road,CR-TALBOT RD SE,,1,Rural,5,Major Collector,2,County Highway Agency,58,58,44.75083611,44.75083611,-123.0407833,-123.04078333,0,No Special Jurisdiction,1,Rollover/Overturn,0,The First Harmful Event was Not a Collision with a Motor Vehicle in Transport,0,No,1,Non-Junction,1,Not an Intersection,0,,1,On Roadway,7,Other,4,Snow,0,No Additional Atmospheric Conditions,4,Snow,0,No,0000000,Not Applicable,7,7:00am-7:59am,40,40,7,7:00am-7:59am,40,40,88,Not Applicable (Not Transported),88,Not Applicable (Not Transported),0,,0,,0,,2,1
41,Oregon,410033,1,1,0,0,2,2,0,19,DOUGLAS (19),0,NOT APPLICABLE,8,8,3,March,2019,6,Friday,99,Unknown Hours,99,Unknown Minutes,1,This section IS ON the NHS,3,State Highway,SR-38 ODOT 45,,1,Rural,3,Principal Arterial - Other,1,State Highway Agency,312,312,43.64298056,43.64298056,-123.6589917,-123.65899167,0,No Special Jurisdiction,42,Tree (Standing Only),0,The First Harmful Event was Not a Collision with a Motor Vehicle in Transport,0,No,1,Non-Junction,1,Not an Intersection,0,,4,On Roadside,1,Daylight,8,Other,0,No Additional Atmospheric Conditions,8,Other,0,No,0000000,Not Applicable,0,0:00am-0:59am,19,19,0,0:00am-0:59am,39,39,99,Unknown,99,Unknown EMS Hospital Arrival Time,0,,0,,0,,1,0
41,Oregon,410034,2,2,0,0,2,2,0,43,LINN (43),0,NOT APPLICABLE,14,14,3,March,2019,5,Thursday,6,6:00am-6:59am,55,55,0,This section IS NOT on the NHS,4,County Road,CR-PEORIA RD,,1,Rural,5,Major Collector,2,County Highway Agency,151,151,44.36299722,44.36299722,-123.1950944,-123.19509444,0,No Special Jurisdiction,12,Motor Vehicle In-Transport,2,Front-to-Front,0,No,1,Non-Junction,1,Not an Intersection,0,,1,On Roadway,4,Dawn,5,"Fog, Smog, Smoke",0,No Additional Atmospheric Conditions,5,"Fog, Smog, Smoke",0,No,0000000,Not Applicable,6,6:00am-6:59am,55,55,6,6:00am-6:59am,59,59,99,Unknown,99,Unknown EMS Hospital Arrival Time,0,,0,,0,,1,0
41,Oregon,410035,1,1,0,1,1,1,1,15,CURRY (15),0,NOT APPLICABLE,15,15,3,March,2019,6,Friday,3,3:00am-3:59am,25,25,1,This section IS ON the NHS,2,U.S. Highway,US-101 ODOT 9,,2,Urban,3,Principal Arterial - Other,1,State Highway Agency,3624,3624,42.006975,42.006975,-124.2111917,-124.21119167,0,No Special Jurisdiction,8,Pedestrian,0,The First Harmful Event was Not a Collision with a Motor Vehicle in Transport,0,No,1,Non-Junction,1,Not an Intersection,0,,1,On Roadway,2,Dark - Not Lighted,1,Clear,0,No Additional Atmospheric Conditions,1,Clear,0,No,0000000,Not Applicable,3,3:00am-3:59am,38,38,3,3:00am-3:59am,49,49,88,Not Applicable (Not Transported),88,Not Applicable (Not Transported),0,,0,,0,,1,0
41,Oregon,410036,1,1,0,0,1,1,0,7,CLATSOP (7),0,NOT APPLICABLE,16,16,3,March,2019,7,Saturday,19,7:00pm-7:59pm,5,5,1,This section IS ON the NHS,3,State Highway,SR-30 ODOT 92,,1,Rural,3,Principal Arterial - Other,1,State Highway Agency,920,920,46.16640278,46.16640278,-123.74385,-123.74385,0,No Special Jurisdiction,35,Embankment,0,The First Harmful Event was Not a Collision with a Motor Vehicle in Transport,0,No,1,Non-Junction,1,Not an Intersection,0,,4,On Roadside,5,Dusk,1,Clear,0,No Additional Atmospheric Conditions,1,Clear,0,No,0000000,Not Applicable,19,7:00pm-7:59pm,5,5,19,7:00pm-7:59pm,6,6,88,Not Applicable (Not Transported),88,Not Applicable (Not Transported),0,,0,,0,,1,1
41,Oregon,410037,1,1,0,0,1,1,0,17,DESCHUTES (17),0,NOT APPLICABLE,13,13,2,February,2019,4,Wednesday,10,10:00am-10:59am,20,20,0,This section IS NOT on the NHS,4,County Road,CR-OLD BEND REDMOND HWY,,1,Rural,4,Minor Arterial,2,County Highway Agency,0,,44.17722222,44.17722222,-121.2871306,-121.28713056,0,No Special Jurisdiction,38,Fence,0,The First Harmful Event was Not a Collision with a Motor Vehicle in Transport,0,No,1,Non-Junction,1,Not an Intersection,0,,5,Outside Trafficway,1,Daylight,1,Clear,0,No Additional Atmospheric Conditions,1,Clear,0,No,0000000,Not Applicable,10,10:00am-10:59am,21,21,10,10:00am-10:59am,32,32,11,11:00am-11:59am,0,0,0,,0,,0,,1,0
41,Oregon,410038,1,1,0,0,1,1,0,29,JACKSON (29),0,NOT APPLICABLE,18,18,3,March,2019,2,Monday,0,0:00am-0:59am,16,16,0,This section IS NOT on the NHS,3,State Highway,SR-99 ODOT 60,,2,Urban,4,Minor Arterial,1,State Highway Agency,108,108,42.40709722,42.40709722,-123.1502389,-123.15023889,0,No Special Jurisdiction,52,Guardrail End,0,The First Harmful Event was Not a Collision with a Motor Vehicle in Transport,0,No,1,Non-Junction,1,Not an Intersection,0,,4,On Roadside,2,Dark - Not Lighted,1,Clear,0,No Additional Atmospheric Conditions,1,Clear,0,No,0000000,Not Applicable,0,0:00am-0:59am,16,16,0,0:00am-0:59am,23,23,88,Not Applicable (Not Transported),88,Not Applicable (Not Transported),0,,0,,0,,1,1
41,Oregon,410039,1,1,0,0,1,1,0,5,CLACKAMAS (5),1580,OREGON CITY,18,18,3,March,2019,2,Monday,4,4:00am-4:59am,49,49,0,This section IS NOT on the NHS,6,Local Street - Municipality,WASHINGTON ST,,2,Urban,4,Minor Arterial,4,City or Municipal Highway Agency,0,,45.37690833,45.37690833,-122.58745,-122.58745,0,No Special Jurisdiction,42,Tree (Standing Only),0,The First Harmful Event was Not a Collision with a Motor Vehicle in Transport,0,No,1,Non-Junction,1,Not an Intersection,0,,4,On Roadside,2,Dark - Not Lighted,1,Clear,0,No Additional Atmospheric Conditions,1,Clear,0,No,0000000,Not Applicable,4,4:00am-4:59am,49,49,4,4:00am-4:59am,54,54,88,Not Applicable (Not Transported),88,Not Applicable (Not Transported),0,,0,,0,,1,1
41,Oregon,410040,1,1,0,0,2,2,0,15,CURRY (15),0,NOT APPLICABLE,7,7,3,March,2019,5,Thursday,19,7:00pm-7:59pm,45,45,0,This section IS NOT on the NHS,4,County Road,CR-WINCHUCK RIVER RD,,1,Rural,5,Major Collector,2,County Highway Agency,45,45,42.031125,42.031125,-124.1712,-124.1712,0,No Special Jurisdiction,42,Tree (Standing Only),0,The First Harmful Event was Not a Collision with a Motor Vehicle in Transport,0,No,1,Non-Junction,1,Not an Intersection,0,,4,On Roadside,5,Dusk,1,Clear,0,No Additional Atmospheric Conditions,1,Clear,0,No,0000000,Not Applicable,19,7:00pm-7:59pm,45,45,99,Unknown EMS Scene Arrival Hour,99,Unknown EMS Scene Arrival Minutes,99,Unknown,99,Unknown EMS Hospital Arrival Time,0,,0,,0,,1,1
41,Oregon,410041,2,2,0,0,4,4,0,35,KLAMATH (35),0,NOT APPLICABLE,18,18,3,March,2019,2,Monday,15,3:00pm-3:59pm,54,54,1,This section IS ON the NHS,3,State Highway,SR-140 ODOT 20,CR-BLISS RD,1,Rural,3,Principal Arterial - Other,1,State Highway Agency,219,219,42.26926667,42.26926667,-121.4868083,-121.48680833,0,No Special Jurisdiction,12,Motor Vehicle In-Transport,6,Angle,0,No,2,Intersection,2,Four-Way Intersection,0,,1,On Roadway,1,Daylight,1,Clear,0,No Additional Atmospheric Conditions,1,Clear,0,No,0000000,Not Applicable,3,3:00am-3:59am,54,54,4,4:00am-4:59am,9,9,99,Unknown,99,Unknown EMS Hospital Arrival Time,0,,0,,0,,1,0
41,Oregon,410042,1,1,0,0,5,5,0,47,MARION (47),1810,SALEM,23,23,3,March,2019,7,Saturday,4,4:00am-4:59am,22,22,0,This section IS NOT on the NHS,6,Local Street - Municipality,FAIRWAY AVE SE,,2,Urban,5,Major Collector,4,City or Municipal Highway Agency,0,,44.85998056,44.85998056,-123.0190639,-123.01906389,0,No Special Jurisdiction,42,Tree (Standing Only),0,The First Harmful Event was Not a Collision with a Motor Vehicle in Transport,0,No,1,Non-Junction,1,Not an Intersection,0,,4,On Roadside,3,Dark - Lighted,10,Cloudy,0,No Additional Atmospheric Conditions,10,Cloudy,0,No,0000000,Not Applicable,4,4:00am-4:59am,23,23,4,4:00am-4:59am,31,31,99,Unknown,99,Unknown EMS Hospital Arrival Time,0,,0,,0,,1,0
41,Oregon,410043,1,1,0,0,1,1,0,19,DOUGLAS (19),0,NOT APPLICABLE,25,25,3,March,2019,2,Monday,14,2:00pm-2:59pm,0,0,0,This section IS NOT on the NHS,4,County Road,CR-SLIDEOUT RIDGE RD,,1,Rural,6,Minor Collector,2,County Highway Agency,0,,43.76691667,43.76691667,-123.5623361,-123.56233611,0,No Special Jurisdiction,1,Rollover/Overturn,0,The First Harmful Event was Not a Collision with a Motor Vehicle in Transport,0,No,1,Non-Junction,1,Not an Intersection,0,,4,On Roadside,1,Daylight,10,Cloudy,0,No Additional Atmospheric Conditions,10,Cloudy,0,No,0000000,Not Applicable,14,2:00pm-2:59pm,16,16,15,3:00pm-3:59pm,15,15,88,Not Applicable (Not Transported),88,Not Applicable (Not Transported),0,,0,,0,,1,0
41,Oregon,410044,1,1,0,1,1,1,1,39,LANE (39),0,NOT APPLICABLE,28,28,3,March,2019,5,Thursday,23,11:00pm-11:59pm,30,30,1,This section IS ON the NHS,3,State Highway,SR-126E ODOT 15,,1,Rural,3,Principal Arterial - Other,1,State Highway Agency,316,316,44.12951389,44.12951389,-122.4774333,-122.47743333,0,No Special Jurisdiction,8,Pedestrian,0,The First Harmful Event was Not a Collision with a Motor Vehicle in Transport,0,No,1,Non-Junction,1,Not an Intersection,0,,1,On Roadway,2,Dark - Not Lighted,2,Rain,0,No Additional Atmospheric Conditions,2,Rain,0,No,0000000,Not Applicable,23,11:00pm-11:59pm,35,35,23,11:00pm-11:59pm,45,45,88,Not Applicable (Not Transported),88,Not Applicable (Not Transported),0,,0,,0,,1,0
41,Oregon,410045,3,3,0,0,3,3,0,11,COOS (11),0,NOT APPLICABLE,28,28,3,March,2019,5,Thursday,11,11:00am-11:59am,19,19,1,This section IS ON the NHS,2,U.S. Highway,US-101 ODOT 9,,1,Rural,3,Principal Arterial - Other,1,State Highway Agency,2303,2303,43.47721111,43.47721111,-124.2241444,-124.22414444,0,No Special Jurisdiction,12,Motor Vehicle In-Transport,2,Front-to-Front,0,No,1,Non-Junction,1,Not an Intersection,0,,1,On Roadway,1,Daylight,10,Cloudy,0,No Additional Atmospheric Conditions,10,Cloudy,0,No,0000000,Not Applicable,11,11:00am-11:59am,19,19,11,11:00am-11:59am,21,21,12,12:00pm-12:59pm,28,28,0,,0,,0,,1,0
41,Oregon,410046,1,1,0,0,2,2,0,13,CROOK (13),0,NOT APPLICABLE,29,29,3,March,2019,6,Friday,5,5:00am-5:59am,53,53,0,This section IS NOT on the NHS,4,County Road,CR-SW POWELL BUTTE HWY,,1,Rural,4,Minor Arterial,2,County Highway Agency,57,57,44.18084444,44.18084444,-121.0693694,-121.06936944,0,No Special Jurisdiction,38,Fence,0,The First Harmful Event was Not a Collision with a Motor Vehicle in Transport,0,No,1,Non-Junction,1,Not an Intersection,0,,4,On Roadside,2,Dark - Not Lighted,1,Clear,0,No Additional Atmospheric Conditions,1,Clear,0,No,0000000,Not Applicable,5,5:00am-5:59am,53,53,6,6:00am-6:59am,8,8,88,Not Applicable (Not Transported),88,Not Applicable (Not Transported),0,,0,,0,,2,0
41,Oregon,410047,2,2,0,0,3,3,0,47,MARION (47),0,NOT APPLICABLE,30,30,3,March,2019,7,Saturday,15,3:00pm-3:59pm,20,20,1,This section IS ON the NHS,4,County Road,CR-MCKAY RD NE,,1,Rural,3,Principal Arterial - Other,2,County Highway Agency,7,7,45.24148889,45.24148889,-122.9268694,-122.92686944,0,No Special Jurisdiction,12,Motor Vehicle In-Transport,2,Front-to-Front,0,No,1,Non-Junction,1,Not an Intersection,0,,1,On Roadway,1,Daylight,1,Clear,0,No Additional Atmospheric Conditions,1,Clear,0,No,0000000,Not Applicable,99,Unknown,99,Unknown,99,Unknown EMS Scene Arrival Hour,99,Unknown EMS Scene Arrival Minutes,88,Not Applicable (Not Transported),88,Not Applicable (Not Transported),0,,0,,0,,3,1
41,Oregon,410048,1,1,0,1,1,1,1,35,KLAMATH (35),1170,KLAMATH FALLS,3,3,3,March,2019,1,Sunday,19,7:00pm-7:59pm,18,18,1,This section IS ON the NHS,3,State Highway,SR-39 ODOT 50,,2,Urban,3,Principal Arterial - Other,1,State Highway Agency,47,47,42.23085278,42.23085278,-121.7711861,-121.77118611,0,No Special Jurisdiction,8,Pedestrian,0,The First Harmful Event was Not a Collision with a Motor Vehicle in Transport,0,No,1,Non-Junction,1,Not an Intersection,0,,1,On Roadway,2,Dark - Not Lighted,1,Clear,0,No Additional Atmospheric Conditions,1,Clear,0,No,0000000,Not Applicable,19,7:00pm-7:59pm,18,18,19,7:00pm-7:59pm,22,22,88,Not Applicable (Not Transported),88,Not Applicable (Not Transported),0,,0,,0,,1,0
41,Oregon,410049,1,1,0,0,2,2,0,59,UMATILLA (59),0,NOT APPLICABLE,12,12,4,April,2019,6,Friday,21,9:00pm-9:59pm,41,41,1,This section IS ON the NHS,1,Interstate,I-82 RAMP,,1,Rural,1,Interstate,1,State Highway Agency,105,105,45.797975,45.797975,-119.3919111,-119.39191111,0,No Special Jurisdiction,1,Rollover/Overturn,0,The First Harmful Event was Not a Collision with a Motor Vehicle in Transport,1,Yes,5,Entrance/Exit Ramp Related,1,Not an Intersection,0,,4,On Roadside,3,Dark - Lighted,98,Not Reported,0,No Additional Atmospheric Conditions,98,Not Reported,0,No,0000000,Not Applicable,21,9:00pm-9:59pm,41,41,21,9:00pm-9:59pm,47,47,99,Unknown,99,Unknown EMS Hospital Arrival Time,0,,0,,0,,1,1
41,Oregon,410050,2,2,0,0,2,2,0,67,WASHINGTON (67),0,NOT APPLICABLE,17,17,4,April,2019,4,Wednesday,12,12:00pm-12:59pm,36,36,0,This section IS NOT on the NHS,4,County Road,CR-NW ZION CHURCH RD,CR-NW MILNE RD,1,Rural,5,Major Collector,2,County Highway Agency,0,,45.57370556,45.57370556,-123.0324278,-123.03242778,0,No Special Jurisdiction,12,Motor Vehicle In-Transport,1,Front-to-Rear,0,No,2,Intersection,3,T-Intersection,0,,1,On Roadway,1,Daylight,1,Clear,0,No Additional Atmospheric Conditions,1,Clear,0,No,0000000,Not Applicable,12,12:00pm-12:59pm,36,36,12,12:00pm-12:59pm,40,40,88,Not Applicable (Not Transported),88,Not Applicable (Not Transported),0,,0,,0,,1,0
41,Oregon,410051,1,1,0,1,1,1,1,5,CLACKAMAS (5),1580,OREGON CITY,17,17,4,April,2019,4,Wednesday,17,5:00pm-5:59pm,0,0,0,This section IS NOT on the NHS,6,Local Street - Municipality,MOLALLA AVE,PEARL ST,2,Urban,4,Minor Arterial,4,City or Municipal Highway Agency,0,,45.34898611,45.34898611,-122.596675,-122.596675,0,No Special Jurisdiction,8,Pedestrian,0,The First Harmful Event was Not a Collision with a Motor Vehicle in Transport,0,No,3,Intersection-Related,3,T-Intersection,0,,1,On Roadway,1,Daylight,1,Clear,0,No Additional Atmospheric Conditions,1,Clear,0,No,0000000,Not Applicable,17,5:00pm-5:59pm,0,0,17,5:00pm-5:59pm,2,2,88,Not Applicable (Not Transported),88,Not Applicable (Not Transported),0,,0,,0,,1,0
41,Oregon,410052,1,1,0,1,3,3,1,39,LANE (39),0,NOT APPLICABLE,21,21,4,April,2019,1,Sunday,16,4:00pm-4:59pm,21,21,1,This section IS ON the NHS,3,State Highway,SR-126E ODOT 15,,1,Rural,3,Principal Arterial - Other,1,State Highway Agency,368,368,44.12303611,44.12303611,-122.3974833,-122.39748333,0,No Special Jurisdiction,9,Pedalcyclist,0,The First Harmful Event was Not a Collision with a Motor Vehicle in Transport,0,No,1,Non-Junction,1,Not an Intersection,0,,1,On Roadway,1,Daylight,1,Clear,0,No Additional Atmospheric Conditions,1,Clear,0,No,0000000,Not Applicable,16,4:00pm-4:59pm,21,21,16,4:00pm-4:59pm,35,35,88,Not Applicable (Not Transported),88,Not Applicable (Not Transported),0,,0,,0,,1,0
41,Oregon,410053,1,1,0,0,1,1,0,19,DOUGLAS (19),0,NOT APPLICABLE,7,7,3,March,2019,5,Thursday,9,9:00am-9:59am,49,49,0,This section IS NOT on the NHS,4,County Road,CR-STRAWBERRY MTN RD,,1,Rural,5,Major Collector,2,County Highway Agency,136,136,43.27170833,43.27170833,-123.0578972,-123.05789722,0,No Special Jurisdiction,30,Utility Pole/Light Support,0,The First Harmful Event was Not a Collision with a Motor Vehicle in Transport,0,No,1,Non-Junction,1,Not an Intersection,0,,4,On Roadside,1,Daylight,1,Clear,0,No Additional Atmospheric Conditions,1,Clear,0,No,0000000,Not Applicable,99,Unknown,99,Unknown,99,Unknown EMS Scene Arrival Hour,99,Unknown EMS Scene Arrival Minutes,99,Unknown,99,Unknown EMS Hospital Arrival Time,0,,0,,0,,1,0
41,Oregon,410054,2,2,0,0,4,4,0,53,POLK (53),0,NOT APPLICABLE,11,11,1,January,2019,6,Friday,19,7:00pm-7:59pm,22,22,0,This section IS NOT on the NHS,3,State Highway,SR-99W ODOT 91,CR-CLOW CORNER,1,Rural,4,Minor Arterial,1,State Highway Agency,600,600,44.89754444,44.89754444,-123.2286278,-123.22862778,0,No Special Jurisdiction,12,Motor Vehicle In-Transport,6,Angle,0,No,2,Intersection,2,Four-Way Intersection,0,,1,On Roadway,2,Dark - Not Lighted,1,Clear,0,No Additional Atmospheric Conditions,1,Clear,0,No,0000000,Not Applicable,19,7:00pm-7:59pm,19,19,19,7:00pm-7:59pm,34,34,19,7:00pm-7:59pm,54,54,0,,0,,0,,1,0
41,Oregon,410055,2,2,0,0,3,3,0,43,LINN (43),0,NOT APPLICABLE,8,8,3,March,2019,6,Friday,7,7:00am-7:59am,5,5,0,This section IS NOT on the NHS,4,County Road,CR-SODAVILLE RD,CR-CASCADE DR,2,Urban,5,Major Collector,2,County Highway Agency,3,3,44.50044722,44.50044722,-122.8734639,-122.87346389,0,No Special Jurisdiction,12,Motor Vehicle In-Transport,6,Angle,0,No,2,Intersection,2,Four-Way Intersection,0,,1,On Roadway,4,Dawn,10,Cloudy,0,No Additional Atmospheric Conditions,10,Cloudy,0,No,0000000,Not Applicable,7,7:00am-7:59am,7,7,7,7:00am-7:59am,11,11,99,Unknown,99,Unknown EMS Hospital Arrival Time,0,,0,,0,,1,0
41,Oregon,410056,2,2,0,0,2,2,0,17,DESCHUTES (17),0,NOT APPLICABLE,21,21,3,March,2019,5,Thursday,6,6:00am-6:59am,46,46,1,This section IS ON the NHS,2,U.S. Highway,US-97 ODOT 4,,2,Urban,3,Principal Arterial - Other,1,State Highway Agency,1247,1247,44.23040556,44.23040556,-121.2048417,-121.20484167,0,No Special Jurisdiction,12,Motor Vehicle In-Transport,6,Angle,0,No,1,Non-Junction,1,Not an Intersection,0,,1,On Roadway,2,Dark - Not Lighted,10,Cloudy,0,No Additional Atmospheric Conditions,10,Cloudy,0,No,0000000,Not Applicable,6,6:00am-6:59am,47,47,7,7:00am-7:59am,0,0,7,7:00am-7:59am,19,19,0,,0,,0,,1,0
41,Oregon,410057,1,1,0,0,1,1,0,51,MULTNOMAH (51),1650,PORTLAND,9,9,4,April,2019,3,Tuesday,12,12:00pm-12:59pm,19,19,0,This section IS NOT on the NHS,6,Local Street - Municipality,NE MARINE DR,,2,Urban,5,Major Collector,4,City or Municipal Highway Agency,0,,45.573475,45.573475,-122.5467917,-122.54679167,0,No Special Jurisdiction,21,Bridge Pier or Support,0,The First Harmful Event was Not a Collision with a Motor Vehicle in Transport,0,No,1,Non-Junction,1,Not an Intersection,0,,4,On Roadside,1,Daylight,1,Clear,0,No Additional Atmospheric Conditions,1,Clear,0,No,0000000,Not Applicable,12,12:00pm-12:59pm,22,22,12,12:00pm-12:59pm,28,28,88,Not Applicable (Not Transported),88,Not Applicable (Not Transported),0,,0,,0,,1,1
41,Oregon,410058,1,1,0,1,1,1,1,43,LINN (43),0,NOT APPLICABLE,12,12,4,April,2019,6,Friday,0,0:00am-0:59am,42,42,1,This section IS ON the NHS,1,Interstate,I-5,,2,Urban,1,Interstate,1,State Highway Agency,2349,2349,44.64130278,44.64130278,-123.0627028,-123.06270278,0,No Special Jurisdiction,8,Pedestrian,0,The First Harmful Event was Not a Collision with a Motor Vehicle in Transport,0,No,1,Non-Junction,1,Not an Intersection,0,,1,On Roadway,2,Dark - Not Lighted,10,Cloudy,0,No Additional Atmospheric Conditions,10,Cloudy,0,No,0000000,Not Applicable,0,0:00am-0:59am,42,42,0,0:00am-0:59am,44,44,88,Not Applicable (Not Transported),88,Not Applicable (Not Transported),0,,0,,0,,1,0
41,Oregon,410059,1,1,0,1,1,1,1,51,MULTNOMAH (51),1650,PORTLAND,19,19,4,April,2019,6,Friday,14,2:00pm-2:59pm,52,52,1,This section IS ON the NHS,6,Local Street - Municipality,NE BROADWAY ST,NE GRAND AVE,2,Urban,3,Principal Arterial - Other,4,City or Municipal Highway Agency,0,,45.53506944,45.53506944,-122.660625,-122.660625,0,No Special Jurisdiction,8,Pedestrian,0,The First Harmful Event was Not a Collision with a Motor Vehicle in Transport,0,No,3,Intersection-Related,2,Four-Way Intersection,0,,1,On Roadway,1,Daylight,98,Not Reported,0,No Additional Atmospheric Conditions,98,Not Reported,0,No,0000000,Not Applicable,99,Unknown,99,Unknown,99,Unknown EMS Scene Arrival Hour,99,Unknown EMS Scene Arrival Minutes,88,Not Applicable (Not Transported),88,Not Applicable (Not Transported),0,,0,,0,,1,0
41,Oregon,410060,2,2,0,0,3,3,0,5,CLACKAMAS (5),0,NOT APPLICABLE,25,25,4,April,2019,5,Thursday,16,4:00pm-4:59pm,8,8,0,This section IS NOT on the NHS,3,State Highway,SR-211 ODOT 161,,1,Rural,4,Minor Arterial,1,State Highway Agency,287,287,45.23063889,45.23063889,-122.3261222,-122.32612222,0,No Special Jurisdiction,12,Motor Vehicle In-Transport,2,Front-to-Front,0,No,1,Non-Junction,1,Not an Intersection,0,,1,On Roadway,1,Daylight,1,Clear,0,No Additional Atmospheric Conditions,1,Clear,0,No,0000000,Not Applicable,16,4:00pm-4:59pm,18,18,16,4:00pm-4:59pm,45,45,17,5:00pm-5:59pm,24,24,0,,0,,0,,1,0
41,Oregon,410061,1,1,0,1,1,1,1,51,MULTNOMAH (51),1650,PORTLAND,25,25,4,April,2019,5,Thursday,0,0:00am-0:59am,45,45,1,This section IS ON the NHS,6,Local Street - Municipality,NE COLUMBIA BLVD,,2,Urban,3,Principal Arterial - Other,4,City or Municipal Highway Agency,0,,45.56811111,45.56811111,-122.5963389,-122.59633889,0,No Special Jurisdiction,8,Pedestrian,0,The First Harmful Event was Not a Collision with a Motor Vehicle in Transport,0,No,1,Non-Junction,1,Not an Intersection,0,,1,On Roadway,3,Dark - Lighted,10,Cloudy,0,No Additional Atmospheric Conditions,10,Cloudy,0,No,0000000,Not Applicable,99,Unknown,99,Unknown,99,Unknown EMS Scene Arrival Hour,99,Unknown EMS Scene Arrival Minutes,88,Not Applicable (Not Transported),88,Not Applicable (Not Transported),0,,0,,0,,1,0
41,Oregon,410062,1,1,0,0,2,2,0,29,JACKSON (29),1310,MEDFORD,4,4,5,May,2019,7,Saturday,15,3:00pm-3:59pm,11,11,0,This section IS NOT on the NHS,6,Local Street - Municipality,STONEFIELD WAY,ROSS LN N,2,Urban,5,Major Collector,4,City or Municipal Highway Agency,0,,42.33375,42.33375,-122.8993056,-122.89930556,0,No Special Jurisdiction,30,Utility Pole/Light Support,0,The First Harmful Event was Not a Collision with a Motor Vehicle in Transport,0,No,3,Intersection-Related,3,T-Intersection,0,,4,On Roadside,1,Daylight,1,Clear,0,No Additional Atmospheric Conditions,1,Clear,0,No,0000000,Not Applicable,15,3:00pm-3:59pm,12,12,15,3:00pm-3:59pm,18,18,15,3:00pm-3:59pm,52,52,0,,0,,0,,1,0
41,Oregon,410063,1,1,0,0,1,1,0,17,DESCHUTES (17),0,NOT APPLICABLE,8,8,5,May,2019,4,Wednesday,22,10:00pm-10:59pm,15,15,1,This section IS ON the NHS,2,U.S. Highway,US-20 ODOT 7,,1,Rural,3,Principal Arterial - Other,1,State Highway Agency,649,649,43.94753889,43.94753889,-121.0351528,-121.03515278,0,No Special Jurisdiction,30,Utility Pole/Light Support,0,The First Harmful Event was Not a Collision with a Motor Vehicle in Transport,0,No,1,Non-Junction,1,Not an Intersection,0,,4,On Roadside,2,Dark - Not Lighted,1,Clear,0,No Additional Atmospheric Conditions,1,Clear,0,No,0000000,Not Applicable,22,10:00pm-10:59pm,18,18,22,10:00pm-10:59pm,45,45,88,Not Applicable (Not Transported),88,Not Applicable (Not Transported),0,,0,,0,,1,1
41,Oregon,410064,1,1,0,1,1,1,1,39,LANE (39),0,NOT APPLICABLE,4,4,5,May,2019,7,Saturday,23,11:00pm-11:59pm,29,29,0,This section IS NOT on the NHS,3,State Highway,SR-36 ODOT 229,,1,Rural,5,Major Collector,1,State Highway Agency,439,439,44.163575,44.163575,-123.3430778,-123.34307778,0,No Special Jurisdiction,8,Pedestrian,0,The First Harmful Event was Not a Collision with a Motor Vehicle in Transport,0,No,1,Non-Junction,1,Not an Intersection,0,,1,On Roadway,2,Dark - Not Lighted,1,Clear,0,No Additional Atmospheric Conditions,1,Clear,0,No,0000000,Not Applicable,23,11:00pm-11:59pm,28,28,23,11:00pm-11:59pm,35,35,0,0:00am-0:59am,11,11,0,,0,,0,,1,0
41,Oregon,410065,1,1,0,0,1,1,0,17,DESCHUTES (17),0,NOT APPLICABLE,28,28,3,March,2019,5,Thursday,20,8:00pm-8:59pm,1,1,1,This section IS ON the NHS,2,U.S. Highway,US-20 ODOT 17,,1,Rural,3,Principal Arterial - Other,1,State Highway Agency,80,80,44.21439444,44.21439444,-121.4205528,-121.42055278,0,No Special Jurisdiction,30,Utility Pole/Light Support,0,The First Harmful Event was Not a Collision with a Motor Vehicle in Transport,0,No,1,Non-Junction,1,Not an Intersection,0,,4,On Roadside,2,Dark - Not Lighted,2,Rain,0,No Additional Atmospheric Conditions,2,Rain,0,No,0000000,Not Applicable,20,8:00pm-8:59pm,2,2,20,8:00pm-8:59pm,9,9,88,Not Applicable (Not Transported),88,Not Applicable (Not Transported),0,,0,,0,,1,1
41,Oregon,410066,1,1,0,1,1,1,1,9,COLUMBIA (9),1710,RAINIER,7,7,4,April,2019,1,Sunday,4,4:00am-4:59am,40,40,1,This section IS ON the NHS,2,U.S. Highway,US-30 ODOT 92,,2,Urban,3,Principal Arterial - Other,1,State Highway Agency,475,475,46.09329722,46.09329722,-122.948325,-122.948325,0,No Special Jurisdiction,8,Pedestrian,0,The First Harmful Event was Not a Collision with a Motor Vehicle in Transport,0,No,1,Non-Junction,1,Not an Intersection,0,,1,On Roadway,2,Dark - Not Lighted,10,Cloudy,0,No Additional Atmospheric Conditions,10,Cloudy,0,No,0000000,Not Applicable,99,Unknown,99,Unknown,99,Unknown EMS Scene Arrival Hour,99,Unknown EMS Scene Arrival Minutes,88,Not Applicable (Not Transported),88,Not Applicable (Not Transported),0,,0,,0,,1,0
41,Oregon,410067,2,2,0,0,5,5,0,45,MALHEUR (45),0,NOT APPLICABLE,17,17,4,April,2019,4,Wednesday,18,6:00pm-6:59pm,17,17,0,This section IS NOT on the NHS,3,State Highway,SR-201 ODOT 455,,1,Rural,4,Minor Arterial,1,State Highway Agency,209,209,44.10442778,44.10442778,-116.9611417,-116.96114167,0,No Special Jurisdiction,12,Motor Vehicle In-Transport,2,Front-to-Front,0,No,1,Non-Junction,1,Not an Intersection,0,,1,On Roadway,1,Daylight,1,Clear,0,No Additional Atmospheric Conditions,1,Clear,0,No,0000000,Not Applicable,18,6:00pm-6:59pm,18,18,18,6:00pm-6:59pm,26,26,99,Unknown,99,Unknown EMS Hospital Arrival Time,0,,0,,0,,1,0
41,Oregon,410068,2,2,0,0,2,2,0,39,LANE (39),0,NOT APPLICABLE,17,17,5,May,2019,6,Friday,10,10:00am-10:59am,22,22,0,This section IS NOT on the NHS,3,State Highway,SR-200 ODOT 200,CR-HIGH PASS RD,1,Rural,6,Minor Collector,1,State Highway Agency,70,70,44.21516944,44.21516944,-123.2865722,-123.28657222,0,No Special Jurisdiction,12,Motor Vehicle In-Transport,6,Angle,0,No,2,Intersection,2,Four-Way Intersection,0,,1,On Roadway,1,Daylight,10,Cloudy,0,No Additional Atmospheric Conditions,10,Cloudy,0,No,0000000,Not Applicable,10,10:00am-10:59am,22,22,10,10:00am-10:59am,32,32,11,11:00am-11:59am,8,8,0,,0,,0,,1,0
41,Oregon,410069,1,1,0,0,1,1,0,11,COOS (11),1198,LAKESIDE,22,22,5,May,2019,4,Wednesday,21,9:00pm-9:59pm,42,42,1,This section IS ON the NHS,2,U.S. Highway,US-101 ODOT 9,,1,Rural,3,Principal Arterial - Other,1,State Highway Agency,2229,2229,43.57838333,43.57838333,-124.1879972,-124.18799722,0,No Special Jurisdiction,1,Rollover/Overturn,0,The First Harmful Event was Not a Collision with a Motor Vehicle in Transport,0,No,1,Non-Junction,1,Not an Intersection,0,,4,On Roadside,2,Dark - Not Lighted,10,Cloudy,0,No Additional Atmospheric Conditions,10,Cloudy,0,No,0000000,Not Applicable,21,9:00pm-9:59pm,45,45,21,9:00pm-9:59pm,58,58,88,Not Applicable (Not Transported),88,Not Applicable (Not Transported),0,,0,,0,,1,0
41,Oregon,410070,1,1,0,1,2,2,1,67,WASHINGTON (67),2065,TIGARD,4,4,6,June,2019,3,Tuesday,20,8:00pm-8:59pm,27,27,1,This section IS ON the NHS,3,State Highway,SR-99W ODOT 91,,2,Urban,3,Principal Arterial - Other,1,State Highway Agency,102,102,45.41706944,45.41706944,-122.7887833,-122.78878333,0,No Special Jurisdiction,9,Pedalcyclist,0,The First Harmful Event was Not a Collision with a Motor Vehicle in Transport,0,No,1,Non-Junction,1,Not an Intersection,0,,1,On Roadway,1,Daylight,1,Clear,0,No Additional Atmospheric Conditions,1,Clear,0,No,0000000,Not Applicable,20,8:00pm-8:59pm,27,27,20,8:00pm-8:59pm,32,32,88,Not Applicable (Not Transported),88,Not Applicable (Not Transported),0,,0,,0,,1,0
41,Oregon,410071,1,1,0,0,2,2,0,41,LINCOLN (41),0,NOT APPLICABLE,29,29,5,May,2019,4,Wednesday,20,8:00pm-8:59pm,18,18,1,This section IS ON the NHS,2,U.S. Highway,US-101 ODOT 9,,2,Urban,3,Principal Arterial - Other,1,State Highway Agency,1480,1480,44.53244722,44.53244722,-124.0747278,-124.07472778,0,No Special Jurisdiction,42,Tree (Standing Only),0,The First Harmful Event was Not a Collision with a Motor Vehicle in Transport,0,No,1,Non-Junction,1,Not an Intersection,0,,4,On Roadside,1,Daylight,1,Clear,0,No Additional Atmospheric Conditions,1,Clear,0,No,0000000,Not Applicable,20,8:00pm-8:59pm,16,16,20,8:00pm-8:59pm,19,19,88,Not Applicable (Not Transported),88,Not Applicable (Not Transported),0,,0,,0,,1,0
41,Oregon,410072,2,2,0,0,4,4,0,51,MULTNOMAH (51),0,NOT APPLICABLE,29,29,5,May,2019,4,Wednesday,17,5:00pm-5:59pm,0,0,0,This section IS NOT on the NHS,4,County Road,CR-SE STARK ST,,2,Urban,4,Minor Arterial,2,County Highway Agency,0,,45.50964722,45.50964722,-122.3654111,-122.36541111,0,No Special Jurisdiction,12,Motor Vehicle In-Transport,2,Front-to-Front,0,No,1,Non-Junction,1,Not an Intersection,0,,1,On Roadway,1,Daylight,1,Clear,0,No Additional Atmospheric Conditions,1,Clear,0,No,0000000,Not Applicable,99,Unknown,99,Unknown,99,Unknown EMS Scene Arrival Hour,99,Unknown EMS Scene Arrival Minutes,99,Unknown,99,Unknown EMS Hospital Arrival Time,0,,0,,0,,1,1
41,Oregon,410073,3,3,0,0,4,4,0,39,LANE (39),0,NOT APPLICABLE,18,18,5,May,2019,7,Saturday,15,3:00pm-3:59pm,36,36,1,This section IS ON the NHS,3,State Highway,SR-126 ODOT 62,,2,Urban,3,Principal Arterial - Other,1,State Highway Agency,494,494,44.05266944,44.05266944,-123.2983,-123.2983,0,No Special Jurisdiction,12,Motor Vehicle In-Transport,1,Front-to-Rear,0,No,1,Non-Junction,1,Not an Intersection,0,,1,On Roadway,1,Daylight,1,Clear,0,No Additional Atmospheric Conditions,1,Clear,0,No,0000000,Not Applicable,15,3:00pm-3:59pm,36,36,15,3:00pm-3:59pm,39,39,16,4:00pm-4:59pm,32,32,0,,0,,0,,2,0
41,Oregon,410074,1,1,0,0,1,1,0,7,CLATSOP (7),0,NOT APPLICABLE,28,28,4,April,2019,1,Sunday,22,10:00pm-10:59pm,40,40,1,This section IS ON the NHS,2,U.S. Highway,US-26 ODOT 47,,1,Rural,3,Principal Arterial - Other,1,State Highway Agency,73,73,45.90931667,45.90931667,-123.8226472,-123.82264722,0,No Special Jurisdiction,30,Utility Pole/Light Support,0,The First Harmful Event was Not a Collision with a Motor Vehicle in Transport,0,No,1,Non-Junction,1,Not an Intersection,0,,4,On Roadside,2,Dark - Not Lighted,10,Cloudy,0,No Additional Atmospheric Conditions,10,Cloudy,0,No,0000000,Not Applicable,22,10:00pm-10:59pm,44,44,22,10:00pm-10:59pm,48,48,88,Not Applicable (Not Transported),88,Not Applicable (Not Transported),0,,0,,0,,1,1
41,Oregon,410075,1,1,0,0,1,1,0,5,CLACKAMAS (5),0,NOT APPLICABLE,17,17,5,May,2019,6,Friday,99,Unknown Hours,99,Unknown Minutes,1,This section IS ON the NHS,2,U.S. Highway,US-26 ODOT 26,,1,Rural,3,Principal Arterial - Other,1,State Highway Agency,575,575,45.28409722,45.28409722,-121.7129361,-121.71293611,0,No Special Jurisdiction,1,Rollover/Overturn,0,The First Harmful Event was Not a Collision with a Motor Vehicle in Transport,0,No,1,Non-Junction,1,Not an Intersection,0,,4,On Roadside,1,Daylight,10,Cloudy,0,No Additional Atmospheric Conditions,10,Cloudy,0,No,0000000,Not Applicable,14,2:00pm-2:59pm,20,20,14,2:00pm-2:59pm,40,40,88,Not Applicable (Not Transported),88,Not Applicable (Not Transported),0,,0,,0,,1,0
41,Oregon,410076,2,2,0,0,5,5,0,47,MARION (47),1810,SALEM,2,2,6,June,2019,1,Sunday,23,11:00pm-11:59pm,27,27,1,This section IS ON the NHS,3,State Highway,SR-99E ODOT 72,CHERRY AVE NE,2,Urban,2,Principal Arterial - Other Freeways and Expressways,1,State Highway Agency,26,26,44.97290556,44.97290556,-123.0209944,-123.02099444,0,No Special Jurisdiction,12,Motor Vehicle In-Transport,6,Angle,0,No,2,Intersection,2,Four-Way Intersection,0,,1,On Roadway,3,Dark - Lighted,1,Clear,0,No Additional Atmospheric Conditions,1,Clear,0,No,0000000,Not Applicable,23,11:00pm-11:59pm,27,27,23,11:00pm-11:59pm,35,35,99,Unknown,99,Unknown EMS Hospital Arrival Time,0,,0,,0,,3,2
41,Oregon,410077,1,1,0,0,1,1,0,5,CLACKAMAS (5),0,NOT APPLICABLE,2,2,6,June,2019,1,Sunday,14,2:00pm-2:59pm,55,55,0,This section IS NOT on the NHS,3,State Highway,SR-224 ODOT 171,,1,Rural,5,Major Collector,1,State Highway Agency,374,374,45.17931389,45.17931389,-122.1669722,-122.16697222,0,No Special Jurisdiction,17,Boulder,0,The First Harmful Event was Not a Collision with a Motor Vehicle in Transport,0,No,1,Non-Junction,1,Not an Intersection,0,,4,On Roadside,1,Daylight,1,Clear,0,No Additional Atmospheric Conditions,1,Clear,0,No,0000000,Not Applicable,14,2:00pm-2:59pm,57,57,13,1:00pm-1:59pm,25,25,88,Not Applicable (Not Transported),88,Not Applicable (Not Transported),0,,0,,0,,1,0
41,Oregon,410078,1,1,0,1,1,1,1,39,LANE (39),660,EUGENE,22,22,5,May,2019,4,Wednesday,23,11:00pm-11:59pm,52,52,1,This section IS ON the NHS,1,Interstate,I-105,,2,Urban,1,Interstate,1,State Highway Agency,17,17,44.06122778,44.06122778,-123.0845583,-123.08455833,0,No Special Jurisdiction,8,Pedestrian,0,The First Harmful Event was Not a Collision with a Motor Vehicle in Transport,0,No,1,Non-Junction,1,Not an Intersection,0,,1,On Roadway,2,Dark - Not Lighted,10,Cloudy,0,No Additional Atmospheric Conditions,10,Cloudy,0,No,0000000,Not Applicable,23,11:00pm-11:59pm,52,52,23,11:00pm-11:59pm,55,55,88,Not Applicable (Not Transported),88,Not Applicable (Not Transported),0,,0,,0,,1,0
41,Oregon,410079,2,2,0,0,2,2,0,7,CLATSOP (7),0,NOT APPLICABLE,3,3,6,June,2019,2,Monday,21,9:00pm-9:59pm,33,33,1,This section IS ON the NHS,2,U.S. Highway,US-26 ODOT 47,,1,Rural,3,Principal Arterial - Other,1,State Highway Agency,222,222,45.84921944,45.84921944,-123.5323917,-123.53239167,0,No Special Jurisdiction,12,Motor Vehicle In-Transport,2,Front-to-Front,0,No,8,Driveway Access Related,1,Not an Intersection,0,,1,On Roadway,5,Dusk,1,Clear,0,No Additional Atmospheric Conditions,1,Clear,0,No,0000000,Not Applicable,21,9:00pm-9:59pm,34,34,21,9:00pm-9:59pm,35,35,99,Unknown,99,Unknown EMS Hospital Arrival Time,0,,0,,0,,1,0
41,Oregon,410080,1,1,0,0,3,3,0,41,LINCOLN (41),0,NOT APPLICABLE,15,15,6,June,2019,7,Saturday,2,2:00am-2:59am,48,48,0,This section IS NOT on the NHS,4,County Road,CR-1000 LINE RD,,1,Rural,7,Local,2,County Highway Agency,14,14,44.58822778,44.58822778,-123.9397306,-123.93973056,0,No Special Jurisdiction,1,Rollover/Overturn,0,The First Harmful Event was Not a Collision with a Motor Vehicle in Transport,0,No,1,Non-Junction,1,Not an Intersection,0,,4,On Roadside,2,Dark - Not Lighted,1,Clear,0,No Additional Atmospheric Conditions,1,Clear,0,No,0000000,Not Applicable,2,2:00am-2:59am,52,52,3,3:00am-3:59am,10,10,99,Unknown,99,Unknown EMS Hospital Arrival Time,0,,0,,0,,1,1
41,Oregon,410081,1,1,0,0,2,2,0,51,MULTNOMAH (51),1650,PORTLAND,13,13,6,June,2019,5,Thursday,20,8:00pm-8:59pm,39,39,1,This section IS ON the NHS,1,Interstate,I-405,,2,Urban,1,Interstate,1,State Highway Agency,12,12,45.51789444,45.51789444,-122.6872694,-122.68726944,0,No Special Jurisdiction,1,Rollover/Overturn,0,The First Harmful Event was Not a Collision with a Motor Vehicle in Transport,1,Yes,18,Through Roadway,1,Not an Intersection,0,,1,On Roadway,3,Dark - Lighted,1,Clear,0,No Additional Atmospheric Conditions,1,Clear,0,No,0000000,Not Applicable,20,8:00pm-8:59pm,40,40,20,8:00pm-8:59pm,43,43,88,Not Applicable (Not Transported),88,Not Applicable (Not Transported),0,,0,,0,,2,0
41,Oregon,410082,3,3,0,0,3,3,0,47,MARION (47),0,NOT APPLICABLE,28,28,3,March,2019,5,Thursday,12,12:00pm-12:59pm,57,57,1,This section IS ON the NHS,4,County Road,CR-SILVERTON RD NE,,1,Rural,3,Principal Arterial - Other,2,County Highway Agency,11,11,44.99144444,44.99144444,-122.8600389,-122.86003889,0,No Special Jurisdiction,12,Motor Vehicle In-Transport,1,Front-to-Rear,0,No,1,Non-Junction,1,Not an Intersection,0,,1,On Roadway,1,Daylight,1,Clear,0,No Additional Atmospheric Conditions,1,Clear,0,No,0000000,Not Applicable,13,1:00pm-1:59pm,3,3,13,1:00pm-1:59pm,5,5,99,Unknown,99,Unknown EMS Hospital Arrival Time,0,,0,,0,,1,0
41,Oregon,410083,1,1,0,0,2,2,0,47,MARION (47),0,NOT APPLICABLE,13,13,4,April,2019,7,Saturday,2,2:00am-2:59am,53,53,0,This section IS NOT on the NHS,4,County Road,CR-HAZELGREEN RD NE,,1,Rural,4,Minor Arterial,2,County Highway Agency,46,46,45.01109444,45.01109444,-122.8969333,-122.89693333,0,No Special Jurisdiction,30,Utility Pole/Light Support,0,The First Harmful Event was Not a Collision with a Motor Vehicle in Transport,0,No,1,Non-Junction,1,Not an Intersection,0,,4,On Roadside,2,Dark - Not Lighted,1,Clear,0,No Additional Atmospheric Conditions,1,Clear,0,No,0000000,Not Applicable,2,2:00am-2:59am,53,53,3,3:00am-3:59am,2,2,88,Not Applicable (Not Transported),88,Not Applicable (Not Transported),0,,0,,0,,2,0
41,Oregon,410084,1,1,0,0,2,2,0,19,DOUGLAS (19),0,NOT APPLICABLE,5,5,5,May,2019,1,Sunday,13,1:00pm-1:59pm,0,0,1,This section IS ON the NHS,3,State Highway,SR-138 ODOT 138,,1,Rural,3,Principal Arterial - Other,1,State Highway Agency,199,199,43.31144444,43.31144444,-123.070325,-123.070325,0,No Special Jurisdiction,42,Tree (Standing Only),0,The First Harmful Event was Not a Collision with a Motor Vehicle in Transport,0,No,1,Non-Junction,1,Not an Intersection,0,,4,On Roadside,1,Daylight,1,Clear,0,No Additional Atmospheric Conditions,1,Clear,0,No,0000000,Not Applicable,13,1:00pm-1:59pm,0,0,13,1:00pm-1:59pm,9,9,88,Not Applicable (Not Transported),88,Not Applicable (Not Transported),0,,0,,0,,2,0
41,Oregon,410085,1,1,0,0,1,1,0,63,WALLOWA (63),0,NOT APPLICABLE,21,21,5,May,2019,3,Tuesday,12,12:00pm-12:59pm,37,37,0,This section IS NOT on the NHS,4,County Road,CR-CROW CREEK RD A,CR-ELK MTN RD,1,Rural,5,Major Collector,2,County Highway Agency,11,11,45.41116667,45.41116667,-117.2252222,-117.22522222,0,No Special Jurisdiction,34,Ditch,0,The First Harmful Event was Not a Collision with a Motor Vehicle in Transport,0,No,3,Intersection-Related,2,Four-Way Intersection,0,,4,On Roadside,1,Daylight,98,Not Reported,0,No Additional Atmospheric Conditions,98,Not Reported,0,No,0000000,Not Applicable,12,12:00pm-12:59pm,35,35,12,12:00pm-12:59pm,43,43,13,1:00pm-1:59pm,3,3,0,,0,,0,,1,0
41,Oregon,410086,1,1,0,0,1,1,0,59,UMATILLA (59),0,NOT APPLICABLE,28,28,5,May,2019,3,Tuesday,99,Unknown Hours,99,Unknown Minutes,0,This section IS NOT on the NHS,4,County Road,CR-MILL RD,,1,Rural,7,Local,2,County Highway Agency,4,4,45.53831111,45.53831111,-118.8487417,-118.84874167,0,No Special Jurisdiction,35,Embankment,0,The First Harmful Event was Not a Collision with a Motor Vehicle in Transport,0,No,1,Non-Junction,1,Not an Intersection,0,,4,On Roadside,9,Reported as Unknown,1,Clear,0,No Additional Atmospheric Conditions,1,Clear,0,No,0000000,Not Applicable,99,Unknown,99,Unknown,99,Unknown EMS Scene Arrival Hour,99,Unknown EMS Scene Arrival Minutes,88,Not Applicable (Not Transported),88,Not Applicable (Not Transported),22,Speed Limit is a Statutory Limit as Recorded or was determined as this state`s `basic rule`,0,,0,,1,0
41,Oregon,410087,1,1,0,0,1,1,0,37,LAKE (37),0,NOT APPLICABLE,1,1,6,June,2019,7,Saturday,22,10:00pm-10:59pm,45,45,0,This section IS NOT on the NHS,4,County Road,CR-FORT ROCK RD,,1,Rural,5,Major Collector,2,County Highway Agency,215,215,43.25021389,43.25021389,-120.91815,-120.91815,0,No Special Jurisdiction,30,Utility Pole/Light Support,0,The First Harmful Event was Not a Collision with a Motor Vehicle in Transport,0,No,1,Non-Junction,1,Not an Intersection,0,,4,On Roadside,2,Dark - Not Lighted,1,Clear,0,No Additional Atmospheric Conditions,1,Clear,0,No,0000000,Not Applicable,99,Unknown,98,Unknown if Notified,99,Unknown EMS Scene Arrival Hour,98,Unknown if Arrived,88,Not Applicable (Not Transported),88,Not Applicable (Not Transported),0,,0,,0,,1,0
41,Oregon,410088,2,2,0,0,2,2,0,51,MULTNOMAH (51),1650,PORTLAND,21,21,6,June,2019,6,Friday,19,7:00pm-7:59pm,38,38,1,This section IS ON the NHS,1,Interstate,I-84,,2,Urban,1,Interstate,1,State Highway Agency,114,114,45.5464,45.5464,-122.5373861,-122.53738611,0,No Special Jurisdiction,12,Motor Vehicle In-Transport,1,Front-to-Rear,0,No,1,Non-Junction,1,Not an Intersection,0,,1,On Roadway,5,Dusk,1,Clear,0,No Additional Atmospheric Conditions,1,Clear,0,No,0000000,Not Applicable,99,Unknown,99,Unknown,99,Unknown EMS Scene Arrival Hour,99,Unknown EMS Scene Arrival Minutes,88,Not Applicable (Not Transported),88,Not Applicable (Not Transported),0,,0,,0,,1,0
41,Oregon,410089,2,2,0,0,2,2,0,37,LAKE (37),0,NOT APPLICABLE,15,15,6,June,2019,7,Saturday,18,6:00pm-6:59pm,46,46,1,This section IS ON the NHS,2,U.S. Highway,US-395 ODOT 19,,1,Rural,3,Principal Arterial - Other,1,State Highway Agency,1357,1357,42.29306944,42.29306944,-120.3469472,-120.34694722,0,No Special Jurisdiction,12,Motor Vehicle In-Transport,2,Front-to-Front,0,No,1,Non-Junction,1,Not an Intersection,0,,1,On Roadway,1,Daylight,1,Clear,0,No Additional Atmospheric Conditions,1,Clear,0,No,0000000,Not Applicable,18,6:00pm-6:59pm,46,46,19,7:00pm-7:59pm,0,0,19,7:00pm-7:59pm,24,24,0,,0,,0,,1,0
41,Oregon,410090,2,2,0,0,3,3,0,47,MARION (47),0,NOT APPLICABLE,16,16,6,June,2019,1,Sunday,13,1:00pm-1:59pm,15,15,1,This section IS ON the NHS,6,Local Street - Municipality,CR-MCKAY RD NE,,1,Rural,3,Principal Arterial - Other,4,City or Municipal Highway Agency,13,13,45.22884444,45.22884444,-122.8803556,-122.88035556,0,No Special Jurisdiction,12,Motor Vehicle In-Transport,2,Front-to-Front,0,No,1,Non-Junction,1,Not an Intersection,0,,1,On Roadway,1,Daylight,1,Clear,0,No Additional Atmospheric Conditions,1,Clear,0,No,0000000,Not Applicable,13,1:00pm-1:59pm,15,15,13,1:00pm-1:59pm,22,22,14,2:00pm-2:59pm,3,3,0,,0,,0,,2,1
41,Oregon,410091,1,1,0,0,1,1,0,69,WHEELER (69),0,NOT APPLICABLE,27,27,6,June,2019,5,Thursday,99,Unknown Hours,99,Unknown Minutes,1,This section IS ON the NHS,2,U.S. Highway,US-26 ODOT 41,,1,Rural,3,Principal Arterial - Other,1,State Highway Agency,840,840,44.5512,44.5512,-119.8612278,-119.86122778,0,No Special Jurisdiction,1,Rollover/Overturn,0,The First Harmful Event was Not a Collision with a Motor Vehicle in Transport,0,No,1,Non-Junction,1,Not an Intersection,0,,5,Outside Trafficway,2,Dark - Not Lighted,2,Rain,0,No Additional Atmospheric Conditions,2,Rain,0,No,0000000,Not Applicable,99,Unknown,99,Unknown,99,Unknown EMS Scene Arrival Hour,99,Unknown EMS Scene Arrival Minutes,88,Not Applicable (Not Transported),88,Not Applicable (Not Transported),0,,0,,0,,1,0
41,Oregon,410092,1,1,0,0,1,1,0,43,LINN (43),0,NOT APPLICABLE,5,5,6,June,2019,4,Wednesday,20,8:00pm-8:59pm,30,30,0,This section IS NOT on the NHS,4,County Road,CR-ROGERS MOUNTAIN LP,,1,Rural,7,Local,2,County Highway Agency,7,7,44.70074167,44.70074167,-122.7937889,-122.79378889,0,No Special Jurisdiction,42,Tree (Standing Only),0,The First Harmful Event was Not a Collision with a Motor Vehicle in Transport,0,No,1,Non-Junction,1,Not an Intersection,0,,4,On Roadside,1,Daylight,1,Clear,0,No Additional Atmospheric Conditions,1,Clear,0,No,0000000,Not Applicable,20,8:00pm-8:59pm,30,30,20,8:00pm-8:59pm,38,38,88,Not Applicable (Not Transported),88,Not Applicable (Not Transported),0,,0,,0,,1,1
41,Oregon,410093,2,2,0,0,2,2,0,51,MULTNOMAH (51),880,GRESHAM,12,12,6,June,2019,4,Wednesday,15,3:00pm-3:59pm,33,33,1,This section IS ON the NHS,6,Local Street - Municipality,NE BURNSIDE RD,,2,Urban,3,Principal Arterial - Other,4,City or Municipal Highway Agency,0,,45.49969167,45.49969167,-122.4117167,-122.41171667,0,No Special Jurisdiction,12,Motor Vehicle In-Transport,6,Angle,0,No,8,Driveway Access Related,1,Not an Intersection,0,,1,On Roadway,1,Daylight,1,Clear,0,No Additional Atmospheric Conditions,1,Clear,0,No,0000000,Not Applicable,15,3:00pm-3:59pm,42,42,15,3:00pm-3:59pm,46,46,88,Not Applicable (Not Transported),88,Not Applicable (Not Transported),0,,0,,0,,1,0
41,Oregon,410094,1,1,0,1,1,1,1,5,CLACKAMAS (5),1830,SANDY,3,3,3,March,2019,1,Sunday,2,2:00am-2:59am,12,12,1,This section IS ON the NHS,3,State Highway,SR- 26 ODOT 26,,2,Urban,3,Principal Arterial - Other,1,State Highway Agency,224,224,45.40574722,45.40574722,-122.293875,-122.293875,0,No Special Jurisdiction,8,Pedestrian,0,The First Harmful Event was Not a Collision with a Motor Vehicle in Transport,0,No,1,Non-Junction,1,Not an Intersection,0,,1,On Roadway,2,Dark - Not Lighted,1,Clear,0,No Additional Atmospheric Conditions,1,Clear,0,No,0000000,Not Applicable,99,Unknown,99,Unknown,99,Unknown EMS Scene Arrival Hour,99,Unknown EMS Scene Arrival Minutes,88,Not Applicable (Not Transported),88,Not Applicable (Not Transported),0,,0,,0,,1,0
41,Oregon,410095,1,1,0,1,1,1,1,51,MULTNOMAH (51),1650,PORTLAND,4,4,1,January,2019,6,Friday,7,7:00am-7:59am,6,6,0,This section IS NOT on the NHS,6,Local Street - Municipality,SW PARK AVE,,2,Urban,5,Major Collector,4,City or Municipal Highway Agency,0,,45.51759444,45.51759444,-122.6816444,-122.68164444,0,No Special Jurisdiction,8,Pedestrian,0,The First Harmful Event was Not a Collision with a Motor Vehicle in Transport,0,No,1,Non-Junction,1,Not an Intersection,0,,1,On Roadway,3,Dark - Lighted,10,Cloudy,0,No Additional Atmospheric Conditions,10,Cloudy,0,No,0000000,Not Applicable,7,7:00am-7:59am,6,6,7,7:00am-7:59am,11,11,7,7:00am-7:59am,24,24,0,,0,,0,,1,0
41,Oregon,410096,1,1,0,1,1,1,1,51,MULTNOMAH (51),1650,PORTLAND,5,5,1,January,2019,7,Saturday,14,2:00pm-2:59pm,50,50,0,This section IS NOT on the NHS,6,Local Street - Municipality,NE AIRPORT WAY,,2,Urban,4,Minor Arterial,4,City or Municipal Highway Agency,0,,45.55319722,45.55319722,-122.4877083,-122.48770833,0,No Special Jurisdiction,8,Pedestrian,0,The First Harmful Event was Not a Collision with a Motor Vehicle in Transport,0,No,1,Non-Junction,1,Not an Intersection,0,,4,On Roadside,1,Daylight,10,Cloudy,0,No Additional Atmospheric Conditions,10,Cloudy,0,No,0000000,Not Applicable,99,Unknown,99,Unknown,99,Unknown EMS Scene Arrival Hour,99,Unknown EMS Scene Arrival Minutes,88,Not Applicable (Not Transported),88,Not Applicable (Not Transported),0,,0,,0,,1,0
41,Oregon,410097,1,1,0,0,1,1,0,47,MARION (47),0,NOT APPLICABLE,2,2,2,February,2019,7,Saturday,18,6:00pm-6:59pm,21,21,0,This section IS NOT on the NHS,4,County Road,CR-CHAMPOEG RD NE,,1,Rural,6,Minor Collector,2,County Highway Agency,28,28,45.24766944,45.24766944,-122.8884806,-122.88848056,0,No Special Jurisdiction,42,Tree (Standing Only),0,The First Harmful Event was Not a Collision with a Motor Vehicle in Transport,0,No,1,Non-Junction,1,Not an Intersection,0,,4,On Roadside,2,Dark - Not Lighted,1,Clear,0,No Additional Atmospheric Conditions,1,Clear,0,No,0000000,Not Applicable,18,6:00pm-6:59pm,21,21,18,6:00pm-6:59pm,25,25,88,Not Applicable (Not Transported),88,Not Applicable (Not Transported),0,,0,,0,,1,1
41,Oregon,410098,2,2,0,0,4,4,0,11,COOS (11),0,NOT APPLICABLE,4,4,2,February,2019,2,Monday,9,9:00am-9:59am,41,41,1,This section IS ON the NHS,2,U.S. Highway,US-101 ODOT 9,,1,Rural,3,Principal Arterial - Other,1,State Highway Agency,2308,2308,43.47508889,43.47508889,-124.2240889,-124.22408889,0,No Special Jurisdiction,12,Motor Vehicle In-Transport,6,Angle,0,No,1,Non-Junction,1,Not an Intersection,0,,1,On Roadway,1,Daylight,4,Snow,0,No Additional Atmospheric Conditions,4,Snow,0,No,0000000,Not Applicable,9,9:00am-9:59am,41,41,9,9:00am-9:59am,44,44,10,10:00am-10:59am,17,17,0,,0,,0,,2,0
41,Oregon,410099,1,1,0,0,1,1,0,15,CURRY (15),0,NOT APPLICABLE,4,4,2,February,2019,2,Monday,17,5:00pm-5:59pm,55,55,1,This section IS ON the NHS,2,U.S. Highway,US-101 ODOT 9,,1,Rural,3,Principal Arterial - Other,1,State Highway Agency,3448,3448,42.18733889,42.18733889,-124.3629472,-124.36294722,0,No Special Jurisdiction,42,Tree (Standing Only),0,The First Harmful Event was Not a Collision with a Motor Vehicle in Transport,0,No,1,Non-Junction,1,Not an Intersection,0,,4,On Roadside,2,Dark - Not Lighted,10,Cloudy,0,No Additional Atmospheric Conditions,10,Cloudy,0,No,0000000,Not Applicable,18,6:00pm-6:59pm,5,5,18,6:00pm-6:59pm,25,25,88,Not Applicable (Not Transported),88,Not Applicable (Not Transported),0,,0,,0,,1,0
41,Oregon,410100,2,2,0,0,2,2,0,47,MARION (47),0,NOT APPLICABLE,8,8,2,February,2019,6,Friday,20,8:00pm-8:59pm,9,9,0,This section IS NOT on the NHS,4,County Road,CR-RIVER RD NE,,1,Rural,4,Minor Arterial,2,County Highway Agency,40,40,45.06360556,45.06360556,-122.9810222,-122.98102222,0,No Special Jurisdiction,12,Motor Vehicle In-Transport,2,Front-to-Front,0,No,1,Non-Junction,1,Not an Intersection,0,,1,On Roadway,2,Dark - Not Lighted,2,Rain,0,No Additional Atmospheric Conditions,2,Rain,0,No,0000000,Not Applicable,20,8:00pm-8:59pm,9,9,20,8:00pm-8:59pm,18,18,20,8:00pm-8:59pm,50,50,0,,0,,0,,1,0
41,Oregon,410101,1,1,0,0,1,1,0,67,WASHINGTON (67),0,NOT APPLICABLE,15,15,2,February,2019,6,Friday,18,6:00pm-6:59pm,0,0,0,This section IS NOT on the NHS,4,County Road,CR-NW BRONSON RD,,2,Urban,5,Major Collector,2,County Highway Agency,0,,45.53627222,45.53627222,-122.8515028,-122.85150278,0,No Special Jurisdiction,42,Tree (Standing Only),0,The First Harmful Event was Not a Collision with a Motor Vehicle in Transport,0,No,1,Non-Junction,1,Not an Intersection,0,,4,On Roadside,2,Dark - Not Lighted,2,Rain,0,No Additional Atmospheric Conditions,2,Rain,0,No,0000000,Not Applicable,18,6:00pm-6:59pm,0,0,18,6:00pm-6:59pm,8,8,18,6:00pm-6:59pm,39,39,0,,0,,0,,1,0
41,Oregon,410102,1,1,0,2,1,1,2,63,WALLOWA (63),640,ENTERPRISE,15,15,2,February,2019,6,Friday,17,5:00pm-5:59pm,35,35,1,This section IS ON the NHS,3,State Highway,SR-82 ODOT 10,NW HOLMES ST,1,Rural,3,Principal Arterial - Other,1,State Highway Agency,646,646,45.42699722,45.42699722,-117.2851667,-117.28516667,0,No Special Jurisdiction,8,Pedestrian,0,The First Harmful Event was Not a Collision with a Motor Vehicle in Transport,0,No,3,Intersection-Related,2,Four-Way Intersection,0,,1,On Roadway,3,Dark - Lighted,2,Rain,0,No Additional Atmospheric Conditions,2,Rain,0,No,0000000,Not Applicable,17,5:00pm-5:59pm,35,35,17,5:00pm-5:59pm,40,40,18,6:00pm-6:59pm,3,3,0,,0,,0,,1,0
41,Oregon,410103,1,1,0,0,1,1,0,43,LINN (43),20,ALBANY,20,20,2,February,2019,4,Wednesday,18,6:00pm-6:59pm,31,31,0,This section IS NOT on the NHS,6,Local Street - Municipality,34TH AVE SW,,2,Urban,4,Minor Arterial,4,City or Municipal Highway Agency,0,,44.61022778,44.61022778,-123.1008111,-123.10081111,0,No Special Jurisdiction,42,Tree (Standing Only),0,The First Harmful Event was Not a Collision with a Motor Vehicle in Transport,0,No,1,Non-Junction,1,Not an Intersection,0,,4,On Roadside,3,Dark - Lighted,2,Rain,0,No Additional Atmospheric Conditions,2,Rain,0,No,0000000,Not Applicable,18,6:00pm-6:59pm,32,32,18,6:00pm-6:59pm,33,33,18,6:00pm-6:59pm,52,52,0,,0,,0,,1,0
41,Oregon,410104,2,2,0,0,2,2,0,51,MULTNOMAH (51),880,GRESHAM,16,16,3,March,2019,7,Saturday,23,11:00pm-11:59pm,41,41,1,This section IS ON the NHS,6,Local Street - Municipality,NE HOGAN DR,,2,Urban,3,Principal Arterial - Other,4,City or Municipal Highway Agency,0,,45.50500833,45.50500833,-122.4139306,-122.41393056,0,No Special Jurisdiction,12,Motor Vehicle In-Transport,6,Angle,0,No,8,Driveway Access Related,1,Not an Intersection,0,,1,On Roadway,3,Dark - Lighted,1,Clear,0,No Additional Atmospheric Conditions,1,Clear,0,No,0000000,Not Applicable,99,Unknown,99,Unknown,99,Unknown EMS Scene Arrival Hour,99,Unknown EMS Scene Arrival Minutes,88,Not Applicable (Not Transported),88,Not Applicable (Not Transported),0,,0,,0,,1,0
41,Oregon,410105,1,1,0,0,3,3,0,47,MARION (47),0,NOT APPLICABLE,21,21,3,March,2019,5,Thursday,18,6:00pm-6:59pm,26,26,0,This section IS NOT on the NHS,4,County Road,CR-HOCHSPEIER RD SE,,1,Rural,7,Local,2,County Highway Agency,1,1,44.79076111,44.79076111,-123.0319139,-123.03191389,0,No Special Jurisdiction,1,Rollover/Overturn,0,The First Harmful Event was Not a Collision with a Motor Vehicle in Transport,0,No,1,Non-Junction,1,Not an Intersection,0,,4,On Roadside,1,Daylight,10,Cloudy,0,No Additional Atmospheric Conditions,10,Cloudy,0,No,0000000,Not Applicable,18,6:00pm-6:59pm,34,34,18,6:00pm-6:59pm,43,43,19,7:00pm-7:59pm,18,18,20,Police Pursuit Involved,0,,0,,1,0
41,Oregon,410106,2,2,0,0,3,3,0,51,MULTNOMAH (51),1650,PORTLAND,22,22,5,May,2019,4,Wednesday,8,8:00am-8:59am,41,41,1,This section IS ON the NHS,6,Local Street - Municipality,N GREELEY AVE,,2,Urban,4,Minor Arterial,4,City or Municipal Highway Agency,0,,45.55041944,45.55041944,-122.6880417,-122.68804167,0,No Special Jurisdiction,12,Motor Vehicle In-Transport,6,Angle,0,No,1,Non-Junction,1,Not an Intersection,0,,1,On Roadway,1,Daylight,1,Clear,0,No Additional Atmospheric Conditions,1,Clear,0,No,0000000,Not Applicable,8,8:00am-8:59am,43,43,8,8:00am-8:59am,46,46,88,Not Applicable (Not Transported),88,Not Applicable (Not Transported),0,,0,,0,,2,0
41,Oregon,410107,1,1,0,0,1,1,0,67,WASHINGTON (67),0,NOT APPLICABLE,24,24,1,January,2019,5,Thursday,14,2:00pm-2:59pm,0,0,1,This section IS ON the NHS,2,U.S. Highway,US-26 ODOT 47,,1,Rural,2,Principal Arterial - Other Freeways and Expressways,1,State Highway Agency,408,408,45.73116667,45.73116667,-123.2533194,-123.25331944,0,No Special Jurisdiction,39,Wall,0,The First Harmful Event was Not a Collision with a Motor Vehicle in Transport,0,No,1,Non-Junction,1,Not an Intersection,0,,4,On Roadside,1,Daylight,10,Cloudy,0,No Additional Atmospheric Conditions,10,Cloudy,0,No,0000000,Not Applicable,14,2:00pm-2:59pm,1,1,14,2:00pm-2:59pm,10,10,88,Not Applicable (Not Transported),88,Not Applicable (Not Transported),0,,0,,0,,1,0
41,Oregon,410108,2,2,0,0,3,3,0,19,DOUGLAS (19),2020,SUTHERLIN,23,23,1,January,2019,4,Wednesday,18,6:00pm-6:59pm,53,53,1,This section IS ON the NHS,1,Interstate,I-5,,2,Urban,1,Interstate,1,State Highway Agency,1363,1363,43.38470556,43.38470556,-123.3378889,-123.33788889,0,No Special Jurisdiction,12,Motor Vehicle In-Transport,1,Front-to-Rear,0,No,1,Non-Junction,1,Not an Intersection,0,,1,On Roadway,3,Dark - Lighted,10,Cloudy,0,No Additional Atmospheric Conditions,10,Cloudy,0,No,0000000,Not Applicable,18,6:00pm-6:59pm,53,53,18,6:00pm-6:59pm,55,55,19,7:00pm-7:59pm,34,34,0,,0,,0,,1,1
41,Oregon,410109,1,1,0,0,2,2,0,19,DOUGLAS (19),0,NOT APPLICABLE,19,19,1,January,2019,7,Saturday,22,10:00pm-10:59pm,20,20,1,This section IS ON the NHS,3,State Highway,SR-42 ODOT 35,,1,Rural,3,Principal Arterial - Other,1,State Highway Agency,654,654,43.10321111,43.10321111,-123.5468806,-123.54688056,0,No Special Jurisdiction,30,Utility Pole/Light Support,0,The First Harmful Event was Not a Collision with a Motor Vehicle in Transport,0,No,1,Non-Junction,1,Not an Intersection,0,,4,On Roadside,2,Dark - Not Lighted,2,Rain,0,No Additional Atmospheric Conditions,2,Rain,0,No,0000000,Not Applicable,22,10:00pm-10:59pm,26,26,22,10:00pm-10:59pm,35,35,23,11:00pm-11:59pm,0,0,0,,0,,0,,1,1
41,Oregon,410110,1,1,0,1,1,1,1,51,MULTNOMAH (51),0,NOT APPLICABLE,12,12,1,January,2019,7,Saturday,13,1:00pm-1:59pm,36,36,1,This section IS ON the NHS,2,U.S. Highway,US-30 ODOT 92,,2,Urban,3,Principal Arterial - Other,1,State Highway Agency,172,172,45.70573889,45.70573889,-122.8722333,-122.87223333,0,No Special Jurisdiction,9,Pedalcyclist,0,The First Harmful Event was Not a Collision with a Motor Vehicle in Transport,0,No,1,Non-Junction,1,Not an Intersection,0,,1,On Roadway,8,Not Reported,1,Clear,0,No Additional Atmospheric Conditions,1,Clear,0,No,0000000,Not Applicable,13,1:00pm-1:59pm,36,36,13,1:00pm-1:59pm,47,47,88,Not Applicable (Not Transported),88,Not Applicable (Not Transported),0,,0,,0,,1,0
41,Oregon,410111,3,3,0,0,6,6,0,51,MULTNOMAH (51),1650,PORTLAND,12,12,1,January,2019,7,Saturday,17,5:00pm-5:59pm,25,25,1,This section IS ON the NHS,1,Interstate,I-5,,2,Urban,1,Interstate,1,State Highway Agency,3052,3052,45.57434444,45.57434444,-122.6785417,-122.67854167,0,No Special Jurisdiction,12,Motor Vehicle In-Transport,1,Front-to-Rear,0,No,1,Non-Junction,1,Not an Intersection,0,,1,On Roadway,3,Dark - Lighted,1,Clear,0,No Additional Atmospheric Conditions,1,Clear,0,No,0000000,Not Applicable,17,5:00pm-5:59pm,30,30,17,5:00pm-5:59pm,39,39,18,6:00pm-6:59pm,5,5,0,,0,,0,,1,0
41,Oregon,410112,1,1,0,0,1,1,0,3,BENTON (3),0,NOT APPLICABLE,21,21,1,January,2019,2,Monday,7,7:00am-7:59am,30,30,1,This section IS ON the NHS,3,State Highway,SR-20 ODOT 31,,2,Urban,3,Principal Arterial - Other,1,State Highway Agency,14,14,44.57965,44.57965,-123.240225,-123.240225,0,No Special Jurisdiction,42,Tree (Standing Only),0,The First Harmful Event was Not a Collision with a Motor Vehicle in Transport,0,No,1,Non-Junction,1,Not an Intersection,0,,5,Outside Trafficway,1,Daylight,5,"Fog, Smog, Smoke",0,No Additional Atmospheric Conditions,5,"Fog, Smog, Smoke",0,No,0000000,Not Applicable,7,7:00am-7:59am,32,32,7,7:00am-7:59am,35,35,88,Not Applicable (Not Transported),88,Not Applicable (Not Transported),0,,0,,0,,1,0
41,Oregon,410113,3,3,0,0,7,7,0,19,DOUGLAS (19),0,NOT APPLICABLE,4,4,2,February,2019,2,Monday,15,3:00pm-3:59pm,31,31,1,This section IS ON the NHS,3,State Highway,SR-42 ODOT 35,,2,Urban,3,Principal Arterial - Other,1,State Highway Agency,760,760,43.14772778,43.14772778,-123.3757167,-123.37571667,0,No Special Jurisdiction,12,Motor Vehicle In-Transport,1,Front-to-Rear,0,No,1,Non-Junction,1,Not an Intersection,0,,1,On Roadway,1,Daylight,10,Cloudy,0,No Additional Atmospheric Conditions,10,Cloudy,0,No,0000000,Not Applicable,15,3:00pm-3:59pm,29,29,15,3:00pm-3:59pm,49,49,16,4:00pm-4:59pm,15,15,0,,0,,0,,1,0
41,Oregon,410114,1,1,0,1,1,1,1,67,WASHINGTON (67),0,NOT APPLICABLE,11,11,2,February,2019,2,Monday,20,8:00pm-8:59pm,58,58,1,This section IS ON the NHS,3,State Highway,SR-8 ODOT 29,SW 178TH AVE,2,Urban,3,Principal Arterial - Other,1,State Highway Agency,62,62,45.49314167,45.49314167,-122.8604194,-122.86041944,0,No Special Jurisdiction,8,Pedestrian,0,The First Harmful Event was Not a Collision with a Motor Vehicle in Transport,0,No,3,Intersection-Related,3,T-Intersection,0,,1,On Roadway,3,Dark - Lighted,2,Rain,0,No Additional Atmospheric Conditions,2,Rain,0,No,0000000,Not Applicable,99,Unknown,99,Unknown,99,Unknown EMS Scene Arrival Hour,99,Unknown EMS Scene Arrival Minutes,99,Unknown,99,Unknown EMS Hospital Arrival Time,0,,0,,0,,1,0
41,Oregon,410115,2,2,0,0,2,2,0,59,UMATILLA (59),0,NOT APPLICABLE,22,22,2,February,2019,6,Friday,18,6:00pm-6:59pm,58,58,1,This section IS ON the NHS,3,State Highway,SR-11 ODOT 8,,1,Rural,3,Principal Arterial - Other,1,State Highway Agency,204,204,45.83679444,45.83679444,-118.4198167,-118.41981667,0,No Special Jurisdiction,12,Motor Vehicle In-Transport,2,Front-to-Front,0,No,1,Non-Junction,1,Not an Intersection,0,,1,On Roadway,3,Dark - Lighted,6,Severe Crosswinds,0,No Additional Atmospheric Conditions,6,Severe Crosswinds,0,No,0000000,Not Applicable,19,7:00pm-7:59pm,1,1,19,7:00pm-7:59pm,9,9,88,Not Applicable (Not Transported),88,Not Applicable (Not Transported),20,Police Pursuit Involved,0,,0,,1,1
41,Oregon,410116,1,1,0,0,5,5,0,67,WASHINGTON (67),0,NOT APPLICABLE,23,23,2,February,2019,7,Saturday,7,7:00am-7:59am,4,4,0,This section IS NOT on the NHS,3,State Highway,SR-6 ODOT 37,,1,Rural,4,Minor Arterial,1,State Highway Agency,414,414,45.61908889,45.61908889,-123.2555083,-123.25550833,0,No Special Jurisdiction,42,Tree (Standing Only),0,The First Harmful Event was Not a Collision with a Motor Vehicle in Transport,0,No,1,Non-Junction,1,Not an Intersection,0,,4,On Roadside,1,Daylight,10,Cloudy,0,No Additional Atmospheric Conditions,10,Cloudy,0,No,0000000,Not Applicable,7,7:00am-7:59am,22,22,7,7:00am-7:59am,38,38,8,8:00am-8:59am,54,54,0,,0,,0,,1,0
41,Oregon,410117,2,2,0,0,2,2,0,43,LINN (43),0,NOT APPLICABLE,7,7,3,March,2019,5,Thursday,5,5:00am-5:59am,44,44,1,This section IS ON the NHS,3,State Highway,SR-34 ODOT 210,,1,Rural,3,Principal Arterial - Other,1,State Highway Agency,60,60,44.561225,44.561225,-123.1405222,-123.14052222,0,No Special Jurisdiction,12,Motor Vehicle In-Transport,8,Sideswipe - Opposite Direction,0,No,1,Non-Junction,1,Not an Intersection,0,,1,On Roadway,3,Dark - Lighted,10,Cloudy,0,No Additional Atmospheric Conditions,10,Cloudy,0,No,0000000,Not Applicable,99,Unknown,99,Unknown,99,Unknown EMS Scene Arrival Hour,99,Unknown EMS Scene Arrival Minutes,99,Unknown,99,Unknown EMS Hospital Arrival Time,0,,0,,0,,1,1
41,Oregon,410118,1,1,0,1,1,1,1,67,WASHINGTON (67),0,NOT APPLICABLE,9,9,3,March,2019,7,Saturday,18,6:00pm-6:59pm,50,50,1,This section IS ON the NHS,3,State Highway,SR-8 ODOT 29,,2,Urban,3,Principal Arterial - Other,1,State Highway Agency,148,148,45.51995278,45.51995278,-123.0208694,-123.02086944,0,No Special Jurisdiction,8,Pedestrian,0,The First Harmful Event was Not a Collision with a Motor Vehicle in Transport,0,No,1,Non-Junction,1,Not an Intersection,0,,1,On Roadway,1,Daylight,98,Not Reported,0,No Additional Atmospheric Conditions,98,Not Reported,0,No,0000000,Not Applicable,19,7:00pm-7:59pm,51,51,19,7:00pm-7:59pm,51,51,20,8:00pm-8:59pm,25,25,0,,0,,0,,1,0
41,Oregon,410119,1,1,0,1,1,1,1,47,MARION (47),1168,KEIZER,12,12,3,March,2019,3,Tuesday,15,3:00pm-3:59pm,5,5,0,This section IS NOT on the NHS,6,Local Street - Municipality,CHEMAWA RD NE,,2,Urban,4,Minor Arterial,4,City or Municipal Highway Agency,0,,44.99689167,44.99689167,-123.0262278,-123.02622778,0,No Special Jurisdiction,8,Pedestrian,0,The First Harmful Event was Not a Collision with a Motor Vehicle in Transport,0,No,4,Driveway Access,1,Not an Intersection,0,,1,On Roadway,1,Daylight,10,Cloudy,0,No Additional Atmospheric Conditions,10,Cloudy,0,No,0000000,Not Applicable,15,3:00pm-3:59pm,5,5,15,3:00pm-3:59pm,8,8,15,3:00pm-3:59pm,28,28,0,,0,,0,,1,0
41,Oregon,410120,2,2,0,0,3,3,0,53,POLK (53),0,NOT APPLICABLE,16,16,3,March,2019,7,Saturday,8,8:00am-8:59am,40,40,0,This section IS NOT on the NHS,3,State Highway,SR-99 ODOT 91,CR-SUVER RD,1,Rural,4,Minor Arterial,1,State Highway Agency,706,706,44.74407778,44.74407778,-123.2230611,-123.22306111,0,No Special Jurisdiction,12,Motor Vehicle In-Transport,6,Angle,0,No,2,Intersection,2,Four-Way Intersection,0,,1,On Roadway,1,Daylight,1,Clear,0,No Additional Atmospheric Conditions,1,Clear,0,No,0000000,Not Applicable,10,10:00am-10:59am,39,39,10,10:00am-10:59am,50,50,99,Unknown,99,Unknown EMS Hospital Arrival Time,0,,0,,0,,1,1
41,Oregon,410121,1,1,0,0,1,1,0,33,JOSEPHINE (33),0,NOT APPLICABLE,23,23,3,March,2019,7,Saturday,99,Unknown Hours,99,Unknown Minutes,0,This section IS NOT on the NHS,4,County Road,CR-KINCAID RD,,1,Rural,7,Local,2,County Highway Agency,19,19,42.216075,42.216075,-123.278925,-123.278925,0,No Special Jurisdiction,42,Tree (Standing Only),0,The First Harmful Event was Not a Collision with a Motor Vehicle in Transport,0,No,1,Non-Junction,1,Not an Intersection,0,,4,On Roadside,2,Dark - Not Lighted,98,Not Reported,0,No Additional Atmospheric Conditions,98,Not Reported,0,No,0000000,Not Applicable,8,8:00am-8:59am,18,18,8,8:00am-8:59am,35,35,88,Not Applicable (Not Transported),88,Not Applicable (Not Transported),0,,0,,0,,1,1
41,Oregon,410122,2,2,0,0,2,2,0,29,JACKSON (29),0,NOT APPLICABLE,26,26,3,March,2019,3,Tuesday,14,2:00pm-2:59pm,22,22,0,This section IS NOT on the NHS,6,Local Street - Municipality,AVE G,,2,Urban,5,Major Collector,4,City or Municipal Highway Agency,19,19,42.43688611,42.43688611,-122.8471111,-122.84711111,0,No Special Jurisdiction,12,Motor Vehicle In-Transport,6,Angle,0,No,8,Driveway Access Related,1,Not an Intersection,0,,1,On Roadway,1,Daylight,1,Clear,0,No Additional Atmospheric Conditions,1,Clear,0,No,0000000,Not Applicable,14,2:00pm-2:59pm,23,23,14,2:00pm-2:59pm,28,28,15,3:00pm-3:59pm,0,0,0,,0,,0,,1,1
41,Oregon,410123,2,2,0,0,3,3,0,67,WASHINGTON (67),0,NOT APPLICABLE,30,30,3,March,2019,7,Saturday,15,3:00pm-3:59pm,45,45,1,This section IS ON the NHS,3,State Highway,SR-99 ODOT 91,,2,Urban,3,Principal Arterial - Other,1,State Highway Agency,139,139,45.38026389,45.38026389,-122.8313667,-122.83136667,0,No Special Jurisdiction,12,Motor Vehicle In-Transport,7,Sideswipe - Same Direction,0,No,8,Driveway Access Related,1,Not an Intersection,0,,1,On Roadway,1,Daylight,1,Clear,0,No Additional Atmospheric Conditions,1,Clear,0,No,0000000,Not Applicable,15,3:00pm-3:59pm,45,45,15,3:00pm-3:59pm,50,50,16,4:00pm-4:59pm,27,27,0,,0,,0,,1,1
41,Oregon,410124,1,1,0,0,1,1,0,29,JACKSON (29),0,NOT APPLICABLE,7,7,4,April,2019,1,Sunday,0,0:00am-0:59am,30,30,0,This section IS NOT on the NHS,4,County Road,CR-ANTIOCH RD,,1,Rural,6,Minor Collector,2,County Highway Agency,18,18,42.49276111,42.49276111,-122.8941667,-122.89416667,0,No Special Jurisdiction,34,Ditch,0,The First Harmful Event was Not a Collision with a Motor Vehicle in Transport,0,No,1,Non-Junction,1,Not an Intersection,0,,4,On Roadside,2,Dark - Not Lighted,1,Clear,0,No Additional Atmospheric Conditions,1,Clear,0,No,0000000,Not Applicable,6,6:00am-6:59am,42,42,6,6:00am-6:59am,53,53,88,Not Applicable (Not Transported),88,Not Applicable (Not Transported),0,,0,,0,,1,1
41,Oregon,410125,2,2,0,0,2,2,0,51,MULTNOMAH (51),1650,PORTLAND,10,10,4,April,2019,4,Wednesday,15,3:00pm-3:59pm,16,16,1,This section IS ON the NHS,1,Interstate,I-5 ROSS ISLAND BRIDGE RAMP,,2,Urban,1,Interstate,1,State Highway Agency,3,3,45.49967222,45.49967222,-122.6728611,-122.67286111,0,No Special Jurisdiction,25,Concrete Traffic Barrier,0,The First Harmful Event was Not a Collision with a Motor Vehicle in Transport,1,Yes,19,Other location within Interchange Area,1,Not an Intersection,0,,4,On Roadside,1,Daylight,10,Cloudy,0,No Additional Atmospheric Conditions,10,Cloudy,0,No,0000000,Not Applicable,15,3:00pm-3:59pm,18,18,15,3:00pm-3:59pm,23,23,15,3:00pm-3:59pm,51,51,0,,0,,0,,1,0
41,Oregon,410126,1,1,0,1,1,1,1,51,MULTNOMAH (51),1650,PORTLAND,10,10,4,April,2019,4,Wednesday,22,10:00pm-10:59pm,20,20,1,This section IS ON the NHS,6,Local Street - Municipality,N FESSEDEN ST,N POLK AVE,2,Urban,5,Major Collector,4,City or Municipal Highway Agency,0,,45.59513056,45.59513056,-122.742175,-122.742175,0,No Special Jurisdiction,8,Pedestrian,0,The First Harmful Event was Not a Collision with a Motor Vehicle in Transport,0,No,3,Intersection-Related,2,Four-Way Intersection,0,,1,On Roadway,3,Dark - Lighted,2,Rain,10,Cloudy,2,Rain,0,No,0000000,Not Applicable,99,Unknown,98,Unknown if Notified,99,Unknown EMS Scene Arrival Hour,98,Unknown if Arrived,88,Not Applicable (Not Transported),88,Not Applicable (Not Transported),0,,0,,0,,1,0
41,Oregon,410127,1,1,0,1,1,1,1,5,CLACKAMAS (5),1197,LAKE OSWEGO,10,10,4,April,2019,4,Wednesday,15,3:00pm-3:59pm,0,0,0,This section IS NOT on the NHS,6,Local Street - Municipality,FERNWOOD DR,,2,Urban,6,Minor Collector,4,City or Municipal Highway Agency,0,,45.40353056,45.40353056,-122.6984556,-122.69845556,0,No Special Jurisdiction,8,Pedestrian,0,The First Harmful Event was Not a Collision with a Motor Vehicle in Transport,0,No,1,Non-Junction,1,Not an Intersection,0,,1,On Roadway,1,Daylight,2,Rain,0,No Additional Atmospheric Conditions,2,Rain,0,No,0000000,Not Applicable,15,3:00pm-3:59pm,0,0,15,3:00pm-3:59pm,4,4,99,Unknown,99,Unknown EMS Hospital Arrival Time,0,,0,,0,,1,0
41,Oregon,410128,1,1,0,0,2,2,0,51,MULTNOMAH (51),1650,PORTLAND,11,11,4,April,2019,5,Thursday,1,1:00am-1:59am,36,36,0,This section IS NOT on the NHS,6,Local Street - Municipality,SE FOSTER RD,,2,Urban,4,Minor Arterial,4,City or Municipal Highway Agency,0,,45.47686667,45.47686667,-122.5252806,-122.52528056,0,No Special Jurisdiction,42,Tree (Standing Only),0,The First Harmful Event was Not a Collision with a Motor Vehicle in Transport,0,No,1,Non-Junction,1,Not an Intersection,0,,4,On Roadside,3,Dark - Lighted,2,Rain,10,Cloudy,2,Rain,0,No,0000000,Not Applicable,1,1:00am-1:59am,37,37,1,1:00am-1:59am,37,37,2,2:00am-2:59am,18,18,0,,0,,0,,1,1
41,Oregon,410129,1,1,0,0,2,2,0,35,KLAMATH (35),0,NOT APPLICABLE,12,12,4,April,2019,6,Friday,1,1:00am-1:59am,23,23,0,This section IS NOT on the NHS,4,County Road,CR-LAKE SHORE DR,,2,Urban,5,Major Collector,4,City or Municipal Highway Agency,20,20,42.23932222,42.23932222,-121.8306139,-121.83061389,0,No Special Jurisdiction,42,Tree (Standing Only),0,The First Harmful Event was Not a Collision with a Motor Vehicle in Transport,0,No,1,Non-Junction,1,Not an Intersection,0,,4,On Roadside,2,Dark - Not Lighted,1,Clear,0,No Additional Atmospheric Conditions,1,Clear,0,No,0000000,Not Applicable,1,1:00am-1:59am,23,23,1,1:00am-1:59am,31,31,1,1:00am-1:59am,48,48,0,,0,,0,,1,1
41,Oregon,410130,1,1,0,0,1,1,0,71,YAMHILL (71),0,NOT APPLICABLE,18,18,4,April,2019,5,Thursday,19,7:00pm-7:59pm,55,55,0,This section IS NOT on the NHS,4,County Road,CR-EAGLE POINT RD,,1,Rural,7,Local,2,County Highway Agency,20,20,45.16945,45.16945,-123.3121722,-123.31217222,0,No Special Jurisdiction,35,Embankment,0,The First Harmful Event was Not a Collision with a Motor Vehicle in Transport,0,No,1,Non-Junction,1,Not an Intersection,0,,4,On Roadside,5,Dusk,1,Clear,0,No Additional Atmospheric Conditions,1,Clear,0,No,0000000,Not Applicable,19,7:00pm-7:59pm,55,55,20,8:00pm-8:59pm,6,6,88,Not Applicable (Not Transported),88,Not Applicable (Not Transported),0,,0,,0,,1,1
41,Oregon,410131,2,2,0,0,2,2,0,3,BENTON (3),0,NOT APPLICABLE,3,3,5,May,2019,6,Friday,8,8:00am-8:59am,4,4,1,This section IS ON the NHS,2,U.S. Highway,US-20 ODOT 33,,1,Rural,3,Principal Arterial - Other,1,State Highway Agency,445,445,44.59409167,44.59409167,-123.4404611,-123.44046111,0,No Special Jurisdiction,12,Motor Vehicle In-Transport,2,Front-to-Front,0,No,1,Non-Junction,1,Not an Intersection,0,,1,On Roadway,1,Daylight,1,Clear,0,No Additional Atmospheric Conditions,1,Clear,0,No,0000000,Not Applicable,8,8:00am-8:59am,6,6,8,8:00am-8:59am,12,12,88,Not Applicable (Not Transported),88,Not Applicable (Not Transported),0,,0,,0,,1,0
41,Oregon,410132,2,2,0,0,2,2,0,51,MULTNOMAH (51),1650,PORTLAND,3,3,5,May,2019,6,Friday,14,2:00pm-2:59pm,51,51,0,This section IS NOT on the NHS,6,Local Street - Municipality,E BURNSIDE ST,SE 17TH AVE,2,Urban,4,Minor Arterial,4,City or Municipal Highway Agency,0,,45.52291389,45.52291389,-122.6485167,-122.64851667,0,No Special Jurisdiction,12,Motor Vehicle In-Transport,2,Front-to-Front,0,No,2,Intersection,2,Four-Way Intersection,0,,1,On Roadway,1,Daylight,1,Clear,0,No Additional Atmospheric Conditions,1,Clear,0,No,0000000,Not Applicable,14,2:00pm-2:59pm,51,51,14,2:00pm-2:59pm,54,54,15,3:00pm-3:59pm,17,17,0,,0,,0,,1,0
41,Oregon,410134,2,1,1,2,1,1,2,53,POLK (53),0,NOT APPLICABLE,12,12,5,May,2019,1,Sunday,23,11:00pm-11:59pm,15,15,0,This section IS NOT on the NHS,4,County Road,CR-CORVALLIS RD,,1,Rural,5,Major Collector,2,County Highway Agency,16,16,44.82438333,44.82438333,-123.1884556,-123.18845556,0,No Special Jurisdiction,8,Pedestrian,0,The First Harmful Event was Not a Collision with a Motor Vehicle in Transport,0,No,1,Non-Junction,1,Not an Intersection,0,,1,On Roadway,2,Dark - Not Lighted,1,Clear,0,No Additional Atmospheric Conditions,1,Clear,0,No,0000000,Not Applicable,23,11:00pm-11:59pm,29,29,23,11:00pm-11:59pm,37,37,0,0:00am-0:59am,9,9,23,Indication of a Stalled/Disabled Vehicle,0,,0,,1,0
41,Oregon,410136,2,2,0,0,4,4,0,33,JOSEPHINE (33),0,NOT APPLICABLE,1,1,6,June,2019,7,Saturday,20,8:00pm-8:59pm,35,35,1,This section IS ON the NHS,2,U.S. Highway,US-199 ODOT 25,,1,Rural,3,Principal Arterial - Other,1,State Highway Agency,218,218,42.28501111,42.28501111,-123.6139056,-123.61390556,0,No Special Jurisdiction,12,Motor Vehicle In-Transport,2,Front-to-Front,0,No,1,Non-Junction,1,Not an Intersection,0,,1,On Roadway,5,Dusk,1,Clear,0,No Additional Atmospheric Conditions,1,Clear,0,No,0000000,Not Applicable,20,8:00pm-8:59pm,38,38,20,8:00pm-8:59pm,41,41,22,10:00pm-10:59pm,7,7,0,,0,,0,,1,1
41,Oregon,410137,1,1,0,0,1,1,0,33,JOSEPHINE (33),0,NOT APPLICABLE,1,1,6,June,2019,7,Saturday,3,3:00am-3:59am,19,19,0,This section IS NOT on the NHS,4,County Road,CR-W PICKETT CREEK RD,,1,Rural,7,Local,2,County Highway Agency,8,8,42.49966667,42.49966667,-123.5079583,-123.50795833,0,No Special Jurisdiction,1,Rollover/Overturn,0,The First Harmful Event was Not a Collision with a Motor Vehicle in Transport,0,No,1,Non-Junction,1,Not an Intersection,0,,4,On Roadside,2,Dark - Not Lighted,1,Clear,0,No Additional Atmospheric Conditions,1,Clear,0,No,0000000,Not Applicable,3,3:00am-3:59am,19,19,3,3:00am-3:59am,30,30,99,Unknown,99,Unknown EMS Hospital Arrival Time,0,,0,,0,,1,0
41,Oregon,410138,1,1,0,0,3,3,0,49,MORROW (49),0,NOT APPLICABLE,2,2,6,June,2019,1,Sunday,2,2:00am-2:59am,58,58,1,This section IS ON the NHS,1,Interstate,I-84,,1,Rural,1,Interstate,1,State Highway Agency,1750,1750,45.81599444,45.81599444,-119.5143833,-119.51438333,0,No Special Jurisdiction,1,Rollover/Overturn,0,The First Harmful Event was Not a Collision with a Motor Vehicle in Transport,0,No,1,Non-Junction,1,Not an Intersection,0,,4,On Roadside,2,Dark - Not Lighted,1,Clear,0,No Additional Atmospheric Conditions,1,Clear,0,No,0000000,Not Applicable,3,3:00am-3:59am,0,0,3,3:00am-3:59am,17,17,3,3:00am-3:59am,44,44,0,,0,,0,,1,1
41,Oregon,410139,2,2,0,0,6,6,0,41,LINCOLN (41),0,NOT APPLICABLE,2,2,6,June,2019,1,Sunday,15,3:00pm-3:59pm,50,50,1,This section IS ON the NHS,2,U.S. Highway,US-101 ODOT 9,,1,Rural,3,Principal Arterial - Other,1,State Highway Agency,1340,1340,44.72696111,44.72696111,-124.0577444,-124.05774444,0,No Special Jurisdiction,24,Guardrail Face,0,The First Harmful Event was Not a Collision with a Motor Vehicle in Transport,0,No,1,Non-Junction,1,Not an Intersection,0,,4,On Roadside,1,Daylight,1,Clear,0,No Additional Atmospheric Conditions,1,Clear,0,No,0000000,Not Applicable,15,3:00pm-3:59pm,50,50,15,3:00pm-3:59pm,57,57,16,4:00pm-4:59pm,25,25,0,,0,,0,,1,1
41,Oregon,410140,1,1,0,0,1,1,0,67,WASHINGTON (67),0,NOT APPLICABLE,3,3,6,June,2019,2,Monday,99,Unknown Hours,99,Unknown Minutes,0,This section IS NOT on the NHS,4,County Road,CR-NW MEEK RD,,2,Urban,6,Minor Collector,2,County Highway Agency,0,,45.57182778,45.57182778,-122.9598111,-122.95981111,0,No Special Jurisdiction,1,Rollover/Overturn,0,The First Harmful Event was Not a Collision with a Motor Vehicle in Transport,0,No,1,Non-Junction,1,Not an Intersection,0,,4,On Roadside,9,Reported as Unknown,99,Reported as Unknown,0,No Additional Atmospheric Conditions,99,Reported as Unknown,0,No,0000000,Not Applicable,16,4:00pm-4:59pm,48,48,16,4:00pm-4:59pm,54,54,88,Not Applicable (Not Transported),88,Not Applicable (Not Transported),0,,0,,0,,1,0
41,Oregon,410141,1,1,0,1,3,3,1,19,DOUGLAS (19),0,NOT APPLICABLE,6,6,6,June,2019,5,Thursday,13,1:00pm-1:59pm,45,45,0,This section IS NOT on the NHS,4,County Road,CR-STANTON PARK RD,,1,Rural,6,Minor Collector,2,County Highway Agency,7,7,42.94801667,42.94801667,-123.3057833,-123.30578333,0,No Special Jurisdiction,8,Pedestrian,0,The First Harmful Event was Not a Collision with a Motor Vehicle in Transport,0,No,1,Non-Junction,1,Not an Intersection,0,,1,On Roadway,1,Daylight,1,Clear,0,No Additional Atmospheric Conditions,1,Clear,0,No,0000000,Not Applicable,13,1:00pm-1:59pm,46,46,13,1:00pm-1:59pm,51,51,99,Unknown,99,Unknown EMS Hospital Arrival Time,0,,0,,0,,1,0
41,Oregon,410142,2,2,0,0,2,2,0,33,JOSEPHINE (33),0,NOT APPLICABLE,7,7,6,June,2019,6,Friday,7,7:00am-7:59am,8,8,1,This section IS ON the NHS,2,U.S. Highway,US-199 ODOT 25,,1,Rural,3,Principal Arterial - Other,1,State Highway Agency,79,79,42.42423889,42.42423889,-123.3357,-123.3357,0,No Special Jurisdiction,12,Motor Vehicle In-Transport,2,Front-to-Front,0,No,1,Non-Junction,1,Not an Intersection,0,,1,On Roadway,1,Daylight,10,Cloudy,0,No Additional Atmospheric Conditions,10,Cloudy,0,No,0000000,Not Applicable,7,7:00am-7:59am,3,3,7,7:00am-7:59am,12,12,7,7:00am-7:59am,32,32,0,,0,,0,,1,0
41,Oregon,410143,1,1,0,0,1,1,0,7,CLATSOP (7),0,NOT APPLICABLE,9,9,6,June,2019,1,Sunday,2,2:00am-2:59am,40,40,1,This section IS ON the NHS,2,U.S. Highway,US-30 ODOT 92,,1,Rural,3,Principal Arterial - Other,1,State Highway Agency,919,919,46.16806944,46.16806944,-123.7427611,-123.74276111,0,No Special Jurisdiction,42,Tree (Standing Only),0,The First Harmful Event was Not a Collision with a Motor Vehicle in Transport,0,No,1,Non-Junction,1,Not an Intersection,0,,4,On Roadside,2,Dark - Not Lighted,1,Clear,0,No Additional Atmospheric Conditions,1,Clear,0,No,0000000,Not Applicable,2,2:00am-2:59am,55,55,3,3:00am-3:59am,8,8,88,Not Applicable (Not Transported),88,Not Applicable (Not Transported),0,,0,,0,,1,1
41,Oregon,410144,2,2,0,0,2,2,0,43,LINN (43),0,NOT APPLICABLE,10,10,6,June,2019,2,Monday,16,4:00pm-4:59pm,24,24,0,This section IS NOT on the NHS,2,U.S. Highway,US-20 ODOT 16,,1,Rural,4,Minor Arterial,1,State Highway Agency,40,40,44.62978889,44.62978889,-123.0005167,-123.00051667,0,No Special Jurisdiction,12,Motor Vehicle In-Transport,2,Front-to-Front,0,No,1,Non-Junction,1,Not an Intersection,0,,1,On Roadway,1,Daylight,1,Clear,0,No Additional Atmospheric Conditions,1,Clear,0,No,0000000,Not Applicable,16,4:00pm-4:59pm,24,24,16,4:00pm-4:59pm,26,26,99,Unknown,99,Unknown EMS Hospital Arrival Time,0,,0,,0,,1,0
41,Oregon,410145,2,2,0,0,2,2,0,3,BENTON (3),0,NOT APPLICABLE,11,11,6,June,2019,3,Tuesday,12,12:00pm-12:59pm,50,50,0,This section IS NOT on the NHS,4,County Road,CR-ALPINE RD,,1,Rural,5,Major Collector,2,County Highway Agency,41,41,44.3294,44.3294,-123.3705083,-123.37050833,0,No Special Jurisdiction,12,Motor Vehicle In-Transport,2,Front-to-Front,0,No,1,Non-Junction,1,Not an Intersection,0,,1,On Roadway,1,Daylight,1,Clear,0,No Additional Atmospheric Conditions,1,Clear,0,No,0000000,Not Applicable,13,1:00pm-1:59pm,22,22,13,1:00pm-1:59pm,57,57,14,2:00pm-2:59pm,17,17,0,,0,,0,,1,0
41,Oregon,410146,2,2,0,0,2,2,0,11,COOS (11),0,NOT APPLICABLE,12,12,6,June,2019,4,Wednesday,4,4:00am-4:59am,46,46,1,This section IS ON the NHS,3,State Highway,SR-42 ODOT 35,,1,Rural,3,Principal Arterial - Other,1,State Highway Agency,82,82,43.19919444,43.19919444,-124.2354694,-124.23546944,0,No Special Jurisdiction,12,Motor Vehicle In-Transport,2,Front-to-Front,0,No,1,Non-Junction,1,Not an Intersection,0,,1,On Roadway,4,Dawn,1,Clear,0,No Additional Atmospheric Conditions,1,Clear,0,No,0000000,Not Applicable,4,4:00am-4:59am,47,47,4,4:00am-4:59am,52,52,99,Unknown,99,Unknown EMS Hospital Arrival Time,0,,0,,0,,1,0
41,Oregon,410147,1,1,0,0,1,1,0,43,LINN (43),0,NOT APPLICABLE,12,12,6,June,2019,4,Wednesday,99,Unknown Hours,99,Unknown Minutes,0,This section IS NOT on the NHS,4,County Road,CR-UPPER CALAPOOIA DR,,1,Rural,5,Major Collector,2,County Highway Agency,24,24,44.33057222,44.33057222,-122.7523417,-122.75234167,0,No Special Jurisdiction,34,Ditch,0,The First Harmful Event was Not a Collision with a Motor Vehicle in Transport,0,No,1,Non-Junction,1,Not an Intersection,0,,4,On Roadside,9,Reported as Unknown,99,Reported as Unknown,0,No Additional Atmospheric Conditions,99,Reported as Unknown,0,No,0000000,Not Applicable,18,6:00pm-6:59pm,27,27,18,6:00pm-6:59pm,31,31,88,Not Applicable (Not Transported),88,Not Applicable (Not Transported),0,,0,,0,,1,1
41,Oregon,410148,1,1,0,1,1,1,1,35,KLAMATH (35),0,NOT APPLICABLE,15,15,6,June,2019,7,Saturday,3,3:00am-3:59am,46,46,1,This section IS ON the NHS,3,State Highway,SR-39 ODOT 20,GARY ST,2,Urban,3,Principal Arterial - Other,1,State Highway Agency,34,34,42.20643611,42.20643611,-121.7338194,-121.73381944,0,No Special Jurisdiction,8,Pedestrian,0,The First Harmful Event was Not a Collision with a Motor Vehicle in Transport,0,No,3,Intersection-Related,3,T-Intersection,0,,1,On Roadway,2,Dark - Not Lighted,1,Clear,0,No Additional Atmospheric Conditions,1,Clear,0,No,0000000,Not Applicable,3,3:00am-3:59am,46,46,3,3:00am-3:59am,54,54,88,Not Applicable (Not Transported),88,Not Applicable (Not Transported),0,,0,,0,,1,0
41,Oregon,410149,2,2,0,0,3,3,0,19,DOUGLAS (19),0,NOT APPLICABLE,17,17,6,June,2019,2,Monday,16,4:00pm-4:59pm,34,34,0,This section IS NOT on the NHS,4,County Road,CR-TYEE RD,,1,Rural,6,Minor Collector,4,City or Municipal Highway Agency,36,36,43.38025,43.38025,-123.5190056,-123.51900556,0,No Special Jurisdiction,12,Motor Vehicle In-Transport,2,Front-to-Front,0,No,1,Non-Junction,1,Not an Intersection,0,,1,On Roadway,1,Daylight,1,Clear,0,No Additional Atmospheric Conditions,1,Clear,0,No,0000000,Not Applicable,16,4:00pm-4:59pm,34,34,16,4:00pm-4:59pm,54,54,99,Unknown,99,Unknown EMS Hospital Arrival Time,0,,0,,0,,1,0
41,Oregon,410150,1,1,0,1,1,1,1,35,KLAMATH (35),0,NOT APPLICABLE,18,18,6,June,2019,3,Tuesday,20,8:00pm-8:59pm,32,32,1,This section IS ON the NHS,3,State Highway,SR-140 ODOT 20,,1,Rural,3,Principal Arterial - Other,1,State Highway Agency,82,82,42.18089722,42.18089722,-121.6495056,-121.64950556,0,No Special Jurisdiction,8,Pedestrian,0,The First Harmful Event was Not a Collision with a Motor Vehicle in Transport,0,No,1,Non-Junction,1,Not an Intersection,1,Construction,2,On Shoulder,5,Dusk,1,Clear,0,No Additional Atmospheric Conditions,1,Clear,0,No,0000000,Not Applicable,20,8:00pm-8:59pm,32,32,20,8:00pm-8:59pm,38,38,88,Not Applicable (Not Transported),88,Not Applicable (Not Transported),0,,0,,0,,1,0
41,Oregon,410151,1,1,0,0,1,1,0,57,TILLAMOOK (57),0,NOT APPLICABLE,19,19,6,June,2019,4,Wednesday,16,4:00pm-4:59pm,43,43,0,This section IS NOT on the NHS,3,State Highway,SR-6 ODOT 37,,1,Rural,4,Minor Arterial,1,State Highway Agency,44,44,45.46626944,45.46626944,-123.7531278,-123.75312778,0,No Special Jurisdiction,42,Tree (Standing Only),0,The First Harmful Event was Not a Collision with a Motor Vehicle in Transport,0,No,1,Non-Junction,1,Not an Intersection,0,,5,Outside Trafficway,1,Daylight,1,Clear,0,No Additional Atmospheric Conditions,1,Clear,0,No,0000000,Not Applicable,16,4:00pm-4:59pm,43,43,16,4:00pm-4:59pm,47,47,88,Not Applicable (Not Transported),88,Not Applicable (Not Transported),0,,0,,0,,1,0
41,Oregon,410152,1,1,0,0,2,2,0,25,HARNEY (25),0,NOT APPLICABLE,19,19,6,June,2019,4,Wednesday,11,11:00am-11:59am,15,15,0,This section IS NOT on the NHS,3,State Highway,SR-78 ODOT 442,,1,Rural,4,Minor Arterial,1,State Highway Agency,224,224,43.43894167,43.43894167,-118.6928194,-118.69281944,0,No Special Jurisdiction,1,Rollover/Overturn,0,The First Harmful Event was Not a Collision with a Motor Vehicle in Transport,0,No,1,Non-Junction,1,Not an Intersection,0,,98,Not Reported,1,Daylight,1,Clear,0,No Additional Atmospheric Conditions,1,Clear,0,No,0000000,Not Applicable,11,11:00am-11:59am,19,19,11,11:00am-11:59am,43,43,88,Not Applicable (Not Transported),88,Not Applicable (Not Transported),0,,0,,0,,2,0
41,Oregon,410153,2,2,0,0,3,3,0,39,LANE (39),0,NOT APPLICABLE,19,19,6,June,2019,4,Wednesday,18,6:00pm-6:59pm,26,26,0,This section IS NOT on the NHS,3,State Highway,SR-99W ODOT 91,,1,Rural,4,Minor Arterial,1,State Highway Agency,1062,1062,44.26024722,44.26024722,-123.2279139,-123.22791389,0,No Special Jurisdiction,12,Motor Vehicle In-Transport,2,Front-to-Front,0,No,1,Non-Junction,1,Not an Intersection,0,,1,On Roadway,1,Daylight,1,Clear,0,No Additional Atmospheric Conditions,1,Clear,0,No,0000000,Not Applicable,18,6:00pm-6:59pm,32,32,19,7:00pm-7:59pm,3,3,19,7:00pm-7:59pm,23,23,0,,0,,0,,1,0
41,Oregon,410154,1,1,0,0,1,1,0,37,LAKE (37),0,NOT APPLICABLE,20,20,6,June,2019,5,Thursday,99,Unknown Hours,99,Unknown Minutes,0,This section IS NOT on the NHS,8,Other,USFS RD 17,,1,Rural,7,Local,64,U.S. Forest Service,21,21,42.18477222,42.18477222,-120.275525,-120.275525,0,No Special Jurisdiction,42,Tree (Standing Only),0,The First Harmful Event was Not a Collision with a Motor Vehicle in Transport,0,No,1,Non-Junction,1,Not an Intersection,0,,4,On Roadside,1,Daylight,1,Clear,0,No Additional Atmospheric Conditions,1,Clear,0,No,0000000,Not Applicable,4,4:00am-4:59am,28,28,99,Unknown EMS Scene Arrival Hour,99,Unknown EMS Scene Arrival Minutes,88,Not Applicable (Not Transported),88,Not Applicable (Not Transported),0,,0,,0,,1,1
41,Oregon,410155,1,1,0,1,5,5,1,43,LINN (43),0,NOT APPLICABLE,8,8,4,April,2019,2,Monday,23,11:00pm-11:59pm,45,45,1,This section IS ON the NHS,1,Interstate,I-5,,1,Rural,1,Interstate,1,State Highway Agency,2162,2162,44.38442778,44.38442778,-123.0615722,-123.06157222,0,No Special Jurisdiction,8,Pedestrian,0,The First Harmful Event was Not a Collision with a Motor Vehicle in Transport,0,No,1,Non-Junction,1,Not an Intersection,0,,1,On Roadway,6,Dark - Unknown Lighting,2,Rain,0,No Additional Atmospheric Conditions,2,Rain,0,No,0000000,Not Applicable,23,11:00pm-11:59pm,45,45,23,11:00pm-11:59pm,55,55,88,Not Applicable (Not Transported),88,Not Applicable (Not Transported),23,Indication of a Stalled/Disabled Vehicle,0,,0,,1,0
41,Oregon,410156,1,1,0,1,1,1,1,51,MULTNOMAH (51),1650,PORTLAND,23,23,6,June,2019,1,Sunday,3,3:00am-3:59am,30,30,0,This section IS NOT on the NHS,6,Local Street - Municipality,SE FLAVEL ST,SE 78TH AVE,2,Urban,5,Major Collector,4,City or Municipal Highway Agency,0,,45.46866944,45.46866944,-122.5829306,-122.58293056,0,No Special Jurisdiction,8,Pedestrian,0,The First Harmful Event was Not a Collision with a Motor Vehicle in Transport,0,No,3,Intersection-Related,3,T-Intersection,0,,1,On Roadway,3,Dark - Lighted,1,Clear,0,No Additional Atmospheric Conditions,1,Clear,0,No,0000000,Not Applicable,99,Unknown,99,Unknown,99,Unknown EMS Scene Arrival Hour,99,Unknown EMS Scene Arrival Minutes,88,Not Applicable (Not Transported),88,Not Applicable (Not Transported),0,,0,,0,,1,1
41,Oregon,410157,1,1,0,0,1,1,0,19,DOUGLAS (19),0,NOT APPLICABLE,22,22,6,June,2019,7,Saturday,99,Unknown Hours,99,Unknown Minutes,0,This section IS NOT on the NHS,4,County Road,CR-COW CREEK RD A,,1,Rural,5,Major Collector,2,County Highway Agency,5,5,42.92315278,42.92315278,-123.4335222,-123.43352222,0,No Special Jurisdiction,42,Tree (Standing Only),0,The First Harmful Event was Not a Collision with a Motor Vehicle in Transport,0,No,1,Non-Junction,1,Not an Intersection,0,,4,On Roadside,9,Reported as Unknown,1,Clear,0,No Additional Atmospheric Conditions,1,Clear,0,No,0000000,Not Applicable,14,2:00pm-2:59pm,0,0,14,2:00pm-2:59pm,10,10,88,Not Applicable (Not Transported),88,Not Applicable (Not Transported),0,,0,,0,,1,1
41,Oregon,410158,2,2,0,0,2,2,0,9,COLUMBIA (9),0,NOT APPLICABLE,24,24,6,June,2019,2,Monday,20,8:00pm-8:59pm,3,3,1,This section IS ON the NHS,2,U.S. Highway,US-30 ODOT 092,,2,Urban,3,Principal Arterial - Other,1,State Highway Agency,274,274,45.844825,45.844825,-122.8343194,-122.83431944,0,No Special Jurisdiction,12,Motor Vehicle In-Transport,1,Front-to-Rear,0,No,1,Non-Junction,1,Not an Intersection,0,,1,On Roadway,1,Daylight,1,Clear,0,No Additional Atmospheric Conditions,1,Clear,0,No,0000000,Not Applicable,20,8:00pm-8:59pm,3,3,20,8:00pm-8:59pm,10,10,20,8:00pm-8:59pm,48,48,0,,0,,0,,1,1
41,Oregon,410159,1,1,0,0,1,1,0,51,MULTNOMAH (51),1650,PORTLAND,25,25,6,June,2019,3,Tuesday,17,5:00pm-5:59pm,43,43,0,This section IS NOT on the NHS,6,Local Street - Municipality,NE LOMBARD ST-42ND AVE RAMP,,2,Urban,5,Major Collector,4,City or Municipal Highway Agency,0,,45.56970556,45.56970556,-122.6206944,-122.62069444,0,No Special Jurisdiction,42,Tree (Standing Only),0,The First Harmful Event was Not a Collision with a Motor Vehicle in Transport,0,No,1,Non-Junction,1,Not an Intersection,0,,4,On Roadside,1,Daylight,1,Clear,0,No Additional Atmospheric Conditions,1,Clear,0,No,0000000,Not Applicable,99,Unknown,99,Unknown,99,Unknown EMS Scene Arrival Hour,99,Unknown EMS Scene Arrival Minutes,99,Unknown,99,Unknown EMS Hospital Arrival Time,0,,0,,0,,1,1
41,Oregon,410160,1,1,0,1,2,2,1,33,JOSEPHINE (33),0,NOT APPLICABLE,29,29,6,June,2019,7,Saturday,22,10:00pm-10:59pm,42,42,1,This section IS ON the NHS,1,Interstate,I-5,,2,Urban,1,Interstate,1,State Highway Agency,591,591,42.47311944,42.47311944,-123.3421111,-123.34211111,0,No Special Jurisdiction,8,Pedestrian,0,The First Harmful Event was Not a Collision with a Motor Vehicle in Transport,0,No,1,Non-Junction,1,Not an Intersection,0,,1,On Roadway,2,Dark - Not Lighted,1,Clear,0,No Additional Atmospheric Conditions,1,Clear,0,No,0000000,Not Applicable,22,10:00pm-10:59pm,42,42,22,10:00pm-10:59pm,50,50,23,11:00pm-11:59pm,11,11,0,,0,,0,,1,0
41,Oregon,410161,2,2,0,0,3,3,0,39,LANE (39),0,NOT APPLICABLE,30,30,6,June,2019,1,Sunday,14,2:00pm-2:59pm,28,28,0,This section IS NOT on the NHS,3,State Highway,SR-36 ODOT 229,,1,Rural,5,Major Collector,1,State Highway Agency,363,363,44.17326667,44.17326667,-123.444375,-123.444375,0,No Special Jurisdiction,12,Motor Vehicle In-Transport,2,Front-to-Front,0,No,1,Non-Junction,1,Not an Intersection,0,,1,On Roadway,1,Daylight,1,Clear,0,No Additional Atmospheric Conditions,1,Clear,0,No,0000000,Not Applicable,99,Unknown,99,Unknown,99,Unknown EMS Scene Arrival Hour,99,Unknown EMS Scene Arrival Minutes,99,Unknown,99,Unknown EMS Hospital Arrival Time,0,,0,,0,,1,0
41,Oregon,410162,2,2,0,0,5,5,0,69,WHEELER (69),0,NOT APPLICABLE,4,4,7,July,2019,5,Thursday,11,11:00am-11:59am,35,35,0,This section IS NOT on the NHS,3,State Highway,SR-207 ODOT 390,,1,Rural,5,Major Collector,1,State Highway Agency,189,189,44.62358611,44.62358611,-120.117075,-120.117075,0,No Special Jurisdiction,12,Motor Vehicle In-Transport,6,Angle,0,No,1,Non-Junction,1,Not an Intersection,0,,1,On Roadway,1,Daylight,1,Clear,0,No Additional Atmospheric Conditions,1,Clear,0,No,0000000,Not Applicable,11,11:00am-11:59am,43,43,11,11:00am-11:59am,58,58,88,Not Applicable (Not Transported),88,Not Applicable (Not Transported),0,,0,,0,,1,0
41,Oregon,410163,1,1,0,0,3,3,0,65,WASCO (65),0,NOT APPLICABLE,6,6,7,July,2019,7,Saturday,17,5:00pm-5:59pm,30,30,1,This section IS ON the NHS,2,U.S. Highway,US-26 ODOT 53,,1,Rural,3,Principal Arterial - Other,1,State Highway Agency,810,810,45.01906944,45.01906944,-121.5104333,-121.51043333,0,No Special Jurisdiction,1,Rollover/Overturn,0,The First Harmful Event was Not a Collision with a Motor Vehicle in Transport,0,No,1,Non-Junction,1,Not an Intersection,0,,4,On Roadside,1,Daylight,1,Clear,0,No Additional Atmospheric Conditions,1,Clear,0,No,0000000,Not Applicable,17,5:00pm-5:59pm,34,34,17,5:00pm-5:59pm,53,53,18,6:00pm-6:59pm,55,55,0,,0,,0,,1,0
41,Oregon,410164,2,2,0,0,2,2,0,7,CLATSOP (7),0,NOT APPLICABLE,6,6,7,July,2019,7,Saturday,21,9:00pm-9:59pm,53,53,0,This section IS NOT on the NHS,4,County Road,CR-PIPE LINE RD,,1,Rural,7,Local,2,County Highway Agency,5,5,46.13276944,46.13276944,-123.6674833,-123.66748333,0,No Special Jurisdiction,12,Motor Vehicle In-Transport,2,Front-to-Front,0,No,1,Non-Junction,1,Not an Intersection,0,,1,On Roadway,2,Dark - Not Lighted,1,Clear,0,No Additional Atmospheric Conditions,1,Clear,0,No,0000000,Not Applicable,21,9:00pm-9:59pm,53,53,22,10:00pm-10:59pm,17,17,22,10:00pm-10:59pm,55,55,0,,0,,0,,1,0
41,Oregon,410165,4,4,0,0,5,5,0,51,MULTNOMAH (51),1650,PORTLAND,8,8,7,July,2019,2,Monday,14,2:00pm-2:59pm,35,35,1,This section IS ON the NHS,3,State Highway,SR-26 ODOT 26,SE 148TH AVE,2,Urban,3,Principal Arterial - Other,1,State Highway Agency,85,85,45.49806389,45.49806389,-122.5106111,-122.51061111,0,No Special Jurisdiction,12,Motor Vehicle In-Transport,6,Angle,0,No,2,Intersection,2,Four-Way Intersection,0,,1,On Roadway,1,Daylight,1,Clear,0,No Additional Atmospheric Conditions,1,Clear,0,No,0000000,Not Applicable,14,2:00pm-2:59pm,38,38,14,2:00pm-2:59pm,45,45,15,3:00pm-3:59pm,14,14,0,,0,,0,,2,0
41,Oregon,410166,3,3,0,0,5,5,0,59,UMATILLA (59),0,NOT APPLICABLE,13,13,2,February,2019,4,Wednesday,19,7:00pm-7:59pm,38,38,1,This section IS ON the NHS,1,Interstate,I-84,,1,Rural,1,Interstate,1,State Highway Agency,2343,2343,45.59158333,45.59158333,-118.4709306,-118.47093056,0,No Special Jurisdiction,51,Jackknife (harmful to this vehicle),0,The First Harmful Event was Not a Collision with a Motor Vehicle in Transport,0,No,1,Non-Junction,1,Not an Intersection,0,,3,On Median,2,Dark - Not Lighted,10,Cloudy,0,No Additional Atmospheric Conditions,10,Cloudy,0,No,0000000,Not Applicable,19,7:00pm-7:59pm,46,46,20,8:00pm-8:59pm,27,27,99,Unknown,99,Unknown EMS Hospital Arrival Time,0,,0,,0,,1,0
41,Oregon,410167,2,2,0,0,2,2,0,59,UMATILLA (59),0,NOT APPLICABLE,8,8,7,July,2019,2,Monday,16,4:00pm-4:59pm,21,21,0,This section IS NOT on the NHS,3,State Highway,SR-207 ODOT 321,CR-CANAL RD,2,Urban,4,Minor Arterial,1,State Highway Agency,0,,45.86366389,45.86366389,-119.2256028,-119.22560278,0,No Special Jurisdiction,12,Motor Vehicle In-Transport,6,Angle,0,No,2,Intersection,2,Four-Way Intersection,0,,1,On Roadway,1,Daylight,1,Clear,0,No Additional Atmospheric Conditions,1,Clear,0,No,0000000,Not Applicable,16,4:00pm-4:59pm,21,21,16,4:00pm-4:59pm,26,26,16,4:00pm-4:59pm,42,42,0,,0,,0,,1,1
41,Oregon,410168,2,2,0,0,3,3,0,5,CLACKAMAS (5),0,NOT APPLICABLE,11,11,7,July,2019,5,Thursday,15,3:00pm-3:59pm,19,19,0,This section IS NOT on the NHS,3,State Highway,SR-213 ODOT 161,,1,Rural,3,Principal Arterial - Other,1,State Highway Agency,149,149,45.17829722,45.17829722,-122.5923111,-122.59231111,0,No Special Jurisdiction,12,Motor Vehicle In-Transport,6,Angle,0,No,1,Non-Junction,1,Not an Intersection,0,,1,On Roadway,1,Daylight,1,Clear,0,No Additional Atmospheric Conditions,1,Clear,0,No,0000000,Not Applicable,15,3:00pm-3:59pm,27,27,15,3:00pm-3:59pm,46,46,16,4:00pm-4:59pm,7,7,0,,0,,0,,2,0
41,Oregon,410169,2,2,0,0,3,3,0,67,WASHINGTON (67),0,NOT APPLICABLE,12,12,7,July,2019,6,Friday,10,10:00am-10:59am,56,56,1,This section IS ON the NHS,4,County Road,CR-SW FARMINGTON RD,CR-SW 153RD AVE,2,Urban,3,Principal Arterial - Other,2,County Highway Agency,0,,45.48471111,45.48471111,-122.8349611,-122.83496111,0,No Special Jurisdiction,12,Motor Vehicle In-Transport,6,Angle,0,No,2,Intersection,2,Four-Way Intersection,0,,1,On Roadway,1,Daylight,1,Clear,0,No Additional Atmospheric Conditions,1,Clear,0,No,0000000,Not Applicable,11,11:00am-11:59am,1,1,11,11:00am-11:59am,7,7,11,11:00am-11:59am,45,45,0,,0,,0,,1,0
41,Oregon,410170,1,1,0,0,1,1,0,27,HOOD RIVER (27),0,NOT APPLICABLE,12,12,7,July,2019,6,Friday,16,4:00pm-4:59pm,0,0,0,This section IS NOT on the NHS,8,Other,USFS RD 44,,1,Rural,7,Local,64,U.S. Forest Service,0,,45.38673611,45.38673611,-121.5606833,-121.56068333,0,No Special Jurisdiction,42,Tree (Standing Only),0,The First Harmful Event was Not a Collision with a Motor Vehicle in Transport,0,No,1,Non-Junction,1,Not an Intersection,0,,4,On Roadside,1,Daylight,1,Clear,0,No Additional Atmospheric Conditions,1,Clear,0,No,0000000,Not Applicable,99,Unknown,99,Unknown,99,Unknown EMS Scene Arrival Hour,99,Unknown EMS Scene Arrival Minutes,88,Not Applicable (Not Transported),88,Not Applicable (Not Transported),0,,0,,0,,1,1
41,Oregon,410171,1,1,0,0,1,1,0,29,JACKSON (29),0,NOT APPLICABLE,14,14,7,July,2019,1,Sunday,20,8:00pm-8:59pm,22,22,0,This section IS NOT on the NHS,4,County Road,CR-TABLE ROCK RD,CR-E GREGORY RD,2,Urban,4,Minor Arterial,2,County Highway Agency,45,45,42.41114722,42.41114722,-122.8853667,-122.88536667,0,No Special Jurisdiction,30,Utility Pole/Light Support,0,The First Harmful Event was Not a Collision with a Motor Vehicle in Transport,0,No,3,Intersection-Related,2,Four-Way Intersection,0,,4,On Roadside,1,Daylight,1,Clear,0,No Additional Atmospheric Conditions,1,Clear,0,No,0000000,Not Applicable,20,8:00pm-8:59pm,23,23,20,8:00pm-8:59pm,26,26,88,Not Applicable (Not Transported),88,Not Applicable (Not Transported),0,,0,,0,,1,1
41,Oregon,410172,3,3,0,1,3,3,1,5,CLACKAMAS (5),0,NOT APPLICABLE,15,15,7,July,2019,2,Monday,5,5:00am-5:59am,5,5,1,This section IS ON the NHS,1,Interstate,I-205,,2,Urban,1,Interstate,1,State Highway Agency,129,129,45.41159444,45.41159444,-122.572575,-122.572575,0,No Special Jurisdiction,8,Pedestrian,0,The First Harmful Event was Not a Collision with a Motor Vehicle in Transport,0,No,1,Non-Junction,1,Not an Intersection,0,,1,On Roadway,2,Dark - Not Lighted,1,Clear,0,No Additional Atmospheric Conditions,1,Clear,0,No,0000000,Not Applicable,5,5:00am-5:59am,6,6,5,5:00am-5:59am,10,10,88,Not Applicable (Not Transported),88,Not Applicable (Not Transported),0,,0,,0,,1,0
41,Oregon,410173,1,1,0,0,1,1,0,11,COOS (11),0,NOT APPLICABLE,15,15,7,July,2019,2,Monday,22,10:00pm-10:59pm,26,26,1,This section IS ON the NHS,2,U.S. Highway,US-101 ODOT 9,,1,Rural,3,Principal Arterial - Other,1,State Highway Agency,2790,2790,43.044725,43.044725,-124.4147583,-124.41475833,0,No Special Jurisdiction,38,Fence,0,The First Harmful Event was Not a Collision with a Motor Vehicle in Transport,0,No,1,Non-Junction,1,Not an Intersection,0,,4,On Roadside,2,Dark - Not Lighted,2,Rain,0,No Additional Atmospheric Conditions,2,Rain,0,No,0000000,Not Applicable,22,10:00pm-10:59pm,27,27,22,10:00pm-10:59pm,41,41,88,Not Applicable (Not Transported),88,Not Applicable (Not Transported),0,,0,,0,,1,1
41,Oregon,410174,1,1,0,1,1,1,1,47,MARION (47),0,NOT APPLICABLE,15,15,7,July,2019,2,Monday,3,3:00am-3:59am,59,59,0,This section IS NOT on the NHS,4,County Road,CR-LAKESIDE DR NE,,1,Rural,7,Local,2,County Highway Agency,2,2,45.01025278,45.01025278,-122.9723583,-122.97235833,0,No Special Jurisdiction,9,Pedalcyclist,0,The First Harmful Event was Not a Collision with a Motor Vehicle in Transport,0,No,1,Non-Junction,1,Not an Intersection,0,,1,On Roadway,2,Dark - Not Lighted,1,Clear,0,No Additional Atmospheric Conditions,1,Clear,0,No,0000000,Not Applicable,3,3:00am-3:59am,59,59,4,4:00am-4:59am,7,7,4,4:00am-4:59am,37,37,0,,0,,0,,1,0
41,Oregon,410175,2,2,0,0,2,2,0,5,CLACKAMAS (5),0,NOT APPLICABLE,21,21,7,July,2019,1,Sunday,16,4:00pm-4:59pm,48,48,0,This section IS NOT on the NHS,3,State Highway,SR-224 ODOT 171,,1,Rural,4,Minor Arterial,1,State Highway Agency,149,149,45.387475,45.387475,-122.4016194,-122.40161944,0,No Special Jurisdiction,12,Motor Vehicle In-Transport,2,Front-to-Front,0,No,8,Driveway Access Related,1,Not an Intersection,0,,1,On Roadway,1,Daylight,1,Clear,0,No Additional Atmospheric Conditions,1,Clear,0,No,0000000,Not Applicable,16,4:00pm-4:59pm,51,51,17,5:00pm-5:59pm,12,12,17,5:00pm-5:59pm,37,37,0,,0,,0,,1,0
41,Oregon,410176,1,1,0,0,2,2,0,43,LINN (43),0,NOT APPLICABLE,21,21,7,July,2019,1,Sunday,2,2:00am-2:59am,9,9,0,This section IS NOT on the NHS,4,County Road,CR-BRUSH CREEK RD,,1,Rural,5,Major Collector,2,County Highway Agency,52,52,44.29156389,44.29156389,-122.8207722,-122.82077222,0,No Special Jurisdiction,34,Ditch,0,The First Harmful Event was Not a Collision with a Motor Vehicle in Transport,0,No,1,Non-Junction,1,Not an Intersection,0,,4,On Roadside,2,Dark - Not Lighted,1,Clear,0,No Additional Atmospheric Conditions,1,Clear,0,No,0000000,Not Applicable,2,2:00am-2:59am,10,10,2,2:00am-2:59am,27,27,99,Unknown,99,Unknown EMS Hospital Arrival Time,0,,0,,0,,1,1
41,Oregon,410177,1,1,0,0,1,1,0,69,WHEELER (69),0,NOT APPLICABLE,22,22,7,July,2019,2,Monday,19,7:00pm-7:59pm,25,25,0,This section IS NOT on the NHS,3,State Highway,SR-207 ODOT 390,,1,Rural,5,Major Collector,1,State Highway Agency,182,182,44.62965833,44.62965833,-120.1061889,-120.10618889,0,No Special Jurisdiction,17,Boulder,0,The First Harmful Event was Not a Collision with a Motor Vehicle in Transport,0,No,1,Non-Junction,1,Not an Intersection,0,,4,On Roadside,1,Daylight,1,Clear,0,No Additional Atmospheric Conditions,1,Clear,0,No,0000000,Not Applicable,19,7:00pm-7:59pm,25,25,20,8:00pm-8:59pm,18,18,88,Not Applicable (Not Transported),88,Not Applicable (Not Transported),0,,0,,0,,1,1
41,Oregon,410178,1,1,0,0,1,1,0,33,JOSEPHINE (33),0,NOT APPLICABLE,23,23,7,July,2019,3,Tuesday,2,2:00am-2:59am,0,0,0,This section IS NOT on the NHS,4,County Road,CR-LAKE SHORE DR,,1,Rural,5,Major Collector,2,County Highway Agency,13,13,42.26921667,42.26921667,-123.5846917,-123.58469167,0,No Special Jurisdiction,42,Tree (Standing Only),0,The First Harmful Event was Not a Collision with a Motor Vehicle in Transport,0,No,1,Non-Junction,1,Not an Intersection,0,,4,On Roadside,2,Dark - Not Lighted,1,Clear,0,No Additional Atmospheric Conditions,1,Clear,0,No,0000000,Not Applicable,2,2:00am-2:59am,0,0,2,2:00am-2:59am,12,12,3,3:00am-3:59am,4,4,0,,0,,0,,1,1
41,Oregon,410179,2,2,0,0,5,5,0,43,LINN (43),0,NOT APPLICABLE,23,23,7,July,2019,3,Tuesday,18,6:00pm-6:59pm,16,16,0,This section IS NOT on the NHS,4,County Road,CR-BRUSH CREEK RD,,1,Rural,5,Major Collector,2,County Highway Agency,6,6,44.34786111,44.34786111,-122.8482861,-122.84828611,0,No Special Jurisdiction,12,Motor Vehicle In-Transport,6,Angle,0,No,1,Non-Junction,1,Not an Intersection,0,,1,On Roadway,1,Daylight,1,Clear,0,No Additional Atmospheric Conditions,1,Clear,0,No,0000000,Not Applicable,18,6:00pm-6:59pm,28,28,18,6:00pm-6:59pm,57,57,19,7:00pm-7:59pm,27,27,0,,0,,0,,2,1
41,Oregon,410180,2,2,0,0,3,3,0,29,JACKSON (29),1310,MEDFORD,24,24,7,July,2019,4,Wednesday,1,1:00am-1:59am,42,42,1,This section IS ON the NHS,1,Interstate,I-5,,2,Urban,1,Interstate,1,State Highway Agency,256,256,42.29496111,42.29496111,-122.83015,-122.83015,0,No Special Jurisdiction,12,Motor Vehicle In-Transport,1,Front-to-Rear,0,No,1,Non-Junction,1,Not an Intersection,0,,1,On Roadway,2,Dark - Not Lighted,1,Clear,0,No Additional Atmospheric Conditions,1,Clear,0,No,0000000,Not Applicable,1,1:00am-1:59am,45,45,1,1:00am-1:59am,55,55,88,Not Applicable (Not Transported),88,Not Applicable (Not Transported),0,,0,,0,,1,1
41,Oregon,410181,2,2,0,0,5,5,0,71,YAMHILL (71),0,NOT APPLICABLE,19,19,7,July,2019,6,Friday,12,12:00pm-12:59pm,7,7,1,This section IS ON the NHS,3,State Highway,SR-18 ODOT 39,,2,Urban,3,Principal Arterial - Other,1,State Highway Agency,509,509,45.22178889,45.22178889,-123.0870028,-123.08700278,0,No Special Jurisdiction,12,Motor Vehicle In-Transport,2,Front-to-Front,0,No,1,Non-Junction,1,Not an Intersection,0,,1,On Roadway,1,Daylight,1,Clear,0,No Additional Atmospheric Conditions,1,Clear,0,No,0000000,Not Applicable,12,12:00pm-12:59pm,10,10,12,12:00pm-12:59pm,15,15,13,1:00pm-1:59pm,15,15,0,,0,,0,,1,0
41,Oregon,410182,1,1,0,0,1,1,0,55,SHERMAN (55),0,NOT APPLICABLE,21,21,7,July,2019,1,Sunday,11,11:00am-11:59am,33,33,1,This section IS ON the NHS,2,U.S. Highway,US-97 ODOT 42,,1,Rural,3,Principal Arterial - Other,1,State Highway Agency,156,156,45.50630278,45.50630278,-120.6883417,-120.68834167,0,No Special Jurisdiction,11,Live Animal,0,The First Harmful Event was Not a Collision with a Motor Vehicle in Transport,0,No,1,Non-Junction,1,Not an Intersection,0,,1,On Roadway,1,Daylight,1,Clear,0,No Additional Atmospheric Conditions,1,Clear,0,No,0000000,Not Applicable,11,11:00am-11:59am,33,33,11,11:00am-11:59am,38,38,88,Not Applicable (Not Transported),88,Not Applicable (Not Transported),0,,0,,0,,1,0
41,Oregon,410183,1,1,0,1,1,1,1,51,MULTNOMAH (51),880,GRESHAM,24,24,7,July,2019,4,Wednesday,5,5:00am-5:59am,22,22,1,This section IS ON the NHS,1,Interstate,I-84,,2,Urban,1,Interstate,1,State Highway Agency,130,130,45.541375,45.541375,-122.4773167,-122.47731667,0,No Special Jurisdiction,8,Pedestrian,0,The First Harmful Event was Not a Collision with a Motor Vehicle in Transport,0,No,1,Non-Junction,1,Not an Intersection,0,,1,On Roadway,3,Dark - Lighted,1,Clear,0,No Additional Atmospheric Conditions,1,Clear,0,No,0000000,Not Applicable,5,5:00am-5:59am,23,23,5,5:00am-5:59am,32,32,88,Not Applicable (Not Transported),88,Not Applicable (Not Transported),0,,0,,0,,1,0
41,Oregon,410184,1,1,0,0,1,1,0,69,WHEELER (69),0,NOT APPLICABLE,27,27,7,July,2019,7,Saturday,99,Unknown Hours,99,Unknown Minutes,1,This section IS ON the NHS,2,U.S. Highway,US-26 ODOT 41,,1,Rural,3,Principal Arterial - Other,1,State Highway Agency,724,724,44.56225,44.56225,-120.0682944,-120.06829444,0,No Special Jurisdiction,42,Tree (Standing Only),0,The First Harmful Event was Not a Collision with a Motor Vehicle in Transport,0,No,1,Non-Junction,1,Not an Intersection,0,,4,On Roadside,1,Daylight,99,Reported as Unknown,0,No Additional Atmospheric Conditions,99,Reported as Unknown,0,No,0000000,Not Applicable,99,Unknown,98,Unknown if Notified,99,Unknown EMS Scene Arrival Hour,98,Unknown if Arrived,88,Not Applicable (Not Transported),88,Not Applicable (Not Transported),0,,0,,0,,1,1
41,Oregon,410185,1,1,0,0,6,6,0,53,POLK (53),0,NOT APPLICABLE,29,29,7,July,2019,2,Monday,15,3:00pm-3:59pm,11,11,1,This section IS ON the NHS,3,State Highway,SR-22 ODOT 32,,1,Rural,3,Principal Arterial - Other,1,State Highway Agency,242,242,45.06377778,45.06377778,-123.5734083,-123.57340833,0,No Special Jurisdiction,34,Ditch,0,The First Harmful Event was Not a Collision with a Motor Vehicle in Transport,0,No,1,Non-Junction,1,Not an Intersection,0,,4,On Roadside,1,Daylight,1,Clear,0,No Additional Atmospheric Conditions,1,Clear,0,No,0000000,Not Applicable,15,3:00pm-3:59pm,10,10,15,3:00pm-3:59pm,20,20,99,Unknown,99,Unknown EMS Hospital Arrival Time,0,,0,,0,,1,0
41,Oregon,410186,1,1,0,0,1,1,0,65,WASCO (65),0,NOT APPLICABLE,30,30,7,July,2019,3,Tuesday,10,10:00am-10:59am,45,45,0,This section IS NOT on the NHS,2,U.S. Highway,US-97 ODOT 4,,1,Rural,4,Minor Arterial,1,State Highway Agency,294,294,45.30099167,45.30099167,-121.1548278,-121.15482778,0,No Special Jurisdiction,35,Embankment,0,The First Harmful Event was Not a Collision with a Motor Vehicle in Transport,0,No,1,Non-Junction,1,Not an Intersection,0,,4,On Roadside,1,Daylight,1,Clear,0,No Additional Atmospheric Conditions,1,Clear,0,No,0000000,Not Applicable,10,10:00am-10:59am,47,47,11,11:00am-11:59am,4,4,88,Not Applicable (Not Transported),88,Not Applicable (Not Transported),0,,0,,0,,1,0
41,Oregon,410187,1,1,0,0,1,1,0,43,LINN (43),0,NOT APPLICABLE,15,15,7,July,2019,2,Monday,23,11:00pm-11:59pm,37,37,0,This section IS NOT on the NHS,4,County Road,CR-SE THREE LAKES RD,,2,Urban,5,Major Collector,2,County Highway Agency,14,14,44.60587778,44.60587778,-123.0586222,-123.05862222,0,No Special Jurisdiction,23,Bridge Rail (Includes parapet),0,The First Harmful Event was Not a Collision with a Motor Vehicle in Transport,0,No,1,Non-Junction,1,Not an Intersection,0,,4,On Roadside,2,Dark - Not Lighted,1,Clear,0,No Additional Atmospheric Conditions,1,Clear,0,No,0000000,Not Applicable,23,11:00pm-11:59pm,37,37,23,11:00pm-11:59pm,43,43,88,Not Applicable (Not Transported),88,Not Applicable (Not Transported),0,,0,,0,,1,0
41,Oregon,410188,3,3,0,0,5,5,0,67,WASHINGTON (67),0,NOT APPLICABLE,24,24,7,July,2019,4,Wednesday,20,8:00pm-8:59pm,0,0,0,This section IS NOT on the NHS,3,State Highway,SR-6 ODOT 37,,1,Rural,4,Minor Arterial,1,State Highway Agency,480,480,45.61062778,45.61062778,-123.1299194,-123.12991944,0,No Special Jurisdiction,12,Motor Vehicle In-Transport,1,Front-to-Rear,0,No,1,Non-Junction,1,Not an Intersection,1,Construction,1,On Roadway,1,Daylight,1,Clear,0,No Additional Atmospheric Conditions,1,Clear,0,No,0000000,Not Applicable,20,8:00pm-8:59pm,0,0,20,8:00pm-8:59pm,3,3,20,8:00pm-8:59pm,40,40,0,,0,,0,,1,1
41,Oregon,410189,2,2,0,0,4,4,0,39,LANE (39),0,NOT APPLICABLE,31,31,7,July,2019,4,Wednesday,17,5:00pm-5:59pm,33,33,1,This section IS ON the NHS,3,State Highway,SR-58 ODOT 18,CR-WESTFIR RD,1,Rural,3,Principal Arterial - Other,1,State Highway Agency,313,313,43.75909167,43.75909167,-122.5322583,-122.53225833,0,No Special Jurisdiction,12,Motor Vehicle In-Transport,6,Angle,0,No,2,Intersection,3,T-Intersection,0,,1,On Roadway,1,Daylight,1,Clear,0,No Additional Atmospheric Conditions,1,Clear,0,No,0000000,Not Applicable,17,5:00pm-5:59pm,34,34,17,5:00pm-5:59pm,47,47,88,Not Applicable (Not Transported),88,Not Applicable (Not Transported),0,,0,,0,,1,0
41,Oregon,410191,2,2,0,0,2,2,0,5,CLACKAMAS (5),0,NOT APPLICABLE,2,2,8,August,2019,6,Friday,12,12:00pm-12:59pm,35,35,0,This section IS NOT on the NHS,4,County Road,CR-SE 232ND AVE,,2,Urban,5,Major Collector,2,County Highway Agency,6,6,45.39679167,45.39679167,-122.4183722,-122.41837222,0,No Special Jurisdiction,12,Motor Vehicle In-Transport,6,Angle,0,No,1,Non-Junction,1,Not an Intersection,0,,1,On Roadway,1,Daylight,2,Rain,0,No Additional Atmospheric Conditions,2,Rain,0,No,0000000,Not Applicable,99,Unknown,99,Unknown,99,Unknown EMS Scene Arrival Hour,99,Unknown EMS Scene Arrival Minutes,88,Not Applicable (Not Transported),88,Not Applicable (Not Transported),0,,0,,0,,1,1
41,Oregon,410192,1,1,0,0,1,1,0,29,JACKSON (29),0,NOT APPLICABLE,2,2,8,August,2019,6,Friday,19,7:00pm-7:59pm,31,31,0,This section IS NOT on the NHS,6,Local Street - Municipality,CR-COLVER RD,,2,Urban,5,Major Collector,4,City or Municipal Highway Agency,16,16,42.253025,42.253025,-122.8185806,-122.81858056,0,No Special Jurisdiction,34,Ditch,0,The First Harmful Event was Not a Collision with a Motor Vehicle in Transport,0,No,1,Non-Junction,1,Not an Intersection,0,,4,On Roadside,1,Daylight,1,Clear,0,No Additional Atmospheric Conditions,1,Clear,0,No,0000000,Not Applicable,19,7:00pm-7:59pm,31,31,19,7:00pm-7:59pm,40,40,99,Unknown,99,Unknown EMS Hospital Arrival Time,0,,0,,0,,1,1
41,Oregon,410193,2,2,0,0,2,2,0,43,LINN (43),20,ALBANY,3,3,8,August,2019,7,Saturday,9,9:00am-9:59am,50,50,1,This section IS ON the NHS,2,U.S. Highway,US-20 ODOT 58,HILL ST SE,2,Urban,3,Principal Arterial - Other,1,State Highway Agency,18,18,44.6332,44.6332,-123.0922722,-123.09227222,0,No Special Jurisdiction,12,Motor Vehicle In-Transport,6,Angle,0,No,2,Intersection,2,Four-Way Intersection,0,,1,On Roadway,1,Daylight,1,Clear,0,No Additional Atmospheric Conditions,1,Clear,0,No,0000000,Not Applicable,9,9:00am-9:59am,51,51,9,9:00am-9:59am,57,57,10,10:00am-10:59am,20,20,0,,0,,0,,1,0
41,Oregon,410194,1,1,0,1,1,1,1,19,DOUGLAS (19),0,NOT APPLICABLE,4,4,8,August,2019,1,Sunday,21,9:00pm-9:59pm,36,36,0,This section IS NOT on the NHS,3,State Highway,SR-138 ODOT 138,,1,Rural,3,Principal Arterial - Other,1,State Highway Agency,52,52,43.20960556,43.20960556,-123.2537556,-123.25375556,0,No Special Jurisdiction,8,Pedestrian,0,The First Harmful Event was Not a Collision with a Motor Vehicle in Transport,0,No,1,Non-Junction,1,Not an Intersection,0,,1,On Roadway,2,Dark - Not Lighted,1,Clear,0,No Additional Atmospheric Conditions,1,Clear,0,No,0000000,Not Applicable,21,9:00pm-9:59pm,39,39,21,9:00pm-9:59pm,50,50,88,Not Applicable (Not Transported),88,Not Applicable (Not Transported),0,,0,,0,,1,0
41,Oregon,410195,1,1,0,0,1,1,0,33,JOSEPHINE (33),0,NOT APPLICABLE,5,5,8,August,2019,2,Monday,1,1:00am-1:59am,16,16,0,This section IS NOT on the NHS,3,State Highway,SR-238 ODOT 272,,2,Urban,4,Minor Arterial,1,State Highway Agency,44,44,42.35120833,42.35120833,-123.3320583,-123.33205833,0,No Special Jurisdiction,38,Fence,0,The First Harmful Event was Not a Collision with a Motor Vehicle in Transport,0,No,1,Non-Junction,1,Not an Intersection,0,,5,Outside Trafficway,2,Dark - Not Lighted,1,Clear,0,No Additional Atmospheric Conditions,1,Clear,0,No,0000000,Not Applicable,1,1:00am-1:59am,19,19,1,1:00am-1:59am,27,27,1,1:00am-1:59am,43,43,0,,0,,0,,1,1
41,Oregon,410196,1,1,0,1,1,1,1,47,MARION (47),1810,SALEM,5,5,8,August,2019,2,Monday,6,6:00am-6:59am,27,27,0,This section IS NOT on the NHS,6,Local Street - Municipality,OWENS ST SE,LIBERTY ST SE,2,Urban,3,Principal Arterial - Other,4,City or Municipal Highway Agency,0,,44.93018056,44.93018056,-123.0425361,-123.04253611,0,No Special Jurisdiction,8,Pedestrian,0,The First Harmful Event was Not a Collision with a Motor Vehicle in Transport,1,Yes,3,Intersection-Related,3,T-Intersection,0,,1,On Roadway,1,Daylight,1,Clear,0,No Additional Atmospheric Conditions,1,Clear,0,No,0000000,Not Applicable,6,6:00am-6:59am,27,27,6,6:00am-6:59am,33,33,88,Not Applicable (Not Transported),88,Not Applicable (Not Transported),0,,0,,0,,1,0
41,Oregon,410197,1,1,0,0,1,1,0,39,LANE (39),0,NOT APPLICABLE,6,6,8,August,2019,3,Tuesday,21,9:00pm-9:59pm,35,35,1,This section IS ON the NHS,3,State Highway,SR-58 ODOT 18,,1,Rural,3,Principal Arterial - Other,1,State Highway Agency,17,17,43.99494722,43.99494722,-123.0007083,-123.00070833,0,No Special Jurisdiction,42,Tree (Standing Only),0,The First Harmful Event was Not a Collision with a Motor Vehicle in Transport,0,No,1,Non-Junction,1,Not an Intersection,0,,4,On Roadside,2,Dark - Not Lighted,1,Clear,0,No Additional Atmospheric Conditions,1,Clear,0,No,0000000,Not Applicable,21,9:00pm-9:59pm,35,35,21,9:00pm-9:59pm,40,40,88,Not Applicable (Not Transported),88,Not Applicable (Not Transported),0,,0,,0,,1,0
41,Oregon,410198,1,1,0,0,1,1,0,15,CURRY (15),0,NOT APPLICABLE,7,7,8,August,2019,4,Wednesday,15,3:00pm-3:59pm,57,57,0,This section IS NOT on the NHS,6,Local Street - Municipality,CR-AGNESS ILLAHE RD A,,1,Rural,7,Local,4,City or Municipal Highway Agency,32,32,42.63460278,42.63460278,-124.0531583,-124.05315833,0,No Special Jurisdiction,1,Rollover/Overturn,0,The First Harmful Event was Not a Collision with a Motor Vehicle in Transport,0,No,1,Non-Junction,1,Not an Intersection,0,,1,On Roadway,1,Daylight,1,Clear,0,No Additional Atmospheric Conditions,1,Clear,0,No,0000000,Not Applicable,99,Unknown,99,Unknown,99,Unknown EMS Scene Arrival Hour,99,Unknown EMS Scene Arrival Minutes,88,Not Applicable (Not Transported),88,Not Applicable (Not Transported),0,,0,,0,,1,1
41,Oregon,410199,1,1,0,0,5,5,0,9,COLUMBIA (9),0,NOT APPLICABLE,8,8,8,August,2019,5,Thursday,14,2:00pm-2:59pm,13,13,1,This section IS ON the NHS,2,U.S. Highway,US-30 ODOT 92,,1,Rural,3,Principal Arterial - Other,1,State Highway Agency,387,387,45.935825,45.935825,-122.8486778,-122.84867778,0,No Special Jurisdiction,1,Rollover/Overturn,0,The First Harmful Event was Not a Collision with a Motor Vehicle in Transport,0,No,1,Non-Junction,1,Not an Intersection,0,,1,On Roadway,1,Daylight,1,Clear,0,No Additional Atmospheric Conditions,1,Clear,0,No,0000000,Not Applicable,14,2:00pm-2:59pm,13,13,14,2:00pm-2:59pm,23,23,14,2:00pm-2:59pm,48,48,0,,0,,0,,1,0
41,Oregon,410200,2,2,0,0,2,2,0,51,MULTNOMAH (51),1650,PORTLAND,12,12,8,August,2019,2,Monday,3,3:00am-3:59am,40,40,1,This section IS ON the NHS,6,Local Street - Municipality,SE DIVISION ST,SE 112TH AVE,2,Urban,3,Principal Arterial - Other,4,City or Municipal Highway Agency,0,,45.50418333,45.50418333,-122.5480139,-122.54801389,0,No Special Jurisdiction,12,Motor Vehicle In-Transport,6,Angle,0,No,2,Intersection,2,Four-Way Intersection,0,,1,On Roadway,3,Dark - Lighted,1,Clear,0,No Additional Atmospheric Conditions,1,Clear,0,No,0000000,Not Applicable,3,3:00am-3:59am,46,46,3,3:00am-3:59am,49,49,4,4:00am-4:59am,16,16,0,,0,,0,,1,1
41,Oregon,410201,2,2,0,0,2,2,0,39,LANE (39),0,NOT APPLICABLE,12,12,8,August,2019,2,Monday,12,12:00pm-12:59pm,0,0,0,This section IS NOT on the NHS,4,County Road,CR-LONDON RD,,1,Rural,5,Major Collector,2,County Highway Agency,42,42,43.70835833,43.70835833,-123.0717722,-123.07177222,0,No Special Jurisdiction,12,Motor Vehicle In-Transport,2,Front-to-Front,0,No,1,Non-Junction,1,Not an Intersection,0,,1,On Roadway,1,Daylight,1,Clear,0,No Additional Atmospheric Conditions,1,Clear,0,No,0000000,Not Applicable,12,12:00pm-12:59pm,7,7,12,12:00pm-12:59pm,15,15,88,Not Applicable (Not Transported),88,Not Applicable (Not Transported),0,,0,,0,,1,0
41,Oregon,410202,5,5,0,0,7,7,0,67,WASHINGTON (67),0,NOT APPLICABLE,15,15,8,August,2019,5,Thursday,9,9:00am-9:59am,56,56,1,This section IS ON the NHS,2,U.S. Highway,US-26 ODOT 47,,2,Urban,3,Principal Arterial - Other,1,State Highway Agency,608,608,45.56318611,45.56318611,-122.9244361,-122.92443611,0,No Special Jurisdiction,12,Motor Vehicle In-Transport,1,Front-to-Rear,0,No,1,Non-Junction,1,Not an Intersection,0,,1,On Roadway,1,Daylight,10,Cloudy,0,No Additional Atmospheric Conditions,10,Cloudy,0,No,0000000,Not Applicable,9,9:00am-9:59am,55,55,10,10:00am-10:59am,2,2,88,Not Applicable (Not Transported),88,Not Applicable (Not Transported),0,,0,,0,,1,0
41,Oregon,410203,2,2,0,0,2,2,0,33,JOSEPHINE (33),0,NOT APPLICABLE,15,15,8,August,2019,5,Thursday,16,4:00pm-4:59pm,20,20,1,This section IS ON the NHS,2,U.S. Highway,US-199 ODOT 25,,1,Rural,3,Principal Arterial - Other,1,State Highway Agency,387,387,42.04081111,42.04081111,-123.7209028,-123.72090278,0,No Special Jurisdiction,12,Motor Vehicle In-Transport,2,Front-to-Front,0,No,1,Non-Junction,1,Not an Intersection,0,,1,On Roadway,1,Daylight,1,Clear,0,No Additional Atmospheric Conditions,1,Clear,0,No,0000000,Not Applicable,16,4:00pm-4:59pm,20,20,16,4:00pm-4:59pm,30,30,18,6:00pm-6:59pm,4,4,0,,0,,0,,1,1
41,Oregon,410204,2,2,0,0,3,3,0,47,MARION (47),0,NOT APPLICABLE,15,15,8,August,2019,5,Thursday,17,5:00pm-5:59pm,26,26,0,This section IS NOT on the NHS,4,County Road,CR-FS46,,1,Rural,5,Major Collector,2,County Highway Agency,54,54,44.77839722,44.77839722,-122.0630333,-122.06303333,1,National Park Service,12,Motor Vehicle In-Transport,6,Angle,0,No,1,Non-Junction,1,Not an Intersection,0,,1,On Roadway,1,Daylight,1,Clear,0,No Additional Atmospheric Conditions,1,Clear,0,No,0000000,Not Applicable,17,5:00pm-5:59pm,26,26,17,5:00pm-5:59pm,40,40,88,Not Applicable (Not Transported),88,Not Applicable (Not Transported),0,,0,,0,,1,0
41,Oregon,410205,2,2,0,0,2,2,0,51,MULTNOMAH (51),1650,PORTLAND,16,16,8,August,2019,6,Friday,23,11:00pm-11:59pm,0,0,0,This section IS NOT on the NHS,6,Local Street - Municipality,NE 122ND AVE,NE STANTON ST,2,Urban,4,Minor Arterial,4,City or Municipal Highway Agency,0,,45.54272778,45.54272778,-122.537475,-122.537475,0,No Special Jurisdiction,12,Motor Vehicle In-Transport,6,Angle,0,No,2,Intersection,2,Four-Way Intersection,0,,1,On Roadway,3,Dark - Lighted,10,Cloudy,0,No Additional Atmospheric Conditions,10,Cloudy,0,No,0000000,Not Applicable,99,Unknown,99,Unknown,99,Unknown EMS Scene Arrival Hour,99,Unknown EMS Scene Arrival Minutes,88,Not Applicable (Not Transported),88,Not Applicable (Not Transported),0,,0,,0,,1,1
41,Oregon,410206,2,2,0,0,3,3,0,5,CLACKAMAS (5),0,NOT APPLICABLE,21,21,8,August,2019,4,Wednesday,20,8:00pm-8:59pm,35,35,0,This section IS NOT on the NHS,3,State Highway,SR-224 ODOT 171,,1,Rural,4,Minor Arterial,1,State Highway Agency,125,125,45.385575,45.385575,-122.4446222,-122.44462222,0,No Special Jurisdiction,12,Motor Vehicle In-Transport,2,Front-to-Front,0,No,1,Non-Junction,1,Not an Intersection,0,,1,On Roadway,2,Dark - Not Lighted,2,Rain,0,No Additional Atmospheric Conditions,2,Rain,0,No,0000000,Not Applicable,20,8:00pm-8:59pm,35,35,20,8:00pm-8:59pm,43,43,99,Unknown,99,Unknown EMS Hospital Arrival Time,0,,0,,0,,1,0
41,Oregon,410207,1,1,0,0,1,1,0,51,MULTNOMAH (51),1650,PORTLAND,21,21,8,August,2019,4,Wednesday,20,8:00pm-8:59pm,37,37,1,This section IS ON the NHS,1,Interstate,I-5,,2,Urban,1,Interstate,1,State Highway Agency,2940,2940,45.44348333,45.44348333,-122.7399222,-122.73992222,0,No Special Jurisdiction,51,Jackknife (harmful to this vehicle),0,The First Harmful Event was Not a Collision with a Motor Vehicle in Transport,0,No,1,Non-Junction,1,Not an Intersection,0,,4,On Roadside,3,Dark - Lighted,2,Rain,0,No Additional Atmospheric Conditions,2,Rain,0,No,0000000,Not Applicable,99,Unknown,99,Unknown,99,Unknown EMS Scene Arrival Hour,99,Unknown EMS Scene Arrival Minutes,88,Not Applicable (Not Transported),88,Not Applicable (Not Transported),0,,0,,0,,1,0
41,Oregon,410208,1,1,0,0,1,1,0,65,WASCO (65),0,NOT APPLICABLE,26,26,8,August,2019,2,Monday,6,6:00am-6:59am,30,30,0,This section IS NOT on the NHS,3,State Highway,SR-216 ODOT 44,,1,Rural,5,Major Collector,1,State Highway Agency,98,98,45.10825278,45.10825278,-121.3891417,-121.38914167,0,No Special Jurisdiction,42,Tree (Standing Only),0,The First Harmful Event was Not a Collision with a Motor Vehicle in Transport,0,No,1,Non-Junction,1,Not an Intersection,0,,4,On Roadside,4,Dawn,1,Clear,0,No Additional Atmospheric Conditions,1,Clear,0,No,0000000,Not Applicable,6,6:00am-6:59am,38,38,6,6:00am-6:59am,53,53,88,Not Applicable (Not Transported),88,Not Applicable (Not Transported),0,,0,,0,,1,0
41,Oregon,410209,2,2,0,0,2,2,0,47,MARION (47),1810,SALEM,22,22,8,August,2019,5,Thursday,7,7:00am-7:59am,6,6,0,This section IS NOT on the NHS,6,Local Street - Municipality,MCGILCHRIST ST SE,19TH ST SE,2,Urban,4,Minor Arterial,4,City or Municipal Highway Agency,0,,44.91669722,44.91669722,-123.0210833,-123.02108333,0,No Special Jurisdiction,12,Motor Vehicle In-Transport,6,Angle,0,No,2,Intersection,3,T-Intersection,0,,1,On Roadway,1,Daylight,1,Clear,0,No Additional Atmospheric Conditions,1,Clear,0,No,0000000,Not Applicable,7,7:00am-7:59am,6,6,7,7:00am-7:59am,10,10,99,Unknown,99,Unknown EMS Hospital Arrival Time,0,,0,,0,,1,0
41,Oregon,410210,1,1,0,0,1,1,0,11,COOS (11),0,NOT APPLICABLE,26,26,8,August,2019,2,Monday,15,3:00pm-3:59pm,34,34,0,This section IS NOT on the NHS,4,County Road,CR-EAST BEAVER HILL RD,,1,Rural,5,Major Collector,2,County Highway Agency,0,,43.19901944,43.19901944,-124.2912056,-124.29120556,0,No Special Jurisdiction,35,Embankment,0,The First Harmful Event was Not a Collision with a Motor Vehicle in Transport,0,No,1,Non-Junction,1,Not an Intersection,0,,4,On Roadside,1,Daylight,1,Clear,0,No Additional Atmospheric Conditions,1,Clear,0,No,0000000,Not Applicable,11,11:00am-11:59am,18,18,11,11:00am-11:59am,28,28,88,Not Applicable (Not Transported),88,Not Applicable (Not Transported),0,,0,,0,,1,0
41,Oregon,410211,2,2,0,0,4,4,0,17,DESCHUTES (17),190,BEND,27,27,8,August,2019,3,Tuesday,20,8:00pm-8:59pm,7,7,1,This section IS ON the NHS,6,Local Street - Municipality,REED MARKET RD,AMERICAN LN,2,Urban,3,Principal Arterial - Other,4,City or Municipal Highway Agency,0,,44.03708056,44.03708056,-121.2911028,-121.29110278,0,No Special Jurisdiction,12,Motor Vehicle In-Transport,6,Angle,0,No,2,Intersection,2,Four-Way Intersection,0,,1,On Roadway,1,Daylight,1,Clear,0,No Additional Atmospheric Conditions,1,Clear,0,No,0000000,Not Applicable,20,8:00pm-8:59pm,9,9,20,8:00pm-8:59pm,13,13,20,8:00pm-8:59pm,50,50,0,,0,,0,,1,0
41,Oregon,410212,1,1,0,0,1,1,0,5,CLACKAMAS (5),0,NOT APPLICABLE,27,27,8,August,2019,3,Tuesday,5,5:00am-5:59am,1,1,0,This section IS NOT on the NHS,4,County Road,CR-SE VAUGHN RD,,1,Rural,7,Local,2,County Highway Agency,8,8,45.16196389,45.16196389,-122.5674944,-122.56749444,0,No Special Jurisdiction,1,Rollover/Overturn,0,The First Harmful Event was Not a Collision with a Motor Vehicle in Transport,0,No,1,Non-Junction,1,Not an Intersection,0,,4,On Roadside,2,Dark - Not Lighted,1,Clear,0,No Additional Atmospheric Conditions,1,Clear,0,No,0000000,Not Applicable,5,5:00am-5:59am,10,10,5,5:00am-5:59am,33,33,5,5:00am-5:59am,59,59,0,,0,,0,,1,0
41,Oregon,410213,1,1,0,0,1,1,0,33,JOSEPHINE (33),0,NOT APPLICABLE,28,28,8,August,2019,4,Wednesday,17,5:00pm-5:59pm,44,44,1,This section IS ON the NHS,1,Interstate,I-5,,1,Rural,1,Interstate,1,State Highway Agency,702,702,42.61662222,42.61662222,-123.3786028,-123.37860278,0,No Special Jurisdiction,25,Concrete Traffic Barrier,0,The First Harmful Event was Not a Collision with a Motor Vehicle in Transport,0,No,1,Non-Junction,1,Not an Intersection,0,,3,On Median,1,Daylight,10,Cloudy,0,No Additional Atmospheric Conditions,10,Cloudy,0,No,0000000,Not Applicable,17,5:00pm-5:59pm,51,51,18,6:00pm-6:59pm,4,4,88,Not Applicable (Not Transported),88,Not Applicable (Not Transported),0,,0,,0,,1,0
41,Oregon,410214,2,2,0,0,3,3,0,67,WASHINGTON (67),0,NOT APPLICABLE,28,28,8,August,2019,4,Wednesday,18,6:00pm-6:59pm,0,0,1,This section IS ON the NHS,3,State Highway,SR-10 ODOT 142,,2,Urban,3,Principal Arterial - Other,1,State Highway Agency,59,59,45.47054444,45.47054444,-122.8797389,-122.87973889,0,No Special Jurisdiction,33,Curb,0,The First Harmful Event was Not a Collision with a Motor Vehicle in Transport,0,No,1,Non-Junction,1,Not an Intersection,1,Construction,4,On Roadside,1,Daylight,1,Clear,0,No Additional Atmospheric Conditions,1,Clear,0,No,0000000,Not Applicable,18,6:00pm-6:59pm,0,0,18,6:00pm-6:59pm,5,5,88,Not Applicable (Not Transported),88,Not Applicable (Not Transported),0,,0,,0,,2,0
41,Oregon,410215,1,1,0,0,2,2,0,39,LANE (39),1960,SPRINGFIELD,29,29,8,August,2019,5,Thursday,0,0:00am-0:59am,27,27,0,This section IS NOT on the NHS,6,Local Street - Municipality,MARTIN LUTHER KING JR PARKWAY,HARLOW RD,2,Urban,4,Minor Arterial,4,City or Municipal Highway Agency,0,,44.07108056,44.07108056,-123.0291528,-123.02915278,0,No Special Jurisdiction,33,Curb,0,The First Harmful Event was Not a Collision with a Motor Vehicle in Transport,0,No,3,Intersection-Related,6,Roundabout,0,,4,On Roadside,8,Not Reported,10,Cloudy,0,No Additional Atmospheric Conditions,10,Cloudy,0,No,0000000,Not Applicable,0,0:00am-0:59am,29,29,0,0:00am-0:59am,33,33,0,0:00am-0:59am,45,45,0,,0,,0,,1,1
41,Oregon,410216,1,1,0,0,2,2,0,33,JOSEPHINE (33),0,NOT APPLICABLE,26,26,5,May,2019,1,Sunday,19,7:00pm-7:59pm,47,47,0,This section IS NOT on the NHS,4,County Road,CR-DEER CREEK RD,,1,Rural,6,Minor Collector,2,County Highway Agency,5,5,42.27923611,42.27923611,-123.6063583,-123.60635833,0,No Special Jurisdiction,42,Tree (Standing Only),0,The First Harmful Event was Not a Collision with a Motor Vehicle in Transport,0,No,1,Non-Junction,1,Not an Intersection,0,,4,On Roadside,1,Daylight,1,Clear,0,No Additional Atmospheric Conditions,1,Clear,0,No,0000000,Not Applicable,19,7:00pm-7:59pm,47,47,20,8:00pm-8:59pm,3,3,20,8:00pm-8:59pm,41,41,0,,0,,0,,1,1
41,Oregon,410217,2,2,0,0,3,3,0,23,GRANT (23),500,DAYVILLE,20,20,6,June,2019,5,Thursday,13,1:00pm-1:59pm,10,10,1,This section IS ON the NHS,2,U.S. Highway,US-26 ODOT 5,,1,Rural,3,Principal Arterial - Other,1,State Highway Agency,1307,1307,44.4709,44.4709,-119.5375611,-119.53756111,0,No Special Jurisdiction,12,Motor Vehicle In-Transport,2,Front-to-Front,0,No,1,Non-Junction,1,Not an Intersection,0,,1,On Roadway,1,Daylight,10,Cloudy,0,No Additional Atmospheric Conditions,10,Cloudy,0,No,0000000,Not Applicable,13,1:00pm-1:59pm,10,10,13,1:00pm-1:59pm,23,23,99,Unknown,99,Unknown EMS Hospital Arrival Time,0,,0,,0,,1,0
41,Oregon,410218,1,1,0,0,1,1,0,59,UMATILLA (59),1610,PENDLETON,29,29,8,August,2019,5,Thursday,12,12:00pm-12:59pm,4,4,1,This section IS ON the NHS,1,Interstate,I-84,,2,Urban,1,Interstate,1,State Highway Agency,2116,2116,45.66468889,45.66468889,-118.7664722,-118.76647222,0,No Special Jurisdiction,35,Embankment,0,The First Harmful Event was Not a Collision with a Motor Vehicle in Transport,0,No,1,Non-Junction,1,Not an Intersection,0,,3,On Median,1,Daylight,1,Clear,0,No Additional Atmospheric Conditions,1,Clear,0,No,0000000,Not Applicable,12,12:00pm-12:59pm,4,4,12,12:00pm-12:59pm,9,9,88,Not Applicable (Not Transported),88,Not Applicable (Not Transported),0,,0,,0,,1,0
41,Oregon,410220,2,2,0,0,2,2,0,51,MULTNOMAH (51),1650,PORTLAND,30,30,8,August,2019,6,Friday,20,8:00pm-8:59pm,42,42,0,This section IS NOT on the NHS,6,Local Street - Municipality,NE 40TH AVE,NE TILLAMOOK ST,2,Urban,5,Major Collector,4,City or Municipal Highway Agency,0,,45.537775,45.537775,-122.6219528,-122.62195278,0,No Special Jurisdiction,12,Motor Vehicle In-Transport,2,Front-to-Front,0,No,2,Intersection,2,Four-Way Intersection,0,,1,On Roadway,3,Dark - Lighted,1,Clear,0,No Additional Atmospheric Conditions,1,Clear,0,No,0000000,Not Applicable,20,8:00pm-8:59pm,42,42,20,8:00pm-8:59pm,48,48,21,9:00pm-9:59pm,9,9,0,,0,,0,,1,0
41,Oregon,410221,1,1,0,0,5,5,0,25,HARNEY (25),0,NOT APPLICABLE,27,27,8,August,2019,3,Tuesday,4,4:00am-4:59am,10,10,1,This section IS ON the NHS,2,U.S. Highway,US-20 ODOT 7,,1,Rural,3,Principal Arterial - Other,1,State Highway Agency,1340,1340,43.61310833,43.61310833,-119.0247278,-119.02472778,0,No Special Jurisdiction,34,Ditch,0,The First Harmful Event was Not a Collision with a Motor Vehicle in Transport,0,No,1,Non-Junction,1,Not an Intersection,0,,4,On Roadside,2,Dark - Not Lighted,1,Clear,0,No Additional Atmospheric Conditions,1,Clear,0,No,0000000,Not Applicable,4,4:00am-4:59am,10,10,4,4:00am-4:59am,17,17,4,4:00am-4:59am,54,54,0,,0,,0,,1,0
41,Oregon,410222,1,1,0,0,1,1,0,39,LANE (39),0,NOT APPLICABLE,1,1,9,September,2019,1,Sunday,18,6:00pm-6:59pm,11,11,0,This section IS NOT on the NHS,4,County Road,CR-DEBERRY RD,,1,Rural,7,Local,2,County Highway Agency,17,17,43.90848889,43.90848889,-123.0846306,-123.08463056,0,No Special Jurisdiction,58,Ground,0,The First Harmful Event was Not a Collision with a Motor Vehicle in Transport,0,No,1,Non-Junction,1,Not an Intersection,0,,4,On Roadside,1,Daylight,1,Clear,0,No Additional Atmospheric Conditions,1,Clear,0,No,0000000,Not Applicable,18,6:00pm-6:59pm,11,11,18,6:00pm-6:59pm,40,40,88,Not Applicable (Not Transported),88,Not Applicable (Not Transported),0,,0,,0,,1,1
41,Oregon,410223,1,1,0,0,1,1,0,39,LANE (39),0,NOT APPLICABLE,3,3,9,September,2019,3,Tuesday,14,2:00pm-2:59pm,28,28,0,This section IS NOT on the NHS,4,County Road,CR-HAMM RD,,1,Rural,5,Major Collector,2,County Highway Agency,14,14,43.887225,43.887225,-123.2039944,-123.20399444,0,No Special Jurisdiction,16,Thrown or Falling Object,0,The First Harmful Event was Not a Collision with a Motor Vehicle in Transport,0,No,1,Non-Junction,1,Not an Intersection,0,,1,On Roadway,1,Daylight,1,Clear,0,No Additional Atmospheric Conditions,1,Clear,0,No,0000000,Not Applicable,14,2:00pm-2:59pm,30,30,14,2:00pm-2:59pm,49,49,88,Not Applicable (Not Transported),88,Not Applicable (Not Transported),0,,0,,0,,1,0
41,Oregon,410224,1,1,0,0,1,1,0,33,JOSEPHINE (33),0,NOT APPLICABLE,3,3,9,September,2019,3,Tuesday,17,5:00pm-5:59pm,19,19,0,This section IS NOT on the NHS,3,State Highway,SR-260 ODOT 260,,1,Rural,5,Major Collector,1,State Highway Agency,198,198,42.42541944,42.42541944,-123.4719639,-123.47196389,0,No Special Jurisdiction,42,Tree (Standing Only),0,The First Harmful Event was Not a Collision with a Motor Vehicle in Transport,0,No,1,Non-Junction,1,Not an Intersection,0,,4,On Roadside,1,Daylight,1,Clear,0,No Additional Atmospheric Conditions,1,Clear,0,No,0000000,Not Applicable,17,5:00pm-5:59pm,19,19,17,5:00pm-5:59pm,26,26,99,Unknown,99,Unknown EMS Hospital Arrival Time,0,,0,,0,,1,1
41,Oregon,410225,1,1,0,0,1,1,0,65,WASCO (65),0,NOT APPLICABLE,4,4,9,September,2019,4,Wednesday,18,6:00pm-6:59pm,9,9,0,This section IS NOT on the NHS,4,County Road,CR-SEVEN MILE HILL RD,,1,Rural,5,Major Collector,2,County Highway Agency,4,4,45.63600833,45.63600833,-121.2395056,-121.23950556,0,No Special Jurisdiction,35,Embankment,0,The First Harmful Event was Not a Collision with a Motor Vehicle in Transport,0,No,1,Non-Junction,1,Not an Intersection,0,,4,On Roadside,1,Daylight,1,Clear,0,No Additional Atmospheric Conditions,1,Clear,0,No,0000000,Not Applicable,18,6:00pm-6:59pm,11,11,18,6:00pm-6:59pm,20,20,18,6:00pm-6:59pm,46,46,0,,0,,0,,1,1
41,Oregon,410226,2,2,0,0,2,2,0,57,TILLAMOOK (57),0,NOT APPLICABLE,5,5,9,September,2019,5,Thursday,2,2:00am-2:59am,17,17,1,This section IS ON the NHS,2,U.S. Highway,US-101 ODOT 9,,1,Rural,3,Principal Arterial - Other,1,State Highway Agency,530,530,45.57700833,45.57700833,-123.9451222,-123.94512222,0,No Special Jurisdiction,12,Motor Vehicle In-Transport,2,Front-to-Front,0,No,1,Non-Junction,1,Not an Intersection,0,,1,On Roadway,2,Dark - Not Lighted,10,Cloudy,0,No Additional Atmospheric Conditions,10,Cloudy,0,No,0000000,Not Applicable,99,Unknown,99,Unknown,2,2:00am-2:59am,28,28,99,Unknown,99,Unknown EMS Hospital Arrival Time,0,,0,,0,,1,1
41,Oregon,410227,2,2,0,0,3,3,0,17,DESCHUTES (17),0,NOT APPLICABLE,5,5,9,September,2019,5,Thursday,18,6:00pm-6:59pm,40,40,0,This section IS NOT on the NHS,3,State Highway,SR-370 ODOT 370,,1,Rural,4,Minor Arterial,1,State Highway Agency,28,28,44.32283611,44.32283611,-121.1247028,-121.12470278,0,No Special Jurisdiction,12,Motor Vehicle In-Transport,6,Angle,0,No,1,Non-Junction,1,Not an Intersection,0,,1,On Roadway,1,Daylight,2,Rain,0,No Additional Atmospheric Conditions,2,Rain,0,No,0000000,Not Applicable,18,6:00pm-6:59pm,41,41,18,6:00pm-6:59pm,54,54,19,7:00pm-7:59pm,16,16,0,,0,,0,,1,0
41,Oregon,410228,2,2,0,0,3,3,0,5,CLACKAMAS (5),0,NOT APPLICABLE,6,6,9,September,2019,6,Friday,16,4:00pm-4:59pm,24,24,0,This section IS NOT on the NHS,4,County Road,CR-S BARNARDS RD,CR-S DRYLAND RD,1,Rural,5,Major Collector,2,County Highway Agency,32,32,45.172525,45.172525,-122.6610444,-122.66104444,0,No Special Jurisdiction,12,Motor Vehicle In-Transport,6,Angle,0,No,2,Intersection,2,Four-Way Intersection,0,,1,On Roadway,1,Daylight,1,Clear,0,No Additional Atmospheric Conditions,1,Clear,0,No,0000000,Not Applicable,16,4:00pm-4:59pm,28,28,16,4:00pm-4:59pm,49,49,17,5:00pm-5:59pm,12,12,0,,0,,0,,2,0
41,Oregon,410229,1,1,0,0,1,1,0,29,JACKSON (29),0,NOT APPLICABLE,12,12,8,August,2019,2,Monday,3,3:00am-3:59am,18,18,1,This section IS ON the NHS,3,State Highway,SR-238 ODOT 272,,2,Urban,3,Principal Arterial - Other,1,State Highway Agency,368,368,42.34080278,42.34080278,-122.9161639,-122.91616389,0,No Special Jurisdiction,11,Live Animal,0,The First Harmful Event was Not a Collision with a Motor Vehicle in Transport,0,No,1,Non-Junction,1,Not an Intersection,0,,1,On Roadway,2,Dark - Not Lighted,1,Clear,0,No Additional Atmospheric Conditions,1,Clear,0,No,0000000,Not Applicable,3,3:00am-3:59am,18,18,3,3:00am-3:59am,33,33,88,Not Applicable (Not Transported),88,Not Applicable (Not Transported),0,,0,,0,,1,0
41,Oregon,410230,1,1,0,0,1,1,0,35,KLAMATH (35),0,NOT APPLICABLE,7,7,9,September,2019,7,Saturday,4,4:00am-4:59am,11,11,0,This section IS NOT on the NHS,3,State Highway,SR-50 ODOT 50,,1,Rural,5,Major Collector,1,State Highway Agency,183,183,42.01681389,42.01681389,-121.4768222,-121.47682222,0,No Special Jurisdiction,30,Utility Pole/Light Support,0,The First Harmful Event was Not a Collision with a Motor Vehicle in Transport,0,No,1,Non-Junction,1,Not an Intersection,0,,4,On Roadside,2,Dark - Not Lighted,1,Clear,0,No Additional Atmospheric Conditions,1,Clear,0,No,0000000,Not Applicable,4,4:00am-4:59am,12,12,4,4:00am-4:59am,29,29,88,Not Applicable (Not Transported),88,Not Applicable (Not Transported),0,,0,,0,,1,1
41,Oregon,410231,1,1,0,0,2,2,0,29,JACKSON (29),0,NOT APPLICABLE,8,8,9,September,2019,1,Sunday,1,1:00am-1:59am,0,0,0,This section IS NOT on the NHS,4,County Road,CR-MILL CREEK DR,,1,Rural,7,Local,2,County Highway Agency,15,15,42.71593889,42.71593889,-122.5513611,-122.55136111,0,No Special Jurisdiction,42,Tree (Standing Only),0,The First Harmful Event was Not a Collision with a Motor Vehicle in Transport,0,No,1,Non-Junction,1,Not an Intersection,0,,4,On Roadside,2,Dark - Not Lighted,1,Clear,0,No Additional Atmospheric Conditions,1,Clear,0,No,0000000,Not Applicable,1,1:00am-1:59am,16,16,1,1:00am-1:59am,52,52,3,3:00am-3:59am,3,3,0,,0,,0,,1,1
41,Oregon,410232,3,3,0,0,9,9,0,63,WALLOWA (63),0,NOT APPLICABLE,11,11,9,September,2019,4,Wednesday,10,10:00am-10:59am,30,30,1,This section IS ON the NHS,1,Interstate,I-82,,1,Rural,3,Principal Arterial - Other,1,State Highway Agency,371,371,45.60002222,45.60002222,-117.7313,-117.7313,0,No Special Jurisdiction,12,Motor Vehicle In-Transport,6,Angle,0,No,1,Non-Junction,1,Not an Intersection,0,,1,On Roadway,1,Daylight,1,Clear,0,No Additional Atmospheric Conditions,1,Clear,0,No,0000000,Not Applicable,10,10:00am-10:59am,33,33,10,10:00am-10:59am,45,45,99,Unknown,99,Unknown EMS Hospital Arrival Time,0,,0,,0,,1,0
41,Oregon,410233,3,3,0,0,10,10,0,47,MARION (47),0,NOT APPLICABLE,22,22,6,June,2019,7,Saturday,19,7:00pm-7:59pm,0,0,1,This section IS ON the NHS,3,State Highway,SR-22 ODOT 162,,1,Rural,3,Principal Arterial - Other,1,State Highway Agency,394,394,44.75583056,44.75583056,-122.30185,-122.30185,0,No Special Jurisdiction,12,Motor Vehicle In-Transport,8,Sideswipe - Opposite Direction,0,No,1,Non-Junction,1,Not an Intersection,0,,1,On Roadway,1,Daylight,1,Clear,0,No Additional Atmospheric Conditions,1,Clear,0,No,0000000,Not Applicable,19,7:00pm-7:59pm,2,2,19,7:00pm-7:59pm,5,5,99,Unknown,99,Unknown EMS Hospital Arrival Time,0,,0,,0,,1,0
41,Oregon,410234,2,2,0,0,3,3,0,17,DESCHUTES (17),190,BEND,14,14,9,September,2019,7,Saturday,18,6:00pm-6:59pm,34,34,0,This section IS NOT on the NHS,6,Local Street - Municipality,MOUNT WASHINGTON DR,,2,Urban,4,Minor Arterial,4,City or Municipal Highway Agency,0,,44.08783333,44.08783333,-121.3332889,-121.33328889,0,No Special Jurisdiction,1,Rollover/Overturn,0,The First Harmful Event was Not a Collision with a Motor Vehicle in Transport,0,No,1,Non-Junction,1,Not an Intersection,0,,1,On Roadway,2,Dark - Not Lighted,10,Cloudy,0,No Additional Atmospheric Conditions,10,Cloudy,0,No,0000000,Not Applicable,18,6:00pm-6:59pm,36,36,18,6:00pm-6:59pm,43,43,88,Not Applicable (Not Transported),88,Not Applicable (Not Transported),14,"Motor Vehicle struck by falling cargo,or something that came loose from or something that was set in motion by a vehicle",0,,0,,2,1
41,Oregon,410235,2,2,0,0,3,3,0,21,GILLIAM (21),0,NOT APPLICABLE,15,15,9,September,2019,1,Sunday,5,5:00am-5:59am,44,44,1,This section IS ON the NHS,1,Interstate,I-84,,1,Rural,1,Interstate,1,State Highway Agency,1195,1195,45.72748333,45.72748333,-120.556675,-120.556675,0,No Special Jurisdiction,12,Motor Vehicle In-Transport,2,Front-to-Front,0,No,1,Non-Junction,1,Not an Intersection,0,,1,On Roadway,2,Dark - Not Lighted,10,Cloudy,0,No Additional Atmospheric Conditions,10,Cloudy,0,No,0000000,Not Applicable,5,5:00am-5:59am,53,53,6,6:00am-6:59am,22,22,6,6:00am-6:59am,55,55,0,,0,,0,,2,1
41,Oregon,410236,1,1,0,0,1,1,0,41,LINCOLN (41),0,NOT APPLICABLE,17,17,9,September,2019,3,Tuesday,12,12:00pm-12:59pm,0,0,1,This section IS ON the NHS,2,U.S. Highway,US-20 ODOT 33,,1,Rural,3,Principal Arterial - Other,1,State Highway Agency,39,39,44.62451111,44.62451111,-123.9793778,-123.97937778,0,No Special Jurisdiction,42,Tree (Standing Only),0,The First Harmful Event was Not a Collision with a Motor Vehicle in Transport,0,No,1,Non-Junction,1,Not an Intersection,0,,4,On Roadside,1,Daylight,2,Rain,0,No Additional Atmospheric Conditions,2,Rain,0,No,0000000,Not Applicable,99,Unknown,99,Unknown,99,Unknown EMS Scene Arrival Hour,99,Unknown EMS Scene Arrival Minutes,88,Not Applicable (Not Transported),88,Not Applicable (Not Transported),0,,0,,0,,1,0
41,Oregon,410237,2,2,0,0,2,2,0,17,DESCHUTES (17),0,NOT APPLICABLE,19,19,9,September,2019,5,Thursday,10,10:00am-10:59am,4,4,1,This section IS ON the NHS,2,U.S. Highway,US-97 ODOT 4,CR-JACKPINE LP,1,Rural,3,Principal Arterial - Other,1,State Highway Agency,1691,1691,43.65415556,43.65415556,-121.5170389,-121.51703889,0,No Special Jurisdiction,12,Motor Vehicle In-Transport,6,Angle,0,No,2,Intersection,2,Four-Way Intersection,0,,1,On Roadway,1,Daylight,10,Cloudy,0,No Additional Atmospheric Conditions,10,Cloudy,0,No,0000000,Not Applicable,10,10:00am-10:59am,5,5,10,10:00am-10:59am,11,11,88,Not Applicable (Not Transported),88,Not Applicable (Not Transported),0,,0,,0,,1,1
41,Oregon,410238,1,1,0,0,1,1,0,29,JACKSON (29),0,NOT APPLICABLE,12,12,9,September,2019,5,Thursday,3,3:00am-3:59am,30,30,1,This section IS ON the NHS,1,Interstate,I-5,,2,Urban,1,Interstate,1,State Highway Agency,457,457,42.41753889,42.41753889,-123.1240806,-123.12408056,0,No Special Jurisdiction,23,Bridge Rail (Includes parapet),0,The First Harmful Event was Not a Collision with a Motor Vehicle in Transport,0,No,1,Non-Junction,1,Not an Intersection,0,,4,On Roadside,2,Dark - Not Lighted,1,Clear,0,No Additional Atmospheric Conditions,1,Clear,0,No,0000000,Not Applicable,3,3:00am-3:59am,39,39,3,3:00am-3:59am,50,50,88,Not Applicable (Not Transported),88,Not Applicable (Not Transported),0,,0,,0,,1,0
41,Oregon,410239,2,2,0,0,6,6,0,47,MARION (47),0,NOT APPLICABLE,14,14,9,September,2019,7,Saturday,16,4:00pm-4:59pm,38,38,0,This section IS NOT on the NHS,3,State Highway,SR-214 ODOT 140,,1,Rural,4,Minor Arterial,1,State Highway Agency,417,417,45.12310278,45.12310278,-122.8050028,-122.80500278,0,No Special Jurisdiction,12,Motor Vehicle In-Transport,2,Front-to-Front,0,No,1,Non-Junction,1,Not an Intersection,0,,1,On Roadway,1,Daylight,98,Not Reported,0,No Additional Atmospheric Conditions,98,Not Reported,0,No,0000000,Not Applicable,16,4:00pm-4:59pm,39,39,16,4:00pm-4:59pm,50,50,99,Unknown,99,Unknown EMS Hospital Arrival Time,0,,0,,0,,1,1
41,Oregon,410240,1,1,0,1,1,1,1,51,MULTNOMAH (51),1650,PORTLAND,15,15,9,September,2019,1,Sunday,20,8:00pm-8:59pm,4,4,1,This section IS ON the NHS,3,State Highway,SR-30 ODOT 123,,2,Urban,3,Principal Arterial - Other,4,City or Municipal Highway Agency,85,85,45.56935556,45.56935556,-122.6143167,-122.61431667,0,No Special Jurisdiction,15,Non-Motorist on Personal Conveyance,0,The First Harmful Event was Not a Collision with a Motor Vehicle in Transport,0,No,1,Non-Junction,1,Not an Intersection,0,,1,On Roadway,3,Dark - Lighted,99,Reported as Unknown,0,No Additional Atmospheric Conditions,99,Reported as Unknown,0,No,0000000,Not Applicable,20,8:00pm-8:59pm,5,5,20,8:00pm-8:59pm,9,9,88,Not Applicable (Not Transported),88,Not Applicable (Not Transported),0,,0,,0,,1,0
41,Oregon,410241,2,2,0,0,4,4,0,45,MALHEUR (45),0,NOT APPLICABLE,18,18,9,September,2019,4,Wednesday,12,12:00pm-12:59pm,6,6,1,This section IS ON the NHS,2,U.S. Highway,US-20 ODOT 7,,1,Rural,3,Principal Arterial - Other,1,State Highway Agency,2176,2176,43.81157222,43.81157222,-117.6595278,-117.65952778,0,No Special Jurisdiction,12,Motor Vehicle In-Transport,2,Front-to-Front,0,No,1,Non-Junction,1,Not an Intersection,0,,1,On Roadway,1,Daylight,2,Rain,0,No Additional Atmospheric Conditions,2,Rain,0,No,0000000,Not Applicable,13,1:00pm-1:59pm,26,26,14,2:00pm-2:59pm,28,28,99,Unknown,99,Unknown EMS Hospital Arrival Time,0,,0,,0,,2,0
41,Oregon,410242,2,2,0,0,3,3,0,57,TILLAMOOK (57),0,NOT APPLICABLE,20,20,9,September,2019,6,Friday,21,9:00pm-9:59pm,16,16,1,This section IS ON the NHS,2,U.S. Highway,US-101 ODOT 9,,2,Urban,3,Principal Arterial - Other,1,State Highway Agency,627,627,45.49950556,45.49950556,-123.8554972,-123.85549722,0,No Special Jurisdiction,12,Motor Vehicle In-Transport,2,Front-to-Front,0,No,1,Non-Junction,1,Not an Intersection,0,,1,On Roadway,2,Dark - Not Lighted,98,Not Reported,0,No Additional Atmospheric Conditions,98,Not Reported,0,No,0000000,Not Applicable,21,9:00pm-9:59pm,16,16,21,9:00pm-9:59pm,25,25,88,Not Applicable (Not Transported),88,Not Applicable (Not Transported),0,,0,,0,,1,1
41,Oregon,410243,2,2,0,0,4,4,0,39,LANE (39),0,NOT APPLICABLE,24,24,9,September,2019,3,Tuesday,15,3:00pm-3:59pm,50,50,1,This section IS ON the NHS,3,State Highway,SR-58 ODOT 18,SEAVEY LOOP RD,2,Urban,3,Principal Arterial - Other,1,State Highway Agency,2,2,43.99584722,43.99584722,-123.0031389,-123.00313889,0,No Special Jurisdiction,12,Motor Vehicle In-Transport,6,Angle,0,No,2,Intersection,2,Four-Way Intersection,0,,1,On Roadway,1,Daylight,1,Clear,0,No Additional Atmospheric Conditions,1,Clear,0,No,0000000,Not Applicable,15,3:00pm-3:59pm,45,45,15,3:00pm-3:59pm,50,50,99,Unknown,99,Unknown EMS Hospital Arrival Time,0,,0,,0,,1,0
41,Oregon,410244,1,1,0,0,1,1,0,67,WASHINGTON (67),0,NOT APPLICABLE,24,24,9,September,2019,3,Tuesday,99,Unknown Hours,99,Unknown Minutes,0,This section IS NOT on the NHS,4,County Road,CR-NW JACKSON SCHOOL RD,,1,Rural,6,Minor Collector,2,County Highway Agency,0,,45.60990278,45.60990278,-122.9663917,-122.96639167,0,No Special Jurisdiction,38,Fence,0,The First Harmful Event was Not a Collision with a Motor Vehicle in Transport,0,No,1,Non-Junction,1,Not an Intersection,0,,5,Outside Trafficway,2,Dark - Not Lighted,1,Clear,0,No Additional Atmospheric Conditions,1,Clear,0,No,0000000,Not Applicable,21,9:00pm-9:59pm,31,31,21,9:00pm-9:59pm,40,40,88,Not Applicable (Not Transported),88,Not Applicable (Not Transported),0,,0,,0,,1,1
41,Oregon,410245,1,1,0,0,2,2,0,33,JOSEPHINE (33),0,NOT APPLICABLE,27,27,9,September,2019,6,Friday,1,1:00am-1:59am,31,31,0,This section IS NOT on the NHS,4,County Road,CR-ROCKYDALE RD,CR-WALDO RD,1,Rural,6,Minor Collector,2,County Highway Agency,38,38,42.06478056,42.06478056,-123.6275556,-123.62755556,0,No Special Jurisdiction,35,Embankment,0,The First Harmful Event was Not a Collision with a Motor Vehicle in Transport,0,No,3,Intersection-Related,3,T-Intersection,0,,4,On Roadside,2,Dark - Not Lighted,10,Cloudy,0,No Additional Atmospheric Conditions,10,Cloudy,0,No,0000000,Not Applicable,1,1:00am-1:59am,27,27,1,1:00am-1:59am,53,53,2,2:00am-2:59am,45,45,0,,0,,0,,1,1
41,Oregon,410246,2,2,0,0,2,2,0,47,MARION (47),0,NOT APPLICABLE,19,19,4,April,2019,6,Friday,20,8:00pm-8:59pm,11,11,1,This section IS ON the NHS,3,State Highway,SR-22 ODOT 162,,1,Rural,3,Principal Arterial - Other,1,State Highway Agency,216,216,44.79114722,44.79114722,-122.6347889,-122.63478889,0,No Special Jurisdiction,12,Motor Vehicle In-Transport,2,Front-to-Front,0,No,1,Non-Junction,1,Not an Intersection,0,,1,On Roadway,5,Dusk,2,Rain,0,No Additional Atmospheric Conditions,2,Rain,0,No,0000000,Not Applicable,20,8:00pm-8:59pm,11,11,20,8:00pm-8:59pm,18,18,99,Unknown,99,Unknown EMS Hospital Arrival Time,0,,0,,0,,1,0
41,Oregon,410247,3,3,0,0,6,6,0,47,MARION (47),0,NOT APPLICABLE,21,21,6,June,2019,6,Friday,15,3:00pm-3:59pm,11,11,1,This section IS ON the NHS,3,State Highway,SR-22E ODOT 162,CR-PHANTOM LN SE,1,Rural,3,Principal Arterial - Other,1,State Highway Agency,211,211,44.79043056,44.79043056,-122.6428778,-122.64287778,0,No Special Jurisdiction,12,Motor Vehicle In-Transport,1,Front-to-Rear,0,No,3,Intersection-Related,3,T-Intersection,0,,1,On Roadway,1,Daylight,1,Clear,0,No Additional Atmospheric Conditions,1,Clear,0,No,0000000,Not Applicable,15,3:00pm-3:59pm,11,11,15,3:00pm-3:59pm,20,20,99,Unknown,99,Unknown EMS Hospital Arrival Time,0,,0,,0,,1,0
41,Oregon,410248,2,2,0,0,2,2,0,43,LINN (43),0,NOT APPLICABLE,11,11,7,July,2019,5,Thursday,13,1:00pm-1:59pm,40,40,0,This section IS NOT on the NHS,3,State Highway,SR-228 ODOT 212,,1,Rural,4,Minor Arterial,1,State Highway Agency,29,29,44.38885556,44.38885556,-123.0504278,-123.05042778,0,No Special Jurisdiction,12,Motor Vehicle In-Transport,2,Front-to-Front,0,No,1,Non-Junction,1,Not an Intersection,0,,1,On Roadway,1,Daylight,1,Clear,0,No Additional Atmospheric Conditions,1,Clear,0,No,0000000,Not Applicable,99,Unknown,99,Unknown,99,Unknown EMS Scene Arrival Hour,99,Unknown EMS Scene Arrival Minutes,88,Not Applicable (Not Transported),88,Not Applicable (Not Transported),0,,0,,0,,1,1
41,Oregon,410249,2,2,0,0,5,5,0,33,JOSEPHINE (33),0,NOT APPLICABLE,4,4,8,August,2019,1,Sunday,16,4:00pm-4:59pm,40,40,1,This section IS ON the NHS,2,U.S. Highway,US-199 ODOT 25,,1,Rural,3,Principal Arterial - Other,1,State Highway Agency,146,146,42.34406944,42.34406944,-123.5669,-123.5669,0,No Special Jurisdiction,12,Motor Vehicle In-Transport,2,Front-to-Front,0,No,1,Non-Junction,1,Not an Intersection,0,,1,On Roadway,1,Daylight,1,Clear,0,No Additional Atmospheric Conditions,1,Clear,0,No,0000000,Not Applicable,16,4:00pm-4:59pm,43,43,16,4:00pm-4:59pm,53,53,99,Unknown,99,Unknown EMS Hospital Arrival Time,0,,0,,0,,1,0
41,Oregon,410250,1,1,0,0,1,1,0,71,YAMHILL (71),0,NOT APPLICABLE,15,15,8,August,2019,5,Thursday,20,8:00pm-8:59pm,50,50,1,This section IS ON the NHS,3,State Highway,SR-99 ODOT 91,,2,Urban,3,Principal Arterial - Other,1,State Highway Agency,347,347,45.23400833,45.23400833,-123.1527639,-123.15276389,0,No Special Jurisdiction,34,Ditch,0,The First Harmful Event was Not a Collision with a Motor Vehicle in Transport,0,No,1,Non-Junction,1,Not an Intersection,0,,4,On Roadside,2,Dark - Not Lighted,1,Clear,0,No Additional Atmospheric Conditions,1,Clear,0,No,0000000,Not Applicable,20,8:00pm-8:59pm,53,53,21,9:00pm-9:59pm,0,0,88,Not Applicable (Not Transported),88,Not Applicable (Not Transported),0,,0,,0,,1,1
41,Oregon,410251,1,1,0,0,2,2,0,41,LINCOLN (41),0,NOT APPLICABLE,7,7,9,September,2019,7,Saturday,17,5:00pm-5:59pm,47,47,1,This section IS ON the NHS,2,U.S. Highway,US-20 ODOT 33,,2,Urban,3,Principal Arterial - Other,1,State Highway Agency,18,18,44.63371111,44.63371111,-124.0176639,-124.01766389,0,No Special Jurisdiction,34,Ditch,0,The First Harmful Event was Not a Collision with a Motor Vehicle in Transport,0,No,1,Non-Junction,1,Not an Intersection,0,,4,On Roadside,1,Daylight,10,Cloudy,0,No Additional Atmospheric Conditions,10,Cloudy,0,No,0000000,Not Applicable,17,5:00pm-5:59pm,47,47,17,5:00pm-5:59pm,54,54,18,6:00pm-6:59pm,50,50,0,,0,,0,,1,1
41,Oregon,410252,2,2,0,0,3,3,0,17,DESCHUTES (17),0,NOT APPLICABLE,2,2,10,October,2019,4,Wednesday,6,6:00am-6:59am,49,49,1,This section IS ON the NHS,2,U.S. Highway,US-20 ODOT 7,,1,Rural,3,Principal Arterial - Other,1,State Highway Agency,356,356,43.84988889,43.84988889,-120.7352278,-120.73522778,0,No Special Jurisdiction,12,Motor Vehicle In-Transport,2,Front-to-Front,0,No,1,Non-Junction,1,Not an Intersection,0,,1,On Roadway,4,Dawn,1,Clear,0,No Additional Atmospheric Conditions,1,Clear,0,No,0000000,Not Applicable,6,6:00am-6:59am,49,49,7,7:00am-7:59am,24,24,99,Unknown,99,Unknown EMS Hospital Arrival Time,0,,0,,0,,1,0
41,Oregon,410253,1,1,0,1,1,1,1,5,CLACKAMAS (5),0,NOT APPLICABLE,2,2,10,October,2019,4,Wednesday,20,8:00pm-8:59pm,25,25,0,This section IS NOT on the NHS,4,County Road,CR-JOHNSON CREEK BLVD,CR-FULLER RD,2,Urban,4,Minor Arterial,2,County Highway Agency,3,3,45.45676389,45.45676389,-122.5751278,-122.57512778,0,No Special Jurisdiction,8,Pedestrian,0,The First Harmful Event was Not a Collision with a Motor Vehicle in Transport,0,No,2,Intersection,2,Four-Way Intersection,0,,1,On Roadway,3,Dark - Lighted,10,Cloudy,0,No Additional Atmospheric Conditions,10,Cloudy,0,No,0000000,Not Applicable,99,Unknown,99,Unknown,99,Unknown EMS Scene Arrival Hour,99,Unknown EMS Scene Arrival Minutes,88,Not Applicable (Not Transported),88,Not Applicable (Not Transported),0,,0,,0,,1,0
41,Oregon,410254,1,1,0,0,3,3,0,17,DESCHUTES (17),0,NOT APPLICABLE,20,20,8,August,2019,3,Tuesday,11,11:00am-11:59am,29,29,0,This section IS NOT on the NHS,3,State Highway,SR-126 ODOT 15,,1,Rural,3,Principal Arterial - Other,1,State Highway Agency,1064,1064,44.29481389,44.29481389,-121.3564861,-121.35648611,0,No Special Jurisdiction,35,Embankment,0,The First Harmful Event was Not a Collision with a Motor Vehicle in Transport,0,No,1,Non-Junction,1,Not an Intersection,0,,4,On Roadside,1,Daylight,1,Clear,0,No Additional Atmospheric Conditions,1,Clear,0,No,0000000,Not Applicable,11,11:00am-11:59am,30,30,11,11:00am-11:59am,36,36,88,Not Applicable (Not Transported),88,Not Applicable (Not Transported),0,,0,,0,,3,0
41,Oregon,410255,1,1,0,1,1,1,1,51,MULTNOMAH (51),1650,PORTLAND,3,3,10,October,2019,5,Thursday,18,6:00pm-6:59pm,47,47,1,This section IS ON the NHS,1,Interstate,I-5,,2,Urban,1,Interstate,1,State Highway Agency,3033,3033,45.54625556,45.54625556,-122.6780667,-122.67806667,0,No Special Jurisdiction,8,Pedestrian,0,The First Harmful Event was Not a Collision with a Motor Vehicle in Transport,0,No,1,Non-Junction,1,Not an Intersection,0,,1,On Roadway,3,Dark - Lighted,2,Rain,10,Cloudy,2,Rain,0,No,0000000,Not Applicable,99,Unknown,99,Unknown,99,Unknown EMS Scene Arrival Hour,99,Unknown EMS Scene Arrival Minutes,88,Not Applicable (Not Transported),88,Not Applicable (Not Transported),0,,0,,0,,1,0
41,Oregon,410256,2,2,0,0,4,4,0,59,UMATILLA (59),0,NOT APPLICABLE,12,12,10,October,2019,7,Saturday,14,2:00pm-2:59pm,15,15,1,This section IS ON the NHS,2,U.S. Highway,US-395 ODOT 54,I-84 RAMP,1,Rural,3,Principal Arterial - Other,1,State Highway Agency,124,124,45.764075,45.764075,-119.2046361,-119.20463611,0,No Special Jurisdiction,12,Motor Vehicle In-Transport,6,Angle,0,No,2,Intersection,2,Four-Way Intersection,0,,1,On Roadway,1,Daylight,1,Clear,0,No Additional Atmospheric Conditions,1,Clear,0,No,0000000,Not Applicable,14,2:00pm-2:59pm,16,16,14,2:00pm-2:59pm,21,21,99,Unknown,99,Unknown EMS Hospital Arrival Time,0,,0,,0,,1,0
41,Oregon,410257,1,1,0,0,1,1,0,47,MARION (47),0,NOT APPLICABLE,13,13,10,October,2019,1,Sunday,13,1:00pm-1:59pm,3,3,0,This section IS NOT on the NHS,4,County Road,CR-55TH AVE,,1,Rural,6,Minor Collector,2,County Highway Agency,11,11,45.02060556,45.02060556,-122.9483889,-122.94838889,0,No Special Jurisdiction,1,Rollover/Overturn,0,The First Harmful Event was Not a Collision with a Motor Vehicle in Transport,0,No,1,Non-Junction,1,Not an Intersection,0,,4,On Roadside,1,Daylight,1,Clear,0,No Additional Atmospheric Conditions,1,Clear,0,No,0000000,Not Applicable,13,1:00pm-1:59pm,3,3,13,1:00pm-1:59pm,9,9,88,Not Applicable (Not Transported),88,Not Applicable (Not Transported),0,,0,,0,,1,1
41,Oregon,410258,1,1,0,1,2,2,1,5,CLACKAMAS (5),926,HAPPY VALLEY,17,17,10,October,2019,5,Thursday,7,7:00am-7:59am,38,38,1,This section IS ON the NHS,3,State Highway,SR-212 ODOT 171,SE EVEYLN ST,2,Urban,3,Principal Arterial - Other,1,State Highway Agency,55,55,45.40796389,45.40796389,-122.55865,-122.55865,0,No Special Jurisdiction,8,Pedestrian,0,The First Harmful Event was Not a Collision with a Motor Vehicle in Transport,0,No,3,Intersection-Related,2,Four-Way Intersection,0,,1,On Roadway,4,Dawn,10,Cloudy,0,No Additional Atmospheric Conditions,10,Cloudy,0,No,0000000,Not Applicable,99,Unknown,99,Unknown,99,Unknown EMS Scene Arrival Hour,99,Unknown EMS Scene Arrival Minutes,88,Not Applicable (Not Transported),88,Not Applicable (Not Transported),0,,0,,0,,1,0
41,Oregon,410259,2,2,0,0,2,2,0,17,DESCHUTES (17),1720,REDMOND,25,25,10,October,2019,6,Friday,15,3:00pm-3:59pm,26,26,0,This section IS NOT on the NHS,6,Local Street - Municipality,SW VETERANS WAY,SW FIRST ST,2,Urban,4,Minor Arterial,4,City or Municipal Highway Agency,0,,44.26141667,44.26141667,-121.1688972,-121.16889722,0,No Special Jurisdiction,1,Rollover/Overturn,0,The First Harmful Event was Not a Collision with a Motor Vehicle in Transport,0,No,2,Intersection,3,T-Intersection,0,,1,On Roadway,1,Daylight,1,Clear,0,No Additional Atmospheric Conditions,1,Clear,0,No,0000000,Not Applicable,15,3:00pm-3:59pm,26,26,15,3:00pm-3:59pm,31,31,16,4:00pm-4:59pm,6,6,14,"Motor Vehicle struck by falling cargo,or something that came loose from or something that was set in motion by a vehicle",0,,0,,1,1
41,Oregon,410260,2,2,0,0,2,2,0,47,MARION (47),0,NOT APPLICABLE,26,26,8,August,2019,2,Monday,11,11:00am-11:59am,57,57,0,This section IS NOT on the NHS,3,State Highway,SR-214 ODOT 163,,1,Rural,5,Major Collector,1,State Highway Agency,384,384,44.98508333,44.98508333,-122.7528111,-122.75281111,0,No Special Jurisdiction,12,Motor Vehicle In-Transport,6,Angle,0,No,1,Non-Junction,1,Not an Intersection,0,,1,On Roadway,1,Daylight,1,Clear,0,No Additional Atmospheric Conditions,1,Clear,0,No,0000000,Not Applicable,11,11:00am-11:59am,57,57,12,12:00pm-12:59pm,4,4,12,12:00pm-12:59pm,32,32,0,,0,,0,,1,0
41,Oregon,410261,2,2,0,0,2,2,0,47,MARION (47),1810,SALEM,23,23,2,February,2019,7,Saturday,4,4:00am-4:59am,59,59,1,This section IS ON the NHS,1,Interstate,I-5,,2,Urban,1,Interstate,1,State Highway Agency,2577,2577,44.97112778,44.97112778,-122.990325,-122.990325,0,No Special Jurisdiction,12,Motor Vehicle In-Transport,6,Angle,0,No,1,Non-Junction,1,Not an Intersection,0,,1,On Roadway,2,Dark - Not Lighted,10,Cloudy,0,No Additional Atmospheric Conditions,10,Cloudy,0,No,0000000,Not Applicable,4,4:00am-4:59am,59,59,5,5:00am-5:59am,5,5,99,Unknown,99,Unknown EMS Hospital Arrival Time,23,Indication of a Stalled/Disabled Vehicle,0,,0,,1,2
41,Oregon,410262,1,1,0,0,1,1,0,47,MARION (47),0,NOT APPLICABLE,2,2,9,September,2019,2,Monday,20,8:00pm-8:59pm,13,13,0,This section IS NOT on the NHS,4,County Road,CR-NF46,,1,Rural,5,Major Collector,2,County Highway Agency,0,,44.77916389,44.77916389,-122.0000194,-122.00001944,1,National Park Service,34,Ditch,0,The First Harmful Event was Not a Collision with a Motor Vehicle in Transport,0,No,1,Non-Junction,1,Not an Intersection,0,,4,On Roadside,9,Reported as Unknown,1,Clear,0,No Additional Atmospheric Conditions,1,Clear,0,No,0000000,Not Applicable,99,Unknown,99,Unknown,99,Unknown EMS Scene Arrival Hour,99,Unknown EMS Scene Arrival Minutes,88,Not Applicable (Not Transported),88,Not Applicable (Not Transported),0,,0,,0,,1,1
41,Oregon,410263,2,2,0,0,2,2,0,39,LANE (39),0,NOT APPLICABLE,2,2,9,September,2019,2,Monday,12,12:00pm-12:59pm,36,36,0,This section IS NOT on the NHS,4,County Road,CR-LONDON RD,,1,Rural,5,Major Collector,2,County Highway Agency,35,35,43.71534444,43.71534444,-123.0617528,-123.06175278,0,No Special Jurisdiction,12,Motor Vehicle In-Transport,6,Angle,0,No,4,Driveway Access,1,Not an Intersection,0,,1,On Roadway,1,Daylight,1,Clear,0,No Additional Atmospheric Conditions,1,Clear,0,No,0000000,Not Applicable,12,12:00pm-12:59pm,36,36,12,12:00pm-12:59pm,46,46,99,Unknown,99,Unknown EMS Hospital Arrival Time,0,,0,,0,,1,0
41,Oregon,410264,2,2,0,0,3,3,0,11,COOS (11),0,NOT APPLICABLE,16,16,9,September,2019,2,Monday,10,10:00am-10:59am,11,11,1,This section IS ON the NHS,2,U.S. Highway,US-101 ODOT 9,,2,Urban,3,Principal Arterial - Other,1,State Highway Agency,2407,2407,43.33857222,43.33857222,-124.1980722,-124.19807222,0,No Special Jurisdiction,12,Motor Vehicle In-Transport,6,Angle,0,No,1,Non-Junction,1,Not an Intersection,0,,1,On Roadway,1,Daylight,10,Cloudy,0,No Additional Atmospheric Conditions,10,Cloudy,0,No,0000000,Not Applicable,10,10:00am-10:59am,12,12,10,10:00am-10:59am,18,18,99,Unknown,99,Unknown EMS Hospital Arrival Time,0,,0,,0,,1,0
41,Oregon,410265,2,2,0,0,3,3,0,59,UMATILLA (59),0,NOT APPLICABLE,16,16,9,September,2019,2,Monday,9,9:00am-9:59am,42,42,1,This section IS ON the NHS,1,Interstate,I-84,,1,Rural,1,Interstate,1,State Highway Agency,2018,2018,45.69863889,45.69863889,-118.9521389,-118.95213889,0,No Special Jurisdiction,12,Motor Vehicle In-Transport,7,Sideswipe - Same Direction,0,No,1,Non-Junction,1,Not an Intersection,0,,1,On Roadway,1,Daylight,1,Clear,0,No Additional Atmospheric Conditions,1,Clear,0,No,0000000,Not Applicable,9,9:00am-9:59am,42,42,9,9:00am-9:59am,54,54,99,Unknown,99,Unknown EMS Hospital Arrival Time,0,,0,,0,,1,0
41,Oregon,410266,1,1,0,0,1,1,0,1,BAKER (1),0,NOT APPLICABLE,25,25,9,September,2019,4,Wednesday,15,3:00pm-3:59pm,27,27,0,This section IS NOT on the NHS,3,State Highway,SR-7 ODOT 71,,1,Rural,4,Minor Arterial,1,State Highway Agency,444,444,44.68672222,44.68672222,-117.8558889,-117.85588889,0,No Special Jurisdiction,39,Wall,0,The First Harmful Event was Not a Collision with a Motor Vehicle in Transport,0,No,1,Non-Junction,1,Not an Intersection,0,,4,On Roadside,1,Daylight,1,Clear,0,No Additional Atmospheric Conditions,1,Clear,0,No,0000000,Not Applicable,15,3:00pm-3:59pm,27,27,15,3:00pm-3:59pm,33,33,88,Not Applicable (Not Transported),88,Not Applicable (Not Transported),0,,0,,0,,1,1
41,Oregon,410267,2,2,0,0,2,2,0,67,WASHINGTON (67),1000,HILLSBORO,2,2,1,January,2019,4,Wednesday,7,7:00am-7:59am,22,22,0,This section IS NOT on the NHS,6,Local Street - Municipality,NE 229 TH AVE,NE WALBRIDGE DR,2,Urban,5,Major Collector,4,City or Municipal Highway Agency,0,,45.537025,45.537025,-122.9101361,-122.91013611,0,No Special Jurisdiction,12,Motor Vehicle In-Transport,6,Angle,0,No,2,Intersection,2,Four-Way Intersection,0,,1,On Roadway,3,Dark - Lighted,10,Cloudy,0,No Additional Atmospheric Conditions,10,Cloudy,0,No,0000000,Not Applicable,99,Unknown,99,Unknown,99,Unknown EMS Scene Arrival Hour,99,Unknown EMS Scene Arrival Minutes,99,Unknown,99,Unknown EMS Hospital Arrival Time,0,,0,,0,,1,0
41,Oregon,410268,1,1,0,0,2,2,0,5,CLACKAMAS (5),335,CLACKAMAS,3,3,1,January,2019,5,Thursday,99,Unknown Hours,99,Unknown Minutes,0,This section IS NOT on the NHS,8,Other,USFS-63,,1,Rural,7,Local,64,U.S. Forest Service,0,,45.01923611,45.01923611,-122.0669028,-122.06690278,0,No Special Jurisdiction,3,Immersion or Partial Immersion,0,The First Harmful Event was Not a Collision with a Motor Vehicle in Transport,0,No,1,Non-Junction,1,Not an Intersection,0,,5,Outside Trafficway,9,Reported as Unknown,98,Not Reported,0,No Additional Atmospheric Conditions,98,Not Reported,0,No,0000000,Not Applicable,99,Unknown,99,Unknown,99,Unknown EMS Scene Arrival Hour,99,Unknown EMS Scene Arrival Minutes,88,Not Applicable (Not Transported),88,Not Applicable (Not Transported),0,,0,,0,,2,0
41,Oregon,410269,1,1,0,0,1,1,0,19,DOUGLAS (19),0,NOT APPLICABLE,6,6,1,January,2019,1,Sunday,11,11:00am-11:59am,34,34,0,This section IS NOT on the NHS,4,County Road,CR-TYEE RD,,1,Rural,5,Major Collector,2,County Highway Agency,50,50,43.37761111,43.37761111,-123.5113,-123.5113,0,No Special Jurisdiction,1,Rollover/Overturn,0,The First Harmful Event was Not a Collision with a Motor Vehicle in Transport,0,No,1,Non-Junction,1,Not an Intersection,0,,5,Outside Trafficway,9,Reported as Unknown,98,Not Reported,0,No Additional Atmospheric Conditions,98,Not Reported,0,No,0000000,Not Applicable,99,Unknown,99,Unknown,99,Unknown EMS Scene Arrival Hour,99,Unknown EMS Scene Arrival Minutes,88,Not Applicable (Not Transported),88,Not Applicable (Not Transported),0,,0,,0,,1,1
41,Oregon,410270,1,1,0,1,1,1,1,51,MULTNOMAH (51),670,FAIRVIEW,8,8,1,January,2019,3,Tuesday,20,8:00pm-8:59pm,48,48,0,This section IS NOT on the NHS,6,Local Street - Municipality,NE 223RD AVE,,2,Urban,5,Major Collector,4,City or Municipal Highway Agency,0,,45.52946667,45.52946667,-122.4336361,-122.43363611,0,No Special Jurisdiction,8,Pedestrian,0,The First Harmful Event was Not a Collision with a Motor Vehicle in Transport,0,No,1,Non-Junction,1,Not an Intersection,0,,1,On Roadway,2,Dark - Not Lighted,1,Clear,0,No Additional Atmospheric Conditions,1,Clear,0,No,0000000,Not Applicable,99,Unknown,99,Unknown,99,Unknown EMS Scene Arrival Hour,99,Unknown EMS Scene Arrival Minutes,88,Not Applicable (Not Transported),88,Not Applicable (Not Transported),0,,0,,0,,1,1
41,Oregon,410271,1,1,0,1,1,1,1,9,COLUMBIA (9),0,NOT APPLICABLE,11,11,1,January,2019,6,Friday,17,5:00pm-5:59pm,15,15,0,This section IS NOT on the NHS,4,County Road,CR-SCAPPOOSE VERNONIA RD,,2,Urban,4,Minor Arterial,2,County Highway Agency,52,52,45.78208056,45.78208056,-122.9018833,-122.90188333,0,No Special Jurisdiction,8,Pedestrian,0,The First Harmful Event was Not a Collision with a Motor Vehicle in Transport,0,No,1,Non-Junction,1,Not an Intersection,0,,1,On Roadway,3,Dark - Lighted,1,Clear,0,No Additional Atmospheric Conditions,1,Clear,0,No,0000000,Not Applicable,17,5:00pm-5:59pm,21,21,17,5:00pm-5:59pm,24,24,99,Unknown,99,Unknown EMS Hospital Arrival Time,0,,0,,0,,1,0
41,Oregon,410272,1,1,0,2,6,6,2,67,WASHINGTON (67),1000,HILLSBORO,19,19,1,January,2019,7,Saturday,19,7:00pm-7:59pm,40,40,1,This section IS ON the NHS,6,Local Street - Municipality,NE CORNELL RD,NE 17TH AVE,2,Urban,3,Principal Arterial - Other,4,City or Municipal Highway Agency,0,,45.53068333,45.53068333,-122.9644639,-122.96446389,0,No Special Jurisdiction,8,Pedestrian,0,The First Harmful Event was Not a Collision with a Motor Vehicle in Transport,0,No,3,Intersection-Related,3,T-Intersection,0,,1,On Roadway,3,Dark - Lighted,1,Clear,0,No Additional Atmospheric Conditions,1,Clear,0,No,0000000,Not Applicable,99,Unknown,99,Unknown,99,Unknown EMS Scene Arrival Hour,99,Unknown EMS Scene Arrival Minutes,99,Unknown,99,Unknown EMS Hospital Arrival Time,0,,0,,0,,1,0
41,Oregon,410273,1,1,0,0,2,2,0,39,LANE (39),660,EUGENE,21,21,1,January,2019,2,Monday,5,5:00am-5:59am,2,2,0,This section IS NOT on the NHS,6,Local Street - Municipality,AYERS RD,,2,Urban,5,Major Collector,4,City or Municipal Highway Agency,0,,44.1018,44.1018,-123.0846361,-123.08463611,0,No Special Jurisdiction,39,Wall,0,The First Harmful Event was Not a Collision with a Motor Vehicle in Transport,0,No,1,Non-Junction,1,Not an Intersection,0,,5,Outside Trafficway,8,Not Reported,98,Not Reported,0,No Additional Atmospheric Conditions,98,Not Reported,0,No,0000000,Not Applicable,99,Unknown,99,Unknown,99,Unknown EMS Scene Arrival Hour,99,Unknown EMS Scene Arrival Minutes,99,Unknown,99,Unknown EMS Hospital Arrival Time,0,,0,,0,,1,1
41,Oregon,410274,1,1,0,0,2,2,0,47,MARION (47),0,NOT APPLICABLE,27,27,1,January,2019,1,Sunday,2,2:00am-2:59am,30,30,0,This section IS NOT on the NHS,3,State Highway,SR-99 ODOT 81,,1,Rural,4,Minor Arterial,1,State Highway Agency,38,38,45.04670278,45.04670278,-122.9554194,-122.95541944,0,No Special Jurisdiction,1,Rollover/Overturn,0,The First Harmful Event was Not a Collision with a Motor Vehicle in Transport,0,No,1,Non-Junction,1,Not an Intersection,0,,4,On Roadside,6,Dark - Unknown Lighting,98,Not Reported,0,No Additional Atmospheric Conditions,98,Not Reported,0,No,0000000,Not Applicable,2,2:00am-2:59am,31,31,2,2:00am-2:59am,43,43,3,3:00am-3:59am,11,11,0,,0,,0,,1,1
41,Oregon,410275,2,2,0,0,3,3,0,5,CLACKAMAS (5),0,NOT APPLICABLE,1,1,3,March,2019,6,Friday,16,4:00pm-4:59pm,32,32,0,This section IS NOT on the NHS,3,State Highway,SR-211 ODOT 161,,1,Rural,4,Minor Arterial,1,State Highway Agency,166,166,45.28495556,45.28495556,-122.3331167,-122.33311667,0,No Special Jurisdiction,12,Motor Vehicle In-Transport,2,Front-to-Front,0,No,1,Non-Junction,1,Not an Intersection,0,,1,On Roadway,1,Daylight,98,Not Reported,0,No Additional Atmospheric Conditions,98,Not Reported,0,No,0000000,Not Applicable,16,4:00pm-4:59pm,32,32,16,4:00pm-4:59pm,40,40,17,5:00pm-5:59pm,35,35,0,,0,,0,,1,0
41,Oregon,410276,2,2,0,0,2,2,0,39,LANE (39),0,NOT APPLICABLE,5,5,3,March,2019,3,Tuesday,10,10:00am-10:59am,18,18,0,This section IS NOT on the NHS,6,Local Street - Municipality,CR-N COBURG RD,CR-PAIUTE LN,2,Urban,5,Major Collector,2,County Highway Agency,11,11,44.15698333,44.15698333,-123.0719111,-123.07191111,0,No Special Jurisdiction,12,Motor Vehicle In-Transport,98,Not Reported,0,No,2,Intersection,3,T-Intersection,0,,1,On Roadway,1,Daylight,98,Not Reported,0,No Additional Atmospheric Conditions,98,Not Reported,0,No,0000000,Not Applicable,99,Unknown,99,Unknown,99,Unknown EMS Scene Arrival Hour,99,Unknown EMS Scene Arrival Minutes,99,Unknown,99,Unknown EMS Hospital Arrival Time,0,,0,,0,,1,0
41,Oregon,410277,1,1,0,0,2,2,0,51,MULTNOMAH (51),1650,PORTLAND,9,9,3,March,2019,7,Saturday,23,11:00pm-11:59pm,1,1,1,This section IS ON the NHS,6,Local Street - Municipality,SE DIVISION ST,SE 122ND AVE,2,Urban,3,Principal Arterial - Other,4,City or Municipal Highway Agency,0,,45.50409167,45.50409167,-122.5376583,-122.53765833,0,No Special Jurisdiction,30,Utility Pole/Light Support,0,The First Harmful Event was Not a Collision with a Motor Vehicle in Transport,0,No,3,Intersection-Related,2,Four-Way Intersection,0,,4,On Roadside,3,Dark - Lighted,1,Clear,0,No Additional Atmospheric Conditions,1,Clear,0,No,0000000,Not Applicable,23,11:00pm-11:59pm,4,4,23,11:00pm-11:59pm,6,6,23,11:00pm-11:59pm,45,45,0,,0,,0,,1,0
41,Oregon,410278,2,2,0,0,2,2,0,51,MULTNOMAH (51),0,NOT APPLICABLE,14,14,3,March,2019,5,Thursday,14,2:00pm-2:59pm,55,55,1,This section IS ON the NHS,2,U.S. Highway,US-26 ODOT 26,CR-SE STONE RD,2,Urban,3,Principal Arterial - Other,1,State Highway Agency,167,167,45.46125278,45.46125278,-122.3830306,-122.38303056,0,No Special Jurisdiction,12,Motor Vehicle In-Transport,6,Angle,0,No,2,Intersection,2,Four-Way Intersection,0,,1,On Roadway,1,Daylight,1,Clear,0,No Additional Atmospheric Conditions,1,Clear,0,No,0000000,Not Applicable,99,Unknown,99,Unknown,99,Unknown EMS Scene Arrival Hour,99,Unknown EMS Scene Arrival Minutes,88,Not Applicable (Not Transported),88,Not Applicable (Not Transported),0,,0,,0,,1,0
41,Oregon,410279,1,1,0,0,1,1,0,51,MULTNOMAH (51),2090,TROUTDALE,14,14,3,March,2019,5,Thursday,23,11:00pm-11:59pm,34,34,0,This section IS NOT on the NHS,7,Local Street - Frontage Road,N SUNDIAL RD,NW GRAHAM RD,2,Urban,3,Principal Arterial - Other,4,City or Municipal Highway Agency,160,160,45.54579167,45.54579167,-122.3913944,-122.39139444,0,No Special Jurisdiction,34,Ditch,0,The First Harmful Event was Not a Collision with a Motor Vehicle in Transport,0,No,3,Intersection-Related,2,Four-Way Intersection,0,,4,On Roadside,3,Dark - Lighted,10,Cloudy,0,No Additional Atmospheric Conditions,10,Cloudy,0,No,0000000,Not Applicable,23,11:00pm-11:59pm,34,34,23,11:00pm-11:59pm,40,40,0,0:00am-0:59am,19,19,0,,0,,0,,1,1
41,Oregon,410280,1,1,0,1,1,1,1,51,MULTNOMAH (51),1650,PORTLAND,19,19,3,March,2019,3,Tuesday,6,6:00am-6:59am,59,59,0,This section IS NOT on the NHS,6,Local Street - Municipality,SW 45TH AVE,SW CARSON ST,2,Urban,5,Major Collector,4,City or Municipal Highway Agency,0,,45.46413611,45.46413611,-122.7231528,-122.72315278,0,No Special Jurisdiction,8,Pedestrian,0,The First Harmful Event was Not a Collision with a Motor Vehicle in Transport,0,No,3,Intersection-Related,2,Four-Way Intersection,0,,1,On Roadway,4,Dawn,1,Clear,0,No Additional Atmospheric Conditions,1,Clear,0,No,0000000,Not Applicable,6,6:00am-6:59am,59,59,7,7:00am-7:59am,6,6,88,Not Applicable (Not Transported),88,Not Applicable (Not Transported),0,,0,,0,,1,0
41,Oregon,410281,1,1,0,0,1,1,0,9,COLUMBIA (9),0,NOT APPLICABLE,31,31,3,March,2019,1,Sunday,20,8:00pm-8:59pm,59,59,0,This section IS NOT on the NHS,4,County Road,CR-CANAAN RD,,1,Rural,5,Major Collector,2,County Highway Agency,99999,Unknown,45.93236667,45.93236667,-122.9020222,-122.90202222,0,No Special Jurisdiction,1,Rollover/Overturn,0,The First Harmful Event was Not a Collision with a Motor Vehicle in Transport,0,No,1,Non-Junction,1,Not an Intersection,0,,4,On Roadside,2,Dark - Not Lighted,10,Cloudy,0,No Additional Atmospheric Conditions,10,Cloudy,0,No,0000000,Not Applicable,20,8:00pm-8:59pm,59,59,21,9:00pm-9:59pm,9,9,88,Not Applicable (Not Transported),88,Not Applicable (Not Transported),0,,0,,0,,1,1
41,Oregon,410282,1,1,0,0,1,1,0,19,DOUGLAS (19),0,NOT APPLICABLE,5,5,4,April,2019,6,Friday,3,3:00am-3:59am,50,50,0,This section IS NOT on the NHS,4,County Road,CR-MELROSE RD,,1,Rural,4,Minor Arterial,2,County Highway Agency,68,68,43.24165556,43.24165556,-123.4374611,-123.43746111,0,No Special Jurisdiction,1,Rollover/Overturn,0,The First Harmful Event was Not a Collision with a Motor Vehicle in Transport,0,No,1,Non-Junction,1,Not an Intersection,0,,4,On Roadside,8,Not Reported,98,Not Reported,0,No Additional Atmospheric Conditions,98,Not Reported,0,No,0000000,Not Applicable,3,3:00am-3:59am,52,52,4,4:00am-4:59am,4,4,88,Not Applicable (Not Transported),88,Not Applicable (Not Transported),0,,0,,0,,1,1
41,Oregon,410283,1,1,0,1,1,1,1,51,MULTNOMAH (51),1650,PORTLAND,7,7,4,April,2019,1,Sunday,0,0:00am-0:59am,7,7,1,This section IS ON the NHS,2,U.S. Highway,US-26 ODOT 26,I-205 RAMP,2,Urban,3,Principal Arterial - Other,1,State Highway Agency,56,56,45.497375,45.497375,-122.5666222,-122.56662222,0,No Special Jurisdiction,8,Pedestrian,0,The First Harmful Event was Not a Collision with a Motor Vehicle in Transport,0,No,3,Intersection-Related,2,Four-Way Intersection,0,,1,On Roadway,3,Dark - Lighted,2,Rain,0,No Additional Atmospheric Conditions,2,Rain,0,No,0000000,Not Applicable,99,Unknown,99,Unknown,99,Unknown EMS Scene Arrival Hour,99,Unknown EMS Scene Arrival Minutes,88,Not Applicable (Not Transported),88,Not Applicable (Not Transported),0,,0,,0,,1,1
41,Oregon,410284,1,1,0,1,1,1,1,43,LINN (43),20,ALBANY,8,8,4,April,2019,2,Monday,5,5:00am-5:59am,14,14,1,This section IS ON the NHS,2,U.S. Highway,US-20 ODOT 16,,2,Urban,3,Principal Arterial - Other,1,State Highway Agency,17,17,44.62936111,44.62936111,-123.0511333,-123.05113333,0,No Special Jurisdiction,8,Pedestrian,0,The First Harmful Event was Not a Collision with a Motor Vehicle in Transport,0,No,1,Non-Junction,1,Not an Intersection,0,,1,On Roadway,2,Dark - Not Lighted,98,Not Reported,0,No Additional Atmospheric Conditions,98,Not Reported,0,No,0000000,Not Applicable,99,Unknown,99,Unknown,99,Unknown EMS Scene Arrival Hour,99,Unknown EMS Scene Arrival Minutes,88,Not Applicable (Not Transported),88,Not Applicable (Not Transported),0,,0,,0,,1,0
41,Oregon,410285,1,1,0,1,1,1,1,29,JACKSON (29),0,NOT APPLICABLE,8,8,4,April,2019,2,Monday,5,5:00am-5:59am,17,17,1,This section IS ON the NHS,3,State Highway,SR- 140 ODOT 270,SR- 62 ODOT 22,2,Urban,3,Principal Arterial - Other,1,State Highway Agency,0,,42.42325833,42.42325833,-122.8518972,-122.85189722,0,No Special Jurisdiction,8,Pedestrian,0,The First Harmful Event was Not a Collision with a Motor Vehicle in Transport,0,No,3,Intersection-Related,2,Four-Way Intersection,0,,1,On Roadway,2,Dark - Not Lighted,2,Rain,10,Cloudy,2,Rain,0,No,0000000,Not Applicable,5,5:00am-5:59am,17,17,5,5:00am-5:59am,24,24,99,Unknown,99,Unknown EMS Hospital Arrival Time,0,,0,,0,,1,0
41,Oregon,410286,1,1,0,0,1,1,0,47,MARION (47),1810,SALEM,9,9,4,April,2019,3,Tuesday,6,6:00am-6:59am,50,50,0,This section IS NOT on the NHS,6,Local Street - Municipality,17TH ST NE,,2,Urban,4,Minor Arterial,4,City or Municipal Highway Agency,0,,44.95735556,44.95735556,-123.0110028,-123.01100278,0,No Special Jurisdiction,42,Tree (Standing Only),0,The First Harmful Event was Not a Collision with a Motor Vehicle in Transport,0,No,1,Non-Junction,1,Not an Intersection,0,,4,On Roadside,1,Daylight,98,Not Reported,0,No Additional Atmospheric Conditions,98,Not Reported,0,No,0000000,Not Applicable,6,6:00am-6:59am,50,50,6,6:00am-6:59am,54,54,88,Not Applicable (Not Transported),88,Not Applicable (Not Transported),0,,0,,0,,1,0
41,Oregon,410287,1,1,0,1,1,1,1,5,CLACKAMAS (5),0,NOT APPLICABLE,14,14,4,April,2019,1,Sunday,99,Unknown Hours,99,Unknown Minutes,0,This section IS NOT on the NHS,6,Local Street - Municipality,CR-S LIBERAL WAY,,1,Rural,6,Minor Collector,2,County Highway Agency,1,1,45.18756389,45.18756389,-122.5926611,-122.59266111,0,No Special Jurisdiction,8,Pedestrian,0,The First Harmful Event was Not a Collision with a Motor Vehicle in Transport,0,No,1,Non-Junction,1,Not an Intersection,0,,1,On Roadway,9,Reported as Unknown,98,Not Reported,0,No Additional Atmospheric Conditions,98,Not Reported,0,No,0000000,Not Applicable,99,Unknown,99,Unknown,99,Unknown EMS Scene Arrival Hour,99,Unknown EMS Scene Arrival Minutes,88,Not Applicable (Not Transported),88,Not Applicable (Not Transported),0,,0,,0,,1,0
41,Oregon,410288,1,1,0,0,1,1,0,51,MULTNOMAH (51),1650,PORTLAND,16,16,4,April,2019,3,Tuesday,3,3:00am-3:59am,40,40,0,This section IS NOT on the NHS,6,Local Street - Municipality,SE HOLGATE BLVD,,2,Urban,5,Major Collector,4,City or Municipal Highway Agency,0,,45.48983889,45.48983889,-122.5598639,-122.55986389,0,No Special Jurisdiction,30,Utility Pole/Light Support,0,The First Harmful Event was Not a Collision with a Motor Vehicle in Transport,0,No,1,Non-Junction,1,Not an Intersection,0,,4,On Roadside,3,Dark - Lighted,10,Cloudy,0,No Additional Atmospheric Conditions,10,Cloudy,0,No,0000000,Not Applicable,99,Unknown,99,Unknown,99,Unknown EMS Scene Arrival Hour,99,Unknown EMS Scene Arrival Minutes,88,Not Applicable (Not Transported),88,Not Applicable (Not Transported),0,,0,,0,,1,1
41,Oregon,410289,3,3,0,0,4,4,0,51,MULTNOMAH (51),1650,PORTLAND,20,20,4,April,2019,7,Saturday,23,11:00pm-11:59pm,14,14,0,This section IS NOT on the NHS,6,Local Street - Municipality,NE 102ND AVE,,2,Urban,4,Minor Arterial,4,City or Municipal Highway Agency,0,,45.547625,45.547625,-122.5577444,-122.55774444,0,No Special Jurisdiction,12,Motor Vehicle In-Transport,2,Front-to-Front,0,No,1,Non-Junction,1,Not an Intersection,0,,1,On Roadway,6,Dark - Unknown Lighting,98,Not Reported,0,No Additional Atmospheric Conditions,98,Not Reported,0,No,0000000,Not Applicable,99,Unknown,99,Unknown,99,Unknown EMS Scene Arrival Hour,99,Unknown EMS Scene Arrival Minutes,99,Unknown,99,Unknown EMS Hospital Arrival Time,0,,0,,0,,1,1
41,Oregon,410291,1,1,0,0,1,1,0,37,LAKE (37),0,NOT APPLICABLE,3,3,5,May,2019,6,Friday,11,11:00am-11:59am,34,34,0,This section IS NOT on the NHS,4,County Road,CR-FOSSIL LAKE RD,,1,Rural,7,Local,2,County Highway Agency,20,20,43.26620278,43.26620278,-120.5219222,-120.52192222,0,No Special Jurisdiction,11,Live Animal,0,The First Harmful Event was Not a Collision with a Motor Vehicle in Transport,0,No,1,Non-Junction,1,Not an Intersection,0,,1,On Roadway,1,Daylight,1,Clear,0,No Additional Atmospheric Conditions,1,Clear,0,No,0000000,Not Applicable,11,11:00am-11:59am,34,34,0,0:00am-0:59am,0,0,99,Unknown,99,Unknown EMS Hospital Arrival Time,0,,0,,0,,1,0
41,Oregon,410292,1,1,0,0,1,1,0,39,LANE (39),0,NOT APPLICABLE,7,7,5,May,2019,3,Tuesday,16,4:00pm-4:59pm,44,44,0,This section IS NOT on the NHS,4,County Road,CR-DEXTER RD,,1,Rural,5,Major Collector,2,County Highway Agency,18,18,43.91614167,43.91614167,-122.8159472,-122.81594722,0,No Special Jurisdiction,30,Utility Pole/Light Support,0,The First Harmful Event was Not a Collision with a Motor Vehicle in Transport,0,No,1,Non-Junction,1,Not an Intersection,0,,4,On Roadside,1,Daylight,1,Clear,0,No Additional Atmospheric Conditions,1,Clear,0,No,0000000,Not Applicable,99,Unknown,99,Unknown,99,Unknown EMS Scene Arrival Hour,99,Unknown EMS Scene Arrival Minutes,99,Unknown,99,Unknown EMS Hospital Arrival Time,0,,0,,0,,1,1
41,Oregon,410293,2,2,0,0,2,2,0,19,DOUGLAS (19),1780,ROSEBURG,9,9,5,May,2019,5,Thursday,14,2:00pm-2:59pm,50,50,1,This section IS ON the NHS,3,State Highway,SR-138 ODOT 138,,2,Urban,3,Principal Arterial - Other,1,State Highway Agency,22,22,43.21416667,43.21416667,-123.2996917,-123.29969167,0,No Special Jurisdiction,12,Motor Vehicle In-Transport,2,Front-to-Front,0,No,1,Non-Junction,1,Not an Intersection,0,,1,On Roadway,1,Daylight,98,Not Reported,0,No Additional Atmospheric Conditions,98,Not Reported,0,No,0000000,Not Applicable,99,Unknown,99,Unknown,99,Unknown EMS Scene Arrival Hour,99,Unknown EMS Scene Arrival Minutes,99,Unknown,99,Unknown EMS Hospital Arrival Time,0,,0,,0,,1,0
41,Oregon,410294,1,1,0,0,2,2,0,51,MULTNOMAH (51),2090,TROUTDALE,11,11,5,May,2019,7,Saturday,16,4:00pm-4:59pm,24,24,0,This section IS NOT on the NHS,6,Local Street - Municipality,NW SUNDIAL RD,,2,Urban,5,Major Collector,1,State Highway Agency,172,172,45.54451667,45.54451667,-122.3932222,-122.39322222,0,No Special Jurisdiction,30,Utility Pole/Light Support,0,The First Harmful Event was Not a Collision with a Motor Vehicle in Transport,0,No,1,Non-Junction,1,Not an Intersection,0,,4,On Roadside,1,Daylight,1,Clear,0,No Additional Atmospheric Conditions,1,Clear,0,No,0000000,Not Applicable,16,4:00pm-4:59pm,25,25,16,4:00pm-4:59pm,36,36,17,5:00pm-5:59pm,15,15,0,,0,,0,,1,0
41,Oregon,410295,2,2,0,0,3,3,0,51,MULTNOMAH (51),1650,PORTLAND,14,14,5,May,2019,3,Tuesday,19,7:00pm-7:59pm,19,19,0,This section IS NOT on the NHS,6,Local Street - Municipality,NE 148TH AVE,NE FREMONT ST,2,Urban,4,Minor Arterial,4,City or Municipal Highway Agency,0,,45.54875833,45.54875833,-122.5099667,-122.50996667,0,No Special Jurisdiction,12,Motor Vehicle In-Transport,6,Angle,0,No,2,Intersection,2,Four-Way Intersection,0,,1,On Roadway,1,Daylight,1,Clear,0,No Additional Atmospheric Conditions,1,Clear,0,No,0000000,Not Applicable,19,7:00pm-7:59pm,19,19,19,7:00pm-7:59pm,23,23,88,Not Applicable (Not Transported),88,Not Applicable (Not Transported),0,,0,,0,,1,0
41,Oregon,410296,1,1,0,1,0,0,1,19,DOUGLAS (19),0,NOT APPLICABLE,15,15,5,May,2019,4,Wednesday,11,11:00am-11:59am,13,13,1,This section IS ON the NHS,3,State Highway,SR-38 ODOT 45,,1,Rural,3,Principal Arterial - Other,1,State Highway Agency,373,373,43.63862222,43.63862222,-123.5447111,-123.54471111,0,No Special Jurisdiction,8,Pedestrian,0,The First Harmful Event was Not a Collision with a Motor Vehicle in Transport,0,No,1,Non-Junction,1,Not an Intersection,0,,1,On Roadway,1,Daylight,98,Not Reported,0,No Additional Atmospheric Conditions,98,Not Reported,0,No,0000000,Not Applicable,99,Unknown,99,Unknown,99,Unknown EMS Scene Arrival Hour,99,Unknown EMS Scene Arrival Minutes,88,Not Applicable (Not Transported),88,Not Applicable (Not Transported),0,,0,,0,,1,0
41,Oregon,410297,1,1,0,0,1,1,0,7,CLATSOP (7),0,NOT APPLICABLE,18,18,5,May,2019,7,Saturday,15,3:00pm-3:59pm,5,5,1,This section IS ON the NHS,2,U.S. Highway,US-26 ODOT 47,,1,Rural,3,Principal Arterial - Other,1,State Highway Agency,250,250,45.82979167,45.82979167,-123.5021056,-123.50210556,0,No Special Jurisdiction,35,Embankment,0,The First Harmful Event was Not a Collision with a Motor Vehicle in Transport,0,No,1,Non-Junction,1,Not an Intersection,0,,4,On Roadside,1,Daylight,98,Not Reported,0,No Additional Atmospheric Conditions,98,Not Reported,0,No,0000000,Not Applicable,99,Unknown,99,Unknown,99,Unknown EMS Scene Arrival Hour,99,Unknown EMS Scene Arrival Minutes,99,Unknown,99,Unknown EMS Hospital Arrival Time,0,,0,,0,,1,0
41,Oregon,410298,1,1,0,0,3,3,0,39,LANE (39),1960,SPRINGFIELD,26,26,5,May,2019,1,Sunday,0,0:00am-0:59am,1,1,0,This section IS NOT on the NHS,6,Local Street - Municipality,42ND ST,,2,Urban,4,Minor Arterial,4,City or Municipal Highway Agency,0,,44.04865833,44.04865833,-122.9632917,-122.96329167,0,No Special Jurisdiction,30,Utility Pole/Light Support,0,The First Harmful Event was Not a Collision with a Motor Vehicle in Transport,0,No,1,Non-Junction,1,Not an Intersection,0,,4,On Roadside,2,Dark - Not Lighted,98,Not Reported,0,No Additional Atmospheric Conditions,98,Not Reported,0,No,0000000,Not Applicable,0,0:00am-0:59am,1,1,0,0:00am-0:59am,6,6,88,Not Applicable (Not Transported),88,Not Applicable (Not Transported),0,,0,,0,,2,1
41,Oregon,410300,1,1,0,0,1,1,0,47,MARION (47),0,NOT APPLICABLE,2,2,6,June,2019,1,Sunday,23,11:00pm-11:59pm,0,0,1,This section IS ON the NHS,3,State Highway,SR-99E ODOT 81,,2,Urban,3,Principal Arterial - Other,1,State Highway Agency,349,349,45.11479722,45.11479722,-122.8703083,-122.87030833,0,No Special Jurisdiction,58,Ground,0,The First Harmful Event was Not a Collision with a Motor Vehicle in Transport,0,No,1,Non-Junction,1,Not an Intersection,0,,4,On Roadside,2,Dark - Not Lighted,1,Clear,0,No Additional Atmospheric Conditions,1,Clear,0,No,0000000,Not Applicable,99,Unknown,99,Unknown,99,Unknown EMS Scene Arrival Hour,99,Unknown EMS Scene Arrival Minutes,99,Unknown,99,Unknown EMS Hospital Arrival Time,0,,0,,0,,1,1
41,Oregon,410301,3,3,0,0,7,7,0,45,MALHEUR (45),0,NOT APPLICABLE,3,3,6,June,2019,2,Monday,14,2:00pm-2:59pm,50,50,1,This section IS ON the NHS,2,U.S. Highway,US-20 ODOT 7,,1,Rural,3,Principal Arterial - Other,1,State Highway Agency,2443,2443,43.96754167,43.96754167,-117.2717639,-117.27176389,0,No Special Jurisdiction,12,Motor Vehicle In-Transport,2,Front-to-Front,0,No,1,Non-Junction,1,Not an Intersection,0,,1,On Roadway,1,Daylight,1,Clear,0,No Additional Atmospheric Conditions,1,Clear,0,No,0000000,Not Applicable,14,2:00pm-2:59pm,51,51,14,2:00pm-2:59pm,58,58,99,Unknown,99,Unknown EMS Hospital Arrival Time,0,,0,,0,,1,0
41,Oregon,410302,1,1,0,0,3,3,0,41,LINCOLN (41),0,NOT APPLICABLE,5,5,6,June,2019,4,Wednesday,17,5:00pm-5:59pm,47,47,0,This section IS NOT on the NHS,4,County Road,CR-LOGSDEN RD,,1,Rural,5,Major Collector,2,County Highway Agency,31,31,44.73208056,44.73208056,-123.8690806,-123.86908056,0,No Special Jurisdiction,1,Rollover/Overturn,0,The First Harmful Event was Not a Collision with a Motor Vehicle in Transport,0,No,1,Non-Junction,1,Not an Intersection,0,,4,On Roadside,1,Daylight,10,Cloudy,0,No Additional Atmospheric Conditions,10,Cloudy,0,No,0000000,Not Applicable,17,5:00pm-5:59pm,48,48,17,5:00pm-5:59pm,55,55,88,Not Applicable (Not Transported),88,Not Applicable (Not Transported),0,,0,,0,,1,0
41,Oregon,410303,2,2,0,1,2,2,1,47,MARION (47),1810,SALEM,11,11,6,June,2019,3,Tuesday,14,2:00pm-2:59pm,43,43,1,This section IS ON the NHS,6,Local Street - Municipality,CENTER ST NE,12TH ST NE,2,Urban,3,Principal Arterial - Other,4,City or Municipal Highway Agency,0,,44.94034167,44.94034167,-123.0253361,-123.02533611,0,No Special Jurisdiction,8,Pedestrian,0,The First Harmful Event was Not a Collision with a Motor Vehicle in Transport,0,No,3,Intersection-Related,2,Four-Way Intersection,0,,1,On Roadway,1,Daylight,1,Clear,0,No Additional Atmospheric Conditions,1,Clear,0,No,0000000,Not Applicable,14,2:00pm-2:59pm,42,42,14,2:00pm-2:59pm,44,44,99,Unknown,99,Unknown EMS Hospital Arrival Time,0,,0,,0,,1,0
41,Oregon,410304,1,1,0,0,3,3,0,59,UMATILLA (59),0,NOT APPLICABLE,11,11,6,June,2019,3,Tuesday,2,2:00am-2:59am,39,39,0,This section IS NOT on the NHS,4,County Road,CR-WILDHORSE RD,,1,Rural,7,Local,2,County Highway Agency,31,31,45.7493,45.7493,-118.3531306,-118.35313056,0,No Special Jurisdiction,1,Rollover/Overturn,0,The First Harmful Event was Not a Collision with a Motor Vehicle in Transport,0,No,1,Non-Junction,1,Not an Intersection,0,,4,On Roadside,2,Dark - Not Lighted,98,Not Reported,0,No Additional Atmospheric Conditions,98,Not Reported,0,No,0000000,Not Applicable,99,Unknown,99,Unknown,99,Unknown EMS Scene Arrival Hour,99,Unknown EMS Scene Arrival Minutes,99,Unknown,99,Unknown EMS Hospital Arrival Time,0,,0,,0,,1,1
41,Oregon,410305,1,1,0,1,1,1,1,51,MULTNOMAH (51),1650,PORTLAND,13,13,6,June,2019,5,Thursday,20,8:00pm-8:59pm,40,40,0,This section IS NOT on the NHS,6,Local Street - Municipality,SE 71ST AVE,SE FOSTER RD,2,Urban,4,Minor Arterial,4,City or Municipal Highway Agency,0,,45.48695833,45.48695833,-122.590275,-122.590275,0,No Special Jurisdiction,8,Pedestrian,0,The First Harmful Event was Not a Collision with a Motor Vehicle in Transport,0,No,3,Intersection-Related,2,Four-Way Intersection,0,,1,On Roadway,2,Dark - Not Lighted,98,Not Reported,0,No Additional Atmospheric Conditions,98,Not Reported,0,No,0000000,Not Applicable,99,Unknown,99,Unknown,99,Unknown EMS Scene Arrival Hour,99,Unknown EMS Scene Arrival Minutes,99,Unknown,99,Unknown EMS Hospital Arrival Time,0,,0,,0,,1,0
41,Oregon,410306,1,1,0,0,2,2,0,19,DOUGLAS (19),0,NOT APPLICABLE,22,22,6,June,2019,7,Saturday,99,Unknown Hours,99,Unknown Minutes,0,This section IS NOT on the NHS,4,County Road,CR-MELQUA RD,,1,Rural,6,Minor Collector,2,County Highway Agency,127,127,43.30056667,43.30056667,-123.4758972,-123.47589722,0,No Special Jurisdiction,42,Tree (Standing Only),0,The First Harmful Event was Not a Collision with a Motor Vehicle in Transport,0,No,1,Non-Junction,1,Not an Intersection,0,,4,On Roadside,9,Reported as Unknown,98,Not Reported,0,No Additional Atmospheric Conditions,98,Not Reported,0,No,0000000,Not Applicable,16,4:00pm-4:59pm,24,24,16,4:00pm-4:59pm,27,27,88,Not Applicable (Not Transported),88,Not Applicable (Not Transported),0,,0,,0,,1,1
41,Oregon,410308,2,2,0,0,5,5,0,19,DOUGLAS (19),0,NOT APPLICABLE,8,8,7,July,2019,2,Monday,23,11:00pm-11:59pm,3,3,0,This section IS NOT on the NHS,4,County Road,CR-OLD HWY 99 S,,1,Rural,4,Minor Arterial,2,County Highway Agency,8,8,43.08084444,43.08084444,-123.3928528,-123.39285278,0,No Special Jurisdiction,42,Tree (Standing Only),0,The First Harmful Event was Not a Collision with a Motor Vehicle in Transport,0,No,1,Non-Junction,1,Not an Intersection,0,,4,On Roadside,2,Dark - Not Lighted,1,Clear,0,No Additional Atmospheric Conditions,1,Clear,0,No,0000000,Not Applicable,23,11:00pm-11:59pm,10,10,23,11:00pm-11:59pm,13,13,99,Unknown,99,Unknown EMS Hospital Arrival Time,0,,0,,0,,1,0
41,Oregon,410309,2,2,0,0,5,5,0,5,CLACKAMAS (5),0,NOT APPLICABLE,12,12,7,July,2019,6,Friday,15,3:00pm-3:59pm,35,35,0,This section IS NOT on the NHS,4,County Road,CR-SW STAFFORD RD,CR-SW NEWLAND RD,2,Urban,4,Minor Arterial,2,County Highway Agency,0,,45.35728056,45.35728056,-122.7226972,-122.72269722,0,No Special Jurisdiction,12,Motor Vehicle In-Transport,6,Angle,0,No,2,Intersection,3,T-Intersection,0,,1,On Roadway,1,Daylight,1,Clear,0,No Additional Atmospheric Conditions,1,Clear,0,No,0000000,Not Applicable,15,3:00pm-3:59pm,35,35,15,3:00pm-3:59pm,42,42,99,Unknown,99,Unknown EMS Hospital Arrival Time,0,,0,,0,,1,0
41,Oregon,410310,1,1,0,0,2,2,0,39,LANE (39),1960,SPRINGFIELD,13,13,7,July,2019,7,Saturday,0,0:00am-0:59am,33,33,0,This section IS NOT on the NHS,6,Local Street - Municipality,FRANKLIN BLVD,,2,Urban,4,Minor Arterial,4,City or Municipal Highway Agency,0,,44.04543611,44.04543611,-123.0407222,-123.04072222,0,No Special Jurisdiction,93,Unknown Fixed Object,0,The First Harmful Event was Not a Collision with a Motor Vehicle in Transport,0,No,1,Non-Junction,1,Not an Intersection,0,,4,On Roadside,6,Dark - Unknown Lighting,98,Not Reported,0,No Additional Atmospheric Conditions,98,Not Reported,0,No,0000000,Not Applicable,0,0:00am-0:59am,33,33,0,0:00am-0:59am,39,39,88,Not Applicable (Not Transported),88,Not Applicable (Not Transported),0,,0,,0,,2,1
41,Oregon,410311,1,1,0,0,2,2,0,1,BAKER (1),0,NOT APPLICABLE,14,14,7,July,2019,1,Sunday,2,2:00am-2:59am,26,26,0,This section IS NOT on the NHS,2,U.S. Highway,US-30 ODOT 66,,1,Rural,5,Major Collector,1,State Highway Agency,451,451,44.85391944,44.85391944,-117.8961944,-117.89619444,0,No Special Jurisdiction,24,Guardrail Face,0,The First Harmful Event was Not a Collision with a Motor Vehicle in Transport,0,No,1,Non-Junction,1,Not an Intersection,0,,4,On Roadside,2,Dark - Not Lighted,1,Clear,0,No Additional Atmospheric Conditions,1,Clear,0,No,0000000,Not Applicable,2,2:00am-2:59am,33,33,2,2:00am-2:59am,42,42,88,Not Applicable (Not Transported),88,Not Applicable (Not Transported),0,,0,,0,,2,1
41,Oregon,410312,2,2,0,0,3,3,0,35,KLAMATH (35),0,NOT APPLICABLE,18,18,7,July,2019,5,Thursday,19,7:00pm-7:59pm,28,28,1,This section IS ON the NHS,2,U.S. Highway,US-97 ODOT 4,,1,Rural,3,Principal Arterial - Other,1,State Highway Agency,1970,1970,43.30363611,43.30363611,-121.7652333,-121.76523333,0,No Special Jurisdiction,12,Motor Vehicle In-Transport,6,Angle,0,No,1,Non-Junction,1,Not an Intersection,0,,1,On Roadway,1,Daylight,1,Clear,0,No Additional Atmospheric Conditions,1,Clear,0,No,0000000,Not Applicable,19,7:00pm-7:59pm,32,32,19,7:00pm-7:59pm,38,38,99,Unknown,99,Unknown EMS Hospital Arrival Time,0,,0,,0,,1,0
41,Oregon,410313,1,1,0,1,1,1,1,67,WASHINGTON (67),1000,HILLSBORO,21,21,7,July,2019,1,Sunday,21,9:00pm-9:59pm,40,40,1,This section IS ON the NHS,3,State Highway,SR-8 ODOT 29,SE WALNUT ST,2,Urban,3,Principal Arterial - Other,1,State Highway Agency,123,123,45.51745556,45.51745556,-122.9739417,-122.97394167,0,No Special Jurisdiction,8,Pedestrian,0,The First Harmful Event was Not a Collision with a Motor Vehicle in Transport,0,No,3,Intersection-Related,2,Four-Way Intersection,0,,1,On Roadway,3,Dark - Lighted,1,Clear,0,No Additional Atmospheric Conditions,1,Clear,0,No,0000000,Not Applicable,21,9:00pm-9:59pm,40,40,21,9:00pm-9:59pm,43,43,99,Unknown,99,Unknown EMS Hospital Arrival Time,0,,0,,0,,1,0
41,Oregon,410314,1,1,0,1,1,1,1,51,MULTNOMAH (51),1650,PORTLAND,24,24,7,July,2019,4,Wednesday,1,1:00am-1:59am,51,51,1,This section IS ON the NHS,6,Local Street - Municipality,NE HALSEY ST,NE 141ST AVE,2,Urban,3,Principal Arterial - Other,4,City or Municipal Highway Agency,0,,45.53366111,45.53366111,-122.5181028,-122.51810278,0,No Special Jurisdiction,8,Pedestrian,0,The First Harmful Event was Not a Collision with a Motor Vehicle in Transport,0,No,3,Intersection-Related,3,T-Intersection,0,,1,On Roadway,6,Dark - Unknown Lighting,98,Not Reported,0,No Additional Atmospheric Conditions,98,Not Reported,0,No,0000000,Not Applicable,99,Unknown,99,Unknown,99,Unknown EMS Scene Arrival Hour,99,Unknown EMS Scene Arrival Minutes,88,Not Applicable (Not Transported),88,Not Applicable (Not Transported),0,,0,,0,,1,0
41,Oregon,410315,1,1,0,0,1,1,0,51,MULTNOMAH (51),1650,PORTLAND,25,25,7,July,2019,5,Thursday,6,6:00am-6:59am,45,45,0,This section IS NOT on the NHS,6,Local Street - Municipality,NE ALDERWOOD RD,,2,Urban,7,Local,4,City or Municipal Highway Agency,0,,45.57541111,45.57541111,-122.5752861,-122.57528611,0,No Special Jurisdiction,33,Curb,0,The First Harmful Event was Not a Collision with a Motor Vehicle in Transport,0,No,1,Non-Junction,1,Not an Intersection,0,,4,On Roadside,8,Not Reported,98,Not Reported,0,No Additional Atmospheric Conditions,98,Not Reported,0,No,0000000,Not Applicable,6,6:00am-6:59am,46,46,6,6:00am-6:59am,51,51,7,7:00am-7:59am,18,18,0,,0,,0,,1,0
41,Oregon,410316,1,1,0,0,1,1,0,33,JOSEPHINE (33),0,NOT APPLICABLE,27,27,7,July,2019,7,Saturday,16,4:00pm-4:59pm,14,14,0,This section IS NOT on the NHS,4,County Road,CR-LAKESHORE DR,,1,Rural,5,Major Collector,2,County Highway Agency,21,21,42.26774444,42.26774444,-123.5808056,-123.58080556,0,No Special Jurisdiction,1,Rollover/Overturn,0,The First Harmful Event was Not a Collision with a Motor Vehicle in Transport,0,No,1,Non-Junction,1,Not an Intersection,0,,1,On Roadway,1,Daylight,5,"Fog, Smog, Smoke",0,No Additional Atmospheric Conditions,5,"Fog, Smog, Smoke",0,No,0000000,Not Applicable,16,4:00pm-4:59pm,16,16,16,4:00pm-4:59pm,19,19,88,Not Applicable (Not Transported),88,Not Applicable (Not Transported),0,,0,,0,,1,1
41,Oregon,410317,1,1,0,1,1,1,1,39,LANE (39),660,EUGENE,2,2,8,August,2019,6,Friday,22,10:00pm-10:59pm,33,33,0,This section IS NOT on the NHS,6,Local Street - Municipality,GREEN HILL RD,,2,Urban,4,Minor Arterial,4,City or Municipal Highway Agency,0,,44.06749722,44.06749722,-123.2084528,-123.20845278,0,No Special Jurisdiction,9,Pedalcyclist,0,The First Harmful Event was Not a Collision with a Motor Vehicle in Transport,0,No,1,Non-Junction,1,Not an Intersection,0,,1,On Roadway,2,Dark - Not Lighted,98,Not Reported,0,No Additional Atmospheric Conditions,98,Not Reported,0,No,0000000,Not Applicable,99,Unknown,99,Unknown,99,Unknown EMS Scene Arrival Hour,99,Unknown EMS Scene Arrival Minutes,88,Not Applicable (Not Transported),88,Not Applicable (Not Transported),0,,0,,0,,1,0
41,Oregon,410318,1,1,0,0,1,1,0,31,JEFFERSON (31),0,NOT APPLICABLE,7,7,8,August,2019,4,Wednesday,15,3:00pm-3:59pm,3,3,0,This section IS NOT on the NHS,4,County Road,CR-NW ELM LN,,1,Rural,7,Local,2,County Highway Agency,0,,44.69350833,44.69350833,-121.1647861,-121.16478611,0,No Special Jurisdiction,1,Rollover/Overturn,0,The First Harmful Event was Not a Collision with a Motor Vehicle in Transport,0,No,1,Non-Junction,1,Not an Intersection,0,,4,On Roadside,1,Daylight,98,Not Reported,0,No Additional Atmospheric Conditions,98,Not Reported,0,No,0000000,Not Applicable,16,4:00pm-4:59pm,16,16,99,Unknown EMS Scene Arrival Hour,99,Unknown EMS Scene Arrival Minutes,88,Not Applicable (Not Transported),88,Not Applicable (Not Transported),0,,0,,0,,1,1
41,Oregon,410319,1,1,0,1,1,1,1,47,MARION (47),0,NOT APPLICABLE,8,8,8,August,2019,5,Thursday,22,10:00pm-10:59pm,47,47,0,This section IS NOT on the NHS,4,County Road,CR-LAKESIDE DR SE,,1,Rural,7,Local,2,County Highway Agency,25,25,45.02976389,45.02976389,-122.9411139,-122.94111389,0,No Special Jurisdiction,8,Pedestrian,0,The First Harmful Event was Not a Collision with a Motor Vehicle in Transport,0,No,1,Non-Junction,1,Not an Intersection,0,,1,On Roadway,8,Not Reported,98,Not Reported,0,No Additional Atmospheric Conditions,98,Not Reported,0,No,0000000,Not Applicable,99,Unknown,99,Unknown,99,Unknown EMS Scene Arrival Hour,99,Unknown EMS Scene Arrival Minutes,88,Not Applicable (Not Transported),88,Not Applicable (Not Transported),0,,0,,0,,1,0
41,Oregon,410320,1,1,0,0,2,2,0,19,DOUGLAS (19),0,NOT APPLICABLE,9,9,8,August,2019,6,Friday,99,Unknown Hours,99,Unknown Minutes,0,This section IS NOT on the NHS,4,County Road,CR-GARDEN VALLEY RD,,1,Rural,5,Major Collector,2,County Highway Agency,113,113,43.33041111,43.33041111,-123.4392972,-123.43929722,0,No Special Jurisdiction,35,Embankment,0,The First Harmful Event was Not a Collision with a Motor Vehicle in Transport,0,No,1,Non-Junction,1,Not an Intersection,0,,4,On Roadside,2,Dark - Not Lighted,1,Clear,0,No Additional Atmospheric Conditions,1,Clear,0,No,0000000,Not Applicable,99,Unknown,99,Unknown,99,Unknown EMS Scene Arrival Hour,99,Unknown EMS Scene Arrival Minutes,88,Not Applicable (Not Transported),88,Not Applicable (Not Transported),0,,0,,0,,2,1
41,Oregon,410321,1,1,0,0,2,2,0,67,WASHINGTON (67),1000,HILLSBORO,10,10,8,August,2019,7,Saturday,21,9:00pm-9:59pm,29,29,0,This section IS NOT on the NHS,6,Local Street - Municipality,NE BROOKWOOD PKWY,,2,Urban,4,Minor Arterial,1,State Highway Agency,0,,45.53939722,45.53939722,-122.9390389,-122.93903889,0,No Special Jurisdiction,42,Tree (Standing Only),0,The First Harmful Event was Not a Collision with a Motor Vehicle in Transport,0,No,1,Non-Junction,1,Not an Intersection,0,,4,On Roadside,6,Dark - Unknown Lighting,98,Not Reported,0,No Additional Atmospheric Conditions,98,Not Reported,0,No,0000000,Not Applicable,21,9:00pm-9:59pm,29,29,21,9:00pm-9:59pm,30,30,99,Unknown,99,Unknown EMS Hospital Arrival Time,0,,0,,0,,1,0
41,Oregon,410322,1,1,0,0,2,2,0,33,JOSEPHINE (33),0,NOT APPLICABLE,13,13,8,August,2019,3,Tuesday,12,12:00pm-12:59pm,31,31,0,This section IS NOT on the NHS,4,County Road,CR-LONE MOUNTAIN RD,,1,Rural,6,Minor Collector,2,County Highway Agency,22,22,42.03737222,42.03737222,-123.7544389,-123.75443889,0,No Special Jurisdiction,42,Tree (Standing Only),0,The First Harmful Event was Not a Collision with a Motor Vehicle in Transport,0,No,1,Non-Junction,1,Not an Intersection,0,,4,On Roadside,1,Daylight,98,Not Reported,0,No Additional Atmospheric Conditions,98,Not Reported,0,No,0000000,Not Applicable,12,12:00pm-12:59pm,34,34,12,12:00pm-12:59pm,51,51,88,Not Applicable (Not Transported),88,Not Applicable (Not Transported),0,,0,,0,,1,0
41,Oregon,410323,3,3,0,1,4,4,1,31,JEFFERSON (31),0,NOT APPLICABLE,14,14,8,August,2019,4,Wednesday,21,9:00pm-9:59pm,23,23,1,This section IS ON the NHS,2,U.S. Highway,US-97 ODOT 4,,1,Rural,3,Principal Arterial - Other,1,State Highway Agency,1080,1080,44.42136111,44.42136111,-121.1990444,-121.19904444,0,No Special Jurisdiction,8,Pedestrian,0,The First Harmful Event was Not a Collision with a Motor Vehicle in Transport,0,No,1,Non-Junction,1,Not an Intersection,0,,1,On Roadway,2,Dark - Not Lighted,1,Clear,0,No Additional Atmospheric Conditions,1,Clear,0,No,0000000,Not Applicable,21,9:00pm-9:59pm,23,23,21,9:00pm-9:59pm,30,30,88,Not Applicable (Not Transported),88,Not Applicable (Not Transported),0,,0,,0,,1,0
41,Oregon,410325,1,1,0,0,1,1,0,51,MULTNOMAH (51),1650,PORTLAND,28,28,8,August,2019,4,Wednesday,1,1:00am-1:59am,35,35,0,This section IS NOT on the NHS,6,Local Street - Municipality,NE AIRPORT WAY,,2,Urban,4,Minor Arterial,4,City or Municipal Highway Agency,0,,45.55954444,45.55954444,-122.5134333,-122.51343333,0,No Special Jurisdiction,42,Tree (Standing Only),0,The First Harmful Event was Not a Collision with a Motor Vehicle in Transport,0,No,1,Non-Junction,1,Not an Intersection,0,,4,On Roadside,3,Dark - Lighted,1,Clear,0,No Additional Atmospheric Conditions,1,Clear,0,No,0000000,Not Applicable,1,1:00am-1:59am,38,38,99,Unknown EMS Scene Arrival Hour,99,Unknown EMS Scene Arrival Minutes,99,Unknown,99,Unknown EMS Hospital Arrival Time,20,Police Pursuit Involved,0,,0,,1,1
41,Oregon,410326,1,1,0,1,1,1,1,59,UMATILLA (59),0,NOT APPLICABLE,31,31,8,August,2019,7,Saturday,2,2:00am-2:59am,33,33,1,This section IS ON the NHS,2,U.S. Highway,US-395 ODOT 54,,2,Urban,3,Principal Arterial - Other,1,State Highway Agency,40,40,45.84762222,45.84762222,-119.3675972,-119.36759722,0,No Special Jurisdiction,8,Pedestrian,0,The First Harmful Event was Not a Collision with a Motor Vehicle in Transport,0,No,1,Non-Junction,1,Not an Intersection,0,,1,On Roadway,3,Dark - Lighted,98,Not Reported,0,No Additional Atmospheric Conditions,98,Not Reported,0,No,0000000,Not Applicable,2,2:00am-2:59am,33,33,2,2:00am-2:59am,38,38,88,Not Applicable (Not Transported),88,Not Applicable (Not Transported),0,,0,,0,,1,0
41,Oregon,410327,1,1,0,1,1,1,1,59,UMATILLA (59),1350,MILTON-FREEWATER,7,7,9,September,2019,7,Saturday,20,8:00pm-8:59pm,27,27,1,This section IS ON the NHS,3,State Highway,SR-11 ODOT 8,SE 12TH AVE,2,Urban,3,Principal Arterial - Other,1,State Highway Agency,300,300,45.92457778,45.92457778,-118.3825528,-118.38255278,0,No Special Jurisdiction,8,Pedestrian,0,The First Harmful Event was Not a Collision with a Motor Vehicle in Transport,0,No,3,Intersection-Related,2,Four-Way Intersection,0,,1,On Roadway,3,Dark - Lighted,1,Clear,0,No Additional Atmospheric Conditions,1,Clear,0,No,0000000,Not Applicable,20,8:00pm-8:59pm,27,27,20,8:00pm-8:59pm,35,35,99,Unknown,99,Unknown EMS Hospital Arrival Time,0,,0,,0,,1,0
41,Oregon,410328,3,3,0,0,5,5,0,45,MALHEUR (45),0,NOT APPLICABLE,8,8,9,September,2019,1,Sunday,13,1:00pm-1:59pm,36,36,1,This section IS ON the NHS,1,Interstate,I-84,,1,Rural,1,Interstate,1,State Highway Agency,3531,3531,44.28829444,44.28829444,-117.2208972,-117.22089722,0,No Special Jurisdiction,12,Motor Vehicle In-Transport,7,Sideswipe - Same Direction,0,No,1,Non-Junction,1,Not an Intersection,0,,1,On Roadway,1,Daylight,2,Rain,0,No Additional Atmospheric Conditions,2,Rain,0,No,0000000,Not Applicable,13,1:00pm-1:59pm,37,37,13,1:00pm-1:59pm,54,54,99,Unknown,99,Unknown EMS Hospital Arrival Time,0,,0,,0,,1,0
41,Oregon,410329,3,3,0,0,3,3,0,35,KLAMATH (35),0,NOT APPLICABLE,8,8,9,September,2019,1,Sunday,11,11:00am-11:59am,45,45,0,This section IS NOT on the NHS,8,Other,NORTH ENTRANCE RD,EAST RIM DR,1,Rural,5,Major Collector,66,National Park Service,20,20,42.96605556,42.96605556,-122.151575,-122.151575,0,No Special Jurisdiction,1,Rollover/Overturn,0,The First Harmful Event was Not a Collision with a Motor Vehicle in Transport,0,No,2,Intersection,3,T-Intersection,0,,1,On Roadway,1,Daylight,98,Not Reported,0,No Additional Atmospheric Conditions,98,Not Reported,0,No,0000000,Not Applicable,99,Unknown,99,Unknown,99,Unknown EMS Scene Arrival Hour,99,Unknown EMS Scene Arrival Minutes,88,Not Applicable (Not Transported),88,Not Applicable (Not Transported),0,,0,,0,,1,0
41,Oregon,410330,1,1,0,0,2,2,0,39,LANE (39),0,NOT APPLICABLE,9,9,9,September,2019,2,Monday,12,12:00pm-12:59pm,13,13,0,This section IS NOT on the NHS,4,County Road,CR-COBURG RD,,1,Rural,5,Major Collector,2,County Highway Agency,92,92,44.16883611,44.16883611,-123.1088806,-123.10888056,0,No Special Jurisdiction,1,Rollover/Overturn,0,The First Harmful Event was Not a Collision with a Motor Vehicle in Transport,0,No,1,Non-Junction,1,Not an Intersection,0,,4,On Roadside,1,Daylight,98,Not Reported,0,No Additional Atmospheric Conditions,98,Not Reported,0,No,0000000,Not Applicable,12,12:00pm-12:59pm,15,15,12,12:00pm-12:59pm,22,22,99,Unknown,99,Unknown EMS Hospital Arrival Time,0,,0,,0,,1,1
41,Oregon,410331,2,2,0,1,2,2,1,51,MULTNOMAH (51),1650,PORTLAND,11,11,9,September,2019,4,Wednesday,5,5:00am-5:59am,18,18,1,This section IS ON the NHS,1,Interstate,I-84,,2,Urban,1,Interstate,1,State Highway Agency,139,139,45.53998333,45.53998333,-122.4426972,-122.44269722,0,No Special Jurisdiction,8,Pedestrian,0,The First Harmful Event was Not a Collision with a Motor Vehicle in Transport,0,No,1,Non-Junction,1,Not an Intersection,0,,1,On Roadway,6,Dark - Unknown Lighting,98,Not Reported,0,No Additional Atmospheric Conditions,98,Not Reported,0,No,0000000,Not Applicable,99,Unknown,99,Unknown,99,Unknown EMS Scene Arrival Hour,99,Unknown EMS Scene Arrival Minutes,88,Not Applicable (Not Transported),88,Not Applicable (Not Transported),0,,0,,0,,1,0
41,Oregon,410332,2,2,0,0,2,2,0,43,LINN (43),0,NOT APPLICABLE,12,12,9,September,2019,5,Thursday,16,4:00pm-4:59pm,45,45,1,This section IS ON the NHS,2,U.S. Highway,US-20 ODOT 16,,1,Rural,3,Principal Arterial - Other,1,State Highway Agency,346,346,44.40359722,44.40359722,-122.5760083,-122.57600833,0,No Special Jurisdiction,12,Motor Vehicle In-Transport,2,Front-to-Front,0,No,1,Non-Junction,1,Not an Intersection,0,,1,On Roadway,1,Daylight,10,Cloudy,0,No Additional Atmospheric Conditions,10,Cloudy,0,No,0000000,Not Applicable,16,4:00pm-4:59pm,49,49,17,5:00pm-5:59pm,7,7,88,Not Applicable (Not Transported),88,Not Applicable (Not Transported),0,,0,,0,,1,0
41,Oregon,410333,2,2,0,0,3,3,0,31,JEFFERSON (31),0,NOT APPLICABLE,13,13,9,September,2019,6,Friday,2,2:00am-2:59am,3,3,1,This section IS ON the NHS,2,U.S. Highway,US-20 ODOT 53,EARL ST,2,Urban,3,Principal Arterial - Other,1,State Highway Agency,1164,1164,44.62058056,44.62058056,-121.1322194,-121.13221944,0,No Special Jurisdiction,12,Motor Vehicle In-Transport,6,Angle,0,No,2,Intersection,3,T-Intersection,0,,1,On Roadway,2,Dark - Not Lighted,1,Clear,0,No Additional Atmospheric Conditions,1,Clear,0,No,0000000,Not Applicable,2,2:00am-2:59am,3,3,2,2:00am-2:59am,13,13,99,Unknown,99,Unknown EMS Hospital Arrival Time,0,,0,,0,,1,1
41,Oregon,410334,1,1,0,1,1,1,1,7,CLATSOP (7),80,ASTORIA,13,13,9,September,2019,6,Friday,20,8:00pm-8:59pm,19,19,1,This section IS ON the NHS,3,State Highway,SR-30 ODOT 92,,2,Urban,3,Principal Arterial - Other,1,State Highway Agency,984,984,46.19044722,46.19044722,-123.8361083,-123.83610833,0,No Special Jurisdiction,8,Pedestrian,0,The First Harmful Event was Not a Collision with a Motor Vehicle in Transport,0,No,1,Non-Junction,1,Not an Intersection,0,,1,On Roadway,3,Dark - Lighted,1,Clear,0,No Additional Atmospheric Conditions,1,Clear,0,No,0000000,Not Applicable,20,8:00pm-8:59pm,20,20,20,8:00pm-8:59pm,25,25,99,Unknown,99,Unknown EMS Hospital Arrival Time,0,,0,,0,,1,0
41,Oregon,410335,2,2,0,0,2,2,0,43,LINN (43),0,NOT APPLICABLE,15,15,9,September,2019,1,Sunday,2,2:00am-2:59am,44,44,0,This section IS NOT on the NHS,3,State Highway,SR-228 ODOT 212,,1,Rural,4,Minor Arterial,1,State Highway Agency,40,40,44.35416111,44.35416111,-122.8100667,-122.81006667,0,No Special Jurisdiction,12,Motor Vehicle In-Transport,2,Front-to-Front,0,No,1,Non-Junction,1,Not an Intersection,0,,1,On Roadway,2,Dark - Not Lighted,10,Cloudy,0,No Additional Atmospheric Conditions,10,Cloudy,0,No,0000000,Not Applicable,2,2:00am-2:59am,44,44,3,3:00am-3:59am,0,0,88,Not Applicable (Not Transported),88,Not Applicable (Not Transported),0,,0,,0,,1,2
41,Oregon,410336,2,2,0,0,3,3,0,67,WASHINGTON (67),0,NOT APPLICABLE,17,17,9,September,2019,3,Tuesday,11,11:00am-11:59am,34,34,0,This section IS NOT on the NHS,4,County Road,CR-NW GALE CREEK RD,,1,Rural,4,Minor Arterial,2,County Highway Agency,0,,45.55378611,45.55378611,-123.18395,-123.18395,0,No Special Jurisdiction,12,Motor Vehicle In-Transport,2,Front-to-Front,0,No,1,Non-Junction,1,Not an Intersection,0,,1,On Roadway,1,Daylight,98,Not Reported,0,No Additional Atmospheric Conditions,98,Not Reported,0,No,0000000,Not Applicable,11,11:00am-11:59am,34,34,11,11:00am-11:59am,34,34,99,Unknown,99,Unknown EMS Hospital Arrival Time,0,,0,,0,,1,0
41,Oregon,410337,1,1,0,0,2,2,0,3,BENTON (3),0,NOT APPLICABLE,18,18,9,September,2019,4,Wednesday,17,5:00pm-5:59pm,45,45,0,This section IS NOT on the NHS,4,County Road,CR-ALPINE RD,,1,Rural,5,Major Collector,2,County Highway Agency,16,16,44.32684722,44.32684722,-123.3314639,-123.33146389,0,No Special Jurisdiction,1,Rollover/Overturn,0,The First Harmful Event was Not a Collision with a Motor Vehicle in Transport,0,No,1,Non-Junction,1,Not an Intersection,0,,4,On Roadside,1,Daylight,98,Not Reported,0,No Additional Atmospheric Conditions,98,Not Reported,0,No,0000000,Not Applicable,99,Unknown,99,Unknown,99,Unknown EMS Scene Arrival Hour,99,Unknown EMS Scene Arrival Minutes,88,Not Applicable (Not Transported),88,Not Applicable (Not Transported),0,,0,,0,,1,0
41,Oregon,410338,1,1,0,0,1,1,0,39,LANE (39),0,NOT APPLICABLE,20,20,9,September,2019,6,Friday,0,0:00am-0:59am,21,21,0,This section IS NOT on the NHS,4,County Road,CR-SEARS RD,,1,Rural,6,Minor Collector,2,County Highway Agency,10,10,43.80386667,43.80386667,-123.0277389,-123.02773889,0,No Special Jurisdiction,42,Tree (Standing Only),0,The First Harmful Event was Not a Collision with a Motor Vehicle in Transport,0,No,1,Non-Junction,1,Not an Intersection,0,,4,On Roadside,2,Dark - Not Lighted,10,Cloudy,2,Rain,2,Rain,0,No,0000000,Not Applicable,0,0:00am-0:59am,19,19,0,0:00am-0:59am,25,25,88,Not Applicable (Not Transported),88,Not Applicable (Not Transported),0,,0,,0,,1,0
41,Oregon,410339,1,1,0,0,1,1,0,51,MULTNOMAH (51),1650,PORTLAND,21,21,9,September,2019,7,Saturday,17,5:00pm-5:59pm,20,20,0,This section IS NOT on the NHS,6,Local Street - Municipality,SE FLAVEL ST,,2,Urban,5,Major Collector,4,City or Municipal Highway Agency,0,,45.46779444,45.46779444,-122.5285833,-122.52858333,0,No Special Jurisdiction,42,Tree (Standing Only),0,The First Harmful Event was Not a Collision with a Motor Vehicle in Transport,0,No,1,Non-Junction,1,Not an Intersection,0,,4,On Roadside,1,Daylight,10,Cloudy,0,No Additional Atmospheric Conditions,10,Cloudy,0,No,0000000,Not Applicable,99,Unknown,99,Unknown,99,Unknown EMS Scene Arrival Hour,99,Unknown EMS Scene Arrival Minutes,88,Not Applicable (Not Transported),88,Not Applicable (Not Transported),0,,0,,0,,1,1
41,Oregon,410340,1,1,0,0,1,1,0,35,KLAMATH (35),0,NOT APPLICABLE,23,23,9,September,2019,2,Monday,17,5:00pm-5:59pm,25,25,1,This section IS ON the NHS,2,U.S. Highway,US-97 ODOT 4,,1,Rural,3,Principal Arterial - Other,1,State Highway Agency,2500,2500,42.55680278,42.55680278,-121.8837583,-121.88375833,0,No Special Jurisdiction,42,Tree (Standing Only),0,The First Harmful Event was Not a Collision with a Motor Vehicle in Transport,0,No,1,Non-Junction,1,Not an Intersection,0,,4,On Roadside,1,Daylight,98,Not Reported,0,No Additional Atmospheric Conditions,98,Not Reported,0,No,0000000,Not Applicable,17,5:00pm-5:59pm,27,27,17,5:00pm-5:59pm,29,29,99,Unknown,99,Unknown EMS Hospital Arrival Time,0,,0,,0,,1,0
41,Oregon,410342,2,2,0,0,4,4,0,51,MULTNOMAH (51),1650,PORTLAND,28,28,9,September,2019,7,Saturday,15,3:00pm-3:59pm,53,53,0,This section IS NOT on the NHS,6,Local Street - Municipality,NE HALSEY ST,,2,Urban,4,Minor Arterial,4,City or Municipal Highway Agency,0,,45.53363333,45.53363333,-122.5809806,-122.58098056,0,No Special Jurisdiction,1,Rollover/Overturn,0,The First Harmful Event was Not a Collision with a Motor Vehicle in Transport,0,No,1,Non-Junction,1,Not an Intersection,0,,1,On Roadway,1,Daylight,98,Not Reported,0,No Additional Atmospheric Conditions,98,Not Reported,0,No,0000000,Not Applicable,15,3:00pm-3:59pm,54,54,15,3:00pm-3:59pm,57,57,16,4:00pm-4:59pm,16,16,0,,0,,0,,1,0
41,Oregon,410343,1,1,0,0,1,1,0,17,DESCHUTES (17),0,NOT APPLICABLE,28,28,9,September,2019,7,Saturday,18,6:00pm-6:59pm,20,20,0,This section IS NOT on the NHS,8,Other,USFS RD 1018,,1,Rural,7,Local,64,U.S. Forest Service,0,,44.29819444,44.29819444,-121.6729083,-121.67290833,0,No Special Jurisdiction,42,Tree (Standing Only),0,The First Harmful Event was Not a Collision with a Motor Vehicle in Transport,0,No,1,Non-Junction,1,Not an Intersection,0,,4,On Roadside,1,Daylight,98,Not Reported,0,No Additional Atmospheric Conditions,98,Not Reported,0,No,0000000,Not Applicable,5,5:00am-5:59am,17,17,5,5:00am-5:59am,26,26,88,Not Applicable (Not Transported),88,Not Applicable (Not Transported),0,,0,,0,,1,0
41,Oregon,410344,1,1,0,0,1,1,0,67,WASHINGTON (67),1000,HILLSBORO,29,29,9,September,2019,1,Sunday,3,3:00am-3:59am,0,0,1,This section IS ON the NHS,2,U.S. Highway,US-26 ODOT 47,,2,Urban,3,Principal Arterial - Other,1,State Highway Agency,635,635,45.546025,45.546025,-122.8789278,-122.87892778,0,No Special Jurisdiction,99,Reported as Unknown,98,Not Reported,0,No,1,Non-Junction,1,Not an Intersection,0,,98,Not Reported,6,Dark - Unknown Lighting,98,Not Reported,0,No Additional Atmospheric Conditions,98,Not Reported,0,No,0000000,Not Applicable,99,Unknown,99,Unknown,99,Unknown EMS Scene Arrival Hour,99,Unknown EMS Scene Arrival Minutes,88,Not Applicable (Not Transported),88,Not Applicable (Not Transported),0,,0,,0,,1,1
41,Oregon,410345,2,2,0,0,2,2,0,51,MULTNOMAH (51),1650,PORTLAND,30,30,9,September,2019,2,Monday,17,5:00pm-5:59pm,40,40,0,This section IS NOT on the NHS,6,Local Street - Municipality,NE GRAND AVE,NE MULTNOMAH ST,2,Urban,3,Principal Arterial - Other,4,City or Municipal Highway Agency,0,,45.53150556,45.53150556,-122.6606583,-122.66065833,0,No Special Jurisdiction,12,Motor Vehicle In-Transport,6,Angle,0,No,2,Intersection,2,Four-Way Intersection,0,,1,On Roadway,1,Daylight,98,Not Reported,0,No Additional Atmospheric Conditions,98,Not Reported,0,No,0000000,Not Applicable,99,Unknown,99,Unknown,99,Unknown EMS Scene Arrival Hour,99,Unknown EMS Scene Arrival Minutes,99,Unknown,99,Unknown EMS Hospital Arrival Time,0,,0,,0,,1,1
41,Oregon,410346,1,1,0,0,3,3,0,33,JOSEPHINE (33),0,NOT APPLICABLE,5,5,7,July,2019,6,Friday,0,0:00am-0:59am,4,4,0,This section IS NOT on the NHS,4,County Road,CR-DICK GEORGE RD,,1,Rural,7,Local,2,County Highway Agency,9,9,42.11238333,42.11238333,-123.5805972,-123.58059722,0,No Special Jurisdiction,42,Tree (Standing Only),0,The First Harmful Event was Not a Collision with a Motor Vehicle in Transport,0,No,1,Non-Junction,1,Not an Intersection,0,,4,On Roadside,2,Dark - Not Lighted,1,Clear,0,No Additional Atmospheric Conditions,1,Clear,0,No,0000000,Not Applicable,0,0:00am-0:59am,4,4,0,0:00am-0:59am,12,12,99,Unknown,99,Unknown EMS Hospital Arrival Time,0,,0,,0,,1,1
41,Oregon,410347,2,2,0,0,2,2,0,33,JOSEPHINE (33),0,NOT APPLICABLE,27,27,9,September,2019,6,Friday,19,7:00pm-7:59pm,16,16,0,This section IS NOT on the NHS,3,State Highway,SR-99 ODOT 60,,2,Urban,4,Minor Arterial,1,State Highway Agency,35,35,42.42478611,42.42478611,-123.2729667,-123.27296667,0,No Special Jurisdiction,12,Motor Vehicle In-Transport,2,Front-to-Front,0,No,1,Non-Junction,1,Not an Intersection,0,,1,On Roadway,5,Dusk,1,Clear,0,No Additional Atmospheric Conditions,1,Clear,0,No,0000000,Not Applicable,19,7:00pm-7:59pm,10,10,19,7:00pm-7:59pm,16,16,99,Unknown,99,Unknown EMS Hospital Arrival Time,0,,0,,0,,1,1
41,Oregon,410348,2,2,0,2,1,1,2,25,HARNEY (25),0,NOT APPLICABLE,14,14,8,August,2019,4,Wednesday,4,4:00am-4:59am,15,15,1,This section IS ON the NHS,2,U.S. Highway,US-20 ODOT 7,,1,Rural,3,Principal Arterial - Other,1,State Highway Agency,885,885,43.52904722,43.52904722,-119.832425,-119.832425,0,No Special Jurisdiction,12,Motor Vehicle In-Transport,1,Front-to-Rear,0,No,1,Non-Junction,1,Not an Intersection,0,,1,On Roadway,2,Dark - Not Lighted,1,Clear,0,No Additional Atmospheric Conditions,1,Clear,0,No,0000000,Not Applicable,4,4:00am-4:59am,39,39,5,5:00am-5:59am,6,6,88,Not Applicable (Not Transported),88,Not Applicable (Not Transported),23,Indication of a Stalled/Disabled Vehicle,0,,0,,1,0
41,Oregon,410349,1,1,0,0,2,2,0,47,MARION (47),0,NOT APPLICABLE,28,28,9,September,2019,7,Saturday,19,7:00pm-7:59pm,55,55,0,This section IS NOT on the NHS,3,State Highway,SR-214 ODOT 163,,1,Rural,5,Major Collector,1,State Highway Agency,375,375,44.98561944,44.98561944,-122.7362528,-122.73625278,0,No Special Jurisdiction,35,Embankment,0,The First Harmful Event was Not a Collision with a Motor Vehicle in Transport,0,No,1,Non-Junction,1,Not an Intersection,0,,4,On Roadside,2,Dark - Not Lighted,1,Clear,0,No Additional Atmospheric Conditions,1,Clear,0,No,0000000,Not Applicable,20,8:00pm-8:59pm,0,0,20,8:00pm-8:59pm,7,7,20,8:00pm-8:59pm,43,43,0,,0,,0,,1,0
41,Oregon,410350,1,1,0,0,2,2,0,59,UMATILLA (59),0,NOT APPLICABLE,27,27,9,September,2019,6,Friday,2,2:00am-2:59am,35,35,1,This section IS ON the NHS,1,Interstate,I-84,,2,Urban,1,Interstate,1,State Highway Agency,2119,2119,45.66400556,45.66400556,-118.7584972,-118.75849722,0,No Special Jurisdiction,1,Rollover/Overturn,0,The First Harmful Event was Not a Collision with a Motor Vehicle in Transport,0,No,1,Non-Junction,1,Not an Intersection,0,,3,On Median,2,Dark - Not Lighted,1,Clear,0,No Additional Atmospheric Conditions,1,Clear,0,No,0000000,Not Applicable,2,2:00am-2:59am,53,53,3,3:00am-3:59am,14,14,3,3:00am-3:59am,53,53,0,,0,,0,,1,0
41,Oregon,410351,2,2,0,0,2,2,0,71,YAMHILL (71),0,NOT APPLICABLE,13,13,10,October,2019,1,Sunday,22,10:00pm-10:59pm,15,15,1,This section IS ON the NHS,3,State Highway,SR-18 ODOT 39,,1,Rural,3,Principal Arterial - Other,1,State Highway Agency,349,349,45.09895,45.09895,-123.3500028,-123.35000278,0,No Special Jurisdiction,12,Motor Vehicle In-Transport,2,Front-to-Front,0,No,1,Non-Junction,1,Not an Intersection,0,,1,On Roadway,2,Dark - Not Lighted,1,Clear,0,No Additional Atmospheric Conditions,1,Clear,0,No,0000000,Not Applicable,22,10:00pm-10:59pm,17,17,22,10:00pm-10:59pm,24,24,88,Not Applicable (Not Transported),88,Not Applicable (Not Transported),0,,0,,0,,2,1
41,Oregon,410352,2,2,0,0,9,9,0,47,MARION (47),0,NOT APPLICABLE,19,19,10,October,2019,7,Saturday,17,5:00pm-5:59pm,35,35,1,This section IS ON the NHS,3,State Highway,SR-22 ODOT 162,CR-FERN RIDGE RD SE,2,Urban,3,Principal Arterial - Other,1,State Highway Agency,143,143,44.80999722,44.80999722,-122.7750694,-122.77506944,0,No Special Jurisdiction,12,Motor Vehicle In-Transport,6,Angle,0,No,2,Intersection,2,Four-Way Intersection,0,,1,On Roadway,1,Daylight,1,Clear,0,No Additional Atmospheric Conditions,1,Clear,0,No,0000000,Not Applicable,17,5:00pm-5:59pm,27,27,17,5:00pm-5:59pm,30,30,18,6:00pm-6:59pm,12,12,0,,0,,0,,1,0
41,Oregon,410353,1,1,0,1,1,1,1,45,MALHEUR (45),1570,ONTARIO,25,25,2,February,2019,2,Monday,18,6:00pm-6:59pm,58,58,0,This section IS NOT on the NHS,6,Local Street - Municipality,SW 4TH ST,SW 2ND AVE,2,Urban,5,Major Collector,4,City or Municipal Highway Agency,0,,44.02566667,44.02566667,-116.9684972,-116.96849722,0,No Special Jurisdiction,8,Pedestrian,0,The First Harmful Event was Not a Collision with a Motor Vehicle in Transport,0,No,3,Intersection-Related,3,T-Intersection,0,,1,On Roadway,3,Dark - Lighted,1,Clear,0,No Additional Atmospheric Conditions,1,Clear,0,No,0000000,Not Applicable,18,6:00pm-6:59pm,59,59,17,5:00pm-5:59pm,1,1,88,Not Applicable (Not Transported),88,Not Applicable (Not Transported),0,,0,,0,,1,0
41,Oregon,410354,1,1,0,0,2,2,0,33,JOSEPHINE (33),0,NOT APPLICABLE,25,25,3,March,2019,2,Monday,17,5:00pm-5:59pm,42,42,0,This section IS NOT on the NHS,4,County Road,CR-CHENEY CREEK RD,,1,Rural,7,Local,2,County Highway Agency,1,1,42.36211667,42.36211667,-123.4456556,-123.44565556,0,No Special Jurisdiction,1,Rollover/Overturn,0,The First Harmful Event was Not a Collision with a Motor Vehicle in Transport,0,No,1,Non-Junction,1,Not an Intersection,0,,4,On Roadside,1,Daylight,98,Not Reported,0,No Additional Atmospheric Conditions,98,Not Reported,0,No,0000000,Not Applicable,99,Unknown,99,Unknown,99,Unknown EMS Scene Arrival Hour,99,Unknown EMS Scene Arrival Minutes,99,Unknown,99,Unknown EMS Hospital Arrival Time,0,,0,,0,,1,1
41,Oregon,410356,1,1,0,0,1,1,0,35,KLAMATH (35),0,NOT APPLICABLE,3,3,6,June,2019,2,Monday,8,8:00am-8:59am,0,0,0,This section IS NOT on the NHS,4,County Road,CR-SPRAGUE RIVER RD,,1,Rural,5,Major Collector,2,County Highway Agency,101,101,42.46536389,42.46536389,-121.5076528,-121.50765278,0,No Special Jurisdiction,34,Ditch,0,The First Harmful Event was Not a Collision with a Motor Vehicle in Transport,0,No,1,Non-Junction,1,Not an Intersection,0,,4,On Roadside,1,Daylight,1,Clear,0,No Additional Atmospheric Conditions,1,Clear,0,No,0000000,Not Applicable,8,8:00am-8:59am,12,12,8,8:00am-8:59am,25,25,99,Unknown,99,Unknown EMS Hospital Arrival Time,0,,0,,0,,1,0
41,Oregon,410357,1,1,0,0,2,2,0,29,JACKSON (29),0,NOT APPLICABLE,18,18,6,June,2019,3,Tuesday,99,Unknown Hours,99,Unknown Minutes,0,This section IS NOT on the NHS,4,County Road,CR-N APPLEGATE RD,,1,Rural,5,Major Collector,2,County Highway Agency,35,35,42.28706667,42.28706667,-123.2157139,-123.21571389,0,No Special Jurisdiction,1,Rollover/Overturn,0,The First Harmful Event was Not a Collision with a Motor Vehicle in Transport,0,No,1,Non-Junction,1,Not an Intersection,0,,4,On Roadside,9,Reported as Unknown,98,Not Reported,0,No Additional Atmospheric Conditions,98,Not Reported,0,No,0000000,Not Applicable,99,Unknown,99,Unknown,99,Unknown EMS Scene Arrival Hour,99,Unknown EMS Scene Arrival Minutes,99,Unknown,99,Unknown EMS Hospital Arrival Time,0,,0,,0,,1,0
41,Oregon,410358,1,1,0,0,1,1,0,47,MARION (47),0,NOT APPLICABLE,5,5,7,July,2019,6,Friday,18,6:00pm-6:59pm,23,23,1,This section IS ON the NHS,1,Interstate,I-5,,1,Rural,1,Interstate,1,State Highway Agency,2800,2800,45.25143333,45.25143333,-122.7929306,-122.79293056,0,No Special Jurisdiction,1,Rollover/Overturn,0,The First Harmful Event was Not a Collision with a Motor Vehicle in Transport,0,No,1,Non-Junction,1,Not an Intersection,0,,1,On Roadway,1,Daylight,98,Not Reported,0,No Additional Atmospheric Conditions,98,Not Reported,0,No,0000000,Not Applicable,99,Unknown,99,Unknown,99,Unknown EMS Scene Arrival Hour,99,Unknown EMS Scene Arrival Minutes,99,Unknown,99,Unknown EMS Hospital Arrival Time,0,,0,,0,,1,1
41,Oregon,410359,1,1,0,0,1,1,0,67,WASHINGTON (67),0,NOT APPLICABLE,15,15,7,July,2019,2,Monday,15,3:00pm-3:59pm,30,30,0,This section IS NOT on the NHS,4,County Road,CR-NW DIXIE MOUNTAIN RD,,1,Rural,7,Local,2,County Highway Agency,0,,45.65418333,45.65418333,-122.9773167,-122.97731667,0,No Special Jurisdiction,35,Embankment,0,The First Harmful Event was Not a Collision with a Motor Vehicle in Transport,0,No,1,Non-Junction,1,Not an Intersection,0,,4,On Roadside,1,Daylight,1,Clear,0,No Additional Atmospheric Conditions,1,Clear,0,No,0000000,Not Applicable,16,4:00pm-4:59pm,53,53,17,5:00pm-5:59pm,17,17,18,6:00pm-6:59pm,4,4,0,,0,,0,,1,0
41,Oregon,410360,2,2,0,0,2,2,0,31,JEFFERSON (31),1270,MADRAS,29,29,7,July,2019,2,Monday,21,9:00pm-9:59pm,26,26,1,This section IS ON the NHS,2,U.S. Highway,US-97 ODOT 53,NW EARL ST,2,Urban,3,Principal Arterial - Other,1,State Highway Agency,1164,1164,44.65754444,44.65754444,-121.1308361,-121.13083611,0,No Special Jurisdiction,12,Motor Vehicle In-Transport,6,Angle,0,No,2,Intersection,3,T-Intersection,0,,1,On Roadway,3,Dark - Lighted,1,Clear,0,No Additional Atmospheric Conditions,1,Clear,0,No,0000000,Not Applicable,21,9:00pm-9:59pm,27,27,21,9:00pm-9:59pm,31,31,99,Unknown,99,Unknown EMS Hospital Arrival Time,0,,0,,0,,1,0
41,Oregon,410361,1,1,0,0,1,1,0,39,LANE (39),0,NOT APPLICABLE,29,29,7,July,2019,2,Monday,14,2:00pm-2:59pm,0,0,0,This section IS NOT on the NHS,4,County Road,CR-TERRITORIAL HWY,,1,Rural,6,Minor Collector,2,County Highway Agency,99999,Unknown,44.21530278,44.21530278,-123.2472861,-123.24728611,0,No Special Jurisdiction,1,Rollover/Overturn,0,The First Harmful Event was Not a Collision with a Motor Vehicle in Transport,0,No,1,Non-Junction,1,Not an Intersection,0,,4,On Roadside,9,Reported as Unknown,98,Not Reported,0,No Additional Atmospheric Conditions,98,Not Reported,0,No,0000000,Not Applicable,99,Unknown,99,Unknown,99,Unknown EMS Scene Arrival Hour,99,Unknown EMS Scene Arrival Minutes,99,Unknown,99,Unknown EMS Hospital Arrival Time,0,,0,,0,,1,1
41,Oregon,410362,1,1,0,0,1,1,0,33,JOSEPHINE (33),0,NOT APPLICABLE,16,16,8,August,2019,6,Friday,13,1:00pm-1:59pm,20,20,0,This section IS NOT on the NHS,4,County Road,CR-UPPER RIVER RD,,2,Urban,5,Major Collector,2,County Highway Agency,8,8,42.44570556,42.44570556,-123.3678889,-123.36788889,0,No Special Jurisdiction,42,Tree (Standing Only),0,The First Harmful Event was Not a Collision with a Motor Vehicle in Transport,0,No,1,Non-Junction,1,Not an Intersection,0,,4,On Roadside,1,Daylight,98,Not Reported,0,No Additional Atmospheric Conditions,98,Not Reported,0,No,0000000,Not Applicable,99,Unknown,99,Unknown,99,Unknown EMS Scene Arrival Hour,99,Unknown EMS Scene Arrival Minutes,99,Unknown,99,Unknown EMS Hospital Arrival Time,0,,0,,0,,1,0
41,Oregon,410363,1,1,0,1,2,2,1,39,LANE (39),660,EUGENE,23,23,9,September,2019,2,Monday,20,8:00pm-8:59pm,19,19,1,This section IS ON the NHS,6,Local Street - Municipality,RIVER RD,,2,Urban,3,Principal Arterial - Other,4,City or Municipal Highway Agency,0,,44.09397222,44.09397222,-123.1273611,-123.12736111,0,No Special Jurisdiction,15,Non-Motorist on Personal Conveyance,0,The First Harmful Event was Not a Collision with a Motor Vehicle in Transport,0,No,1,Non-Junction,1,Not an Intersection,0,,1,On Roadway,2,Dark - Not Lighted,1,Clear,0,No Additional Atmospheric Conditions,1,Clear,0,No,0000000,Not Applicable,20,8:00pm-8:59pm,19,19,20,8:00pm-8:59pm,24,24,20,8:00pm-8:59pm,40,40,0,,0,,0,,1,0
41,Oregon,410364,1,1,0,0,2,2,0,29,JACKSON (29),0,NOT APPLICABLE,5,5,10,October,2019,7,Saturday,5,5:00am-5:59am,50,50,1,This section IS ON the NHS,3,State Highway,SR-99 ODOT 63,,2,Urban,3,Principal Arterial - Other,1,State Highway Agency,105,105,42.28525278,42.28525278,-122.8300556,-122.83005556,0,No Special Jurisdiction,39,Wall,0,The First Harmful Event was Not a Collision with a Motor Vehicle in Transport,0,No,1,Non-Junction,1,Not an Intersection,0,,4,On Roadside,2,Dark - Not Lighted,1,Clear,0,No Additional Atmospheric Conditions,1,Clear,0,No,0000000,Not Applicable,5,5:00am-5:59am,44,44,5,5:00am-5:59am,50,50,6,6:00am-6:59am,22,22,0,,0,,0,,1,1
41,Oregon,410365,2,2,0,0,2,2,0,9,COLUMBIA (9),0,NOT APPLICABLE,9,9,10,October,2019,4,Wednesday,13,1:00pm-1:59pm,22,22,1,This section IS ON the NHS,2,U.S. Highway,US-30 ODOT 92,,1,Rural,3,Principal Arterial - Other,1,State Highway Agency,375,375,45.87899167,45.87899167,-122.81085,-122.81085,0,No Special Jurisdiction,12,Motor Vehicle In-Transport,2,Front-to-Front,0,No,1,Non-Junction,1,Not an Intersection,0,,1,On Roadway,1,Daylight,1,Clear,0,No Additional Atmospheric Conditions,1,Clear,0,No,0000000,Not Applicable,13,1:00pm-1:59pm,22,22,13,1:00pm-1:59pm,42,42,99,Unknown,99,Unknown EMS Hospital Arrival Time,0,,0,,0,,1,0
41,Oregon,410366,2,2,0,0,4,4,0,51,MULTNOMAH (51),1650,PORTLAND,14,14,10,October,2019,2,Monday,7,7:00am-7:59am,30,30,0,This section IS NOT on the NHS,6,Local Street - Municipality,NE 47TH AVE,NE BROADWAY RD,2,Urban,5,Major Collector,4,City or Municipal Highway Agency,0,,45.53516667,45.53516667,-122.6150306,-122.61503056,0,No Special Jurisdiction,12,Motor Vehicle In-Transport,6,Angle,0,No,2,Intersection,2,Four-Way Intersection,0,,1,On Roadway,1,Daylight,1,Clear,0,No Additional Atmospheric Conditions,1,Clear,0,No,0000000,Not Applicable,99,Unknown,99,Unknown,99,Unknown EMS Scene Arrival Hour,99,Unknown EMS Scene Arrival Minutes,88,Not Applicable (Not Transported),88,Not Applicable (Not Transported),0,,0,,0,,1,0
41,Oregon,410367,1,1,0,0,1,1,0,11,COOS (11),0,NOT APPLICABLE,15,15,10,October,2019,3,Tuesday,99,Unknown Hours,99,Unknown Minutes,0,This section IS NOT on the NHS,4,County Road,CR-SITKUM LN,,1,Rural,5,Major Collector,2,County Highway Agency,213,213,43.16168611,43.16168611,-123.9199194,-123.91991944,0,No Special Jurisdiction,1,Rollover/Overturn,0,The First Harmful Event was Not a Collision with a Motor Vehicle in Transport,0,No,1,Non-Junction,1,Not an Intersection,0,,4,On Roadside,9,Reported as Unknown,98,Not Reported,0,No Additional Atmospheric Conditions,98,Not Reported,0,No,0000000,Not Applicable,99,Unknown,99,Unknown,99,Unknown EMS Scene Arrival Hour,99,Unknown EMS Scene Arrival Minutes,88,Not Applicable (Not Transported),88,Not Applicable (Not Transported),0,,0,,0,,1,1
41,Oregon,410368,1,1,0,0,1,1,0,19,DOUGLAS (19),0,NOT APPLICABLE,16,16,10,October,2019,4,Wednesday,20,8:00pm-8:59pm,34,34,0,This section IS NOT on the NHS,4,County Road,CR-GARDEN VALLEY RD,,1,Rural,4,Minor Arterial,2,County Highway Agency,36,36,43.254075,43.254075,-123.4001583,-123.40015833,0,No Special Jurisdiction,1,Rollover/Overturn,0,The First Harmful Event was Not a Collision with a Motor Vehicle in Transport,0,No,1,Non-Junction,1,Not an Intersection,0,,4,On Roadside,2,Dark - Not Lighted,2,Rain,0,No Additional Atmospheric Conditions,2,Rain,0,No,0000000,Not Applicable,20,8:00pm-8:59pm,34,34,20,8:00pm-8:59pm,40,40,88,Not Applicable (Not Transported),88,Not Applicable (Not Transported),0,,0,,0,,1,0
41,Oregon,410369,2,2,0,0,2,2,0,51,MULTNOMAH (51),1650,PORTLAND,17,17,10,October,2019,5,Thursday,5,5:00am-5:59am,8,8,1,This section IS ON the NHS,6,Local Street - Municipality,N GOING ST,,2,Urban,4,Minor Arterial,4,City or Municipal Highway Agency,0,,45.55593056,45.55593056,-122.6852139,-122.68521389,0,No Special Jurisdiction,1,Rollover/Overturn,0,The First Harmful Event was Not a Collision with a Motor Vehicle in Transport,0,No,1,Non-Junction,1,Not an Intersection,0,,4,On Roadside,2,Dark - Not Lighted,10,Cloudy,0,No Additional Atmospheric Conditions,10,Cloudy,0,No,0000000,Not Applicable,5,5:00am-5:59am,8,8,99,Unknown EMS Scene Arrival Hour,99,Unknown EMS Scene Arrival Minutes,88,Not Applicable (Not Transported),88,Not Applicable (Not Transported),0,,0,,0,,1,0
41,Oregon,410370,1,1,0,0,1,1,0,37,LAKE (37),0,NOT APPLICABLE,19,19,10,October,2019,7,Saturday,99,Unknown Hours,99,Unknown Minutes,0,This section IS NOT on the NHS,8,Other,USFS RD 2916,,1,Rural,7,Local,64,U.S. Forest Service,0,,43.03778611,43.03778611,-121.0037194,-121.00371944,0,No Special Jurisdiction,1,Rollover/Overturn,0,The First Harmful Event was Not a Collision with a Motor Vehicle in Transport,0,No,1,Non-Junction,1,Not an Intersection,0,,4,On Roadside,1,Daylight,10,Cloudy,0,No Additional Atmospheric Conditions,10,Cloudy,0,No,0000000,Not Applicable,99,Unknown,99,Unknown,99,Unknown EMS Scene Arrival Hour,99,Unknown EMS Scene Arrival Minutes,88,Not Applicable (Not Transported),88,Not Applicable (Not Transported),0,,0,,0,,1,0
41,Oregon,410371,1,1,0,1,1,1,1,3,BENTON (3),420,CORVALLIS,21,21,10,October,2019,2,Monday,14,2:00pm-2:59pm,15,15,1,This section IS ON the NHS,3,State Highway,SR-99 ODOT 91,,2,Urban,3,Principal Arterial - Other,1,State Highway Agency,843,843,44.55347778,44.55347778,-123.2649778,-123.26497778,0,No Special Jurisdiction,9,Pedalcyclist,0,The First Harmful Event was Not a Collision with a Motor Vehicle in Transport,0,No,1,Non-Junction,1,Not an Intersection,0,,1,On Roadway,1,Daylight,98,Not Reported,0,No Additional Atmospheric Conditions,98,Not Reported,0,No,0000000,Not Applicable,99,Unknown,99,Unknown,99,Unknown EMS Scene Arrival Hour,99,Unknown EMS Scene Arrival Minutes,99,Unknown,99,Unknown EMS Hospital Arrival Time,0,,0,,0,,1,0
41,Oregon,410372,1,1,0,1,1,1,1,59,UMATILLA (59),1970,STANFIELD,26,26,10,October,2019,7,Saturday,0,0:00am-0:59am,55,55,1,This section IS ON the NHS,2,U.S. Highway,US-395 ODOT 54,,2,Urban,3,Principal Arterial - Other,1,State Highway Agency,120,120,45.7699,45.7699,-119.2048306,-119.20483056,0,No Special Jurisdiction,8,Pedestrian,0,The First Harmful Event was Not a Collision with a Motor Vehicle in Transport,0,No,1,Non-Junction,1,Not an Intersection,0,,1,On Roadway,2,Dark - Not Lighted,1,Clear,0,No Additional Atmospheric Conditions,1,Clear,0,No,0000000,Not Applicable,0,0:00am-0:59am,57,57,1,1:00am-1:59am,6,6,88,Not Applicable (Not Transported),88,Not Applicable (Not Transported),0,,0,,0,,1,0
41,Oregon,410373,4,4,0,0,13,13,0,47,MARION (47),0,NOT APPLICABLE,26,26,10,October,2019,7,Saturday,4,4:00am-4:59am,9,9,1,This section IS ON the NHS,1,Interstate,I-5,,1,Rural,1,Interstate,1,State Highway Agency,2690,2690,45.11876944,45.11876944,-122.9132944,-122.91329444,0,No Special Jurisdiction,12,Motor Vehicle In-Transport,1,Front-to-Rear,0,No,1,Non-Junction,1,Not an Intersection,0,,1,On Roadway,2,Dark - Not Lighted,1,Clear,0,No Additional Atmospheric Conditions,1,Clear,0,No,0000000,Not Applicable,4,4:00am-4:59am,9,9,4,4:00am-4:59am,13,13,99,Unknown,99,Unknown EMS Hospital Arrival Time,0,,0,,0,,1,2
41,Oregon,410374,1,1,0,1,1,1,1,67,WASHINGTON (67),1000,HILLSBORO,28,28,10,October,2019,2,Monday,4,4:00am-4:59am,39,39,1,This section IS ON the NHS,6,Local Street - Municipality,NE 185TH AVE,,2,Urban,3,Principal Arterial - Other,4,City or Municipal Highway Agency,0,,45.52542222,45.52542222,-122.8675528,-122.86755278,0,No Special Jurisdiction,8,Pedestrian,0,The First Harmful Event was Not a Collision with a Motor Vehicle in Transport,0,No,1,Non-Junction,1,Not an Intersection,0,,1,On Roadway,3,Dark - Lighted,1,Clear,0,No Additional Atmospheric Conditions,1,Clear,0,No,0000000,Not Applicable,4,4:00am-4:59am,38,38,4,4:00am-4:59am,43,43,88,Not Applicable (Not Transported),88,Not Applicable (Not Transported),0,,0,,0,,1,0
41,Oregon,410375,1,1,0,0,1,1,0,19,DOUGLAS (19),0,NOT APPLICABLE,28,28,10,October,2019,2,Monday,99,Unknown Hours,99,Unknown Minutes,0,This section IS NOT on the NHS,4,County Road,CR-TROY RD,,1,Rural,7,Local,2,County Highway Agency,3,3,43.50163333,43.50163333,-123.4839833,-123.48398333,0,No Special Jurisdiction,42,Tree (Standing Only),0,The First Harmful Event was Not a Collision with a Motor Vehicle in Transport,0,No,1,Non-Junction,1,Not an Intersection,0,,4,On Roadside,9,Reported as Unknown,99,Reported as Unknown,0,No Additional Atmospheric Conditions,99,Reported as Unknown,0,No,0000000,Not Applicable,8,8:00am-8:59am,22,22,8,8:00am-8:59am,33,33,88,Not Applicable (Not Transported),88,Not Applicable (Not Transported),0,,0,,0,,1,1
41,Oregon,410376,2,2,0,0,2,2,0,51,MULTNOMAH (51),880,GRESHAM,28,28,10,October,2019,2,Monday,6,6:00am-6:59am,32,32,1,This section IS ON the NHS,2,U.S. Highway,US-26 ODOT 26,HILLYARD RD,2,Urban,3,Principal Arterial - Other,1,State Highway Agency,154,154,45.47683333,45.47683333,-122.396725,-122.396725,0,No Special Jurisdiction,12,Motor Vehicle In-Transport,6,Angle,0,No,2,Intersection,2,Four-Way Intersection,0,,1,On Roadway,1,Daylight,98,Not Reported,0,No Additional Atmospheric Conditions,98,Not Reported,0,No,0000000,Not Applicable,99,Unknown,99,Unknown,99,Unknown EMS Scene Arrival Hour,99,Unknown EMS Scene Arrival Minutes,99,Unknown,99,Unknown EMS Hospital Arrival Time,0,,0,,0,,1,0
41,Oregon,410377,1,1,0,0,1,1,0,39,LANE (39),0,NOT APPLICABLE,30,30,10,October,2019,4,Wednesday,99,Unknown Hours,99,Unknown Minutes,0,This section IS NOT on the NHS,4,County Road,CR-FRANKLIN RD,,1,Rural,6,Minor Collector,2,County Highway Agency,10,10,44.15593056,44.15593056,-123.2890083,-123.28900833,0,No Special Jurisdiction,34,Ditch,0,The First Harmful Event was Not a Collision with a Motor Vehicle in Transport,0,No,1,Non-Junction,1,Not an Intersection,0,,4,On Roadside,2,Dark - Not Lighted,1,Clear,0,No Additional Atmospheric Conditions,1,Clear,0,No,0000000,Not Applicable,19,7:00pm-7:59pm,47,47,20,8:00pm-8:59pm,7,7,88,Not Applicable (Not Transported),88,Not Applicable (Not Transported),0,,0,,0,,1,1
41,Oregon,410378,1,1,0,1,1,1,1,51,MULTNOMAH (51),880,GRESHAM,1,1,11,November,2019,6,Friday,11,11:00am-11:59am,33,33,0,This section IS NOT on the NHS,6,Local Street - Municipality,SE STARK ST,NE HALE AVE,2,Urban,4,Minor Arterial,4,City or Municipal Highway Agency,0,,45.51904444,45.51904444,-122.4011472,-122.40114722,0,No Special Jurisdiction,15,Non-Motorist on Personal Conveyance,0,The First Harmful Event was Not a Collision with a Motor Vehicle in Transport,0,No,3,Intersection-Related,2,Four-Way Intersection,0,,1,On Roadway,1,Daylight,98,Not Reported,0,No Additional Atmospheric Conditions,98,Not Reported,0,No,0000000,Not Applicable,99,Unknown,99,Unknown,99,Unknown EMS Scene Arrival Hour,99,Unknown EMS Scene Arrival Minutes,99,Unknown,99,Unknown EMS Hospital Arrival Time,0,,0,,0,,1,0
41,Oregon,410379,1,1,0,1,1,1,1,67,WASHINGTON (67),180,BEAVERTON,3,3,11,November,2019,1,Sunday,17,5:00pm-5:59pm,49,49,0,This section IS NOT on the NHS,6,Local Street - Municipality,SW SCHOLLS FERRY RD,SW EAGLE LN,2,Urban,4,Minor Arterial,4,City or Municipal Highway Agency,0,,45.46351944,45.46351944,-122.7789333,-122.77893333,0,No Special Jurisdiction,8,Pedestrian,0,The First Harmful Event was Not a Collision with a Motor Vehicle in Transport,0,No,3,Intersection-Related,3,T-Intersection,0,,1,On Roadway,3,Dark - Lighted,1,Clear,0,No Additional Atmospheric Conditions,1,Clear,0,No,0000000,Not Applicable,17,5:00pm-5:59pm,49,49,17,5:00pm-5:59pm,51,51,99,Unknown,99,Unknown EMS Hospital Arrival Time,0,,0,,0,,1,0
41,Oregon,410380,2,2,0,0,2,2,0,59,UMATILLA (59),990,HERMISTON,5,5,11,November,2019,3,Tuesday,7,7:00am-7:59am,26,26,1,This section IS ON the NHS,2,U.S. Highway,US-395 ODOT 54,SE KELLI BLVD,2,Urban,3,Principal Arterial - Other,1,State Highway Agency,74,74,45.81900278,45.81900278,-119.2643444,-119.26434444,0,No Special Jurisdiction,12,Motor Vehicle In-Transport,6,Angle,0,No,2,Intersection,3,T-Intersection,0,,1,On Roadway,1,Daylight,1,Clear,0,No Additional Atmospheric Conditions,1,Clear,0,No,0000000,Not Applicable,7,7:00am-7:59am,26,26,7,7:00am-7:59am,30,30,8,8:00am-8:59am,19,19,0,,0,,0,,1,0
41,Oregon,410381,1,1,0,0,1,1,0,37,LAKE (37),0,NOT APPLICABLE,8,8,11,November,2019,6,Friday,5,5:00am-5:59am,9,9,1,This section IS ON the NHS,3,State Highway,SR-140W ODOT 270,,1,Rural,3,Principal Arterial - Other,1,State Highway Agency,740,740,42.19800833,42.19800833,-120.6365139,-120.63651389,0,No Special Jurisdiction,1,Rollover/Overturn,0,The First Harmful Event was Not a Collision with a Motor Vehicle in Transport,0,No,1,Non-Junction,1,Not an Intersection,0,,4,On Roadside,2,Dark - Not Lighted,5,"Fog, Smog, Smoke",0,No Additional Atmospheric Conditions,5,"Fog, Smog, Smoke",0,No,0000000,Not Applicable,5,5:00am-5:59am,3,3,5,5:00am-5:59am,49,49,88,Not Applicable (Not Transported),88,Not Applicable (Not Transported),0,,0,,0,,1,0
41,Oregon,410385,1,1,0,1,1,1,1,47,MARION (47),1810,SALEM,11,11,11,November,2019,2,Monday,18,6:00pm-6:59pm,19,19,1,This section IS ON the NHS,6,Local Street - Municipality,PORTLAND RD NE,,2,Urban,3,Principal Arterial - Other,4,City or Municipal Highway Agency,0,,44.97465,44.97465,-123.0014972,-123.00149722,0,No Special Jurisdiction,8,Pedestrian,0,The First Harmful Event was Not a Collision with a Motor Vehicle in Transport,0,No,1,Non-Junction,1,Not an Intersection,0,,1,On Roadway,2,Dark - Not Lighted,98,Not Reported,0,No Additional Atmospheric Conditions,98,Not Reported,0,No,0000000,Not Applicable,18,6:00pm-6:59pm,19,19,18,6:00pm-6:59pm,22,22,88,Not Applicable (Not Transported),88,Not Applicable (Not Transported),0,,0,,0,,1,0
41,Oregon,410386,1,1,0,1,1,1,1,55,SHERMAN (55),0,NOT APPLICABLE,11,11,11,November,2019,2,Monday,17,5:00pm-5:59pm,40,40,1,This section IS ON the NHS,1,Interstate,I-84,,1,Rural,1,Interstate,1,State Highway Agency,1046,1046,45.67228889,45.67228889,-120.8327833,-120.83278333,0,No Special Jurisdiction,8,Pedestrian,0,The First Harmful Event was Not a Collision with a Motor Vehicle in Transport,0,No,1,Non-Junction,1,Not an Intersection,0,,1,On Roadway,3,Dark - Lighted,1,Clear,0,No Additional Atmospheric Conditions,1,Clear,0,No,0000000,Not Applicable,99,Unknown,99,Unknown,99,Unknown EMS Scene Arrival Hour,99,Unknown EMS Scene Arrival Minutes,88,Not Applicable (Not Transported),88,Not Applicable (Not Transported),0,,0,,0,,1,0
41,Oregon,410388,1,1,0,1,1,1,1,67,WASHINGTON (67),0,NOT APPLICABLE,12,12,11,November,2019,3,Tuesday,6,6:00am-6:59am,48,48,0,This section IS NOT on the NHS,4,County Road,CR-NW MARTIN RD,,2,Urban,4,Minor Arterial,2,County Highway Agency,0,,45.54234167,45.54234167,-123.0733056,-123.07330556,0,No Special Jurisdiction,8,Pedestrian,0,The First Harmful Event was Not a Collision with a Motor Vehicle in Transport,0,No,1,Non-Junction,1,Not an Intersection,0,,1,On Roadway,2,Dark - Not Lighted,98,Not Reported,0,No Additional Atmospheric Conditions,98,Not Reported,0,No,0000000,Not Applicable,6,6:00am-6:59am,48,48,6,6:00am-6:59am,52,52,88,Not Applicable (Not Transported),88,Not Applicable (Not Transported),0,,0,,0,,1,0
41,Oregon,410389,2,2,0,0,2,2,0,19,DOUGLAS (19),0,NOT APPLICABLE,13,13,11,November,2019,4,Wednesday,12,12:00pm-12:59pm,37,37,0,This section IS NOT on the NHS,4,County Road,CR-WILLIS CREEK RD,,1,Rural,6,Minor Collector,2,County Highway Agency,13,13,43.08434722,43.08434722,-123.4185778,-123.41857778,0,No Special Jurisdiction,12,Motor Vehicle In-Transport,2,Front-to-Front,0,No,1,Non-Junction,1,Not an Intersection,0,,1,On Roadway,1,Daylight,1,Clear,0,No Additional Atmospheric Conditions,1,Clear,0,No,0000000,Not Applicable,12,12:00pm-12:59pm,37,37,12,12:00pm-12:59pm,48,48,88,Not Applicable (Not Transported),88,Not Applicable (Not Transported),0,,0,,0,,1,0
41,Oregon,410390,1,1,0,1,1,1,1,29,JACKSON (29),0,NOT APPLICABLE,13,13,11,November,2019,4,Wednesday,17,5:00pm-5:59pm,55,55,1,This section IS ON the NHS,3,State Highway,SR-99 ODOT 63,,2,Urban,3,Principal Arterial - Other,1,State Highway Agency,108,108,42.28238889,42.28238889,-122.8259694,-122.82596944,0,No Special Jurisdiction,8,Pedestrian,0,The First Harmful Event was Not a Collision with a Motor Vehicle in Transport,0,No,1,Non-Junction,1,Not an Intersection,0,,1,On Roadway,2,Dark - Not Lighted,1,Clear,0,No Additional Atmospheric Conditions,1,Clear,0,No,0000000,Not Applicable,17,5:00pm-5:59pm,57,57,18,6:00pm-6:59pm,7,7,18,6:00pm-6:59pm,36,36,0,,0,,0,,1,0
41,Oregon,410391,1,1,0,0,2,2,0,43,LINN (43),0,NOT APPLICABLE,14,14,11,November,2019,5,Thursday,22,10:00pm-10:59pm,30,30,0,This section IS NOT on the NHS,4,County Road,CR-ROCK HILL DR A,,1,Rural,5,Major Collector,2,County Highway Agency,22,22,44.48730833,44.48730833,-122.9454306,-122.94543056,0,No Special Jurisdiction,1,Rollover/Overturn,0,The First Harmful Event was Not a Collision with a Motor Vehicle in Transport,0,No,1,Non-Junction,1,Not an Intersection,0,,4,On Roadside,2,Dark - Not Lighted,5,"Fog, Smog, Smoke",0,No Additional Atmospheric Conditions,5,"Fog, Smog, Smoke",0,No,0000000,Not Applicable,23,11:00pm-11:59pm,30,30,23,11:00pm-11:59pm,30,30,88,Not Applicable (Not Transported),88,Not Applicable (Not Transported),0,,0,,0,,2,1
41,Oregon,410392,1,1,0,0,1,1,0,39,LANE (39),0,NOT APPLICABLE,15,15,11,November,2019,6,Friday,21,9:00pm-9:59pm,35,35,0,This section IS NOT on the NHS,4,County Road,CR-MARCOLA RD,,1,Rural,5,Major Collector,2,County Highway Agency,133,133,44.19463056,44.19463056,-122.8383222,-122.83832222,0,No Special Jurisdiction,34,Ditch,0,The First Harmful Event was Not a Collision with a Motor Vehicle in Transport,0,No,1,Non-Junction,1,Not an Intersection,0,,4,On Roadside,2,Dark - Not Lighted,5,"Fog, Smog, Smoke",0,No Additional Atmospheric Conditions,5,"Fog, Smog, Smoke",0,No,0000000,Not Applicable,21,9:00pm-9:59pm,35,35,21,9:00pm-9:59pm,44,44,88,Not Applicable (Not Transported),88,Not Applicable (Not Transported),0,,0,,0,,1,1
41,Oregon,410394,2,2,0,0,2,2,0,51,MULTNOMAH (51),1650,PORTLAND,19,19,11,November,2019,3,Tuesday,3,3:00am-3:59am,2,2,1,This section IS ON the NHS,1,Interstate,I-84,,2,Urban,1,Interstate,1,State Highway Agency,47,47,45.535575,45.535575,-122.587325,-122.587325,0,No Special Jurisdiction,12,Motor Vehicle In-Transport,1,Front-to-Rear,0,No,1,Non-Junction,1,Not an Intersection,0,,1,On Roadway,6,Dark - Unknown Lighting,98,Not Reported,0,No Additional Atmospheric Conditions,98,Not Reported,0,No,0000000,Not Applicable,99,Unknown,99,Unknown,99,Unknown EMS Scene Arrival Hour,99,Unknown EMS Scene Arrival Minutes,88,Not Applicable (Not Transported),88,Not Applicable (Not Transported),0,,0,,0,,1,1
41,Oregon,410395,2,1,1,1,1,1,1,51,MULTNOMAH (51),2264,WOOD VILLAGE,19,19,11,November,2019,3,Tuesday,8,8:00am-8:59am,14,14,1,This section IS ON the NHS,1,Interstate,I-84,,2,Urban,1,Interstate,1,State Highway Agency,159,159,45.54055833,45.54055833,-122.4153306,-122.41533056,0,No Special Jurisdiction,8,Pedestrian,0,The First Harmful Event was Not a Collision with a Motor Vehicle in Transport,0,No,1,Non-Junction,1,Not an Intersection,0,,4,On Roadside,1,Daylight,10,Cloudy,0,No Additional Atmospheric Conditions,10,Cloudy,0,No,0000000,Not Applicable,99,Unknown,99,Unknown,99,Unknown EMS Scene Arrival Hour,99,Unknown EMS Scene Arrival Minutes,88,Not Applicable (Not Transported),88,Not Applicable (Not Transported),23,Indication of a Stalled/Disabled Vehicle,0,,0,,1,0
41,Oregon,410396,1,1,0,0,1,1,0,5,CLACKAMAS (5),0,NOT APPLICABLE,23,23,11,November,2019,7,Saturday,19,7:00pm-7:59pm,23,23,1,This section IS ON the NHS,2,U.S. Highway,US-26 ODOT 26,,1,Rural,3,Principal Arterial - Other,1,State Highway Agency,309,309,45.36681389,45.36681389,-122.1442639,-122.14426389,0,No Special Jurisdiction,34,Ditch,0,The First Harmful Event was Not a Collision with a Motor Vehicle in Transport,0,No,1,Non-Junction,1,Not an Intersection,0,,4,On Roadside,2,Dark - Not Lighted,1,Clear,0,No Additional Atmospheric Conditions,1,Clear,0,No,0000000,Not Applicable,99,Unknown,99,Unknown,99,Unknown EMS Scene Arrival Hour,99,Unknown EMS Scene Arrival Minutes,88,Not Applicable (Not Transported),88,Not Applicable (Not Transported),0,,0,,0,,1,1
41,Oregon,410397,1,1,0,1,1,1,1,51,MULTNOMAH (51),880,GRESHAM,23,23,11,November,2019,7,Saturday,16,4:00pm-4:59pm,52,52,0,This section IS NOT on the NHS,6,Local Street - Municipality,NE HALSEY ST,NE 192ND AVE,2,Urban,4,Minor Arterial,4,City or Municipal Highway Agency,0,,45.53366111,45.53366111,-122.4663222,-122.46632222,0,No Special Jurisdiction,8,Pedestrian,0,The First Harmful Event was Not a Collision with a Motor Vehicle in Transport,0,No,3,Intersection-Related,3,T-Intersection,0,,1,On Roadway,5,Dusk,1,Clear,0,No Additional Atmospheric Conditions,1,Clear,0,No,0000000,Not Applicable,99,Unknown,99,Unknown,99,Unknown EMS Scene Arrival Hour,99,Unknown EMS Scene Arrival Minutes,88,Not Applicable (Not Transported),88,Not Applicable (Not Transported),0,,0,,0,,1,1
41,Oregon,410398,1,1,0,0,1,1,0,19,DOUGLAS (19),0,NOT APPLICABLE,25,25,11,November,2019,2,Monday,8,8:00am-8:59am,18,18,1,This section IS ON the NHS,3,State Highway,SR-38 ODOT 45,,1,Rural,3,Principal Arterial - Other,1,State Highway Agency,161,161,43.65211667,43.65211667,-123.8301806,-123.83018056,0,No Special Jurisdiction,35,Embankment,0,The First Harmful Event was Not a Collision with a Motor Vehicle in Transport,0,No,1,Non-Junction,1,Not an Intersection,0,,4,On Roadside,1,Daylight,10,Cloudy,0,No Additional Atmospheric Conditions,10,Cloudy,0,No,0000000,Not Applicable,8,8:00am-8:59am,19,19,8,8:00am-8:59am,28,28,88,Not Applicable (Not Transported),88,Not Applicable (Not Transported),0,,0,,0,,1,0
41,Oregon,410399,2,2,0,0,3,3,0,67,WASHINGTON (67),1000,HILLSBORO,25,25,11,November,2019,2,Monday,10,10:00am-10:59am,5,5,1,This section IS ON the NHS,3,State Highway,SR-8 ODOT 29,SR-219 ODOT 140,2,Urban,3,Principal Arterial - Other,1,State Highway Agency,132,132,45.52014167,45.52014167,-122.9898306,-122.98983056,0,No Special Jurisdiction,12,Motor Vehicle In-Transport,6,Angle,0,No,2,Intersection,2,Four-Way Intersection,0,,1,On Roadway,1,Daylight,98,Not Reported,0,No Additional Atmospheric Conditions,98,Not Reported,0,No,0000000,Not Applicable,99,Unknown,99,Unknown,99,Unknown EMS Scene Arrival Hour,99,Unknown EMS Scene Arrival Minutes,88,Not Applicable (Not Transported),88,Not Applicable (Not Transported),0,,0,,0,,1,0
41,Oregon,410400,1,1,0,0,1,1,0,19,DOUGLAS (19),0,NOT APPLICABLE,25,25,11,November,2019,2,Monday,21,9:00pm-9:59pm,5,5,0,This section IS NOT on the NHS,4,County Road,CR-NONPAREIL RD,,1,Rural,6,Minor Collector,2,County Highway Agency,88,88,43.41246389,43.41246389,-123.1641889,-123.16418889,0,No Special Jurisdiction,34,Ditch,0,The First Harmful Event was Not a Collision with a Motor Vehicle in Transport,0,No,1,Non-Junction,1,Not an Intersection,0,,4,On Roadside,2,Dark - Not Lighted,5,"Fog, Smog, Smoke",0,No Additional Atmospheric Conditions,5,"Fog, Smog, Smoke",0,No,0000000,Not Applicable,21,9:00pm-9:59pm,4,4,21,9:00pm-9:59pm,17,17,88,Not Applicable (Not Transported),88,Not Applicable (Not Transported),0,,0,,0,,1,1
41,Oregon,410401,2,2,0,0,4,4,0,53,POLK (53),0,NOT APPLICABLE,26,26,11,November,2019,3,Tuesday,16,4:00pm-4:59pm,40,40,1,This section IS ON the NHS,3,State Highway,SR-20W ODOT 30,CR-PERRYDALE RD,1,Rural,3,Principal Arterial - Other,1,State Highway Agency,117,117,44.96862778,44.96862778,-123.2995278,-123.29952778,0,No Special Jurisdiction,12,Motor Vehicle In-Transport,2,Front-to-Front,0,No,2,Intersection,2,Four-Way Intersection,0,,1,On Roadway,2,Dark - Not Lighted,2,Rain,0,No Additional Atmospheric Conditions,2,Rain,0,No,0000000,Not Applicable,16,4:00pm-4:59pm,40,40,16,4:00pm-4:59pm,45,45,17,5:00pm-5:59pm,12,12,0,,0,,0,,1,1
41,Oregon,410402,2,2,0,0,17,17,0,47,MARION (47),0,NOT APPLICABLE,29,29,11,November,2019,6,Friday,19,7:00pm-7:59pm,22,22,0,This section IS NOT on the NHS,4,County Road,CR-SUNNYVIEW RD NE,CR-CORDON RD NE,2,Urban,3,Principal Arterial - Other,1,State Highway Agency,9,9,44.95490833,44.95490833,-122.9589056,-122.95890556,0,No Special Jurisdiction,12,Motor Vehicle In-Transport,6,Angle,0,No,2,Intersection,2,Four-Way Intersection,0,,1,On Roadway,3,Dark - Lighted,1,Clear,0,No Additional Atmospheric Conditions,1,Clear,0,No,0000000,Not Applicable,19,7:00pm-7:59pm,23,23,19,7:00pm-7:59pm,27,27,99,Unknown,99,Unknown EMS Hospital Arrival Time,0,,0,,0,,3,1
41,Oregon,410403,2,2,0,0,3,3,0,5,CLACKAMAS (5),0,NOT APPLICABLE,1,1,12,December,2019,1,Sunday,19,7:00pm-7:59pm,32,32,0,This section IS NOT on the NHS,3,State Highway,SR-224 ODOT 171,,1,Rural,4,Minor Arterial,1,State Highway Agency,177,177,45.36000833,45.36000833,-122.3617694,-122.36176944,0,No Special Jurisdiction,12,Motor Vehicle In-Transport,2,Front-to-Front,0,No,1,Non-Junction,1,Not an Intersection,0,,1,On Roadway,2,Dark - Not Lighted,10,Cloudy,0,No Additional Atmospheric Conditions,10,Cloudy,0,No,0000000,Not Applicable,19,7:00pm-7:59pm,32,32,19,7:00pm-7:59pm,40,40,99,Unknown,99,Unknown EMS Hospital Arrival Time,0,,0,,0,,1,1
41,Oregon,410404,1,1,0,1,2,2,1,47,MARION (47),1810,SALEM,4,4,12,December,2019,4,Wednesday,10,10:00am-10:59am,38,38,1,This section IS ON the NHS,3,State Highway,SR-22 ODOT 72,STATE ST NE,2,Urban,3,Principal Arterial - Other,4,City or Municipal Highway Agency,52,52,44.94080556,44.94080556,-123.0420917,-123.04209167,0,No Special Jurisdiction,8,Pedestrian,0,The First Harmful Event was Not a Collision with a Motor Vehicle in Transport,0,No,3,Intersection-Related,2,Four-Way Intersection,0,,1,On Roadway,1,Daylight,10,Cloudy,0,No Additional Atmospheric Conditions,10,Cloudy,0,No,0000000,Not Applicable,10,10:00am-10:59am,39,39,10,10:00am-10:59am,41,41,88,Not Applicable (Not Transported),88,Not Applicable (Not Transported),0,,0,,0,,1,0
41,Oregon,410405,2,2,0,0,2,2,0,59,UMATILLA (59),0,NOT APPLICABLE,4,4,12,December,2019,4,Wednesday,20,8:00pm-8:59pm,44,44,0,This section IS NOT on the NHS,2,U.S. Highway,US-730 ODOT 2,,1,Rural,4,Minor Arterial,1,State Highway Agency,2026,2026,45.99319167,45.99319167,-118.9838056,-118.98380556,0,No Special Jurisdiction,12,Motor Vehicle In-Transport,2,Front-to-Front,0,No,1,Non-Junction,1,Not an Intersection,0,,1,On Roadway,1,Daylight,1,Clear,0,No Additional Atmospheric Conditions,1,Clear,0,No,0000000,Not Applicable,20,8:00pm-8:59pm,44,44,20,8:00pm-8:59pm,59,59,99,Unknown,99,Unknown EMS Hospital Arrival Time,0,,0,,0,,1,0
41,Oregon,410406,1,1,0,1,1,1,1,67,WASHINGTON (67),1000,HILLSBORO,6,6,12,December,2019,6,Friday,19,7:00pm-7:59pm,45,45,1,This section IS ON the NHS,3,State Highway,SR-8 ODOT 29,,2,Urban,3,Principal Arterial - Other,1,State Highway Agency,122,122,45.51626667,45.51626667,-122.9739583,-122.97395833,0,No Special Jurisdiction,9,Pedalcyclist,0,The First Harmful Event was Not a Collision with a Motor Vehicle in Transport,0,No,1,Non-Junction,1,Not an Intersection,0,,1,On Roadway,3,Dark - Lighted,2,Rain,0,No Additional Atmospheric Conditions,2,Rain,0,No,0000000,Not Applicable,19,7:00pm-7:59pm,45,45,19,7:00pm-7:59pm,50,50,99,Unknown,99,Unknown EMS Hospital Arrival Time,0,,0,,0,,1,0
41,Oregon,410407,2,2,0,0,3,3,0,59,UMATILLA (59),0,NOT APPLICABLE,6,6,12,December,2019,6,Friday,22,10:00pm-10:59pm,3,3,1,This section IS ON the NHS,3,State Highway,SR-395 ODOT 54,E PUNKIN CENTER RD,2,Urban,3,Principal Arterial - Other,1,State Highway Agency,37,37,45.86461111,45.86461111,-119.2910444,-119.29104444,0,No Special Jurisdiction,12,Motor Vehicle In-Transport,2,Front-to-Front,0,No,2,Intersection,2,Four-Way Intersection,0,,1,On Roadway,2,Dark - Not Lighted,5,"Fog, Smog, Smoke",0,No Additional Atmospheric Conditions,5,"Fog, Smog, Smoke",0,No,0000000,Not Applicable,22,10:00pm-10:59pm,6,6,22,10:00pm-10:59pm,9,9,99,Unknown,99,Unknown EMS Hospital Arrival Time,0,,0,,0,,1,1
41,Oregon,410408,2,2,0,0,3,3,0,29,JACKSON (29),0,NOT APPLICABLE,7,7,12,December,2019,7,Saturday,19,7:00pm-7:59pm,44,44,0,This section IS NOT on the NHS,4,County Road,CR-EAGLE MILL RD,,2,Urban,5,Major Collector,4,City or Municipal Highway Agency,14,14,42.21823889,42.21823889,-122.7171278,-122.71712778,0,No Special Jurisdiction,12,Motor Vehicle In-Transport,2,Front-to-Front,0,No,1,Non-Junction,1,Not an Intersection,0,,1,On Roadway,2,Dark - Not Lighted,2,Rain,0,No Additional Atmospheric Conditions,2,Rain,0,No,0000000,Not Applicable,19,7:00pm-7:59pm,45,45,19,7:00pm-7:59pm,52,52,88,Not Applicable (Not Transported),88,Not Applicable (Not Transported),0,,0,,0,,1,1
41,Oregon,410409,2,2,0,0,4,4,0,29,JACKSON (29),0,NOT APPLICABLE,10,10,12,December,2019,3,Tuesday,14,2:00pm-2:59pm,35,35,0,This section IS NOT on the NHS,3,State Highway,SR-62 ODOT 22,,2,Urban,4,Minor Arterial,1,State Highway Agency,112,112,42.48975556,42.48975556,-122.8118944,-122.81189444,0,No Special Jurisdiction,12,Motor Vehicle In-Transport,2,Front-to-Front,0,No,1,Non-Junction,1,Not an Intersection,0,,1,On Roadway,1,Daylight,2,Rain,0,No Additional Atmospheric Conditions,2,Rain,0,No,0000000,Not Applicable,14,2:00pm-2:59pm,35,35,14,2:00pm-2:59pm,40,40,99,Unknown,99,Unknown EMS Hospital Arrival Time,0,,0,,0,,1,1
41,Oregon,410410,1,1,0,0,1,1,0,43,LINN (43),0,NOT APPLICABLE,12,12,12,December,2019,5,Thursday,17,5:00pm-5:59pm,7,7,0,This section IS NOT on the NHS,4,County Road,CR-COBURG RD,,1,Rural,5,Major Collector,2,County Highway Agency,11,11,44.24095833,44.24095833,-123.0696417,-123.06964167,0,No Special Jurisdiction,1,Rollover/Overturn,0,The First Harmful Event was Not a Collision with a Motor Vehicle in Transport,0,No,1,Non-Junction,1,Not an Intersection,0,,4,On Roadside,2,Dark - Not Lighted,2,Rain,0,No Additional Atmospheric Conditions,2,Rain,0,No,0000000,Not Applicable,17,5:00pm-5:59pm,7,7,17,5:00pm-5:59pm,23,23,88,Not Applicable (Not Transported),88,Not Applicable (Not Transported),0,,0,,0,,1,0
41,Oregon,410411,1,1,0,0,1,1,0,39,LANE (39),0,NOT APPLICABLE,15,15,12,December,2019,1,Sunday,17,5:00pm-5:59pm,37,37,0,This section IS NOT on the NHS,4,County Road,CR-PENGRA RD,,1,Rural,5,Major Collector,2,County Highway Agency,28,28,43.93436111,43.93436111,-122.8127778,-122.81277778,0,No Special Jurisdiction,42,Tree (Standing Only),0,The First Harmful Event was Not a Collision with a Motor Vehicle in Transport,0,No,1,Non-Junction,1,Not an Intersection,0,,4,On Roadside,2,Dark - Not Lighted,1,Clear,0,No Additional Atmospheric Conditions,1,Clear,0,No,0000000,Not Applicable,17,5:00pm-5:59pm,36,36,17,5:00pm-5:59pm,42,42,88,Not Applicable (Not Transported),88,Not Applicable (Not Transported),0,,0,,0,,1,0
41,Oregon,410412,1,1,0,0,1,1,0,51,MULTNOMAH (51),1650,PORTLAND,15,15,12,December,2019,1,Sunday,22,10:00pm-10:59pm,37,37,0,This section IS NOT on the NHS,6,Local Street - Municipality,NE LLOYD BLVD,,2,Urban,4,Minor Arterial,4,City or Municipal Highway Agency,0,,45.52706389,45.52706389,-122.66485,-122.66485,0,No Special Jurisdiction,33,Curb,0,The First Harmful Event was Not a Collision with a Motor Vehicle in Transport,0,No,1,Non-Junction,1,Not an Intersection,0,,4,On Roadside,3,Dark - Lighted,1,Clear,0,No Additional Atmospheric Conditions,1,Clear,0,No,0000000,Not Applicable,23,11:00pm-11:59pm,37,37,99,Unknown EMS Scene Arrival Hour,99,Unknown EMS Scene Arrival Minutes,88,Not Applicable (Not Transported),88,Not Applicable (Not Transported),0,,0,,0,,1,1
41,Oregon,410413,1,1,0,1,1,1,1,39,LANE (39),1960,SPRINGFIELD,16,16,12,December,2019,2,Monday,13,1:00pm-1:59pm,40,40,0,This section IS NOT on the NHS,6,Local Street - Municipality,N 42ND ST,,2,Urban,4,Minor Arterial,4,City or Municipal Highway Agency,0,,44.0494,44.0494,-122.9632806,-122.96328056,0,No Special Jurisdiction,8,Pedestrian,0,The First Harmful Event was Not a Collision with a Motor Vehicle in Transport,0,No,1,Non-Junction,1,Not an Intersection,0,,4,On Roadside,1,Daylight,98,Not Reported,0,No Additional Atmospheric Conditions,98,Not Reported,0,No,0000000,Not Applicable,13,1:00pm-1:59pm,40,40,13,1:00pm-1:59pm,45,45,99,Unknown,99,Unknown EMS Hospital Arrival Time,0,,0,,0,,1,0
41,Oregon,410414,2,2,0,0,2,2,0,29,JACKSON (29),70,ASHLAND,17,17,12,December,2019,3,Tuesday,11,11:00am-11:59am,49,49,0,This section IS NOT on the NHS,6,Local Street - Municipality,WIMER ST,SCENIC DR,2,Urban,5,Major Collector,4,City or Municipal Highway Agency,0,,42.20356667,42.20356667,-122.7229972,-122.72299722,0,No Special Jurisdiction,12,Motor Vehicle In-Transport,2,Front-to-Front,0,No,2,Intersection,2,Four-Way Intersection,0,,1,On Roadway,1,Daylight,98,Not Reported,0,No Additional Atmospheric Conditions,98,Not Reported,0,No,0000000,Not Applicable,11,11:00am-11:59am,50,50,11,11:00am-11:59am,55,55,88,Not Applicable (Not Transported),88,Not Applicable (Not Transported),0,,0,,0,,1,0
41,Oregon,410415,1,1,0,0,1,1,0,71,YAMHILL (71),0,NOT APPLICABLE,17,17,12,December,2019,3,Tuesday,14,2:00pm-2:59pm,50,50,1,This section IS ON the NHS,3,State Highway,SR-47 ODOT 29,,1,Rural,3,Principal Arterial - Other,1,State Highway Agency,336,336,45.34660833,45.34660833,-123.177375,-123.177375,0,No Special Jurisdiction,1,Rollover/Overturn,0,The First Harmful Event was Not a Collision with a Motor Vehicle in Transport,0,No,1,Non-Junction,1,Not an Intersection,0,,4,On Roadside,1,Daylight,10,Cloudy,0,No Additional Atmospheric Conditions,10,Cloudy,0,No,0000000,Not Applicable,99,Unknown,99,Unknown,99,Unknown EMS Scene Arrival Hour,99,Unknown EMS Scene Arrival Minutes,88,Not Applicable (Not Transported),88,Not Applicable (Not Transported),0,,0,,0,,1,0
41,Oregon,410416,2,2,0,0,2,2,0,47,MARION (47),0,NOT APPLICABLE,18,18,12,December,2019,4,Wednesday,17,5:00pm-5:59pm,55,55,0,This section IS NOT on the NHS,3,State Highway,SR-99 ODOT 81,,1,Rural,4,Minor Arterial,1,State Highway Agency,399,399,45.061075,45.061075,-122.9429111,-122.94291111,0,No Special Jurisdiction,12,Motor Vehicle In-Transport,1,Front-to-Rear,0,No,1,Non-Junction,1,Not an Intersection,0,,1,On Roadway,2,Dark - Not Lighted,2,Rain,0,No Additional Atmospheric Conditions,2,Rain,0,No,0000000,Not Applicable,18,6:00pm-6:59pm,0,0,18,6:00pm-6:59pm,11,11,99,Unknown,99,Unknown EMS Hospital Arrival Time,0,,0,,0,,1,0
41,Oregon,410417,1,1,0,0,1,1,0,19,DOUGLAS (19),0,NOT APPLICABLE,20,20,12,December,2019,6,Friday,16,4:00pm-4:59pm,6,6,0,This section IS NOT on the NHS,3,State Highway,SR-138 ODOT 231,,1,Rural,4,Minor Arterial,1,State Highway Agency,216,216,43.42827778,43.42827778,-123.3986694,-123.39866944,0,No Special Jurisdiction,42,Tree (Standing Only),0,The First Harmful Event was Not a Collision with a Motor Vehicle in Transport,0,No,1,Non-Junction,1,Not an Intersection,0,,4,On Roadside,2,Dark - Not Lighted,98,Not Reported,0,No Additional Atmospheric Conditions,98,Not Reported,0,No,0000000,Not Applicable,99,Unknown,99,Unknown,99,Unknown EMS Scene Arrival Hour,99,Unknown EMS Scene Arrival Minutes,88,Not Applicable (Not Transported),88,Not Applicable (Not Transported),0,,0,,0,,1,0
41,Oregon,410418,1,1,0,0,1,1,0,11,COOS (11),0,NOT APPLICABLE,1,1,12,December,2019,1,Sunday,11,11:00am-11:59am,25,25,0,This section IS NOT on the NHS,4,County Road,CR-CORDELL LN,,1,Rural,7,Local,2,County Highway Agency,0,,43.25816667,43.25816667,-124.1955667,-124.19556667,0,No Special Jurisdiction,34,Ditch,0,The First Harmful Event was Not a Collision with a Motor Vehicle in Transport,0,No,1,Non-Junction,1,Not an Intersection,0,,4,On Roadside,1,Daylight,10,Cloudy,0,No Additional Atmospheric Conditions,10,Cloudy,0,No,0000000,Not Applicable,11,11:00am-11:59am,28,28,11,11:00am-11:59am,47,47,12,12:00pm-12:59pm,19,19,0,,0,,0,,1,0
41,Oregon,410419,2,2,0,1,2,2,1,29,JACKSON (29),0,NOT APPLICABLE,22,22,12,December,2019,1,Sunday,3,3:00am-3:59am,56,56,1,This section IS ON the NHS,3,State Highway,SR-99 ODOT 63,,2,Urban,3,Principal Arterial - Other,1,State Highway Agency,101,101,42.29404722,42.29404722,-122.8414278,-122.84142778,0,No Special Jurisdiction,8,Pedestrian,0,The First Harmful Event was Not a Collision with a Motor Vehicle in Transport,0,No,1,Non-Junction,1,Not an Intersection,0,,1,On Roadway,2,Dark - Not Lighted,10,Cloudy,0,No Additional Atmospheric Conditions,10,Cloudy,0,No,0000000,Not Applicable,3,3:00am-3:59am,56,56,4,4:00am-4:59am,0,0,88,Not Applicable (Not Transported),88,Not Applicable (Not Transported),0,,0,,0,,1,0
41,Oregon,410420,1,1,0,1,1,1,1,51,MULTNOMAH (51),880,GRESHAM,23,23,12,December,2019,2,Monday,21,9:00pm-9:59pm,0,0,0,This section IS NOT on the NHS,6,Local Street - Municipality,SE HOGAN RD,,2,Urban,4,Minor Arterial,4,City or Municipal Highway Agency,0,,45.49519167,45.49519167,-122.4139306,-122.41393056,0,No Special Jurisdiction,9,Pedalcyclist,0,The First Harmful Event was Not a Collision with a Motor Vehicle in Transport,0,No,1,Non-Junction,1,Not an Intersection,0,,1,On Roadway,2,Dark - Not Lighted,1,Clear,0,No Additional Atmospheric Conditions,1,Clear,0,No,0000000,Not Applicable,21,9:00pm-9:59pm,0,0,21,9:00pm-9:59pm,2,2,88,Not Applicable (Not Transported),88,Not Applicable (Not Transported),0,,0,,0,,1,0
41,Oregon,410421,1,1,0,2,1,1,2,39,LANE (39),660,EUGENE,23,23,12,December,2019,2,Monday,18,6:00pm-6:59pm,50,50,0,This section IS NOT on the NHS,6,Local Street - Municipality,FRANKLIN BLVD,WALNUT ST,2,Urban,4,Minor Arterial,4,City or Municipal Highway Agency,0,,44.04473611,44.04473611,-123.0615556,-123.06155556,0,No Special Jurisdiction,8,Pedestrian,0,The First Harmful Event was Not a Collision with a Motor Vehicle in Transport,0,No,3,Intersection-Related,2,Four-Way Intersection,0,,1,On Roadway,3,Dark - Lighted,1,Clear,0,No Additional Atmospheric Conditions,1,Clear,0,No,0000000,Not Applicable,18,6:00pm-6:59pm,50,50,18,6:00pm-6:59pm,54,54,99,Unknown,99,Unknown EMS Hospital Arrival Time,31,Related to a Bus Stop,0,,0,,1,0
41,Oregon,410422,1,1,0,1,1,1,1,51,MULTNOMAH (51),880,GRESHAM,24,24,12,December,2019,3,Tuesday,4,4:00am-4:59am,59,59,1,This section IS ON the NHS,6,Local Street - Municipality,SE DIVISION ST,,2,Urban,3,Principal Arterial - Other,1,State Highway Agency,0,,45.504575,45.504575,-122.4756333,-122.47563333,0,No Special Jurisdiction,8,Pedestrian,0,The First Harmful Event was Not a Collision with a Motor Vehicle in Transport,0,No,1,Non-Junction,1,Not an Intersection,0,,1,On Roadway,6,Dark - Unknown Lighting,98,Not Reported,0,No Additional Atmospheric Conditions,98,Not Reported,0,No,0000000,Not Applicable,99,Unknown,99,Unknown,99,Unknown EMS Scene Arrival Hour,99,Unknown EMS Scene Arrival Minutes,88,Not Applicable (Not Transported),88,Not Applicable (Not Transported),0,,0,,0,,1,0
41,Oregon,410423,1,1,0,0,4,4,0,19,DOUGLAS (19),0,NOT APPLICABLE,25,25,12,December,2019,4,Wednesday,20,8:00pm-8:59pm,11,11,0,This section IS NOT on the NHS,8,Other,USFS RD 6530,,1,Rural,7,Local,64,U.S. Forest Service,20,20,43.00188611,43.00188611,-122.3755806,-122.37558056,0,No Special Jurisdiction,17,Boulder,0,The First Harmful Event was Not a Collision with a Motor Vehicle in Transport,0,No,1,Non-Junction,1,Not an Intersection,0,,4,On Roadside,2,Dark - Not Lighted,1,Clear,0,No Additional Atmospheric Conditions,1,Clear,0,No,0000000,Not Applicable,20,8:00pm-8:59pm,11,11,20,8:00pm-8:59pm,47,47,99,Unknown,99,Unknown EMS Hospital Arrival Time,0,,0,,0,,1,1
41,Oregon,410424,1,1,0,0,1,1,0,5,CLACKAMAS (5),0,NOT APPLICABLE,25,25,12,December,2019,4,Wednesday,20,8:00pm-8:59pm,0,0,1,This section IS ON the NHS,3,State Highway,SR-213 ODOT 160,,1,Rural,3,Principal Arterial - Other,1,State Highway Agency,222,222,45.08890556,45.08890556,-122.6647,-122.6647,0,No Special Jurisdiction,38,Fence,0,The First Harmful Event was Not a Collision with a Motor Vehicle in Transport,0,No,1,Non-Junction,1,Not an Intersection,0,,4,On Roadside,2,Dark - Not Lighted,98,Not Reported,0,No Additional Atmospheric Conditions,98,Not Reported,0,No,0000000,Not Applicable,20,8:00pm-8:59pm,0,0,20,8:00pm-8:59pm,1,1,88,Not Applicable (Not Transported),88,Not Applicable (Not Transported),0,,0,,0,,1,1
41,Oregon,410425,1,1,0,1,1,1,1,17,DESCHUTES (17),190,BEND,27,27,12,December,2019,6,Friday,6,6:00am-6:59am,37,37,1,This section IS ON the NHS,2,U.S. Highway,US-97 ODOT 4,,2,Urban,3,Principal Arterial - Other,1,State Highway Agency,1337,1337,44.10941667,44.10941667,-121.2949528,-121.29495278,0,No Special Jurisdiction,8,Pedestrian,0,The First Harmful Event was Not a Collision with a Motor Vehicle in Transport,0,No,1,Non-Junction,1,Not an Intersection,0,,1,On Roadway,2,Dark - Not Lighted,1,Clear,0,No Additional Atmospheric Conditions,1,Clear,0,No,0000000,Not Applicable,6,6:00am-6:59am,38,38,6,6:00am-6:59am,45,45,88,Not Applicable (Not Transported),88,Not Applicable (Not Transported),0,,0,,0,,1,0
41,Oregon,410426,2,2,0,0,2,2,0,51,MULTNOMAH (51),1650,PORTLAND,27,27,12,December,2019,6,Friday,7,7:00am-7:59am,27,27,0,This section IS NOT on the NHS,2,U.S. Highway,US-30B ODOT 123,,2,Urban,4,Minor Arterial,1,State Highway Agency,57,57,45.57722778,45.57722778,-122.6696111,-122.66961111,0,No Special Jurisdiction,12,Motor Vehicle In-Transport,2,Front-to-Front,0,No,1,Non-Junction,1,Not an Intersection,0,,1,On Roadway,4,Dawn,10,Cloudy,0,No Additional Atmospheric Conditions,10,Cloudy,0,No,0000000,Not Applicable,7,7:00am-7:59am,29,29,7,7:00am-7:59am,32,32,99,Unknown,99,Unknown EMS Hospital Arrival Time,0,,0,,0,,1,0
41,Oregon,410427,1,1,0,1,1,1,1,51,MULTNOMAH (51),1650,PORTLAND,27,27,12,December,2019,6,Friday,6,6:00am-6:59am,39,39,1,This section IS ON the NHS,6,Local Street - Municipality,NE HALSEY ST,,2,Urban,3,Principal Arterial - Other,4,City or Municipal Highway Agency,0,,45.53356667,45.53356667,-122.5365361,-122.53653611,0,No Special Jurisdiction,8,Pedestrian,0,The First Harmful Event was Not a Collision with a Motor Vehicle in Transport,0,No,1,Non-Junction,1,Not an Intersection,0,,1,On Roadway,3,Dark - Lighted,10,Cloudy,0,No Additional Atmospheric Conditions,10,Cloudy,0,No,0000000,Not Applicable,6,6:00am-6:59am,39,39,6,6:00am-6:59am,44,44,88,Not Applicable (Not Transported),88,Not Applicable (Not Transported),0,,0,,0,,1,0
41,Oregon,410428,1,1,0,1,1,1,1,11,COOS (11),0,NOT APPLICABLE,29,29,12,December,2019,1,Sunday,0,0:00am-0:59am,6,6,1,This section IS ON the NHS,2,U.S. Highway,US-101 ODOT 9,,2,Urban,3,Principal Arterial - Other,1,State Highway Agency,2407,2407,43.33949444,43.33949444,-124.1983639,-124.19836389,0,No Special Jurisdiction,8,Pedestrian,0,The First Harmful Event was Not a Collision with a Motor Vehicle in Transport,0,No,1,Non-Junction,1,Not an Intersection,0,,1,On Roadway,2,Dark - Not Lighted,2,Rain,0,No Additional Atmospheric Conditions,2,Rain,0,No,0000000,Not Applicable,0,0:00am-0:59am,6,6,0,0:00am-0:59am,14,14,88,Not Applicable (Not Transported),88,Not Applicable (Not Transported),0,,0,,0,,1,0
41,Oregon,410429,1,1,0,0,1,1,0,15,CURRY (15),0,NOT APPLICABLE,28,28,12,December,2019,7,Saturday,23,11:00pm-11:59pm,0,0,0,This section IS NOT on the NHS,3,State Highway,SR-255 ODOT 255,,1,Rural,4,Minor Arterial,1,State Highway Agency,3616,3616,42.08662778,42.08662778,-124.3063278,-124.30632778,0,No Special Jurisdiction,1,Rollover/Overturn,0,The First Harmful Event was Not a Collision with a Motor Vehicle in Transport,0,No,1,Non-Junction,1,Not an Intersection,0,,4,On Roadside,2,Dark - Not Lighted,98,Not Reported,0,No Additional Atmospheric Conditions,98,Not Reported,0,No,0000000,Not Applicable,99,Unknown,99,Unknown,99,Unknown EMS Scene Arrival Hour,99,Unknown EMS Scene Arrival Minutes,88,Not Applicable (Not Transported),88,Not Applicable (Not Transported),0,,0,,0,,1,0
41,Oregon,410430,1,1,0,0,1,1,0,57,TILLAMOOK (57),0,NOT APPLICABLE,29,29,12,December,2019,1,Sunday,16,4:00pm-4:59pm,31,31,1,This section IS ON the NHS,2,U.S. Highway,US-101 ODOT 9,,1,Rural,3,Principal Arterial - Other,1,State Highway Agency,798,798,45.27470556,45.27470556,-123.8328694,-123.83286944,0,No Special Jurisdiction,42,Tree (Standing Only),0,The First Harmful Event was Not a Collision with a Motor Vehicle in Transport,0,No,1,Non-Junction,1,Not an Intersection,0,,4,On Roadside,2,Dark - Not Lighted,10,Cloudy,2,Rain,2,Rain,0,No,0000000,Not Applicable,99,Unknown,99,Unknown,99,Unknown EMS Scene Arrival Hour,99,Unknown EMS Scene Arrival Minutes,88,Not Applicable (Not Transported),88,Not Applicable (Not Transported),0,,0,,0,,1,0
41,Oregon,410431,2,2,0,0,3,3,0,35,KLAMATH (35),0,NOT APPLICABLE,30,30,12,December,2019,2,Monday,15,3:00pm-3:59pm,49,49,1,This section IS ON the NHS,3,State Highway,SR-140 ODOT 270,,1,Rural,3,Principal Arterial - Other,1,State Highway Agency,337,337,42.38591389,42.38591389,-122.2419389,-122.24193889,0,No Special Jurisdiction,12,Motor Vehicle In-Transport,6,Angle,0,No,1,Non-Junction,1,Not an Intersection,0,,1,On Roadway,1,Daylight,1,Clear,0,No Additional Atmospheric Conditions,1,Clear,0,No,0000000,Not Applicable,15,3:00pm-3:59pm,50,50,16,4:00pm-4:59pm,10,10,88,Not Applicable (Not Transported),88,Not Applicable (Not Transported),0,,0,,0,,1,0
41,Oregon,410432,3,3,0,0,3,3,0,17,DESCHUTES (17),0,NOT APPLICABLE,31,31,12,December,2019,3,Tuesday,15,3:00pm-3:59pm,23,23,1,This section IS ON the NHS,2,U.S. Highway,US-97 ODOT 4,CR-NW PERSHALL WAY,2,Urban,3,Principal Arterial - Other,1,State Highway Agency,1185,1185,44.31273056,44.31273056,-121.171525,-121.171525,0,No Special Jurisdiction,12,Motor Vehicle In-Transport,6,Angle,0,No,2,Intersection,2,Four-Way Intersection,0,,1,On Roadway,1,Daylight,98,Not Reported,0,No Additional Atmospheric Conditions,98,Not Reported,0,No,0000000,Not Applicable,15,3:00pm-3:59pm,27,27,15,3:00pm-3:59pm,43,43,16,4:00pm-4:59pm,14,14,0,,0,,0,,1,0
41,Oregon,410433,2,2,0,0,2,2,0,45,MALHEUR (45),1570,ONTARIO,12,12,9,September,2019,5,Thursday,12,12:00pm-12:59pm,18,18,1,This section IS ON the NHS,3,State Highway,SR-201 ODOT 455,NW 4TH AVE,2,Urban,3,Principal Arterial - Other,1,State Highway Agency,272,272,44.03206667,44.03206667,-117.0029722,-117.00297222,0,No Special Jurisdiction,12,Motor Vehicle In-Transport,6,Angle,0,No,2,Intersection,2,Four-Way Intersection,0,,1,On Roadway,1,Daylight,1,Clear,0,No Additional Atmospheric Conditions,1,Clear,0,No,0000000,Not Applicable,12,12:00pm-12:59pm,16,16,12,12:00pm-12:59pm,20,20,88,Not Applicable (Not Transported),88,Not Applicable (Not Transported),0,,0,,0,,1,0
41,Oregon,410434,2,2,0,0,2,2,0,47,MARION (47),0,NOT APPLICABLE,9,9,10,October,2019,4,Wednesday,16,4:00pm-4:59pm,0,0,0,This section IS NOT on the NHS,4,County Road,CR-DELANEY RD,I-5 RAMP,2,Urban,4,Minor Arterial,2,County Highway Agency,34,34,44.84273889,44.84273889,-123.0051278,-123.00512778,0,No Special Jurisdiction,12,Motor Vehicle In-Transport,6,Angle,1,Yes,2,Intersection,2,Four-Way Intersection,0,,1,On Roadway,1,Daylight,1,Clear,0,No Additional Atmospheric Conditions,1,Clear,0,No,0000000,Not Applicable,16,4:00pm-4:59pm,52,52,17,5:00pm-5:59pm,0,0,17,5:00pm-5:59pm,20,20,0,,0,,0,,1,0
41,Oregon,410435,2,2,0,0,3,3,0,63,WALLOWA (63),0,NOT APPLICABLE,19,19,10,October,2019,7,Saturday,8,8:00am-8:59am,7,7,0,This section IS NOT on the NHS,3,State Highway,SR-3 ODOT 11,,1,Rural,4,Minor Arterial,1,State Highway Agency,162,162,45.80326111,45.80326111,-117.2627333,-117.26273333,0,No Special Jurisdiction,12,Motor Vehicle In-Transport,2,Front-to-Front,0,No,1,Non-Junction,1,Not an Intersection,0,,1,On Roadway,1,Daylight,4,Snow,0,No Additional Atmospheric Conditions,4,Snow,0,No,0000000,Not Applicable,8,8:00am-8:59am,7,7,8,8:00am-8:59am,54,54,99,Unknown,99,Unknown EMS Hospital Arrival Time,0,,0,,0,,1,0
41,Oregon,410436,3,3,0,0,3,3,0,47,MARION (47),1810,SALEM,21,21,10,October,2019,2,Monday,13,1:00pm-1:59pm,56,56,1,This section IS ON the NHS,3,State Highway,SR-22 ODOT 72,25TH ST SE,2,Urban,3,Principal Arterial - Other,1,State Highway Agency,75,75,44.92276667,44.92276667,-123.0107222,-123.01072222,0,No Special Jurisdiction,12,Motor Vehicle In-Transport,6,Angle,0,No,2,Intersection,2,Four-Way Intersection,0,,1,On Roadway,1,Daylight,10,Cloudy,0,No Additional Atmospheric Conditions,10,Cloudy,0,No,0000000,Not Applicable,13,1:00pm-1:59pm,56,56,13,1:00pm-1:59pm,56,56,88,Not Applicable (Not Transported),88,Not Applicable (Not Transported),0,,0,,0,,1,0
41,Oregon,410437,1,1,0,1,1,1,1,47,MARION (47),1810,SALEM,24,24,10,October,2019,5,Thursday,16,4:00pm-4:59pm,2,2,1,This section IS ON the NHS,3,State Highway,SR-99E ODOT 81,,2,Urban,3,Principal Arterial - Other,1,State Highway Agency,457,457,44.98865556,44.98865556,-122.98875,-122.98875,0,No Special Jurisdiction,9,Pedalcyclist,0,The First Harmful Event was Not a Collision with a Motor Vehicle in Transport,0,No,1,Non-Junction,1,Not an Intersection,0,,1,On Roadway,1,Daylight,1,Clear,0,No Additional Atmospheric Conditions,1,Clear,0,No,0000000,Not Applicable,16,4:00pm-4:59pm,2,2,16,4:00pm-4:59pm,9,9,99,Unknown,99,Unknown EMS Hospital Arrival Time,0,,0,,0,,1,0
41,Oregon,410438,1,1,0,1,1,1,1,39,LANE (39),0,NOT APPLICABLE,25,25,10,October,2019,6,Friday,22,10:00pm-10:59pm,43,43,0,This section IS NOT on the NHS,3,State Highway,SR-99 ODOT 91,,2,Urban,4,Minor Arterial,1,State Highway Agency,1110,1110,44.19853889,44.19853889,-123.2029917,-123.20299167,0,No Special Jurisdiction,8,Pedestrian,0,The First Harmful Event was Not a Collision with a Motor Vehicle in Transport,0,No,1,Non-Junction,1,Not an Intersection,0,,1,On Roadway,2,Dark - Not Lighted,1,Clear,0,No Additional Atmospheric Conditions,1,Clear,0,No,0000000,Not Applicable,22,10:00pm-10:59pm,43,43,22,10:00pm-10:59pm,47,47,99,Unknown,99,Unknown EMS Hospital Arrival Time,0,,0,,0,,1,0
41,Oregon,410439,1,1,0,0,1,1,0,39,LANE (39),0,NOT APPLICABLE,26,26,10,October,2019,7,Saturday,99,Unknown Hours,99,Unknown Minutes,1,This section IS ON the NHS,3,State Highway,SR-126 ODOT 62,,1,Rural,3,Principal Arterial - Other,1,State Highway Agency,351,351,44.03809722,44.03809722,-123.5502083,-123.55020833,0,No Special Jurisdiction,42,Tree (Standing Only),0,The First Harmful Event was Not a Collision with a Motor Vehicle in Transport,0,No,1,Non-Junction,1,Not an Intersection,0,,4,On Roadside,1,Daylight,98,Not Reported,0,No Additional Atmospheric Conditions,98,Not Reported,0,No,0000000,Not Applicable,10,10:00am-10:59am,12,12,10,10:00am-10:59am,20,20,88,Not Applicable (Not Transported),88,Not Applicable (Not Transported),0,,0,,0,,1,1
41,Oregon,410440,1,1,0,1,1,1,1,9,COLUMBIA (9),1790,SAINT HELENS,29,29,10,October,2019,3,Tuesday,9,9:00am-9:59am,59,59,0,This section IS NOT on the NHS,6,Local Street - Municipality,SYKES RD,,2,Urban,5,Major Collector,4,City or Municipal Highway Agency,0,,45.85112778,45.85112778,-122.8299083,-122.82990833,0,No Special Jurisdiction,8,Pedestrian,0,The First Harmful Event was Not a Collision with a Motor Vehicle in Transport,0,No,1,Non-Junction,1,Not an Intersection,0,,1,On Roadway,1,Daylight,1,Clear,0,No Additional Atmospheric Conditions,1,Clear,0,No,0000000,Not Applicable,9,9:00am-9:59am,59,59,10,10:00am-10:59am,3,3,10,10:00am-10:59am,34,34,0,,0,,0,,1,0
41,Oregon,410441,1,1,0,0,1,1,0,29,JACKSON (29),0,NOT APPLICABLE,26,26,10,October,2019,7,Saturday,15,3:00pm-3:59pm,27,27,0,This section IS NOT on the NHS,4,County Road,CR-BIGHAM-BROWN RD,,2,Urban,5,Major Collector,2,County Highway Agency,0,,42.42756389,42.42756389,-122.8021278,-122.80212778,0,No Special Jurisdiction,31,"Post, Pole or Other Supports",0,The First Harmful Event was Not a Collision with a Motor Vehicle in Transport,0,No,1,Non-Junction,1,Not an Intersection,0,,4,On Roadside,1,Daylight,1,Clear,0,No Additional Atmospheric Conditions,1,Clear,0,No,0000000,Not Applicable,15,3:00pm-3:59pm,35,35,99,Unknown EMS Scene Arrival Hour,99,Unknown EMS Scene Arrival Minutes,88,Not Applicable (Not Transported),88,Not Applicable (Not Transported),0,,0,,0,,1,1
41,Oregon,410442,2,2,0,0,5,5,0,71,YAMHILL (71),0,NOT APPLICABLE,30,30,10,October,2019,4,Wednesday,19,7:00pm-7:59pm,30,30,1,This section IS ON the NHS,3,State Highway,SR-18 ODOT 39,,1,Rural,3,Principal Arterial - Other,1,State Highway Agency,347,347,45.09860833,45.09860833,-123.3520417,-123.35204167,0,No Special Jurisdiction,12,Motor Vehicle In-Transport,6,Angle,0,No,8,Driveway Access Related,1,Not an Intersection,0,,1,On Roadway,2,Dark - Not Lighted,1,Clear,0,No Additional Atmospheric Conditions,1,Clear,0,No,0000000,Not Applicable,19,7:00pm-7:59pm,32,32,19,7:00pm-7:59pm,40,40,99,Unknown,99,Unknown EMS Hospital Arrival Time,0,,0,,0,,2,0
41,Oregon,410443,1,1,0,0,1,1,0,39,LANE (39),0,NOT APPLICABLE,1,1,8,August,2019,5,Thursday,13,1:00pm-1:59pm,24,24,1,This section IS ON the NHS,3,State Highway,SR-126 ODOT 62,,1,Rural,3,Principal Arterial - Other,1,State Highway Agency,515,515,99.9999,Reported as Unknown,999.9999,Reported as Unknown,0,No Special Jurisdiction,1,Rollover/Overturn,0,The First Harmful Event was Not a Collision with a Motor Vehicle in Transport,0,No,1,Non-Junction,1,Not an Intersection,0,,4,On Roadside,1,Daylight,98,Not Reported,0,No Additional Atmospheric Conditions,98,Not Reported,0,No,0000000,Not Applicable,99,Unknown,99,Unknown,99,Unknown EMS Scene Arrival Hour,99,Unknown EMS Scene Arrival Minutes,99,Unknown,99,Unknown EMS Hospital Arrival Time,0,,0,,0,,1,0
41,Oregon,410444,1,1,0,0,2,2,0,43,LINN (43),0,NOT APPLICABLE,21,21,8,August,2019,4,Wednesday,11,11:00am-11:59am,5,5,0,This section IS NOT on the NHS,4,County Road,CR-PEORIA RD,,1,Rural,5,Major Collector,2,County Highway Agency,0,,44.34474444,44.34474444,-123.1922278,-123.19222778,0,No Special Jurisdiction,1,Rollover/Overturn,0,The First Harmful Event was Not a Collision with a Motor Vehicle in Transport,0,No,1,Non-Junction,1,Not an Intersection,0,,1,On Roadway,1,Daylight,98,Not Reported,0,No Additional Atmospheric Conditions,98,Not Reported,0,No,0000000,Not Applicable,99,Unknown,99,Unknown,99,Unknown EMS Scene Arrival Hour,99,Unknown EMS Scene Arrival Minutes,99,Unknown,99,Unknown EMS Hospital Arrival Time,0,,0,,0,,1,0
41,Oregon,410446,1,1,0,0,2,2,0,59,UMATILLA (59),0,NOT APPLICABLE,3,3,9,September,2019,3,Tuesday,21,9:00pm-9:59pm,30,30,0,This section IS NOT on the NHS,4,County Road,CR-STRAUGHN RD,,1,Rural,7,Local,2,County Highway Agency,3,3,45.62193333,45.62193333,-118.8341667,-118.83416667,0,No Special Jurisdiction,34,Ditch,0,The First Harmful Event was Not a Collision with a Motor Vehicle in Transport,0,No,1,Non-Junction,1,Not an Intersection,0,,4,On Roadside,2,Dark - Not Lighted,1,Clear,0,No Additional Atmospheric Conditions,1,Clear,0,No,0000000,Not Applicable,99,Unknown,99,Unknown,99,Unknown EMS Scene Arrival Hour,99,Unknown EMS Scene Arrival Minutes,99,Unknown,99,Unknown EMS Hospital Arrival Time,0,,0,,0,,1,0
41,Oregon,410448,2,2,0,0,2,2,0,11,COOS (11),1510,NORTH BEND,18,18,10,October,2019,6,Friday,19,7:00pm-7:59pm,18,18,1,This section IS ON the NHS,2,U.S. Highway,US-101 ODOT 9,NEWMARK ST,2,Urban,3,Principal Arterial - Other,1,State Highway Agency,2364,2364,43.3915,43.3915,-124.2201139,-124.22011389,0,No Special Jurisdiction,12,Motor Vehicle In-Transport,2,Front-to-Front,0,No,2,Intersection,3,T-Intersection,0,,1,On Roadway,3,Dark - Lighted,2,Rain,0,No Additional Atmospheric Conditions,2,Rain,0,No,0000000,Not Applicable,99,Unknown,99,Unknown,99,Unknown EMS Scene Arrival Hour,99,Unknown EMS Scene Arrival Minutes,99,Unknown,99,Unknown EMS Hospital Arrival Time,0,,0,,0,,1,0
41,Oregon,410449,1,1,0,1,1,1,1,5,CLACKAMAS (5),1580,OREGON CITY,18,18,10,October,2019,6,Friday,6,6:00am-6:59am,31,31,0,This section IS NOT on the NHS,6,Local Street - Municipality,MOLALL AVE,,2,Urban,4,Minor Arterial,4,City or Municipal Highway Agency,0,,45.33237778,45.33237778,-122.5872444,-122.58724444,0,No Special Jurisdiction,8,Pedestrian,0,The First Harmful Event was Not a Collision with a Motor Vehicle in Transport,0,No,1,Non-Junction,1,Not an Intersection,0,,1,On Roadway,6,Dark - Unknown Lighting,98,Not Reported,0,No Additional Atmospheric Conditions,98,Not Reported,0,No,0000000,Not Applicable,99,Unknown,99,Unknown,99,Unknown EMS Scene Arrival Hour,99,Unknown EMS Scene Arrival Minutes,99,Unknown,99,Unknown EMS Hospital Arrival Time,0,,0,,0,,1,0
41,Oregon,410450,1,1,0,1,1,1,1,35,KLAMATH (35),0,NOT APPLICABLE,14,14,11,November,2019,5,Thursday,19,7:00pm-7:59pm,10,10,0,This section IS NOT on the NHS,3,State Highway,SR-39 ODOT 20,,2,Urban,4,Minor Arterial,1,State Highway Agency,32,32,42.206425,42.206425,-121.7376222,-121.73762222,0,No Special Jurisdiction,8,Pedestrian,0,The First Harmful Event was Not a Collision with a Motor Vehicle in Transport,0,No,1,Non-Junction,1,Not an Intersection,0,,1,On Roadway,2,Dark - Not Lighted,98,Not Reported,0,No Additional Atmospheric Conditions,98,Not Reported,0,No,0000000,Not Applicable,99,Unknown,99,Unknown,99,Unknown EMS Scene Arrival Hour,99,Unknown EMS Scene Arrival Minutes,99,Unknown,99,Unknown EMS Hospital Arrival Time,0,,0,,0,,1,0
41,Oregon,410451,2,2,0,0,2,2,0,17,DESCHUTES (17),0,NOT APPLICABLE,5,5,11,November,2019,3,Tuesday,11,11:00am-11:59am,49,49,1,This section IS ON the NHS,2,U.S. Highway,US-97 ODOT 4,SW 61ST ST,1,Rural,3,Principal Arterial - Other,1,State Highway Agency,1285,1285,44.180575,44.180575,-121.2445194,-121.24451944,0,No Special Jurisdiction,12,Motor Vehicle In-Transport,6,Angle,0,No,2,Intersection,3,T-Intersection,0,,1,On Roadway,1,Daylight,1,Clear,0,No Additional Atmospheric Conditions,1,Clear,0,No,0000000,Not Applicable,11,11:00am-11:59am,45,45,11,11:00am-11:59am,52,52,12,12:00pm-12:59pm,22,22,0,,0,,0,,1,0
41,Oregon,410452,2,2,0,0,2,2,0,29,JACKSON (29),0,NOT APPLICABLE,6,6,11,November,2019,4,Wednesday,17,5:00pm-5:59pm,20,20,0,This section IS NOT on the NHS,4,County Road,CR-OLD STAGE RD,,2,Urban,5,Major Collector,2,County Highway Agency,61,61,42.38608889,42.38608889,-122.9758806,-122.97588056,0,No Special Jurisdiction,12,Motor Vehicle In-Transport,1,Front-to-Rear,0,No,1,Non-Junction,1,Not an Intersection,0,,1,On Roadway,2,Dark - Not Lighted,1,Clear,0,No Additional Atmospheric Conditions,1,Clear,0,No,0000000,Not Applicable,17,5:00pm-5:59pm,22,22,17,5:00pm-5:59pm,30,30,99,Unknown,99,Unknown EMS Hospital Arrival Time,0,,0,,0,,1,1
41,Oregon,410453,2,2,0,0,4,4,0,67,WASHINGTON (67),0,NOT APPLICABLE,7,7,11,November,2019,5,Thursday,14,2:00pm-2:59pm,10,10,1,This section IS ON the NHS,3,State Highway,SR-8 ODOT 29,NW 334TH AVE,2,Urban,3,Principal Arterial - Other,1,State Highway Agency,147,147,45.51995278,45.51995278,-123.0206389,-123.02063889,0,No Special Jurisdiction,12,Motor Vehicle In-Transport,6,Angle,0,No,2,Intersection,3,T-Intersection,0,,1,On Roadway,1,Daylight,1,Clear,0,No Additional Atmospheric Conditions,1,Clear,0,No,0000000,Not Applicable,14,2:00pm-2:59pm,9,9,14,2:00pm-2:59pm,11,11,14,2:00pm-2:59pm,15,15,0,,0,,0,,1,0
41,Oregon,410454,1,1,0,0,1,1,0,35,KLAMATH (35),0,NOT APPLICABLE,9,9,11,November,2019,7,Saturday,22,10:00pm-10:59pm,48,48,1,This section IS ON the NHS,2,U.S. Highway,US-97 ODOT 4,,1,Rural,3,Principal Arterial - Other,1,State Highway Agency,2812,2812,42.14141389,42.14141389,-121.8122583,-121.81225833,0,No Special Jurisdiction,1,Rollover/Overturn,0,The First Harmful Event was Not a Collision with a Motor Vehicle in Transport,0,No,1,Non-Junction,1,Not an Intersection,0,,4,On Roadside,2,Dark - Not Lighted,1,Clear,0,No Additional Atmospheric Conditions,1,Clear,0,No,0000000,Not Applicable,22,10:00pm-10:59pm,48,48,23,11:00pm-11:59pm,1,1,88,Not Applicable (Not Transported),88,Not Applicable (Not Transported),0,,0,,0,,1,1
41,Oregon,410455,2,2,0,0,2,2,0,67,WASHINGTON (67),0,NOT APPLICABLE,11,11,11,November,2019,2,Monday,19,7:00pm-7:59pm,20,20,0,This section IS NOT on the NHS,4,County Road,CR-SW ROY ROGERS RD,,2,Urban,4,Minor Arterial,2,County Highway Agency,0,,45.38870556,45.38870556,-122.8518611,-122.85186111,0,No Special Jurisdiction,12,Motor Vehicle In-Transport,2,Front-to-Front,0,No,1,Non-Junction,1,Not an Intersection,0,,1,On Roadway,2,Dark - Not Lighted,10,Cloudy,0,No Additional Atmospheric Conditions,10,Cloudy,0,No,0000000,Not Applicable,19,7:00pm-7:59pm,29,29,20,8:00pm-8:59pm,4,4,20,8:00pm-8:59pm,44,44,0,,0,,0,,1,0
41,Oregon,410456,1,1,0,0,1,1,0,25,HARNEY (25),0,NOT APPLICABLE,13,13,11,November,2019,4,Wednesday,13,1:00pm-1:59pm,47,47,1,This section IS ON the NHS,2,U.S. Highway,US-20 ODOT 7,,1,Rural,3,Principal Arterial - Other,1,State Highway Agency,842,842,43.56064444,43.56064444,-119.8803278,-119.88032778,0,No Special Jurisdiction,42,Tree (Standing Only),0,The First Harmful Event was Not a Collision with a Motor Vehicle in Transport,0,No,1,Non-Junction,1,Not an Intersection,0,,4,On Roadside,1,Daylight,1,Clear,0,No Additional Atmospheric Conditions,1,Clear,0,No,0000000,Not Applicable,13,1:00pm-1:59pm,47,47,99,Unknown EMS Scene Arrival Hour,97,Officially Cancelled,99,Unknown,97,Officially Canceled,0,,0,,0,,1,0
41,Oregon,410457,2,2,0,0,5,5,0,71,YAMHILL (71),0,NOT APPLICABLE,18,18,11,November,2019,2,Monday,11,11:00am-11:59am,50,50,0,This section IS NOT on the NHS,3,State Highway,SR-221 ODOT 150,,1,Rural,4,Minor Arterial,1,State Highway Agency,104,104,45.08005833,45.08005833,-123.0686,-123.0686,0,No Special Jurisdiction,12,Motor Vehicle In-Transport,2,Front-to-Front,0,No,1,Non-Junction,1,Not an Intersection,0,,1,On Roadway,1,Daylight,10,Cloudy,0,No Additional Atmospheric Conditions,10,Cloudy,0,No,0000000,Not Applicable,11,11:00am-11:59am,50,50,11,11:00am-11:59am,59,59,99,Unknown,99,Unknown EMS Hospital Arrival Time,0,,0,,0,,3,1
41,Oregon,410458,1,1,0,1,1,1,1,51,MULTNOMAH (51),1650,PORTLAND,18,18,11,November,2019,2,Monday,23,11:00pm-11:59pm,3,3,0,This section IS NOT on the NHS,6,Local Street - Municipality,E BURNSIDE ST,SE 22ND AVE,2,Urban,4,Minor Arterial,4,City or Municipal Highway Agency,0,,45.52288056,45.52288056,-122.6434417,-122.64344167,0,No Special Jurisdiction,8,Pedestrian,0,The First Harmful Event was Not a Collision with a Motor Vehicle in Transport,0,No,3,Intersection-Related,2,Four-Way Intersection,0,,1,On Roadway,3,Dark - Lighted,10,Cloudy,0,No Additional Atmospheric Conditions,10,Cloudy,0,No,0000000,Not Applicable,23,11:00pm-11:59pm,9,9,23,11:00pm-11:59pm,16,16,88,Not Applicable (Not Transported),88,Not Applicable (Not Transported),0,,0,,0,,1,0
41,Oregon,410460,2,2,0,0,3,3,0,5,CLACKAMAS (5),1380,MOLALLA,23,23,11,November,2019,7,Saturday,17,5:00pm-5:59pm,23,23,0,This section IS NOT on the NHS,3,State Highway,SR-211 ODOT 161,,1,Rural,4,Minor Arterial,1,State Highway Agency,147,147,45.15869444,45.15869444,-122.5474694,-122.54746944,0,No Special Jurisdiction,12,Motor Vehicle In-Transport,2,Front-to-Front,0,No,1,Non-Junction,1,Not an Intersection,0,,1,On Roadway,2,Dark - Not Lighted,1,Clear,0,No Additional Atmospheric Conditions,1,Clear,0,No,0000000,Not Applicable,17,5:00pm-5:59pm,27,27,99,Unknown EMS Scene Arrival Hour,99,Unknown EMS Scene Arrival Minutes,99,Unknown,99,Unknown EMS Hospital Arrival Time,0,,0,,0,,2,1
41,Oregon,410461,1,1,0,0,1,1,0,47,MARION (47),0,NOT APPLICABLE,25,25,11,November,2019,2,Monday,11,11:00am-11:59am,28,28,0,This section IS NOT on the NHS,4,County Road,CR-SUNNYVIEW RD NE,,1,Rural,5,Major Collector,2,County Highway Agency,29,29,44.95631667,44.95631667,-122.9202167,-122.92021667,0,No Special Jurisdiction,34,Ditch,0,The First Harmful Event was Not a Collision with a Motor Vehicle in Transport,0,No,1,Non-Junction,1,Not an Intersection,0,,4,On Roadside,1,Daylight,10,Cloudy,0,No Additional Atmospheric Conditions,10,Cloudy,0,No,0000000,Not Applicable,11,11:00am-11:59am,28,28,11,11:00am-11:59am,38,38,88,Not Applicable (Not Transported),88,Not Applicable (Not Transported),0,,0,,0,,1,0
41,Oregon,410462,2,2,0,0,2,2,0,47,MARION (47),0,NOT APPLICABLE,29,29,11,November,2019,6,Friday,18,6:00pm-6:59pm,34,34,0,This section IS NOT on the NHS,4,County Road,CR-LAKESIDE DR NE,,1,Rural,7,Local,2,County Highway Agency,5,5,45.0123,45.0123,-122.9652944,-122.96529444,0,No Special Jurisdiction,12,Motor Vehicle In-Transport,1,Front-to-Rear,0,No,1,Non-Junction,1,Not an Intersection,0,,1,On Roadway,2,Dark - Not Lighted,1,Clear,0,No Additional Atmospheric Conditions,1,Clear,0,No,0000000,Not Applicable,18,6:00pm-6:59pm,34,34,18,6:00pm-6:59pm,42,42,88,Not Applicable (Not Transported),88,Not Applicable (Not Transported),0,,0,,0,,1,1
41,Oregon,410463,1,1,0,1,1,1,1,39,LANE (39),0,NOT APPLICABLE,25,25,12,December,2019,4,Wednesday,4,4:00am-4:59am,29,29,1,This section IS ON the NHS,3,State Highway,SR-126 ODOT 62,,1,Rural,3,Principal Arterial - Other,1,State Highway Agency,516,516,44.05260278,44.05260278,-123.2552111,-123.25521111,0,No Special Jurisdiction,9,Pedalcyclist,0,The First Harmful Event was Not a Collision with a Motor Vehicle in Transport,0,No,1,Non-Junction,1,Not an Intersection,0,,1,On Roadway,2,Dark - Not Lighted,1,Clear,0,No Additional Atmospheric Conditions,1,Clear,0,No,0000000,Not Applicable,4,4:00am-4:59am,34,34,4,4:00am-4:59am,46,46,88,Not Applicable (Not Transported),88,Not Applicable (Not Transported),0,,0,,0,,1,0
41,Oregon,410464,3,1,2,0,1,1,0,47,MARION (47),0,NOT APPLICABLE,4,4,12,December,2019,4,Wednesday,13,1:00pm-1:59pm,29,29,1,This section IS ON the NHS,4,County Road,CR-DELANEY RD SE,,1,Rural,4,Minor Arterial,2,County Highway Agency,2483,2483,44.84276667,44.84276667,-123.0102611,-123.01026111,0,No Special Jurisdiction,38,Fence,0,The First Harmful Event was Not a Collision with a Motor Vehicle in Transport,0,No,1,Non-Junction,1,Not an Intersection,0,,5,Outside Trafficway,1,Daylight,1,Clear,0,No Additional Atmospheric Conditions,1,Clear,0,No,0000000,Not Applicable,13,1:00pm-1:59pm,30,30,13,1:00pm-1:59pm,36,36,13,1:00pm-1:59pm,50,50,0,,0,,0,,1,0
41,Oregon,410465,2,2,0,0,6,6,0,19,DOUGLAS (19),0,NOT APPLICABLE,22,22,6,June,2019,7,Saturday,18,6:00pm-6:59pm,5,5,0,This section IS NOT on the NHS,3,State Highway,SR-138 ODOT 138,CR-FORRESTWOOD LN,1,Rural,4,Minor Arterial,1,State Highway Agency,197,197,43.32276667,43.32276667,-123.04765,-123.04765,0,No Special Jurisdiction,12,Motor Vehicle In-Transport,2,Front-to-Front,0,No,2,Intersection,3,T-Intersection,0,,1,On Roadway,1,Daylight,1,Clear,0,No Additional Atmospheric Conditions,1,Clear,0,No,0000000,Not Applicable,99,Unknown,99,Unknown,99,Unknown EMS Scene Arrival Hour,99,Unknown EMS Scene Arrival Minutes,99,Unknown,99,Unknown EMS Hospital Arrival Time,0,,0,,0,,1,0
41,Oregon,410466,1,1,0,0,1,1,0,19,DOUGLAS (19),0,NOT APPLICABLE,1,1,11,November,2019,6,Friday,12,12:00pm-12:59pm,6,6,0,This section IS NOT on the NHS,8,Other,BLM 32-4-6,,1,Rural,7,Local,68,Bureau of Land Management,20,20,42.83179722,42.83179722,-123.214375,-123.214375,0,No Special Jurisdiction,42,Tree (Standing Only),0,The First Harmful Event was Not a Collision with a Motor Vehicle in Transport,0,No,1,Non-Junction,1,Not an Intersection,0,,4,On Roadside,1,Daylight,1,Clear,0,No Additional Atmospheric Conditions,1,Clear,0,No,0000000,Not Applicable,12,12:00pm-12:59pm,6,6,12,12:00pm-12:59pm,29,29,88,Not Applicable (Not Transported),88,Not Applicable (Not Transported),0,,0,,0,,1,0
41,Oregon,410467,1,1,0,0,1,1,0,19,DOUGLAS (19),0,NOT APPLICABLE,9,9,11,November,2019,7,Saturday,14,2:00pm-2:59pm,45,45,1,This section IS ON the NHS,3,State Highway,SR-38 ODOT 45,,1,Rural,3,Principal Arterial - Other,1,State Highway Agency,247,247,43.66536667,43.66536667,-123.7000389,-123.70003889,0,No Special Jurisdiction,42,Tree (Standing Only),0,The First Harmful Event was Not a Collision with a Motor Vehicle in Transport,0,No,1,Non-Junction,1,Not an Intersection,0,,4,On Roadside,1,Daylight,1,Clear,0,No Additional Atmospheric Conditions,1,Clear,0,No,0000000,Not Applicable,14,2:00pm-2:59pm,45,45,15,3:00pm-3:59pm,0,0,88,Not Applicable (Not Transported),88,Not Applicable (Not Transported),0,,0,,0,,1,0
41,Oregon,410468,2,2,0,0,2,2,0,9,COLUMBIA (9),0,NOT APPLICABLE,19,19,12,December,2019,5,Thursday,6,6:00am-6:59am,37,37,1,This section IS ON the NHS,2,U.S. Highway,US-30 ODOT 92,,1,Rural,3,Principal Arterial - Other,1,State Highway Agency,501,501,46.09551944,46.09551944,-122.9687444,-122.96874444,0,No Special Jurisdiction,12,Motor Vehicle In-Transport,2,Front-to-Front,0,No,1,Non-Junction,1,Not an Intersection,0,,1,On Roadway,2,Dark - Not Lighted,2,Rain,0,No Additional Atmospheric Conditions,2,Rain,0,No,0000000,Not Applicable,6,6:00am-6:59am,38,38,6,6:00am-6:59am,50,50,99,Unknown,99,Unknown EMS Hospital Arrival Time,0,,0,,0,,1,0
41,Oregon,410469,2,2,0,0,4,4,0,29,JACKSON (29),0,NOT APPLICABLE,5,5,11,November,2019,3,Tuesday,13,1:00pm-1:59pm,45,45,1,This section IS ON the NHS,3,State Highway,SR-140 ODOT 270,CR-KERSHAW RD,2,Urban,3,Principal Arterial - Other,1,State Highway Agency,22,22,42.42376667,42.42376667,-122.8070028,-122.80700278,0,No Special Jurisdiction,12,Motor Vehicle In-Transport,6,Angle,0,No,2,Intersection,2,Four-Way Intersection,0,,1,On Roadway,1,Daylight,10,Cloudy,0,No Additional Atmospheric Conditions,10,Cloudy,0,No,0000000,Not Applicable,13,1:00pm-1:59pm,52,52,14,2:00pm-2:59pm,0,0,99,Unknown,99,Unknown EMS Hospital Arrival Time,0,,0,,0,,1,1
41,Oregon,410470,1,1,0,0,2,2,0,17,DESCHUTES (17),0,NOT APPLICABLE,8,8,12,December,2019,1,Sunday,8,8:00am-8:59am,45,45,1,This section IS ON the NHS,2,U.S. Highway,US-97 ODOT 4,,1,Rural,3,Principal Arterial - Other,1,State Highway Agency,1510,1510,43.88583611,43.88583611,-121.3853528,-121.38535278,0,No Special Jurisdiction,42,Tree (Standing Only),0,The First Harmful Event was Not a Collision with a Motor Vehicle in Transport,0,No,1,Non-Junction,1,Not an Intersection,0,,4,On Roadside,1,Daylight,1,Clear,0,No Additional Atmospheric Conditions,1,Clear,0,No,0000000,Not Applicable,99,Unknown,99,Unknown,99,Unknown EMS Scene Arrival Hour,99,Unknown EMS Scene Arrival Minutes,99,Unknown,99,Unknown EMS Hospital Arrival Time,0,,0,,0,,1,1
41,Oregon,410471,1,1,0,0,1,1,0,31,JEFFERSON (31),2175,WARM SPRINGS,30,30,11,November,2019,7,Saturday,11,11:00am-11:59am,41,41,0,This section IS NOT on the NHS,6,Local Street - Municipality,NW TENINO RD,,1,Rural,7,Local,4,City or Municipal Highway Agency,0,,44.75904444,44.75904444,-121.2721444,-121.27214444,0,No Special Jurisdiction,42,Tree (Standing Only),0,The First Harmful Event was Not a Collision with a Motor Vehicle in Transport,0,No,1,Non-Junction,1,Not an Intersection,0,,4,On Roadside,1,Daylight,98,Not Reported,0,No Additional Atmospheric Conditions,98,Not Reported,0,No,0000000,Not Applicable,99,Unknown,99,Unknown,99,Unknown EMS Scene Arrival Hour,99,Unknown EMS Scene Arrival Minutes,88,Not Applicable (Not Transported),88,Not Applicable (Not Transported),0,,0,,0,,1,0
41,Oregon,410472,1,1,0,0,2,2,0,51,MULTNOMAH (51),880,GRESHAM,23,23,12,December,2019,2,Monday,21,9:00pm-9:59pm,25,25,1,This section IS ON the NHS,6,Local Street - Municipality,SE 181ST AVE,SE YAMHILL ST,2,Urban,3,Principal Arterial - Other,4,City or Municipal Highway Agency,0,,45.51552778,45.51552778,-122.4758778,-122.47587778,0,No Special Jurisdiction,1,Rollover/Overturn,0,The First Harmful Event was Not a Collision with a Motor Vehicle in Transport,0,No,3,Intersection-Related,2,Four-Way Intersection,0,,5,Outside Trafficway,6,Dark - Unknown Lighting,98,Not Reported,0,No Additional Atmospheric Conditions,98,Not Reported,0,No,0000000,Not Applicable,99,Unknown,99,Unknown,99,Unknown EMS Scene Arrival Hour,99,Unknown EMS Scene Arrival Minutes,99,Unknown,99,Unknown EMS Hospital Arrival Time,0,,0,,0,,1,0
41,Oregon,410473,1,1,0,1,1,1,1,51,MULTNOMAH (51),880,GRESHAM,28,28,12,December,2019,7,Saturday,17,5:00pm-5:59pm,36,36,1,This section IS ON the NHS,6,Local Street - Municipality,SE 181ST ST,,2,Urban,3,Principal Arterial - Other,4,City or Municipal Highway Agency,0,,45.520625,45.520625,-122.477125,-122.477125,0,No Special Jurisdiction,8,Pedestrian,0,The First Harmful Event was Not a Collision with a Motor Vehicle in Transport,0,No,1,Non-Junction,1,Not an Intersection,0,,1,On Roadway,6,Dark - Unknown Lighting,98,Not Reported,0,No Additional Atmospheric Conditions,98,Not Reported,0,No,0000000,Not Applicable,99,Unknown,99,Unknown,99,Unknown EMS Scene Arrival Hour,99,Unknown EMS Scene Arrival Minutes,99,Unknown,99,Unknown EMS Hospital Arrival Time,0,,0,,0,,1,0
