STATE,STATENAME,ST_CASE,PEDS,PERNOTMVIT,VE_TOTAL,VE_FORMS,PVH_INVL,PERSONS,PERMVIT,COUNTY,COUNTYNAME,CITY,CITYNAME,MONTH,MONTHNAME,DAY,DAYNAME,DAY_WEEK,DAY_WEEKNAME,YEAR,HOUR,HOURNAME,MINUTE,MINUTENAME,TWAY_ID,TWAY_ID2,ROUTE,ROUTENAME,RUR_URB,RUR_URBNAME,FUNC_SYS,FUNC_SYSNAME,RD_OWNER,RD_OWNERNAME,NHS,NHSNAME,SP_JUR,SP_JURNAME,MILEPT,MILEPTNAME,LATITUDE,LATITUDENAME,LONGITUD,LONGITUDNAME,HARM_EV,HARM_EVNAME,MAN_COLL,MAN_COLLNAME,RELJCT1,RELJCT1NAME,RELJCT2,RELJCT2NAME,TYP_INT,TYP_INTNAME,REL_ROAD,REL_ROADNAME,WRK_ZONE,WRK_ZONENAME,LGT_COND,LGT_CONDNAME,WEATHER,WEATHERNAME,SCH_BUS,SCH_BUSNAME,RAIL,RAILNAME,NOT_HOUR,NOT_HOURNAME,NOT_MIN,NOT_MINNAME,ARR_HOUR,ARR_HOURNAME,ARR_MIN,ARR_MINNAME,HOSP_HR,HOSP_HRNAME,HOSP_MN,HOSP_MNNAME,FATALS
41,Oregon,410001,0,0,2,2,0,3,3,15,CURRY (15),0,NOT APPLICABLE,1,January,1,1,2,Monday,2024,9,9:00am-9:59am,38,38,US-101 ODOT 9,,2,U.S. Highway,1,Rural,3,Other Principal Arterial,1,State Highway Agency,1,This Section IS ON the NHS,0,No Special Jurisdiction,2912,2912,42.87908056,42.87908056,-124.46785278,-124.46785278,12,Motor Vehicle In-Transport,2,Front-to-Front,0,No,1,Non-Junction,1,Not an Intersection,1,On Roadway,0,,1,Daylight,10,Cloudy,0,No,0000000,Not Applicable,9,9:00am-9:59am,38,38,9,9:00am-9:59am,42,42,99,Unknown,99,Unknown EMS Hospital Arrival Time,1
41,Oregon,410002,0,0,2,2,0,3,3,51,MULTNOMAH (51),1650,PORTLAND,1,January,1,1,2,Monday,2024,22,10:00pm-10:59pm,22,22,SR-213 SE 82ND AVE,SE WOODSTOCK BLVD,3,State Highway,2,Urban,3,Other Principal Arterial,4,City or Municipal Highway Agency,1,This Section IS ON the NHS,0,No Special Jurisdiction,0,,45.47935833,45.47935833,-122.57897222,-122.57897222,12,Motor Vehicle In-Transport,1,Front-to-Rear,0,No,3,Intersection-Related,2,Four-Way Intersection,1,On Roadway,0,,3,Dark - Lighted,1,Clear,0,No,0000000,Not Applicable,22,10:00pm-10:59pm,23,23,22,10:00pm-10:59pm,35,35,99,Unknown,99,Unknown EMS Hospital Arrival Time,1
41,Oregon,410003,0,0,1,1,0,2,2,65,WASCO (65),0,NOT APPLICABLE,1,January,2,2,3,Tuesday,2024,18,6:00pm-6:59pm,0,0,US-97 ODOT 4,,2,U.S. Highway,1,Rural,3,Other Principal Arterial,1,State Highway Agency,1,This Section IS ON the NHS,0,No Special Jurisdiction,732,732,44.83708889,44.83708889,-120.93053056,-120.93053056,59,Traffic Sign Support,0,The First Harmful Event was Not a Collision with a Motor Vehicle in Transport,0,No,1,Non-Junction,1,Not an Intersection,4,On Roadside,0,,2,Dark - Not Lighted,10,Cloudy,0,No,0000000,Not Applicable,18,6:00pm-6:59pm,19,19,18,6:00pm-6:59pm,39,39,19,7:00pm-7:59pm,38,38,2
41,Oregon,410004,0,0,9,9,0,12,12,29,JACKSON (29),0,NOT APPLICABLE,1,January,3,3,4,Wednesday,2024,17,5:00pm-5:59pm,28,28,I-5,,1,Interstate,2,Urban,1,Interstate,1,State Highway Agency,1,This Section IS ON the NHS,0,No Special Jurisdiction,352,352,42.40414167,42.40414167,-122.93884444,-122.93884444,57,Cable Barrier,0,The First Harmful Event was Not a Collision with a Motor Vehicle in Transport,0,No,1,Non-Junction,1,Not an Intersection,3,On Median,0,,2,Dark - Not Lighted,2,Rain,0,No,0000000,Not Applicable,17,5:00pm-5:59pm,29,29,17,5:00pm-5:59pm,42,42,99,Unknown,99,Unknown EMS Hospital Arrival Time,1
41,Oregon,410005,0,0,1,1,0,2,2,27,HOOD RIVER (27),1020,HOOD RIVER,1,January,6,6,7,Saturday,2024,20,8:00pm-8:59pm,59,59,US-30 RAMP,,2,U.S. Highway,2,Urban,1,Interstate,1,State Highway Agency,1,This Section IS ON the NHS,0,No Special Jurisdiction,623,623,45.71181111,45.71181111,-121.55036944,-121.55036944,59,Traffic Sign Support,0,The First Harmful Event was Not a Collision with a Motor Vehicle in Transport,1,Yes,5,Entrance/Exit Ramp Related,1,Not an Intersection,4,On Roadside,0,,2,Dark - Not Lighted,10,Cloudy,0,No,0000000,Not Applicable,20,8:00pm-8:59pm,59,59,21,9:00pm-9:59pm,10,10,99,Unknown,99,Unknown EMS Hospital Arrival Time,1
41,Oregon,410006,0,0,2,2,0,4,4,41,LINCOLN (41),0,NOT APPLICABLE,1,January,11,11,5,Thursday,2024,17,5:00pm-5:59pm,14,14,US-101 ODOT 9,,2,U.S. Highway,1,Rural,3,Other Principal Arterial,1,State Highway Agency,1,This Section IS ON the NHS,0,No Special Jurisdiction,1633,1633,44.32450833,44.32450833,-124.10115278,-124.10115278,12,Motor Vehicle In-Transport,6,Angle,0,No,8,Driveway Access Related,1,Not an Intersection,1,On Roadway,0,,5,Dusk,1,Clear,0,No,0000000,Not Applicable,17,5:00pm-5:59pm,14,14,17,5:00pm-5:59pm,14,14,99,Unknown,99,Unknown EMS Hospital Arrival Time,1
41,Oregon,410007,0,0,2,2,0,6,6,39,LANE (39),0,NOT APPLICABLE,1,January,15,15,2,Monday,2024,21,9:00pm-9:59pm,4,4,SR-58 ODOT 18,,3,State Highway,1,Rural,3,Other Principal Arterial,1,State Highway Agency,1,This Section IS ON the NHS,0,No Special Jurisdiction,606,606,43.61125833,43.61125833,-122.05990278,-122.05990278,12,Motor Vehicle In-Transport,2,Front-to-Front,0,No,1,Non-Junction,1,Not an Intersection,1,On Roadway,0,,2,Dark - Not Lighted,1,Clear,0,No,0000000,Not Applicable,21,9:00pm-9:59pm,26,26,99,Unknown EMS Scene Arrival Hour,99,Unknown EMS Scene Arrival Minutes,99,Unknown,99,Unknown EMS Hospital Arrival Time,1
41,Oregon,410008,1,1,1,1,0,1,1,47,MARION (47),1810,SALEM,1,January,12,12,6,Friday,2024,16,4:00pm-4:59pm,57,57,CENTER ST NE,HIGH ST NE,0,Not Signed,2,Urban,3,Other Principal Arterial,4,City or Municipal Highway Agency,1,This Section IS ON the NHS,0,No Special Jurisdiction,0,,44.94295,44.94295,-123.03540556,-123.03540556,8,Pedestrian,0,The First Harmful Event was Not a Collision with a Motor Vehicle in Transport,0,No,3,Intersection-Related,2,Four-Way Intersection,1,On Roadway,0,,3,Dark - Lighted,2,Rain,0,No,0000000,Not Applicable,16,4:00pm-4:59pm,58,58,16,4:00pm-4:59pm,59,59,17,5:00pm-5:59pm,19,19,1
41,Oregon,410009,0,0,2,2,0,7,7,35,KLAMATH (35),0,NOT APPLICABLE,1,January,17,17,4,Wednesday,2024,9,9:00am-9:59am,51,51,US-97 ODOT 4,,2,U.S. Highway,1,Rural,3,Other Principal Arterial,1,State Highway Agency,1,This Section IS ON the NHS,0,No Special Jurisdiction,1928,1928,43.36029444,43.36029444,-121.74167778,-121.74167778,12,Motor Vehicle In-Transport,2,Front-to-Front,0,No,1,Non-Junction,1,Not an Intersection,1,On Roadway,0,,1,Daylight,2,Rain,0,No,0000000,Not Applicable,9,9:00am-9:59am,51,51,9,9:00am-9:59am,57,57,10,10:00am-10:59am,58,58,5
41,Oregon,410010,0,0,2,2,0,2,2,35,KLAMATH (35),0,NOT APPLICABLE,1,January,17,17,4,Wednesday,2024,18,6:00pm-6:59pm,25,25,US-97 ODOT 4,,2,U.S. Highway,1,Rural,3,Other Principal Arterial,1,State Highway Agency,1,This Section IS ON the NHS,0,No Special Jurisdiction,1970,1970,43.30197222,43.30197222,-121.76456389,-121.76456389,12,Motor Vehicle In-Transport,2,Front-to-Front,0,No,1,Non-Junction,1,Not an Intersection,1,On Roadway,0,,2,Dark - Not Lighted,2,Rain,0,No,0000000,Not Applicable,18,6:00pm-6:59pm,28,28,18,6:00pm-6:59pm,35,35,88,Not Applicable (Not Transported),88,Not Applicable (Not Transported),1
41,Oregon,410011,1,1,1,1,0,1,1,47,MARION (47),1810,SALEM,1,January,11,11,5,Thursday,2024,20,8:00pm-8:59pm,59,59,PORTLAND RD NE,,0,Not Signed,2,Urban,3,Other Principal Arterial,4,City or Municipal Highway Agency,1,This Section IS ON the NHS,0,No Special Jurisdiction,0,,44.97368889,44.97368889,-123.00248611,-123.00248611,9,Pedalcyclist,0,The First Harmful Event was Not a Collision with a Motor Vehicle in Transport,0,No,1,Non-Junction,1,Not an Intersection,99,Reported as Unknown,0,,3,Dark - Lighted,2,Rain,0,No,0000000,Not Applicable,21,9:00pm-9:59pm,0,0,21,9:00pm-9:59pm,6,6,21,9:00pm-9:59pm,35,35,1
41,Oregon,410012,0,2,2,1,1,3,1,47,MARION (47),0,NOT APPLICABLE,1,January,19,19,6,Friday,2024,0,0:00am-0:59am,49,49,I-5,,1,Interstate,1,Rural,1,Interstate,1,State Highway Agency,1,This Section IS ON the NHS,0,No Special Jurisdiction,2783,2783,45.231275,45.231275,-122.81029444,-122.81029444,14,Parked Motor Vehicle,0,The First Harmful Event was Not a Collision with a Motor Vehicle in Transport,0,No,1,Non-Junction,1,Not an Intersection,2,On Shoulder,0,,2,Dark - Not Lighted,10,Cloudy,0,No,0000000,Not Applicable,0,0:00am-0:59am,49,49,1,1:00am-1:59am,10,10,88,Not Applicable (Not Transported),88,Not Applicable (Not Transported),1
41,Oregon,410013,0,0,2,2,0,3,3,17,DESCHUTES (17),0,NOT APPLICABLE,1,January,19,19,6,Friday,2024,12,12:00pm-12:59pm,21,21,US-97 ODOT 4,SR-31 ODOT 19,2,U.S. Highway,1,Rural,3,Other Principal Arterial,1,State Highway Agency,1,This Section IS ON the NHS,0,No Special Jurisdiction,1696,1696,43.64711389,43.64711389,-121.522775,-121.522775,12,Motor Vehicle In-Transport,2,Front-to-Front,0,No,2,Intersection,3,T-Intersection,1,On Roadway,0,,1,Daylight,10,Cloudy,0,No,0000000,Not Applicable,12,12:00pm-12:59pm,23,23,12,12:00pm-12:59pm,29,29,12,12:00pm-12:59pm,45,45,1
41,Oregon,410014,1,1,2,2,0,2,2,39,LANE (39),660,EUGENE,1,January,19,19,6,Friday,2024,13,1:00pm-1:59pm,29,29,SR-99 W 6TH AVE,,3,State Highway,2,Urban,3,Other Principal Arterial,4,City or Municipal Highway Agency,1,This Section IS ON the NHS,0,No Special Jurisdiction,0,,44.053325,44.053325,-123.12246111,-123.12246111,8,Pedestrian,0,The First Harmful Event was Not a Collision with a Motor Vehicle in Transport,0,No,1,Non-Junction,1,Not an Intersection,1,On Roadway,0,,1,Daylight,10,Cloudy,0,No,0000000,Not Applicable,13,1:00pm-1:59pm,59,59,14,2:00pm-2:59pm,1,1,88,Not Applicable (Not Transported),88,Not Applicable (Not Transported),1
41,Oregon,410015,0,0,1,1,0,1,1,39,LANE (39),0,NOT APPLICABLE,1,January,20,20,7,Saturday,2024,99,Unknown Hours,99,Unknown Minutes,EDENVALE RD,,0,Not Signed,1,Rural,6,Minor Collector,2,County Highway Agency,0,This Section IS NOT on the NHS,0,No Special Jurisdiction,7,7,43.97305,43.97305,-122.92560278,-122.92560278,30,Utility Pole/Light Support,0,The First Harmful Event was Not a Collision with a Motor Vehicle in Transport,0,No,1,Non-Junction,1,Not an Intersection,4,On Roadside,0,,9,Reported as Unknown,99,Reported as Unknown,0,No,0000000,Not Applicable,22,10:00pm-10:59pm,28,28,22,10:00pm-10:59pm,38,38,88,Not Applicable (Not Transported),88,Not Applicable (Not Transported),1
41,Oregon,410016,1,1,1,1,0,1,1,39,LANE (39),0,NOT APPLICABLE,1,January,22,22,2,Monday,2024,4,4:00am-4:59am,20,20,US-101 ODOT 9,,2,U.S. Highway,1,Rural,3,Other Principal Arterial,1,State Highway Agency,1,This Section IS ON the NHS,0,No Special Jurisdiction,1932,1932,43.93336944,43.93336944,-124.10648056,-124.10648056,8,Pedestrian,0,The First Harmful Event was Not a Collision with a Motor Vehicle in Transport,0,No,1,Non-Junction,1,Not an Intersection,1,On Roadway,0,,6,Dark - Unknown Lighting,10,Cloudy,0,No,0000000,Not Applicable,4,4:00am-4:59am,33,33,4,4:00am-4:59am,41,41,88,Not Applicable (Not Transported),88,Not Applicable (Not Transported),1
41,Oregon,410017,0,0,1,1,0,1,1,39,LANE (39),660,EUGENE,1,January,1,1,2,Monday,2024,3,3:00am-3:59am,58,58,ROOSEVELT BLVD,FERGUS AVE,0,Not Signed,2,Urban,4,Minor Arterial,4,City or Municipal Highway Agency,0,This Section IS NOT on the NHS,0,No Special Jurisdiction,0,,44.06463611,44.06463611,-123.16756944,-123.16756944,46,Traffic Signal Support,0,The First Harmful Event was Not a Collision with a Motor Vehicle in Transport,0,No,3,Intersection-Related,2,Four-Way Intersection,4,On Roadside,0,,3,Dark - Lighted,5,"Fog, Smog, Smoke",0,No,0000000,Not Applicable,99,Unknown,99,Unknown,99,Unknown EMS Scene Arrival Hour,99,Unknown EMS Scene Arrival Minutes,88,Not Applicable (Not Transported),88,Not Applicable (Not Transported),1
41,Oregon,410018,1,1,1,1,0,1,1,51,MULTNOMAH (51),1650,PORTLAND,1,January,23,23,3,Tuesday,2024,17,5:00pm-5:59pm,36,36,NE SANDY BLVD,,0,Not Signed,2,Urban,3,Other Principal Arterial,4,City or Municipal Highway Agency,1,This Section IS ON the NHS,0,No Special Jurisdiction,0,,45.54554444,45.54554444,-122.59599722,-122.59599722,8,Pedestrian,0,The First Harmful Event was Not a Collision with a Motor Vehicle in Transport,0,No,1,Non-Junction,1,Not an Intersection,1,On Roadway,0,,3,Dark - Lighted,10,Cloudy,0,No,0000000,Not Applicable,17,5:00pm-5:59pm,36,36,17,5:00pm-5:59pm,43,43,88,Not Applicable (Not Transported),88,Not Applicable (Not Transported),1
41,Oregon,410019,0,0,2,1,1,1,1,51,MULTNOMAH (51),1650,PORTLAND,1,January,24,24,4,Wednesday,2024,3,3:00am-3:59am,50,50,N ROSA PARKS WY,,0,Not Signed,2,Urban,5,Major Collector,2,County Highway Agency,0,This Section IS NOT on the NHS,0,No Special Jurisdiction,0,,45.56985278,45.56985278,-122.686625,-122.686625,14,Parked Motor Vehicle,0,The First Harmful Event was Not a Collision with a Motor Vehicle in Transport,0,No,1,Non-Junction,1,Not an Intersection,2,On Shoulder,0,,3,Dark - Lighted,2,Rain,0,No,0000000,Not Applicable,4,4:00am-4:59am,32,32,4,4:00am-4:59am,37,37,88,Not Applicable (Not Transported),88,Not Applicable (Not Transported),1
41,Oregon,410020,0,0,1,1,0,1,1,39,LANE (39),0,NOT APPLICABLE,1,January,27,27,7,Saturday,2024,15,3:00pm-3:59pm,40,40,SR-99W  ODOT 91,,3,State Highway,1,Rural,4,Minor Arterial,1,State Highway Agency,0,This Section IS NOT on the NHS,0,No Special Jurisdiction,1082,1082,44.23581944,44.23581944,-123.21058056,-123.21058056,53,Mail Box,0,The First Harmful Event was Not a Collision with a Motor Vehicle in Transport,0,No,1,Non-Junction,1,Not an Intersection,4,On Roadside,0,,1,Daylight,2,Rain,0,No,0000000,Not Applicable,15,3:00pm-3:59pm,42,42,15,3:00pm-3:59pm,45,45,88,Not Applicable (Not Transported),88,Not Applicable (Not Transported),1
41,Oregon,410021,1,1,1,1,0,1,1,51,MULTNOMAH (51),1650,PORTLAND,1,January,27,27,7,Saturday,2024,17,5:00pm-5:59pm,30,30,SR-10 BEAVERTON HILLSDALE HWY,,3,State Highway,2,Urban,3,Other Principal Arterial,4,City or Municipal Highway Agency,1,This Section IS ON the NHS,0,No Special Jurisdiction,0,,45.48701111,45.48701111,-122.73453889,-122.73453889,8,Pedestrian,0,The First Harmful Event was Not a Collision with a Motor Vehicle in Transport,0,No,1,Non-Junction,1,Not an Intersection,1,On Roadway,0,,3,Dark - Lighted,2,Rain,0,No,0000000,Not Applicable,17,5:00pm-5:59pm,31,31,17,5:00pm-5:59pm,40,40,88,Not Applicable (Not Transported),88,Not Applicable (Not Transported),1
41,Oregon,410022,1,1,1,1,0,1,1,5,CLACKAMAS (5),0,NOT APPLICABLE,1,January,27,27,7,Saturday,2024,23,11:00pm-11:59pm,35,35,I-205,,1,Interstate,2,Urban,1,Interstate,1,State Highway Agency,1,This Section IS ON the NHS,0,No Special Jurisdiction,159,159,45.45122778,45.45122778,-122.57262222,-122.57262222,8,Pedestrian,0,The First Harmful Event was Not a Collision with a Motor Vehicle in Transport,0,No,1,Non-Junction,1,Not an Intersection,1,On Roadway,0,,6,Dark - Unknown Lighting,98,Not Reported,0,No,0000000,Not Applicable,99,Unknown,99,Unknown,99,Unknown EMS Scene Arrival Hour,99,Unknown EMS Scene Arrival Minutes,88,Not Applicable (Not Transported),88,Not Applicable (Not Transported),1
41,Oregon,410023,1,1,2,2,0,2,2,51,MULTNOMAH (51),880,GRESHAM,1,January,29,29,2,Monday,2024,3,3:00am-3:59am,40,40,NW BURNSIDE RD,NW FAIRVIEW DR,0,Not Signed,2,Urban,3,Other Principal Arterial,4,City or Municipal Highway Agency,1,This Section IS ON the NHS,0,No Special Jurisdiction,0,,45.50895556,45.50895556,-122.43139444,-122.43139444,8,Pedestrian,0,The First Harmful Event was Not a Collision with a Motor Vehicle in Transport,0,No,3,Intersection-Related,2,Four-Way Intersection,1,On Roadway,0,,3,Dark - Lighted,1,Clear,0,No,0000000,Not Applicable,3,3:00am-3:59am,40,40,3,3:00am-3:59am,47,47,88,Not Applicable (Not Transported),88,Not Applicable (Not Transported),1
41,Oregon,410024,0,0,2,2,0,4,4,19,DOUGLAS (19),0,NOT APPLICABLE,1,January,30,30,3,Tuesday,2024,13,1:00pm-1:59pm,20,20,SR-42 ODOT 35,ROLLING HILLS RD,3,State Highway,2,Urban,3,Other Principal Arterial,1,State Highway Agency,1,This Section IS ON the NHS,0,No Special Jurisdiction,747,747,43.13675278,43.13675278,-123.39438889,-123.39438889,12,Motor Vehicle In-Transport,1,Front-to-Rear,0,No,3,Intersection-Related,2,Four-Way Intersection,1,On Roadway,0,,1,Daylight,10,Cloudy,0,No,0000000,Not Applicable,13,1:00pm-1:59pm,22,22,13,1:00pm-1:59pm,23,23,13,1:00pm-1:59pm,44,44,2
41,Oregon,410025,1,1,1,1,0,1,1,65,WASCO (65),0,NOT APPLICABLE,1,January,30,30,3,Tuesday,2024,20,8:00pm-8:59pm,40,40,I-84,,1,Interstate,1,Rural,1,Interstate,1,State Highway Agency,1,This Section IS ON the NHS,0,No Special Jurisdiction,757,757,45.6839,45.6839,-121.29288333,-121.29288333,8,Pedestrian,0,The First Harmful Event was Not a Collision with a Motor Vehicle in Transport,0,No,1,Non-Junction,1,Not an Intersection,1,On Roadway,0,,2,Dark - Not Lighted,10,Cloudy,0,No,0000000,Not Applicable,20,8:00pm-8:59pm,40,40,20,8:00pm-8:59pm,53,53,88,Not Applicable (Not Transported),88,Not Applicable (Not Transported),1
41,Oregon,410026,0,0,1,1,0,1,1,33,JOSEPHINE (33),0,NOT APPLICABLE,1,January,31,31,4,Wednesday,2024,12,12:00pm-12:59pm,24,24,SR-199 ODOT 25,,3,State Highway,1,Rural,3,Other Principal Arterial,1,State Highway Agency,1,This Section IS ON the NHS,0,No Special Jurisdiction,395,395,42.02728889,42.02728889,-123.72998889,-123.72998889,42,Tree (Standing Only),0,The First Harmful Event was Not a Collision with a Motor Vehicle in Transport,0,No,1,Non-Junction,1,Not an Intersection,4,On Roadside,0,,1,Daylight,2,Rain,0,No,0000000,Not Applicable,12,12:00pm-12:59pm,24,24,12,12:00pm-12:59pm,38,38,88,Not Applicable (Not Transported),88,Not Applicable (Not Transported),1
41,Oregon,410027,0,0,2,2,0,2,2,3,BENTON (3),0,NOT APPLICABLE,1,January,31,31,4,Wednesday,2024,15,3:00pm-3:59pm,40,40,US-20 ODOT 33,SR-180 ODOT 180,2,U.S. Highway,1,Rural,3,Other Principal Arterial,1,State Highway Agency,1,This Section IS ON the NHS,0,No Special Jurisdiction,393,393,44.59692778,44.59692778,-123.51981667,-123.51981667,12,Motor Vehicle In-Transport,6,Angle,0,No,2,Intersection,3,T-Intersection,1,On Roadway,0,,1,Daylight,10,Cloudy,0,No,0000000,Not Applicable,15,3:00pm-3:59pm,41,41,16,4:00pm-4:59pm,5,5,16,4:00pm-4:59pm,46,46,1
41,Oregon,410028,0,0,1,1,0,1,1,29,JACKSON (29),0,NOT APPLICABLE,1,January,19,19,6,Friday,2024,14,2:00pm-2:59pm,10,10,BUTTE FALLS HWY,,0,Not Signed,1,Rural,5,Major Collector,2,County Highway Agency,0,This Section IS NOT on the NHS,0,No Special Jurisdiction,28,28,42.53941389,42.53941389,-122.76860833,-122.76860833,32,Culvert,0,The First Harmful Event was Not a Collision with a Motor Vehicle in Transport,0,No,1,Non-Junction,1,Not an Intersection,4,On Roadside,0,,1,Daylight,1,Clear,0,No,0000000,Not Applicable,14,2:00pm-2:59pm,12,12,14,2:00pm-2:59pm,23,23,99,Unknown,99,Unknown EMS Hospital Arrival Time,1
41,Oregon,410029,0,0,1,1,0,1,1,51,MULTNOMAH (51),0,NOT APPLICABLE,2,February,4,4,1,Sunday,2024,99,Unknown Hours,99,Unknown Minutes,I-84,,1,Interstate,1,Rural,1,Interstate,1,State Highway Agency,1,This Section IS ON the NHS,0,No Special Jurisdiction,284,284,45.56286667,45.56286667,-122.17240556,-122.17240556,24,Guardrail Face,0,The First Harmful Event was Not a Collision with a Motor Vehicle in Transport,0,No,1,Non-Junction,1,Not an Intersection,4,On Roadside,0,,9,Reported as Unknown,99,Reported as Unknown,0,No,0000000,Not Applicable,99,Unknown,99,Unknown,99,Unknown EMS Scene Arrival Hour,99,Unknown EMS Scene Arrival Minutes,88,Not Applicable (Not Transported),88,Not Applicable (Not Transported),1
41,Oregon,410030,0,0,1,1,0,1,1,65,WASCO (65),0,NOT APPLICABLE,2,February,4,4,1,Sunday,2024,14,2:00pm-2:59pm,0,0,USFS 2610 230 RD,,0,Not Signed,1,Rural,7,Local,11,"State Park, Forest, or Reservation Agency",0,This Section IS NOT on the NHS,0,No Special Jurisdiction,0,,45.21908333,45.21908333,-121.69599444,-121.69599444,42,Tree (Standing Only),0,The First Harmful Event was Not a Collision with a Motor Vehicle in Transport,0,No,1,Non-Junction,1,Not an Intersection,4,On Roadside,0,,1,Daylight,98,Not Reported,0,No,0000000,Not Applicable,99,Unknown,99,Unknown,99,Unknown EMS Scene Arrival Hour,99,Unknown EMS Scene Arrival Minutes,88,Not Applicable (Not Transported),88,Not Applicable (Not Transported),1
41,Oregon,410031,1,1,1,1,0,1,1,51,MULTNOMAH (51),1650,PORTLAND,2,February,4,4,1,Sunday,2024,17,5:00pm-5:59pm,43,43,SE WOODSTOCK BLVD,,0,Not Signed,2,Urban,7,Local,4,City or Municipal Highway Agency,0,This Section IS NOT on the NHS,0,No Special Jurisdiction,0,,45.47715,45.47715,-122.56332222,-122.56332222,8,Pedestrian,0,The First Harmful Event was Not a Collision with a Motor Vehicle in Transport,0,No,1,Non-Junction,1,Not an Intersection,1,On Roadway,0,,3,Dark - Lighted,10,Cloudy,0,No,0000000,Not Applicable,99,Unknown,99,Unknown,99,Unknown EMS Scene Arrival Hour,99,Unknown EMS Scene Arrival Minutes,88,Not Applicable (Not Transported),88,Not Applicable (Not Transported),1
41,Oregon,410032,1,1,1,1,0,1,1,51,MULTNOMAH (51),1650,PORTLAND,2,February,5,5,2,Monday,2024,2,2:00am-2:59am,17,17,SR-213 SE 82ND AVE,,3,State Highway,2,Urban,3,Other Principal Arterial,4,City or Municipal Highway Agency,1,This Section IS ON the NHS,0,No Special Jurisdiction,0,,45.46820833,45.46820833,-122.57905833,-122.57905833,8,Pedestrian,0,The First Harmful Event was Not a Collision with a Motor Vehicle in Transport,0,No,1,Non-Junction,1,Not an Intersection,1,On Roadway,1,Construction,3,Dark - Lighted,2,Rain,0,No,0000000,Not Applicable,99,Unknown,99,Unknown,99,Unknown EMS Scene Arrival Hour,99,Unknown EMS Scene Arrival Minutes,88,Not Applicable (Not Transported),88,Not Applicable (Not Transported),1
41,Oregon,410033,0,0,2,2,0,2,2,11,COOS (11),0,NOT APPLICABLE,2,February,5,5,2,Monday,2024,16,4:00pm-4:59pm,35,35,SR-42 ODOT 35,,3,State Highway,1,Rural,3,Other Principal Arterial,1,State Highway Agency,1,This Section IS ON the NHS,0,No Special Jurisdiction,27,27,43.26025278,43.26025278,-124.22718611,-124.22718611,12,Motor Vehicle In-Transport,6,Angle,0,No,1,Non-Junction,1,Not an Intersection,1,On Roadway,0,,1,Daylight,2,Rain,0,No,0000000,Not Applicable,16,4:00pm-4:59pm,38,38,16,4:00pm-4:59pm,54,54,17,5:00pm-5:59pm,15,15,1
41,Oregon,410034,0,0,1,1,0,1,1,1,BAKER (1),0,NOT APPLICABLE,2,February,5,5,2,Monday,2024,18,6:00pm-6:59pm,19,19,SR-203 ODOT 340,,3,State Highway,1,Rural,5,Major Collector,1,State Highway Agency,0,This Section IS NOT on the NHS,0,No Special Jurisdiction,240,240,44.97578889,44.97578889,-117.65074444,-117.65074444,31,"Post, Pole or Other Supports",0,The First Harmful Event was Not a Collision with a Motor Vehicle in Transport,0,No,1,Non-Junction,1,Not an Intersection,4,On Roadside,0,,2,Dark - Not Lighted,10,Cloudy,0,No,0000000,Not Applicable,18,6:00pm-6:59pm,20,20,18,6:00pm-6:59pm,40,40,88,Not Applicable (Not Transported),88,Not Applicable (Not Transported),1
41,Oregon,410035,1,1,2,2,0,2,2,51,MULTNOMAH (51),1650,PORTLAND,2,February,5,5,2,Monday,2024,18,6:00pm-6:59pm,29,29,SR-99E ODOT 81,,3,State Highway,2,Urban,3,Other Principal Arterial,1,State Highway Agency,1,This Section IS ON the NHS,0,No Special Jurisdiction,47,47,45.59111111,45.59111111,-122.66695,-122.66695,8,Pedestrian,0,The First Harmful Event was Not a Collision with a Motor Vehicle in Transport,0,No,1,Non-Junction,1,Not an Intersection,1,On Roadway,0,,5,Dusk,2,Rain,0,No,0000000,Not Applicable,99,Unknown,99,Unknown,99,Unknown EMS Scene Arrival Hour,99,Unknown EMS Scene Arrival Minutes,88,Not Applicable (Not Transported),88,Not Applicable (Not Transported),1
41,Oregon,410036,0,0,2,2,0,2,2,51,MULTNOMAH (51),1650,PORTLAND,1,January,26,26,6,Friday,2024,15,3:00pm-3:59pm,11,11,US-30 ODOT 123,,2,U.S. Highway,2,Urban,3,Other Principal Arterial,1,State Highway Agency,1,This Section IS ON the NHS,0,No Special Jurisdiction,75,75,45.57296389,45.57296389,-122.63297778,-122.63297778,12,Motor Vehicle In-Transport,2,Front-to-Front,0,No,1,Non-Junction,1,Not an Intersection,1,On Roadway,0,,1,Daylight,2,Rain,0,No,0000000,Not Applicable,15,3:00pm-3:59pm,14,14,15,3:00pm-3:59pm,19,19,15,3:00pm-3:59pm,50,50,1
41,Oregon,410037,0,0,2,2,0,4,4,41,LINCOLN (41),0,NOT APPLICABLE,2,February,7,7,4,Wednesday,2024,17,5:00pm-5:59pm,50,50,US-101 ODOT 9,,2,U.S. Highway,1,Rural,3,Other Principal Arterial,1,State Highway Agency,1,This Section IS ON the NHS,0,No Special Jurisdiction,1571,1571,44.41419444,44.41419444,-124.08275556,-124.08275556,12,Motor Vehicle In-Transport,6,Angle,0,No,8,Driveway Access Related,1,Not an Intersection,1,On Roadway,0,,3,Dark - Lighted,1,Clear,0,No,0000000,Not Applicable,17,5:00pm-5:59pm,47,47,17,5:00pm-5:59pm,50,50,18,6:00pm-6:59pm,36,36,1
41,Oregon,410038,1,1,1,1,0,2,2,47,MARION (47),1810,SALEM,2,February,8,8,5,Thursday,2024,6,6:00am-6:59am,15,15,SR-22 ODOT 72,,3,State Highway,2,Urban,2,Other Freeways and Expressways,1,State Highway Agency,1,This Section IS ON the NHS,0,No Special Jurisdiction,84,84,44.91735556,44.91735556,-122.99436944,-122.99436944,8,Pedestrian,0,The First Harmful Event was Not a Collision with a Motor Vehicle in Transport,0,No,1,Non-Junction,1,Not an Intersection,1,On Roadway,0,,3,Dark - Lighted,10,Cloudy,0,No,0000000,Not Applicable,6,6:00am-6:59am,15,15,6,6:00am-6:59am,20,20,88,Not Applicable (Not Transported),88,Not Applicable (Not Transported),1
41,Oregon,410039,0,0,2,2,0,4,4,51,MULTNOMAH (51),1650,PORTLAND,2,February,10,10,7,Saturday,2024,2,2:00am-2:59am,50,50,SW NAITO PKWY,SW COLUMBIA ST,0,Not Signed,2,Urban,4,Minor Arterial,4,City or Municipal Highway Agency,0,This Section IS NOT on the NHS,0,No Special Jurisdiction,0,,45.51290833,45.51290833,-122.67515833,-122.67515833,12,Motor Vehicle In-Transport,1,Front-to-Rear,0,No,3,Intersection-Related,3,T-Intersection,1,On Roadway,0,,3,Dark - Lighted,2,Rain,0,No,0000000,Not Applicable,3,3:00am-3:59am,12,12,3,3:00am-3:59am,15,15,3,3:00am-3:59am,38,38,1
41,Oregon,410040,1,1,1,1,0,2,2,67,WASHINGTON (67),1000,HILLSBORO,2,February,10,10,7,Saturday,2024,16,4:00pm-4:59pm,8,8,SE 10TH AVE,,0,Not Signed,2,Urban,3,Other Principal Arterial,4,City or Municipal Highway Agency,1,This Section IS ON the NHS,0,No Special Jurisdiction,0,,45.52063333,45.52063333,-122.97412222,-122.97412222,9,Pedalcyclist,0,The First Harmful Event was Not a Collision with a Motor Vehicle in Transport,0,No,8,Driveway Access Related,1,Not an Intersection,1,On Roadway,0,,1,Daylight,10,Cloudy,0,No,0000000,Not Applicable,16,4:00pm-4:59pm,8,8,16,4:00pm-4:59pm,15,15,88,Not Applicable (Not Transported),88,Not Applicable (Not Transported),1
41,Oregon,410041,0,0,2,2,0,4,4,51,MULTNOMAH (51),1650,PORTLAND,2,February,10,10,7,Saturday,2024,23,11:00pm-11:59pm,1,1,N MARINE DR,,0,Not Signed,2,Urban,4,Minor Arterial,4,City or Municipal Highway Agency,1,This Section IS ON the NHS,0,No Special Jurisdiction,0,,45.63038333,45.63038333,-122.74546944,-122.74546944,12,Motor Vehicle In-Transport,1,Front-to-Rear,0,No,1,Non-Junction,1,Not an Intersection,1,On Roadway,0,,3,Dark - Lighted,10,Cloudy,0,No,0000000,Not Applicable,99,Unknown,99,Unknown,99,Unknown EMS Scene Arrival Hour,99,Unknown EMS Scene Arrival Minutes,99,Unknown,99,Unknown EMS Hospital Arrival Time,2
41,Oregon,410043,0,0,2,2,0,4,4,57,TILLAMOOK (57),0,NOT APPLICABLE,2,February,12,12,2,Monday,2024,14,2:00pm-2:59pm,42,42,US-101 ODOT 9,,2,U.S. Highway,1,Rural,3,Other Principal Arterial,1,State Highway Agency,1,This Section IS ON the NHS,0,No Special Jurisdiction,454,454,45.68822222,45.68822222,-123.92419167,-123.92419167,12,Motor Vehicle In-Transport,2,Front-to-Front,0,No,1,Non-Junction,1,Not an Intersection,1,On Roadway,0,,1,Daylight,10,Cloudy,0,No,0000000,Not Applicable,14,2:00pm-2:59pm,43,43,14,2:00pm-2:59pm,51,51,99,Unknown,99,Unknown EMS Hospital Arrival Time,2
41,Oregon,410044,0,0,2,2,0,2,2,51,MULTNOMAH (51),1650,PORTLAND,2,February,14,14,4,Wednesday,2024,16,4:00pm-4:59pm,23,23,NE 111TH AVE,NE EUGENE ST,0,Not Signed,2,Urban,6,Minor Collector,4,City or Municipal Highway Agency,0,This Section IS NOT on the NHS,0,No Special Jurisdiction,0,,45.53817222,45.53817222,-122.54906667,-122.54906667,12,Motor Vehicle In-Transport,6,Angle,0,No,2,Intersection,3,T-Intersection,1,On Roadway,0,,3,Dark - Lighted,2,Rain,0,No,0000000,Not Applicable,99,Unknown,99,Unknown,99,Unknown EMS Scene Arrival Hour,99,Unknown EMS Scene Arrival Minutes,88,Not Applicable (Not Transported),88,Not Applicable (Not Transported),1
41,Oregon,410045,0,0,1,1,0,1,1,19,DOUGLAS (19),0,NOT APPLICABLE,2,February,14,14,4,Wednesday,2024,15,3:00pm-3:59pm,57,57,I-5 RAMP,,1,Interstate,1,Rural,1,Interstate,1,State Highway Agency,1,This Section IS ON the NHS,0,No Special Jurisdiction,1626,1626,43.71024722,43.71024722,-123.218825,-123.218825,35,Embankment,0,The First Harmful Event was Not a Collision with a Motor Vehicle in Transport,1,Yes,5,Entrance/Exit Ramp Related,1,Not an Intersection,4,On Roadside,0,,1,Daylight,1,Clear,0,No,0000000,Not Applicable,15,3:00pm-3:59pm,57,57,16,4:00pm-4:59pm,10,10,17,5:00pm-5:59pm,16,16,1
41,Oregon,410046,1,1,1,1,0,2,2,39,LANE (39),660,EUGENE,2,February,16,16,6,Friday,2024,23,11:00pm-11:59pm,45,45,SR-569 ODOT 69,,3,State Highway,2,Urban,2,Other Freeways and Expressways,1,State Highway Agency,1,This Section IS ON the NHS,0,No Special Jurisdiction,123,123,44.08413056,44.08413056,-123.05475278,-123.05475278,8,Pedestrian,0,The First Harmful Event was Not a Collision with a Motor Vehicle in Transport,0,No,1,Non-Junction,1,Not an Intersection,1,On Roadway,0,,3,Dark - Lighted,1,Clear,0,No,0000000,Not Applicable,23,11:00pm-11:59pm,45,45,99,Unknown EMS Scene Arrival Hour,99,Unknown EMS Scene Arrival Minutes,88,Not Applicable (Not Transported),88,Not Applicable (Not Transported),1
41,Oregon,410047,0,0,1,1,0,1,1,3,BENTON (3),420,CORVALLIS,2,February,17,17,7,Saturday,2024,8,8:00am-8:59am,20,20,US-20 ODOT 33,,2,U.S. Highway,2,Urban,3,Other Principal Arterial,1,State Highway Agency,1,This Section IS ON the NHS,0,No Special Jurisdiction,525,525,44.54486111,44.54486111,-123.33115,-123.33115,42,Tree (Standing Only),0,The First Harmful Event was Not a Collision with a Motor Vehicle in Transport,0,No,1,Non-Junction,1,Not an Intersection,4,On Roadside,0,,1,Daylight,10,Cloudy,0,No,0000000,Not Applicable,8,8:00am-8:59am,22,22,8,8:00am-8:59am,25,25,88,Not Applicable (Not Transported),88,Not Applicable (Not Transported),1
41,Oregon,410048,0,0,1,1,0,2,2,17,DESCHUTES (17),0,NOT APPLICABLE,2,February,17,17,7,Saturday,2024,13,1:00pm-1:59pm,32,32,US-97 ODOT 4,,2,U.S. Highway,1,Rural,3,Other Principal Arterial,1,State Highway Agency,1,This Section IS ON the NHS,0,No Special Jurisdiction,1528,1528,43.87212778,43.87212778,-121.40101944,-121.40101944,1,Rollover/Overturn,0,The First Harmful Event was Not a Collision with a Motor Vehicle in Transport,0,No,1,Non-Junction,1,Not an Intersection,3,On Median,0,,1,Daylight,4,Snow,0,No,0000000,Not Applicable,13,1:00pm-1:59pm,35,35,13,1:00pm-1:59pm,47,47,14,2:00pm-2:59pm,2,2,1
41,Oregon,410049,0,0,2,2,0,2,2,39,LANE (39),1960,SPRINGFIELD,2,February,18,18,1,Sunday,2024,2,2:00am-2:59am,38,38,US-105 ODOT 227,,2,U.S. Highway,2,Urban,2,Other Freeways and Expressways,1,State Highway Agency,1,This Section IS ON the NHS,0,No Special Jurisdiction,57,57,44.06214722,44.06214722,-123.00392778,-123.00392778,12,Motor Vehicle In-Transport,2,Front-to-Front,0,No,1,Non-Junction,1,Not an Intersection,1,On Roadway,0,,3,Dark - Lighted,2,Rain,0,No,0000000,Not Applicable,2,2:00am-2:59am,38,38,2,2:00am-2:59am,45,45,88,Not Applicable (Not Transported),88,Not Applicable (Not Transported),1
41,Oregon,410050,0,0,5,5,0,7,7,31,JEFFERSON (31),0,NOT APPLICABLE,2,February,19,19,2,Monday,2024,4,4:00am-4:59am,16,16,US-97 ODOT 4,,2,U.S. Highway,1,Rural,3,Other Principal Arterial,1,State Highway Agency,1,This Section IS ON the NHS,0,No Special Jurisdiction,1075,1075,44.470025,44.470025,-121.19585,-121.19585,12,Motor Vehicle In-Transport,1,Front-to-Rear,0,No,1,Non-Junction,1,Not an Intersection,1,On Roadway,0,,2,Dark - Not Lighted,4,Snow,0,No,0000000,Not Applicable,4,4:00am-4:59am,16,16,4,4:00am-4:59am,38,38,99,Unknown,99,Unknown EMS Hospital Arrival Time,1
41,Oregon,410051,0,0,1,1,0,1,1,51,MULTNOMAH (51),0,NOT APPLICABLE,2,February,18,18,1,Sunday,2024,99,Unknown Hours,99,Unknown Minutes,E LARCH MOUNTAIN RD,,0,Not Signed,1,Rural,5,Major Collector,2,County Highway Agency,0,This Section IS NOT on the NHS,0,No Special Jurisdiction,0,,45.51488889,45.51488889,-122.21236944,-122.21236944,42,Tree (Standing Only),0,The First Harmful Event was Not a Collision with a Motor Vehicle in Transport,0,No,1,Non-Junction,1,Not an Intersection,4,On Roadside,0,,9,Reported as Unknown,99,Reported as Unknown,0,No,0000000,Not Applicable,7,7:00am-7:59am,45,45,7,7:00am-7:59am,58,58,88,Not Applicable (Not Transported),88,Not Applicable (Not Transported),1
41,Oregon,410052,1,1,1,1,0,1,1,39,LANE (39),660,EUGENE,2,February,21,21,4,Wednesday,2024,19,7:00pm-7:59pm,30,30,SR-569 ODOT 69,,3,State Highway,2,Urban,3,Other Principal Arterial,1,State Highway Agency,1,This Section IS ON the NHS,0,No Special Jurisdiction,42,42,44.06431944,44.06431944,-123.17374722,-123.17374722,8,Pedestrian,0,The First Harmful Event was Not a Collision with a Motor Vehicle in Transport,0,No,1,Non-Junction,1,Not an Intersection,1,On Roadway,0,,3,Dark - Lighted,1,Clear,0,No,0000000,Not Applicable,19,7:00pm-7:59pm,30,30,19,7:00pm-7:59pm,36,36,19,7:00pm-7:59pm,45,45,1
41,Oregon,410053,0,1,2,1,1,2,1,51,MULTNOMAH (51),1650,PORTLAND,2,February,23,23,6,Friday,2024,23,11:00pm-11:59pm,24,24,NE MARINE DR,,0,Not Signed,2,Urban,5,Major Collector,4,City or Municipal Highway Agency,0,This Section IS NOT on the NHS,0,No Special Jurisdiction,0,,45.59483333,45.59483333,-122.58925833,-122.58925833,14,Parked Motor Vehicle,0,The First Harmful Event was Not a Collision with a Motor Vehicle in Transport,0,No,1,Non-Junction,1,Not an Intersection,4,On Roadside,0,,2,Dark - Not Lighted,1,Clear,0,No,0000000,Not Applicable,99,Unknown,99,Unknown,99,Unknown EMS Scene Arrival Hour,99,Unknown EMS Scene Arrival Minutes,88,Not Applicable (Not Transported),88,Not Applicable (Not Transported),1
41,Oregon,410054,0,0,3,3,0,7,7,47,MARION (47),1810,SALEM,2,February,23,23,6,Friday,2024,17,5:00pm-5:59pm,23,23,12TH ST SE,OAKHILL AVE SE,0,Not Signed,2,Urban,4,Minor Arterial,4,City or Municipal Highway Agency,0,This Section IS NOT on the NHS,0,No Special Jurisdiction,0,,44.90004444,44.90004444,-123.03131389,-123.03131389,12,Motor Vehicle In-Transport,6,Angle,0,No,2,Intersection,2,Four-Way Intersection,1,On Roadway,0,,1,Daylight,1,Clear,0,No,0000000,Not Applicable,17,5:00pm-5:59pm,24,24,17,5:00pm-5:59pm,30,30,17,5:00pm-5:59pm,47,47,1
41,Oregon,410055,1,1,1,1,0,1,1,51,MULTNOMAH (51),1650,PORTLAND,2,February,25,25,1,Sunday,2024,2,2:00am-2:59am,53,53,MORRISON BRG-BELMONT ST,,0,Not Signed,2,Urban,3,Other Principal Arterial,4,City or Municipal Highway Agency,1,This Section IS ON the NHS,0,No Special Jurisdiction,0,,45.51654444,45.51654444,-122.66207778,-122.66207778,8,Pedestrian,0,The First Harmful Event was Not a Collision with a Motor Vehicle in Transport,0,No,1,Non-Junction,1,Not an Intersection,1,On Roadway,0,,3,Dark - Lighted,10,Cloudy,0,No,0000000,Not Applicable,3,3:00am-3:59am,5,5,3,3:00am-3:59am,10,10,3,3:00am-3:59am,49,49,1
41,Oregon,410057,1,1,1,1,0,1,1,19,DOUGLAS (19),1730,REEDSPORT,2,February,27,27,3,Tuesday,2024,15,3:00pm-3:59pm,5,5,US-101 ODOT 9,,2,U.S. Highway,1,Rural,3,Other Principal Arterial,1,State Highway Agency,1,This Section IS ON the NHS,0,No Special Jurisdiction,2118,2118,43.70110278,43.70110278,-124.10821111,-124.10821111,8,Pedestrian,0,The First Harmful Event was Not a Collision with a Motor Vehicle in Transport,0,No,1,Non-Junction,1,Not an Intersection,1,On Roadway,0,,1,Daylight,98,Not Reported,0,No,0000000,Not Applicable,99,Unknown,99,Unknown,99,Unknown EMS Scene Arrival Hour,99,Unknown EMS Scene Arrival Minutes,88,Not Applicable (Not Transported),88,Not Applicable (Not Transported),1
41,Oregon,410059,0,0,1,1,0,1,1,11,COOS (11),1510,NORTH BEND,2,February,22,22,5,Thursday,2024,23,11:00pm-11:59pm,45,45,PONY CREEK RD,CROWELL LN,0,Not Signed,2,Urban,5,Major Collector,4,City or Municipal Highway Agency,0,This Section IS NOT on the NHS,0,No Special Jurisdiction,0,,43.40198889,43.40198889,-124.23173611,-124.23173611,38,Fence,0,The First Harmful Event was Not a Collision with a Motor Vehicle in Transport,0,No,3,Intersection-Related,3,T-Intersection,4,On Roadside,0,,6,Dark - Unknown Lighting,1,Clear,0,No,0000000,Not Applicable,99,Unknown,99,Unknown,99,Unknown EMS Scene Arrival Hour,99,Unknown EMS Scene Arrival Minutes,88,Not Applicable (Not Transported),88,Not Applicable (Not Transported),1
41,Oregon,410060,0,0,4,4,0,4,4,67,WASHINGTON (67),180,BEAVERTON,2,February,22,22,5,Thursday,2024,7,7:00am-7:59am,54,54,US-26 ODOT 47,,2,U.S. Highway,2,Urban,2,Other Freeways and Expressways,1,State Highway Agency,1,This Section IS ON the NHS,0,No Special Jurisdiction,666,666,45.52560556,45.52560556,-122.82483333,-122.82483333,12,Motor Vehicle In-Transport,1,Front-to-Rear,0,No,1,Non-Junction,1,Not an Intersection,1,On Roadway,0,,1,Daylight,10,Cloudy,0,No,0000000,Not Applicable,7,7:00am-7:59am,54,54,8,8:00am-8:59am,8,8,9,9:00am-9:59am,20,20,1
41,Oregon,410061,0,0,2,2,0,2,2,15,CURRY (15),0,NOT APPLICABLE,2,February,29,29,5,Thursday,2024,8,8:00am-8:59am,37,37,US-101 ODOT 9,,2,U.S. Highway,1,Rural,3,Other Principal Arterial,1,State Highway Agency,1,This Section IS ON the NHS,0,No Special Jurisdiction,3471,3471,42.16969444,42.16969444,-124.35981389,-124.35981389,12,Motor Vehicle In-Transport,2,Front-to-Front,0,No,1,Non-Junction,1,Not an Intersection,1,On Roadway,0,,1,Daylight,2,Rain,0,No,0000000,Not Applicable,8,8:00am-8:59am,37,37,8,8:00am-8:59am,50,50,99,Unknown,99,Unknown EMS Hospital Arrival Time,1
41,Oregon,410062,0,0,2,2,0,3,3,35,KLAMATH (35),0,NOT APPLICABLE,2,February,29,29,5,Thursday,2024,10,10:00am-10:59am,1,1,US-97 ODOT 4,,2,U.S. Highway,1,Rural,3,Other Principal Arterial,1,State Highway Agency,1,This Section IS ON the NHS,0,No Special Jurisdiction,1743,1743,43.58996667,43.58996667,-121.56956111,-121.56956111,51,Jackknife (harmful to this vehicle),0,The First Harmful Event was Not a Collision with a Motor Vehicle in Transport,0,No,1,Non-Junction,1,Not an Intersection,1,On Roadway,0,,1,Daylight,10,Cloudy,0,No,0000000,Not Applicable,10,10:00am-10:59am,2,2,10,10:00am-10:59am,15,15,99,Unknown,99,Unknown EMS Hospital Arrival Time,1
41,Oregon,410064,0,0,1,1,0,4,4,19,DOUGLAS (19),0,NOT APPLICABLE,3,March,1,1,6,Friday,2024,22,10:00pm-10:59pm,30,30,NORTH MYRTLE RD,,0,Not Signed,1,Rural,7,Local,2,County Highway Agency,0,This Section IS NOT on the NHS,0,No Special Jurisdiction,132,132,43.13754722,43.13754722,-123.09641944,-123.09641944,1,Rollover/Overturn,0,The First Harmful Event was Not a Collision with a Motor Vehicle in Transport,0,No,1,Non-Junction,1,Not an Intersection,1,On Roadway,0,,2,Dark - Not Lighted,4,Snow,0,No,0000000,Not Applicable,22,10:00pm-10:59pm,30,30,22,10:00pm-10:59pm,57,57,0,0:00am-0:59am,17,17,1
41,Oregon,410065,0,0,1,1,0,1,1,39,LANE (39),0,NOT APPLICABLE,3,March,3,3,1,Sunday,2024,7,7:00am-7:59am,58,58,MEADOWVIEW RD,,0,Not Signed,1,Rural,6,Minor Collector,2,County Highway Agency,0,This Section IS NOT on the NHS,0,No Special Jurisdiction,8,8,44.14951944,44.14951944,-123.18317222,-123.18317222,46,Traffic Signal Support,0,The First Harmful Event was Not a Collision with a Motor Vehicle in Transport,0,No,1,Non-Junction,1,Not an Intersection,1,On Roadway,0,,1,Daylight,2,Rain,0,No,753593Y,753593Y,8,8:00am-8:59am,1,1,8,8:00am-8:59am,13,13,88,Not Applicable (Not Transported),88,Not Applicable (Not Transported),1
41,Oregon,410066,0,0,2,2,0,2,2,51,MULTNOMAH (51),1650,PORTLAND,2,February,7,7,4,Wednesday,2024,13,1:00pm-1:59pm,45,45,SW BOONES FERRY RD,SW 19TH AVE,0,Not Signed,2,Urban,4,Minor Arterial,4,City or Municipal Highway Agency,0,This Section IS NOT on the NHS,0,No Special Jurisdiction,0,,45.43604444,45.43604444,-122.69736389,-122.69736389,12,Motor Vehicle In-Transport,6,Angle,0,No,2,Intersection,7,"Five Point, or More",1,On Roadway,0,,1,Daylight,10,Cloudy,0,No,0000000,Not Applicable,13,1:00pm-1:59pm,46,46,14,2:00pm-2:59pm,9,9,14,2:00pm-2:59pm,24,24,1
41,Oregon,410067,0,0,2,2,0,2,2,35,KLAMATH (35),0,NOT APPLICABLE,2,February,29,29,5,Thursday,2024,10,10:00am-10:59am,26,26,US-97 ODOT 4,,2,U.S. Highway,1,Rural,3,Other Principal Arterial,1,State Highway Agency,1,This Section IS ON the NHS,0,No Special Jurisdiction,2880,2880,42.05101944,42.05101944,-121.86228611,-121.86228611,12,Motor Vehicle In-Transport,2,Front-to-Front,0,No,1,Non-Junction,1,Not an Intersection,1,On Roadway,0,,1,Daylight,4,Snow,0,No,0000000,Not Applicable,10,10:00am-10:59am,26,26,10,10:00am-10:59am,42,42,11,11:00am-11:59am,12,12,1
41,Oregon,410068,0,0,1,1,0,1,1,3,BENTON (3),420,CORVALLIS,3,March,4,4,2,Monday,2024,22,10:00pm-10:59pm,6,6,SW 53RD ST,,0,Not Signed,2,Urban,4,Minor Arterial,4,City or Municipal Highway Agency,0,This Section IS NOT on the NHS,0,No Special Jurisdiction,0,,44.56223889,44.56223889,-123.31200278,-123.31200278,21,Bridge Pier or Support,0,The First Harmful Event was Not a Collision with a Motor Vehicle in Transport,0,No,1,Non-Junction,1,Not an Intersection,3,On Median,0,,2,Dark - Not Lighted,1,Clear,0,No,0000000,Not Applicable,22,10:00pm-10:59pm,6,6,22,10:00pm-10:59pm,10,10,88,Not Applicable (Not Transported),88,Not Applicable (Not Transported),1
41,Oregon,410069,1,1,1,1,0,1,1,5,CLACKAMAS (5),1580,OREGON CITY,2,February,9,9,6,Friday,2024,20,8:00pm-8:59pm,15,15,HOLCOMB BLVD,,0,Not Signed,2,Urban,4,Minor Arterial,4,City or Municipal Highway Agency,0,This Section IS NOT on the NHS,0,No Special Jurisdiction,0,,45.36604444,45.36604444,-122.58016667,-122.58016667,8,Pedestrian,0,The First Harmful Event was Not a Collision with a Motor Vehicle in Transport,0,No,1,Non-Junction,1,Not an Intersection,1,On Roadway,0,,3,Dark - Lighted,10,Cloudy,0,No,0000000,Not Applicable,20,8:00pm-8:59pm,15,15,20,8:00pm-8:59pm,21,21,20,8:00pm-8:59pm,54,54,1
41,Oregon,410070,1,1,1,1,0,1,1,39,LANE (39),660,EUGENE,3,March,5,5,3,Tuesday,2024,21,9:00pm-9:59pm,7,7,SR-99 HWY 99N,,3,State Highway,2,Urban,3,Other Principal Arterial,2,County Highway Agency,1,This Section IS ON the NHS,0,No Special Jurisdiction,0,,44.09143611,44.09143611,-123.16101944,-123.16101944,8,Pedestrian,0,The First Harmful Event was Not a Collision with a Motor Vehicle in Transport,0,No,1,Non-Junction,1,Not an Intersection,1,On Roadway,0,,2,Dark - Not Lighted,10,Cloudy,0,No,0000000,Not Applicable,21,9:00pm-9:59pm,7,7,21,9:00pm-9:59pm,15,15,88,Not Applicable (Not Transported),88,Not Applicable (Not Transported),1
41,Oregon,410071,0,0,2,2,0,2,2,29,JACKSON (29),0,NOT APPLICABLE,3,March,6,6,4,Wednesday,2024,17,5:00pm-5:59pm,16,16,SR-140 ODOT 270,BROWNSBORO HWY,3,State Highway,1,Rural,3,Other Principal Arterial,1,State Highway Agency,1,This Section IS ON the NHS,0,No Special Jurisdiction,79,79,42.46808611,42.46808611,-122.71773611,-122.71773611,12,Motor Vehicle In-Transport,1,Front-to-Rear,0,No,2,Intersection,3,T-Intersection,1,On Roadway,0,,1,Daylight,10,Cloudy,0,No,0000000,Not Applicable,17,5:00pm-5:59pm,18,18,17,5:00pm-5:59pm,31,31,88,Not Applicable (Not Transported),88,Not Applicable (Not Transported),1
41,Oregon,410072,1,1,1,1,0,1,1,5,CLACKAMAS (5),0,NOT APPLICABLE,3,March,9,9,7,Saturday,2024,23,11:00pm-11:59pm,50,50,SR-99E ODOT 81,,3,State Highway,2,Urban,3,Other Principal Arterial,1,State Highway Agency,1,This Section IS ON the NHS,0,No Special Jurisdiction,77,77,45.41809722,45.41809722,-122.632625,-122.632625,8,Pedestrian,0,The First Harmful Event was Not a Collision with a Motor Vehicle in Transport,0,No,1,Non-Junction,1,Not an Intersection,1,On Roadway,0,,3,Dark - Lighted,1,Clear,0,No,0000000,Not Applicable,11,11:00am-11:59am,53,53,11,11:00am-11:59am,54,54,88,Not Applicable (Not Transported),88,Not Applicable (Not Transported),1
41,Oregon,410073,0,0,2,2,0,3,3,35,KLAMATH (35),0,NOT APPLICABLE,3,March,11,11,2,Monday,2024,19,7:00pm-7:59pm,45,45,SR-58 ODOT 18,,3,State Highway,1,Rural,3,Other Principal Arterial,1,State Highway Agency,1,This Section IS ON the NHS,0,No Special Jurisdiction,680,680,43.54762778,43.54762778,-121.95176111,-121.95176111,48,Snow Bank,0,The First Harmful Event was Not a Collision with a Motor Vehicle in Transport,0,No,1,Non-Junction,1,Not an Intersection,4,On Roadside,0,,2,Dark - Not Lighted,4,Snow,0,No,0000000,Not Applicable,19,7:00pm-7:59pm,50,50,20,8:00pm-8:59pm,18,18,99,Unknown,99,Unknown EMS Hospital Arrival Time,1
41,Oregon,410074,1,1,1,1,0,1,1,19,DOUGLAS (19),1780,ROSEBURG,3,March,12,12,3,Tuesday,2024,5,5:00am-5:59am,17,17,I-5 RAMP,,1,Interstate,2,Urban,1,Interstate,1,State Highway Agency,1,This Section IS ON the NHS,0,No Special Jurisdiction,1261,1261,43.24303611,43.24303611,-123.36048333,-123.36048333,8,Pedestrian,0,The First Harmful Event was Not a Collision with a Motor Vehicle in Transport,1,Yes,20,Entrance/Exit Ramp,1,Not an Intersection,1,On Roadway,0,,3,Dark - Lighted,2,Rain,0,No,0000000,Not Applicable,5,5:00am-5:59am,17,17,5,5:00am-5:59am,20,20,88,Not Applicable (Not Transported),88,Not Applicable (Not Transported),1
41,Oregon,410075,1,1,1,1,0,1,1,47,MARION (47),1810,SALEM,2,February,27,27,3,Tuesday,2024,22,10:00pm-10:59pm,1,1,FRONT ST NE,,0,Not Signed,2,Urban,4,Minor Arterial,4,City or Municipal Highway Agency,0,This Section IS NOT on the NHS,0,No Special Jurisdiction,0,,44.95101111,44.95101111,-123.03708889,-123.03708889,9,Pedalcyclist,0,The First Harmful Event was Not a Collision with a Motor Vehicle in Transport,0,No,1,Non-Junction,1,Not an Intersection,1,On Roadway,0,,2,Dark - Not Lighted,10,Cloudy,0,No,0000000,Not Applicable,22,10:00pm-10:59pm,3,3,22,10:00pm-10:59pm,5,5,22,10:00pm-10:59pm,22,22,1
41,Oregon,410076,0,0,1,1,0,1,1,17,DESCHUTES (17),0,NOT APPLICABLE,3,March,12,12,3,Tuesday,2024,20,8:00pm-8:59pm,26,26,WILT RD,,0,Not Signed,1,Rural,6,Minor Collector,2,County Highway Agency,0,This Section IS NOT on the NHS,0,No Special Jurisdiction,0,,44.34350833,44.34350833,-121.485025,-121.485025,17,Boulder,0,The First Harmful Event was Not a Collision with a Motor Vehicle in Transport,0,No,1,Non-Junction,1,Not an Intersection,4,On Roadside,0,,2,Dark - Not Lighted,1,Clear,0,No,0000000,Not Applicable,20,8:00pm-8:59pm,34,34,20,8:00pm-8:59pm,43,43,88,Not Applicable (Not Transported),88,Not Applicable (Not Transported),1
41,Oregon,410077,0,0,1,1,0,2,2,47,MARION (47),0,NOT APPLICABLE,3,March,16,16,7,Saturday,2024,0,0:00am-0:59am,37,37,BROADACRES RD NE,,0,Not Signed,2,Urban,5,Major Collector,2,County Highway Agency,0,This Section IS NOT on the NHS,0,No Special Jurisdiction,6,6,45.18218889,45.18218889,-122.81858056,-122.81858056,42,Tree (Standing Only),0,The First Harmful Event was Not a Collision with a Motor Vehicle in Transport,0,No,1,Non-Junction,1,Not an Intersection,4,On Roadside,0,,2,Dark - Not Lighted,1,Clear,0,No,0000000,Not Applicable,0,0:00am-0:59am,37,37,0,0:00am-0:59am,46,46,99,Unknown,99,Unknown EMS Hospital Arrival Time,1
41,Oregon,410078,0,0,2,2,0,2,2,29,JACKSON (29),0,NOT APPLICABLE,3,March,16,16,7,Saturday,2024,12,12:00pm-12:59pm,52,52,ELK CREEK RD,,0,Not Signed,1,Rural,6,Minor Collector,2,County Highway Agency,0,This Section IS NOT on the NHS,0,No Special Jurisdiction,80,80,42.75448611,42.75448611,-122.69546667,-122.69546667,12,Motor Vehicle In-Transport,2,Front-to-Front,0,No,1,Non-Junction,1,Not an Intersection,1,On Roadway,0,,1,Daylight,1,Clear,0,No,0000000,Not Applicable,13,1:00pm-1:59pm,5,5,13,1:00pm-1:59pm,25,25,88,Not Applicable (Not Transported),88,Not Applicable (Not Transported),1
41,Oregon,410079,0,0,2,2,0,3,3,19,DOUGLAS (19),1780,ROSEBURG,3,March,18,18,2,Monday,2024,10,10:00am-10:59am,32,32,I-5,,1,Interstate,2,Urban,1,Interstate,1,State Highway Agency,1,This Section IS ON the NHS,0,No Special Jurisdiction,1240,1240,43.21233056,43.21233056,-123.35470556,-123.35470556,12,Motor Vehicle In-Transport,7,Sideswipe - Same Direction,0,No,1,Non-Junction,1,Not an Intersection,1,On Roadway,0,,1,Daylight,1,Clear,0,No,0000000,Not Applicable,10,10:00am-10:59am,32,32,10,10:00am-10:59am,43,43,10,10:00am-10:59am,55,55,1
41,Oregon,410080,0,0,1,1,0,1,1,23,GRANT (23),0,NOT APPLICABLE,3,March,18,18,2,Monday,2024,14,2:00pm-2:59pm,49,49,SR-19 ODOT 5,,3,State Highway,1,Rural,4,Minor Arterial,1,State Highway Agency,0,This Section IS NOT on the NHS,0,No Special Jurisdiction,1093,1093,44.71131944,44.71131944,-119.64620556,-119.64620556,35,Embankment,0,The First Harmful Event was Not a Collision with a Motor Vehicle in Transport,0,No,1,Non-Junction,1,Not an Intersection,4,On Roadside,0,,1,Daylight,1,Clear,0,No,0000000,Not Applicable,14,2:00pm-2:59pm,49,49,15,3:00pm-3:59pm,20,20,88,Not Applicable (Not Transported),88,Not Applicable (Not Transported),1
41,Oregon,410081,0,0,2,2,0,2,2,55,SHERMAN (55),0,NOT APPLICABLE,3,March,18,18,2,Monday,2024,23,11:00pm-11:59pm,41,41,US-97 ODOT 42,,2,U.S. Highway,1,Rural,3,Other Principal Arterial,1,State Highway Agency,1,This Section IS ON the NHS,0,No Special Jurisdiction,465,465,45.11429444,45.11429444,-120.6873,-120.6873,12,Motor Vehicle In-Transport,2,Front-to-Front,0,No,1,Non-Junction,1,Not an Intersection,1,On Roadway,0,,2,Dark - Not Lighted,1,Clear,0,No,0000000,Not Applicable,23,11:00pm-11:59pm,45,45,0,0:00am-0:59am,1,1,88,Not Applicable (Not Transported),88,Not Applicable (Not Transported),1
41,Oregon,410082,0,0,1,1,0,1,1,39,LANE (39),0,NOT APPLICABLE,2,February,11,11,1,Sunday,2024,99,Unknown Hours,99,Unknown Minutes,MARCOLA RD,,0,Not Signed,1,Rural,5,Major Collector,2,County Highway Agency,0,This Section IS NOT on the NHS,0,No Special Jurisdiction,166,166,44.23640278,44.23640278,-122.81090278,-122.81090278,42,Tree (Standing Only),0,The First Harmful Event was Not a Collision with a Motor Vehicle in Transport,0,No,1,Non-Junction,1,Not an Intersection,4,On Roadside,0,,9,Reported as Unknown,99,Reported as Unknown,0,No,0000000,Not Applicable,99,Unknown,99,Unknown,99,Unknown EMS Scene Arrival Hour,99,Unknown EMS Scene Arrival Minutes,88,Not Applicable (Not Transported),88,Not Applicable (Not Transported),1
41,Oregon,410083,0,0,2,2,0,6,6,51,MULTNOMAH (51),1650,PORTLAND,3,March,20,20,4,Wednesday,2024,21,9:00pm-9:59pm,3,3,N FESSENDEN ST,,0,Not Signed,2,Urban,5,Major Collector,4,City or Municipal Highway Agency,0,This Section IS NOT on the NHS,0,No Special Jurisdiction,0,,45.59612222,45.59612222,-122.74627222,-122.74627222,12,Motor Vehicle In-Transport,2,Front-to-Front,0,No,1,Non-Junction,1,Not an Intersection,1,On Roadway,0,,6,Dark - Unknown Lighting,98,Not Reported,0,No,0000000,Not Applicable,99,Unknown,99,Unknown,99,Unknown EMS Scene Arrival Hour,99,Unknown EMS Scene Arrival Minutes,99,Unknown,99,Unknown EMS Hospital Arrival Time,1
41,Oregon,410084,1,1,1,1,0,1,1,51,MULTNOMAH (51),1650,PORTLAND,3,March,12,12,3,Tuesday,2024,21,9:00pm-9:59pm,31,31,SW ALDER ST,SW THIRD AVE,0,Not Signed,2,Urban,4,Minor Arterial,4,City or Municipal Highway Agency,0,This Section IS NOT on the NHS,0,No Special Jurisdiction,0,,45.51893333,45.51893333,-122.67518056,-122.67518056,9,Pedalcyclist,0,The First Harmful Event was Not a Collision with a Motor Vehicle in Transport,0,No,2,Intersection,2,Four-Way Intersection,1,On Roadway,0,,3,Dark - Lighted,10,Cloudy,0,No,0000000,Not Applicable,21,9:00pm-9:59pm,31,31,21,9:00pm-9:59pm,34,34,21,9:00pm-9:59pm,53,53,1
41,Oregon,410085,0,0,3,3,0,4,4,35,KLAMATH (35),0,NOT APPLICABLE,3,March,21,21,5,Thursday,2024,12,12:00pm-12:59pm,19,19,US-97 ODOT 4,,2,U.S. Highway,1,Rural,3,Other Principal Arterial,1,State Highway Agency,1,This Section IS ON the NHS,0,No Special Jurisdiction,2810,2810,42.1421,42.1421,-121.81153333,-121.81153333,12,Motor Vehicle In-Transport,6,Angle,0,No,8,Driveway Access Related,1,Not an Intersection,1,On Roadway,0,,1,Daylight,1,Clear,0,No,0000000,Not Applicable,12,12:00pm-12:59pm,19,19,12,12:00pm-12:59pm,35,35,13,1:00pm-1:59pm,1,1,1
41,Oregon,410086,0,0,1,1,0,1,1,7,CLATSOP (7),0,NOT APPLICABLE,3,March,22,22,6,Friday,2024,23,11:00pm-11:59pm,15,15,SR-202 ODOT 102,,3,State Highway,1,Rural,5,Major Collector,1,State Highway Agency,0,This Section IS NOT on the NHS,0,No Special Jurisdiction,36,36,46.15918056,46.15918056,-123.80635278,-123.80635278,34,Ditch,0,The First Harmful Event was Not a Collision with a Motor Vehicle in Transport,0,No,1,Non-Junction,1,Not an Intersection,4,On Roadside,0,,2,Dark - Not Lighted,1,Clear,0,No,0000000,Not Applicable,23,11:00pm-11:59pm,15,15,23,11:00pm-11:59pm,23,23,88,Not Applicable (Not Transported),88,Not Applicable (Not Transported),1
41,Oregon,410087,0,0,2,2,0,3,3,47,MARION (47),1810,SALEM,3,March,23,23,7,Saturday,2024,1,1:00am-1:59am,38,38,KUEBLER BLVD S,LIBERTY RD S,0,Not Signed,2,Urban,3,Other Principal Arterial,4,City or Municipal Highway Agency,1,This Section IS ON the NHS,0,No Special Jurisdiction,0,,44.88281944,44.88281944,-123.06117222,-123.06117222,12,Motor Vehicle In-Transport,6,Angle,0,No,2,Intersection,2,Four-Way Intersection,1,On Roadway,0,,3,Dark - Lighted,10,Cloudy,0,No,0000000,Not Applicable,1,1:00am-1:59am,39,39,1,1:00am-1:59am,43,43,99,Unknown,99,Unknown EMS Hospital Arrival Time,1
41,Oregon,410088,0,0,2,2,0,3,3,15,CURRY (15),0,NOT APPLICABLE,3,March,25,25,2,Monday,2024,10,10:00am-10:59am,4,4,US-101 ODOT 9,BURNT HILL RD,2,U.S. Highway,1,Rural,3,Other Principal Arterial,1,State Highway Agency,1,This Section IS ON the NHS,0,No Special Jurisdiction,3422,3422,42.23468611,42.23468611,-124.38876944,-124.38876944,12,Motor Vehicle In-Transport,1,Front-to-Rear,0,No,3,Intersection-Related,3,T-Intersection,1,On Roadway,1,Construction,1,Daylight,2,Rain,0,No,0000000,Not Applicable,10,10:00am-10:59am,6,6,10,10:00am-10:59am,22,22,11,11:00am-11:59am,5,5,1
41,Oregon,410090,0,0,1,1,0,3,3,47,MARION (47),2260,WOODBURN,3,March,27,27,4,Wednesday,2024,1,1:00am-1:59am,53,53,N BOONES FERRY RD,VANDERBECK LN,0,Not Signed,2,Urban,4,Minor Arterial,4,City or Municipal Highway Agency,0,This Section IS NOT on the NHS,0,No Special Jurisdiction,0,,45.15824167,45.15824167,-122.85626389,-122.85626389,42,Tree (Standing Only),0,The First Harmful Event was Not a Collision with a Motor Vehicle in Transport,0,No,3,Intersection-Related,3,T-Intersection,4,On Roadside,0,,2,Dark - Not Lighted,2,Rain,0,No,0000000,Not Applicable,1,1:00am-1:59am,54,54,1,1:00am-1:59am,57,57,99,Unknown,99,Unknown EMS Hospital Arrival Time,1
41,Oregon,410091,1,1,1,1,0,1,1,33,JOSEPHINE (33),860,GRANTS PASS,2,February,28,28,4,Wednesday,2024,20,8:00pm-8:59pm,53,53,PARKDALE DR,,0,Not Signed,2,Urban,5,Major Collector,4,City or Municipal Highway Agency,0,This Section IS NOT on the NHS,0,No Special Jurisdiction,0,,42.42263611,42.42263611,-123.31992222,-123.31992222,8,Pedestrian,0,The First Harmful Event was Not a Collision with a Motor Vehicle in Transport,0,No,1,Non-Junction,1,Not an Intersection,1,On Roadway,0,,2,Dark - Not Lighted,2,Rain,0,No,0000000,Not Applicable,99,Unknown,99,Unknown,99,Unknown EMS Scene Arrival Hour,99,Unknown EMS Scene Arrival Minutes,99,Unknown,99,Unknown EMS Hospital Arrival Time,1
41,Oregon,410092,0,0,1,1,0,1,1,27,HOOD RIVER (27),0,NOT APPLICABLE,3,March,5,5,3,Tuesday,2024,11,11:00am-11:59am,43,43,FIR MOUNTAIN RD,,0,Not Signed,1,Rural,6,Minor Collector,2,County Highway Agency,0,This Section IS NOT on the NHS,0,No Special Jurisdiction,19,19,45.62857222,45.62857222,-121.49195,-121.49195,42,Tree (Standing Only),0,The First Harmful Event was Not a Collision with a Motor Vehicle in Transport,0,No,1,Non-Junction,1,Not an Intersection,4,On Roadside,0,,1,Daylight,1,Clear,0,No,0000000,Not Applicable,11,11:00am-11:59am,43,43,11,11:00am-11:59am,50,50,88,Not Applicable (Not Transported),88,Not Applicable (Not Transported),1
41,Oregon,410093,1,1,1,1,0,2,2,67,WASHINGTON (67),180,BEAVERTON,3,March,11,11,2,Monday,2024,12,12:00pm-12:59pm,34,34,SW SCHOLLS FERRY RD,SW DAVIES RD,0,Not Signed,2,Urban,3,Other Principal Arterial,4,City or Municipal Highway Agency,1,This Section IS ON the NHS,0,No Special Jurisdiction,0,,45.43990833,45.43990833,-122.82086389,-122.82086389,8,Pedestrian,0,The First Harmful Event was Not a Collision with a Motor Vehicle in Transport,0,No,3,Intersection-Related,2,Four-Way Intersection,1,On Roadway,1,Construction,1,Daylight,2,Rain,0,No,0000000,Not Applicable,12,12:00pm-12:59pm,34,34,12,12:00pm-12:59pm,38,38,13,1:00pm-1:59pm,12,12,1
41,Oregon,410094,0,0,2,2,0,2,2,1,BAKER (1),0,NOT APPLICABLE,3,March,29,29,6,Friday,2024,13,1:00pm-1:59pm,53,53,I-84,,1,Interstate,1,Rural,1,Interstate,1,State Highway Agency,1,This Section IS ON the NHS,0,No Special Jurisdiction,3320,3320,44.53325,44.53325,-117.40950833,-117.40950833,12,Motor Vehicle In-Transport,1,Front-to-Rear,0,No,1,Non-Junction,1,Not an Intersection,1,On Roadway,0,,1,Daylight,10,Cloudy,0,No,0000000,Not Applicable,13,1:00pm-1:59pm,55,55,14,2:00pm-2:59pm,19,19,88,Not Applicable (Not Transported),88,Not Applicable (Not Transported),1
41,Oregon,410095,0,0,2,2,0,6,6,5,CLACKAMAS (5),0,NOT APPLICABLE,3,March,30,30,7,Saturday,2024,14,2:00pm-2:59pm,42,42,SR-11 ODOT 161,S MERIDIAN RD,3,State Highway,1,Rural,4,Minor Arterial,2,County Highway Agency,0,This Section IS NOT on the NHS,0,No Special Jurisdiction,37,37,45.14433611,45.14433611,-122.75741389,-122.75741389,12,Motor Vehicle In-Transport,6,Angle,0,No,2,Intersection,2,Four-Way Intersection,1,On Roadway,0,,1,Daylight,1,Clear,0,No,0000000,Not Applicable,14,2:00pm-2:59pm,42,42,14,2:00pm-2:59pm,52,52,99,Unknown,99,Unknown EMS Hospital Arrival Time,2
41,Oregon,410096,0,0,2,2,0,3,3,53,POLK (53),0,NOT APPLICABLE,3,March,30,30,7,Saturday,2024,18,6:00pm-6:59pm,50,50,SR-18 ODOT 39,GRAND RONDE RD,3,State Highway,1,Rural,3,Other Principal Arterial,1,State Highway Agency,1,This Section IS ON the NHS,0,No Special Jurisdiction,211,211,45.05919444,45.05919444,-123.60935833,-123.60935833,12,Motor Vehicle In-Transport,6,Angle,0,No,2,Intersection,2,Four-Way Intersection,1,On Roadway,0,,5,Dusk,1,Clear,0,No,0000000,Not Applicable,99,Unknown,99,Unknown,99,Unknown EMS Scene Arrival Hour,99,Unknown EMS Scene Arrival Minutes,99,Unknown,99,Unknown EMS Hospital Arrival Time,1
41,Oregon,410097,0,0,2,2,0,4,4,67,WASHINGTON (67),2065,TIGARD,3,March,30,30,7,Saturday,2024,6,6:00am-6:59am,15,15,SW ROY ROGERS RD,,0,Not Signed,2,Urban,4,Minor Arterial,4,City or Municipal Highway Agency,0,This Section IS NOT on the NHS,0,No Special Jurisdiction,0,,45.40769444,45.40769444,-122.85164167,-122.85164167,12,Motor Vehicle In-Transport,2,Front-to-Front,0,No,1,Non-Junction,1,Not an Intersection,1,On Roadway,1,Construction,4,Dawn,1,Clear,0,No,0000000,Not Applicable,6,6:00am-6:59am,19,19,6,6:00am-6:59am,34,34,7,7:00am-7:59am,20,20,2
41,Oregon,410098,0,0,2,2,0,2,2,47,MARION (47),1810,SALEM,4,April,2,2,3,Tuesday,2024,6,6:00am-6:59am,37,37,COMMERCIAL ST SE,,0,Not Signed,2,Urban,3,Other Principal Arterial,4,City or Municipal Highway Agency,1,This Section IS ON the NHS,0,No Special Jurisdiction,0,,44.90094444,44.90094444,-123.03944722,-123.03944722,12,Motor Vehicle In-Transport,2,Front-to-Front,0,No,1,Non-Junction,1,Not an Intersection,1,On Roadway,0,,1,Daylight,1,Clear,0,No,0000000,Not Applicable,6,6:00am-6:59am,37,37,6,6:00am-6:59am,40,40,99,Unknown,99,Unknown EMS Hospital Arrival Time,1
41,Oregon,410099,1,1,1,1,0,1,1,51,MULTNOMAH (51),1650,PORTLAND,4,April,2,2,3,Tuesday,2024,23,11:00pm-11:59pm,8,8,I-5 RAMP,,1,Interstate,2,Urban,1,Interstate,1,State Highway Agency,1,This Section IS ON the NHS,0,No Special Jurisdiction,3026,3026,45.53729444,45.53729444,-122.66905833,-122.66905833,8,Pedestrian,0,The First Harmful Event was Not a Collision with a Motor Vehicle in Transport,1,Yes,5,Entrance/Exit Ramp Related,1,Not an Intersection,2,On Shoulder,0,,3,Dark - Lighted,10,Cloudy,0,No,0000000,Not Applicable,99,Unknown,99,Unknown,99,Unknown EMS Scene Arrival Hour,99,Unknown EMS Scene Arrival Minutes,88,Not Applicable (Not Transported),88,Not Applicable (Not Transported),1
41,Oregon,410100,0,0,1,1,0,1,1,39,LANE (39),0,NOT APPLICABLE,4,April,3,3,4,Wednesday,2024,14,2:00pm-2:59pm,49,49,CLEAR LAKE RD,,0,Not Signed,1,Rural,5,Major Collector,2,County Highway Agency,0,This Section IS NOT on the NHS,0,No Special Jurisdiction,40,40,44.10663611,44.10663611,-123.25358333,-123.25358333,53,Mail Box,0,The First Harmful Event was Not a Collision with a Motor Vehicle in Transport,0,No,1,Non-Junction,1,Not an Intersection,4,On Roadside,0,,1,Daylight,1,Clear,0,No,0000000,Not Applicable,99,Unknown,99,Unknown,99,Unknown EMS Scene Arrival Hour,99,Unknown EMS Scene Arrival Minutes,88,Not Applicable (Not Transported),88,Not Applicable (Not Transported),1
41,Oregon,410101,1,1,1,1,0,4,4,19,DOUGLAS (19),280,CANYONVILLE,4,April,4,4,5,Thursday,2024,3,3:00am-3:59am,0,0,I-5,,1,Interstate,1,Rural,1,Interstate,1,State Highway Agency,1,This Section IS ON the NHS,0,No Special Jurisdiction,988,988,42.93193889,42.93193889,-123.28332222,-123.28332222,8,Pedestrian,0,The First Harmful Event was Not a Collision with a Motor Vehicle in Transport,0,No,1,Non-Junction,1,Not an Intersection,1,On Roadway,0,,6,Dark - Unknown Lighting,10,Cloudy,0,No,0000000,Not Applicable,3,3:00am-3:59am,0,0,3,3:00am-3:59am,19,19,88,Not Applicable (Not Transported),88,Not Applicable (Not Transported),1
41,Oregon,410102,0,0,1,1,0,1,1,5,CLACKAMAS (5),0,NOT APPLICABLE,3,March,8,8,6,Friday,2024,17,5:00pm-5:59pm,50,50,SE AMSIGGER RD,,0,Not Signed,1,Rural,4,Minor Arterial,2,County Highway Agency,0,This Section IS NOT on the NHS,0,No Special Jurisdiction,6,6,45.39394722,45.39394722,-122.38821389,-122.38821389,34,Ditch,0,The First Harmful Event was Not a Collision with a Motor Vehicle in Transport,0,No,1,Non-Junction,1,Not an Intersection,4,On Roadside,0,,1,Daylight,1,Clear,0,No,0000000,Not Applicable,99,Unknown,99,Unknown,99,Unknown EMS Scene Arrival Hour,99,Unknown EMS Scene Arrival Minutes,88,Not Applicable (Not Transported),88,Not Applicable (Not Transported),1
41,Oregon,410103,1,1,1,1,0,1,1,19,DOUGLAS (19),1780,ROSEBURG,4,April,6,6,7,Saturday,2024,14,2:00pm-2:59pm,0,0,I-5,,1,Interstate,2,Urban,1,Interstate,1,State Highway Agency,1,This Section IS ON the NHS,0,No Special Jurisdiction,1247,1247,43.22380278,43.22380278,-123.35997778,-123.35997778,8,Pedestrian,0,The First Harmful Event was Not a Collision with a Motor Vehicle in Transport,0,No,1,Non-Junction,1,Not an Intersection,1,On Roadway,0,,1,Daylight,10,Cloudy,0,No,0000000,Not Applicable,99,Unknown,99,Unknown,99,Unknown EMS Scene Arrival Hour,99,Unknown EMS Scene Arrival Minutes,88,Not Applicable (Not Transported),88,Not Applicable (Not Transported),1
41,Oregon,410104,0,0,1,1,0,1,1,19,DOUGLAS (19),0,NOT APPLICABLE,4,April,6,6,7,Saturday,2024,17,5:00pm-5:59pm,20,20,SR-38 ODOT 45,,3,State Highway,1,Rural,3,Other Principal Arterial,1,State Highway Agency,1,This Section IS ON the NHS,0,No Special Jurisdiction,306,306,43.64003889,43.64003889,-123.66799444,-123.66799444,24,Guardrail Face,0,The First Harmful Event was Not a Collision with a Motor Vehicle in Transport,0,No,1,Non-Junction,1,Not an Intersection,4,On Roadside,0,,1,Daylight,2,Rain,0,No,0000000,Not Applicable,17,5:00pm-5:59pm,25,25,17,5:00pm-5:59pm,46,46,88,Not Applicable (Not Transported),88,Not Applicable (Not Transported),1
41,Oregon,410105,0,0,2,2,0,2,2,5,CLACKAMAS (5),0,NOT APPLICABLE,3,March,14,14,5,Thursday,2024,9,9:00am-9:59am,12,12,SR-213 ODOT 160,,3,State Highway,2,Urban,4,Minor Arterial,1,State Highway Agency,0,This Section IS NOT on the NHS,0,No Special Jurisdiction,58,58,45.28989722,45.28989722,-122.56439722,-122.56439722,12,Motor Vehicle In-Transport,1,Front-to-Rear,0,No,1,Non-Junction,1,Not an Intersection,1,On Roadway,0,,1,Daylight,1,Clear,0,No,0000000,Not Applicable,9,9:00am-9:59am,24,24,9,9:00am-9:59am,48,48,10,10:00am-10:59am,20,20,1
41,Oregon,410106,0,0,1,1,0,1,1,71,YAMHILL (71),0,NOT APPLICABLE,4,April,4,4,5,Thursday,2024,6,6:00am-6:59am,0,0,NE ALBERTSON RD,,0,Not Signed,1,Rural,7,Local,2,County Highway Agency,0,This Section IS NOT on the NHS,0,No Special Jurisdiction,39,39,45.401575,45.401575,-123.05769444,-123.05769444,42,Tree (Standing Only),0,The First Harmful Event was Not a Collision with a Motor Vehicle in Transport,0,No,1,Non-Junction,1,Not an Intersection,4,On Roadside,0,,8,Not Reported,98,Not Reported,0,No,0000000,Not Applicable,99,Unknown,99,Unknown,99,Unknown EMS Scene Arrival Hour,99,Unknown EMS Scene Arrival Minutes,88,Not Applicable (Not Transported),88,Not Applicable (Not Transported),1
41,Oregon,410107,1,1,1,1,0,1,1,51,MULTNOMAH (51),1650,PORTLAND,4,April,1,1,2,Monday,2024,6,6:00am-6:59am,18,18,N INTERSTATE AVE,,0,Not Signed,2,Urban,4,Minor Arterial,4,City or Municipal Highway Agency,0,This Section IS NOT on the NHS,0,No Special Jurisdiction,0,,45.560975,45.560975,-122.68235556,-122.68235556,8,Pedestrian,0,The First Harmful Event was Not a Collision with a Motor Vehicle in Transport,0,No,1,Non-Junction,1,Not an Intersection,1,On Roadway,0,,3,Dark - Lighted,1,Clear,0,No,0000000,Not Applicable,6,6:00am-6:59am,18,18,6,6:00am-6:59am,24,24,6,6:00am-6:59am,39,39,1
41,Oregon,410108,0,0,1,1,0,2,2,33,JOSEPHINE (33),0,NOT APPLICABLE,4,April,8,8,2,Monday,2024,18,6:00pm-6:59pm,5,5,SR-260 ODOT 260,,3,State Highway,1,Rural,5,Major Collector,1,State Highway Agency,0,This Section IS NOT on the NHS,0,No Special Jurisdiction,200,200,42.42351389,42.42351389,-123.47181944,-123.47181944,53,Mail Box,0,The First Harmful Event was Not a Collision with a Motor Vehicle in Transport,0,No,1,Non-Junction,1,Not an Intersection,4,On Roadside,0,,1,Daylight,1,Clear,0,No,0000000,Not Applicable,18,6:00pm-6:59pm,5,5,18,6:00pm-6:59pm,10,10,88,Not Applicable (Not Transported),88,Not Applicable (Not Transported),2
41,Oregon,410109,1,1,1,1,0,1,1,5,CLACKAMAS (5),1360,MILWAUKIE,4,April,9,9,3,Tuesday,2024,13,1:00pm-1:59pm,40,40,SR-99 ODOT 81,,3,State Highway,2,Urban,3,Other Principal Arterial,1,State Highway Agency,1,This Section IS ON the NHS,0,No Special Jurisdiction,62,62,45.43892222,45.43892222,-122.64095833,-122.64095833,8,Pedestrian,0,The First Harmful Event was Not a Collision with a Motor Vehicle in Transport,0,No,1,Non-Junction,1,Not an Intersection,1,On Roadway,0,,1,Daylight,1,Clear,0,No,0000000,Not Applicable,13,1:00pm-1:59pm,41,41,13,1:00pm-1:59pm,47,47,88,Not Applicable (Not Transported),88,Not Applicable (Not Transported),1
41,Oregon,410110,0,0,3,3,0,5,5,7,CLATSOP (7),0,NOT APPLICABLE,4,April,10,10,4,Wednesday,2024,12,12:00pm-12:59pm,35,35,US-101 ODOT 9,,2,U.S. Highway,2,Urban,3,Other Principal Arterial,1,State Highway Agency,1,This Section IS ON the NHS,0,No Special Jurisdiction,128,128,46.10933611,46.10933611,-123.921825,-123.921825,24,Guardrail Face,0,The First Harmful Event was Not a Collision with a Motor Vehicle in Transport,0,No,1,Non-Junction,1,Not an Intersection,4,On Roadside,0,,1,Daylight,1,Clear,0,No,0000000,Not Applicable,12,12:00pm-12:59pm,40,40,12,12:00pm-12:59pm,43,43,99,Unknown,99,Unknown EMS Hospital Arrival Time,1
41,Oregon,410111,0,0,1,1,0,1,1,67,WASHINGTON (67),0,NOT APPLICABLE,4,April,10,10,4,Wednesday,2024,21,9:00pm-9:59pm,0,0,SW RIVER RD,,0,Not Signed,1,Rural,4,Minor Arterial,2,County Highway Agency,0,This Section IS NOT on the NHS,0,No Special Jurisdiction,0,,45.43328333,45.43328333,-122.94093333,-122.94093333,32,Culvert,0,The First Harmful Event was Not a Collision with a Motor Vehicle in Transport,0,No,1,Non-Junction,1,Not an Intersection,4,On Roadside,0,,2,Dark - Not Lighted,1,Clear,0,No,0000000,Not Applicable,21,9:00pm-9:59pm,0,0,21,9:00pm-9:59pm,10,10,88,Not Applicable (Not Transported),88,Not Applicable (Not Transported),1
41,Oregon,410112,0,0,2,2,0,2,2,47,MARION (47),1810,SALEM,4,April,11,11,5,Thursday,2024,22,10:00pm-10:59pm,46,46,KUEBLER BLVD SE,BATTLE CREEK RD SE,0,Not Signed,2,Urban,3,Other Principal Arterial,4,City or Municipal Highway Agency,1,This Section IS ON the NHS,0,No Special Jurisdiction,0,,44.88435278,44.88435278,-123.012375,-123.012375,12,Motor Vehicle In-Transport,6,Angle,0,No,2,Intersection,2,Four-Way Intersection,1,On Roadway,0,,3,Dark - Lighted,2,Rain,0,No,0000000,Not Applicable,22,10:00pm-10:59pm,47,47,22,10:00pm-10:59pm,50,50,99,Unknown,99,Unknown EMS Hospital Arrival Time,1
41,Oregon,410113,0,0,2,2,0,4,4,17,DESCHUTES (17),0,NOT APPLICABLE,4,April,12,12,6,Friday,2024,10,10:00am-10:59am,45,45,KNOTT RD,,0,Not Signed,2,Urban,4,Minor Arterial,2,County Highway Agency,0,This Section IS NOT on the NHS,0,No Special Jurisdiction,0,,43.99721111,43.99721111,-121.31770278,-121.31770278,12,Motor Vehicle In-Transport,7,Sideswipe - Same Direction,0,No,1,Non-Junction,1,Not an Intersection,1,On Roadway,0,,1,Daylight,10,Cloudy,0,No,0000000,Not Applicable,11,11:00am-11:59am,19,19,11,11:00am-11:59am,28,28,99,Unknown,99,Unknown EMS Hospital Arrival Time,2
41,Oregon,410115,0,0,2,1,1,1,1,29,JACKSON (29),0,NOT APPLICABLE,4,April,11,11,5,Thursday,2024,13,1:00pm-1:59pm,46,46,AVENUE A,,0,Not Signed,2,Urban,7,Local,2,County Highway Agency,0,This Section IS NOT on the NHS,0,No Special Jurisdiction,2,2,42.42543889,42.42543889,-122.81390278,-122.81390278,43,Other Fixed Object,0,The First Harmful Event was Not a Collision with a Motor Vehicle in Transport,0,No,1,Non-Junction,1,Not an Intersection,4,On Roadside,0,,1,Daylight,1,Clear,0,No,0000000,Not Applicable,13,1:00pm-1:59pm,49,49,13,1:00pm-1:59pm,55,55,88,Not Applicable (Not Transported),88,Not Applicable (Not Transported),1
41,Oregon,410116,0,0,1,1,0,1,1,11,COOS (11),0,NOT APPLICABLE,4,April,18,18,5,Thursday,2024,14,2:00pm-2:59pm,28,28,FAIRVIEW RD,,0,Not Signed,1,Rural,5,Major Collector,2,County Highway Agency,0,This Section IS NOT on the NHS,0,No Special Jurisdiction,13,13,43.19477222,43.19477222,-124.16996944,-124.16996944,42,Tree (Standing Only),0,The First Harmful Event was Not a Collision with a Motor Vehicle in Transport,0,No,1,Non-Junction,1,Not an Intersection,4,On Roadside,0,,1,Daylight,1,Clear,0,No,0000000,Not Applicable,14,2:00pm-2:59pm,31,31,14,2:00pm-2:59pm,35,35,88,Not Applicable (Not Transported),88,Not Applicable (Not Transported),1
41,Oregon,410117,0,0,1,1,0,1,1,47,MARION (47),1810,SALEM,4,April,18,18,5,Thursday,2024,18,6:00pm-6:59pm,11,11,SR-22 ODOT 30 RAMP,,3,State Highway,2,Urban,2,Other Freeways and Expressways,1,State Highway Agency,1,This Section IS ON the NHS,0,No Special Jurisdiction,260,260,44.94416667,44.94416667,-123.041225,-123.041225,25,Concrete Traffic Barrier,0,The First Harmful Event was Not a Collision with a Motor Vehicle in Transport,1,Yes,5,Entrance/Exit Ramp Related,1,Not an Intersection,4,On Roadside,0,,1,Daylight,1,Clear,0,No,0000000,Not Applicable,18,6:00pm-6:59pm,11,11,18,6:00pm-6:59pm,15,15,88,Not Applicable (Not Transported),88,Not Applicable (Not Transported),1
41,Oregon,410118,0,0,1,1,0,1,1,19,DOUGLAS (19),0,NOT APPLICABLE,4,April,19,19,6,Friday,2024,19,7:00pm-7:59pm,58,58,I-5,,1,Interstate,1,Rural,1,Interstate,1,State Highway Agency,1,This Section IS ON the NHS,0,No Special Jurisdiction,1463,1463,43.51494167,43.51494167,-123.31484722,-123.31484722,59,Traffic Sign Support,0,The First Harmful Event was Not a Collision with a Motor Vehicle in Transport,0,No,1,Non-Junction,1,Not an Intersection,3,On Median,0,,5,Dusk,1,Clear,0,No,0000000,Not Applicable,20,8:00pm-8:59pm,0,0,20,8:00pm-8:59pm,13,13,88,Not Applicable (Not Transported),88,Not Applicable (Not Transported),1
41,Oregon,410119,0,0,2,2,0,4,4,41,LINCOLN (41),0,NOT APPLICABLE,4,April,22,22,2,Monday,2024,17,5:00pm-5:59pm,20,20,US-101 ODOT 9,,2,U.S. Highway,2,Urban,3,Other Principal Arterial,1,State Highway Agency,1,This Section IS ON the NHS,0,No Special Jurisdiction,1431,1431,44.60248333,44.60248333,-124.05665,-124.05665,12,Motor Vehicle In-Transport,6,Angle,0,No,1,Non-Junction,1,Not an Intersection,1,On Roadway,0,,1,Daylight,1,Clear,0,No,0000000,Not Applicable,17,5:00pm-5:59pm,26,26,17,5:00pm-5:59pm,30,30,17,5:00pm-5:59pm,48,48,1
41,Oregon,410120,0,0,1,1,0,2,2,47,MARION (47),0,NOT APPLICABLE,4,April,12,12,6,Friday,2024,15,3:00pm-3:59pm,36,36,BUTTEVILLE RD NE,,0,Not Signed,2,Urban,5,Major Collector,2,County Highway Agency,0,This Section IS NOT on the NHS,0,No Special Jurisdiction,3,3,45.25995,45.25995,-122.84293056,-122.84293056,42,Tree (Standing Only),0,The First Harmful Event was Not a Collision with a Motor Vehicle in Transport,0,No,1,Non-Junction,1,Not an Intersection,4,On Roadside,0,,1,Daylight,1,Clear,0,No,0000000,Not Applicable,15,3:00pm-3:59pm,36,36,15,3:00pm-3:59pm,55,55,99,Unknown,99,Unknown EMS Hospital Arrival Time,1
41,Oregon,410121,0,0,2,2,0,3,3,67,WASHINGTON (67),180,BEAVERTON,4,April,22,22,2,Monday,2024,10,10:00am-10:59am,11,11,NW MURRAY BLVD,NW SCIENCE PARK DR,0,Not Signed,2,Urban,4,Minor Arterial,4,City or Municipal Highway Agency,0,This Section IS NOT on the NHS,0,No Special Jurisdiction,0,,45.52491389,45.52491389,-122.81512778,-122.81512778,12,Motor Vehicle In-Transport,6,Angle,0,No,2,Intersection,3,T-Intersection,1,On Roadway,0,,1,Daylight,1,Clear,0,No,0000000,Not Applicable,10,10:00am-10:59am,12,12,10,10:00am-10:59am,15,15,88,Not Applicable (Not Transported),88,Not Applicable (Not Transported),1
41,Oregon,410122,0,0,2,2,0,3,3,45,MALHEUR (45),0,NOT APPLICABLE,4,April,23,23,3,Tuesday,2024,16,4:00pm-4:59pm,23,23,US-20 ODOT 7,,2,U.S. Highway,1,Rural,3,Other Principal Arterial,1,State Highway Agency,1,This Section IS ON the NHS,0,No Special Jurisdiction,2345,2345,43.91584167,43.91584167,-117.41459167,-117.41459167,12,Motor Vehicle In-Transport,2,Front-to-Front,0,No,1,Non-Junction,1,Not an Intersection,1,On Roadway,0,,1,Daylight,1,Clear,0,No,0000000,Not Applicable,16,4:00pm-4:59pm,32,32,17,5:00pm-5:59pm,16,16,17,5:00pm-5:59pm,56,56,1
41,Oregon,410123,1,1,1,1,0,1,1,3,BENTON (3),0,NOT APPLICABLE,4,April,20,20,7,Saturday,2024,99,Unknown Hours,99,Unknown Minutes,US-20 ODOT 31,,2,U.S. Highway,1,Rural,3,Other Principal Arterial,1,State Highway Agency,1,This Section IS ON the NHS,0,No Special Jurisdiction,76,76,44.63959722,44.63959722,-123.15794444,-123.15794444,8,Pedestrian,0,The First Harmful Event was Not a Collision with a Motor Vehicle in Transport,0,No,1,Non-Junction,1,Not an Intersection,99,Reported as Unknown,0,,2,Dark - Not Lighted,99,Reported as Unknown,0,No,0000000,Not Applicable,99,Unknown,99,Unknown,99,Unknown EMS Scene Arrival Hour,99,Unknown EMS Scene Arrival Minutes,88,Not Applicable (Not Transported),88,Not Applicable (Not Transported),1
41,Oregon,410124,0,0,2,2,0,2,2,47,MARION (47),1810,SALEM,4,April,24,24,4,Wednesday,2024,7,7:00am-7:59am,4,4,COMMERCIAL ST SE,,0,Not Signed,2,Urban,3,Other Principal Arterial,4,City or Municipal Highway Agency,1,This Section IS ON the NHS,0,No Special Jurisdiction,0,,44.892125,44.892125,-123.03528333,-123.03528333,12,Motor Vehicle In-Transport,6,Angle,0,No,8,Driveway Access Related,1,Not an Intersection,1,On Roadway,1,Construction,1,Daylight,10,Cloudy,0,No,0000000,Not Applicable,7,7:00am-7:59am,4,4,7,7:00am-7:59am,8,8,88,Not Applicable (Not Transported),88,Not Applicable (Not Transported),1
41,Oregon,410125,0,0,2,2,0,3,3,41,LINCOLN (41),0,NOT APPLICABLE,4,April,26,26,6,Friday,2024,16,4:00pm-4:59pm,42,42,US-20 ODOT 33,,2,U.S. Highway,2,Urban,3,Other Principal Arterial,1,State Highway Agency,1,This Section IS ON the NHS,0,No Special Jurisdiction,14,14,44.63363056,44.63363056,-124.02401111,-124.02401111,12,Motor Vehicle In-Transport,2,Front-to-Front,0,No,1,Non-Junction,1,Not an Intersection,1,On Roadway,0,,1,Daylight,10,Cloudy,0,No,0000000,Not Applicable,16,4:00pm-4:59pm,42,42,16,4:00pm-4:59pm,48,48,99,Unknown,99,Unknown EMS Hospital Arrival Time,1
41,Oregon,410126,0,0,1,1,0,2,2,57,TILLAMOOK (57),0,NOT APPLICABLE,4,April,27,27,7,Saturday,2024,16,4:00pm-4:59pm,55,55,US-101 ODOT 9,,2,U.S. Highway,1,Rural,3,Other Principal Arterial,1,State Highway Agency,1,This Section IS ON the NHS,0,No Special Jurisdiction,390,390,45.76385,45.76385,-123.95424167,-123.95424167,42,Tree (Standing Only),0,The First Harmful Event was Not a Collision with a Motor Vehicle in Transport,0,No,1,Non-Junction,1,Not an Intersection,4,On Roadside,0,,1,Daylight,2,Rain,0,No,0000000,Not Applicable,16,4:00pm-4:59pm,55,55,17,5:00pm-5:59pm,20,20,99,Unknown,99,Unknown EMS Hospital Arrival Time,1
41,Oregon,410127,0,0,1,1,0,1,1,41,LINCOLN (41),0,NOT APPLICABLE,1,January,14,14,1,Sunday,2024,20,8:00pm-8:59pm,0,0,N BAYVIEW RD,,0,Not Signed,1,Rural,5,Major Collector,2,County Highway Agency,0,This Section IS NOT on the NHS,0,No Special Jurisdiction,9,9,44.44299444,44.44299444,-124.06366667,-124.06366667,35,Embankment,0,The First Harmful Event was Not a Collision with a Motor Vehicle in Transport,0,No,1,Non-Junction,1,Not an Intersection,4,On Roadside,0,,2,Dark - Not Lighted,10,Cloudy,0,No,0000000,Not Applicable,21,9:00pm-9:59pm,19,19,21,9:00pm-9:59pm,22,22,88,Not Applicable (Not Transported),88,Not Applicable (Not Transported),1
41,Oregon,410128,0,0,2,2,0,3,3,5,CLACKAMAS (5),0,NOT APPLICABLE,3,March,29,29,6,Friday,2024,19,7:00pm-7:59pm,51,51,SR-224 ODOT 171,,3,State Highway,1,Rural,4,Minor Arterial,1,State Highway Agency,0,This Section IS NOT on the NHS,0,No Special Jurisdiction,130,130,45.390475,45.390475,-122.43584444,-122.43584444,12,Motor Vehicle In-Transport,8,Sideswipe - Opposite Direction,0,No,1,Non-Junction,1,Not an Intersection,1,On Roadway,0,,5,Dusk,1,Clear,0,No,0000000,Not Applicable,19,7:00pm-7:59pm,55,55,20,8:00pm-8:59pm,7,7,99,Unknown,99,Unknown EMS Hospital Arrival Time,1
41,Oregon,410130,0,0,1,1,0,2,2,11,COOS (11),0,NOT APPLICABLE,5,May,5,5,1,Sunday,2024,13,1:00pm-1:59pm,2,2,US-101 ODOT 9,,2,U.S. Highway,1,Rural,3,Other Principal Arterial,1,State Highway Agency,1,This Section IS ON the NHS,0,No Special Jurisdiction,2488,2488,43.25463611,43.25463611,-124.27537778,-124.27537778,93,Unknown Fixed Object,0,The First Harmful Event was Not a Collision with a Motor Vehicle in Transport,0,No,1,Non-Junction,1,Not an Intersection,4,On Roadside,0,,1,Daylight,10,Cloudy,0,No,0000000,Not Applicable,13,1:00pm-1:59pm,2,2,13,1:00pm-1:59pm,9,9,99,Unknown,99,Unknown EMS Hospital Arrival Time,1
41,Oregon,410131,0,0,1,1,0,1,1,19,DOUGLAS (19),0,NOT APPLICABLE,2,February,29,29,5,Thursday,2024,99,Unknown Hours,99,Unknown Minutes,SR-138E ODOT 138,,3,State Highway,1,Rural,4,Minor Arterial,2,County Highway Agency,0,This Section IS NOT on the NHS,0,No Special Jurisdiction,415,415,43.32813056,43.32813056,-122.69869444,-122.69869444,17,Boulder,0,The First Harmful Event was Not a Collision with a Motor Vehicle in Transport,0,No,1,Non-Junction,1,Not an Intersection,4,On Roadside,0,,1,Daylight,4,Snow,0,No,0000000,Not Applicable,9,9:00am-9:59am,40,40,10,10:00am-10:59am,20,20,88,Not Applicable (Not Transported),88,Not Applicable (Not Transported),1
41,Oregon,410132,1,1,1,1,0,1,1,51,MULTNOMAH (51),1650,PORTLAND,5,May,4,4,7,Saturday,2024,2,2:00am-2:59am,6,6,NE HALSEY ST,,0,Not Signed,2,Urban,4,Minor Arterial,4,City or Municipal Highway Agency,0,This Section IS NOT on the NHS,0,No Special Jurisdiction,0,,45.53349722,45.53349722,-122.57057778,-122.57057778,8,Pedestrian,0,The First Harmful Event was Not a Collision with a Motor Vehicle in Transport,0,No,1,Non-Junction,1,Not an Intersection,1,On Roadway,0,,3,Dark - Lighted,2,Rain,0,No,0000000,Not Applicable,2,2:00am-2:59am,7,7,2,2:00am-2:59am,11,11,2,2:00am-2:59am,31,31,1
41,Oregon,410133,0,0,1,1,0,1,1,59,UMATILLA (59),0,NOT APPLICABLE,5,May,9,9,5,Thursday,2024,99,Unknown Hours,99,Unknown Minutes,EMIGRANT RD,,0,Not Signed,1,Rural,5,Major Collector,2,County Highway Agency,0,This Section IS NOT on the NHS,3,Indian Reservation,49,49,45.66163611,45.66163611,-118.65588056,-118.65588056,42,Tree (Standing Only),0,The First Harmful Event was Not a Collision with a Motor Vehicle in Transport,0,No,1,Non-Junction,1,Not an Intersection,4,On Roadside,0,,9,Reported as Unknown,1,Clear,0,No,0000000,Not Applicable,18,6:00pm-6:59pm,30,30,18,6:00pm-6:59pm,35,35,88,Not Applicable (Not Transported),88,Not Applicable (Not Transported),1
41,Oregon,410134,0,0,1,1,0,2,2,69,WHEELER (69),0,NOT APPLICABLE,5,May,11,11,7,Saturday,2024,14,2:00pm-2:59pm,2,2,SR-207 ODOT 390,,3,State Highway,1,Rural,5,Major Collector,1,State Highway Agency,0,This Section IS NOT on the NHS,0,No Special Jurisdiction,179,179,44.63082778,44.63082778,-120.09987222,-120.09987222,35,Embankment,0,The First Harmful Event was Not a Collision with a Motor Vehicle in Transport,0,No,1,Non-Junction,1,Not an Intersection,4,On Roadside,0,,1,Daylight,1,Clear,0,No,0000000,Not Applicable,14,2:00pm-2:59pm,2,2,14,2:00pm-2:59pm,20,20,99,Unknown,99,Unknown EMS Hospital Arrival Time,1
41,Oregon,410135,0,0,1,1,0,1,1,5,CLACKAMAS (5),0,NOT APPLICABLE,5,May,11,11,7,Saturday,2024,99,Unknown Hours,99,Unknown Minutes,SR-213 ODOT 160,,3,State Highway,1,Rural,4,Minor Arterial,1,State Highway Agency,0,This Section IS NOT on the NHS,0,No Special Jurisdiction,125,125,45.19813333,45.19813333,-122.58090556,-122.58090556,1,Rollover/Overturn,0,The First Harmful Event was Not a Collision with a Motor Vehicle in Transport,0,No,1,Non-Junction,1,Not an Intersection,1,On Roadway,0,,1,Daylight,99,Reported as Unknown,0,No,0000000,Not Applicable,14,2:00pm-2:59pm,54,54,15,3:00pm-3:59pm,4,4,88,Not Applicable (Not Transported),88,Not Applicable (Not Transported),1
41,Oregon,410136,0,0,3,3,0,4,4,5,CLACKAMAS (5),0,NOT APPLICABLE,5,May,10,10,6,Friday,2024,22,10:00pm-10:59pm,10,10,US-26 ODOT 26,,2,U.S. Highway,1,Rural,3,Other Principal Arterial,1,State Highway Agency,1,This Section IS ON the NHS,0,No Special Jurisdiction,361,361,45.378375,45.378375,-122.04190556,-122.04190556,12,Motor Vehicle In-Transport,6,Angle,0,No,8,Driveway Access Related,1,Not an Intersection,1,On Roadway,0,,2,Dark - Not Lighted,1,Clear,0,No,0000000,Not Applicable,99,Unknown,99,Unknown,99,Unknown EMS Scene Arrival Hour,99,Unknown EMS Scene Arrival Minutes,88,Not Applicable (Not Transported),88,Not Applicable (Not Transported),1
41,Oregon,410138,1,1,1,1,0,1,1,47,MARION (47),1810,SALEM,5,May,5,5,1,Sunday,2024,11,11:00am-11:59am,35,35,RICKEY ST SE,,0,Not Signed,2,Urban,4,Minor Arterial,4,City or Municipal Highway Agency,0,This Section IS NOT on the NHS,0,No Special Jurisdiction,0,,44.91559722,44.91559722,-122.97685556,-122.97685556,8,Pedestrian,0,The First Harmful Event was Not a Collision with a Motor Vehicle in Transport,0,No,1,Non-Junction,1,Not an Intersection,1,On Roadway,0,,1,Daylight,10,Cloudy,0,No,0000000,Not Applicable,11,11:00am-11:59am,40,40,11,11:00am-11:59am,45,45,11,11:00am-11:59am,58,58,1
41,Oregon,410139,1,1,1,1,0,1,1,39,LANE (39),660,EUGENE,4,April,15,15,2,Monday,2024,21,9:00pm-9:59pm,7,7,POLK ST,W FOURTH AVE,0,Not Signed,2,Urban,5,Major Collector,4,City or Municipal Highway Agency,0,This Section IS NOT on the NHS,0,No Special Jurisdiction,0,,44.05546944,44.05546944,-123.112525,-123.112525,8,Pedestrian,0,The First Harmful Event was Not a Collision with a Motor Vehicle in Transport,0,No,2,Intersection,2,Four-Way Intersection,1,On Roadway,0,,2,Dark - Not Lighted,10,Cloudy,0,No,0000000,Not Applicable,21,9:00pm-9:59pm,11,11,21,9:00pm-9:59pm,17,17,88,Not Applicable (Not Transported),88,Not Applicable (Not Transported),1
41,Oregon,410140,0,0,2,2,0,7,7,3,BENTON (3),0,NOT APPLICABLE,5,May,11,11,7,Saturday,2024,11,11:00am-11:59am,1,1,US-20 ODOT 33,,2,U.S. Highway,1,Rural,3,Other Principal Arterial,1,State Highway Agency,1,This Section IS ON the NHS,0,No Special Jurisdiction,357,357,44.5936,44.5936,-123.59398611,-123.59398611,12,Motor Vehicle In-Transport,2,Front-to-Front,0,No,1,Non-Junction,1,Not an Intersection,1,On Roadway,0,,1,Daylight,1,Clear,0,No,0000000,Not Applicable,11,11:00am-11:59am,2,2,11,11:00am-11:59am,14,14,99,Unknown,99,Unknown EMS Hospital Arrival Time,2
41,Oregon,410141,0,0,1,1,0,1,1,33,JOSEPHINE (33),0,NOT APPLICABLE,5,May,10,10,6,Friday,2024,15,3:00pm-3:59pm,52,52,WINONA RD,,0,Not Signed,1,Rural,6,Minor Collector,2,County Highway Agency,0,This Section IS NOT on the NHS,0,No Special Jurisdiction,25,25,42.543175,42.543175,-123.30334722,-123.30334722,1,Rollover/Overturn,0,The First Harmful Event was Not a Collision with a Motor Vehicle in Transport,0,No,1,Non-Junction,1,Not an Intersection,4,On Roadside,0,,1,Daylight,98,Not Reported,0,No,0000000,Not Applicable,99,Unknown,99,Unknown,99,Unknown EMS Scene Arrival Hour,99,Unknown EMS Scene Arrival Minutes,88,Not Applicable (Not Transported),88,Not Applicable (Not Transported),1
41,Oregon,410142,0,0,3,3,0,5,5,11,COOS (11),0,NOT APPLICABLE,5,May,13,13,2,Monday,2024,16,4:00pm-4:59pm,33,33,US-101 ODOT 9,,2,U.S. Highway,1,Rural,3,Other Principal Arterial,1,State Highway Agency,1,This Section IS ON the NHS,0,No Special Jurisdiction,2507,2507,43.23476111,43.23476111,-124.29105278,-124.29105278,12,Motor Vehicle In-Transport,2,Front-to-Front,0,No,1,Non-Junction,1,Not an Intersection,1,On Roadway,0,,1,Daylight,1,Clear,0,No,0000000,Not Applicable,16,4:00pm-4:59pm,36,36,16,4:00pm-4:59pm,54,54,17,5:00pm-5:59pm,20,20,1
41,Oregon,410143,0,0,2,2,0,6,6,39,LANE (39),0,NOT APPLICABLE,5,May,14,14,3,Tuesday,2024,14,2:00pm-2:59pm,12,12,SR-126 ODOT 62,,3,State Highway,1,Rural,3,Other Principal Arterial,1,State Highway Agency,1,This Section IS ON the NHS,0,No Special Jurisdiction,17,17,43.97635556,43.97635556,-124.07071667,-124.07071667,12,Motor Vehicle In-Transport,2,Front-to-Front,0,No,1,Non-Junction,1,Not an Intersection,1,On Roadway,0,,1,Daylight,1,Clear,0,No,0000000,Not Applicable,14,2:00pm-2:59pm,13,13,14,2:00pm-2:59pm,22,22,14,2:00pm-2:59pm,32,32,1
41,Oregon,410144,0,0,2,2,0,2,2,29,JACKSON (29),0,NOT APPLICABLE,5,May,15,15,4,Wednesday,2024,10,10:00am-10:59am,23,23,SR-66 ODOT 21,,3,State Highway,1,Rural,4,Minor Arterial,1,State Highway Agency,0,This Section IS NOT on the NHS,0,No Special Jurisdiction,108,108,42.13437778,42.13437778,-122.53860833,-122.53860833,12,Motor Vehicle In-Transport,2,Front-to-Front,0,No,1,Non-Junction,1,Not an Intersection,1,On Roadway,0,,1,Daylight,1,Clear,0,No,0000000,Not Applicable,10,10:00am-10:59am,23,23,10,10:00am-10:59am,38,38,99,Unknown,99,Unknown EMS Hospital Arrival Time,1
41,Oregon,410145,0,0,2,2,0,3,3,65,WASCO (65),0,NOT APPLICABLE,1,January,2,2,3,Tuesday,2024,13,1:00pm-1:59pm,55,55,US-197 ODOT 4,,2,U.S. Highway,1,Rural,4,Minor Arterial,1,State Highway Agency,0,This Section IS NOT on the NHS,0,No Special Jurisdiction,559,559,45.06005556,45.06005556,-121.02629444,-121.02629444,12,Motor Vehicle In-Transport,2,Front-to-Front,0,No,1,Non-Junction,1,Not an Intersection,1,On Roadway,0,,1,Daylight,4,Snow,0,No,0000000,Not Applicable,13,1:00pm-1:59pm,59,59,14,2:00pm-2:59pm,25,25,99,Unknown,99,Unknown EMS Hospital Arrival Time,1
41,Oregon,410146,0,0,2,2,0,2,2,59,UMATILLA (59),1970,STANFIELD,1,January,3,3,4,Wednesday,2024,13,1:00pm-1:59pm,0,0,S DUNNE ST,E BALL AVE,0,Not Signed,2,Urban,7,Local,4,City or Municipal Highway Agency,0,This Section IS NOT on the NHS,0,No Special Jurisdiction,0,,45.77691944,45.77691944,-119.21537222,-119.21537222,12,Motor Vehicle In-Transport,6,Angle,0,No,2,Intersection,2,Four-Way Intersection,1,On Roadway,0,,1,Daylight,1,Clear,0,No,0000000,Not Applicable,13,1:00pm-1:59pm,5,5,99,Unknown EMS Scene Arrival Hour,99,Unknown EMS Scene Arrival Minutes,99,Unknown,99,Unknown EMS Hospital Arrival Time,1
41,Oregon,410147,0,0,2,2,0,2,2,39,LANE (39),660,EUGENE,1,January,27,27,7,Saturday,2024,12,12:00pm-12:59pm,15,15,ROOSEVELT BLVD,SR-569 ODOT 69,0,Not Signed,2,Urban,4,Minor Arterial,4,City or Municipal Highway Agency,0,This Section IS NOT on the NHS,0,No Special Jurisdiction,0,,44.06458889,44.06458889,-123.17397778,-123.17397778,12,Motor Vehicle In-Transport,1,Front-to-Rear,0,No,3,Intersection-Related,2,Four-Way Intersection,1,On Roadway,0,,1,Daylight,2,Rain,0,No,0000000,Not Applicable,12,12:00pm-12:59pm,15,15,12,12:00pm-12:59pm,34,34,88,Not Applicable (Not Transported),88,Not Applicable (Not Transported),1
41,Oregon,410148,0,0,3,3,0,8,8,65,WASCO (65),0,NOT APPLICABLE,2,February,17,17,7,Saturday,2024,14,2:00pm-2:59pm,58,58,US-26 ODOT 53,,2,U.S. Highway,1,Rural,3,Other Principal Arterial,1,State Highway Agency,1,This Section IS ON the NHS,0,No Special Jurisdiction,866,866,44.94790833,44.94790833,-121.45885278,-121.45885278,12,Motor Vehicle In-Transport,2,Front-to-Front,0,No,1,Non-Junction,1,Not an Intersection,1,On Roadway,0,,1,Daylight,4,Snow,0,No,0000000,Not Applicable,14,2:00pm-2:59pm,58,58,15,3:00pm-3:59pm,7,7,99,Unknown,99,Unknown EMS Hospital Arrival Time,1
41,Oregon,410149,0,0,1,1,0,2,2,39,LANE (39),0,NOT APPLICABLE,2,February,21,21,4,Wednesday,2024,16,4:00pm-4:59pm,30,30,TERRITORIAL HWY,,0,Not Signed,1,Rural,4,Minor Arterial,2,County Highway Agency,0,This Section IS NOT on the NHS,0,No Special Jurisdiction,0,,44.09751111,44.09751111,-123.33327222,-123.33327222,34,Ditch,0,The First Harmful Event was Not a Collision with a Motor Vehicle in Transport,0,No,1,Non-Junction,1,Not an Intersection,4,On Roadside,0,,1,Daylight,2,Rain,0,No,0000000,Not Applicable,99,Unknown,99,Unknown,99,Unknown EMS Scene Arrival Hour,99,Unknown EMS Scene Arrival Minutes,99,Unknown,99,Unknown EMS Hospital Arrival Time,1
41,Oregon,410150,0,0,1,1,0,1,1,15,CURRY (15),0,NOT APPLICABLE,2,February,24,24,7,Saturday,2024,99,Unknown Hours,99,Unknown Minutes,SOUTH BANK CHETCO RIVER RD,,0,Not Signed,2,Urban,5,Major Collector,2,County Highway Agency,0,This Section IS NOT on the NHS,0,No Special Jurisdiction,29,29,42.063275,42.063275,-124.22707778,-124.22707778,3,Immersion or Partial Immersion,0,The First Harmful Event was Not a Collision with a Motor Vehicle in Transport,0,No,1,Non-Junction,1,Not an Intersection,4,On Roadside,0,,8,Not Reported,98,Not Reported,0,No,0000000,Not Applicable,99,Unknown,99,Unknown,99,Unknown EMS Scene Arrival Hour,99,Unknown EMS Scene Arrival Minutes,88,Not Applicable (Not Transported),88,Not Applicable (Not Transported),1
41,Oregon,410151,0,0,1,1,0,1,1,5,CLACKAMAS (5),0,NOT APPLICABLE,3,March,14,14,5,Thursday,2024,11,11:00am-11:59am,59,59,SE WILLAMETTE DR,,0,Not Signed,2,Urban,7,Local,2,County Highway Agency,0,This Section IS NOT on the NHS,0,No Special Jurisdiction,0,,45.390975,45.390975,-122.62398611,-122.62398611,38,Fence,0,The First Harmful Event was Not a Collision with a Motor Vehicle in Transport,0,No,1,Non-Junction,1,Not an Intersection,4,On Roadside,0,,1,Daylight,98,Not Reported,0,No,0000000,Not Applicable,11,11:00am-11:59am,59,59,12,12:00pm-12:59pm,4,4,12,12:00pm-12:59pm,46,46,1
41,Oregon,410153,0,0,2,2,0,2,2,17,DESCHUTES (17),190,BEND,5,May,2,2,5,Thursday,2024,13,1:00pm-1:59pm,3,3,US-20 ODOT 7,,2,U.S. Highway,2,Urban,3,Other Principal Arterial,1,State Highway Agency,1,This Section IS ON the NHS,0,No Special Jurisdiction,27,27,44.05480556,44.05480556,-121.2599,-121.2599,12,Motor Vehicle In-Transport,6,Angle,0,No,8,Driveway Access Related,1,Not an Intersection,1,On Roadway,0,,1,Daylight,1,Clear,0,No,0000000,Not Applicable,13,1:00pm-1:59pm,3,3,13,1:00pm-1:59pm,6,6,88,Not Applicable (Not Transported),88,Not Applicable (Not Transported),1
41,Oregon,410154,1,1,1,1,0,1,1,67,WASHINGTON (67),1000,HILLSBORO,5,May,16,16,5,Thursday,2024,22,10:00pm-10:59pm,8,8,SR-8 ODOT 29,SE CYPRESS ST,3,State Highway,2,Urban,3,Other Principal Arterial,1,State Highway Agency,1,This Section IS ON the NHS,0,No Special Jurisdiction,112,112,45.50688889,45.50688889,-122.96101667,-122.96101667,8,Pedestrian,0,The First Harmful Event was Not a Collision with a Motor Vehicle in Transport,0,No,3,Intersection-Related,2,Four-Way Intersection,1,On Roadway,0,,8,Not Reported,98,Not Reported,0,No,0000000,Not Applicable,22,10:00pm-10:59pm,9,9,22,10:00pm-10:59pm,11,11,88,Not Applicable (Not Transported),88,Not Applicable (Not Transported),1
41,Oregon,410155,0,0,1,1,0,2,2,67,WASHINGTON (67),180,BEAVERTON,5,May,19,19,1,Sunday,2024,3,3:00am-3:59am,13,13,US-26 RAMP 7,,2,U.S. Highway,2,Urban,2,Other Freeways and Expressways,1,State Highway Agency,1,This Section IS ON the NHS,0,No Special Jurisdiction,0,,45.50952778,45.50952778,-122.77734444,-122.77734444,24,Guardrail Face,0,The First Harmful Event was Not a Collision with a Motor Vehicle in Transport,1,Yes,5,Entrance/Exit Ramp Related,1,Not an Intersection,4,On Roadside,0,,3,Dark - Lighted,10,Cloudy,0,No,0000000,Not Applicable,3,3:00am-3:59am,14,14,3,3:00am-3:59am,23,23,3,3:00am-3:59am,50,50,1
41,Oregon,410156,0,0,1,1,0,2,2,39,LANE (39),0,NOT APPLICABLE,5,May,19,19,1,Sunday,2024,14,2:00pm-2:59pm,35,35,SR-126 ODOT 62,,3,State Highway,1,Rural,3,Other Principal Arterial,1,State Highway Agency,1,This Section IS ON the NHS,0,No Special Jurisdiction,214,214,44.00664722,44.00664722,-123.735325,-123.735325,42,Tree (Standing Only),0,The First Harmful Event was Not a Collision with a Motor Vehicle in Transport,0,No,1,Non-Junction,1,Not an Intersection,4,On Roadside,0,,1,Daylight,1,Clear,0,No,0000000,Not Applicable,14,2:00pm-2:59pm,50,50,15,3:00pm-3:59pm,11,11,16,4:00pm-4:59pm,14,14,1
41,Oregon,410157,0,0,1,1,0,2,2,47,MARION (47),1810,SALEM,5,May,20,20,2,Monday,2024,8,8:00am-8:59am,36,36,CROISAN CREEK RD S,ROBERTA AVE S,0,Not Signed,2,Urban,5,Major Collector,4,City or Municipal Highway Agency,0,This Section IS NOT on the NHS,0,No Special Jurisdiction,0,,44.90259444,44.90259444,-123.07286389,-123.07286389,30,Utility Pole/Light Support,0,The First Harmful Event was Not a Collision with a Motor Vehicle in Transport,0,No,3,Intersection-Related,3,T-Intersection,4,On Roadside,0,,1,Daylight,1,Clear,0,No,0000000,Not Applicable,8,8:00am-8:59am,38,38,8,8:00am-8:59am,46,46,99,Unknown,99,Unknown EMS Hospital Arrival Time,1
41,Oregon,410158,0,0,1,1,0,1,1,11,COOS (11),0,NOT APPLICABLE,1,January,14,14,1,Sunday,2024,6,6:00am-6:59am,36,36,NORTH FORK LN,,0,Not Signed,1,Rural,7,Local,2,County Highway Agency,0,This Section IS NOT on the NHS,0,No Special Jurisdiction,8,8,43.08831944,43.08831944,-124.12580278,-124.12580278,3,Immersion or Partial Immersion,0,The First Harmful Event was Not a Collision with a Motor Vehicle in Transport,0,No,1,Non-Junction,1,Not an Intersection,4,On Roadside,0,,8,Not Reported,98,Not Reported,0,No,0000000,Not Applicable,99,Unknown,99,Unknown,99,Unknown EMS Scene Arrival Hour,99,Unknown EMS Scene Arrival Minutes,88,Not Applicable (Not Transported),88,Not Applicable (Not Transported),1
41,Oregon,410159,1,1,1,1,0,1,1,47,MARION (47),1810,SALEM,5,May,22,22,4,Wednesday,2024,9,9:00am-9:59am,45,45,SR-99E ODOT 72,RIVER ST NE,3,State Highway,2,Urban,3,Other Principal Arterial,1,State Highway Agency,1,This Section IS ON the NHS,0,No Special Jurisdiction,39,39,44.95755556,44.95755556,-123.03144444,-123.03144444,15,Non-Motorist on Personal Conveyance,0,The First Harmful Event was Not a Collision with a Motor Vehicle in Transport,0,No,3,Intersection-Related,2,Four-Way Intersection,1,On Roadway,0,,1,Daylight,2,Rain,0,No,0000000,Not Applicable,9,9:00am-9:59am,46,46,9,9:00am-9:59am,50,50,10,10:00am-10:59am,9,9,1
41,Oregon,410160,0,0,1,1,0,1,1,33,JOSEPHINE (33),860,GRANTS PASS,5,May,22,22,4,Wednesday,2024,21,9:00pm-9:59pm,40,40,SR-99 ODOT 25,,3,State Highway,2,Urban,3,Other Principal Arterial,1,State Highway Agency,1,This Section IS ON the NHS,0,No Special Jurisdiction,2,2,42.43095833,42.43095833,-123.33155278,-123.33155278,23,Bridge Rail (Includes parapet),0,The First Harmful Event was Not a Collision with a Motor Vehicle in Transport,0,No,1,Non-Junction,1,Not an Intersection,4,On Roadside,0,,3,Dark - Lighted,1,Clear,0,No,0000000,Not Applicable,21,9:00pm-9:59pm,41,41,21,9:00pm-9:59pm,42,42,99,Unknown,99,Unknown EMS Hospital Arrival Time,1
41,Oregon,410161,0,0,1,1,0,1,1,21,GILLIAM (21),0,NOT APPLICABLE,5,May,24,24,6,Friday,2024,15,3:00pm-3:59pm,5,5,SR-19 ODOT 5,,3,State Highway,1,Rural,4,Minor Arterial,1,State Highway Agency,0,This Section IS NOT on the NHS,0,No Special Jurisdiction,175,175,45.49463056,45.49463056,-120.18244722,-120.18244722,1,Rollover/Overturn,0,The First Harmful Event was Not a Collision with a Motor Vehicle in Transport,0,No,1,Non-Junction,1,Not an Intersection,4,On Roadside,0,,1,Daylight,10,Cloudy,0,No,0000000,Not Applicable,15,3:00pm-3:59pm,8,8,16,4:00pm-4:59pm,29,29,88,Not Applicable (Not Transported),88,Not Applicable (Not Transported),1
41,Oregon,410162,0,0,2,2,0,4,4,19,DOUGLAS (19),1780,ROSEBURG,3,March,27,27,4,Wednesday,2024,21,9:00pm-9:59pm,25,25,NE STEPHENS ST,EMERALD DR,0,Not Signed,2,Urban,3,Other Principal Arterial,4,City or Municipal Highway Agency,1,This Section IS ON the NHS,0,No Special Jurisdiction,0,,43.23544722,43.23544722,-123.35103056,-123.35103056,12,Motor Vehicle In-Transport,6,Angle,0,No,2,Intersection,3,T-Intersection,1,On Roadway,0,,2,Dark - Not Lighted,2,Rain,0,No,0000000,Not Applicable,21,9:00pm-9:59pm,27,27,21,9:00pm-9:59pm,31,31,99,Unknown,99,Unknown EMS Hospital Arrival Time,1
41,Oregon,410163,0,0,2,2,0,2,2,67,WASHINGTON (67),2065,TIGARD,5,May,24,24,6,Friday,2024,21,9:00pm-9:59pm,39,39,SW ROY ROGERS RD,SW PERTH RD,0,Not Signed,2,Urban,4,Minor Arterial,4,City or Municipal Highway Agency,0,This Section IS NOT on the NHS,0,No Special Jurisdiction,0,,45.40809444,45.40809444,-122.85165278,-122.85165278,25,Concrete Traffic Barrier,0,The First Harmful Event was Not a Collision with a Motor Vehicle in Transport,0,No,3,Intersection-Related,3,T-Intersection,3,On Median,1,Construction,3,Dark - Lighted,10,Cloudy,0,No,0000000,Not Applicable,99,Unknown,99,Unknown,99,Unknown EMS Scene Arrival Hour,99,Unknown EMS Scene Arrival Minutes,88,Not Applicable (Not Transported),88,Not Applicable (Not Transported),1
41,Oregon,410165,0,0,1,1,0,1,1,51,MULTNOMAH (51),1650,PORTLAND,5,May,29,29,4,Wednesday,2024,9,9:00am-9:59am,5,5,NE COLUMBIA BLVD,,0,Not Signed,2,Urban,3,Other Principal Arterial,4,City or Municipal Highway Agency,1,This Section IS ON the NHS,0,No Special Jurisdiction,0,,45.57325278,45.57325278,-122.62863056,-122.62863056,30,Utility Pole/Light Support,0,The First Harmful Event was Not a Collision with a Motor Vehicle in Transport,0,No,1,Non-Junction,1,Not an Intersection,4,On Roadside,0,,8,Not Reported,98,Not Reported,0,No,0000000,Not Applicable,9,9:00am-9:59am,5,5,9,9:00am-9:59am,11,11,88,Not Applicable (Not Transported),88,Not Applicable (Not Transported),1
41,Oregon,410166,1,1,1,1,0,2,2,53,POLK (53),1810,SALEM,5,May,11,11,7,Saturday,2024,1,1:00am-1:59am,21,21,SR-22 ODOT 30 RAMP,,3,State Highway,2,Urban,4,Minor Arterial,1,State Highway Agency,0,This Section IS NOT on the NHS,0,No Special Jurisdiction,240,240,44.93571667,44.93571667,-123.07137778,-123.07137778,8,Pedestrian,0,The First Harmful Event was Not a Collision with a Motor Vehicle in Transport,1,Yes,20,Entrance/Exit Ramp,1,Not an Intersection,1,On Roadway,0,,3,Dark - Lighted,1,Clear,0,No,0000000,Not Applicable,1,1:00am-1:59am,22,22,1,1:00am-1:59am,28,28,1,1:00am-1:59am,46,46,1
41,Oregon,410167,0,0,1,1,0,1,1,29,JACKSON (29),0,NOT APPLICABLE,5,May,29,29,4,Wednesday,2024,8,8:00am-8:59am,25,25,UPTON RD,,0,Not Signed,2,Urban,5,Major Collector,2,County Highway Agency,0,This Section IS NOT on the NHS,0,No Special Jurisdiction,16,16,42.40393333,42.40393333,-122.90889444,-122.90889444,34,Ditch,0,The First Harmful Event was Not a Collision with a Motor Vehicle in Transport,0,No,1,Non-Junction,1,Not an Intersection,4,On Roadside,0,,1,Daylight,1,Clear,0,No,0000000,Not Applicable,99,Unknown,99,Unknown,99,Unknown EMS Scene Arrival Hour,99,Unknown EMS Scene Arrival Minutes,99,Unknown,99,Unknown EMS Hospital Arrival Time,1
41,Oregon,410168,0,0,1,1,0,1,1,67,WASHINGTON (67),1000,HILLSBORO,5,May,20,20,2,Monday,2024,19,7:00pm-7:59pm,33,33,NE BROOKWOOD PKWY,,0,Not Signed,2,Urban,4,Minor Arterial,4,City or Municipal Highway Agency,0,This Section IS NOT on the NHS,0,No Special Jurisdiction,0,,45.55041389,45.55041389,-122.92615278,-122.92615278,33,Curb,0,The First Harmful Event was Not a Collision with a Motor Vehicle in Transport,0,No,1,Non-Junction,1,Not an Intersection,4,On Roadside,0,,8,Not Reported,98,Not Reported,0,No,0000000,Not Applicable,19,7:00pm-7:59pm,33,33,19,7:00pm-7:59pm,39,39,88,Not Applicable (Not Transported),88,Not Applicable (Not Transported),1
41,Oregon,410169,0,0,2,2,0,3,3,5,CLACKAMAS (5),0,NOT APPLICABLE,5,May,30,30,5,Thursday,2024,13,1:00pm-1:59pm,13,13,S SPRINGWATER RD,,0,Not Signed,1,Rural,4,Minor Arterial,2,County Highway Agency,0,This Section IS NOT on the NHS,0,No Special Jurisdiction,12,12,45.3833,45.3833,-122.47542778,-122.47542778,12,Motor Vehicle In-Transport,2,Front-to-Front,0,No,1,Non-Junction,1,Not an Intersection,1,On Roadway,0,,1,Daylight,1,Clear,0,No,0000000,Not Applicable,13,1:00pm-1:59pm,18,18,13,1:00pm-1:59pm,27,27,99,Unknown,99,Unknown EMS Hospital Arrival Time,1
41,Oregon,410170,0,0,2,2,0,3,3,1,BAKER (1),130,BAKER CITY,5,May,10,10,6,Friday,2024,7,7:00am-7:59am,46,46,US-30 ODOT 66,D ST,2,U.S. Highway,2,Urban,4,Minor Arterial,1,State Highway Agency,0,This Section IS NOT on the NHS,0,No Special Jurisdiction,507,507,44.78543333,44.78543333,-117.84114722,-117.84114722,12,Motor Vehicle In-Transport,1,Front-to-Rear,0,No,3,Intersection-Related,2,Four-Way Intersection,1,On Roadway,0,,1,Daylight,1,Clear,0,No,0000000,Not Applicable,7,7:00am-7:59am,47,47,7,7:00am-7:59am,51,51,8,8:00am-8:59am,1,1,1
41,Oregon,410171,0,0,1,1,0,2,2,35,KLAMATH (35),0,NOT APPLICABLE,5,May,13,13,2,Monday,2024,13,1:00pm-1:59pm,43,43,SILVER LAKE RD,,0,Not Signed,1,Rural,5,Major Collector,2,County Highway Agency,0,This Section IS NOT on the NHS,0,No Special Jurisdiction,354,354,43.11135833,43.11135833,-121.35829722,-121.35829722,42,Tree (Standing Only),0,The First Harmful Event was Not a Collision with a Motor Vehicle in Transport,0,No,1,Non-Junction,1,Not an Intersection,4,On Roadside,0,,1,Daylight,1,Clear,0,No,0000000,Not Applicable,13,1:00pm-1:59pm,43,43,99,Unknown EMS Scene Arrival Hour,99,Unknown EMS Scene Arrival Minutes,99,Unknown,99,Unknown EMS Hospital Arrival Time,1
41,Oregon,410172,0,0,1,1,0,1,1,33,JOSEPHINE (33),0,NOT APPLICABLE,6,June,3,3,2,Monday,2024,19,7:00pm-7:59pm,8,8,US-199 ODOT 25,,2,U.S. Highway,1,Rural,3,Other Principal Arterial,1,State Highway Agency,1,This Section IS ON the NHS,0,No Special Jurisdiction,160,160,42.33411389,42.33411389,-123.58743333,-123.58743333,42,Tree (Standing Only),0,The First Harmful Event was Not a Collision with a Motor Vehicle in Transport,0,No,1,Non-Junction,1,Not an Intersection,4,On Roadside,0,,1,Daylight,1,Clear,0,No,0000000,Not Applicable,19,7:00pm-7:59pm,8,8,19,7:00pm-7:59pm,18,18,88,Not Applicable (Not Transported),88,Not Applicable (Not Transported),1
41,Oregon,410173,1,1,1,1,0,1,1,51,MULTNOMAH (51),1650,PORTLAND,6,June,3,3,2,Monday,2024,21,9:00pm-9:59pm,57,57,NE SANDY BLVD,,0,Not Signed,2,Urban,3,Other Principal Arterial,4,City or Municipal Highway Agency,1,This Section IS ON the NHS,0,No Special Jurisdiction,0,,45.55798333,45.55798333,-122.56485278,-122.56485278,8,Pedestrian,0,The First Harmful Event was Not a Collision with a Motor Vehicle in Transport,0,No,1,Non-Junction,1,Not an Intersection,1,On Roadway,0,,3,Dark - Lighted,1,Clear,0,No,0000000,Not Applicable,99,Unknown,99,Unknown,99,Unknown EMS Scene Arrival Hour,99,Unknown EMS Scene Arrival Minutes,88,Not Applicable (Not Transported),88,Not Applicable (Not Transported),1
41,Oregon,410174,0,0,2,2,0,2,2,51,MULTNOMAH (51),1650,PORTLAND,6,June,5,5,4,Wednesday,2024,23,11:00pm-11:59pm,15,15,SE 112TH AVE,SE FALVEL ST,0,Not Signed,2,Urban,5,Major Collector,4,City or Municipal Highway Agency,0,This Section IS NOT on the NHS,0,No Special Jurisdiction,0,,45.46833056,45.46833056,-122.54811944,-122.54811944,12,Motor Vehicle In-Transport,6,Angle,0,No,2,Intersection,2,Four-Way Intersection,1,On Roadway,0,,2,Dark - Not Lighted,1,Clear,0,No,0000000,Not Applicable,23,11:00pm-11:59pm,16,16,23,11:00pm-11:59pm,24,24,23,11:00pm-11:59pm,54,54,1
41,Oregon,410175,0,0,1,1,0,2,2,43,LINN (43),0,NOT APPLICABLE,5,May,11,11,7,Saturday,2024,15,3:00pm-3:59pm,34,34,NORTHERN DR,,0,Not Signed,1,Rural,7,Local,2,County Highway Agency,0,This Section IS NOT on the NHS,0,No Special Jurisdiction,32,32,44.38509444,44.38509444,-122.92182222,-122.92182222,34,Ditch,0,The First Harmful Event was Not a Collision with a Motor Vehicle in Transport,0,No,1,Non-Junction,1,Not an Intersection,4,On Roadside,0,,1,Daylight,1,Clear,0,No,0000000,Not Applicable,15,3:00pm-3:59pm,35,35,15,3:00pm-3:59pm,52,52,88,Not Applicable (Not Transported),88,Not Applicable (Not Transported),1
41,Oregon,410176,0,0,2,2,0,2,2,71,YAMHILL (71),0,NOT APPLICABLE,6,June,6,6,5,Thursday,2024,22,10:00pm-10:59pm,0,0,SR-153 ODOT 153,,3,State Highway,1,Rural,5,Major Collector,1,State Highway Agency,0,This Section IS NOT on the NHS,0,No Special Jurisdiction,137,137,45.09893333,45.09893333,-123.08213056,-123.08213056,12,Motor Vehicle In-Transport,2,Front-to-Front,0,No,1,Non-Junction,1,Not an Intersection,1,On Roadway,0,,2,Dark - Not Lighted,1,Clear,0,No,0000000,Not Applicable,22,10:00pm-10:59pm,3,3,22,10:00pm-10:59pm,13,13,88,Not Applicable (Not Transported),88,Not Applicable (Not Transported),1
41,Oregon,410177,1,1,1,1,0,1,1,19,DOUGLAS (19),0,NOT APPLICABLE,6,June,6,6,5,Thursday,2024,22,10:00pm-10:59pm,21,21,I-5,,1,Interstate,1,Rural,1,Interstate,1,State Highway Agency,1,This Section IS ON the NHS,0,No Special Jurisdiction,1087,1087,43.03039444,43.03039444,-123.30484722,-123.30484722,8,Pedestrian,0,The First Harmful Event was Not a Collision with a Motor Vehicle in Transport,0,No,1,Non-Junction,1,Not an Intersection,1,On Roadway,0,,2,Dark - Not Lighted,1,Clear,0,No,0000000,Not Applicable,22,10:00pm-10:59pm,21,21,22,10:00pm-10:59pm,30,30,88,Not Applicable (Not Transported),88,Not Applicable (Not Transported),1
41,Oregon,410178,0,0,1,1,0,1,1,17,DESCHUTES (17),0,NOT APPLICABLE,6,June,7,7,6,Friday,2024,8,8:00am-8:59am,24,24,US-97 ODOT 4,,2,U.S. Highway,1,Rural,3,Other Principal Arterial,1,State Highway Agency,1,This Section IS ON the NHS,0,No Special Jurisdiction,1578,1578,43.80567778,43.80567778,-121.43610278,-121.43610278,59,Traffic Sign Support,0,The First Harmful Event was Not a Collision with a Motor Vehicle in Transport,0,No,1,Non-Junction,1,Not an Intersection,4,On Roadside,0,,1,Daylight,1,Clear,0,No,0000000,Not Applicable,8,8:00am-8:59am,24,24,8,8:00am-8:59am,36,36,88,Not Applicable (Not Transported),88,Not Applicable (Not Transported),1
41,Oregon,410179,0,0,1,1,0,1,1,67,WASHINGTON (67),0,NOT APPLICABLE,6,June,7,7,6,Friday,2024,12,12:00pm-12:59pm,50,50,SR-6 ODOT 37,,3,State Highway,1,Rural,4,Minor Arterial,1,State Highway Agency,0,This Section IS NOT on the NHS,0,No Special Jurisdiction,335,335,45.62646111,45.62646111,-123.37031944,-123.37031944,24,Guardrail Face,0,The First Harmful Event was Not a Collision with a Motor Vehicle in Transport,0,No,1,Non-Junction,1,Not an Intersection,4,On Roadside,0,,1,Daylight,1,Clear,0,No,0000000,Not Applicable,12,12:00pm-12:59pm,50,50,13,1:00pm-1:59pm,19,19,88,Not Applicable (Not Transported),88,Not Applicable (Not Transported),1
41,Oregon,410180,0,0,1,1,0,2,2,19,DOUGLAS (19),0,NOT APPLICABLE,6,June,9,9,1,Sunday,2024,7,7:00am-7:59am,45,45,SR-230 ODOT 233,,3,State Highway,1,Rural,4,Minor Arterial,1,State Highway Agency,0,This Section IS NOT on the NHS,0,No Special Jurisdiction,106,106,43.05005556,43.05005556,-122.34833056,-122.34833056,1,Rollover/Overturn,0,The First Harmful Event was Not a Collision with a Motor Vehicle in Transport,0,No,1,Non-Junction,1,Not an Intersection,4,On Roadside,0,,1,Daylight,1,Clear,0,No,0000000,Not Applicable,7,7:00am-7:59am,59,59,9,9:00am-9:59am,33,33,11,11:00am-11:59am,55,55,1
41,Oregon,410181,0,0,1,1,0,2,2,5,CLACKAMAS (5),0,NOT APPLICABLE,6,June,9,9,1,Sunday,2024,14,2:00pm-2:59pm,40,40,SR-224 ODOT 171,,3,State Highway,1,Rural,4,Minor Arterial,1,State Highway Agency,0,This Section IS NOT on the NHS,0,No Special Jurisdiction,163,163,45.37516111,45.37516111,-122.38005833,-122.38005833,30,Utility Pole/Light Support,0,The First Harmful Event was Not a Collision with a Motor Vehicle in Transport,0,No,1,Non-Junction,1,Not an Intersection,4,On Roadside,0,,1,Daylight,1,Clear,0,No,0000000,Not Applicable,14,2:00pm-2:59pm,46,46,15,3:00pm-3:59pm,10,10,99,Unknown,99,Unknown EMS Hospital Arrival Time,1
41,Oregon,410182,0,0,1,1,0,1,1,65,WASCO (65),0,NOT APPLICABLE,5,May,14,14,3,Tuesday,2024,10,10:00am-10:59am,0,0,CHERRY HEIGHTS RD W,,0,Not Signed,1,Rural,5,Major Collector,2,County Highway Agency,0,This Section IS NOT on the NHS,0,No Special Jurisdiction,39,39,45.59189167,45.59189167,-121.26053611,-121.26053611,42,Tree (Standing Only),0,The First Harmful Event was Not a Collision with a Motor Vehicle in Transport,0,No,1,Non-Junction,1,Not an Intersection,4,On Roadside,0,,1,Daylight,1,Clear,0,No,0000000,Not Applicable,10,10:00am-10:59am,2,2,10,10:00am-10:59am,10,10,88,Not Applicable (Not Transported),88,Not Applicable (Not Transported),1
41,Oregon,410183,0,0,2,2,0,2,2,29,JACKSON (29),1310,MEDFORD,5,May,17,17,6,Friday,2024,22,10:00pm-10:59pm,51,51,DELTA WATERS RD,,0,Not Signed,2,Urban,5,Major Collector,4,City or Municipal Highway Agency,0,This Section IS NOT on the NHS,0,No Special Jurisdiction,0,,42.36019722,42.36019722,-122.84305278,-122.84305278,12,Motor Vehicle In-Transport,1,Front-to-Rear,0,No,1,Non-Junction,1,Not an Intersection,1,On Roadway,0,,3,Dark - Lighted,1,Clear,0,No,0000000,Not Applicable,99,Unknown,99,Unknown,99,Unknown EMS Scene Arrival Hour,99,Unknown EMS Scene Arrival Minutes,88,Not Applicable (Not Transported),88,Not Applicable (Not Transported),1
41,Oregon,410184,0,0,2,2,0,3,3,39,LANE (39),660,EUGENE,5,May,12,12,1,Sunday,2024,23,11:00pm-11:59pm,15,15,SR-569 ODOT 69,,3,State Highway,2,Urban,2,Other Freeways and Expressways,1,State Highway Agency,1,This Section IS ON the NHS,0,No Special Jurisdiction,81,81,44.09753333,44.09753333,-123.13413889,-123.13413889,12,Motor Vehicle In-Transport,1,Front-to-Rear,0,No,1,Non-Junction,1,Not an Intersection,1,On Roadway,0,,2,Dark - Not Lighted,1,Clear,0,No,0000000,Not Applicable,23,11:00pm-11:59pm,24,24,23,11:00pm-11:59pm,28,28,23,11:00pm-11:59pm,44,44,1
41,Oregon,410185,0,0,1,1,0,1,1,11,COOS (11),0,NOT APPLICABLE,6,June,11,11,3,Tuesday,2024,7,7:00am-7:59am,10,10,US-101 ODOT 9,,2,U.S. Highway,1,Rural,3,Other Principal Arterial,1,State Highway Agency,1,This Section IS ON the NHS,0,No Special Jurisdiction,2280,2280,43.51103611,43.51103611,-124.21759167,-124.21759167,34,Ditch,0,The First Harmful Event was Not a Collision with a Motor Vehicle in Transport,0,No,1,Non-Junction,1,Not an Intersection,4,On Roadside,0,,1,Daylight,10,Cloudy,0,No,0000000,Not Applicable,7,7:00am-7:59am,10,10,7,7:00am-7:59am,15,15,88,Not Applicable (Not Transported),88,Not Applicable (Not Transported),1
41,Oregon,410186,0,0,2,2,0,3,3,19,DOUGLAS (19),1780,ROSEBURG,6,June,11,11,3,Tuesday,2024,8,8:00am-8:59am,39,39,SR-138 ODOT 138,PINE ST,3,State Highway,2,Urban,3,Other Principal Arterial,1,State Highway Agency,1,This Section IS ON the NHS,0,No Special Jurisdiction,3,3,43.20994444,43.20994444,-123.34690278,-123.34690278,12,Motor Vehicle In-Transport,6,Angle,0,No,2,Intersection,2,Four-Way Intersection,1,On Roadway,0,,1,Daylight,1,Clear,0,No,0000000,Not Applicable,8,8:00am-8:59am,40,40,8,8:00am-8:59am,43,43,99,Unknown,99,Unknown EMS Hospital Arrival Time,1
41,Oregon,410187,0,0,1,1,0,2,2,33,JOSEPHINE (33),0,NOT APPLICABLE,6,June,11,11,3,Tuesday,2024,15,3:00pm-3:59pm,8,8,REEVES CREEK RD,,0,Not Signed,1,Rural,7,Local,2,County Highway Agency,0,This Section IS NOT on the NHS,0,No Special Jurisdiction,5,5,42.22654444,42.22654444,-123.62882778,-123.62882778,35,Embankment,0,The First Harmful Event was Not a Collision with a Motor Vehicle in Transport,0,No,1,Non-Junction,1,Not an Intersection,4,On Roadside,0,,1,Daylight,1,Clear,0,No,0000000,Not Applicable,15,3:00pm-3:59pm,8,8,15,3:00pm-3:59pm,20,20,88,Not Applicable (Not Transported),88,Not Applicable (Not Transported),2
41,Oregon,410188,0,0,2,2,0,2,2,51,MULTNOMAH (51),880,GRESHAM,6,June,12,12,4,Wednesday,2024,17,5:00pm-5:59pm,22,22,NW BIRDSDALE AVE,NW WONDERVIEW DR,0,Not Signed,2,Urban,5,Major Collector,4,City or Municipal Highway Agency,0,This Section IS NOT on the NHS,0,No Special Jurisdiction,0,,45.50621667,45.50621667,-122.45498889,-122.45498889,12,Motor Vehicle In-Transport,6,Angle,0,No,2,Intersection,3,T-Intersection,1,On Roadway,0,,1,Daylight,1,Clear,0,No,0000000,Not Applicable,17,5:00pm-5:59pm,24,24,17,5:00pm-5:59pm,30,30,18,6:00pm-6:59pm,4,4,1
41,Oregon,410189,0,0,1,1,0,1,1,61,UNION (61),0,NOT APPLICABLE,6,June,13,13,5,Thursday,2024,6,6:00am-6:59am,43,43,I-84,,1,Interstate,1,Rural,1,Interstate,1,State Highway Agency,1,This Section IS ON the NHS,0,No Special Jurisdiction,2703,2703,45.21768333,45.21768333,-118.01853889,-118.01853889,59,Traffic Sign Support,0,The First Harmful Event was Not a Collision with a Motor Vehicle in Transport,0,No,1,Non-Junction,1,Not an Intersection,4,On Roadside,0,,1,Daylight,1,Clear,0,No,0000000,Not Applicable,6,6:00am-6:59am,43,43,6,6:00am-6:59am,50,50,88,Not Applicable (Not Transported),88,Not Applicable (Not Transported),1
41,Oregon,410190,0,0,1,1,0,2,2,51,MULTNOMAH (51),1650,PORTLAND,6,June,13,13,5,Thursday,2024,20,8:00pm-8:59pm,5,5,I-84 RAMP 3,,1,Interstate,2,Urban,1,Interstate,1,State Highway Agency,1,This Section IS ON the NHS,0,No Special Jurisdiction,3010,3010,45.51721944,45.51721944,-122.66534167,-122.66534167,23,Bridge Rail (Includes parapet),0,The First Harmful Event was Not a Collision with a Motor Vehicle in Transport,1,Yes,5,Entrance/Exit Ramp Related,1,Not an Intersection,4,On Roadside,0,,1,Daylight,1,Clear,0,No,0000000,Not Applicable,99,Unknown,99,Unknown,99,Unknown EMS Scene Arrival Hour,99,Unknown EMS Scene Arrival Minutes,88,Not Applicable (Not Transported),88,Not Applicable (Not Transported),2
41,Oregon,410191,1,1,1,1,0,1,1,51,MULTNOMAH (51),1650,PORTLAND,6,June,14,14,6,Friday,2024,4,4:00am-4:59am,41,41,I-84,,1,Interstate,2,Urban,1,Interstate,1,State Highway Agency,1,This Section IS ON the NHS,0,No Special Jurisdiction,53,53,45.53131389,45.53131389,-122.57056944,-122.57056944,8,Pedestrian,0,The First Harmful Event was Not a Collision with a Motor Vehicle in Transport,0,No,1,Non-Junction,1,Not an Intersection,1,On Roadway,0,,3,Dark - Lighted,1,Clear,0,No,0000000,Not Applicable,99,Unknown,99,Unknown,99,Unknown EMS Scene Arrival Hour,99,Unknown EMS Scene Arrival Minutes,88,Not Applicable (Not Transported),88,Not Applicable (Not Transported),1
41,Oregon,410192,0,0,1,1,0,2,2,1,BAKER (1),0,NOT APPLICABLE,6,June,14,14,6,Friday,2024,9,9:00am-9:59am,45,45,SR-86 ODOT 12,,3,State Highway,1,Rural,5,Major Collector,1,State Highway Agency,0,This Section IS NOT on the NHS,0,No Special Jurisdiction,271,271,44.812725,44.812725,-117.37471667,-117.37471667,31,"Post, Pole or Other Supports",0,The First Harmful Event was Not a Collision with a Motor Vehicle in Transport,0,No,1,Non-Junction,1,Not an Intersection,4,On Roadside,0,,1,Daylight,1,Clear,0,No,0000000,Not Applicable,9,9:00am-9:59am,52,52,10,10:00am-10:59am,29,29,99,Unknown,99,Unknown EMS Hospital Arrival Time,1
41,Oregon,410193,0,0,2,2,0,2,2,51,MULTNOMAH (51),1650,PORTLAND,6,June,14,14,6,Friday,2024,12,12:00pm-12:59pm,40,40,SE 82ND AVE,SE MITCHELL ST,0,Not Signed,2,Urban,3,Other Principal Arterial,4,City or Municipal Highway Agency,1,This Section IS ON the NHS,0,No Special Jurisdiction,0,,45.48521111,45.48521111,-122.57898889,-122.57898889,12,Motor Vehicle In-Transport,6,Angle,0,No,2,Intersection,3,T-Intersection,1,On Roadway,0,,1,Daylight,1,Clear,0,No,0000000,Not Applicable,99,Unknown,99,Unknown,99,Unknown EMS Scene Arrival Hour,99,Unknown EMS Scene Arrival Minutes,88,Not Applicable (Not Transported),88,Not Applicable (Not Transported),1
41,Oregon,410194,0,0,1,1,0,2,2,39,LANE (39),0,NOT APPLICABLE,6,June,15,15,7,Saturday,2024,15,3:00pm-3:59pm,5,5,SR-58 ODOT 18,,3,State Highway,1,Rural,3,Other Principal Arterial,1,State Highway Agency,1,This Section IS ON the NHS,0,No Special Jurisdiction,458,458,43.700475,43.700475,-122.27902778,-122.27902778,42,Tree (Standing Only),0,The First Harmful Event was Not a Collision with a Motor Vehicle in Transport,0,No,1,Non-Junction,1,Not an Intersection,4,On Roadside,0,,1,Daylight,1,Clear,0,No,0000000,Not Applicable,15,3:00pm-3:59pm,19,19,15,3:00pm-3:59pm,51,51,17,5:00pm-5:59pm,21,21,2
41,Oregon,410195,0,0,2,2,0,2,2,59,UMATILLA (59),0,NOT APPLICABLE,6,June,16,16,1,Sunday,2024,17,5:00pm-5:59pm,47,47,I-84,,1,Interstate,1,Rural,1,Interstate,1,State Highway Agency,1,This Section IS ON the NHS,0,No Special Jurisdiction,2196,2196,45.60167778,45.60167778,-118.64030278,-118.64030278,12,Motor Vehicle In-Transport,1,Front-to-Rear,0,No,1,Non-Junction,1,Not an Intersection,1,On Roadway,0,,1,Daylight,10,Cloudy,0,No,0000000,Not Applicable,17,5:00pm-5:59pm,47,47,18,6:00pm-6:59pm,4,4,88,Not Applicable (Not Transported),88,Not Applicable (Not Transported),1
41,Oregon,410197,0,0,1,1,0,1,1,43,LINN (43),0,NOT APPLICABLE,6,June,15,15,7,Saturday,2024,19,7:00pm-7:59pm,36,36,OLD SANTIAM HWY,,0,Not Signed,1,Rural,7,Local,2,County Highway Agency,0,This Section IS NOT on the NHS,0,No Special Jurisdiction,13,13,44.48631389,44.48631389,-122.83150556,-122.83150556,32,Culvert,0,The First Harmful Event was Not a Collision with a Motor Vehicle in Transport,0,No,1,Non-Junction,1,Not an Intersection,4,On Roadside,0,,1,Daylight,1,Clear,0,No,0000000,Not Applicable,19,7:00pm-7:59pm,37,37,19,7:00pm-7:59pm,43,43,88,Not Applicable (Not Transported),88,Not Applicable (Not Transported),1
41,Oregon,410198,1,1,1,1,0,2,2,47,MARION (47),0,NOT APPLICABLE,6,June,18,18,3,Tuesday,2024,23,11:00pm-11:59pm,58,58,SR-211 ODOT 161,,3,State Highway,1,Rural,4,Minor Arterial,1,State Highway Agency,0,This Section IS NOT on the NHS,0,No Special Jurisdiction,9,9,45.15118611,45.15118611,-122.81483611,-122.81483611,8,Pedestrian,0,The First Harmful Event was Not a Collision with a Motor Vehicle in Transport,0,No,1,Non-Junction,1,Not an Intersection,1,On Roadway,0,,2,Dark - Not Lighted,1,Clear,0,No,0000000,Not Applicable,0,0:00am-0:59am,6,6,0,0:00am-0:59am,15,15,88,Not Applicable (Not Transported),88,Not Applicable (Not Transported),1
41,Oregon,410199,1,1,1,1,0,1,1,67,WASHINGTON (67),0,NOT APPLICABLE,6,June,19,19,4,Wednesday,2024,17,5:00pm-5:59pm,2,2,W BASELINE RD,SW 201ST AVE,0,Not Signed,2,Urban,4,Minor Arterial,2,County Highway Agency,0,This Section IS NOT on the NHS,0,No Special Jurisdiction,0,,45.51503611,45.51503611,-122.88378056,-122.88378056,15,Non-Motorist on Personal Conveyance,0,The First Harmful Event was Not a Collision with a Motor Vehicle in Transport,0,No,3,Intersection-Related,2,Four-Way Intersection,1,On Roadway,0,,1,Daylight,1,Clear,0,No,0000000,Not Applicable,17,5:00pm-5:59pm,2,2,17,5:00pm-5:59pm,7,7,88,Not Applicable (Not Transported),88,Not Applicable (Not Transported),1
41,Oregon,410200,0,0,1,1,0,1,1,39,LANE (39),0,NOT APPLICABLE,6,June,19,19,4,Wednesday,2024,18,6:00pm-6:59pm,0,0,SR-99E ODOT 58,AYRES LN,3,State Highway,1,Rural,4,Minor Arterial,1,State Highway Agency,0,This Section IS NOT on the NHS,0,No Special Jurisdiction,308,308,44.24999722,44.24999722,-123.19732222,-123.19732222,53,Mail Box,0,The First Harmful Event was Not a Collision with a Motor Vehicle in Transport,0,No,3,Intersection-Related,3,T-Intersection,4,On Roadside,0,,1,Daylight,1,Clear,0,No,0000000,Not Applicable,99,Unknown,99,Unknown,99,Unknown EMS Scene Arrival Hour,99,Unknown EMS Scene Arrival Minutes,88,Not Applicable (Not Transported),88,Not Applicable (Not Transported),1
41,Oregon,410201,0,0,1,1,0,2,2,17,DESCHUTES (17),0,NOT APPLICABLE,6,June,19,19,4,Wednesday,2024,18,6:00pm-6:59pm,59,59,USFS 1028 RD,,0,Not Signed,1,Rural,7,Local,64,U.S. Forest Service,0,This Section IS NOT on the NHS,0,No Special Jurisdiction,0,,44.33076944,44.33076944,-121.71007778,-121.71007778,42,Tree (Standing Only),0,The First Harmful Event was Not a Collision with a Motor Vehicle in Transport,0,No,1,Non-Junction,1,Not an Intersection,4,On Roadside,0,,8,Not Reported,98,Not Reported,0,No,0000000,Not Applicable,99,Unknown,99,Unknown,99,Unknown EMS Scene Arrival Hour,99,Unknown EMS Scene Arrival Minutes,88,Not Applicable (Not Transported),88,Not Applicable (Not Transported),2
41,Oregon,410203,0,0,1,1,0,1,1,43,LINN (43),0,NOT APPLICABLE,6,June,21,21,6,Friday,2024,17,5:00pm-5:59pm,13,13,NORTH RIVER DR,,0,Not Signed,1,Rural,5,Major Collector,2,County Highway Agency,0,This Section IS NOT on the NHS,0,No Special Jurisdiction,1,1,44.41991111,44.41991111,-122.66835,-122.66835,17,Boulder,0,The First Harmful Event was Not a Collision with a Motor Vehicle in Transport,0,No,1,Non-Junction,1,Not an Intersection,4,On Roadside,0,,1,Daylight,1,Clear,0,No,0000000,Not Applicable,99,Unknown,99,Unknown,99,Unknown EMS Scene Arrival Hour,99,Unknown EMS Scene Arrival Minutes,88,Not Applicable (Not Transported),88,Not Applicable (Not Transported),1
41,Oregon,410205,0,0,1,1,0,1,1,51,MULTNOMAH (51),880,GRESHAM,6,June,22,22,7,Saturday,2024,0,0:00am-0:59am,12,12,US-26 W POWELL BLVD,,2,U.S. Highway,2,Urban,3,Other Principal Arterial,4,City or Municipal Highway Agency,1,This Section IS ON the NHS,0,No Special Jurisdiction,0,,45.49684722,45.49684722,-122.45778333,-122.45778333,33,Curb,0,The First Harmful Event was Not a Collision with a Motor Vehicle in Transport,0,No,1,Non-Junction,1,Not an Intersection,4,On Roadside,0,,3,Dark - Lighted,1,Clear,0,No,0000000,Not Applicable,0,0:00am-0:59am,14,14,0,0:00am-0:59am,21,21,88,Not Applicable (Not Transported),88,Not Applicable (Not Transported),1
41,Oregon,410206,0,0,1,1,0,1,1,61,UNION (61),0,NOT APPLICABLE,6,June,22,22,7,Saturday,2024,16,4:00pm-4:59pm,19,19,SR-203A ODOT 66,,3,State Highway,1,Rural,4,Minor Arterial,1,State Highway Agency,0,This Section IS NOT on the NHS,0,No Special Jurisdiction,79,79,45.27023056,45.27023056,-117.99881944,-117.99881944,34,Ditch,0,The First Harmful Event was Not a Collision with a Motor Vehicle in Transport,0,No,1,Non-Junction,1,Not an Intersection,4,On Roadside,0,,1,Daylight,1,Clear,0,No,0000000,Not Applicable,16,4:00pm-4:59pm,20,20,16,4:00pm-4:59pm,29,29,16,4:00pm-4:59pm,49,49,1
41,Oregon,410207,0,0,1,1,0,1,1,9,COLUMBIA (9),0,NOT APPLICABLE,6,June,23,23,1,Sunday,2024,99,Unknown Hours,99,Unknown Minutes,SR-47 ODOT 110,,3,State Highway,1,Rural,5,Major Collector,1,State Highway Agency,0,This Section IS NOT on the NHS,0,No Special Jurisdiction,59,59,46.06454167,46.06454167,-123.26583333,-123.26583333,42,Tree (Standing Only),0,The First Harmful Event was Not a Collision with a Motor Vehicle in Transport,0,No,1,Non-Junction,1,Not an Intersection,4,On Roadside,0,,1,Daylight,1,Clear,0,No,0000000,Not Applicable,12,12:00pm-12:59pm,28,28,12,12:00pm-12:59pm,38,38,88,Not Applicable (Not Transported),88,Not Applicable (Not Transported),1
41,Oregon,410208,0,0,4,2,2,4,4,51,MULTNOMAH (51),1650,PORTLAND,6,June,25,25,3,Tuesday,2024,0,0:00am-0:59am,26,26,SE DIVISION ST,,0,Not Signed,2,Urban,3,Other Principal Arterial,4,City or Municipal Highway Agency,1,This Section IS ON the NHS,0,No Special Jurisdiction,0,,45.504175,45.504175,-122.518325,-122.518325,12,Motor Vehicle In-Transport,1,Front-to-Rear,0,No,1,Non-Junction,1,Not an Intersection,1,On Roadway,0,,3,Dark - Lighted,1,Clear,0,No,0000000,Not Applicable,99,Unknown,99,Unknown,99,Unknown EMS Scene Arrival Hour,99,Unknown EMS Scene Arrival Minutes,99,Unknown,99,Unknown EMS Hospital Arrival Time,3
41,Oregon,410209,1,1,1,1,0,1,1,43,LINN (43),0,NOT APPLICABLE,6,June,26,26,4,Wednesday,2024,0,0:00am-0:59am,57,57,SR-99E ODOT 58,,3,State Highway,1,Rural,4,Minor Arterial,1,State Highway Agency,0,This Section IS NOT on the NHS,0,No Special Jurisdiction,186,186,44.39961667,44.39961667,-123.11044167,-123.11044167,8,Pedestrian,0,The First Harmful Event was Not a Collision with a Motor Vehicle in Transport,0,No,1,Non-Junction,1,Not an Intersection,1,On Roadway,0,,2,Dark - Not Lighted,1,Clear,0,No,0000000,Not Applicable,0,0:00am-0:59am,57,57,1,1:00am-1:59am,5,5,88,Not Applicable (Not Transported),88,Not Applicable (Not Transported),1
41,Oregon,410210,0,0,1,1,0,1,1,31,JEFFERSON (31),0,NOT APPLICABLE,4,April,7,7,1,Sunday,2024,0,0:00am-0:59am,0,0,SW EUREKA LN,,0,Not Signed,1,Rural,5,Major Collector,2,County Highway Agency,0,This Section IS NOT on the NHS,0,No Special Jurisdiction,4,4,44.57831111,44.57831111,-121.22072778,-121.22072778,1,Rollover/Overturn,0,The First Harmful Event was Not a Collision with a Motor Vehicle in Transport,0,No,1,Non-Junction,1,Not an Intersection,4,On Roadside,0,,2,Dark - Not Lighted,98,Not Reported,0,No,0000000,Not Applicable,99,Unknown,99,Unknown,99,Unknown EMS Scene Arrival Hour,99,Unknown EMS Scene Arrival Minutes,88,Not Applicable (Not Transported),88,Not Applicable (Not Transported),1
41,Oregon,410211,0,0,2,2,0,3,3,19,DOUGLAS (19),1750,RIDDLE,6,June,25,25,3,Tuesday,2024,15,3:00pm-3:59pm,5,5,RIDDLE BY PASS RD,MAIN ST,0,Not Signed,2,Urban,4,Minor Arterial,4,City or Municipal Highway Agency,0,This Section IS NOT on the NHS,0,No Special Jurisdiction,0,,42.955275,42.955275,-123.37130278,-123.37130278,12,Motor Vehicle In-Transport,6,Angle,0,No,2,Intersection,3,T-Intersection,1,On Roadway,0,,1,Daylight,1,Clear,0,No,0000000,Not Applicable,15,3:00pm-3:59pm,6,6,15,3:00pm-3:59pm,16,16,15,3:00pm-3:59pm,32,32,1
41,Oregon,410213,0,0,2,2,0,2,2,67,WASHINGTON (67),0,NOT APPLICABLE,6,June,19,19,4,Wednesday,2024,19,7:00pm-7:59pm,7,7,SW RIVER RD,,0,Not Signed,2,Urban,4,Minor Arterial,2,County Highway Agency,0,This Section IS NOT on the NHS,0,No Special Jurisdiction,0,,45.48200833,45.48200833,-122.93399444,-122.93399444,12,Motor Vehicle In-Transport,2,Front-to-Front,0,No,1,Non-Junction,1,Not an Intersection,1,On Roadway,0,,8,Not Reported,98,Not Reported,0,No,0000000,Not Applicable,19,7:00pm-7:59pm,9,9,19,7:00pm-7:59pm,18,18,19,7:00pm-7:59pm,55,55,1
41,Oregon,410214,0,0,2,2,0,3,3,13,CROOK (13),0,NOT APPLICABLE,6,June,28,28,6,Friday,2024,7,7:00am-7:59am,24,24,SR-126 ODOT 41,,3,State Highway,1,Rural,3,Other Principal Arterial,1,State Highway Agency,1,This Section IS ON the NHS,0,No Special Jurisdiction,57,57,44.25487778,44.25487778,-121.06741944,-121.06741944,12,Motor Vehicle In-Transport,6,Angle,0,No,1,Non-Junction,1,Not an Intersection,1,On Roadway,0,,1,Daylight,1,Clear,0,No,0000000,Not Applicable,7,7:00am-7:59am,26,26,7,7:00am-7:59am,33,33,99,Unknown,99,Unknown EMS Hospital Arrival Time,1
41,Oregon,410215,1,1,1,1,0,1,1,47,MARION (47),0,NOT APPLICABLE,6,June,28,28,6,Friday,2024,21,9:00pm-9:59pm,55,55,LANCASTER DR NE,HAYESVILLE DR NE,0,Not Signed,2,Urban,3,Other Principal Arterial,2,County Highway Agency,1,This Section IS ON the NHS,0,No Special Jurisdiction,53,53,44.99015833,44.99015833,-122.98318333,-122.98318333,8,Pedestrian,0,The First Harmful Event was Not a Collision with a Motor Vehicle in Transport,0,No,2,Intersection,2,Four-Way Intersection,1,On Roadway,1,Construction,3,Dark - Lighted,1,Clear,0,No,0000000,Not Applicable,22,10:00pm-10:59pm,0,0,22,10:00pm-10:59pm,8,8,22,10:00pm-10:59pm,31,31,1
41,Oregon,410216,0,0,2,2,0,2,2,51,MULTNOMAH (51),880,GRESHAM,6,June,29,29,7,Saturday,2024,1,1:00am-1:59am,32,32,I-84,,1,Interstate,2,Urban,1,Interstate,1,State Highway Agency,1,This Section IS ON the NHS,0,No Special Jurisdiction,121,121,45.54241111,45.54241111,-122.49528056,-122.49528056,12,Motor Vehicle In-Transport,2,Front-to-Front,0,No,1,Non-Junction,1,Not an Intersection,1,On Roadway,0,,3,Dark - Lighted,1,Clear,0,No,0000000,Not Applicable,99,Unknown,99,Unknown,99,Unknown EMS Scene Arrival Hour,99,Unknown EMS Scene Arrival Minutes,99,Unknown,99,Unknown EMS Hospital Arrival Time,1
41,Oregon,410217,0,0,3,3,0,5,5,41,LINCOLN (41),0,NOT APPLICABLE,7,July,1,1,2,Monday,2024,18,6:00pm-6:59pm,35,35,US-20 ODOT 33,,2,U.S. Highway,1,Rural,3,Other Principal Arterial,1,State Highway Agency,1,This Section IS ON the NHS,0,No Special Jurisdiction,304,304,44.62006389,44.62006389,-123.65981667,-123.65981667,12,Motor Vehicle In-Transport,2,Front-to-Front,0,No,1,Non-Junction,1,Not an Intersection,1,On Roadway,0,,1,Daylight,1,Clear,0,No,0000000,Not Applicable,18,6:00pm-6:59pm,35,35,18,6:00pm-6:59pm,45,45,99,Unknown,99,Unknown EMS Hospital Arrival Time,2
41,Oregon,410218,0,0,1,1,0,1,1,5,CLACKAMAS (5),0,NOT APPLICABLE,5,May,25,25,7,Saturday,2024,7,7:00am-7:59am,51,51,SR-212 ODOT 174,,3,State Highway,2,Urban,3,Other Principal Arterial,1,State Highway Agency,1,This Section IS ON the NHS,0,No Special Jurisdiction,71,71,45.43268056,45.43268056,-122.37155,-122.37155,39,Wall,0,The First Harmful Event was Not a Collision with a Motor Vehicle in Transport,0,No,1,Non-Junction,1,Not an Intersection,4,On Roadside,0,,1,Daylight,10,Cloudy,0,No,0000000,Not Applicable,99,Unknown,99,Unknown,99,Unknown EMS Scene Arrival Hour,99,Unknown EMS Scene Arrival Minutes,99,Unknown,99,Unknown EMS Hospital Arrival Time,1
41,Oregon,410219,1,1,1,1,0,1,1,29,JACKSON (29),0,NOT APPLICABLE,6,June,29,29,7,Saturday,2024,21,9:00pm-9:59pm,31,31,SR-SOUTH VALLEY VIEW RD CONN 2,,3,State Highway,2,Urban,4,Minor Arterial,1,State Highway Agency,0,This Section IS NOT on the NHS,0,No Special Jurisdiction,187,187,42.22210278,42.22210278,-122.74050278,-122.74050278,8,Pedestrian,0,The First Harmful Event was Not a Collision with a Motor Vehicle in Transport,0,No,1,Non-Junction,1,Not an Intersection,1,On Roadway,0,,2,Dark - Not Lighted,1,Clear,0,No,0000000,Not Applicable,99,Unknown,99,Unknown,99,Unknown EMS Scene Arrival Hour,99,Unknown EMS Scene Arrival Minutes,99,Unknown,99,Unknown EMS Hospital Arrival Time,1
41,Oregon,410220,0,0,2,2,0,5,5,67,WASHINGTON (67),0,NOT APPLICABLE,7,July,3,3,4,Wednesday,2024,15,3:00pm-3:59pm,16,16,SR-47 ODOT 29,SW SPRING HILL RD,3,State Highway,2,Urban,4,Minor Arterial,1,State Highway Agency,0,This Section IS NOT on the NHS,0,No Special Jurisdiction,223,223,45.48053611,45.48053611,-123.12935,-123.12935,12,Motor Vehicle In-Transport,6,Angle,0,No,2,Intersection,2,Four-Way Intersection,1,On Roadway,0,,1,Daylight,1,Clear,0,No,0000000,Not Applicable,15,3:00pm-3:59pm,17,17,15,3:00pm-3:59pm,24,24,99,Unknown,99,Unknown EMS Hospital Arrival Time,1
41,Oregon,410221,0,0,2,2,0,3,3,43,LINN (43),0,NOT APPLICABLE,7,July,3,3,4,Wednesday,2024,18,6:00pm-6:59pm,17,17,SR-20 ODOT 16,,3,State Highway,1,Rural,3,Other Principal Arterial,1,State Highway Agency,1,This Section IS ON the NHS,0,No Special Jurisdiction,214,214,44.45879167,44.45879167,-122.80149444,-122.80149444,12,Motor Vehicle In-Transport,2,Front-to-Front,0,No,1,Non-Junction,1,Not an Intersection,1,On Roadway,0,,1,Daylight,1,Clear,0,No,0000000,Not Applicable,18,6:00pm-6:59pm,17,17,18,6:00pm-6:59pm,28,28,99,Unknown,99,Unknown EMS Hospital Arrival Time,1
41,Oregon,410222,0,0,1,1,0,2,2,29,JACKSON (29),0,NOT APPLICABLE,7,July,3,3,4,Wednesday,2024,22,10:00pm-10:59pm,15,15,SR-227 HIGHWAY 227,,3,State Highway,1,Rural,5,Major Collector,2,County Highway Agency,0,This Section IS NOT on the NHS,0,No Special Jurisdiction,4,4,42.750975,42.750975,-122.87486111,-122.87486111,34,Ditch,0,The First Harmful Event was Not a Collision with a Motor Vehicle in Transport,0,No,1,Non-Junction,1,Not an Intersection,4,On Roadside,0,,2,Dark - Not Lighted,1,Clear,0,No,0000000,Not Applicable,22,10:00pm-10:59pm,18,18,22,10:00pm-10:59pm,35,35,99,Unknown,99,Unknown EMS Hospital Arrival Time,1
41,Oregon,410224,0,0,1,1,0,1,1,57,TILLAMOOK (57),0,NOT APPLICABLE,7,July,7,7,1,Sunday,2024,3,3:00am-3:59am,0,0,SR-130 ODOT 130,,3,State Highway,1,Rural,5,Major Collector,1,State Highway Agency,0,This Section IS NOT on the NHS,0,No Special Jurisdiction,29,29,45.13586667,45.13586667,-123.89634722,-123.89634722,1,Rollover/Overturn,0,The First Harmful Event was Not a Collision with a Motor Vehicle in Transport,0,No,1,Non-Junction,1,Not an Intersection,4,On Roadside,0,,2,Dark - Not Lighted,99,Reported as Unknown,0,No,0000000,Not Applicable,14,2:00pm-2:59pm,0,0,14,2:00pm-2:59pm,12,12,88,Not Applicable (Not Transported),88,Not Applicable (Not Transported),1
41,Oregon,410225,0,0,2,2,0,5,5,31,JEFFERSON (31),0,NOT APPLICABLE,7,July,6,6,7,Saturday,2024,9,9:00am-9:59am,11,11,US-26 ODOT 53,CR-NW COLUMBIA DR,2,U.S. Highway,1,Rural,3,Other Principal Arterial,1,State Highway Agency,1,This Section IS ON the NHS,0,No Special Jurisdiction,1117,1117,44.71721944,44.71721944,-121.17379722,-121.17379722,12,Motor Vehicle In-Transport,6,Angle,0,No,2,Intersection,2,Four-Way Intersection,1,On Roadway,0,,1,Daylight,1,Clear,0,No,0000000,Not Applicable,9,9:00am-9:59am,11,11,9,9:00am-9:59am,18,18,99,Unknown,99,Unknown EMS Hospital Arrival Time,1
41,Oregon,410226,0,0,2,2,0,6,6,5,CLACKAMAS (5),0,NOT APPLICABLE,7,July,6,6,7,Saturday,2024,11,11:00am-11:59am,20,20,SR-211 ODOT 161,,3,State Highway,1,Rural,4,Minor Arterial,1,State Highway Agency,0,This Section IS NOT on the NHS,0,No Special Jurisdiction,180,180,45.15821944,45.15821944,-122.49640833,-122.49640833,12,Motor Vehicle In-Transport,2,Front-to-Front,0,No,1,Non-Junction,1,Not an Intersection,1,On Roadway,0,,1,Daylight,1,Clear,0,No,0000000,Not Applicable,11,11:00am-11:59am,39,39,12,12:00pm-12:59pm,9,9,12,12:00pm-12:59pm,50,50,2
41,Oregon,410227,0,0,1,1,0,1,1,19,DOUGLAS (19),0,NOT APPLICABLE,7,July,6,6,7,Saturday,2024,13,1:00pm-1:59pm,32,32,US-101 ODOT 9,,2,U.S. Highway,1,Rural,3,Other Principal Arterial,1,State Highway Agency,1,This Section IS ON the NHS,0,No Special Jurisdiction,2072,2072,43.75647778,43.75647778,-124.12278889,-124.12278889,24,Guardrail Face,0,The First Harmful Event was Not a Collision with a Motor Vehicle in Transport,0,No,1,Non-Junction,1,Not an Intersection,4,On Roadside,0,,1,Daylight,1,Clear,0,No,0000000,Not Applicable,13,1:00pm-1:59pm,34,34,13,1:00pm-1:59pm,42,42,88,Not Applicable (Not Transported),88,Not Applicable (Not Transported),1
41,Oregon,410228,1,1,1,1,0,1,1,19,DOUGLAS (19),1780,ROSEBURG,7,July,8,8,2,Monday,2024,14,2:00pm-2:59pm,58,58,SR-99 ODOT 138,DOUGLAS AVE,3,State Highway,2,Urban,3,Other Principal Arterial,1,State Highway Agency,1,This Section IS ON the NHS,0,No Special Jurisdiction,1,1,43.21151111,43.21151111,-123.34465278,-123.34465278,8,Pedestrian,0,The First Harmful Event was Not a Collision with a Motor Vehicle in Transport,0,No,3,Intersection-Related,2,Four-Way Intersection,1,On Roadway,0,,1,Daylight,1,Clear,0,No,0000000,Not Applicable,99,Unknown,99,Unknown,99,Unknown EMS Scene Arrival Hour,99,Unknown EMS Scene Arrival Minutes,88,Not Applicable (Not Transported),88,Not Applicable (Not Transported),1
41,Oregon,410229,0,0,2,2,0,2,2,11,COOS (11),0,NOT APPLICABLE,7,July,9,9,3,Tuesday,2024,12,12:00pm-12:59pm,27,27,US-101 ODOT 9,COOS SUMNER LN,2,U.S. Highway,1,Rural,3,Other Principal Arterial,1,State Highway Agency,1,This Section IS ON the NHS,0,No Special Jurisdiction,2435,2435,43.30123611,43.30123611,-124.21160556,-124.21160556,12,Motor Vehicle In-Transport,6,Angle,0,No,2,Intersection,3,T-Intersection,1,On Roadway,0,,1,Daylight,1,Clear,0,No,0000000,Not Applicable,12,12:00pm-12:59pm,27,27,12,12:00pm-12:59pm,48,48,13,1:00pm-1:59pm,15,15,1
41,Oregon,410230,0,0,2,2,0,2,2,39,LANE (39),660,EUGENE,7,July,9,9,3,Tuesday,2024,13,1:00pm-1:59pm,31,31,S BERTELSEN RD,,0,Not Signed,2,Urban,4,Minor Arterial,4,City or Municipal Highway Agency,0,This Section IS NOT on the NHS,0,No Special Jurisdiction,0,,44.04549167,44.04549167,-123.16246667,-123.16246667,12,Motor Vehicle In-Transport,2,Front-to-Front,0,No,1,Non-Junction,1,Not an Intersection,1,On Roadway,0,,1,Daylight,1,Clear,0,No,0000000,Not Applicable,13,1:00pm-1:59pm,32,32,13,1:00pm-1:59pm,40,40,13,1:00pm-1:59pm,52,52,1
41,Oregon,410231,0,0,1,1,0,1,1,33,JOSEPHINE (33),0,NOT APPLICABLE,7,July,9,9,3,Tuesday,2024,16,4:00pm-4:59pm,7,7,LOWER GRAVE CREEK RD,,0,Not Signed,1,Rural,6,Minor Collector,2,County Highway Agency,0,This Section IS NOT on the NHS,0,No Special Jurisdiction,0,,42.64340278,42.64340278,-123.44384722,-123.44384722,42,Tree (Standing Only),0,The First Harmful Event was Not a Collision with a Motor Vehicle in Transport,0,No,1,Non-Junction,1,Not an Intersection,4,On Roadside,0,,1,Daylight,1,Clear,0,No,0000000,Not Applicable,16,4:00pm-4:59pm,7,7,16,4:00pm-4:59pm,7,7,88,Not Applicable (Not Transported),88,Not Applicable (Not Transported),1
41,Oregon,410232,0,0,1,1,0,1,1,71,YAMHILL (71),0,NOT APPLICABLE,7,July,11,11,5,Thursday,2024,21,9:00pm-9:59pm,53,53,SR-221 ODOT 150,,3,State Highway,1,Rural,4,Minor Arterial,1,State Highway Agency,0,This Section IS NOT on the NHS,0,No Special Jurisdiction,85,85,45.10958056,45.10958056,-123.06715556,-123.06715556,42,Tree (Standing Only),0,The First Harmful Event was Not a Collision with a Motor Vehicle in Transport,0,No,1,Non-Junction,1,Not an Intersection,4,On Roadside,0,,2,Dark - Not Lighted,1,Clear,0,No,0000000,Not Applicable,21,9:00pm-9:59pm,55,55,22,10:00pm-10:59pm,8,8,88,Not Applicable (Not Transported),88,Not Applicable (Not Transported),1
41,Oregon,410233,0,0,2,2,0,2,2,47,MARION (47),1810,SALEM,7,July,11,11,5,Thursday,2024,16,4:00pm-4:59pm,42,42,MARKET ST NE,23RD ST NE,0,Not Signed,2,Urban,3,Other Principal Arterial,4,City or Municipal Highway Agency,1,This Section IS ON the NHS,0,No Special Jurisdiction,0,,44.94928333,44.94928333,-123.00624444,-123.00624444,12,Motor Vehicle In-Transport,6,Angle,0,No,2,Intersection,3,T-Intersection,1,On Roadway,0,,1,Daylight,1,Clear,0,No,0000000,Not Applicable,16,4:00pm-4:59pm,42,42,16,4:00pm-4:59pm,44,44,88,Not Applicable (Not Transported),88,Not Applicable (Not Transported),1
41,Oregon,410234,0,0,1,1,0,1,1,35,KLAMATH (35),0,NOT APPLICABLE,7,July,13,13,7,Saturday,2024,19,7:00pm-7:59pm,22,22,SR-62 ODOT 22,SUN MOUNTAIN RD,3,State Highway,1,Rural,5,Major Collector,1,State Highway Agency,0,This Section IS NOT on the NHS,0,No Special Jurisdiction,913,913,42.69519444,42.69519444,-121.97282778,-121.97282778,34,Ditch,0,The First Harmful Event was Not a Collision with a Motor Vehicle in Transport,0,No,3,Intersection-Related,3,T-Intersection,4,On Roadside,0,,5,Dusk,1,Clear,0,No,0000000,Not Applicable,19,7:00pm-7:59pm,24,24,19,7:00pm-7:59pm,35,35,88,Not Applicable (Not Transported),88,Not Applicable (Not Transported),1
41,Oregon,410235,1,1,1,1,0,1,1,51,MULTNOMAH (51),1650,PORTLAND,7,July,14,14,1,Sunday,2024,3,3:00am-3:59am,9,9,US-30 ODOT 123,,2,U.S. Highway,2,Urban,3,Other Principal Arterial,1,State Highway Agency,1,This Section IS ON the NHS,0,No Special Jurisdiction,91,91,45.567375,45.567375,-122.60241944,-122.60241944,8,Pedestrian,0,The First Harmful Event was Not a Collision with a Motor Vehicle in Transport,0,No,1,Non-Junction,1,Not an Intersection,1,On Roadway,0,,3,Dark - Lighted,1,Clear,0,No,0000000,Not Applicable,3,3:00am-3:59am,10,10,3,3:00am-3:59am,18,18,88,Not Applicable (Not Transported),88,Not Applicable (Not Transported),1
41,Oregon,410236,0,0,1,1,0,3,3,15,CURRY (15),0,NOT APPLICABLE,7,July,14,14,1,Sunday,2024,23,11:00pm-11:59pm,20,20,US-101 ODOT 9,,2,U.S. Highway,1,Rural,3,Other Principal Arterial,1,State Highway Agency,1,This Section IS ON the NHS,0,No Special Jurisdiction,2980,2980,42.7862,42.7862,-124.49448333,-124.49448333,42,Tree (Standing Only),0,The First Harmful Event was Not a Collision with a Motor Vehicle in Transport,0,No,1,Non-Junction,1,Not an Intersection,4,On Roadside,0,,2,Dark - Not Lighted,1,Clear,0,No,0000000,Not Applicable,23,11:00pm-11:59pm,20,20,23,11:00pm-11:59pm,30,30,88,Not Applicable (Not Transported),88,Not Applicable (Not Transported),3
41,Oregon,410237,0,0,2,2,0,2,2,43,LINN (43),0,NOT APPLICABLE,7,July,15,15,2,Monday,2024,11,11:00am-11:59am,51,51,SR-34 ODOT 210,,3,State Highway,1,Rural,3,Other Principal Arterial,1,State Highway Agency,1,This Section IS ON the NHS,0,No Special Jurisdiction,44,44,44.56721944,44.56721944,-123.17149167,-123.17149167,12,Motor Vehicle In-Transport,2,Front-to-Front,0,No,1,Non-Junction,1,Not an Intersection,1,On Roadway,0,,1,Daylight,1,Clear,0,No,0000000,Not Applicable,11,11:00am-11:59am,51,51,12,12:00pm-12:59pm,1,1,12,12:00pm-12:59pm,21,21,1
41,Oregon,410238,0,0,1,1,0,1,1,71,YAMHILL (71),0,NOT APPLICABLE,7,July,15,15,2,Monday,2024,2,2:00am-2:59am,4,4,SE EOLA HILLS RD,,0,Not Signed,1,Rural,7,Local,2,County Highway Agency,0,This Section IS NOT on the NHS,0,No Special Jurisdiction,11,11,45.10505556,45.10505556,-123.16601111,-123.16601111,42,Tree (Standing Only),0,The First Harmful Event was Not a Collision with a Motor Vehicle in Transport,0,No,1,Non-Junction,1,Not an Intersection,4,On Roadside,0,,2,Dark - Not Lighted,1,Clear,0,No,0000000,Not Applicable,2,2:00am-2:59am,6,6,2,2:00am-2:59am,16,16,88,Not Applicable (Not Transported),88,Not Applicable (Not Transported),1
41,Oregon,410239,1,1,1,1,0,1,1,51,MULTNOMAH (51),1650,PORTLAND,6,June,24,24,2,Monday,2024,15,3:00pm-3:59pm,58,58,SE 82ND AVE,SE BROOKLYN ST,0,Not Signed,2,Urban,3,Other Principal Arterial,4,City or Municipal Highway Agency,1,This Section IS ON the NHS,0,No Special Jurisdiction,0,,45.50054444,45.50054444,-122.57858889,-122.57858889,8,Pedestrian,0,The First Harmful Event was Not a Collision with a Motor Vehicle in Transport,0,No,3,Intersection-Related,3,T-Intersection,1,On Roadway,0,,1,Daylight,1,Clear,0,No,0000000,Not Applicable,15,3:00pm-3:59pm,58,58,16,4:00pm-4:59pm,5,5,16,4:00pm-4:59pm,32,32,1
41,Oregon,410240,0,0,3,3,0,3,3,67,WASHINGTON (67),1000,HILLSBORO,7,July,14,14,1,Sunday,2024,23,11:00pm-11:59pm,23,23,W BASELINE RD,NE CORNELIUS PASS RD,0,Not Signed,2,Urban,4,Minor Arterial,4,City or Municipal Highway Agency,0,This Section IS NOT on the NHS,0,No Special Jurisdiction,0,,45.51538333,45.51538333,-122.90099167,-122.90099167,12,Motor Vehicle In-Transport,6,Angle,0,No,2,Intersection,2,Four-Way Intersection,1,On Roadway,0,,6,Dark - Unknown Lighting,98,Not Reported,0,No,0000000,Not Applicable,23,11:00pm-11:59pm,23,23,23,11:00pm-11:59pm,33,33,0,0:00am-0:59am,22,22,1
41,Oregon,410241,0,0,2,2,0,2,2,19,DOUGLAS (19),0,NOT APPLICABLE,7,July,17,17,4,Wednesday,2024,16,4:00pm-4:59pm,16,16,GARDEN VALLEY RD,,0,Not Signed,1,Rural,4,Minor Arterial,2,County Highway Agency,0,This Section IS NOT on the NHS,0,No Special Jurisdiction,46,46,43.26235833,43.26235833,-123.40404722,-123.40404722,12,Motor Vehicle In-Transport,6,Angle,0,No,8,Driveway Access Related,1,Not an Intersection,1,On Roadway,0,,1,Daylight,1,Clear,0,No,0000000,Not Applicable,16,4:00pm-4:59pm,16,16,16,4:00pm-4:59pm,20,20,88,Not Applicable (Not Transported),88,Not Applicable (Not Transported),1
41,Oregon,410242,0,0,1,1,0,1,1,51,MULTNOMAH (51),1650,PORTLAND,7,July,18,18,5,Thursday,2024,0,0:00am-0:59am,21,21,I-5 RAMP,,1,Interstate,2,Urban,1,Interstate,1,State Highway Agency,1,This Section IS ON the NHS,0,No Special Jurisdiction,3078,3078,45.610875,45.610875,-122.67901667,-122.67901667,59,Traffic Sign Support,0,The First Harmful Event was Not a Collision with a Motor Vehicle in Transport,1,Yes,5,Entrance/Exit Ramp Related,1,Not an Intersection,4,On Roadside,0,,3,Dark - Lighted,1,Clear,0,No,0000000,Not Applicable,99,Unknown,99,Unknown,99,Unknown EMS Scene Arrival Hour,99,Unknown EMS Scene Arrival Minutes,88,Not Applicable (Not Transported),88,Not Applicable (Not Transported),1
41,Oregon,410243,1,1,2,1,1,3,3,27,HOOD RIVER (27),0,NOT APPLICABLE,7,July,18,18,5,Thursday,2024,0,0:00am-0:59am,45,45,I-84 ODOT 2,,1,Interstate,1,Rural,1,Interstate,1,State Highway Agency,1,This Section IS ON the NHS,0,No Special Jurisdiction,543,543,45.68784444,45.68784444,-121.70139444,-121.70139444,8,Pedestrian,0,The First Harmful Event was Not a Collision with a Motor Vehicle in Transport,0,No,1,Non-Junction,1,Not an Intersection,8,Gore,0,,2,Dark - Not Lighted,1,Clear,0,No,0000000,Not Applicable,0,0:00am-0:59am,46,46,1,1:00am-1:59am,17,17,88,Not Applicable (Not Transported),88,Not Applicable (Not Transported),1
41,Oregon,410245,0,0,2,2,0,4,4,49,MORROW (49),0,NOT APPLICABLE,7,July,19,19,6,Friday,2024,15,3:00pm-3:59pm,12,12,US-730 ODOT 2,,2,U.S. Highway,1,Rural,3,Other Principal Arterial,1,State Highway Agency,1,This Section IS ON the NHS,0,No Special Jurisdiction,1725,1725,45.87225556,45.87225556,-119.54845833,-119.54845833,12,Motor Vehicle In-Transport,2,Front-to-Front,0,No,1,Non-Junction,1,Not an Intersection,1,On Roadway,0,,1,Daylight,1,Clear,0,No,0000000,Not Applicable,15,3:00pm-3:59pm,12,12,15,3:00pm-3:59pm,25,25,99,Unknown,99,Unknown EMS Hospital Arrival Time,2
41,Oregon,410246,0,0,2,2,0,3,3,51,MULTNOMAH (51),880,GRESHAM,7,July,20,20,7,Saturday,2024,9,9:00am-9:59am,57,57,SE 190TH DR,SE CHELDELIN RD,0,Not Signed,2,Urban,6,Minor Collector,4,City or Municipal Highway Agency,0,This Section IS NOT on the NHS,0,No Special Jurisdiction,0,,45.46114167,45.46114167,-122.46667222,-122.46667222,12,Motor Vehicle In-Transport,6,Angle,0,No,2,Intersection,3,T-Intersection,1,On Roadway,0,,1,Daylight,1,Clear,0,No,0000000,Not Applicable,9,9:00am-9:59am,56,56,10,10:00am-10:59am,2,2,88,Not Applicable (Not Transported),88,Not Applicable (Not Transported),1
41,Oregon,410247,0,0,2,2,0,3,3,43,LINN (43),0,NOT APPLICABLE,7,July,21,21,1,Sunday,2024,2,2:00am-2:59am,9,9,I-5,,1,Interstate,1,Rural,1,Interstate,1,State Highway Agency,1,This Section IS ON the NHS,0,No Special Jurisdiction,2220,2220,44.46743889,44.46743889,-123.06131944,-123.06131944,12,Motor Vehicle In-Transport,1,Front-to-Rear,0,No,1,Non-Junction,1,Not an Intersection,1,On Roadway,0,,2,Dark - Not Lighted,10,Cloudy,0,No,0000000,Not Applicable,2,2:00am-2:59am,9,9,2,2:00am-2:59am,28,28,3,3:00am-3:59am,15,15,1
41,Oregon,410248,1,1,1,1,0,1,1,47,MARION (47),0,NOT APPLICABLE,7,July,21,21,1,Sunday,2024,9,9:00am-9:59am,56,56,STATE ST,,0,Not Signed,2,Urban,4,Minor Arterial,2,County Highway Agency,0,This Section IS NOT on the NHS,0,No Special Jurisdiction,9,9,44.92801389,44.92801389,-122.96828611,-122.96828611,8,Pedestrian,0,The First Harmful Event was Not a Collision with a Motor Vehicle in Transport,0,No,1,Non-Junction,1,Not an Intersection,2,On Shoulder,0,,1,Daylight,1,Clear,0,No,0000000,Not Applicable,9,9:00am-9:59am,59,59,10,10:00am-10:59am,5,5,88,Not Applicable (Not Transported),88,Not Applicable (Not Transported),1
41,Oregon,410249,0,0,4,4,0,5,5,5,CLACKAMAS (5),0,NOT APPLICABLE,7,July,21,21,1,Sunday,2024,13,1:00pm-1:59pm,45,45,US-26 ODOT 26,,2,U.S. Highway,1,Rural,3,Other Principal Arterial,1,State Highway Agency,1,This Section IS ON the NHS,0,No Special Jurisdiction,323,323,45.37643611,45.37643611,-122.11312222,-122.11312222,12,Motor Vehicle In-Transport,2,Front-to-Front,0,No,1,Non-Junction,1,Not an Intersection,1,On Roadway,0,,1,Daylight,1,Clear,0,No,0000000,Not Applicable,13,1:00pm-1:59pm,45,45,13,1:00pm-1:59pm,50,50,99,Unknown,99,Unknown EMS Hospital Arrival Time,2
41,Oregon,410250,0,0,1,1,0,1,1,67,WASHINGTON (67),1900,SHERWOOD,4,April,13,13,7,Saturday,2024,17,5:00pm-5:59pm,49,49,SW OREGON ST,,0,Not Signed,2,Urban,5,Major Collector,4,City or Municipal Highway Agency,0,This Section IS NOT on the NHS,0,No Special Jurisdiction,0,,45.36059722,45.36059722,-122.83332778,-122.83332778,42,Tree (Standing Only),0,The First Harmful Event was Not a Collision with a Motor Vehicle in Transport,0,No,1,Non-Junction,1,Not an Intersection,4,On Roadside,0,,1,Daylight,1,Clear,0,No,0000000,Not Applicable,17,5:00pm-5:59pm,49,49,17,5:00pm-5:59pm,53,53,18,6:00pm-6:59pm,43,43,1
41,Oregon,410251,0,0,1,1,0,1,1,67,WASHINGTON (67),1000,HILLSBORO,7,July,17,17,4,Wednesday,2024,3,3:00am-3:59am,16,16,SR-8 ODOT 29,,3,State Highway,2,Urban,3,Other Principal Arterial,1,State Highway Agency,1,This Section IS ON the NHS,0,No Special Jurisdiction,135,135,45.52023333,45.52023333,-122.99496667,-122.99496667,33,Curb,0,The First Harmful Event was Not a Collision with a Motor Vehicle in Transport,0,No,1,Non-Junction,1,Not an Intersection,4,On Roadside,0,,3,Dark - Lighted,1,Clear,0,No,0000000,Not Applicable,3,3:00am-3:59am,16,16,3,3:00am-3:59am,21,21,88,Not Applicable (Not Transported),88,Not Applicable (Not Transported),1
41,Oregon,410252,0,0,2,2,0,2,2,7,CLATSOP (7),0,NOT APPLICABLE,7,July,23,23,3,Tuesday,2024,17,5:00pm-5:59pm,20,20,US-101 ODOT 9,,2,U.S. Highway,1,Rural,3,Other Principal Arterial,1,State Highway Agency,1,This Section IS ON the NHS,0,No Special Jurisdiction,146,146,46.08340278,46.08340278,-123.91540556,-123.91540556,12,Motor Vehicle In-Transport,2,Front-to-Front,0,No,1,Non-Junction,1,Not an Intersection,1,On Roadway,0,,1,Daylight,1,Clear,0,No,0000000,Not Applicable,17,5:00pm-5:59pm,20,20,99,Unknown EMS Scene Arrival Hour,99,Unknown EMS Scene Arrival Minutes,88,Not Applicable (Not Transported),88,Not Applicable (Not Transported),1
41,Oregon,410253,0,0,2,2,0,3,3,53,POLK (53),0,NOT APPLICABLE,7,July,23,23,3,Tuesday,2024,18,6:00pm-6:59pm,17,17,SR-22 ODOT 30,OAK GROVE RD NW,3,State Highway,1,Rural,3,Other Principal Arterial,1,State Highway Agency,1,This Section IS ON the NHS,0,No Special Jurisdiction,200,200,44.93286944,44.93286944,-123.14883333,-123.14883333,12,Motor Vehicle In-Transport,6,Angle,0,No,2,Intersection,3,T-Intersection,1,On Roadway,0,,1,Daylight,1,Clear,0,No,0000000,Not Applicable,18,6:00pm-6:59pm,17,17,18,6:00pm-6:59pm,20,20,99,Unknown,99,Unknown EMS Hospital Arrival Time,2
41,Oregon,410254,0,0,2,2,0,5,5,17,DESCHUTES (17),0,NOT APPLICABLE,7,July,13,13,7,Saturday,2024,10,10:00am-10:59am,53,53,US-97 ODOT 4,TUMALO PL,2,U.S. Highway,1,Rural,3,Other Principal Arterial,1,State Highway Agency,1,This Section IS ON the NHS,0,No Special Jurisdiction,1301,1301,44.15989444,44.15989444,-121.259575,-121.259575,12,Motor Vehicle In-Transport,2,Front-to-Front,0,No,3,Intersection-Related,3,T-Intersection,1,On Roadway,0,,1,Daylight,1,Clear,0,No,0000000,Not Applicable,10,10:00am-10:59am,54,54,11,11:00am-11:59am,2,2,11,11:00am-11:59am,25,25,1
41,Oregon,410255,0,0,2,2,0,2,2,7,CLATSOP (7),0,NOT APPLICABLE,7,July,27,27,7,Saturday,2024,13,1:00pm-1:59pm,34,34,SR-202 ODOT 102,,3,State Highway,1,Rural,5,Major Collector,1,State Highway Agency,0,This Section IS NOT on the NHS,0,No Special Jurisdiction,148,148,46.06091389,46.06091389,-123.68008889,-123.68008889,12,Motor Vehicle In-Transport,2,Front-to-Front,0,No,1,Non-Junction,1,Not an Intersection,1,On Roadway,0,,1,Daylight,1,Clear,0,No,0000000,Not Applicable,13,1:00pm-1:59pm,32,32,13,1:00pm-1:59pm,43,43,88,Not Applicable (Not Transported),88,Not Applicable (Not Transported),1
41,Oregon,410256,0,0,1,1,0,1,1,67,WASHINGTON (67),180,BEAVERTON,7,July,25,25,5,Thursday,2024,14,2:00pm-2:59pm,27,27,SW TILE FLAT RD,,0,Not Signed,2,Urban,5,Major Collector,4,City or Municipal Highway Agency,0,This Section IS NOT on the NHS,0,No Special Jurisdiction,0,,45.42854722,45.42854722,-122.87488333,-122.87488333,32,Culvert,0,The First Harmful Event was Not a Collision with a Motor Vehicle in Transport,0,No,1,Non-Junction,1,Not an Intersection,4,On Roadside,0,,1,Daylight,1,Clear,0,No,0000000,Not Applicable,14,2:00pm-2:59pm,27,27,14,2:00pm-2:59pm,35,35,88,Not Applicable (Not Transported),88,Not Applicable (Not Transported),1
41,Oregon,410257,0,0,4,4,0,7,7,9,COLUMBIA (9),0,NOT APPLICABLE,7,July,26,26,6,Friday,2024,8,8:00am-8:59am,8,8,US-30 ODOT 92,,2,U.S. Highway,1,Rural,3,Other Principal Arterial,1,State Highway Agency,1,This Section IS ON the NHS,0,No Special Jurisdiction,515,515,46.09646111,46.09646111,-123.027775,-123.027775,12,Motor Vehicle In-Transport,1,Front-to-Rear,0,No,8,Driveway Access Related,1,Not an Intersection,1,On Roadway,0,,1,Daylight,1,Clear,0,No,0000000,Not Applicable,8,8:00am-8:59am,8,8,8,8:00am-8:59am,18,18,99,Unknown,99,Unknown EMS Hospital Arrival Time,2
41,Oregon,410258,0,0,2,2,0,3,3,11,COOS (11),0,NOT APPLICABLE,7,July,27,27,7,Saturday,2024,22,10:00pm-10:59pm,3,3,US-101 ODOT 9,,2,U.S. Highway,1,Rural,3,Other Principal Arterial,1,State Highway Agency,1,This Section IS ON the NHS,0,No Special Jurisdiction,2303,2303,43.48035556,43.48035556,-124.22351667,-124.22351667,12,Motor Vehicle In-Transport,6,Angle,0,No,1,Non-Junction,1,Not an Intersection,1,On Roadway,0,,2,Dark - Not Lighted,1,Clear,0,No,0000000,Not Applicable,22,10:00pm-10:59pm,7,7,22,10:00pm-10:59pm,20,20,88,Not Applicable (Not Transported),88,Not Applicable (Not Transported),2
41,Oregon,410260,0,0,2,2,0,3,3,71,YAMHILL (71),1260,MCMINNVILLE,7,July,20,20,7,Saturday,2024,13,1:00pm-1:59pm,5,5,HILL RD S,,0,Not Signed,2,Urban,4,Minor Arterial,4,City or Municipal Highway Agency,0,This Section IS NOT on the NHS,0,No Special Jurisdiction,0,,45.20601389,45.20601389,-123.22983056,-123.22983056,12,Motor Vehicle In-Transport,6,Angle,0,No,8,Driveway Access Related,1,Not an Intersection,1,On Roadway,0,,1,Daylight,1,Clear,0,No,0000000,Not Applicable,13,1:00pm-1:59pm,5,5,13,1:00pm-1:59pm,9,9,99,Unknown,99,Unknown EMS Hospital Arrival Time,1
41,Oregon,410261,0,0,2,2,0,2,2,71,YAMHILL (71),1260,MCMINNVILLE,7,July,29,29,2,Monday,2024,12,12:00pm-12:59pm,56,56,SR-99W ODOT 91,NE 27TH ST,3,State Highway,2,Urban,3,Other Principal Arterial,1,State Highway Agency,1,This Section IS ON the NHS,0,No Special Jurisdiction,356,356,45.22837778,45.22837778,-123.17484444,-123.17484444,12,Motor Vehicle In-Transport,2,Front-to-Front,0,No,2,Intersection,3,T-Intersection,1,On Roadway,0,,1,Daylight,1,Clear,0,No,0000000,Not Applicable,12,12:00pm-12:59pm,56,56,13,1:00pm-1:59pm,1,1,99,Unknown,99,Unknown EMS Hospital Arrival Time,1
41,Oregon,410262,0,0,1,1,0,1,1,3,BENTON (3),0,NOT APPLICABLE,7,July,30,30,3,Tuesday,2024,9,9:00am-9:59am,45,45,SR-99W ODOT 91,,3,State Highway,1,Rural,4,Minor Arterial,1,State Highway Agency,0,This Section IS NOT on the NHS,0,No Special Jurisdiction,891,891,44.48502222,44.48502222,-123.27229722,-123.27229722,32,Culvert,0,The First Harmful Event was Not a Collision with a Motor Vehicle in Transport,0,No,1,Non-Junction,1,Not an Intersection,4,On Roadside,0,,1,Daylight,1,Clear,0,No,0000000,Not Applicable,9,9:00am-9:59am,45,45,9,9:00am-9:59am,55,55,88,Not Applicable (Not Transported),88,Not Applicable (Not Transported),1
41,Oregon,410263,0,0,2,2,0,2,2,17,DESCHUTES (17),1720,REDMOND,7,July,22,22,2,Monday,2024,22,10:00pm-10:59pm,14,14,NW MAPLE AVE,NW 22ND ST,0,Not Signed,2,Urban,4,Minor Arterial,4,City or Municipal Highway Agency,0,This Section IS NOT on the NHS,0,No Special Jurisdiction,0,,44.29094722,44.29094722,-121.19288889,-121.19288889,12,Motor Vehicle In-Transport,6,Angle,0,No,2,Intersection,2,Four-Way Intersection,1,On Roadway,0,,3,Dark - Lighted,1,Clear,0,No,0000000,Not Applicable,22,10:00pm-10:59pm,15,15,22,10:00pm-10:59pm,21,21,23,11:00pm-11:59pm,4,4,1
41,Oregon,410264,0,0,1,1,0,3,3,51,MULTNOMAH (51),1650,PORTLAND,8,August,2,2,6,Friday,2024,23,11:00pm-11:59pm,57,57,NE 122ND AVE,,0,Not Signed,2,Urban,4,Minor Arterial,4,City or Municipal Highway Agency,0,This Section IS NOT on the NHS,0,No Special Jurisdiction,0,,45.55893889,45.55893889,-122.53781111,-122.53781111,40,Fire Hydrant,0,The First Harmful Event was Not a Collision with a Motor Vehicle in Transport,0,No,1,Non-Junction,1,Not an Intersection,4,On Roadside,0,,3,Dark - Lighted,1,Clear,0,No,0000000,Not Applicable,99,Unknown,99,Unknown,99,Unknown EMS Scene Arrival Hour,99,Unknown EMS Scene Arrival Minutes,99,Unknown,99,Unknown EMS Hospital Arrival Time,2
41,Oregon,410265,0,0,2,2,0,2,2,35,KLAMATH (35),0,NOT APPLICABLE,8,August,2,2,6,Friday,2024,11,11:00am-11:59am,23,23,SR-39 ODOT 50,IOOF CEMETERY RD,3,State Highway,1,Rural,3,Other Principal Arterial,1,State Highway Agency,1,This Section IS ON the NHS,0,No Special Jurisdiction,110,110,42.05183611,42.05183611,-121.63962222,-121.63962222,12,Motor Vehicle In-Transport,6,Angle,0,No,2,Intersection,2,Four-Way Intersection,1,On Roadway,0,,1,Daylight,1,Clear,0,No,0000000,Not Applicable,11,11:00am-11:59am,23,23,11,11:00am-11:59am,30,30,99,Unknown,99,Unknown EMS Hospital Arrival Time,1
41,Oregon,410266,0,0,2,2,0,3,3,71,YAMHILL (71),0,NOT APPLICABLE,7,July,25,25,5,Thursday,2024,6,6:00am-6:59am,57,57,SR-154 ODOT 154,,3,State Highway,1,Rural,5,Major Collector,1,State Highway Agency,0,This Section IS NOT on the NHS,0,No Special Jurisdiction,62,62,45.12338889,45.12338889,-123.11697778,-123.11697778,12,Motor Vehicle In-Transport,2,Front-to-Front,0,No,1,Non-Junction,1,Not an Intersection,1,On Roadway,0,,1,Daylight,1,Clear,0,No,0000000,Not Applicable,6,6:00am-6:59am,57,57,7,7:00am-7:59am,9,9,99,Unknown,99,Unknown EMS Hospital Arrival Time,1
41,Oregon,410267,0,0,2,2,0,2,2,51,MULTNOMAH (51),1650,PORTLAND,8,August,7,7,4,Wednesday,2024,5,5:00am-5:59am,47,47,N MARINE DR,,0,Not Signed,2,Urban,4,Minor Arterial,4,City or Municipal Highway Agency,1,This Section IS ON the NHS,0,No Special Jurisdiction,0,,45.61253611,45.61253611,-122.70183611,-122.70183611,12,Motor Vehicle In-Transport,6,Angle,0,No,8,Driveway Access Related,1,Not an Intersection,1,On Roadway,0,,1,Daylight,1,Clear,0,No,0000000,Not Applicable,99,Unknown,99,Unknown,99,Unknown EMS Scene Arrival Hour,99,Unknown EMS Scene Arrival Minutes,88,Not Applicable (Not Transported),88,Not Applicable (Not Transported),1
41,Oregon,410268,1,1,1,1,0,1,1,51,MULTNOMAH (51),1650,PORTLAND,8,August,8,8,5,Thursday,2024,5,5:00am-5:59am,4,4,I-84,,1,Interstate,2,Urban,1,Interstate,1,State Highway Agency,1,This Section IS ON the NHS,0,No Special Jurisdiction,67,67,45.54621111,45.54621111,-122.55719444,-122.55719444,8,Pedestrian,0,The First Harmful Event was Not a Collision with a Motor Vehicle in Transport,0,No,1,Non-Junction,1,Not an Intersection,1,On Roadway,0,,4,Dawn,1,Clear,0,No,0000000,Not Applicable,99,Unknown,99,Unknown,99,Unknown EMS Scene Arrival Hour,99,Unknown EMS Scene Arrival Minutes,88,Not Applicable (Not Transported),88,Not Applicable (Not Transported),1
41,Oregon,410269,1,1,1,1,0,1,1,51,MULTNOMAH (51),1650,PORTLAND,7,July,11,11,5,Thursday,2024,2,2:00am-2:59am,34,34,N COLUMBIA BLVD,N INTERSTATE PL,0,Not Signed,2,Urban,3,Other Principal Arterial,4,City or Municipal Highway Agency,0,This Section IS NOT on the NHS,0,No Special Jurisdiction,0,,45.58469722,45.58469722,-122.68266389,-122.68266389,8,Pedestrian,0,The First Harmful Event was Not a Collision with a Motor Vehicle in Transport,0,No,3,Intersection-Related,3,T-Intersection,1,On Roadway,0,,3,Dark - Lighted,1,Clear,0,No,0000000,Not Applicable,2,2:00am-2:59am,37,37,2,2:00am-2:59am,46,46,3,3:00am-3:59am,3,3,1
41,Oregon,410270,0,0,1,1,0,1,1,11,COOS (11),0,NOT APPLICABLE,8,August,11,11,1,Sunday,2024,15,3:00pm-3:59pm,48,48,US-101 ODOT 9,,2,U.S. Highway,1,Rural,3,Other Principal Arterial,1,State Highway Agency,1,This Section IS ON the NHS,0,No Special Jurisdiction,2838,2838,42.97779167,42.97779167,-124.42369722,-124.42369722,34,Ditch,0,The First Harmful Event was Not a Collision with a Motor Vehicle in Transport,0,No,1,Non-Junction,1,Not an Intersection,4,On Roadside,0,,1,Daylight,1,Clear,0,No,0000000,Not Applicable,15,3:00pm-3:59pm,50,50,16,4:00pm-4:59pm,0,0,88,Not Applicable (Not Transported),88,Not Applicable (Not Transported),1
41,Oregon,410271,0,0,1,1,0,2,2,47,MARION (47),0,NOT APPLICABLE,6,June,2,2,1,Sunday,2024,12,12:00pm-12:59pm,8,8,SR-22 ODOT 162,,3,State Highway,1,Rural,3,Other Principal Arterial,1,State Highway Agency,1,This Section IS ON the NHS,0,No Special Jurisdiction,590,590,44.688575,44.688575,-122.00025,-122.00025,42,Tree (Standing Only),0,The First Harmful Event was Not a Collision with a Motor Vehicle in Transport,0,No,1,Non-Junction,1,Not an Intersection,4,On Roadside,0,,1,Daylight,2,Rain,0,No,0000000,Not Applicable,12,12:00pm-12:59pm,8,8,12,12:00pm-12:59pm,17,17,99,Unknown,99,Unknown EMS Hospital Arrival Time,1
41,Oregon,410272,0,0,1,1,0,1,1,61,UNION (61),0,NOT APPLICABLE,6,June,14,14,6,Friday,2024,14,2:00pm-2:59pm,58,58,HESS CABIN RD,,0,Not Signed,1,Rural,7,Local,2,County Highway Agency,0,This Section IS NOT on the NHS,0,No Special Jurisdiction,0,,45.12275,45.12275,-117.69281667,-117.69281667,42,Tree (Standing Only),0,The First Harmful Event was Not a Collision with a Motor Vehicle in Transport,0,No,1,Non-Junction,1,Not an Intersection,4,On Roadside,0,,1,Daylight,98,Not Reported,0,No,0000000,Not Applicable,15,3:00pm-3:59pm,0,0,15,3:00pm-3:59pm,19,19,88,Not Applicable (Not Transported),88,Not Applicable (Not Transported),1
41,Oregon,410273,0,0,2,2,0,2,2,5,CLACKAMAS (5),0,NOT APPLICABLE,7,July,6,6,7,Saturday,2024,17,5:00pm-5:59pm,17,17,S CENTRAL POINT RD,S MAKIN LN,0,Not Signed,1,Rural,5,Major Collector,2,County Highway Agency,0,This Section IS NOT on the NHS,0,No Special Jurisdiction,27,27,45.27160833,45.27160833,-122.62949444,-122.62949444,12,Motor Vehicle In-Transport,6,Angle,0,No,2,Intersection,3,T-Intersection,1,On Roadway,0,,1,Daylight,1,Clear,0,No,0000000,Not Applicable,17,5:00pm-5:59pm,17,17,17,5:00pm-5:59pm,25,25,88,Not Applicable (Not Transported),88,Not Applicable (Not Transported),1
41,Oregon,410274,0,0,1,1,0,1,1,29,JACKSON (29),0,NOT APPLICABLE,7,July,11,11,5,Thursday,2024,13,1:00pm-1:59pm,42,42,DEAD INDIAN MEMORIAL RD,,0,Not Signed,1,Rural,5,Major Collector,2,County Highway Agency,0,This Section IS NOT on the NHS,0,No Special Jurisdiction,228,228,42.29056667,42.29056667,-122.360225,-122.360225,34,Ditch,0,The First Harmful Event was Not a Collision with a Motor Vehicle in Transport,0,No,1,Non-Junction,1,Not an Intersection,4,On Roadside,0,,1,Daylight,1,Clear,0,No,0000000,Not Applicable,13,1:00pm-1:59pm,44,44,13,1:00pm-1:59pm,22,22,88,Not Applicable (Not Transported),88,Not Applicable (Not Transported),1
41,Oregon,410275,0,0,2,2,0,2,2,5,CLACKAMAS (5),0,NOT APPLICABLE,7,July,16,16,3,Tuesday,2024,5,5:00am-5:59am,30,30,S SPRINGWATER RD,,0,Not Signed,1,Rural,4,Minor Arterial,2,County Highway Agency,0,This Section IS NOT on the NHS,0,No Special Jurisdiction,94,94,45.28884167,45.28884167,-122.37524722,-122.37524722,12,Motor Vehicle In-Transport,2,Front-to-Front,0,No,1,Non-Junction,1,Not an Intersection,1,On Roadway,0,,4,Dawn,1,Clear,0,No,0000000,Not Applicable,5,5:00am-5:59am,31,31,5,5:00am-5:59am,40,40,99,Unknown,99,Unknown EMS Hospital Arrival Time,1
41,Oregon,410276,0,0,1,1,0,1,1,49,MORROW (49),0,NOT APPLICABLE,7,July,19,19,6,Friday,2024,17,5:00pm-5:59pm,55,55,BIG BUTTER CREEK LN,,0,Not Signed,1,Rural,5,Major Collector,2,County Highway Agency,0,This Section IS NOT on the NHS,0,No Special Jurisdiction,8,8,45.56729722,45.56729722,-119.41219722,-119.41219722,17,Boulder,0,The First Harmful Event was Not a Collision with a Motor Vehicle in Transport,0,No,1,Non-Junction,1,Not an Intersection,4,On Roadside,0,,1,Daylight,1,Clear,0,No,0000000,Not Applicable,17,5:00pm-5:59pm,59,59,18,6:00pm-6:59pm,46,46,19,7:00pm-7:59pm,45,45,1
41,Oregon,410277,0,0,3,2,1,2,2,51,MULTNOMAH (51),0,NOT APPLICABLE,8,August,12,12,2,Monday,2024,11,11:00am-11:59am,57,57,I-84,,1,Interstate,1,Rural,1,Interstate,1,State Highway Agency,1,This Section IS ON the NHS,0,No Special Jurisdiction,375,375,45.61273611,45.61273611,-122.00332778,-122.00332778,12,Motor Vehicle In-Transport,6,Angle,0,No,1,Non-Junction,1,Not an Intersection,1,On Roadway,0,,1,Daylight,1,Clear,0,No,0000000,Not Applicable,12,12:00pm-12:59pm,2,2,12,12:00pm-12:59pm,13,13,88,Not Applicable (Not Transported),88,Not Applicable (Not Transported),1
41,Oregon,410278,0,0,1,1,0,1,1,5,CLACKAMAS (5),0,NOT APPLICABLE,8,August,14,14,4,Wednesday,2024,99,Unknown Hours,99,Unknown Minutes,SR-224 ODOT 171,,3,State Highway,1,Rural,5,Major Collector,1,State Highway Agency,0,This Section IS NOT on the NHS,0,No Special Jurisdiction,338,338,45.19315,45.19315,-122.21029167,-122.21029167,31,"Post, Pole or Other Supports",0,The First Harmful Event was Not a Collision with a Motor Vehicle in Transport,0,No,1,Non-Junction,1,Not an Intersection,4,On Roadside,0,,6,Dark - Unknown Lighting,1,Clear,0,No,0000000,Not Applicable,99,Unknown,99,Unknown,99,Unknown EMS Scene Arrival Hour,99,Unknown EMS Scene Arrival Minutes,88,Not Applicable (Not Transported),88,Not Applicable (Not Transported),1
41,Oregon,410279,1,1,1,1,0,1,1,51,MULTNOMAH (51),1650,PORTLAND,8,August,15,15,5,Thursday,2024,9,9:00am-9:59am,52,52,N COMMERCIAL AVE,,0,Not Signed,2,Urban,7,Local,4,City or Municipal Highway Agency,0,This Section IS NOT on the NHS,0,No Special Jurisdiction,0,,45.58261667,45.58261667,-122.66981944,-122.66981944,8,Pedestrian,0,The First Harmful Event was Not a Collision with a Motor Vehicle in Transport,0,No,1,Non-Junction,1,Not an Intersection,98,Not Reported,0,,1,Daylight,98,Not Reported,0,No,0000000,Not Applicable,99,Unknown,99,Unknown,99,Unknown EMS Scene Arrival Hour,99,Unknown EMS Scene Arrival Minutes,99,Unknown,99,Unknown EMS Hospital Arrival Time,1
41,Oregon,410281,2,2,1,1,0,1,1,5,CLACKAMAS (5),0,NOT APPLICABLE,8,August,10,10,7,Saturday,2024,21,9:00pm-9:59pm,16,16,SE LUSTED RD,,0,Not Signed,1,Rural,6,Minor Collector,2,County Highway Agency,0,This Section IS NOT on the NHS,0,No Special Jurisdiction,40,40,45.45834444,45.45834444,-122.27623056,-122.27623056,8,Pedestrian,0,The First Harmful Event was Not a Collision with a Motor Vehicle in Transport,0,No,1,Non-Junction,1,Not an Intersection,2,On Shoulder,0,,2,Dark - Not Lighted,1,Clear,0,No,0000000,Not Applicable,99,Unknown,99,Unknown,99,Unknown EMS Scene Arrival Hour,99,Unknown EMS Scene Arrival Minutes,88,Not Applicable (Not Transported),88,Not Applicable (Not Transported),2
41,Oregon,410282,1,1,1,1,0,1,1,47,MARION (47),1810,SALEM,8,August,14,14,4,Wednesday,2024,11,11:00am-11:59am,40,40,SR-213 LANCASTER DR NE,WOLVERINE ST NE,3,State Highway,2,Urban,3,Other Principal Arterial,4,City or Municipal Highway Agency,1,This Section IS ON the NHS,0,No Special Jurisdiction,0,,44.95837778,44.95837778,-122.98358889,-122.98358889,8,Pedestrian,0,The First Harmful Event was Not a Collision with a Motor Vehicle in Transport,0,No,3,Intersection-Related,2,Four-Way Intersection,1,On Roadway,0,,1,Daylight,1,Clear,0,No,0000000,Not Applicable,11,11:00am-11:59am,40,40,11,11:00am-11:59am,44,44,12,12:00pm-12:59pm,2,2,1
41,Oregon,410283,1,1,1,1,0,1,1,51,MULTNOMAH (51),1650,PORTLAND,8,August,16,16,6,Friday,2024,2,2:00am-2:59am,38,38,SW ANKENY ST,,0,Not Signed,2,Urban,7,Local,4,City or Municipal Highway Agency,0,This Section IS NOT on the NHS,0,No Special Jurisdiction,0,,45.52256389,45.52256389,-122.67173889,-122.67173889,8,Pedestrian,0,The First Harmful Event was Not a Collision with a Motor Vehicle in Transport,0,No,8,Driveway Access Related,1,Not an Intersection,98,Not Reported,0,,3,Dark - Lighted,1,Clear,0,No,0000000,Not Applicable,99,Unknown,99,Unknown,99,Unknown EMS Scene Arrival Hour,99,Unknown EMS Scene Arrival Minutes,88,Not Applicable (Not Transported),88,Not Applicable (Not Transported),1
41,Oregon,410284,0,0,3,3,0,6,6,29,JACKSON (29),0,NOT APPLICABLE,8,August,17,17,7,Saturday,2024,9,9:00am-9:59am,59,59,I-5,,1,Interstate,2,Urban,1,Interstate,1,State Highway Agency,1,This Section IS ON the NHS,0,No Special Jurisdiction,384,384,42.41479444,42.41479444,-122.99932222,-122.99932222,12,Motor Vehicle In-Transport,7,Sideswipe - Same Direction,0,No,1,Non-Junction,1,Not an Intersection,1,On Roadway,0,,1,Daylight,1,Clear,0,No,0000000,Not Applicable,10,10:00am-10:59am,0,0,10,10:00am-10:59am,13,13,88,Not Applicable (Not Transported),88,Not Applicable (Not Transported),1
41,Oregon,410285,0,0,2,2,0,3,3,71,YAMHILL (71),0,NOT APPLICABLE,4,April,20,20,7,Saturday,2024,10,10:00am-10:59am,16,16,SR-99W ODOT 91,,3,State Highway,1,Rural,4,Minor Arterial,1,State Highway Agency,0,This Section IS NOT on the NHS,0,No Special Jurisdiction,453,453,45.10467778,45.10467778,-123.20648333,-123.20648333,12,Motor Vehicle In-Transport,2,Front-to-Front,0,No,8,Driveway Access Related,1,Not an Intersection,1,On Roadway,0,,1,Daylight,1,Clear,0,No,0000000,Not Applicable,10,10:00am-10:59am,16,16,10,10:00am-10:59am,19,19,99,Unknown,99,Unknown EMS Hospital Arrival Time,1
41,Oregon,410286,0,0,2,2,0,3,3,39,LANE (39),660,EUGENE,7,July,10,10,4,Wednesday,2024,17,5:00pm-5:59pm,55,55,COBURG RD,RUSTIC PL,0,Not Signed,2,Urban,3,Other Principal Arterial,4,City or Municipal Highway Agency,1,This Section IS ON the NHS,0,No Special Jurisdiction,0,,44.06709167,44.06709167,-123.072375,-123.072375,12,Motor Vehicle In-Transport,6,Angle,0,No,2,Intersection,3,T-Intersection,1,On Roadway,0,,1,Daylight,1,Clear,0,No,0000000,Not Applicable,17,5:00pm-5:59pm,56,56,18,6:00pm-6:59pm,2,2,18,6:00pm-6:59pm,7,7,1
41,Oregon,410287,0,0,1,1,0,2,2,51,MULTNOMAH (51),880,GRESHAM,8,August,20,20,3,Tuesday,2024,4,4:00am-4:59am,8,8,W POWELL BLVD,SW FLORENCE AVE,0,Not Signed,2,Urban,3,Other Principal Arterial,4,City or Municipal Highway Agency,1,This Section IS ON the NHS,0,No Special Jurisdiction,0,,45.49701389,45.49701389,-122.44228056,-122.44228056,59,Traffic Sign Support,0,The First Harmful Event was Not a Collision with a Motor Vehicle in Transport,0,No,3,Intersection-Related,3,T-Intersection,4,On Roadside,0,,3,Dark - Lighted,10,Cloudy,0,No,0000000,Not Applicable,4,4:00am-4:59am,8,8,4,4:00am-4:59am,11,11,88,Not Applicable (Not Transported),88,Not Applicable (Not Transported),1
41,Oregon,410288,1,1,1,1,0,1,1,29,JACKSON (29),0,NOT APPLICABLE,8,August,10,10,7,Saturday,2024,23,11:00pm-11:59pm,30,30,WILSON RD,,0,Not Signed,2,Urban,4,Minor Arterial,2,County Highway Agency,0,This Section IS NOT on the NHS,0,No Special Jurisdiction,4,4,42.39658333,42.39658333,-122.89328056,-122.89328056,8,Pedestrian,0,The First Harmful Event was Not a Collision with a Motor Vehicle in Transport,0,No,1,Non-Junction,1,Not an Intersection,1,On Roadway,0,,2,Dark - Not Lighted,1,Clear,0,No,0000000,Not Applicable,23,11:00pm-11:59pm,32,32,23,11:00pm-11:59pm,39,39,88,Not Applicable (Not Transported),88,Not Applicable (Not Transported),1
41,Oregon,410289,0,0,1,1,0,1,1,5,CLACKAMAS (5),0,NOT APPLICABLE,5,May,10,10,6,Friday,2024,22,10:00pm-10:59pm,53,53,S BEAVERCREEK RD,,0,Not Signed,1,Rural,4,Minor Arterial,2,County Highway Agency,0,This Section IS NOT on the NHS,0,No Special Jurisdiction,81,81,45.25462222,45.25462222,-122.50255556,-122.50255556,35,Embankment,0,The First Harmful Event was Not a Collision with a Motor Vehicle in Transport,0,No,1,Non-Junction,1,Not an Intersection,4,On Roadside,0,,3,Dark - Lighted,1,Clear,0,No,0000000,Not Applicable,22,10:00pm-10:59pm,53,53,22,10:00pm-10:59pm,55,55,99,Unknown,99,Unknown EMS Hospital Arrival Time,1
41,Oregon,410290,1,1,1,1,0,0,0,39,LANE (39),660,EUGENE,4,April,11,11,5,Thursday,2024,19,7:00pm-7:59pm,13,13,ARTHUR ST,W 13TH AVE,0,Not Signed,2,Urban,7,Local,4,City or Municipal Highway Agency,0,This Section IS NOT on the NHS,0,No Special Jurisdiction,0,,44.04553611,44.04553611,-123.12478889,-123.12478889,8,Pedestrian,0,The First Harmful Event was Not a Collision with a Motor Vehicle in Transport,0,No,3,Intersection-Related,2,Four-Way Intersection,98,Not Reported,0,,8,Not Reported,98,Not Reported,0,No,0000000,Not Applicable,19,7:00pm-7:59pm,15,15,19,7:00pm-7:59pm,18,18,99,Unknown,99,Unknown EMS Hospital Arrival Time,1
41,Oregon,410291,0,0,1,1,0,1,1,13,CROOK (13),0,NOT APPLICABLE,4,April,22,22,2,Monday,2024,17,5:00pm-5:59pm,34,34,SE DAVIS LP,,0,Not Signed,1,Rural,5,Major Collector,2,County Highway Agency,0,This Section IS NOT on the NHS,0,No Special Jurisdiction,34,34,44.22394722,44.22394722,-120.83409444,-120.83409444,34,Ditch,0,The First Harmful Event was Not a Collision with a Motor Vehicle in Transport,0,No,1,Non-Junction,1,Not an Intersection,4,On Roadside,0,,1,Daylight,1,Clear,0,No,0000000,Not Applicable,17,5:00pm-5:59pm,35,35,17,5:00pm-5:59pm,43,43,99,Unknown,99,Unknown EMS Hospital Arrival Time,1
41,Oregon,410292,0,0,2,2,0,4,4,3,BENTON (3),0,NOT APPLICABLE,8,August,20,20,3,Tuesday,2024,15,3:00pm-3:59pm,34,34,US-20 ODOT 33,,2,U.S. Highway,1,Rural,3,Other Principal Arterial,1,State Highway Agency,1,This Section IS ON the NHS,0,No Special Jurisdiction,419,419,44.61152778,44.61152778,-123.47126389,-123.47126389,12,Motor Vehicle In-Transport,2,Front-to-Front,0,No,1,Non-Junction,1,Not an Intersection,1,On Roadway,0,,1,Daylight,1,Clear,0,No,0000000,Not Applicable,15,3:00pm-3:59pm,34,34,15,3:00pm-3:59pm,40,40,99,Unknown,99,Unknown EMS Hospital Arrival Time,2
41,Oregon,410293,0,0,1,1,0,2,2,59,UMATILLA (59),0,NOT APPLICABLE,8,August,20,20,3,Tuesday,2024,12,12:00pm-12:59pm,30,30,I-84,,1,Interstate,2,Urban,1,Interstate,1,State Highway Agency,1,This Section IS ON the NHS,0,No Special Jurisdiction,2068,2068,45.67906667,45.67906667,-118.85816111,-118.85816111,1,Rollover/Overturn,0,The First Harmful Event was Not a Collision with a Motor Vehicle in Transport,0,No,1,Non-Junction,1,Not an Intersection,3,On Median,0,,1,Daylight,1,Clear,0,No,0000000,Not Applicable,12,12:00pm-12:59pm,31,31,12,12:00pm-12:59pm,34,34,88,Not Applicable (Not Transported),88,Not Applicable (Not Transported),1
41,Oregon,410294,0,0,1,1,0,1,1,23,GRANT (23),0,NOT APPLICABLE,8,August,21,21,4,Wednesday,2024,7,7:00am-7:59am,8,8,SR-395C ODOT 48,,3,State Highway,1,Rural,3,Other Principal Arterial,1,State Highway Agency,1,This Section IS ON the NHS,0,No Special Jurisdiction,283,283,44.09770833,44.09770833,-118.96253056,-118.96253056,42,Tree (Standing Only),0,The First Harmful Event was Not a Collision with a Motor Vehicle in Transport,0,No,1,Non-Junction,1,Not an Intersection,4,On Roadside,0,,1,Daylight,1,Clear,0,No,0000000,Not Applicable,7,7:00am-7:59am,12,12,7,7:00am-7:59am,28,28,88,Not Applicable (Not Transported),88,Not Applicable (Not Transported),1
41,Oregon,410295,0,0,2,2,0,3,3,65,WASCO (65),0,NOT APPLICABLE,8,August,21,21,4,Wednesday,2024,18,6:00pm-6:59pm,58,58,US-197 ODOT 4,,2,U.S. Highway,1,Rural,4,Minor Arterial,1,State Highway Agency,0,This Section IS NOT on the NHS,0,No Special Jurisdiction,90,90,45.50213333,45.50213333,-121.08956111,-121.08956111,12,Motor Vehicle In-Transport,2,Front-to-Front,0,No,1,Non-Junction,1,Not an Intersection,1,On Roadway,0,,1,Daylight,1,Clear,0,No,0000000,Not Applicable,19,7:00pm-7:59pm,2,2,19,7:00pm-7:59pm,20,20,20,8:00pm-8:59pm,25,25,1
41,Oregon,410296,0,0,4,4,0,4,4,47,MARION (47),0,NOT APPLICABLE,8,August,22,22,5,Thursday,2024,5,5:00am-5:59am,29,29,I-5,,1,Interstate,1,Rural,1,Interstate,1,State Highway Agency,1,This Section IS ON the NHS,0,No Special Jurisdiction,2771,2771,45.214075,45.214075,-122.82258056,-122.82258056,12,Motor Vehicle In-Transport,1,Front-to-Rear,0,No,1,Non-Junction,1,Not an Intersection,1,On Roadway,0,,4,Dawn,10,Cloudy,0,No,0000000,Not Applicable,5,5:00am-5:59am,26,26,5,5:00am-5:59am,35,35,99,Unknown,99,Unknown EMS Hospital Arrival Time,1
41,Oregon,410297,0,0,2,2,0,3,3,71,YAMHILL (71),1260,MCMINNVILLE,8,August,23,23,6,Friday,2024,15,3:00pm-3:59pm,27,27,SR-18 ODOT 39,,3,State Highway,2,Urban,3,Other Principal Arterial,1,State Highway Agency,1,This Section IS ON the NHS,0,No Special Jurisdiction,469,469,45.20098056,45.20098056,-123.16026667,-123.16026667,12,Motor Vehicle In-Transport,2,Front-to-Front,0,No,1,Non-Junction,1,Not an Intersection,1,On Roadway,0,,1,Daylight,10,Cloudy,0,No,0000000,Not Applicable,15,3:00pm-3:59pm,30,30,15,3:00pm-3:59pm,36,36,16,4:00pm-4:59pm,12,12,1
41,Oregon,410298,1,1,1,1,0,1,1,67,WASHINGTON (67),0,NOT APPLICABLE,8,August,25,25,1,Sunday,2024,18,6:00pm-6:59pm,11,11,SW 185TH AVE,SW BLANTON ST,0,Not Signed,2,Urban,4,Minor Arterial,2,County Highway Agency,0,This Section IS NOT on the NHS,0,No Special Jurisdiction,0,,45.49245278,45.49245278,-122.86721389,-122.86721389,8,Pedestrian,0,The First Harmful Event was Not a Collision with a Motor Vehicle in Transport,0,No,3,Intersection-Related,3,T-Intersection,1,On Roadway,0,,1,Daylight,1,Clear,0,No,0000000,Not Applicable,18,6:00pm-6:59pm,11,11,18,6:00pm-6:59pm,15,15,19,7:00pm-7:59pm,6,6,1
41,Oregon,410299,0,0,2,2,0,2,2,5,CLACKAMAS (5),0,NOT APPLICABLE,8,August,24,24,7,Saturday,2024,12,12:00pm-12:59pm,30,30,SR-224 ODOT 171,,3,State Highway,1,Rural,5,Major Collector,1,State Highway Agency,0,This Section IS NOT on the NHS,0,No Special Jurisdiction,246,246,45.27383611,45.27383611,-122.31948056,-122.31948056,12,Motor Vehicle In-Transport,2,Front-to-Front,0,No,8,Driveway Access Related,1,Not an Intersection,1,On Roadway,0,,1,Daylight,1,Clear,0,No,0000000,Not Applicable,12,12:00pm-12:59pm,38,38,12,12:00pm-12:59pm,41,41,88,Not Applicable (Not Transported),88,Not Applicable (Not Transported),1
41,Oregon,410300,1,1,1,1,0,1,1,51,MULTNOMAH (51),880,GRESHAM,8,August,24,24,7,Saturday,2024,23,11:00pm-11:59pm,11,11,SE STARK ST,,0,Not Signed,2,Urban,4,Minor Arterial,4,City or Municipal Highway Agency,0,This Section IS NOT on the NHS,0,No Special Jurisdiction,0,,45.51916667,45.51916667,-122.49683889,-122.49683889,8,Pedestrian,0,The First Harmful Event was Not a Collision with a Motor Vehicle in Transport,0,No,1,Non-Junction,1,Not an Intersection,1,On Roadway,0,,3,Dark - Lighted,1,Clear,0,No,0000000,Not Applicable,99,Unknown,99,Unknown,99,Unknown EMS Scene Arrival Hour,99,Unknown EMS Scene Arrival Minutes,88,Not Applicable (Not Transported),88,Not Applicable (Not Transported),1
41,Oregon,410302,0,0,1,1,0,3,3,35,KLAMATH (35),0,NOT APPLICABLE,8,August,26,26,2,Monday,2024,11,11:00am-11:59am,33,33,SR-39 ODOT 426,,3,State Highway,1,Rural,3,Other Principal Arterial,1,State Highway Agency,1,This Section IS ON the NHS,0,No Special Jurisdiction,167,167,42.02302778,42.02302778,-121.54726667,-121.54726667,38,Fence,0,The First Harmful Event was Not a Collision with a Motor Vehicle in Transport,0,No,1,Non-Junction,1,Not an Intersection,4,On Roadside,0,,1,Daylight,1,Clear,0,No,0000000,Not Applicable,11,11:00am-11:59am,33,33,11,11:00am-11:59am,39,39,99,Unknown,99,Unknown EMS Hospital Arrival Time,2
41,Oregon,410303,0,0,1,1,0,1,1,23,GRANT (23),0,NOT APPLICABLE,8,August,26,26,2,Monday,2024,16,4:00pm-4:59pm,27,27,CRAWFORD CREEK RD FS102,,0,Not Signed,1,Rural,7,Local,64,U.S. Forest Service,0,This Section IS NOT on the NHS,0,No Special Jurisdiction,0,,44.57868611,44.57868611,-118.44250556,-118.44250556,1,Rollover/Overturn,0,The First Harmful Event was Not a Collision with a Motor Vehicle in Transport,0,No,1,Non-Junction,1,Not an Intersection,1,On Roadway,0,,1,Daylight,98,Not Reported,0,No,0000000,Not Applicable,16,4:00pm-4:59pm,29,29,16,4:00pm-4:59pm,36,36,88,Not Applicable (Not Transported),88,Not Applicable (Not Transported),1
41,Oregon,410304,0,0,1,1,0,2,2,29,JACKSON (29),0,NOT APPLICABLE,8,August,26,26,2,Monday,2024,21,9:00pm-9:59pm,56,56,I-5,,1,Interstate,2,Urban,1,Interstate,1,State Highway Agency,1,This Section IS ON the NHS,0,No Special Jurisdiction,441,441,42.42804167,42.42804167,-123.09783333,-123.09783333,73,Object That Had Fallen From Motor Vehicle In-Transport,0,The First Harmful Event was Not a Collision with a Motor Vehicle in Transport,0,No,1,Non-Junction,1,Not an Intersection,1,On Roadway,0,,2,Dark - Not Lighted,1,Clear,0,No,0000000,Not Applicable,21,9:00pm-9:59pm,57,57,22,10:00pm-10:59pm,10,10,99,Unknown,99,Unknown EMS Hospital Arrival Time,1
41,Oregon,410305,0,0,1,1,0,1,1,25,HARNEY (25),0,NOT APPLICABLE,8,August,27,27,3,Tuesday,2024,8,8:00am-8:59am,49,49,US-20 ODOT 7,,2,U.S. Highway,1,Rural,3,Other Principal Arterial,1,State Highway Agency,1,This Section IS ON the NHS,0,No Special Jurisdiction,1634,1634,43.72,43.72,-118.51041667,-118.51041667,17,Boulder,0,The First Harmful Event was Not a Collision with a Motor Vehicle in Transport,0,No,1,Non-Junction,1,Not an Intersection,4,On Roadside,0,,1,Daylight,1,Clear,0,No,0000000,Not Applicable,8,8:00am-8:59am,49,49,9,9:00am-9:59am,7,7,88,Not Applicable (Not Transported),88,Not Applicable (Not Transported),1
41,Oregon,410306,0,0,2,2,0,5,5,31,JEFFERSON (31),0,NOT APPLICABLE,8,August,27,27,3,Tuesday,2024,10,10:00am-10:59am,55,55,US-20 ODOT 16,,2,U.S. Highway,1,Rural,3,Other Principal Arterial,1,State Highway Agency,1,This Section IS ON the NHS,0,No Special Jurisdiction,824,824,44.42455278,44.42455278,-121.81233611,-121.81233611,12,Motor Vehicle In-Transport,2,Front-to-Front,0,No,1,Non-Junction,1,Not an Intersection,1,On Roadway,0,,1,Daylight,1,Clear,0,No,0000000,Not Applicable,10,10:00am-10:59am,58,58,11,11:00am-11:59am,15,15,99,Unknown,99,Unknown EMS Hospital Arrival Time,1
41,Oregon,410307,0,0,2,2,0,2,2,61,UNION (61),0,NOT APPLICABLE,8,August,27,27,3,Tuesday,2024,13,1:00pm-1:59pm,31,31,I-84,,1,Interstate,1,Rural,1,Interstate,1,State Highway Agency,1,This Section IS ON the NHS,0,No Special Jurisdiction,2682,2682,45.24864444,45.24864444,-118.01958889,-118.01958889,12,Motor Vehicle In-Transport,1,Front-to-Rear,0,No,1,Non-Junction,1,Not an Intersection,1,On Roadway,0,,1,Daylight,1,Clear,0,No,0000000,Not Applicable,13,1:00pm-1:59pm,31,31,13,1:00pm-1:59pm,45,45,88,Not Applicable (Not Transported),88,Not Applicable (Not Transported),1
41,Oregon,410308,0,0,1,1,0,1,1,53,POLK (53),1810,SALEM,8,August,27,27,3,Tuesday,2024,14,2:00pm-2:59pm,20,20,SR-22 ODOT 30,,3,State Highway,2,Urban,2,Other Freeways and Expressways,1,State Highway Agency,1,This Section IS ON the NHS,0,No Special Jurisdiction,246,246,44.93610278,44.93610278,-123.06477222,-123.06477222,25,Concrete Traffic Barrier,0,The First Harmful Event was Not a Collision with a Motor Vehicle in Transport,0,No,1,Non-Junction,1,Not an Intersection,4,On Roadside,0,,1,Daylight,1,Clear,0,No,0000000,Not Applicable,14,2:00pm-2:59pm,20,20,14,2:00pm-2:59pm,27,27,99,Unknown,99,Unknown EMS Hospital Arrival Time,1
41,Oregon,410309,0,0,2,2,0,2,2,19,DOUGLAS (19),0,NOT APPLICABLE,8,August,9,9,6,Friday,2024,1,1:00am-1:59am,43,43,I-5,,1,Interstate,1,Rural,1,Interstate,1,State Highway Agency,1,This Section IS ON the NHS,0,No Special Jurisdiction,1644,1644,43.732925,43.732925,-123.19810833,-123.19810833,12,Motor Vehicle In-Transport,6,Angle,0,No,1,Non-Junction,1,Not an Intersection,1,On Roadway,0,,2,Dark - Not Lighted,1,Clear,0,No,0000000,Not Applicable,1,1:00am-1:59am,44,44,1,1:00am-1:59am,50,50,99,Unknown,99,Unknown EMS Hospital Arrival Time,1
41,Oregon,410310,0,0,1,1,0,1,1,35,KLAMATH (35),0,NOT APPLICABLE,7,July,14,14,1,Sunday,2024,16,4:00pm-4:59pm,43,43,FS RD 3651-020,,0,Not Signed,1,Rural,7,Local,11,"State Park, Forest, or Reservation Agency",0,This Section IS NOT on the NHS,0,No Special Jurisdiction,0,,42.43539444,42.43539444,-122.15946111,-122.15946111,42,Tree (Standing Only),0,The First Harmful Event was Not a Collision with a Motor Vehicle in Transport,0,No,1,Non-Junction,1,Not an Intersection,4,On Roadside,0,,1,Daylight,1,Clear,0,No,0000000,Not Applicable,16,4:00pm-4:59pm,43,43,17,5:00pm-5:59pm,0,0,88,Not Applicable (Not Transported),88,Not Applicable (Not Transported),1
41,Oregon,410311,0,0,2,2,0,3,3,29,JACKSON (29),0,NOT APPLICABLE,8,August,29,29,5,Thursday,2024,14,2:00pm-2:59pm,19,19,SR-99 ODOT 63,SCENIC AVE,3,State Highway,2,Urban,3,Other Principal Arterial,1,State Highway Agency,1,This Section IS ON the NHS,0,No Special Jurisdiction,14,14,42.38940833,42.38940833,-122.93336389,-122.93336389,12,Motor Vehicle In-Transport,2,Front-to-Front,0,No,2,Intersection,2,Four-Way Intersection,1,On Roadway,0,,1,Daylight,1,Clear,0,No,0000000,Not Applicable,14,2:00pm-2:59pm,19,19,14,2:00pm-2:59pm,30,30,99,Unknown,99,Unknown EMS Hospital Arrival Time,1
41,Oregon,410312,0,0,1,1,0,3,3,43,LINN (43),0,NOT APPLICABLE,8,August,30,30,6,Friday,2024,11,11:00am-11:59am,45,45,I-5,,1,Interstate,1,Rural,1,Interstate,1,State Highway Agency,1,This Section IS ON the NHS,0,No Special Jurisdiction,2250,2250,44.510825,44.510825,-123.061375,-123.061375,1,Rollover/Overturn,0,The First Harmful Event was Not a Collision with a Motor Vehicle in Transport,0,No,1,Non-Junction,1,Not an Intersection,4,On Roadside,0,,1,Daylight,1,Clear,0,No,0000000,Not Applicable,99,Unknown,99,Unknown,99,Unknown EMS Scene Arrival Hour,99,Unknown EMS Scene Arrival Minutes,99,Unknown,99,Unknown EMS Hospital Arrival Time,1
41,Oregon,410313,1,1,1,1,0,1,1,39,LANE (39),0,NOT APPLICABLE,8,August,30,30,6,Friday,2024,22,10:00pm-10:59pm,34,34,SR-99 ODOT 226,,3,State Highway,1,Rural,5,Major Collector,1,State Highway Agency,0,This Section IS NOT on the NHS,0,No Special Jurisdiction,103,103,43.853875,43.853875,-123.03953333,-123.03953333,8,Pedestrian,0,The First Harmful Event was Not a Collision with a Motor Vehicle in Transport,0,No,1,Non-Junction,1,Not an Intersection,1,On Roadway,0,,2,Dark - Not Lighted,98,Not Reported,0,No,0000000,Not Applicable,22,10:00pm-10:59pm,34,34,22,10:00pm-10:59pm,43,43,88,Not Applicable (Not Transported),88,Not Applicable (Not Transported),1
41,Oregon,410314,0,0,1,1,0,1,1,47,MARION (47),0,NOT APPLICABLE,8,August,31,31,7,Saturday,2024,15,3:00pm-3:59pm,30,30,SR-214 ODOT 163,,3,State Highway,1,Rural,5,Major Collector,1,State Highway Agency,0,This Section IS NOT on the NHS,0,No Special Jurisdiction,254,254,44.87769722,44.87769722,-122.65140556,-122.65140556,42,Tree (Standing Only),0,The First Harmful Event was Not a Collision with a Motor Vehicle in Transport,0,No,1,Non-Junction,1,Not an Intersection,4,On Roadside,0,,1,Daylight,1,Clear,0,No,0000000,Not Applicable,15,3:00pm-3:59pm,34,34,16,4:00pm-4:59pm,11,11,88,Not Applicable (Not Transported),88,Not Applicable (Not Transported),1
41,Oregon,410315,0,0,2,2,0,2,2,41,LINCOLN (41),0,NOT APPLICABLE,8,August,31,31,7,Saturday,2024,7,7:00am-7:59am,39,39,LOGSDEN RD,,0,Not Signed,1,Rural,5,Major Collector,2,County Highway Agency,0,This Section IS NOT on the NHS,0,No Special Jurisdiction,18,18,44.71656111,44.71656111,-123.883475,-123.883475,12,Motor Vehicle In-Transport,2,Front-to-Front,0,No,1,Non-Junction,1,Not an Intersection,1,On Roadway,0,,1,Daylight,10,Cloudy,0,No,0000000,Not Applicable,7,7:00am-7:59am,39,39,7,7:00am-7:59am,48,48,88,Not Applicable (Not Transported),88,Not Applicable (Not Transported),1
41,Oregon,410316,0,0,2,2,0,3,3,53,POLK (53),0,NOT APPLICABLE,9,September,3,3,3,Tuesday,2024,12,12:00pm-12:59pm,54,54,SR-22 ODOT 30,SR-51 ODOT 193,3,State Highway,1,Rural,3,Other Principal Arterial,1,State Highway Agency,1,This Section IS ON the NHS,0,No Special Jurisdiction,203,203,44.93258056,44.93258056,-123.14213889,-123.14213889,12,Motor Vehicle In-Transport,6,Angle,0,No,2,Intersection,2,Four-Way Intersection,1,On Roadway,0,,1,Daylight,1,Clear,0,No,0000000,Not Applicable,12,12:00pm-12:59pm,54,54,13,1:00pm-1:59pm,0,0,99,Unknown,99,Unknown EMS Hospital Arrival Time,1
41,Oregon,410318,0,0,2,2,0,3,3,67,WASHINGTON (67),0,NOT APPLICABLE,9,September,7,7,7,Saturday,2024,1,1:00am-1:59am,8,8,SR-6 ODOT 37,,3,State Highway,1,Rural,4,Minor Arterial,1,State Highway Agency,0,This Section IS NOT on the NHS,0,No Special Jurisdiction,486,486,45.61015833,45.61015833,-123.12500556,-123.12500556,12,Motor Vehicle In-Transport,2,Front-to-Front,0,No,1,Non-Junction,1,Not an Intersection,1,On Roadway,0,,2,Dark - Not Lighted,1,Clear,0,No,0000000,Not Applicable,1,1:00am-1:59am,8,8,99,Unknown EMS Scene Arrival Hour,99,Unknown EMS Scene Arrival Minutes,99,Unknown,99,Unknown EMS Hospital Arrival Time,1
41,Oregon,410319,1,1,1,1,0,1,1,43,LINN (43),0,NOT APPLICABLE,9,September,9,9,2,Monday,2024,1,1:00am-1:59am,18,18,I-5,,1,Interstate,1,Rural,1,Interstate,1,State Highway Agency,1,This Section IS ON the NHS,0,No Special Jurisdiction,2145,2145,44.35987778,44.35987778,-123.060975,-123.060975,9,Pedalcyclist,0,The First Harmful Event was Not a Collision with a Motor Vehicle in Transport,0,No,1,Non-Junction,1,Not an Intersection,1,On Roadway,1,Construction,2,Dark - Not Lighted,1,Clear,0,No,0000000,Not Applicable,1,1:00am-1:59am,18,18,1,1:00am-1:59am,31,31,88,Not Applicable (Not Transported),88,Not Applicable (Not Transported),1
41,Oregon,410320,0,0,1,1,0,1,1,43,LINN (43),0,NOT APPLICABLE,9,September,4,4,4,Wednesday,2024,23,11:00pm-11:59pm,53,53,GOLDEN VALLEY DR,,0,Not Signed,1,Rural,6,Minor Collector,2,County Highway Agency,0,This Section IS NOT on the NHS,0,No Special Jurisdiction,3,3,44.54134444,44.54134444,-122.87655833,-122.87655833,1,Rollover/Overturn,0,The First Harmful Event was Not a Collision with a Motor Vehicle in Transport,0,No,1,Non-Junction,1,Not an Intersection,4,On Roadside,0,,2,Dark - Not Lighted,1,Clear,0,No,0000000,Not Applicable,23,11:00pm-11:59pm,53,53,23,11:00pm-11:59pm,59,59,88,Not Applicable (Not Transported),88,Not Applicable (Not Transported),1
41,Oregon,410321,0,0,2,2,0,2,2,19,DOUGLAS (19),0,NOT APPLICABLE,9,September,9,9,2,Monday,2024,6,6:00am-6:59am,7,7,SR-138 ODOT 138,,3,State Highway,1,Rural,4,Minor Arterial,1,State Highway Agency,0,This Section IS NOT on the NHS,0,No Special Jurisdiction,182,182,43.312625,43.312625,-123.06877778,-123.06877778,12,Motor Vehicle In-Transport,2,Front-to-Front,0,No,8,Driveway Access Related,1,Not an Intersection,1,On Roadway,0,,4,Dawn,1,Clear,0,No,0000000,Not Applicable,6,6:00am-6:59am,10,10,6,6:00am-6:59am,10,10,88,Not Applicable (Not Transported),88,Not Applicable (Not Transported),1
41,Oregon,410322,0,1,2,1,1,3,2,5,CLACKAMAS (5),0,NOT APPLICABLE,9,September,5,5,5,Thursday,2024,16,4:00pm-4:59pm,5,5,S CLACKAMAS RIVER DR,,0,Not Signed,2,Urban,5,Major Collector,2,County Highway Agency,0,This Section IS NOT on the NHS,0,No Special Jurisdiction,31,31,45.39301111,45.39301111,-122.53277778,-122.53277778,14,Parked Motor Vehicle,0,The First Harmful Event was Not a Collision with a Motor Vehicle in Transport,0,No,1,Non-Junction,1,Not an Intersection,2,On Shoulder,0,,1,Daylight,1,Clear,0,No,0000000,Not Applicable,16,4:00pm-4:59pm,5,5,16,4:00pm-4:59pm,14,14,88,Not Applicable (Not Transported),88,Not Applicable (Not Transported),1
41,Oregon,410323,0,0,2,2,0,5,5,43,LINN (43),0,NOT APPLICABLE,8,August,16,16,6,Friday,2024,15,3:00pm-3:59pm,13,13,SR-34 ODOT 210,,3,State Highway,1,Rural,3,Other Principal Arterial,1,State Highway Agency,1,This Section IS ON the NHS,0,No Special Jurisdiction,102,102,44.55569722,44.55569722,-123.05800278,-123.05800278,12,Motor Vehicle In-Transport,6,Angle,0,No,4,Driveway Access,1,Not an Intersection,1,On Roadway,0,,1,Daylight,1,Clear,0,No,0000000,Not Applicable,99,Unknown,99,Unknown,99,Unknown EMS Scene Arrival Hour,99,Unknown EMS Scene Arrival Minutes,99,Unknown,99,Unknown EMS Hospital Arrival Time,1
41,Oregon,410324,0,0,1,1,0,1,1,25,HARNEY (25),0,NOT APPLICABLE,8,August,24,24,7,Saturday,2024,5,5:00am-5:59am,20,20,SR-395C ODOT 48,,3,State Highway,1,Rural,3,Other Principal Arterial,1,State Highway Agency,1,This Section IS ON the NHS,0,No Special Jurisdiction,542,542,43.78751944,43.78751944,-118.99697778,-118.99697778,42,Tree (Standing Only),0,The First Harmful Event was Not a Collision with a Motor Vehicle in Transport,0,No,1,Non-Junction,1,Not an Intersection,4,On Roadside,0,,2,Dark - Not Lighted,1,Clear,0,No,0000000,Not Applicable,6,6:00am-6:59am,23,23,6,6:00am-6:59am,48,48,99,Unknown,99,Unknown EMS Hospital Arrival Time,1
41,Oregon,410325,0,0,1,1,0,1,1,35,KLAMATH (35),0,NOT APPLICABLE,7,July,7,7,1,Sunday,2024,15,3:00pm-3:59pm,25,25,E LANGELL VALLEY RD,,0,Not Signed,1,Rural,5,Major Collector,2,County Highway Agency,0,This Section IS NOT on the NHS,0,No Special Jurisdiction,45,45,42.06703333,42.06703333,-121.20358056,-121.20358056,1,Rollover/Overturn,0,The First Harmful Event was Not a Collision with a Motor Vehicle in Transport,0,No,1,Non-Junction,1,Not an Intersection,1,On Roadway,0,,1,Daylight,1,Clear,0,No,0000000,Not Applicable,15,3:00pm-3:59pm,25,25,15,3:00pm-3:59pm,36,36,99,Unknown,99,Unknown EMS Hospital Arrival Time,1
41,Oregon,410326,0,0,2,2,0,4,4,67,WASHINGTON (67),1000,HILLSBORO,7,July,20,20,7,Saturday,2024,23,11:00pm-11:59pm,58,58,SR-8 ODOT 29,SE BROOKWOOD AVE,3,State Highway,2,Urban,3,Other Principal Arterial,1,State Highway Agency,1,This Section IS ON the NHS,0,No Special Jurisdiction,97,97,45.50044722,45.50044722,-122.93103611,-122.93103611,12,Motor Vehicle In-Transport,6,Angle,0,No,2,Intersection,2,Four-Way Intersection,1,On Roadway,0,,3,Dark - Lighted,1,Clear,0,No,0000000,Not Applicable,23,11:00pm-11:59pm,58,58,0,0:00am-0:59am,0,0,99,Unknown,99,Unknown EMS Hospital Arrival Time,1
41,Oregon,410327,0,0,1,1,0,1,1,29,JACKSON (29),0,NOT APPLICABLE,8,August,19,19,2,Monday,2024,12,12:00pm-12:59pm,39,39,BUTTE FALLS HWY,,0,Not Signed,1,Rural,5,Major Collector,2,County Highway Agency,0,This Section IS NOT on the NHS,0,No Special Jurisdiction,130,130,42.36141944,42.36141944,-122.90672222,-122.90672222,42,Tree (Standing Only),0,The First Harmful Event was Not a Collision with a Motor Vehicle in Transport,0,No,1,Non-Junction,1,Not an Intersection,4,On Roadside,0,,1,Daylight,1,Clear,0,No,0000000,Not Applicable,12,12:00pm-12:59pm,39,39,13,1:00pm-1:59pm,5,5,88,Not Applicable (Not Transported),88,Not Applicable (Not Transported),1
41,Oregon,410328,1,1,1,1,0,1,1,67,WASHINGTON (67),1000,HILLSBORO,9,September,7,7,7,Saturday,2024,5,5:00am-5:59am,19,19,SR-8 ODOT 29,,3,State Highway,2,Urban,3,Other Principal Arterial,1,State Highway Agency,1,This Section IS ON the NHS,0,No Special Jurisdiction,140,140,45.51999722,45.51999722,-123.00566389,-123.00566389,15,Non-Motorist on Personal Conveyance,0,The First Harmful Event was Not a Collision with a Motor Vehicle in Transport,0,No,1,Non-Junction,1,Not an Intersection,1,On Roadway,0,,2,Dark - Not Lighted,1,Clear,0,No,0000000,Not Applicable,5,5:00am-5:59am,20,20,5,5:00am-5:59am,26,26,99,Unknown,99,Unknown EMS Hospital Arrival Time,1
41,Oregon,410329,0,0,1,1,0,2,2,59,UMATILLA (59),0,NOT APPLICABLE,9,September,13,13,6,Friday,2024,16,4:00pm-4:59pm,56,56,I-84,,1,Interstate,1,Rural,1,Interstate,1,State Highway Agency,1,This Section IS ON the NHS,3,Indian Reservation,2130,2130,45.65981111,45.65981111,-118.73628611,-118.73628611,24,Guardrail Face,0,The First Harmful Event was Not a Collision with a Motor Vehicle in Transport,0,No,1,Non-Junction,1,Not an Intersection,3,On Median,1,Construction,1,Daylight,1,Clear,0,No,0000000,Not Applicable,17,5:00pm-5:59pm,0,0,17,5:00pm-5:59pm,4,4,88,Not Applicable (Not Transported),88,Not Applicable (Not Transported),2
41,Oregon,410330,0,0,2,2,0,5,5,19,DOUGLAS (19),0,NOT APPLICABLE,9,September,13,13,6,Friday,2024,18,6:00pm-6:59pm,43,43,US-101 ODOT 9,,2,U.S. Highway,1,Rural,3,Other Principal Arterial,1,State Highway Agency,1,This Section IS ON the NHS,0,No Special Jurisdiction,2020,2020,43.81611667,43.81611667,-124.15390556,-124.15390556,12,Motor Vehicle In-Transport,2,Front-to-Front,0,No,1,Non-Junction,1,Not an Intersection,1,On Roadway,0,,1,Daylight,1,Clear,0,No,0000000,Not Applicable,18,6:00pm-6:59pm,54,54,19,7:00pm-7:59pm,9,9,20,8:00pm-8:59pm,33,33,1
41,Oregon,410331,0,0,1,1,0,2,2,47,MARION (47),0,NOT APPLICABLE,9,September,13,13,6,Friday,2024,20,8:00pm-8:59pm,45,45,RIVER RD NE,,0,Not Signed,1,Rural,4,Minor Arterial,2,County Highway Agency,0,This Section IS NOT on the NHS,0,No Special Jurisdiction,53,53,45.07883056,45.07883056,-122.97625278,-122.97625278,30,Utility Pole/Light Support,0,The First Harmful Event was Not a Collision with a Motor Vehicle in Transport,0,No,1,Non-Junction,1,Not an Intersection,4,On Roadside,0,,2,Dark - Not Lighted,1,Clear,0,No,0000000,Not Applicable,20,8:00pm-8:59pm,45,45,20,8:00pm-8:59pm,52,52,99,Unknown,99,Unknown EMS Hospital Arrival Time,1
41,Oregon,410332,0,0,2,2,0,6,6,47,MARION (47),0,NOT APPLICABLE,9,September,14,14,7,Saturday,2024,21,9:00pm-9:59pm,30,30,SR-214 ODOT 163,CASCADE HWY,3,State Highway,1,Rural,5,Major Collector,1,State Highway Agency,0,This Section IS NOT on the NHS,0,No Special Jurisdiction,155,155,44.86622778,44.86622778,-122.79184167,-122.79184167,12,Motor Vehicle In-Transport,6,Angle,0,No,2,Intersection,2,Four-Way Intersection,1,On Roadway,0,,2,Dark - Not Lighted,1,Clear,0,No,0000000,Not Applicable,21,9:00pm-9:59pm,34,34,21,9:00pm-9:59pm,45,45,99,Unknown,99,Unknown EMS Hospital Arrival Time,1
41,Oregon,410333,0,0,2,2,0,2,2,51,MULTNOMAH (51),0,NOT APPLICABLE,9,September,14,14,7,Saturday,2024,3,3:00am-3:59am,1,1,SE FOSTER RD,,0,Not Signed,2,Urban,4,Minor Arterial,4,City or Municipal Highway Agency,0,This Section IS NOT on the NHS,0,No Special Jurisdiction,0,,45.47334722,45.47334722,-122.49355556,-122.49355556,12,Motor Vehicle In-Transport,2,Front-to-Front,0,No,1,Non-Junction,1,Not an Intersection,1,On Roadway,0,,3,Dark - Lighted,1,Clear,0,No,0000000,Not Applicable,3,3:00am-3:59am,7,7,3,3:00am-3:59am,13,13,99,Unknown,99,Unknown EMS Hospital Arrival Time,1
41,Oregon,410334,0,0,1,1,0,1,1,19,DOUGLAS (19),0,NOT APPLICABLE,9,September,5,5,5,Thursday,2024,16,4:00pm-4:59pm,0,0,DRIVER VALLEY RD,,0,Not Signed,1,Rural,6,Minor Collector,2,County Highway Agency,0,This Section IS NOT on the NHS,0,No Special Jurisdiction,44,44,43.45355556,43.45355556,-123.22741389,-123.22741389,42,Tree (Standing Only),0,The First Harmful Event was Not a Collision with a Motor Vehicle in Transport,0,No,1,Non-Junction,1,Not an Intersection,4,On Roadside,0,,1,Daylight,1,Clear,0,No,0000000,Not Applicable,16,4:00pm-4:59pm,0,0,16,4:00pm-4:59pm,12,12,16,4:00pm-4:59pm,53,53,1
41,Oregon,410336,0,0,2,2,0,5,5,47,MARION (47),1810,SALEM,9,September,16,16,2,Monday,2024,10,10:00am-10:59am,9,9,CORDON RD SE,,0,Not Signed,2,Urban,3,Other Principal Arterial,2,County Highway Agency,1,This Section IS ON the NHS,0,No Special Jurisdiction,0,,44.91568333,44.91568333,-122.95249722,-122.95249722,12,Motor Vehicle In-Transport,2,Front-to-Front,0,No,1,Non-Junction,1,Not an Intersection,1,On Roadway,0,,1,Daylight,1,Clear,0,No,0000000,Not Applicable,10,10:00am-10:59am,10,10,10,10:00am-10:59am,21,21,10,10:00am-10:59am,58,58,2
41,Oregon,410338,1,1,1,1,0,1,1,5,CLACKAMAS (5),0,NOT APPLICABLE,9,September,18,18,4,Wednesday,2024,5,5:00am-5:59am,43,43,SR-213 ODOT 68,,3,State Highway,2,Urban,3,Other Principal Arterial,1,State Highway Agency,1,This Section IS ON the NHS,0,No Special Jurisdiction,84,84,45.44363889,45.44363889,-122.57886111,-122.57886111,8,Pedestrian,0,The First Harmful Event was Not a Collision with a Motor Vehicle in Transport,0,No,1,Non-Junction,1,Not an Intersection,1,On Roadway,1,Construction,3,Dark - Lighted,2,Rain,0,No,0000000,Not Applicable,99,Unknown,99,Unknown,99,Unknown EMS Scene Arrival Hour,99,Unknown EMS Scene Arrival Minutes,88,Not Applicable (Not Transported),88,Not Applicable (Not Transported),1
41,Oregon,410339,0,0,4,4,0,4,4,67,WASHINGTON (67),0,NOT APPLICABLE,9,September,18,18,4,Wednesday,2024,10,10:00am-10:59am,11,11,SR-99 ODOT 91,,3,State Highway,2,Urban,3,Other Principal Arterial,1,State Highway Agency,1,This Section IS ON the NHS,0,No Special Jurisdiction,141,141,45.380725,45.380725,-122.8299,-122.8299,12,Motor Vehicle In-Transport,7,Sideswipe - Same Direction,0,No,1,Non-Junction,1,Not an Intersection,1,On Roadway,0,,1,Daylight,10,Cloudy,0,No,0000000,Not Applicable,10,10:00am-10:59am,11,11,10,10:00am-10:59am,20,20,99,Unknown,99,Unknown EMS Hospital Arrival Time,1
41,Oregon,410340,0,0,2,2,0,2,2,29,JACKSON (29),0,NOT APPLICABLE,8,August,30,30,6,Friday,2024,20,8:00pm-8:59pm,32,32,I-5,,1,Interstate,1,Rural,1,Interstate,1,State Highway Agency,1,This Section IS ON the NHS,0,No Special Jurisdiction,80,80,42.108275,42.108275,-122.61324722,-122.61324722,12,Motor Vehicle In-Transport,7,Sideswipe - Same Direction,0,No,1,Non-Junction,1,Not an Intersection,1,On Roadway,0,,2,Dark - Not Lighted,1,Clear,0,No,0000000,Not Applicable,20,8:00pm-8:59pm,33,33,20,8:00pm-8:59pm,46,46,22,10:00pm-10:59pm,0,0,1
41,Oregon,410341,0,0,1,1,0,1,1,19,DOUGLAS (19),0,NOT APPLICABLE,9,September,5,5,5,Thursday,2024,17,5:00pm-5:59pm,11,11,I-5,,1,Interstate,1,Rural,1,Interstate,1,State Highway Agency,1,This Section IS ON the NHS,0,No Special Jurisdiction,979,979,42.92004722,42.92004722,-123.27583611,-123.27583611,39,Wall,0,The First Harmful Event was Not a Collision with a Motor Vehicle in Transport,0,No,1,Non-Junction,1,Not an Intersection,4,On Roadside,0,,1,Daylight,1,Clear,0,No,0000000,Not Applicable,17,5:00pm-5:59pm,11,11,17,5:00pm-5:59pm,27,27,18,6:00pm-6:59pm,2,2,1
41,Oregon,410342,0,0,2,2,0,2,2,51,MULTNOMAH (51),1650,PORTLAND,9,September,20,20,6,Friday,2024,15,3:00pm-3:59pm,19,19,E BURNSIDE ST,SE 55TH AVE,0,Not Signed,2,Urban,4,Minor Arterial,4,City or Municipal Highway Agency,0,This Section IS NOT on the NHS,0,No Special Jurisdiction,0,,45.52286944,45.52286944,-122.60756667,-122.60756667,12,Motor Vehicle In-Transport,6,Angle,0,No,2,Intersection,2,Four-Way Intersection,1,On Roadway,0,,1,Daylight,1,Clear,0,No,0000000,Not Applicable,99,Unknown,99,Unknown,99,Unknown EMS Scene Arrival Hour,99,Unknown EMS Scene Arrival Minutes,88,Not Applicable (Not Transported),88,Not Applicable (Not Transported),1
41,Oregon,410343,0,0,2,2,0,2,2,19,DOUGLAS (19),0,NOT APPLICABLE,9,September,21,21,7,Saturday,2024,12,12:00pm-12:59pm,15,15,SR-138 ODOT 231,,3,State Highway,1,Rural,4,Minor Arterial,1,State Highway Agency,0,This Section IS NOT on the NHS,0,No Special Jurisdiction,123,123,43.49183056,43.49183056,-123.48569444,-123.48569444,12,Motor Vehicle In-Transport,2,Front-to-Front,0,No,1,Non-Junction,1,Not an Intersection,2,On Shoulder,0,,1,Daylight,1,Clear,0,No,0000000,Not Applicable,12,12:00pm-12:59pm,15,15,12,12:00pm-12:59pm,19,19,99,Unknown,99,Unknown EMS Hospital Arrival Time,1
41,Oregon,410344,0,0,3,3,0,4,4,51,MULTNOMAH (51),880,GRESHAM,9,September,24,24,3,Tuesday,2024,4,4:00am-4:59am,15,15,NE 181ST AVE,NE SANDY BLVD,0,Not Signed,2,Urban,3,Other Principal Arterial,4,City or Municipal Highway Agency,1,This Section IS ON the NHS,0,No Special Jurisdiction,0,,45.54576944,45.54576944,-122.47715278,-122.47715278,12,Motor Vehicle In-Transport,1,Front-to-Rear,0,No,3,Intersection-Related,2,Four-Way Intersection,1,On Roadway,0,,3,Dark - Lighted,1,Clear,0,No,0000000,Not Applicable,4,4:00am-4:59am,17,17,4,4:00am-4:59am,22,22,99,Unknown,99,Unknown EMS Hospital Arrival Time,1
41,Oregon,410345,1,1,1,1,0,1,1,67,WASHINGTON (67),180,BEAVERTON,9,September,1,1,1,Sunday,2024,18,6:00pm-6:59pm,32,32,SW HART RD,SW 155TH AVE,0,Not Signed,2,Urban,4,Minor Arterial,4,City or Municipal Highway Agency,0,This Section IS NOT on the NHS,0,No Special Jurisdiction,0,,45.46560556,45.46560556,-122.83639722,-122.83639722,9,Pedalcyclist,0,The First Harmful Event was Not a Collision with a Motor Vehicle in Transport,0,No,2,Intersection,2,Four-Way Intersection,1,On Roadway,0,,1,Daylight,1,Clear,0,No,0000000,Not Applicable,18,6:00pm-6:59pm,32,32,18,6:00pm-6:59pm,40,40,99,Unknown,99,Unknown EMS Hospital Arrival Time,1
41,Oregon,410346,0,0,2,2,0,2,2,49,MORROW (49),0,NOT APPLICABLE,7,July,16,16,3,Tuesday,2024,5,5:00am-5:59am,30,30,BOMBING RANGE RD,,0,Not Signed,1,Rural,5,Major Collector,2,County Highway Agency,0,This Section IS NOT on the NHS,0,No Special Jurisdiction,95,95,45.69516667,45.69516667,-119.62328889,-119.62328889,12,Motor Vehicle In-Transport,2,Front-to-Front,0,No,1,Non-Junction,1,Not an Intersection,1,On Roadway,0,,1,Daylight,1,Clear,0,No,0000000,Not Applicable,5,5:00am-5:59am,33,33,5,5:00am-5:59am,51,51,88,Not Applicable (Not Transported),88,Not Applicable (Not Transported),2
41,Oregon,410347,0,0,1,1,0,1,1,9,COLUMBIA (9),0,NOT APPLICABLE,9,September,24,24,3,Tuesday,2024,21,9:00pm-9:59pm,39,39,SR-47 ODOT 102,,3,State Highway,1,Rural,4,Minor Arterial,1,State Highway Agency,0,This Section IS NOT on the NHS,0,No Special Jurisdiction,650,650,45.83478333,45.83478333,-123.22530556,-123.22530556,11,Live Animal,0,The First Harmful Event was Not a Collision with a Motor Vehicle in Transport,0,No,1,Non-Junction,1,Not an Intersection,1,On Roadway,0,,6,Dark - Unknown Lighting,98,Not Reported,0,No,0000000,Not Applicable,21,9:00pm-9:59pm,39,39,21,9:00pm-9:59pm,48,48,88,Not Applicable (Not Transported),88,Not Applicable (Not Transported),1
41,Oregon,410348,0,0,2,2,0,4,4,31,JEFFERSON (31),0,NOT APPLICABLE,9,September,12,12,5,Thursday,2024,12,12:00pm-12:59pm,48,48,US-97 ODOT 4,SW DOVER LN,2,U.S. Highway,1,Rural,3,Other Principal Arterial,1,State Highway Agency,1,This Section IS ON the NHS,0,No Special Jurisdiction,983,983,44.59251944,44.59251944,-121.14783611,-121.14783611,12,Motor Vehicle In-Transport,6,Angle,0,No,2,Intersection,2,Four-Way Intersection,1,On Roadway,0,,1,Daylight,1,Clear,0,No,0000000,Not Applicable,12,12:00pm-12:59pm,48,48,12,12:00pm-12:59pm,53,53,99,Unknown,99,Unknown EMS Hospital Arrival Time,1
41,Oregon,410349,0,0,1,1,0,1,1,19,DOUGLAS (19),0,NOT APPLICABLE,8,August,5,5,2,Monday,2024,9,9:00am-9:59am,36,36,SR-138E ODOT 138,,3,State Highway,1,Rural,4,Minor Arterial,1,State Highway Agency,0,This Section IS NOT on the NHS,0,No Special Jurisdiction,535,535,43.30573056,43.30573056,-122.506525,-122.506525,35,Embankment,0,The First Harmful Event was Not a Collision with a Motor Vehicle in Transport,0,No,1,Non-Junction,1,Not an Intersection,4,On Roadside,0,,9,Reported as Unknown,1,Clear,0,No,0000000,Not Applicable,9,9:00am-9:59am,36,36,10,10:00am-10:59am,36,36,88,Not Applicable (Not Transported),88,Not Applicable (Not Transported),1
41,Oregon,410350,0,0,1,1,0,1,1,11,COOS (11),0,NOT APPLICABLE,9,September,1,1,1,Sunday,2024,2,2:00am-2:59am,34,34,ROSA RD,,0,Not Signed,1,Rural,5,Major Collector,2,County Highway Agency,0,This Section IS NOT on the NHS,0,No Special Jurisdiction,8,8,43.10099444,43.10099444,-124.40546389,-124.40546389,42,Tree (Standing Only),0,The First Harmful Event was Not a Collision with a Motor Vehicle in Transport,0,No,1,Non-Junction,1,Not an Intersection,4,On Roadside,0,,2,Dark - Not Lighted,1,Clear,0,No,0000000,Not Applicable,2,2:00am-2:59am,34,34,2,2:00am-2:59am,44,44,88,Not Applicable (Not Transported),88,Not Applicable (Not Transported),1
41,Oregon,410351,0,0,1,1,0,1,1,47,MARION (47),0,NOT APPLICABLE,7,July,7,7,1,Sunday,2024,14,2:00pm-2:59pm,40,40,TALBOT RD SE,,0,Not Signed,1,Rural,5,Major Collector,2,County Highway Agency,0,This Section IS NOT on the NHS,0,No Special Jurisdiction,56,56,44.75229444,44.75229444,-123.04545556,-123.04545556,53,Mail Box,0,The First Harmful Event was Not a Collision with a Motor Vehicle in Transport,0,No,1,Non-Junction,1,Not an Intersection,4,On Roadside,0,,1,Daylight,1,Clear,0,No,0000000,Not Applicable,14,2:00pm-2:59pm,43,43,14,2:00pm-2:59pm,51,51,15,3:00pm-3:59pm,15,15,1
41,Oregon,410352,1,1,1,1,0,2,2,9,COLUMBIA (9),1710,RAINIER,7,July,21,21,1,Sunday,2024,99,Unknown Hours,99,Unknown Minutes,US-30 ODOT 92,,2,U.S. Highway,2,Urban,3,Other Principal Arterial,1,State Highway Agency,1,This Section IS ON the NHS,0,No Special Jurisdiction,475,475,46.09236111,46.09236111,-122.94576111,-122.94576111,8,Pedestrian,0,The First Harmful Event was Not a Collision with a Motor Vehicle in Transport,0,No,1,Non-Junction,1,Not an Intersection,99,Reported as Unknown,0,,2,Dark - Not Lighted,98,Not Reported,0,No,0000000,Not Applicable,8,8:00am-8:59am,25,25,8,8:00am-8:59am,32,32,88,Not Applicable (Not Transported),88,Not Applicable (Not Transported),1
41,Oregon,410353,1,1,2,2,0,2,2,51,MULTNOMAH (51),1650,PORTLAND,9,September,27,27,6,Friday,2024,22,10:00pm-10:59pm,3,3,E BURNSIDE ST,NE 113TH AVE,0,Not Signed,2,Urban,5,Major Collector,4,City or Municipal Highway Agency,0,This Section IS NOT on the NHS,0,No Special Jurisdiction,0,,45.52266667,45.52266667,-122.54674722,-122.54674722,8,Pedestrian,0,The First Harmful Event was Not a Collision with a Motor Vehicle in Transport,0,No,3,Intersection-Related,2,Four-Way Intersection,1,On Roadway,0,,6,Dark - Unknown Lighting,98,Not Reported,0,No,0000000,Not Applicable,99,Unknown,99,Unknown,99,Unknown EMS Scene Arrival Hour,99,Unknown EMS Scene Arrival Minutes,88,Not Applicable (Not Transported),88,Not Applicable (Not Transported),1
41,Oregon,410355,1,1,1,1,0,1,1,39,LANE (39),660,EUGENE,10,October,2,2,4,Wednesday,2024,10,10:00am-10:59am,48,48,SR-99 HWY 99N,,3,State Highway,2,Urban,3,Other Principal Arterial,2,County Highway Agency,1,This Section IS ON the NHS,0,No Special Jurisdiction,0,,44.06642222,44.06642222,-123.13955278,-123.13955278,8,Pedestrian,0,The First Harmful Event was Not a Collision with a Motor Vehicle in Transport,0,No,1,Non-Junction,1,Not an Intersection,1,On Roadway,0,,1,Daylight,1,Clear,0,No,0000000,Not Applicable,10,10:00am-10:59am,48,48,10,10:00am-10:59am,48,48,88,Not Applicable (Not Transported),88,Not Applicable (Not Transported),1
41,Oregon,410357,0,0,2,2,0,4,4,39,LANE (39),0,NOT APPLICABLE,10,October,3,3,5,Thursday,2024,10,10:00am-10:59am,18,18,BOB STRAUB PKWY,S 57TH PL,0,Not Signed,2,Urban,4,Minor Arterial,2,County Highway Agency,0,This Section IS NOT on the NHS,0,No Special Jurisdiction,4,4,44.03988056,44.03988056,-122.92845833,-122.92845833,12,Motor Vehicle In-Transport,6,Angle,0,No,2,Intersection,2,Four-Way Intersection,1,On Roadway,0,,1,Daylight,1,Clear,0,No,0000000,Not Applicable,10,10:00am-10:59am,19,19,10,10:00am-10:59am,20,20,10,10:00am-10:59am,47,47,1
41,Oregon,410358,0,0,2,2,0,3,3,5,CLACKAMAS (5),2210,WEST LINN,8,August,1,1,5,Thursday,2024,11,11:00am-11:59am,59,59,SR-43 ODOT 3,PIMLICO DR,3,State Highway,2,Urban,3,Other Principal Arterial,1,State Highway Agency,1,This Section IS ON the NHS,0,No Special Jurisdiction,96,96,45.376325,45.376325,-122.63253056,-122.63253056,12,Motor Vehicle In-Transport,6,Angle,0,No,2,Intersection,3,T-Intersection,1,On Roadway,0,,1,Daylight,1,Clear,0,No,0000000,Not Applicable,11,11:00am-11:59am,59,59,12,12:00pm-12:59pm,4,4,88,Not Applicable (Not Transported),88,Not Applicable (Not Transported),1
41,Oregon,410359,0,0,2,2,0,4,4,17,DESCHUTES (17),190,BEND,7,July,17,17,4,Wednesday,2024,13,1:00pm-1:59pm,13,13,US-20 ODOT 17,NE REVERE AVE,2,U.S. Highway,2,Urban,3,Other Principal Arterial,1,State Highway Agency,1,This Section IS ON the NHS,0,No Special Jurisdiction,204,204,44.06762778,44.06762778,-121.30248333,-121.30248333,12,Motor Vehicle In-Transport,6,Angle,0,No,2,Intersection,2,Four-Way Intersection,1,On Roadway,0,,1,Daylight,1,Clear,0,No,0000000,Not Applicable,99,Unknown,99,Unknown,99,Unknown EMS Scene Arrival Hour,99,Unknown EMS Scene Arrival Minutes,99,Unknown,99,Unknown EMS Hospital Arrival Time,1
41,Oregon,410360,0,0,1,1,0,1,1,47,MARION (47),0,NOT APPLICABLE,7,July,2,2,3,Tuesday,2024,15,3:00pm-3:59pm,49,49,JORDAN ST,,0,Not Signed,1,Rural,7,Local,2,County Highway Agency,0,This Section IS NOT on the NHS,0,No Special Jurisdiction,28,28,44.88876389,44.88876389,-122.88659722,-122.88659722,34,Ditch,0,The First Harmful Event was Not a Collision with a Motor Vehicle in Transport,0,No,1,Non-Junction,1,Not an Intersection,4,On Roadside,0,,1,Daylight,1,Clear,0,No,0000000,Not Applicable,15,3:00pm-3:59pm,51,51,16,4:00pm-4:59pm,4,4,99,Unknown,99,Unknown EMS Hospital Arrival Time,1
41,Oregon,410361,0,0,2,2,0,2,2,41,LINCOLN (41),0,NOT APPLICABLE,10,October,3,3,5,Thursday,2024,12,12:00pm-12:59pm,38,38,N MAPLE DR,,0,Not Signed,1,Rural,7,Local,2,County Highway Agency,0,This Section IS NOT on the NHS,0,No Special Jurisdiction,0,,45.02408611,45.02408611,-123.83890556,-123.83890556,12,Motor Vehicle In-Transport,2,Front-to-Front,0,No,1,Non-Junction,1,Not an Intersection,1,On Roadway,0,,1,Daylight,1,Clear,0,No,0000000,Not Applicable,12,12:00pm-12:59pm,38,38,12,12:00pm-12:59pm,51,51,88,Not Applicable (Not Transported),88,Not Applicable (Not Transported),1
41,Oregon,410362,0,0,2,2,0,3,3,43,LINN (43),0,NOT APPLICABLE,10,October,4,4,6,Friday,2024,7,7:00am-7:59am,44,44,SR-34 ODOT 210,STECKLEY RD,3,State Highway,1,Rural,3,Other Principal Arterial,1,State Highway Agency,1,This Section IS ON the NHS,0,No Special Jurisdiction,137,137,44.54597778,44.54597778,-122.993975,-122.993975,12,Motor Vehicle In-Transport,2,Front-to-Front,0,No,2,Intersection,3,T-Intersection,1,On Roadway,0,,1,Daylight,10,Cloudy,0,No,0000000,Not Applicable,7,7:00am-7:59am,45,45,7,7:00am-7:59am,52,52,99,Unknown,99,Unknown EMS Hospital Arrival Time,1
41,Oregon,410363,0,0,4,4,0,5,5,9,COLUMBIA (9),0,NOT APPLICABLE,10,October,8,8,3,Tuesday,2024,4,4:00am-4:59am,53,53,US-30 ODOT 92,,2,U.S. Highway,2,Urban,3,Other Principal Arterial,1,State Highway Agency,1,This Section IS ON the NHS,0,No Special Jurisdiction,243,243,45.80405,45.80405,-122.86004722,-122.86004722,12,Motor Vehicle In-Transport,6,Angle,0,No,1,Non-Junction,1,Not an Intersection,1,On Roadway,0,,2,Dark - Not Lighted,10,Cloudy,0,No,0000000,Not Applicable,4,4:00am-4:59am,53,53,5,5:00am-5:59am,1,1,99,Unknown,99,Unknown EMS Hospital Arrival Time,1
41,Oregon,410364,0,0,2,2,0,4,4,71,YAMHILL (71),0,NOT APPLICABLE,10,October,10,10,5,Thursday,2024,12,12:00pm-12:59pm,19,19,SR-47 ODOT 29,,3,State Highway,1,Rural,4,Minor Arterial,1,State Highway Agency,0,This Section IS NOT on the NHS,0,No Special Jurisdiction,306,306,45.38175,45.38175,-123.14376667,-123.14376667,12,Motor Vehicle In-Transport,2,Front-to-Front,0,No,1,Non-Junction,1,Not an Intersection,1,On Roadway,0,,1,Daylight,1,Clear,0,No,0000000,Not Applicable,12,12:00pm-12:59pm,20,20,12,12:00pm-12:59pm,47,47,13,1:00pm-1:59pm,28,28,1
41,Oregon,410365,0,0,1,1,0,1,1,45,MALHEUR (45),0,NOT APPLICABLE,10,October,10,10,5,Thursday,2024,13,1:00pm-1:59pm,29,29,SR-201 ODOT 455,WASHINGTON AVE,3,State Highway,2,Urban,3,Other Principal Arterial,1,State Highway Agency,1,This Section IS ON the NHS,0,No Special Jurisdiction,255,255,44.04405556,44.04405556,-116.97964167,-116.97964167,46,Traffic Signal Support,0,The First Harmful Event was Not a Collision with a Motor Vehicle in Transport,0,No,3,Intersection-Related,2,Four-Way Intersection,4,On Roadside,0,,1,Daylight,10,Cloudy,0,No,0000000,Not Applicable,13,1:00pm-1:59pm,33,33,13,1:00pm-1:59pm,37,37,88,Not Applicable (Not Transported),88,Not Applicable (Not Transported),1
41,Oregon,410366,0,0,1,1,0,2,2,41,LINCOLN (41),0,NOT APPLICABLE,10,October,11,11,6,Friday,2024,10,10:00am-10:59am,47,47,US-20 ODOT 33,NE ARCADIA DR,2,U.S. Highway,1,Rural,3,Other Principal Arterial,1,State Highway Agency,1,This Section IS ON the NHS,0,No Special Jurisdiction,66,66,44.640925,44.640925,-123.93376389,-123.93376389,1,Rollover/Overturn,0,The First Harmful Event was Not a Collision with a Motor Vehicle in Transport,0,No,3,Intersection-Related,3,T-Intersection,4,On Roadside,0,,1,Daylight,1,Clear,0,No,0000000,Not Applicable,10,10:00am-10:59am,47,47,10,10:00am-10:59am,47,47,99,Unknown,99,Unknown EMS Hospital Arrival Time,1
41,Oregon,410367,0,0,1,1,0,2,2,37,LAKE (37),0,NOT APPLICABLE,10,October,11,11,6,Friday,2024,17,5:00pm-5:59pm,35,35,US-395 ODOT 19,,2,U.S. Highway,1,Rural,3,Other Principal Arterial,1,State Highway Agency,1,This Section IS ON the NHS,0,No Special Jurisdiction,1481,1481,42.127975,42.127975,-120.31705278,-120.31705278,35,Embankment,0,The First Harmful Event was Not a Collision with a Motor Vehicle in Transport,0,No,1,Non-Junction,1,Not an Intersection,4,On Roadside,0,,5,Dusk,1,Clear,0,No,0000000,Not Applicable,17,5:00pm-5:59pm,35,35,17,5:00pm-5:59pm,40,40,99,Unknown,99,Unknown EMS Hospital Arrival Time,1
41,Oregon,410368,1,1,2,2,0,2,2,29,JACKSON (29),1310,MEDFORD,10,October,11,11,6,Friday,2024,15,3:00pm-3:59pm,36,36,SR-99 ODOT 63,,3,State Highway,2,Urban,3,Other Principal Arterial,1,State Highway Agency,1,This Section IS ON the NHS,0,No Special Jurisdiction,86,86,42.3061,42.3061,-122.85455278,-122.85455278,9,Pedalcyclist,0,The First Harmful Event was Not a Collision with a Motor Vehicle in Transport,0,No,1,Non-Junction,1,Not an Intersection,2,On Shoulder,0,,1,Daylight,1,Clear,0,No,0000000,Not Applicable,99,Unknown,99,Unknown,99,Unknown EMS Scene Arrival Hour,99,Unknown EMS Scene Arrival Minutes,88,Not Applicable (Not Transported),88,Not Applicable (Not Transported),1
41,Oregon,410369,0,0,2,2,0,2,2,19,DOUGLAS (19),1750,RIDDLE,10,October,11,11,6,Friday,2024,23,11:00pm-11:59pm,37,37,RIDDLE BY-PASS RD,E ST,0,Not Signed,2,Urban,4,Minor Arterial,4,City or Municipal Highway Agency,0,This Section IS NOT on the NHS,0,No Special Jurisdiction,0,,42.95725556,42.95725556,-123.37022222,-123.37022222,12,Motor Vehicle In-Transport,2,Front-to-Front,0,No,2,Intersection,2,Four-Way Intersection,1,On Roadway,0,,3,Dark - Lighted,1,Clear,0,No,0000000,Not Applicable,23,11:00pm-11:59pm,37,37,23,11:00pm-11:59pm,42,42,0,0:00am-0:59am,22,22,1
41,Oregon,410370,0,0,2,2,0,2,2,17,DESCHUTES (17),0,NOT APPLICABLE,10,October,12,12,7,Saturday,2024,12,12:00pm-12:59pm,28,28,US-20 ODOT 7,POWELL BUTTE HWY,2,U.S. Highway,1,Rural,3,Other Principal Arterial,1,State Highway Agency,1,This Section IS ON the NHS,0,No Special Jurisdiction,47,47,44.05791111,44.05791111,-121.21906944,-121.21906944,12,Motor Vehicle In-Transport,6,Angle,0,No,2,Intersection,3,T-Intersection,1,On Roadway,0,,1,Daylight,1,Clear,0,No,0000000,Not Applicable,12,12:00pm-12:59pm,29,29,12,12:00pm-12:59pm,35,35,88,Not Applicable (Not Transported),88,Not Applicable (Not Transported),1
41,Oregon,410371,0,0,2,2,0,2,2,7,CLATSOP (7),0,NOT APPLICABLE,10,October,13,13,1,Sunday,2024,14,2:00pm-2:59pm,6,6,SR-202 ODOT 102,,3,State Highway,1,Rural,5,Major Collector,1,State Highway Agency,0,This Section IS NOT on the NHS,0,No Special Jurisdiction,149,149,46.06043056,46.06043056,-123.68148889,-123.68148889,12,Motor Vehicle In-Transport,2,Front-to-Front,0,No,1,Non-Junction,1,Not an Intersection,2,On Shoulder,0,,1,Daylight,1,Clear,0,No,0000000,Not Applicable,14,2:00pm-2:59pm,6,6,14,2:00pm-2:59pm,35,35,88,Not Applicable (Not Transported),88,Not Applicable (Not Transported),1
41,Oregon,410372,0,0,1,1,0,2,2,29,JACKSON (29),0,NOT APPLICABLE,10,October,13,13,1,Sunday,2024,14,2:00pm-2:59pm,35,35,I-5,,1,Interstate,1,Rural,1,Interstate,1,State Highway Agency,1,This Section IS ON the NHS,0,No Special Jurisdiction,68,68,42.09218056,42.09218056,-122.60297778,-122.60297778,2,Fire/Explosion,0,The First Harmful Event was Not a Collision with a Motor Vehicle in Transport,0,No,1,Non-Junction,1,Not an Intersection,1,On Roadway,0,,1,Daylight,1,Clear,0,No,0000000,Not Applicable,14,2:00pm-2:59pm,48,48,15,3:00pm-3:59pm,7,7,15,3:00pm-3:59pm,31,31,1
41,Oregon,410373,0,0,2,2,0,2,2,61,UNION (61),0,NOT APPLICABLE,10,October,13,13,1,Sunday,2024,19,7:00pm-7:59pm,1,1,HUNTER RD,,0,Not Signed,1,Rural,5,Major Collector,2,County Highway Agency,0,This Section IS NOT on the NHS,0,No Special Jurisdiction,110,110,45.36071389,45.36071389,-118.04525556,-118.04525556,12,Motor Vehicle In-Transport,1,Front-to-Rear,0,No,1,Non-Junction,1,Not an Intersection,1,On Roadway,0,,2,Dark - Not Lighted,98,Not Reported,0,No,0000000,Not Applicable,99,Unknown,99,Unknown,99,Unknown EMS Scene Arrival Hour,99,Unknown EMS Scene Arrival Minutes,88,Not Applicable (Not Transported),88,Not Applicable (Not Transported),1
41,Oregon,410374,0,0,2,2,0,4,4,51,MULTNOMAH (51),670,FAIRVIEW,10,October,13,13,1,Sunday,2024,21,9:00pm-9:59pm,0,0,NE FAIRVIEW PKWY,,0,Not Signed,2,Urban,3,Other Principal Arterial,4,City or Municipal Highway Agency,1,This Section IS ON the NHS,0,No Special Jurisdiction,0,,45.53103056,45.53103056,-122.44325556,-122.44325556,12,Motor Vehicle In-Transport,2,Front-to-Front,0,No,1,Non-Junction,1,Not an Intersection,1,On Roadway,0,,3,Dark - Lighted,1,Clear,0,No,0000000,Not Applicable,21,9:00pm-9:59pm,1,1,21,9:00pm-9:59pm,5,5,21,9:00pm-9:59pm,44,44,1
41,Oregon,410375,0,0,1,1,0,3,3,5,CLACKAMAS (5),0,NOT APPLICABLE,10,October,12,12,7,Saturday,2024,5,5:00am-5:59am,40,40,SW ADVANCE RD,,0,Not Signed,1,Rural,5,Major Collector,2,County Highway Agency,0,This Section IS NOT on the NHS,0,No Special Jurisdiction,13,13,45.31739722,45.31739722,-122.71699167,-122.71699167,38,Fence,0,The First Harmful Event was Not a Collision with a Motor Vehicle in Transport,0,No,1,Non-Junction,1,Not an Intersection,4,On Roadside,0,,2,Dark - Not Lighted,1,Clear,0,No,0000000,Not Applicable,5,5:00am-5:59am,40,40,5,5:00am-5:59am,55,55,99,Unknown,99,Unknown EMS Hospital Arrival Time,1
41,Oregon,410376,0,0,2,2,0,3,3,43,LINN (43),0,NOT APPLICABLE,6,June,27,27,5,Thursday,2024,14,2:00pm-2:59pm,43,43,SEVEN MILE LN,TANGENT DR,0,Not Signed,1,Rural,5,Major Collector,2,County Highway Agency,0,This Section IS NOT on the NHS,0,No Special Jurisdiction,50,50,44.54115278,44.54115278,-123.04894722,-123.04894722,12,Motor Vehicle In-Transport,6,Angle,0,No,2,Intersection,2,Four-Way Intersection,1,On Roadway,0,,1,Daylight,1,Clear,0,No,0000000,Not Applicable,14,2:00pm-2:59pm,43,43,14,2:00pm-2:59pm,51,51,99,Unknown,99,Unknown EMS Hospital Arrival Time,1
41,Oregon,410377,0,0,2,2,0,4,4,39,LANE (39),0,NOT APPLICABLE,10,October,14,14,2,Monday,2024,12,12:00pm-12:59pm,21,21,SR-126E ODOT 15,,3,State Highway,1,Rural,3,Other Principal Arterial,1,State Highway Agency,1,This Section IS ON the NHS,0,No Special Jurisdiction,241,241,44.14065833,44.14065833,-122.61248056,-122.61248056,1,Rollover/Overturn,0,The First Harmful Event was Not a Collision with a Motor Vehicle in Transport,0,No,1,Non-Junction,1,Not an Intersection,1,On Roadway,0,,1,Daylight,1,Clear,0,No,0000000,Not Applicable,12,12:00pm-12:59pm,21,21,12,12:00pm-12:59pm,25,25,12,12:00pm-12:59pm,53,53,1
41,Oregon,410378,0,0,2,2,0,3,3,39,LANE (39),0,NOT APPLICABLE,10,October,15,15,3,Tuesday,2024,7,7:00am-7:59am,4,4,NORTHWEST EXPRESSWAY,,0,Not Signed,2,Urban,4,Minor Arterial,2,County Highway Agency,0,This Section IS NOT on the NHS,0,No Special Jurisdiction,6,6,44.07127778,44.07127778,-123.13052778,-123.13052778,12,Motor Vehicle In-Transport,2,Front-to-Front,0,No,1,Non-Junction,1,Not an Intersection,1,On Roadway,0,,4,Dawn,1,Clear,0,No,0000000,Not Applicable,7,7:00am-7:59am,1,1,7,7:00am-7:59am,4,4,7,7:00am-7:59am,22,22,2
41,Oregon,410379,0,0,2,2,0,2,2,53,POLK (53),0,NOT APPLICABLE,9,September,30,30,2,Monday,2024,7,7:00am-7:59am,36,36,FALLS CITY RD,OAKDALE RD,0,Not Signed,1,Rural,5,Major Collector,2,County Highway Agency,0,This Section IS NOT on the NHS,0,No Special Jurisdiction,6,6,44.866175,44.866175,-123.41516111,-123.41516111,12,Motor Vehicle In-Transport,2,Front-to-Front,0,No,2,Intersection,3,T-Intersection,1,On Roadway,0,,1,Daylight,1,Clear,0,No,0000000,Not Applicable,7,7:00am-7:59am,37,37,7,7:00am-7:59am,46,46,99,Unknown,99,Unknown EMS Hospital Arrival Time,1
41,Oregon,410381,0,0,1,1,0,2,2,1,BAKER (1),0,NOT APPLICABLE,10,October,16,16,4,Wednesday,2024,9,9:00am-9:59am,25,25,I-84,,1,Interstate,1,Rural,1,Interstate,1,State Highway Agency,1,This Section IS ON the NHS,0,No Special Jurisdiction,3101,3101,44.71668889,44.71668889,-117.755,-117.755,1,Rollover/Overturn,0,The First Harmful Event was Not a Collision with a Motor Vehicle in Transport,0,No,1,Non-Junction,1,Not an Intersection,3,On Median,0,,1,Daylight,1,Clear,0,No,0000000,Not Applicable,9,9:00am-9:59am,42,42,9,9:00am-9:59am,32,32,99,Unknown,99,Unknown EMS Hospital Arrival Time,1
41,Oregon,410383,0,0,1,1,0,1,1,47,MARION (47),0,NOT APPLICABLE,10,October,2,2,4,Wednesday,2024,14,2:00pm-2:59pm,0,0,SR-214 ODOT 163,,3,State Highway,1,Rural,5,Major Collector,1,State Highway Agency,0,This Section IS NOT on the NHS,0,No Special Jurisdiction,283,283,44.89294444,44.89294444,-122.63562222,-122.63562222,34,Ditch,0,The First Harmful Event was Not a Collision with a Motor Vehicle in Transport,0,No,1,Non-Junction,1,Not an Intersection,4,On Roadside,0,,1,Daylight,1,Clear,0,No,0000000,Not Applicable,14,2:00pm-2:59pm,10,10,14,2:00pm-2:59pm,35,35,15,3:00pm-3:59pm,8,8,1
41,Oregon,410385,0,0,2,2,0,4,4,29,JACKSON (29),0,NOT APPLICABLE,10,October,17,17,5,Thursday,2024,14,2:00pm-2:59pm,56,56,SR-140 ODOT 270,,3,State Highway,1,Rural,3,Other Principal Arterial,1,State Highway Agency,1,This Section IS ON the NHS,0,No Special Jurisdiction,313,313,42.39779167,42.39779167,-122.30980556,-122.30980556,12,Motor Vehicle In-Transport,6,Angle,0,No,1,Non-Junction,1,Not an Intersection,1,On Roadway,0,,1,Daylight,4,Snow,0,No,0000000,Not Applicable,14,2:00pm-2:59pm,56,56,15,3:00pm-3:59pm,14,14,99,Unknown,99,Unknown EMS Hospital Arrival Time,1
41,Oregon,410386,0,0,2,2,0,2,2,51,MULTNOMAH (51),1650,PORTLAND,10,October,18,18,6,Friday,2024,21,9:00pm-9:59pm,59,59,NE COLUMBIA BLVD,,0,Not Signed,2,Urban,3,Other Principal Arterial,4,City or Municipal Highway Agency,1,This Section IS ON the NHS,0,No Special Jurisdiction,0,,45.57746111,45.57746111,-122.64774722,-122.64774722,12,Motor Vehicle In-Transport,2,Front-to-Front,0,No,1,Non-Junction,1,Not an Intersection,1,On Roadway,0,,3,Dark - Lighted,2,Rain,0,No,0000000,Not Applicable,99,Unknown,99,Unknown,99,Unknown EMS Scene Arrival Hour,99,Unknown EMS Scene Arrival Minutes,88,Not Applicable (Not Transported),88,Not Applicable (Not Transported),1
41,Oregon,410387,0,0,1,1,0,1,1,59,UMATILLA (59),0,NOT APPLICABLE,10,October,19,19,7,Saturday,2024,9,9:00am-9:59am,17,17,I-84,,1,Interstate,1,Rural,1,Interstate,1,State Highway Agency,1,This Section IS ON the NHS,0,No Special Jurisdiction,1778,1778,45.80006667,45.80006667,-119.42214722,-119.42214722,21,Bridge Pier or Support,0,The First Harmful Event was Not a Collision with a Motor Vehicle in Transport,0,No,1,Non-Junction,1,Not an Intersection,3,On Median,0,,1,Daylight,10,Cloudy,0,No,0000000,Not Applicable,9,9:00am-9:59am,17,17,9,9:00am-9:59am,25,25,88,Not Applicable (Not Transported),88,Not Applicable (Not Transported),1
41,Oregon,410388,1,1,1,1,0,1,1,39,LANE (39),660,EUGENE,10,October,20,20,1,Sunday,2024,19,7:00pm-7:59pm,56,56,SR-569 ODOT 69,,3,State Highway,2,Urban,3,Other Principal Arterial,1,State Highway Agency,1,This Section IS ON the NHS,0,No Special Jurisdiction,35,35,44.05536111,44.05536111,-123.17292778,-123.17292778,9,Pedalcyclist,0,The First Harmful Event was Not a Collision with a Motor Vehicle in Transport,0,No,1,Non-Junction,1,Not an Intersection,1,On Roadway,0,,2,Dark - Not Lighted,1,Clear,0,No,0000000,Not Applicable,18,6:00pm-6:59pm,56,56,20,8:00pm-8:59pm,4,4,88,Not Applicable (Not Transported),88,Not Applicable (Not Transported),1
41,Oregon,410389,0,0,2,2,0,2,2,45,MALHEUR (45),0,NOT APPLICABLE,10,October,20,20,1,Sunday,2024,21,9:00pm-9:59pm,34,34,I-84,,1,Interstate,2,Urban,1,Interstate,1,State Highway Agency,1,This Section IS ON the NHS,0,No Special Jurisdiction,3730,3730,44.06485278,44.06485278,-116.99465,-116.99465,12,Motor Vehicle In-Transport,2,Front-to-Front,0,No,1,Non-Junction,1,Not an Intersection,1,On Roadway,0,,2,Dark - Not Lighted,1,Clear,0,No,0000000,Not Applicable,21,9:00pm-9:59pm,38,38,21,9:00pm-9:59pm,48,48,99,Unknown,99,Unknown EMS Hospital Arrival Time,1
41,Oregon,410390,1,1,1,1,0,1,1,67,WASHINGTON (67),1000,HILLSBORO,10,October,20,20,1,Sunday,2024,3,3:00am-3:59am,15,15,NE WALKER RD,,0,Not Signed,2,Urban,4,Minor Arterial,4,City or Municipal Highway Agency,0,This Section IS NOT on the NHS,0,No Special Jurisdiction,0,,45.529175,45.529175,-122.8711,-122.8711,8,Pedestrian,0,The First Harmful Event was Not a Collision with a Motor Vehicle in Transport,0,No,1,Non-Junction,1,Not an Intersection,98,Not Reported,0,,2,Dark - Not Lighted,98,Not Reported,0,No,0000000,Not Applicable,3,3:00am-3:59am,15,15,3,3:00am-3:59am,23,23,88,Not Applicable (Not Transported),88,Not Applicable (Not Transported),1
41,Oregon,410391,1,1,1,1,0,1,1,51,MULTNOMAH (51),1650,PORTLAND,10,October,21,21,2,Monday,2024,2,2:00am-2:59am,36,36,NE GLISAN ST,,0,Not Signed,2,Urban,3,Other Principal Arterial,4,City or Municipal Highway Agency,0,This Section IS NOT on the NHS,0,No Special Jurisdiction,0,,45.52635278,45.52635278,-122.52960833,-122.52960833,9,Pedalcyclist,0,The First Harmful Event was Not a Collision with a Motor Vehicle in Transport,0,No,1,Non-Junction,1,Not an Intersection,1,On Roadway,0,,3,Dark - Lighted,2,Rain,0,No,0000000,Not Applicable,99,Unknown,99,Unknown,99,Unknown EMS Scene Arrival Hour,99,Unknown EMS Scene Arrival Minutes,88,Not Applicable (Not Transported),88,Not Applicable (Not Transported),1
41,Oregon,410392,1,1,1,1,0,1,1,51,MULTNOMAH (51),1650,PORTLAND,10,October,21,21,2,Monday,2024,8,8:00am-8:59am,58,58,NE 105TH AVE,NE MARX ST,0,Not Signed,2,Urban,7,Local,4,City or Municipal Highway Agency,0,This Section IS NOT on the NHS,0,No Special Jurisdiction,0,,45.56161111,45.56161111,-122.55471944,-122.55471944,9,Pedalcyclist,0,The First Harmful Event was Not a Collision with a Motor Vehicle in Transport,0,No,3,Intersection-Related,2,Four-Way Intersection,1,On Roadway,0,,1,Daylight,2,Rain,0,No,0000000,Not Applicable,99,Unknown,99,Unknown,99,Unknown EMS Scene Arrival Hour,99,Unknown EMS Scene Arrival Minutes,88,Not Applicable (Not Transported),88,Not Applicable (Not Transported),1
41,Oregon,410393,0,0,2,2,0,2,2,39,LANE (39),0,NOT APPLICABLE,10,October,22,22,3,Tuesday,2024,15,3:00pm-3:59pm,10,10,SR-126 ODOT 62,,3,State Highway,1,Rural,3,Other Principal Arterial,1,State Highway Agency,1,This Section IS ON the NHS,0,No Special Jurisdiction,193,193,44.01265556,44.01265556,-123.76962222,-123.76962222,12,Motor Vehicle In-Transport,2,Front-to-Front,0,No,1,Non-Junction,1,Not an Intersection,1,On Roadway,0,,1,Daylight,1,Clear,0,No,0000000,Not Applicable,15,3:00pm-3:59pm,15,15,15,3:00pm-3:59pm,56,56,99,Unknown,99,Unknown EMS Hospital Arrival Time,1
41,Oregon,410394,1,1,1,1,0,1,1,41,LINCOLN (41),1225,LINCOLN CITY,10,October,22,22,3,Tuesday,2024,13,1:00pm-1:59pm,55,55,US-101 ODOT 9,SE 9TH ST,2,U.S. Highway,2,Urban,3,Other Principal Arterial,1,State Highway Agency,1,This Section IS ON the NHS,0,No Special Jurisdiction,1154,1154,44.96066111,44.96066111,-124.01436389,-124.01436389,9,Pedalcyclist,0,The First Harmful Event was Not a Collision with a Motor Vehicle in Transport,0,No,3,Intersection-Related,3,T-Intersection,1,On Roadway,0,,1,Daylight,1,Clear,0,No,0000000,Not Applicable,13,1:00pm-1:59pm,55,55,14,2:00pm-2:59pm,3,3,88,Not Applicable (Not Transported),88,Not Applicable (Not Transported),1
41,Oregon,410395,0,0,1,1,0,1,1,35,KLAMATH (35),0,NOT APPLICABLE,7,July,29,29,2,Monday,2024,13,1:00pm-1:59pm,19,19,SEVEN MILE RD,,0,Not Signed,1,Rural,5,Major Collector,2,County Highway Agency,0,This Section IS NOT on the NHS,0,No Special Jurisdiction,19,19,42.66841944,42.66841944,-122.03011389,-122.03011389,59,Traffic Sign Support,0,The First Harmful Event was Not a Collision with a Motor Vehicle in Transport,0,No,1,Non-Junction,1,Not an Intersection,4,On Roadside,0,,1,Daylight,1,Clear,0,No,0000000,Not Applicable,13,1:00pm-1:59pm,19,19,13,1:00pm-1:59pm,40,40,88,Not Applicable (Not Transported),88,Not Applicable (Not Transported),1
41,Oregon,410396,0,0,1,1,0,1,1,51,MULTNOMAH (51),880,GRESHAM,9,September,13,13,6,Friday,2024,23,11:00pm-11:59pm,43,43,NE KANE DR,,0,Not Signed,2,Urban,3,Other Principal Arterial,4,City or Municipal Highway Agency,0,This Section IS NOT on the NHS,0,No Special Jurisdiction,0,,45.50589444,45.50589444,-122.39976111,-122.39976111,33,Curb,0,The First Harmful Event was Not a Collision with a Motor Vehicle in Transport,0,No,1,Non-Junction,1,Not an Intersection,4,On Roadside,0,,3,Dark - Lighted,1,Clear,0,No,0000000,Not Applicable,99,Unknown,99,Unknown,99,Unknown EMS Scene Arrival Hour,99,Unknown EMS Scene Arrival Minutes,88,Not Applicable (Not Transported),88,Not Applicable (Not Transported),1
41,Oregon,410398,1,1,1,1,0,1,1,67,WASHINGTON (67),180,BEAVERTON,10,October,23,23,4,Wednesday,2024,22,10:00pm-10:59pm,26,26,SR-8 ODOT 29,SW 102ND AVE,3,State Highway,2,Urban,3,Other Principal Arterial,1,State Highway Agency,1,This Section IS ON the NHS,0,No Special Jurisdiction,23,23,45.49311944,45.49311944,-122.78146389,-122.78146389,8,Pedestrian,0,The First Harmful Event was Not a Collision with a Motor Vehicle in Transport,0,No,3,Intersection-Related,3,T-Intersection,1,On Roadway,0,,3,Dark - Lighted,1,Clear,0,No,0000000,Not Applicable,22,10:00pm-10:59pm,27,27,22,10:00pm-10:59pm,30,30,88,Not Applicable (Not Transported),88,Not Applicable (Not Transported),1
41,Oregon,410399,1,1,1,1,0,1,1,39,LANE (39),0,NOT APPLICABLE,10,October,24,24,5,Thursday,2024,11,11:00am-11:59am,42,42,RIVER RD,VAN FOSSEN CT,0,Not Signed,2,Urban,4,Minor Arterial,2,County Highway Agency,0,This Section IS NOT on the NHS,0,No Special Jurisdiction,80,80,44.12336111,44.12336111,-123.14036111,-123.14036111,18,Other Object (not fixed),0,The First Harmful Event was Not a Collision with a Motor Vehicle in Transport,0,No,3,Intersection-Related,2,Four-Way Intersection,4,On Roadside,0,,1,Daylight,10,Cloudy,0,No,0000000,Not Applicable,11,11:00am-11:59am,43,43,11,11:00am-11:59am,50,50,11,11:00am-11:59am,56,56,1
41,Oregon,410400,0,0,1,1,0,1,1,67,WASHINGTON (67),1000,HILLSBORO,10,October,21,21,2,Monday,2024,16,4:00pm-4:59pm,5,5,NE BROOKWOOD PKWY,,0,Not Signed,2,Urban,4,Minor Arterial,4,City or Municipal Highway Agency,0,This Section IS NOT on the NHS,0,No Special Jurisdiction,0,,45.53588611,45.53588611,-122.94101667,-122.94101667,42,Tree (Standing Only),0,The First Harmful Event was Not a Collision with a Motor Vehicle in Transport,0,No,1,Non-Junction,1,Not an Intersection,4,On Roadside,0,,1,Daylight,1,Clear,0,No,0000000,Not Applicable,16,4:00pm-4:59pm,5,5,16,4:00pm-4:59pm,13,13,88,Not Applicable (Not Transported),88,Not Applicable (Not Transported),1
41,Oregon,410401,1,1,1,1,0,1,1,51,MULTNOMAH (51),1650,PORTLAND,10,October,24,24,5,Thursday,2024,1,1:00am-1:59am,26,26,SE STARK ST,,0,Not Signed,2,Urban,4,Minor Arterial,4,City or Municipal Highway Agency,0,This Section IS NOT on the NHS,0,No Special Jurisdiction,0,,45.51898056,45.51898056,-122.56159167,-122.56159167,8,Pedestrian,0,The First Harmful Event was Not a Collision with a Motor Vehicle in Transport,0,No,8,Driveway Access Related,1,Not an Intersection,1,On Roadway,0,,3,Dark - Lighted,1,Clear,0,No,0000000,Not Applicable,1,1:00am-1:59am,26,26,1,1:00am-1:59am,30,30,1,1:00am-1:59am,50,50,1
41,Oregon,410402,0,0,1,1,0,1,1,29,JACKSON (29),840,GOLD HILL,10,October,27,27,1,Sunday,2024,18,6:00pm-6:59pm,31,31,SR-99 ODOT 486,,3,State Highway,2,Urban,4,Minor Arterial,1,State Highway Agency,0,This Section IS NOT on the NHS,0,No Special Jurisdiction,25,25,42.43106111,42.43106111,-123.04478333,-123.04478333,30,Utility Pole/Light Support,0,The First Harmful Event was Not a Collision with a Motor Vehicle in Transport,0,No,1,Non-Junction,1,Not an Intersection,4,On Roadside,0,,3,Dark - Lighted,1,Clear,0,No,0000000,Not Applicable,18,6:00pm-6:59pm,31,31,18,6:00pm-6:59pm,38,38,88,Not Applicable (Not Transported),88,Not Applicable (Not Transported),1
41,Oregon,410403,0,0,2,2,0,3,3,51,MULTNOMAH (51),1650,PORTLAND,10,October,28,28,2,Monday,2024,6,6:00am-6:59am,39,39,NE HALSEY T,NE 118TH AVE,0,Not Signed,2,Urban,3,Other Principal Arterial,4,City or Municipal Highway Agency,1,This Section IS ON the NHS,0,No Special Jurisdiction,0,,45.53352222,45.53352222,-122.54148611,-122.54148611,12,Motor Vehicle In-Transport,6,Angle,0,No,2,Intersection,3,T-Intersection,1,On Roadway,0,,3,Dark - Lighted,2,Rain,0,No,0000000,Not Applicable,6,6:00am-6:59am,44,44,6,6:00am-6:59am,50,50,7,7:00am-7:59am,35,35,1
41,Oregon,410404,0,0,3,3,0,4,4,53,POLK (53),0,NOT APPLICABLE,10,October,28,28,2,Monday,2024,11,11:00am-11:59am,47,47,SR-22W ODOT 30,PERRYDALE RD,3,State Highway,1,Rural,3,Other Principal Arterial,1,State Highway Agency,1,This Section IS ON the NHS,0,No Special Jurisdiction,117,117,44.96868333,44.96868333,-123.29944167,-123.29944167,12,Motor Vehicle In-Transport,6,Angle,0,No,2,Intersection,2,Four-Way Intersection,1,On Roadway,0,,1,Daylight,10,Cloudy,0,No,0000000,Not Applicable,11,11:00am-11:59am,47,47,11,11:00am-11:59am,53,53,88,Not Applicable (Not Transported),88,Not Applicable (Not Transported),2
41,Oregon,410405,1,1,1,1,0,1,1,29,JACKSON (29),0,NOT APPLICABLE,10,October,28,28,2,Monday,2024,19,7:00pm-7:59pm,50,50,SR-62 ODOT 22,,3,State Highway,1,Rural,4,Minor Arterial,1,State Highway Agency,0,This Section IS NOT on the NHS,0,No Special Jurisdiction,132,132,42.51708889,42.51708889,-122.81220278,-122.81220278,8,Pedestrian,0,The First Harmful Event was Not a Collision with a Motor Vehicle in Transport,0,No,1,Non-Junction,1,Not an Intersection,1,On Roadway,0,,2,Dark - Not Lighted,2,Rain,0,No,0000000,Not Applicable,19,7:00pm-7:59pm,53,53,20,8:00pm-8:59pm,3,3,88,Not Applicable (Not Transported),88,Not Applicable (Not Transported),1
41,Oregon,410406,0,0,2,2,0,2,2,3,BENTON (3),420,CORVALLIS,8,August,23,23,6,Friday,2024,8,8:00am-8:59am,52,52,NW WALNUT BLVD,,0,Not Signed,2,Urban,4,Minor Arterial,4,City or Municipal Highway Agency,0,This Section IS NOT on the NHS,0,No Special Jurisdiction,0,,44.59332778,44.59332778,-123.28878889,-123.28878889,12,Motor Vehicle In-Transport,6,Angle,0,No,8,Driveway Access Related,1,Not an Intersection,1,On Roadway,0,,1,Daylight,1,Clear,0,No,0000000,Not Applicable,8,8:00am-8:59am,53,53,8,8:00am-8:59am,57,57,9,9:00am-9:59am,14,14,1
41,Oregon,410407,0,0,1,1,0,2,2,57,TILLAMOOK (57),0,NOT APPLICABLE,8,August,22,22,5,Thursday,2024,17,5:00pm-5:59pm,32,32,CEDAR BUTTE RD,,0,Not Signed,1,Rural,7,Local,11,"State Park, Forest, or Reservation Agency",0,This Section IS NOT on the NHS,0,No Special Jurisdiction,0,,45.620275,45.620275,-123.63836667,-123.63836667,1,Rollover/Overturn,0,The First Harmful Event was Not a Collision with a Motor Vehicle in Transport,0,No,1,Non-Junction,1,Not an Intersection,4,On Roadside,0,,1,Daylight,98,Not Reported,0,No,0000000,Not Applicable,99,Unknown,99,Unknown,99,Unknown EMS Scene Arrival Hour,99,Unknown EMS Scene Arrival Minutes,99,Unknown,99,Unknown EMS Hospital Arrival Time,1
41,Oregon,410408,0,0,2,2,0,2,2,33,JOSEPHINE (33),0,NOT APPLICABLE,10,October,29,29,3,Tuesday,2024,12,12:00pm-12:59pm,15,15,US-199 ODOT 25,HELMS RD,2,U.S. Highway,2,Urban,3,Other Principal Arterial,1,State Highway Agency,1,This Section IS ON the NHS,0,No Special Jurisdiction,63,63,42.40236667,42.40236667,-123.44666944,-123.44666944,12,Motor Vehicle In-Transport,6,Angle,0,No,2,Intersection,2,Four-Way Intersection,1,On Roadway,0,,1,Daylight,1,Clear,0,No,0000000,Not Applicable,12,12:00pm-12:59pm,19,19,12,12:00pm-12:59pm,28,28,99,Unknown,99,Unknown EMS Hospital Arrival Time,1
41,Oregon,410410,1,1,1,1,0,1,1,29,JACKSON (29),0,NOT APPLICABLE,10,October,31,31,5,Thursday,2024,5,5:00am-5:59am,52,52,SR-140 ODOT 270,,3,State Highway,2,Urban,3,Other Principal Arterial,1,State Highway Agency,1,This Section IS ON the NHS,0,No Special Jurisdiction,80,80,42.40974444,42.40974444,-122.94544167,-122.94544167,8,Pedestrian,0,The First Harmful Event was Not a Collision with a Motor Vehicle in Transport,0,No,1,Non-Junction,1,Not an Intersection,1,On Roadway,0,,2,Dark - Not Lighted,2,Rain,0,No,0000000,Not Applicable,5,5:00am-5:59am,54,54,5,5:00am-5:59am,55,55,88,Not Applicable (Not Transported),88,Not Applicable (Not Transported),1
41,Oregon,410411,0,0,1,1,0,1,1,19,DOUGLAS (19),0,NOT APPLICABLE,10,October,25,25,6,Friday,2024,15,3:00pm-3:59pm,40,40,ELKHEAD RD,,0,Not Signed,1,Rural,6,Minor Collector,2,County Highway Agency,0,This Section IS NOT on the NHS,0,No Special Jurisdiction,68,68,43.52715278,43.52715278,-123.20823333,-123.20823333,35,Embankment,0,The First Harmful Event was Not a Collision with a Motor Vehicle in Transport,0,No,1,Non-Junction,1,Not an Intersection,4,On Roadside,0,,1,Daylight,1,Clear,0,No,0000000,Not Applicable,15,3:00pm-3:59pm,44,44,16,4:00pm-4:59pm,17,17,88,Not Applicable (Not Transported),88,Not Applicable (Not Transported),1
41,Oregon,410412,0,0,2,2,0,2,2,19,DOUGLAS (19),0,NOT APPLICABLE,10,October,12,12,7,Saturday,2024,13,1:00pm-1:59pm,53,53,SR-OAKLAND SHADY FRONTAGE ODOT,,3,State Highway,2,Urban,4,Minor Arterial,1,State Highway Agency,0,This Section IS NOT on the NHS,0,No Special Jurisdiction,1296,1296,43.29083333,43.29083333,-123.35230278,-123.35230278,12,Motor Vehicle In-Transport,2,Front-to-Front,0,No,1,Non-Junction,1,Not an Intersection,1,On Roadway,0,,1,Daylight,1,Clear,0,No,0000000,Not Applicable,13,1:00pm-1:59pm,53,53,13,1:00pm-1:59pm,53,53,99,Unknown,99,Unknown EMS Hospital Arrival Time,1
41,Oregon,410413,0,0,1,1,0,1,1,51,MULTNOMAH (51),1650,PORTLAND,11,November,1,1,6,Friday,2024,3,3:00am-3:59am,2,2,SE 72ND AVE,SE OGDEN ST,0,Not Signed,2,Urban,5,Major Collector,4,City or Municipal Highway Agency,0,This Section IS NOT on the NHS,0,No Special Jurisdiction,0,,45.47107778,45.47107778,-122.58935556,-122.58935556,33,Curb,0,The First Harmful Event was Not a Collision with a Motor Vehicle in Transport,0,No,3,Intersection-Related,2,Four-Way Intersection,3,On Median,0,,3,Dark - Lighted,2,Rain,0,No,0000000,Not Applicable,99,Unknown,99,Unknown,99,Unknown EMS Scene Arrival Hour,99,Unknown EMS Scene Arrival Minutes,88,Not Applicable (Not Transported),88,Not Applicable (Not Transported),1
41,Oregon,410414,0,0,2,2,0,4,4,5,CLACKAMAS (5),0,NOT APPLICABLE,11,November,1,1,6,Friday,2024,16,4:00pm-4:59pm,59,59,S SPRINGWATER RD,,0,Not Signed,1,Rural,4,Minor Arterial,2,County Highway Agency,0,This Section IS NOT on the NHS,0,No Special Jurisdiction,20,20,45.37431389,45.37431389,-122.47477222,-122.47477222,12,Motor Vehicle In-Transport,2,Front-to-Front,0,No,1,Non-Junction,1,Not an Intersection,1,On Roadway,0,,5,Dusk,2,Rain,0,No,0000000,Not Applicable,16,4:00pm-4:59pm,59,59,17,5:00pm-5:59pm,26,26,19,7:00pm-7:59pm,5,5,1
41,Oregon,410415,0,0,1,1,0,1,1,5,CLACKAMAS (5),2210,WEST LINN,11,November,1,1,6,Friday,2024,19,7:00pm-7:59pm,33,33,I-205,,1,Interstate,2,Urban,1,Interstate,1,State Highway Agency,1,This Section IS ON the NHS,0,No Special Jurisdiction,86,86,45.361075,45.361075,-122.61305278,-122.61305278,20,Impact Attenuator/Crash Cushion,0,The First Harmful Event was Not a Collision with a Motor Vehicle in Transport,0,No,1,Non-Junction,1,Not an Intersection,8,Gore,4,"Work Zone, Type Unknown",3,Dark - Lighted,2,Rain,0,No,0000000,Not Applicable,19,7:00pm-7:59pm,45,45,19,7:00pm-7:59pm,45,45,88,Not Applicable (Not Transported),88,Not Applicable (Not Transported),1
41,Oregon,410416,0,0,2,2,0,3,3,35,KLAMATH (35),0,NOT APPLICABLE,11,November,2,2,7,Saturday,2024,23,11:00pm-11:59pm,55,55,US-97 ODOT 4,,2,U.S. Highway,1,Rural,3,Other Principal Arterial,1,State Highway Agency,1,This Section IS ON the NHS,0,No Special Jurisdiction,2296,2296,42.84000833,42.84000833,-121.83321944,-121.83321944,51,Jackknife (harmful to this vehicle),0,The First Harmful Event was Not a Collision with a Motor Vehicle in Transport,0,No,1,Non-Junction,1,Not an Intersection,1,On Roadway,0,,2,Dark - Not Lighted,10,Cloudy,0,No,0000000,Not Applicable,11,11:00am-11:59am,55,55,0,0:00am-0:59am,29,29,88,Not Applicable (Not Transported),88,Not Applicable (Not Transported),2
41,Oregon,410417,1,1,1,1,0,1,1,47,MARION (47),0,NOT APPLICABLE,10,October,17,17,5,Thursday,2024,18,6:00pm-6:59pm,51,51,MARION RD SE,,0,Not Signed,1,Rural,4,Minor Arterial,2,County Highway Agency,0,This Section IS NOT on the NHS,0,No Special Jurisdiction,44,44,44.74192778,44.74192778,-122.94313056,-122.94313056,8,Pedestrian,0,The First Harmful Event was Not a Collision with a Motor Vehicle in Transport,0,No,1,Non-Junction,1,Not an Intersection,1,On Roadway,0,,2,Dark - Not Lighted,1,Clear,0,No,0000000,Not Applicable,99,Unknown,99,Unknown,99,Unknown EMS Scene Arrival Hour,99,Unknown EMS Scene Arrival Minutes,88,Not Applicable (Not Transported),88,Not Applicable (Not Transported),1
41,Oregon,410418,0,0,1,1,0,1,1,33,JOSEPHINE (33),0,NOT APPLICABLE,11,November,3,3,1,Sunday,2024,22,10:00pm-10:59pm,59,59,REDWOOD AVE,JENKINS AVE,0,Not Signed,2,Urban,4,Minor Arterial,2,County Highway Agency,0,This Section IS NOT on the NHS,0,No Special Jurisdiction,6,6,42.417675,42.417675,-123.41578056,-123.41578056,34,Ditch,0,The First Harmful Event was Not a Collision with a Motor Vehicle in Transport,0,No,3,Intersection-Related,3,T-Intersection,4,On Roadside,0,,2,Dark - Not Lighted,5,"Fog, Smog, Smoke",0,No,0000000,Not Applicable,23,11:00pm-11:59pm,9,9,23,11:00pm-11:59pm,9,9,88,Not Applicable (Not Transported),88,Not Applicable (Not Transported),1
41,Oregon,410419,0,0,1,1,0,1,1,19,DOUGLAS (19),0,NOT APPLICABLE,11,November,4,4,2,Monday,2024,10,10:00am-10:59am,42,42,SR-38 ODOT 45,,3,State Highway,1,Rural,3,Other Principal Arterial,1,State Highway Agency,1,This Section IS ON the NHS,0,No Special Jurisdiction,487,487,43.66166667,43.66166667,-123.348625,-123.348625,1,Rollover/Overturn,0,The First Harmful Event was Not a Collision with a Motor Vehicle in Transport,0,No,1,Non-Junction,1,Not an Intersection,4,On Roadside,0,,1,Daylight,2,Rain,0,No,0000000,Not Applicable,10,10:00am-10:59am,42,42,10,10:00am-10:59am,50,50,88,Not Applicable (Not Transported),88,Not Applicable (Not Transported),1
41,Oregon,410420,0,0,1,1,0,1,1,33,JOSEPHINE (33),0,NOT APPLICABLE,11,November,2,2,7,Saturday,2024,22,10:00pm-10:59pm,35,35,WATER GAP RD,,0,Not Signed,1,Rural,5,Major Collector,2,County Highway Agency,0,This Section IS NOT on the NHS,0,No Special Jurisdiction,28,28,42.26324722,42.26324722,-123.27393611,-123.27393611,38,Fence,0,The First Harmful Event was Not a Collision with a Motor Vehicle in Transport,0,No,1,Non-Junction,1,Not an Intersection,4,On Roadside,0,,2,Dark - Not Lighted,2,Rain,0,No,0000000,Not Applicable,99,Unknown,99,Unknown,99,Unknown EMS Scene Arrival Hour,99,Unknown EMS Scene Arrival Minutes,88,Not Applicable (Not Transported),88,Not Applicable (Not Transported),1
41,Oregon,410421,0,0,1,1,0,1,1,39,LANE (39),0,NOT APPLICABLE,10,October,3,3,5,Thursday,2024,19,7:00pm-7:59pm,11,11,SR-126E ODOT 15,,3,State Highway,1,Rural,3,Other Principal Arterial,1,State Highway Agency,1,This Section IS ON the NHS,0,No Special Jurisdiction,499,499,44.17695,44.17695,-122.17125,-122.17125,18,Other Object (not fixed),0,The First Harmful Event was Not a Collision with a Motor Vehicle in Transport,0,No,1,Non-Junction,1,Not an Intersection,1,On Roadway,0,,5,Dusk,1,Clear,0,No,0000000,Not Applicable,19,7:00pm-7:59pm,12,12,19,7:00pm-7:59pm,41,41,20,8:00pm-8:59pm,45,45,1
41,Oregon,410423,0,0,1,1,0,1,1,19,DOUGLAS (19),0,NOT APPLICABLE,11,November,5,5,3,Tuesday,2024,15,3:00pm-3:59pm,5,5,SR-230 ODOT 233,,3,State Highway,1,Rural,4,Minor Arterial,1,State Highway Agency,0,This Section IS NOT on the NHS,0,No Special Jurisdiction,139,139,43.08978889,43.08978889,-122.31199722,-122.31199722,42,Tree (Standing Only),0,The First Harmful Event was Not a Collision with a Motor Vehicle in Transport,0,No,1,Non-Junction,1,Not an Intersection,4,On Roadside,0,,1,Daylight,10,Cloudy,0,No,0000000,Not Applicable,99,Unknown,99,Unknown,99,Unknown EMS Scene Arrival Hour,99,Unknown EMS Scene Arrival Minutes,88,Not Applicable (Not Transported),88,Not Applicable (Not Transported),1
41,Oregon,410425,0,0,1,1,0,1,1,39,LANE (39),0,NOT APPLICABLE,11,November,5,5,3,Tuesday,2024,20,8:00pm-8:59pm,50,50,ROW RIVER RD,,0,Not Signed,1,Rural,5,Major Collector,2,County Highway Agency,0,This Section IS NOT on the NHS,0,No Special Jurisdiction,45,45,43.79295556,43.79295556,-122.97893056,-122.97893056,53,Mail Box,0,The First Harmful Event was Not a Collision with a Motor Vehicle in Transport,0,No,1,Non-Junction,1,Not an Intersection,4,On Roadside,0,,6,Dark - Unknown Lighting,98,Not Reported,0,No,0000000,Not Applicable,20,8:00pm-8:59pm,51,51,21,9:00pm-9:59pm,13,13,88,Not Applicable (Not Transported),88,Not Applicable (Not Transported),1
41,Oregon,410426,1,1,2,2,0,3,3,51,MULTNOMAH (51),1650,PORTLAND,11,November,6,6,4,Wednesday,2024,23,11:00pm-11:59pm,26,26,N COLUMBIA BLVD,,0,Not Signed,2,Urban,3,Other Principal Arterial,4,City or Municipal Highway Agency,1,This Section IS ON the NHS,0,No Special Jurisdiction,0,,45.58351111,45.58351111,-122.67125,-122.67125,8,Pedestrian,0,The First Harmful Event was Not a Collision with a Motor Vehicle in Transport,0,No,1,Non-Junction,1,Not an Intersection,1,On Roadway,0,,3,Dark - Lighted,1,Clear,0,No,0000000,Not Applicable,23,11:00pm-11:59pm,26,26,99,Unknown EMS Scene Arrival Hour,99,Unknown EMS Scene Arrival Minutes,88,Not Applicable (Not Transported),88,Not Applicable (Not Transported),1
41,Oregon,410427,1,1,1,1,0,2,2,5,CLACKAMAS (5),2210,WEST LINN,11,November,7,7,5,Thursday,2024,7,7:00am-7:59am,51,51,ELMRAN DR,GLEN TER,0,Not Signed,2,Urban,7,Local,4,City or Municipal Highway Agency,0,This Section IS NOT on the NHS,0,No Special Jurisdiction,0,,45.39025833,45.39025833,-122.63426944,-122.63426944,8,Pedestrian,0,The First Harmful Event was Not a Collision with a Motor Vehicle in Transport,0,No,3,Intersection-Related,3,T-Intersection,1,On Roadway,0,,1,Daylight,1,Clear,0,No,0000000,Not Applicable,7,7:00am-7:59am,51,51,8,8:00am-8:59am,1,1,8,8:00am-8:59am,46,46,1
41,Oregon,410428,0,0,1,1,0,1,1,1,BAKER (1),0,NOT APPLICABLE,11,November,7,7,5,Thursday,2024,1,1:00am-1:59am,30,30,SR-86 ODOT 12,,3,State Highway,1,Rural,5,Major Collector,1,State Highway Agency,0,This Section IS NOT on the NHS,0,No Special Jurisdiction,279,279,44.8097,44.8097,-117.36039167,-117.36039167,17,Boulder,0,The First Harmful Event was Not a Collision with a Motor Vehicle in Transport,0,No,1,Non-Junction,1,Not an Intersection,4,On Roadside,0,,2,Dark - Not Lighted,1,Clear,0,No,0000000,Not Applicable,99,Unknown,99,Unknown,99,Unknown EMS Scene Arrival Hour,99,Unknown EMS Scene Arrival Minutes,88,Not Applicable (Not Transported),88,Not Applicable (Not Transported),1
41,Oregon,410429,0,0,2,2,0,5,5,17,DESCHUTES (17),0,NOT APPLICABLE,11,November,7,7,5,Thursday,2024,13,1:00pm-1:59pm,0,0,US-20 ODOT 7,,2,U.S. Highway,1,Rural,3,Other Principal Arterial,1,State Highway Agency,1,This Section IS ON the NHS,0,No Special Jurisdiction,199,199,43.91798889,43.91798889,-121.00855,-121.00855,12,Motor Vehicle In-Transport,2,Front-to-Front,0,No,8,Driveway Access Related,1,Not an Intersection,1,On Roadway,0,,1,Daylight,1,Clear,0,No,0000000,Not Applicable,13,1:00pm-1:59pm,2,2,13,1:00pm-1:59pm,15,15,88,Not Applicable (Not Transported),88,Not Applicable (Not Transported),1
41,Oregon,410430,1,1,1,1,0,1,1,43,LINN (43),0,NOT APPLICABLE,11,November,8,8,6,Friday,2024,2,2:00am-2:59am,22,22,I-5,,1,Interstate,1,Rural,1,Interstate,1,State Highway Agency,1,This Section IS ON the NHS,0,No Special Jurisdiction,2228,2228,44.47909444,44.47909444,-123.06176667,-123.06176667,8,Pedestrian,0,The First Harmful Event was Not a Collision with a Motor Vehicle in Transport,0,No,1,Non-Junction,1,Not an Intersection,1,On Roadway,0,,2,Dark - Not Lighted,5,"Fog, Smog, Smoke",0,No,0000000,Not Applicable,99,Unknown,99,Unknown,99,Unknown EMS Scene Arrival Hour,99,Unknown EMS Scene Arrival Minutes,88,Not Applicable (Not Transported),88,Not Applicable (Not Transported),1
41,Oregon,410431,0,0,2,2,0,2,2,43,LINN (43),950,HARRISBURG,11,November,8,8,6,Friday,2024,15,3:00pm-3:59pm,59,59,PEORIA RD,,0,Not Signed,1,Rural,5,Major Collector,2,County Highway Agency,0,This Section IS NOT on the NHS,0,No Special Jurisdiction,0,,44.28388611,44.28388611,-123.17445556,-123.17445556,12,Motor Vehicle In-Transport,2,Front-to-Front,0,No,1,Non-Junction,1,Not an Intersection,1,On Roadway,0,,1,Daylight,1,Clear,0,No,0000000,Not Applicable,15,3:00pm-3:59pm,59,59,16,4:00pm-4:59pm,1,1,99,Unknown,99,Unknown EMS Hospital Arrival Time,1
41,Oregon,410432,1,1,1,1,0,2,2,11,COOS (11),0,NOT APPLICABLE,11,November,8,8,6,Friday,2024,17,5:00pm-5:59pm,53,53,US-101 ODOT 9,,2,U.S. Highway,1,Rural,3,Other Principal Arterial,1,State Highway Agency,1,This Section IS ON the NHS,0,No Special Jurisdiction,2306,2306,43.47343889,43.47343889,-124.22399167,-124.22399167,8,Pedestrian,0,The First Harmful Event was Not a Collision with a Motor Vehicle in Transport,0,No,1,Non-Junction,1,Not an Intersection,1,On Roadway,0,,2,Dark - Not Lighted,1,Clear,0,No,0000000,Not Applicable,17,5:00pm-5:59pm,53,53,18,6:00pm-6:59pm,3,3,88,Not Applicable (Not Transported),88,Not Applicable (Not Transported),1
41,Oregon,410433,0,0,4,4,0,5,5,71,YAMHILL (71),1490,NEWBERG,11,November,9,9,7,Saturday,2024,7,7:00am-7:59am,42,42,SR-18 ODOT 39,,3,State Highway,2,Urban,2,Other Freeways and Expressways,1,State Highway Agency,1,This Section IS ON the NHS,0,No Special Jurisdiction,581,581,45.28591667,45.28591667,-122.97667778,-122.97667778,12,Motor Vehicle In-Transport,6,Angle,0,No,1,Non-Junction,1,Not an Intersection,1,On Roadway,0,,1,Daylight,5,"Fog, Smog, Smoke",0,No,0000000,Not Applicable,7,7:00am-7:59am,43,43,7,7:00am-7:59am,51,51,9,9:00am-9:59am,12,12,1
41,Oregon,410434,0,0,1,1,0,2,2,45,MALHEUR (45),0,NOT APPLICABLE,11,November,9,9,7,Saturday,2024,22,10:00pm-10:59pm,4,4,US-95 ODOT 456,,2,U.S. Highway,1,Rural,3,Other Principal Arterial,1,State Highway Agency,1,This Section IS ON the NHS,0,No Special Jurisdiction,85,85,43.14178889,43.14178889,-117.04431389,-117.04431389,59,Traffic Sign Support,0,The First Harmful Event was Not a Collision with a Motor Vehicle in Transport,0,No,1,Non-Junction,1,Not an Intersection,4,On Roadside,0,,2,Dark - Not Lighted,1,Clear,0,No,0000000,Not Applicable,22,10:00pm-10:59pm,14,14,23,11:00pm-11:59pm,15,15,99,Unknown,99,Unknown EMS Hospital Arrival Time,1
41,Oregon,410435,1,1,1,1,0,2,2,15,CURRY (15),0,NOT APPLICABLE,11,November,10,10,1,Sunday,2024,1,1:00am-1:59am,0,0,US-101 ODOT 9,,2,U.S. Highway,2,Urban,3,Other Principal Arterial,1,State Highway Agency,1,This Section IS ON the NHS,0,No Special Jurisdiction,3584,3584,42.051575,42.051575,-124.26121944,-124.26121944,8,Pedestrian,0,The First Harmful Event was Not a Collision with a Motor Vehicle in Transport,0,No,1,Non-Junction,1,Not an Intersection,1,On Roadway,0,,2,Dark - Not Lighted,1,Clear,0,No,0000000,Not Applicable,1,1:00am-1:59am,1,1,1,1:00am-1:59am,2,2,88,Not Applicable (Not Transported),88,Not Applicable (Not Transported),1
41,Oregon,410436,0,0,1,1,0,1,1,5,CLACKAMAS (5),0,NOT APPLICABLE,11,November,10,10,1,Sunday,2024,3,3:00am-3:59am,27,27,SR-224 ODOT 171,,3,State Highway,1,Rural,4,Minor Arterial,1,State Highway Agency,0,This Section IS NOT on the NHS,0,No Special Jurisdiction,142,142,45.39232778,45.39232778,-122.41713056,-122.41713056,42,Tree (Standing Only),0,The First Harmful Event was Not a Collision with a Motor Vehicle in Transport,0,No,1,Non-Junction,1,Not an Intersection,4,On Roadside,0,,2,Dark - Not Lighted,10,Cloudy,0,No,0000000,Not Applicable,3,3:00am-3:59am,31,31,3,3:00am-3:59am,40,40,88,Not Applicable (Not Transported),88,Not Applicable (Not Transported),1
41,Oregon,410437,0,0,2,2,0,4,4,29,JACKSON (29),1310,MEDFORD,11,November,10,10,1,Sunday,2024,11,11:00am-11:59am,40,40,SR-99 ODOT 63,ELLEN AVE,3,State Highway,2,Urban,3,Other Principal Arterial,1,State Highway Agency,1,This Section IS ON the NHS,0,No Special Jurisdiction,37,37,42.36138056,42.36138056,-122.90662778,-122.90662778,12,Motor Vehicle In-Transport,6,Angle,0,No,2,Intersection,3,T-Intersection,1,On Roadway,0,,1,Daylight,10,Cloudy,0,No,0000000,Not Applicable,11,11:00am-11:59am,45,45,11,11:00am-11:59am,51,51,99,Unknown,99,Unknown EMS Hospital Arrival Time,2
41,Oregon,410438,0,0,1,1,0,1,1,39,LANE (39),0,NOT APPLICABLE,11,November,12,12,3,Tuesday,2024,16,4:00pm-4:59pm,43,43,NORTHWEST EXPRESSWAY,,0,Not Signed,2,Urban,4,Minor Arterial,2,County Highway Agency,0,This Section IS NOT on the NHS,0,No Special Jurisdiction,3,3,44.06749722,44.06749722,-123.12437778,-123.12437778,38,Fence,0,The First Harmful Event was Not a Collision with a Motor Vehicle in Transport,0,No,1,Non-Junction,1,Not an Intersection,4,On Roadside,0,,1,Daylight,2,Rain,0,No,0000000,Not Applicable,16,4:00pm-4:59pm,43,43,16,4:00pm-4:59pm,47,47,88,Not Applicable (Not Transported),88,Not Applicable (Not Transported),1
41,Oregon,410439,0,0,1,1,0,1,1,51,MULTNOMAH (51),2090,TROUTDALE,11,November,12,12,3,Tuesday,2024,23,11:00pm-11:59pm,21,21,NE 238TH DR,,0,Not Signed,2,Urban,3,Other Principal Arterial,4,City or Municipal Highway Agency,0,This Section IS NOT on the NHS,0,No Special Jurisdiction,0,,45.53032222,45.53032222,-122.41305833,-122.41305833,33,Curb,0,The First Harmful Event was Not a Collision with a Motor Vehicle in Transport,0,No,1,Non-Junction,1,Not an Intersection,4,On Roadside,0,,3,Dark - Lighted,2,Rain,0,No,0000000,Not Applicable,23,11:00pm-11:59pm,21,21,23,11:00pm-11:59pm,23,23,88,Not Applicable (Not Transported),88,Not Applicable (Not Transported),1
41,Oregon,410440,0,0,1,1,0,1,1,37,LAKE (37),0,NOT APPLICABLE,8,August,25,25,1,Sunday,2024,19,7:00pm-7:59pm,24,24,WEST SIDE RD,,0,Not Signed,1,Rural,5,Major Collector,2,County Highway Agency,0,This Section IS NOT on the NHS,0,No Special Jurisdiction,111,111,42.08585,42.08585,-120.52299722,-120.52299722,1,Rollover/Overturn,0,The First Harmful Event was Not a Collision with a Motor Vehicle in Transport,0,No,1,Non-Junction,1,Not an Intersection,4,On Roadside,0,,6,Dark - Unknown Lighting,98,Not Reported,0,No,0000000,Not Applicable,99,Unknown,99,Unknown,99,Unknown EMS Scene Arrival Hour,99,Unknown EMS Scene Arrival Minutes,88,Not Applicable (Not Transported),88,Not Applicable (Not Transported),1
41,Oregon,410441,0,0,1,1,0,1,1,39,LANE (39),660,EUGENE,11,November,16,16,7,Saturday,2024,20,8:00pm-8:59pm,24,24,RAILROAD BLVD,,0,Not Signed,2,Urban,5,Major Collector,4,City or Municipal Highway Agency,0,This Section IS NOT on the NHS,0,No Special Jurisdiction,0,,44.05888889,44.05888889,-123.11066389,-123.11066389,30,Utility Pole/Light Support,0,The First Harmful Event was Not a Collision with a Motor Vehicle in Transport,0,No,1,Non-Junction,1,Not an Intersection,4,On Roadside,0,,3,Dark - Lighted,2,Rain,0,No,0000000,Not Applicable,20,8:00pm-8:59pm,25,25,20,8:00pm-8:59pm,29,29,20,8:00pm-8:59pm,43,43,1
41,Oregon,410443,0,0,2,2,0,2,2,11,COOS (11),0,NOT APPLICABLE,11,November,19,19,3,Tuesday,2024,11,11:00am-11:59am,56,56,US-101 ODOT 9,,2,U.S. Highway,1,Rural,3,Other Principal Arterial,1,State Highway Agency,1,This Section IS ON the NHS,0,No Special Jurisdiction,2554,2554,43.19295833,43.19295833,-124.34635556,-124.34635556,12,Motor Vehicle In-Transport,2,Front-to-Front,0,No,1,Non-Junction,1,Not an Intersection,1,On Roadway,0,,1,Daylight,10,Cloudy,0,No,0000000,Not Applicable,11,11:00am-11:59am,56,56,12,12:00pm-12:59pm,4,4,99,Unknown,99,Unknown EMS Hospital Arrival Time,1
41,Oregon,410444,0,0,1,1,0,2,2,17,DESCHUTES (17),190,BEND,6,June,15,15,7,Saturday,2024,17,5:00pm-5:59pm,14,14,SE CESSNA DR,,0,Not Signed,2,Urban,7,Local,4,City or Municipal Highway Agency,0,This Section IS NOT on the NHS,0,No Special Jurisdiction,0,,44.05005,44.05005,-121.276225,-121.276225,5,Fell/Jumped from Vehicle,0,The First Harmful Event was Not a Collision with a Motor Vehicle in Transport,0,No,1,Non-Junction,1,Not an Intersection,1,On Roadway,0,,8,Not Reported,98,Not Reported,0,No,0000000,Not Applicable,99,Unknown,99,Unknown,99,Unknown EMS Scene Arrival Hour,99,Unknown EMS Scene Arrival Minutes,99,Unknown,99,Unknown EMS Hospital Arrival Time,1
41,Oregon,410445,0,0,2,2,0,2,2,39,LANE (39),0,NOT APPLICABLE,6,June,4,4,3,Tuesday,2024,13,1:00pm-1:59pm,40,40,SR-99 ODOT 91,AWBREY LN,3,State Highway,2,Urban,4,Minor Arterial,1,State Highway Agency,0,This Section IS NOT on the NHS,0,No Special Jurisdiction,1158,1158,44.12778056,44.12778056,-123.19518056,-123.19518056,12,Motor Vehicle In-Transport,6,Angle,0,No,2,Intersection,2,Four-Way Intersection,1,On Roadway,0,,1,Daylight,1,Clear,0,No,0000000,Not Applicable,99,Unknown,99,Unknown,99,Unknown EMS Scene Arrival Hour,99,Unknown EMS Scene Arrival Minutes,99,Unknown,99,Unknown EMS Hospital Arrival Time,1
41,Oregon,410446,0,0,2,2,0,3,3,39,LANE (39),1960,SPRINGFIELD,6,June,20,20,5,Thursday,2024,13,1:00pm-1:59pm,9,9,GLENWOOD BLVD,E 17TH AVE,0,Not Signed,2,Urban,4,Minor Arterial,4,City or Municipal Highway Agency,0,This Section IS NOT on the NHS,0,No Special Jurisdiction,0,,44.04190833,44.04190833,-123.04241389,-123.04241389,12,Motor Vehicle In-Transport,6,Angle,0,No,2,Intersection,2,Four-Way Intersection,1,On Roadway,0,,1,Daylight,1,Clear,0,No,0000000,Not Applicable,13,1:00pm-1:59pm,9,9,13,1:00pm-1:59pm,14,14,99,Unknown,99,Unknown EMS Hospital Arrival Time,1
41,Oregon,410447,0,0,1,1,0,1,1,19,DOUGLAS (19),0,NOT APPLICABLE,6,June,30,30,1,Sunday,2024,13,1:00pm-1:59pm,39,39,OLD MELROSE RD,,0,Not Signed,2,Urban,5,Major Collector,2,County Highway Agency,0,This Section IS NOT on the NHS,0,No Special Jurisdiction,39,39,43.21615833,43.21615833,-123.41124167,-123.41124167,34,Ditch,0,The First Harmful Event was Not a Collision with a Motor Vehicle in Transport,0,No,1,Non-Junction,1,Not an Intersection,4,On Roadside,0,,1,Daylight,1,Clear,0,No,0000000,Not Applicable,13,1:00pm-1:59pm,40,40,13,1:00pm-1:59pm,52,52,14,2:00pm-2:59pm,18,18,1
41,Oregon,410448,0,0,1,1,0,2,2,41,LINCOLN (41),0,NOT APPLICABLE,7,July,8,8,2,Monday,2024,11,11:00am-11:59am,35,35,SR-18 ODOT 39,,3,State Highway,1,Rural,3,Other Principal Arterial,1,State Highway Agency,1,This Section IS ON the NHS,0,No Special Jurisdiction,30,30,45.00500833,45.00500833,-123.91233056,-123.91233056,1,Rollover/Overturn,0,The First Harmful Event was Not a Collision with a Motor Vehicle in Transport,0,No,1,Non-Junction,1,Not an Intersection,4,On Roadside,0,,1,Daylight,1,Clear,0,No,0000000,Not Applicable,11,11:00am-11:59am,42,42,11,11:00am-11:59am,49,49,13,1:00pm-1:59pm,7,7,1
41,Oregon,410449,1,1,1,1,0,2,2,67,WASHINGTON (67),0,NOT APPLICABLE,7,July,13,13,7,Saturday,2024,21,9:00pm-9:59pm,43,43,SW KINNAMAN RD,SW 175TH AVE,0,Not Signed,2,Urban,5,Major Collector,2,County Highway Agency,0,This Section IS NOT on the NHS,0,No Special Jurisdiction,0,,45.481825,45.481825,-122.85774722,-122.85774722,8,Pedestrian,0,The First Harmful Event was Not a Collision with a Motor Vehicle in Transport,0,No,3,Intersection-Related,3,T-Intersection,1,On Roadway,0,,5,Dusk,1,Clear,0,No,0000000,Not Applicable,21,9:00pm-9:59pm,44,44,21,9:00pm-9:59pm,48,48,22,10:00pm-10:59pm,20,20,1
41,Oregon,410450,1,1,1,1,0,1,1,39,LANE (39),660,EUGENE,8,August,2,2,6,Friday,2024,21,9:00pm-9:59pm,52,52,SR-99 HWY 99N,,3,State Highway,2,Urban,4,Minor Arterial,4,City or Municipal Highway Agency,1,This Section IS ON the NHS,0,No Special Jurisdiction,0,,44.06903056,44.06903056,-123.14193611,-123.14193611,8,Pedestrian,0,The First Harmful Event was Not a Collision with a Motor Vehicle in Transport,0,No,1,Non-Junction,1,Not an Intersection,1,On Roadway,0,,3,Dark - Lighted,1,Clear,0,No,0000000,Not Applicable,21,9:00pm-9:59pm,52,52,21,9:00pm-9:59pm,57,57,22,10:00pm-10:59pm,0,0,1
41,Oregon,410451,0,0,1,1,0,1,1,65,WASCO (65),0,NOT APPLICABLE,8,August,28,28,4,Wednesday,2024,19,7:00pm-7:59pm,25,25,WAMIC MARKET RD,,0,Not Signed,1,Rural,5,Major Collector,2,County Highway Agency,0,This Section IS NOT on the NHS,0,No Special Jurisdiction,1,1,45.24523333,45.24523333,-121.17349722,-121.17349722,53,Mail Box,0,The First Harmful Event was Not a Collision with a Motor Vehicle in Transport,0,No,1,Non-Junction,1,Not an Intersection,4,On Roadside,0,,8,Not Reported,98,Not Reported,0,No,0000000,Not Applicable,99,Unknown,99,Unknown,99,Unknown EMS Scene Arrival Hour,99,Unknown EMS Scene Arrival Minutes,88,Not Applicable (Not Transported),88,Not Applicable (Not Transported),1
41,Oregon,410452,1,1,1,1,0,3,3,51,MULTNOMAH (51),1650,PORTLAND,9,September,6,6,6,Friday,2024,20,8:00pm-8:59pm,36,36,SE DIVISION ST,,0,Not Signed,2,Urban,3,Other Principal Arterial,4,City or Municipal Highway Agency,1,This Section IS ON the NHS,0,No Special Jurisdiction,0,,45.50448889,45.50448889,-122.50069444,-122.50069444,8,Pedestrian,0,The First Harmful Event was Not a Collision with a Motor Vehicle in Transport,0,No,1,Non-Junction,1,Not an Intersection,1,On Roadway,0,,3,Dark - Lighted,1,Clear,0,No,0000000,Not Applicable,20,8:00pm-8:59pm,37,37,20,8:00pm-8:59pm,42,42,99,Unknown,99,Unknown EMS Hospital Arrival Time,1
41,Oregon,410453,0,0,1,1,0,1,1,63,WALLOWA (63),0,NOT APPLICABLE,9,September,13,13,6,Friday,2024,22,10:00pm-10:59pm,29,29,HURRICAN CREEK RD,,0,Not Signed,1,Rural,5,Major Collector,2,County Highway Agency,0,This Section IS NOT on the NHS,0,No Special Jurisdiction,45,45,45.35968056,45.35968056,-117.27131389,-117.27131389,11,Live Animal,0,The First Harmful Event was Not a Collision with a Motor Vehicle in Transport,0,No,1,Non-Junction,1,Not an Intersection,1,On Roadway,0,,6,Dark - Unknown Lighting,98,Not Reported,0,No,0000000,Not Applicable,99,Unknown,99,Unknown,99,Unknown EMS Scene Arrival Hour,99,Unknown EMS Scene Arrival Minutes,88,Not Applicable (Not Transported),88,Not Applicable (Not Transported),1
41,Oregon,410454,1,1,1,1,0,1,1,51,MULTNOMAH (51),880,GRESHAM,9,September,16,16,2,Monday,2024,1,1:00am-1:59am,26,26,SE STARK ST,,0,Not Signed,2,Urban,4,Minor Arterial,4,City or Municipal Highway Agency,0,This Section IS NOT on the NHS,0,No Special Jurisdiction,0,,45.51917222,45.51917222,-122.49363611,-122.49363611,8,Pedestrian,0,The First Harmful Event was Not a Collision with a Motor Vehicle in Transport,0,No,1,Non-Junction,1,Not an Intersection,1,On Roadway,1,Construction,3,Dark - Lighted,1,Clear,0,No,0000000,Not Applicable,99,Unknown,99,Unknown,99,Unknown EMS Scene Arrival Hour,99,Unknown EMS Scene Arrival Minutes,88,Not Applicable (Not Transported),88,Not Applicable (Not Transported),1
41,Oregon,410455,1,1,1,1,0,1,1,29,JACKSON (29),1310,MEDFORD,10,October,25,25,6,Friday,2024,6,6:00am-6:59am,13,13,E TENTH ST,,0,Not Signed,2,Urban,5,Major Collector,4,City or Municipal Highway Agency,0,This Section IS NOT on the NHS,0,No Special Jurisdiction,0,,42.32471389,42.32471389,-122.86602778,-122.86602778,8,Pedestrian,0,The First Harmful Event was Not a Collision with a Motor Vehicle in Transport,0,No,1,Non-Junction,1,Not an Intersection,1,On Roadway,0,,2,Dark - Not Lighted,1,Clear,0,No,0000000,Not Applicable,99,Unknown,99,Unknown,99,Unknown EMS Scene Arrival Hour,99,Unknown EMS Scene Arrival Minutes,99,Unknown,99,Unknown EMS Hospital Arrival Time,1
41,Oregon,410456,0,0,1,1,0,1,1,51,MULTNOMAH (51),1650,PORTLAND,11,November,20,20,4,Wednesday,2024,20,8:00pm-8:59pm,15,15,NE AIRPORT WY,,0,Not Signed,2,Urban,4,Minor Arterial,4,City or Municipal Highway Agency,0,This Section IS NOT on the NHS,0,No Special Jurisdiction,0,,45.562025,45.562025,-122.52006944,-122.52006944,93,Unknown Fixed Object,0,The First Harmful Event was Not a Collision with a Motor Vehicle in Transport,0,No,1,Non-Junction,1,Not an Intersection,4,On Roadside,0,,3,Dark - Lighted,10,Cloudy,0,No,0000000,Not Applicable,99,Unknown,99,Unknown,99,Unknown EMS Scene Arrival Hour,99,Unknown EMS Scene Arrival Minutes,88,Not Applicable (Not Transported),88,Not Applicable (Not Transported),1
41,Oregon,410457,0,0,2,2,0,3,3,43,LINN (43),0,NOT APPLICABLE,11,November,22,22,6,Friday,2024,16,4:00pm-4:59pm,59,59,SR-228 ODOT 212,,3,State Highway,1,Rural,4,Minor Arterial,1,State Highway Agency,0,This Section IS NOT on the NHS,0,No Special Jurisdiction,158,158,44.35251944,44.35251944,-122.80401111,-122.80401111,12,Motor Vehicle In-Transport,2,Front-to-Front,0,No,1,Non-Junction,1,Not an Intersection,1,On Roadway,0,,2,Dark - Not Lighted,1,Clear,0,No,0000000,Not Applicable,17,5:00pm-5:59pm,0,0,17,5:00pm-5:59pm,9,9,18,6:00pm-6:59pm,3,3,1
41,Oregon,410458,1,1,1,1,0,2,2,39,LANE (39),0,NOT APPLICABLE,11,November,23,23,7,Saturday,2024,20,8:00pm-8:59pm,9,9,US-101 ODOT 9,,2,U.S. Highway,2,Urban,3,Other Principal Arterial,1,State Highway Agency,1,This Section IS ON the NHS,0,No Special Jurisdiction,1922,1922,43.94975,43.94975,-124.10429444,-124.10429444,8,Pedestrian,0,The First Harmful Event was Not a Collision with a Motor Vehicle in Transport,0,No,1,Non-Junction,1,Not an Intersection,1,On Roadway,0,,2,Dark - Not Lighted,2,Rain,0,No,0000000,Not Applicable,20,8:00pm-8:59pm,10,10,20,8:00pm-8:59pm,15,15,88,Not Applicable (Not Transported),88,Not Applicable (Not Transported),1
41,Oregon,410459,1,1,1,1,0,1,1,67,WASHINGTON (67),0,NOT APPLICABLE,11,November,5,5,3,Tuesday,2024,15,3:00pm-3:59pm,46,46,SW FARMINGTON RD,,0,Not Signed,2,Urban,3,Other Principal Arterial,4,City or Municipal Highway Agency,1,This Section IS ON the NHS,0,No Special Jurisdiction,0,,45.48524167,45.48524167,-122.83205556,-122.83205556,8,Pedestrian,0,The First Harmful Event was Not a Collision with a Motor Vehicle in Transport,0,No,1,Non-Junction,1,Not an Intersection,4,On Roadside,0,,1,Daylight,98,Not Reported,0,No,0000000,Not Applicable,15,3:00pm-3:59pm,46,46,15,3:00pm-3:59pm,55,55,16,4:00pm-4:59pm,34,34,1
41,Oregon,410460,0,0,1,1,0,1,1,47,MARION (47),0,NOT APPLICABLE,11,November,18,18,2,Monday,2024,21,9:00pm-9:59pm,3,3,ABIQUA RD NE,,0,Not Signed,1,Rural,6,Minor Collector,2,County Highway Agency,0,This Section IS NOT on the NHS,0,No Special Jurisdiction,3,3,45.03838056,45.03838056,-122.74343333,-122.74343333,30,Utility Pole/Light Support,0,The First Harmful Event was Not a Collision with a Motor Vehicle in Transport,0,No,1,Non-Junction,1,Not an Intersection,4,On Roadside,0,,2,Dark - Not Lighted,2,Rain,0,No,0000000,Not Applicable,21,9:00pm-9:59pm,4,4,21,9:00pm-9:59pm,7,7,99,Unknown,99,Unknown EMS Hospital Arrival Time,1
41,Oregon,410461,1,1,1,1,0,1,1,67,WASHINGTON (67),410,CORNELIUS,11,November,19,19,3,Tuesday,2024,16,4:00pm-4:59pm,48,48,SR-8 ODOT 29,FRED MEYER CORNELIUS ENTR,3,State Highway,2,Urban,3,Other Principal Arterial,1,State Highway Agency,1,This Section IS ON the NHS,0,No Special Jurisdiction,159,159,45.52012222,45.52012222,-123.04374444,-123.04374444,15,Non-Motorist on Personal Conveyance,0,The First Harmful Event was Not a Collision with a Motor Vehicle in Transport,0,No,3,Intersection-Related,3,T-Intersection,1,On Roadway,0,,3,Dark - Lighted,2,Rain,0,No,0000000,Not Applicable,16,4:00pm-4:59pm,49,49,16,4:00pm-4:59pm,56,56,88,Not Applicable (Not Transported),88,Not Applicable (Not Transported),1
41,Oregon,410462,0,0,2,2,0,2,2,11,COOS (11),0,NOT APPLICABLE,11,November,25,25,2,Monday,2024,11,11:00am-11:59am,47,47,SR-42 ODOT 35,,3,State Highway,1,Rural,3,Other Principal Arterial,1,State Highway Agency,1,This Section IS ON the NHS,0,No Special Jurisdiction,104,104,43.18048333,43.18048333,-124.20134444,-124.20134444,12,Motor Vehicle In-Transport,6,Angle,0,No,1,Non-Junction,1,Not an Intersection,1,On Roadway,0,,1,Daylight,2,Rain,0,No,0000000,Not Applicable,11,11:00am-11:59am,47,47,12,12:00pm-12:59pm,1,1,99,Unknown,99,Unknown EMS Hospital Arrival Time,1
41,Oregon,410463,0,0,1,1,0,1,1,35,KLAMATH (35),0,NOT APPLICABLE,10,October,26,26,7,Saturday,2024,21,9:00pm-9:59pm,11,11,SILVER LAKE RD,,0,Not Signed,1,Rural,5,Major Collector,2,County Highway Agency,0,This Section IS NOT on the NHS,0,No Special Jurisdiction,138,138,42.91338056,42.91338056,-121.58324167,-121.58324167,34,Ditch,0,The First Harmful Event was Not a Collision with a Motor Vehicle in Transport,0,No,1,Non-Junction,1,Not an Intersection,4,On Roadside,0,,2,Dark - Not Lighted,1,Clear,0,No,0000000,Not Applicable,99,Unknown,99,Unknown,99,Unknown EMS Scene Arrival Hour,99,Unknown EMS Scene Arrival Minutes,88,Not Applicable (Not Transported),88,Not Applicable (Not Transported),1
41,Oregon,410464,0,0,1,1,0,1,1,43,LINN (43),0,NOT APPLICABLE,10,October,31,31,5,Thursday,2024,11,11:00am-11:59am,5,5,NORTHERN DR,,0,Not Signed,1,Rural,6,Minor Collector,2,County Highway Agency,0,This Section IS NOT on the NHS,0,No Special Jurisdiction,40,40,44.38844167,44.38844167,-122.93570833,-122.93570833,42,Tree (Standing Only),0,The First Harmful Event was Not a Collision with a Motor Vehicle in Transport,0,No,1,Non-Junction,1,Not an Intersection,4,On Roadside,0,,1,Daylight,1,Clear,0,No,0000000,Not Applicable,11,11:00am-11:59am,10,10,11,11:00am-11:59am,18,18,12,12:00pm-12:59pm,1,1,1
41,Oregon,410465,0,0,2,2,0,2,2,51,MULTNOMAH (51),1650,PORTLAND,11,November,13,13,4,Wednesday,2024,5,5:00am-5:59am,3,3,NE AIRPORT WAY,NE MASON CT,0,Not Signed,2,Urban,4,Minor Arterial,4,City or Municipal Highway Agency,0,This Section IS NOT on the NHS,0,No Special Jurisdiction,0,,45.55380278,45.55380278,-122.48949722,-122.48949722,12,Motor Vehicle In-Transport,6,Angle,0,No,2,Intersection,2,Four-Way Intersection,1,On Roadway,0,,3,Dark - Lighted,2,Rain,0,No,0000000,Not Applicable,5,5:00am-5:59am,4,4,5,5:00am-5:59am,11,11,5,5:00am-5:59am,52,52,1
41,Oregon,410466,0,0,1,1,0,1,1,47,MARION (47),0,NOT APPLICABLE,11,November,22,22,6,Friday,2024,18,6:00pm-6:59pm,49,49,MT ANGEL GERVAIS RD,,0,Not Signed,1,Rural,6,Minor Collector,2,County Highway Agency,0,This Section IS NOT on the NHS,0,No Special Jurisdiction,18,18,45.08575833,45.08575833,-122.83372222,-122.83372222,42,Tree (Standing Only),0,The First Harmful Event was Not a Collision with a Motor Vehicle in Transport,0,No,1,Non-Junction,1,Not an Intersection,4,On Roadside,0,,2,Dark - Not Lighted,2,Rain,0,No,0000000,Not Applicable,18,6:00pm-6:59pm,49,49,18,6:00pm-6:59pm,56,56,88,Not Applicable (Not Transported),88,Not Applicable (Not Transported),1
41,Oregon,410467,0,0,2,2,0,2,2,59,UMATILLA (59),0,NOT APPLICABLE,11,November,25,25,2,Monday,2024,13,1:00pm-1:59pm,19,19,US-730 ODOT 2,,2,U.S. Highway,1,Rural,3,Other Principal Arterial,1,State Highway Agency,1,This Section IS ON the NHS,0,No Special Jurisdiction,1800,1800,45.909975,45.909975,-119.4046,-119.4046,12,Motor Vehicle In-Transport,2,Front-to-Front,0,No,1,Non-Junction,1,Not an Intersection,1,On Roadway,0,,1,Daylight,1,Clear,0,No,0000000,Not Applicable,13,1:00pm-1:59pm,23,23,13,1:00pm-1:59pm,34,34,99,Unknown,99,Unknown EMS Hospital Arrival Time,1
41,Oregon,410468,0,0,3,3,0,3,3,5,CLACKAMAS (5),0,NOT APPLICABLE,11,November,27,27,4,Wednesday,2024,17,5:00pm-5:59pm,10,10,SR-213 ODOT 160,,3,State Highway,1,Rural,4,Minor Arterial,1,State Highway Agency,0,This Section IS NOT on the NHS,0,No Special Jurisdiction,106,106,45.22598333,45.22598333,-122.5817,-122.5817,12,Motor Vehicle In-Transport,2,Front-to-Front,0,No,1,Non-Junction,1,Not an Intersection,1,On Roadway,0,,1,Daylight,1,Clear,0,No,0000000,Not Applicable,17,5:00pm-5:59pm,18,18,17,5:00pm-5:59pm,32,32,18,6:00pm-6:59pm,3,3,1
41,Oregon,410469,0,0,2,2,0,4,4,51,MULTNOMAH (51),1650,PORTLAND,11,November,27,27,4,Wednesday,2024,21,9:00pm-9:59pm,20,20,SR-99 ODOT 91,SW TERWILLIGER BLVD,3,State Highway,2,Urban,3,Other Principal Arterial,1,State Highway Agency,1,This Section IS ON the NHS,0,No Special Jurisdiction,40,40,45.47113333,45.47113333,-122.68546389,-122.68546389,12,Motor Vehicle In-Transport,6,Angle,0,No,2,Intersection,2,Four-Way Intersection,1,On Roadway,0,,3,Dark - Lighted,10,Cloudy,0,No,0000000,Not Applicable,21,9:00pm-9:59pm,21,21,21,9:00pm-9:59pm,25,25,21,9:00pm-9:59pm,54,54,2
41,Oregon,410470,0,0,3,3,0,5,5,51,MULTNOMAH (51),1650,PORTLAND,11,November,28,28,5,Thursday,2024,18,6:00pm-6:59pm,1,1,US-30 ODOT 123,,2,U.S. Highway,2,Urban,3,Other Principal Arterial,1,State Highway Agency,1,This Section IS ON the NHS,0,No Special Jurisdiction,66,66,45.57651111,45.57651111,-122.65134167,-122.65134167,12,Motor Vehicle In-Transport,2,Front-to-Front,0,No,1,Non-Junction,1,Not an Intersection,1,On Roadway,0,,3,Dark - Lighted,10,Cloudy,0,No,0000000,Not Applicable,18,6:00pm-6:59pm,3,3,18,6:00pm-6:59pm,17,17,18,6:00pm-6:59pm,31,31,2
41,Oregon,410471,0,0,2,2,0,3,3,5,CLACKAMAS (5),0,NOT APPLICABLE,11,November,29,29,6,Friday,2024,6,6:00am-6:59am,59,59,SR-213 ODOT 160,,3,State Highway,1,Rural,4,Minor Arterial,1,State Highway Agency,0,This Section IS NOT on the NHS,0,No Special Jurisdiction,93,93,45.24078333,45.24078333,-122.58691111,-122.58691111,12,Motor Vehicle In-Transport,8,Sideswipe - Opposite Direction,0,No,1,Non-Junction,1,Not an Intersection,1,On Roadway,0,,1,Daylight,10,Cloudy,0,No,0000000,Not Applicable,6,6:00am-6:59am,57,57,7,7:00am-7:59am,1,1,99,Unknown,99,Unknown EMS Hospital Arrival Time,1
41,Oregon,410473,0,0,2,2,0,3,3,5,CLACKAMAS (5),0,NOT APPLICABLE,11,November,29,29,6,Friday,2024,15,3:00pm-3:59pm,32,32,S CLACKAMAS RIVER DR,,0,Not Signed,2,Urban,5,Major Collector,2,County Highway Agency,0,This Section IS NOT on the NHS,0,No Special Jurisdiction,27,27,45.39523889,45.39523889,-122.54816944,-122.54816944,12,Motor Vehicle In-Transport,2,Front-to-Front,0,No,1,Non-Junction,1,Not an Intersection,1,On Roadway,0,,1,Daylight,1,Clear,0,No,0000000,Not Applicable,15,3:00pm-3:59pm,33,33,15,3:00pm-3:59pm,45,45,99,Unknown,99,Unknown EMS Hospital Arrival Time,1
41,Oregon,410474,0,0,3,3,0,6,6,7,CLATSOP (7),0,NOT APPLICABLE,11,November,30,30,7,Saturday,2024,15,3:00pm-3:59pm,46,46,US-101 ODOT 9,,2,U.S. Highway,1,Rural,3,Other Principal Arterial,1,State Highway Agency,1,This Section IS ON the NHS,0,No Special Jurisdiction,324,324,45.84540833,45.84540833,-123.95945,-123.95945,12,Motor Vehicle In-Transport,7,Sideswipe - Same Direction,0,No,1,Non-Junction,1,Not an Intersection,1,On Roadway,0,,1,Daylight,10,Cloudy,0,No,0000000,Not Applicable,15,3:00pm-3:59pm,46,46,15,3:00pm-3:59pm,50,50,88,Not Applicable (Not Transported),88,Not Applicable (Not Transported),1
41,Oregon,410475,0,0,1,1,0,2,2,51,MULTNOMAH (51),1650,PORTLAND,11,November,30,30,7,Saturday,2024,22,10:00pm-10:59pm,8,8,N MARINE DR,N LEADBETTER RD,0,Not Signed,2,Urban,4,Minor Arterial,4,City or Municipal Highway Agency,1,This Section IS ON the NHS,0,No Special Jurisdiction,0,,45.63613611,45.63613611,-122.75585,-122.75585,1,Rollover/Overturn,0,The First Harmful Event was Not a Collision with a Motor Vehicle in Transport,0,No,2,Intersection,2,Four-Way Intersection,1,On Roadway,0,,3,Dark - Lighted,10,Cloudy,0,No,0000000,Not Applicable,99,Unknown,99,Unknown,99,Unknown EMS Scene Arrival Hour,99,Unknown EMS Scene Arrival Minutes,88,Not Applicable (Not Transported),88,Not Applicable (Not Transported),1
41,Oregon,410476,0,0,2,2,0,5,5,71,YAMHILL (71),0,NOT APPLICABLE,12,December,1,1,1,Sunday,2024,9,9:00am-9:59am,35,35,SR-18 ODOT 39,,3,State Highway,1,Rural,3,Other Principal Arterial,1,State Highway Agency,1,This Section IS ON the NHS,0,No Special Jurisdiction,525,525,45.23615278,45.23615278,-123.06376944,-123.06376944,12,Motor Vehicle In-Transport,1,Front-to-Rear,0,No,1,Non-Junction,1,Not an Intersection,1,On Roadway,0,,1,Daylight,98,Not Reported,0,No,0000000,Not Applicable,9,9:00am-9:59am,38,38,9,9:00am-9:59am,43,43,99,Unknown,99,Unknown EMS Hospital Arrival Time,1
41,Oregon,410477,0,1,2,1,1,2,1,19,DOUGLAS (19),0,NOT APPLICABLE,12,December,2,2,2,Monday,2024,23,11:00pm-11:59pm,43,43,I-5,,1,Interstate,1,Rural,1,Interstate,1,State Highway Agency,1,This Section IS ON the NHS,0,No Special Jurisdiction,1616,1616,43.70377222,43.70377222,-123.20575,-123.20575,14,Parked Motor Vehicle,0,The First Harmful Event was Not a Collision with a Motor Vehicle in Transport,0,No,1,Non-Junction,1,Not an Intersection,2,On Shoulder,0,,2,Dark - Not Lighted,1,Clear,0,No,0000000,Not Applicable,23,11:00pm-11:59pm,43,43,23,11:00pm-11:59pm,43,43,88,Not Applicable (Not Transported),88,Not Applicable (Not Transported),1
41,Oregon,410478,0,0,1,1,0,1,1,23,GRANT (23),0,NOT APPLICABLE,12,December,3,3,3,Tuesday,2024,8,8:00am-8:59am,0,0,US-26 ODOT 5,,2,U.S. Highway,1,Rural,3,Other Principal Arterial,1,State Highway Agency,1,This Section IS ON the NHS,0,No Special Jurisdiction,1281,1281,44.48973333,44.48973333,-119.58438889,-119.58438889,41,Shrubbery,0,The First Harmful Event was Not a Collision with a Motor Vehicle in Transport,0,No,1,Non-Junction,1,Not an Intersection,4,On Roadside,0,,1,Daylight,5,"Fog, Smog, Smoke",0,No,0000000,Not Applicable,8,8:00am-8:59am,6,6,8,8:00am-8:59am,40,40,88,Not Applicable (Not Transported),88,Not Applicable (Not Transported),1
41,Oregon,410479,0,0,2,2,0,3,3,19,DOUGLAS (19),0,NOT APPLICABLE,12,December,4,4,4,Wednesday,2024,14,2:00pm-2:59pm,2,2,SR-138 ODOT 138,,3,State Highway,1,Rural,4,Minor Arterial,1,State Highway Agency,0,This Section IS NOT on the NHS,0,No Special Jurisdiction,171,171,43.30329722,43.30329722,-123.08692222,-123.08692222,12,Motor Vehicle In-Transport,6,Angle,0,No,8,Driveway Access Related,1,Not an Intersection,1,On Roadway,0,,1,Daylight,1,Clear,0,No,0000000,Not Applicable,14,2:00pm-2:59pm,2,2,14,2:00pm-2:59pm,5,5,88,Not Applicable (Not Transported),88,Not Applicable (Not Transported),1
41,Oregon,410480,1,1,1,1,0,1,1,51,MULTNOMAH (51),1650,PORTLAND,12,December,4,4,4,Wednesday,2024,6,6:00am-6:59am,48,48,SE DIVISION ST,SE 109TH AVE,0,Not Signed,2,Urban,3,Other Principal Arterial,4,City or Municipal Highway Agency,1,This Section IS ON the NHS,0,No Special Jurisdiction,0,,45.50420278,45.50420278,-122.551475,-122.551475,8,Pedestrian,0,The First Harmful Event was Not a Collision with a Motor Vehicle in Transport,0,No,3,Intersection-Related,3,T-Intersection,1,On Roadway,0,,3,Dark - Lighted,1,Clear,0,No,0000000,Not Applicable,99,Unknown,99,Unknown,99,Unknown EMS Scene Arrival Hour,99,Unknown EMS Scene Arrival Minutes,88,Not Applicable (Not Transported),88,Not Applicable (Not Transported),1
41,Oregon,410481,0,0,1,1,0,1,1,23,GRANT (23),0,NOT APPLICABLE,9,September,6,6,6,Friday,2024,15,3:00pm-3:59pm,55,55,MIDDLE FORK LN,,0,Not Signed,1,Rural,5,Major Collector,2,County Highway Agency,0,This Section IS NOT on the NHS,0,No Special Jurisdiction,350,350,44.80333333,44.80333333,-118.97138889,-118.97138889,11,Live Animal,0,The First Harmful Event was Not a Collision with a Motor Vehicle in Transport,0,No,1,Non-Junction,1,Not an Intersection,1,On Roadway,0,,1,Daylight,98,Not Reported,0,No,0000000,Not Applicable,99,Unknown,99,Unknown,99,Unknown EMS Scene Arrival Hour,99,Unknown EMS Scene Arrival Minutes,88,Not Applicable (Not Transported),88,Not Applicable (Not Transported),1
41,Oregon,410484,0,0,2,2,0,6,6,39,LANE (39),0,NOT APPLICABLE,12,December,7,7,7,Saturday,2024,15,3:00pm-3:59pm,57,57,RIVER RD,BEACON DR,0,Not Signed,2,Urban,4,Minor Arterial,2,County Highway Agency,0,This Section IS NOT on the NHS,0,No Special Jurisdiction,73,73,44.13235278,44.13235278,-123.14468333,-123.14468333,12,Motor Vehicle In-Transport,6,Angle,0,No,2,Intersection,2,Four-Way Intersection,1,On Roadway,0,,1,Daylight,2,Rain,0,No,0000000,Not Applicable,15,3:00pm-3:59pm,57,57,16,4:00pm-4:59pm,5,5,99,Unknown,99,Unknown EMS Hospital Arrival Time,1
41,Oregon,410485,0,0,1,1,0,1,1,47,MARION (47),0,NOT APPLICABLE,12,December,8,8,1,Sunday,2024,7,7:00am-7:59am,13,13,SR-22 ODOT 162,,3,State Highway,1,Rural,3,Other Principal Arterial,1,State Highway Agency,1,This Section IS ON the NHS,0,No Special Jurisdiction,151,151,44.80399444,44.80399444,-122.75901667,-122.75901667,42,Tree (Standing Only),0,The First Harmful Event was Not a Collision with a Motor Vehicle in Transport,0,No,1,Non-Junction,1,Not an Intersection,4,On Roadside,0,,4,Dawn,2,Rain,0,No,0000000,Not Applicable,7,7:00am-7:59am,13,13,7,7:00am-7:59am,16,16,7,7:00am-7:59am,34,34,1
41,Oregon,410486,2,2,1,1,0,1,1,59,UMATILLA (59),1610,PENDLETON,12,December,8,8,1,Sunday,2024,10,10:00am-10:59am,9,9,I-84,,1,Interstate,2,Urban,1,Interstate,1,State Highway Agency,1,This Section IS ON the NHS,0,No Special Jurisdiction,2105,2105,45.66235556,45.66235556,-118.786875,-118.786875,8,Pedestrian,0,The First Harmful Event was Not a Collision with a Motor Vehicle in Transport,0,No,1,Non-Junction,1,Not an Intersection,2,On Shoulder,0,,1,Daylight,10,Cloudy,0,No,0000000,Not Applicable,10,10:00am-10:59am,10,10,10,10:00am-10:59am,14,14,99,Unknown,99,Unknown EMS Hospital Arrival Time,2
41,Oregon,410487,0,0,1,1,0,1,1,67,WASHINGTON (67),0,NOT APPLICABLE,12,December,5,5,5,Thursday,2024,22,10:00pm-10:59pm,14,14,SW MINTER BRIDGE RD,,0,Not Signed,2,Urban,4,Minor Arterial,2,County Highway Agency,0,This Section IS NOT on the NHS,0,No Special Jurisdiction,0,,45.48661944,45.48661944,-122.97961389,-122.97961389,38,Fence,0,The First Harmful Event was Not a Collision with a Motor Vehicle in Transport,0,No,1,Non-Junction,1,Not an Intersection,4,On Roadside,0,,2,Dark - Not Lighted,1,Clear,0,No,0000000,Not Applicable,22,10:00pm-10:59pm,14,14,22,10:00pm-10:59pm,19,19,88,Not Applicable (Not Transported),88,Not Applicable (Not Transported),1
41,Oregon,410488,1,1,1,1,0,1,1,51,MULTNOMAH (51),880,GRESHAM,12,December,7,7,7,Saturday,2024,0,0:00am-0:59am,27,27,NE BURNSIDE RD,,0,Not Signed,2,Urban,3,Other Principal Arterial,4,City or Municipal Highway Agency,1,This Section IS ON the NHS,0,No Special Jurisdiction,0,,45.50671389,45.50671389,-122.42139444,-122.42139444,8,Pedestrian,0,The First Harmful Event was Not a Collision with a Motor Vehicle in Transport,0,No,1,Non-Junction,1,Not an Intersection,1,On Roadway,0,,2,Dark - Not Lighted,10,Cloudy,0,No,0000000,Not Applicable,0,0:00am-0:59am,27,27,0,0:00am-0:59am,31,31,88,Not Applicable (Not Transported),88,Not Applicable (Not Transported),1
41,Oregon,410489,1,1,1,1,0,1,1,27,HOOD RIVER (27),1020,HOOD RIVER,12,December,9,9,2,Monday,2024,17,5:00pm-5:59pm,11,11,I-84,,1,Interstate,2,Urban,1,Interstate,1,State Highway Agency,1,This Section IS ON the NHS,0,No Special Jurisdiction,646,646,45.71050556,45.71050556,-121.49735556,-121.49735556,8,Pedestrian,0,The First Harmful Event was Not a Collision with a Motor Vehicle in Transport,0,No,1,Non-Junction,1,Not an Intersection,1,On Roadway,0,,2,Dark - Not Lighted,10,Cloudy,0,No,0000000,Not Applicable,17,5:00pm-5:59pm,14,14,17,5:00pm-5:59pm,23,23,88,Not Applicable (Not Transported),88,Not Applicable (Not Transported),1
41,Oregon,410490,0,0,2,2,0,2,2,29,JACKSON (29),0,NOT APPLICABLE,12,December,13,13,6,Friday,2024,10,10:00am-10:59am,53,53,I-5,,1,Interstate,2,Urban,1,Interstate,1,State Highway Agency,1,This Section IS ON the NHS,0,No Special Jurisdiction,335,335,42.38640278,42.38640278,-122.91445278,-122.91445278,12,Motor Vehicle In-Transport,1,Front-to-Rear,0,No,1,Non-Junction,1,Not an Intersection,1,On Roadway,0,,1,Daylight,2,Rain,0,No,0000000,Not Applicable,10,10:00am-10:59am,53,53,99,Unknown EMS Scene Arrival Hour,99,Unknown EMS Scene Arrival Minutes,88,Not Applicable (Not Transported),88,Not Applicable (Not Transported),1
41,Oregon,410491,0,0,2,2,0,3,3,43,LINN (43),0,NOT APPLICABLE,11,November,26,26,3,Tuesday,2024,14,2:00pm-2:59pm,9,9,KNOX BUTTE RD NE,SCRAVEL HILL RD NE,0,Not Signed,2,Urban,5,Major Collector,2,County Highway Agency,0,This Section IS NOT on the NHS,0,No Special Jurisdiction,17,17,44.64664167,44.64664167,-123.02576111,-123.02576111,12,Motor Vehicle In-Transport,6,Angle,0,No,2,Intersection,2,Four-Way Intersection,1,On Roadway,0,,1,Daylight,1,Clear,0,No,0000000,Not Applicable,14,2:00pm-2:59pm,10,10,14,2:00pm-2:59pm,18,18,14,2:00pm-2:59pm,50,50,1
41,Oregon,410492,0,0,1,1,0,1,1,59,UMATILLA (59),1610,PENDLETON,12,December,5,5,5,Thursday,2024,21,9:00pm-9:59pm,54,54,SW HAILEY AVE,,0,Not Signed,2,Urban,5,Major Collector,4,City or Municipal Highway Agency,0,This Section IS NOT on the NHS,0,No Special Jurisdiction,0,,45.65995,45.65995,-118.8124,-118.8124,39,Wall,0,The First Harmful Event was Not a Collision with a Motor Vehicle in Transport,0,No,1,Non-Junction,1,Not an Intersection,4,On Roadside,0,,3,Dark - Lighted,1,Clear,0,No,0000000,Not Applicable,21,9:00pm-9:59pm,54,54,21,9:00pm-9:59pm,54,54,99,Unknown,99,Unknown EMS Hospital Arrival Time,1
41,Oregon,410493,1,1,1,1,0,2,2,51,MULTNOMAH (51),1650,PORTLAND,12,December,15,15,1,Sunday,2024,8,8:00am-8:59am,59,59,US-26 POWELL BLVD ODOT 26,,2,U.S. Highway,2,Urban,3,Other Principal Arterial,1,State Highway Agency,1,This Section IS ON the NHS,0,No Special Jurisdiction,49,49,45.49738889,45.49738889,-122.58011111,-122.58011111,8,Pedestrian,0,The First Harmful Event was Not a Collision with a Motor Vehicle in Transport,0,No,8,Driveway Access Related,1,Not an Intersection,1,On Roadway,0,,1,Daylight,98,Not Reported,0,No,0000000,Not Applicable,8,8:00am-8:59am,59,59,9,9:00am-9:59am,3,3,9,9:00am-9:59am,31,31,1
41,Oregon,410494,1,1,1,1,0,1,1,43,LINN (43),0,NOT APPLICABLE,12,December,17,17,3,Tuesday,2024,6,6:00am-6:59am,32,32,I-5,,1,Interstate,1,Rural,1,Interstate,1,State Highway Agency,1,This Section IS ON the NHS,0,No Special Jurisdiction,2167,2167,44.39100278,44.39100278,-123.06151944,-123.06151944,8,Pedestrian,0,The First Harmful Event was Not a Collision with a Motor Vehicle in Transport,0,No,1,Non-Junction,1,Not an Intersection,1,On Roadway,0,,2,Dark - Not Lighted,2,Rain,0,No,0000000,Not Applicable,6,6:00am-6:59am,32,32,6,6:00am-6:59am,45,45,88,Not Applicable (Not Transported),88,Not Applicable (Not Transported),1
41,Oregon,410495,0,0,2,2,0,3,3,31,JEFFERSON (31),0,NOT APPLICABLE,12,December,12,12,5,Thursday,2024,18,6:00pm-6:59pm,52,52,US-97 ODOT 4,,2,U.S. Highway,1,Rural,3,Other Principal Arterial,1,State Highway Agency,1,This Section IS ON the NHS,0,No Special Jurisdiction,1012,1012,44.55341389,44.55341389,-121.16766111,-121.16766111,12,Motor Vehicle In-Transport,6,Angle,0,No,1,Non-Junction,1,Not an Intersection,1,On Roadway,0,,2,Dark - Not Lighted,4,Snow,0,No,0000000,Not Applicable,6,6:00am-6:59am,52,52,6,6:00am-6:59am,57,57,99,Unknown,99,Unknown EMS Hospital Arrival Time,1
41,Oregon,410496,0,0,3,3,0,3,3,7,CLATSOP (7),0,NOT APPLICABLE,12,December,19,19,5,Thursday,2024,18,6:00pm-6:59pm,4,4,US-30 ODOT 92,,2,U.S. Highway,1,Rural,3,Other Principal Arterial,1,State Highway Agency,1,This Section IS ON the NHS,0,No Special Jurisdiction,775,775,46.17180278,46.17180278,-123.49035278,-123.49035278,12,Motor Vehicle In-Transport,7,Sideswipe - Same Direction,0,No,1,Non-Junction,1,Not an Intersection,1,On Roadway,0,,3,Dark - Lighted,10,Cloudy,0,No,0000000,Not Applicable,18,6:00pm-6:59pm,5,5,18,6:00pm-6:59pm,31,31,99,Unknown,99,Unknown EMS Hospital Arrival Time,1
41,Oregon,410497,1,1,1,1,0,1,1,17,DESCHUTES (17),0,NOT APPLICABLE,12,December,20,20,6,Friday,2024,4,4:00am-4:59am,13,13,US-97 ODOT 4,,2,U.S. Highway,1,Rural,3,Other Principal Arterial,1,State Highway Agency,1,This Section IS ON the NHS,0,No Special Jurisdiction,1274,1274,44.19487222,44.19487222,-121.23328611,-121.23328611,8,Pedestrian,0,The First Harmful Event was Not a Collision with a Motor Vehicle in Transport,0,No,1,Non-Junction,1,Not an Intersection,1,On Roadway,0,,2,Dark - Not Lighted,1,Clear,0,No,0000000,Not Applicable,99,Unknown,99,Unknown,99,Unknown EMS Scene Arrival Hour,99,Unknown EMS Scene Arrival Minutes,88,Not Applicable (Not Transported),88,Not Applicable (Not Transported),1
41,Oregon,410498,0,0,1,1,0,2,2,43,LINN (43),0,NOT APPLICABLE,12,December,21,21,7,Saturday,2024,2,2:00am-2:59am,10,10,RIVERSIDE DR,,0,Not Signed,1,Rural,5,Major Collector,2,County Highway Agency,0,This Section IS NOT on the NHS,0,No Special Jurisdiction,20,20,44.61499444,44.61499444,-123.15779167,-123.15779167,42,Tree (Standing Only),0,The First Harmful Event was Not a Collision with a Motor Vehicle in Transport,0,No,1,Non-Junction,1,Not an Intersection,4,On Roadside,0,,2,Dark - Not Lighted,5,"Fog, Smog, Smoke",0,No,0000000,Not Applicable,2,2:00am-2:59am,10,10,2,2:00am-2:59am,25,25,3,3:00am-3:59am,0,0,1
41,Oregon,410499,0,0,2,2,0,3,3,51,MULTNOMAH (51),0,NOT APPLICABLE,12,December,21,21,7,Saturday,2024,11,11:00am-11:59am,35,35,I-84,,1,Interstate,1,Rural,1,Interstate,1,State Highway Agency,1,This Section IS ON the NHS,0,No Special Jurisdiction,244,244,45.54285833,45.54285833,-122.24773889,-122.24773889,12,Motor Vehicle In-Transport,2,Front-to-Front,0,No,1,Non-Junction,1,Not an Intersection,1,On Roadway,0,,1,Daylight,2,Rain,0,No,0000000,Not Applicable,11,11:00am-11:59am,40,40,11,11:00am-11:59am,55,55,12,12:00pm-12:59pm,49,49,1
41,Oregon,410500,0,0,1,1,0,4,4,43,LINN (43),0,NOT APPLICABLE,12,December,22,22,1,Sunday,2024,0,0:00am-0:59am,4,4,SR-CENTURY DR FRONTAGE,,3,State Highway,2,Urban,5,Major Collector,1,State Highway Agency,0,This Section IS NOT on the NHS,0,No Special Jurisdiction,2355,2355,44.66326389,44.66326389,-123.05895556,-123.05895556,1,Rollover/Overturn,0,The First Harmful Event was Not a Collision with a Motor Vehicle in Transport,0,No,1,Non-Junction,1,Not an Intersection,1,On Roadway,0,,2,Dark - Not Lighted,10,Cloudy,0,No,0000000,Not Applicable,0,0:00am-0:59am,4,4,0,0:00am-0:59am,12,12,0,0:00am-0:59am,45,45,2
41,Oregon,410501,0,0,2,2,0,7,7,35,KLAMATH (35),0,NOT APPLICABLE,12,December,22,22,1,Sunday,2024,7,7:00am-7:59am,52,52,US-97 ODOT 4,,2,U.S. Highway,1,Rural,3,Other Principal Arterial,1,State Highway Agency,1,This Section IS ON the NHS,0,No Special Jurisdiction,2342,2342,42.77536111,42.77536111,-121.83687222,-121.83687222,12,Motor Vehicle In-Transport,6,Angle,0,No,1,Non-Junction,1,Not an Intersection,1,On Roadway,0,,1,Daylight,10,Cloudy,0,No,0000000,Not Applicable,7,7:00am-7:59am,52,52,8,8:00am-8:59am,16,16,99,Unknown,99,Unknown EMS Hospital Arrival Time,4
41,Oregon,410502,0,0,1,1,0,4,4,19,DOUGLAS (19),0,NOT APPLICABLE,12,December,21,21,7,Saturday,2024,4,4:00am-4:59am,2,2,I-5,,1,Interstate,1,Rural,1,Interstate,1,State Highway Agency,1,This Section IS ON the NHS,0,No Special Jurisdiction,1013,1013,42.947725,42.947725,-123.32179167,-123.32179167,24,Guardrail Face,0,The First Harmful Event was Not a Collision with a Motor Vehicle in Transport,0,No,1,Non-Junction,1,Not an Intersection,4,On Roadside,0,,2,Dark - Not Lighted,2,Rain,0,No,0000000,Not Applicable,4,4:00am-4:59am,2,2,4,4:00am-4:59am,15,15,5,5:00am-5:59am,6,6,1
41,Oregon,410503,0,0,2,2,0,3,3,39,LANE (39),660,EUGENE,11,November,29,29,6,Friday,2024,13,1:00pm-1:59pm,30,30,W 18TH AVE,LAWRENCE ST,0,Not Signed,2,Urban,4,Minor Arterial,4,City or Municipal Highway Agency,0,This Section IS NOT on the NHS,0,No Special Jurisdiction,0,,44.04010278,44.04010278,-123.09840833,-123.09840833,12,Motor Vehicle In-Transport,6,Angle,0,No,2,Intersection,2,Four-Way Intersection,1,On Roadway,0,,1,Daylight,1,Clear,0,No,0000000,Not Applicable,13,1:00pm-1:59pm,30,30,13,1:00pm-1:59pm,34,34,13,1:00pm-1:59pm,43,43,1
41,Oregon,410504,0,0,1,1,0,1,1,29,JACKSON (29),0,NOT APPLICABLE,12,December,23,23,2,Monday,2024,1,1:00am-1:59am,13,13,ANDERSON CREEK RD,,0,Not Signed,2,Urban,7,Local,2,County Highway Agency,0,This Section IS NOT on the NHS,0,No Special Jurisdiction,5,5,42.22547778,42.22547778,-122.80386111,-122.80386111,42,Tree (Standing Only),0,The First Harmful Event was Not a Collision with a Motor Vehicle in Transport,0,No,1,Non-Junction,1,Not an Intersection,4,On Roadside,0,,2,Dark - Not Lighted,1,Clear,0,No,0000000,Not Applicable,1,1:00am-1:59am,30,30,1,1:00am-1:59am,30,30,88,Not Applicable (Not Transported),88,Not Applicable (Not Transported),1
41,Oregon,410505,0,0,2,2,0,8,8,43,LINN (43),0,NOT APPLICABLE,12,December,23,23,2,Monday,2024,15,3:00pm-3:59pm,2,2,SR-22 ODOT 162,US-20 ODOT 16,3,State Highway,1,Rural,3,Other Principal Arterial,1,State Highway Agency,1,This Section IS ON the NHS,0,No Special Jurisdiction,818,818,44.43655556,44.43655556,-121.93906667,-121.93906667,12,Motor Vehicle In-Transport,2,Front-to-Front,0,No,2,Intersection,3,T-Intersection,1,On Roadway,0,,1,Daylight,10,Cloudy,0,No,0000000,Not Applicable,15,3:00pm-3:59pm,2,2,15,3:00pm-3:59pm,17,17,99,Unknown,99,Unknown EMS Hospital Arrival Time,1
41,Oregon,410506,1,1,1,1,0,1,1,53,POLK (53),1810,SALEM,12,December,23,23,2,Monday,2024,20,8:00pm-8:59pm,33,33,EDGEWATER ST NW,MURLARK AVE NW,0,Not Signed,2,Urban,4,Minor Arterial,4,City or Municipal Highway Agency,0,This Section IS NOT on the NHS,0,No Special Jurisdiction,0,,44.94351667,44.94351667,-123.05192778,-123.05192778,8,Pedestrian,0,The First Harmful Event was Not a Collision with a Motor Vehicle in Transport,0,No,3,Intersection-Related,3,T-Intersection,1,On Roadway,0,,2,Dark - Not Lighted,2,Rain,0,No,0000000,Not Applicable,20,8:00pm-8:59pm,35,35,20,8:00pm-8:59pm,40,40,88,Not Applicable (Not Transported),88,Not Applicable (Not Transported),1
41,Oregon,410507,0,0,2,2,0,4,4,43,LINN (43),0,NOT APPLICABLE,12,December,24,24,3,Tuesday,2024,1,1:00am-1:59am,30,30,I-5,,1,Interstate,2,Urban,1,Interstate,1,State Highway Agency,1,This Section IS ON the NHS,0,No Special Jurisdiction,2353,2353,44.66255556,44.66255556,-123.05933889,-123.05933889,12,Motor Vehicle In-Transport,2,Front-to-Front,0,No,1,Non-Junction,1,Not an Intersection,1,On Roadway,0,,2,Dark - Not Lighted,2,Rain,0,No,0000000,Not Applicable,1,1:00am-1:59am,33,33,1,1:00am-1:59am,50,50,99,Unknown,99,Unknown EMS Hospital Arrival Time,2
41,Oregon,410508,0,0,2,2,0,2,2,37,LAKE (37),0,NOT APPLICABLE,12,December,26,26,5,Thursday,2024,4,4:00am-4:59am,25,25,US-20 ODOT 7,,2,U.S. Highway,1,Rural,3,Other Principal Arterial,1,State Highway Agency,1,This Section IS ON the NHS,0,No Special Jurisdiction,795,795,43.59091389,43.59091389,-119.96855278,-119.96855278,12,Motor Vehicle In-Transport,8,Sideswipe - Opposite Direction,0,No,1,Non-Junction,1,Not an Intersection,1,On Roadway,0,,2,Dark - Not Lighted,4,Snow,0,No,0000000,Not Applicable,4,4:00am-4:59am,33,33,6,6:00am-6:59am,1,1,88,Not Applicable (Not Transported),88,Not Applicable (Not Transported),1
41,Oregon,410509,0,0,2,2,0,2,2,17,DESCHUTES (17),0,NOT APPLICABLE,12,December,27,27,6,Friday,2024,16,4:00pm-4:59pm,57,57,US-97 ODOT 4,,2,U.S. Highway,2,Urban,3,Other Principal Arterial,1,State Highway Agency,1,This Section IS ON the NHS,0,No Special Jurisdiction,1175,1175,44.32553333,44.32553333,-121.17591667,-121.17591667,12,Motor Vehicle In-Transport,2,Front-to-Front,0,No,1,Non-Junction,1,Not an Intersection,1,On Roadway,0,,3,Dark - Lighted,1,Clear,0,No,0000000,Not Applicable,16,4:00pm-4:59pm,57,57,17,5:00pm-5:59pm,5,5,18,6:00pm-6:59pm,16,16,1
41,Oregon,410510,0,0,2,2,0,2,2,5,CLACKAMAS (5),0,NOT APPLICABLE,12,December,27,27,6,Friday,2024,17,5:00pm-5:59pm,17,17,SR-224 ODOT 171,,3,State Highway,1,Rural,4,Minor Arterial,1,State Highway Agency,0,This Section IS NOT on the NHS,0,No Special Jurisdiction,146,146,45.38915,45.38915,-122.40733611,-122.40733611,12,Motor Vehicle In-Transport,6,Angle,0,No,8,Driveway Access Related,1,Not an Intersection,1,On Roadway,0,,3,Dark - Lighted,2,Rain,0,No,0000000,Not Applicable,17,5:00pm-5:59pm,17,17,17,5:00pm-5:59pm,26,26,88,Not Applicable (Not Transported),88,Not Applicable (Not Transported),1
41,Oregon,410511,0,0,2,2,0,3,3,67,WASHINGTON (67),2065,TIGARD,12,December,30,30,2,Monday,2024,0,0:00am-0:59am,35,35,SR-99 ODOT 91,SW PACIFIC HWY FRONTAGE RD,3,State Highway,2,Urban,3,Other Principal Arterial,1,State Highway Agency,1,This Section IS ON the NHS,0,No Special Jurisdiction,105,105,45.41648889,45.41648889,-122.78958056,-122.78958056,12,Motor Vehicle In-Transport,6,Angle,0,No,2,Intersection,3,T-Intersection,1,On Roadway,0,,3,Dark - Lighted,2,Rain,0,No,0000000,Not Applicable,99,Unknown,99,Unknown,99,Unknown EMS Scene Arrival Hour,99,Unknown EMS Scene Arrival Minutes,88,Not Applicable (Not Transported),88,Not Applicable (Not Transported),1
41,Oregon,410512,0,1,2,1,1,2,1,19,DOUGLAS (19),0,NOT APPLICABLE,12,December,28,28,7,Saturday,2024,22,10:00pm-10:59pm,47,47,I-5,,1,Interstate,1,Rural,1,Interstate,1,State Highway Agency,1,This Section IS ON the NHS,0,No Special Jurisdiction,915,915,42.8449,42.8449,-123.25254444,-123.25254444,14,Parked Motor Vehicle,0,The First Harmful Event was Not a Collision with a Motor Vehicle in Transport,0,No,1,Non-Junction,1,Not an Intersection,1,On Roadway,0,,2,Dark - Not Lighted,2,Rain,0,No,0000000,Not Applicable,22,10:00pm-10:59pm,46,46,23,11:00pm-11:59pm,29,29,99,Unknown,99,Unknown EMS Hospital Arrival Time,1
41,Oregon,410513,1,1,1,1,0,1,1,47,MARION (47),2260,WOODBURN,12,December,26,26,5,Thursday,2024,20,8:00pm-8:59pm,47,47,SR-99 ODOT 81,,3,State Highway,2,Urban,3,Other Principal Arterial,1,State Highway Agency,1,This Section IS ON the NHS,0,No Special Jurisdiction,322,322,45.14423889,45.14423889,-122.83753333,-122.83753333,8,Pedestrian,0,The First Harmful Event was Not a Collision with a Motor Vehicle in Transport,0,No,1,Non-Junction,1,Not an Intersection,1,On Roadway,0,,3,Dark - Lighted,2,Rain,0,No,0000000,Not Applicable,12,12:00pm-12:59pm,48,48,12,12:00pm-12:59pm,51,51,99,Unknown,99,Unknown EMS Hospital Arrival Time,1
41,Oregon,410514,1,1,1,1,0,2,2,67,WASHINGTON (67),180,BEAVERTON,12,December,22,22,1,Sunday,2024,18,6:00pm-6:59pm,36,36,SW ALLEN BLVD,,0,Not Signed,2,Urban,4,Minor Arterial,4,City or Municipal Highway Agency,0,This Section IS NOT on the NHS,0,No Special Jurisdiction,0,,45.47656389,45.47656389,-122.80206389,-122.80206389,8,Pedestrian,0,The First Harmful Event was Not a Collision with a Motor Vehicle in Transport,0,No,1,Non-Junction,1,Not an Intersection,1,On Roadway,0,,3,Dark - Lighted,2,Rain,0,No,0000000,Not Applicable,18,6:00pm-6:59pm,37,37,18,6:00pm-6:59pm,47,47,19,7:00pm-7:59pm,13,13,1
41,Oregon,410515,1,1,1,1,0,1,1,39,LANE (39),660,EUGENE,12,December,19,19,5,Thursday,2024,16,4:00pm-4:59pm,49,49,W 11TH AVE,,0,Not Signed,2,Urban,4,Minor Arterial,4,City or Municipal Highway Agency,0,This Section IS NOT on the NHS,0,No Special Jurisdiction,0,,44.04768611,44.04768611,-123.09343056,-123.09343056,8,Pedestrian,0,The First Harmful Event was Not a Collision with a Motor Vehicle in Transport,0,No,4,Driveway Access,1,Not an Intersection,1,On Roadway,0,,1,Daylight,1,Clear,0,No,0000000,Not Applicable,16,4:00pm-4:59pm,51,51,16,4:00pm-4:59pm,55,55,17,5:00pm-5:59pm,2,2,1
41,Oregon,410516,0,0,1,1,0,1,1,39,LANE (39),0,NOT APPLICABLE,10,October,11,11,6,Friday,2024,99,Unknown Hours,99,Unknown Minutes,RIDGEWAY RD,,0,Not Signed,1,Rural,6,Minor Collector,2,County Highway Agency,0,This Section IS NOT on the NHS,0,No Special Jurisdiction,16,16,43.98574444,43.98574444,-122.94528889,-122.94528889,11,Live Animal,0,The First Harmful Event was Not a Collision with a Motor Vehicle in Transport,0,No,1,Non-Junction,1,Not an Intersection,1,On Roadway,0,,8,Not Reported,98,Not Reported,0,No,0000000,Not Applicable,99,Unknown,99,Unknown,99,Unknown EMS Scene Arrival Hour,99,Unknown EMS Scene Arrival Minutes,88,Not Applicable (Not Transported),88,Not Applicable (Not Transported),1
41,Oregon,410517,1,1,1,1,0,1,1,47,MARION (47),0,NOT APPLICABLE,12,December,30,30,2,Monday,2024,17,5:00pm-5:59pm,55,55,JEFFERSON SCIO DR SE,,0,Not Signed,1,Rural,5,Major Collector,2,County Highway Agency,0,This Section IS NOT on the NHS,0,No Special Jurisdiction,16,16,44.70780556,44.70780556,-122.98844167,-122.98844167,8,Pedestrian,0,The First Harmful Event was Not a Collision with a Motor Vehicle in Transport,0,No,1,Non-Junction,1,Not an Intersection,1,On Roadway,0,,2,Dark - Not Lighted,1,Clear,0,No,0000000,Not Applicable,99,Unknown,99,Unknown,99,Unknown EMS Scene Arrival Hour,99,Unknown EMS Scene Arrival Minutes,99,Unknown,99,Unknown EMS Hospital Arrival Time,1
41,Oregon,410518,0,0,2,2,0,2,2,33,JOSEPHINE (33),0,NOT APPLICABLE,9,September,27,27,6,Friday,2024,19,7:00pm-7:59pm,32,32,GALICE RD,,0,Not Signed,1,Rural,6,Minor Collector,2,County Highway Agency,0,This Section IS NOT on the NHS,0,No Special Jurisdiction,188,188,42.64833889,42.64833889,-123.58560278,-123.58560278,12,Motor Vehicle In-Transport,2,Front-to-Front,0,No,1,Non-Junction,1,Not an Intersection,1,On Roadway,0,,8,Not Reported,98,Not Reported,0,No,0000000,Not Applicable,99,Unknown,99,Unknown,99,Unknown EMS Scene Arrival Hour,99,Unknown EMS Scene Arrival Minutes,99,Unknown,99,Unknown EMS Hospital Arrival Time,1
41,Oregon,410519,0,0,1,1,0,1,1,39,LANE (39),0,NOT APPLICABLE,10,October,9,9,4,Wednesday,2024,13,1:00pm-1:59pm,47,47,WILLOW CREEK RD,,0,Not Signed,2,Urban,7,Local,2,County Highway Agency,0,This Section IS NOT on the NHS,0,No Special Jurisdiction,29,29,44.03065,44.03065,-123.19716389,-123.19716389,42,Tree (Standing Only),0,The First Harmful Event was Not a Collision with a Motor Vehicle in Transport,0,No,1,Non-Junction,1,Not an Intersection,4,On Roadside,0,,1,Daylight,10,Cloudy,0,No,0000000,Not Applicable,13,1:00pm-1:59pm,47,47,13,1:00pm-1:59pm,56,56,14,2:00pm-2:59pm,25,25,1
41,Oregon,410520,0,0,2,1,1,1,1,47,MARION (47),1810,SALEM,10,October,10,10,5,Thursday,2024,15,3:00pm-3:59pm,54,54,LOCUST ST NE,,0,Not Signed,2,Urban,7,Local,4,City or Municipal Highway Agency,0,This Section IS NOT on the NHS,0,No Special Jurisdiction,0,,44.96423333,44.96423333,-123.02400556,-123.02400556,14,Parked Motor Vehicle,0,The First Harmful Event was Not a Collision with a Motor Vehicle in Transport,0,No,1,Non-Junction,1,Not an Intersection,2,On Shoulder,0,,1,Daylight,1,Clear,0,No,0000000,Not Applicable,99,Unknown,99,Unknown,99,Unknown EMS Scene Arrival Hour,99,Unknown EMS Scene Arrival Minutes,99,Unknown,99,Unknown EMS Hospital Arrival Time,1
41,Oregon,410521,0,0,1,1,0,1,1,31,JEFFERSON (31),0,NOT APPLICABLE,11,November,2,2,7,Saturday,2024,21,9:00pm-9:59pm,30,30,SW BELMONT LN,,0,Not Signed,1,Rural,5,Major Collector,2,County Highway Agency,0,This Section IS NOT on the NHS,0,No Special Jurisdiction,34,34,44.62153889,44.62153889,-121.19762778,-121.19762778,39,Wall,0,The First Harmful Event was Not a Collision with a Motor Vehicle in Transport,0,No,1,Non-Junction,1,Not an Intersection,4,On Roadside,0,,2,Dark - Not Lighted,98,Not Reported,0,No,0000000,Not Applicable,88,Not Applicable (Not Notified),88,Not Applicable (Not Notified),88,Not Applicable,88,Not Applicable,88,Not Applicable (Not Transported),88,Not Applicable (Not Transported),1
41,Oregon,410522,0,0,1,1,0,1,1,35,KLAMATH (35),0,NOT APPLICABLE,11,November,5,5,3,Tuesday,2024,16,4:00pm-4:59pm,30,30,SEVEN MILE RD,,0,Not Signed,1,Rural,5,Major Collector,2,County Highway Agency,0,This Section IS NOT on the NHS,0,No Special Jurisdiction,19,19,42.66830833,42.66830833,-122.03048056,-122.03048056,30,Utility Pole/Light Support,0,The First Harmful Event was Not a Collision with a Motor Vehicle in Transport,0,No,1,Non-Junction,1,Not an Intersection,4,On Roadside,0,,2,Dark - Not Lighted,1,Clear,0,No,0000000,Not Applicable,16,4:00pm-4:59pm,27,27,16,4:00pm-4:59pm,29,29,99,Unknown,99,Unknown EMS Hospital Arrival Time,1
41,Oregon,410523,1,1,1,1,0,2,2,67,WASHINGTON (67),180,BEAVERTON,11,November,15,15,6,Friday,2024,18,6:00pm-6:59pm,24,24,SR-10 ODOT 40,,3,State Highway,2,Urban,3,Other Principal Arterial,1,State Highway Agency,1,This Section IS ON the NHS,0,No Special Jurisdiction,15,15,45.48657222,45.48657222,-122.78187222,-122.78187222,8,Pedestrian,0,The First Harmful Event was Not a Collision with a Motor Vehicle in Transport,0,No,1,Non-Junction,1,Not an Intersection,1,On Roadway,0,,3,Dark - Lighted,98,Not Reported,0,No,0000000,Not Applicable,18,6:00pm-6:59pm,24,24,18,6:00pm-6:59pm,24,24,99,Unknown,99,Unknown EMS Hospital Arrival Time,1
41,Oregon,410524,1,1,1,1,0,2,2,39,LANE (39),1960,SPRINGFIELD,11,November,30,30,7,Saturday,2024,20,8:00pm-8:59pm,48,48,SR-126 ODOT 15,58TH ST,3,State Highway,2,Urban,3,Other Principal Arterial,1,State Highway Agency,1,This Section IS ON the NHS,0,No Special Jurisdiction,64,64,44.04572778,44.04572778,-122.92699444,-122.92699444,15,Non-Motorist on Personal Conveyance,0,The First Harmful Event was Not a Collision with a Motor Vehicle in Transport,0,No,3,Intersection-Related,2,Four-Way Intersection,1,On Roadway,0,,3,Dark - Lighted,5,"Fog, Smog, Smoke",0,No,0000000,Not Applicable,20,8:00pm-8:59pm,48,48,20,8:00pm-8:59pm,51,51,99,Unknown,99,Unknown EMS Hospital Arrival Time,1
41,Oregon,410525,1,1,1,1,0,2,2,39,LANE (39),1960,SPRINGFIELD,12,December,5,5,5,Thursday,2024,17,5:00pm-5:59pm,39,39,SR-225 FRANKLIN BLVD,,3,State Highway,2,Urban,4,Minor Arterial,1,State Highway Agency,0,This Section IS NOT on the NHS,0,No Special Jurisdiction,0,,44.04394167,44.04394167,-123.03044167,-123.03044167,8,Pedestrian,0,The First Harmful Event was Not a Collision with a Motor Vehicle in Transport,0,No,1,Non-Junction,1,Not an Intersection,1,On Roadway,0,,3,Dark - Lighted,5,"Fog, Smog, Smoke",0,No,0000000,Not Applicable,17,5:00pm-5:59pm,39,39,99,Unknown EMS Scene Arrival Hour,99,Unknown EMS Scene Arrival Minutes,99,Unknown,99,Unknown EMS Hospital Arrival Time,1
41,Oregon,410527,1,1,1,1,0,1,1,51,MULTNOMAH (51),1650,PORTLAND,12,December,20,20,6,Friday,2024,20,8:00pm-8:59pm,37,37,NE BROADWAY RD,NE 15TH AVE,0,Not Signed,2,Urban,4,Minor Arterial,4,City or Municipal Highway Agency,0,This Section IS NOT on the NHS,0,No Special Jurisdiction,0,,45.53504167,45.53504167,-122.65043611,-122.65043611,8,Pedestrian,0,The First Harmful Event was Not a Collision with a Motor Vehicle in Transport,0,No,3,Intersection-Related,2,Four-Way Intersection,1,On Roadway,0,,3,Dark - Lighted,1,Clear,0,No,0000000,Not Applicable,99,Unknown,99,Unknown,99,Unknown EMS Scene Arrival Hour,99,Unknown EMS Scene Arrival Minutes,99,Unknown,99,Unknown EMS Hospital Arrival Time,1
