STATE,STATENAME,ST_CASE,VE_TOTAL,VE_FORMS,PVH_INVL,PEDS,PERSONS,PERMVIT,PERNOTMVIT,COUNTY,CITY,DAY,DAYNAME,MONTH,MONTHNAME,YEAR,DAY_WEEK,DAY_WEEKNAME,HOUR,HOURNAME,MINUTE,MINUTENAME,NHS,NHSNAME,ROUTE,ROUTENAME,TWAY_ID,TWAY_ID2,RUR_URB,RUR_URBNAME,FUNC_SYS,FUNC_SYSNAME,RD_OWNER,RD_OWNERNAME,MILEPT,MILEPTNAME,LATITUDE,LATITUDENAME,LONGITUD,LONGITUDNAME,SP_JUR,SP_JURNAME,HARM_EV,HARM_EVNAME,MAN_COLL,MAN_COLLNAME,RELJCT1,RELJCT1NAME,RELJCT2,RELJCT2NAME,TYP_INT,TYP_INTNAME,WRK_ZONE,WRK_ZONENAME,REL_ROAD,REL_ROADNAME,LGT_COND,LGT_CONDNAME,WEATHER1,WEATHER1NAME,WEATHER2,WEATHER2NAME,WEATHER,WEATHERNAME,SCH_BUS,SCH_BUSNAME,RAIL,RAILNAME,NOT_HOUR,NOT_HOURNAME,NOT_MIN,NOT_MINNAME,ARR_HOUR,ARR_HOURNAME,ARR_MIN,ARR_MINNAME,HOSP_HR,HOSP_HRNAME,HOSP_MN,HOSP_MNNAME,CF1,CF1NAME,CF2,CF2NAME,CF3,CF3NAME,FATALS,DRUNK_DR
41,Oregon,410001,1,1,0,1,1,1,1,71,1890,1,1,1,January,2015,5,Thursday,6,6:00am-6:59am,55,55,0,This section IS NOT on the NHS,3,State Highway,SR-18B (ODOT 157),,2,Urban,5,Major Collector,4,City or Municipal Highway Agency,59,59,45.0962,45.0962,-123.4242972,-123.42429722,0,No Special Jurisdiction,15,Non-Motorist on Personal Conveyance,0,Not a Collision with Motor Vehicle In-Transport,0,No,1,Non-Junction,1,Not an Intersection,0,,1,On Roadway,3,Dark - Lighted,1,Clear,0,No Additional Atmospheric Conditions,1,Clear,0,No,0000000,Not Applicable,6,6:00am-6:59am,56,56,7,7:00am-7:59am,3,3,88,Not Applicable (Not Transported),88,Not Applicable (Not Transported),0,,0,,0,,1,0
41,Oregon,410002,2,2,0,0,3,3,0,43,0,1,1,1,January,2015,5,Thursday,19,7:00pm-7:59pm,0,0,1,This section IS ON the NHS,3,State Highway,SR-34 (ODOT 210),,1,Rural,3,Principal Arterial - Other,1,State Highway Agency,120,120,44.55538889,44.55538889,-123.0301944,-123.03019444,0,No Special Jurisdiction,12,Motor Vehicle In-Transport,2,Front-to-Front,0,No,1,Non-Junction,1,Not an Intersection,0,,1,On Roadway,2,Dark - Not Lighted,1,Clear,0,No Additional Atmospheric Conditions,1,Clear,0,No,0000000,Not Applicable,18,6:00pm-6:59pm,59,59,19,7:00pm-7:59pm,7,7,99,Unknown,99,Unknown EMS Hospital Arrival Time,0,,0,,0,,2,0
41,Oregon,410003,1,1,0,1,1,1,1,51,1650,1,1,1,January,2015,5,Thursday,18,6:00pm-6:59pm,7,7,1,This section IS ON the NHS,2,U.S. Highway,US-26 (ODOT 26),SE 126TH PL,2,Urban,3,Principal Arterial - Other,1,State Highway Agency,74,74,45.47661667,45.47661667,-122.5346667,-122.53466667,0,No Special Jurisdiction,8,Pedestrian,0,Not a Collision with Motor Vehicle In-Transport,0,No,3,Intersection-Related,3,T-Intersection,0,,1,On Roadway,2,Dark - Not Lighted,1,Clear,0,No Additional Atmospheric Conditions,1,Clear,0,No,0000000,Not Applicable,18,6:00pm-6:59pm,7,7,18,6:00pm-6:59pm,13,13,18,6:00pm-6:59pm,41,41,0,,0,,0,,1,0
41,Oregon,410004,2,2,0,0,3,3,0,67,0,4,4,1,January,2015,1,Sunday,10,10:00am-10:59am,35,35,0,This section IS NOT on the NHS,4,County Road,CR-NW SUSBAUER RD,,2,Urban,5,Major Collector,2,County Highway Agency,0,,45.53831111,45.53831111,-123.0423361,-123.04233611,0,No Special Jurisdiction,12,Motor Vehicle In-Transport,2,Front-to-Front,0,No,1,Non-Junction,1,Not an Intersection,0,,1,On Roadway,1,Daylight,2,Rain,10,Cloudy,2,Rain,0,No,0000000,Not Applicable,10,10:00am-10:59am,36,36,10,10:00am-10:59am,40,40,11,11:00am-11:59am,22,22,0,,0,,0,,1,0
41,Oregon,410005,2,2,0,0,4,4,0,67,0,6,6,1,January,2015,3,Tuesday,7,7:00am-7:59am,55,55,0,This section IS NOT on the NHS,4,County Road,CR-SW BALD PEAK RD,,1,Rural,5,Major Collector,2,County Highway Agency,0,,45.41917222,45.41917222,-123.0398472,-123.03984722,0,No Special Jurisdiction,12,Motor Vehicle In-Transport,7,Sideswipe - Same Direction,0,No,1,Non-Junction,1,Not an Intersection,0,,1,On Roadway,4,Dawn,1,Clear,0,No Additional Atmospheric Conditions,1,Clear,0,No,0000000,Not Applicable,7,7:00am-7:59am,56,56,8,8:00am-8:59am,5,5,88,Not Applicable (Not Transported),88,Not Applicable (Not Transported),0,,0,,0,,1,0
41,Oregon,410006,1,1,0,2,1,1,2,47,1810,5,5,1,January,2015,2,Monday,17,5:00pm-5:59pm,22,22,1,This section IS ON the NHS,6,Local Street - Municipality,MARKET ST NE,,2,Urban,3,Principal Arterial - Other,4,City or Municipal Highway Agency,0,,44.95018333,44.95018333,-122.9934333,-122.99343333,0,No Special Jurisdiction,8,Pedestrian,0,Not a Collision with Motor Vehicle In-Transport,0,No,4,Driveway Access,1,Not an Intersection,0,,1,On Roadway,3,Dark - Lighted,10,Cloudy,0,No Additional Atmospheric Conditions,10,Cloudy,0,No,0000000,Not Applicable,17,5:00pm-5:59pm,23,23,17,5:00pm-5:59pm,25,25,17,5:00pm-5:59pm,43,43,0,,0,,0,,2,0
41,Oregon,410007,1,1,0,0,1,1,0,29,0,9,9,1,January,2015,6,Friday,19,7:00pm-7:59pm,43,43,0,This section IS NOT on the NHS,4,County Road,CR-QUEENS BRANCH RD,CR-W EVANS CREEK RD,1,Rural,6,Minor Collector,2,County Highway Agency,77,77,42.535025,42.535025,-123.1901583,-123.19015833,0,No Special Jurisdiction,1,Rollover/Overturn,0,Not a Collision with Motor Vehicle In-Transport,0,No,2,Intersection,3,T-Intersection,0,,1,On Roadway,2,Dark - Not Lighted,5,"Fog, Smog, Smoke",0,No Additional Atmospheric Conditions,5,"Fog, Smog, Smoke",0,No,0000000,Not Applicable,19,7:00pm-7:59pm,43,43,19,7:00pm-7:59pm,51,51,88,Not Applicable (Not Transported),88,Not Applicable (Not Transported),0,,0,,0,,1,1
41,Oregon,410008,1,1,0,1,2,2,1,3,420,11,11,1,January,2015,1,Sunday,17,5:00pm-5:59pm,53,53,1,This section IS ON the NHS,3,State Highway,SR-99 (ODOT 91),,2,Urban,3,Principal Arterial - Other,1,State Highway Agency,821,821,44.587275,44.587275,-123.2539444,-123.25394444,0,No Special Jurisdiction,8,Pedestrian,0,Not a Collision with Motor Vehicle In-Transport,0,No,1,Non-Junction,1,Not an Intersection,0,,1,On Roadway,2,Dark - Not Lighted,10,Cloudy,0,No Additional Atmospheric Conditions,10,Cloudy,0,No,0000000,Not Applicable,99,Unknown,99,Unknown,99,Unknown EMS Scene Arrival Hour,99,Unknown EMS Scene Arrival Minutes,99,Unknown,99,Unknown EMS Hospital Arrival Time,0,,0,,0,,1,0
41,Oregon,410009,1,1,0,0,1,1,0,9,0,13,13,1,January,2015,3,Tuesday,18,6:00pm-6:59pm,27,27,0,This section IS NOT on the NHS,3,State Highway,SR-47 (ODOT 102),,1,Rural,4,Minor Arterial,1,State Highway Agency,545,545,45.92410556,45.92410556,-123.1420111,-123.14201111,0,No Special Jurisdiction,1,Rollover/Overturn,0,Not a Collision with Motor Vehicle In-Transport,0,No,1,Non-Junction,1,Not an Intersection,0,,5,Outside Trafficway,2,Dark - Not Lighted,10,Cloudy,0,No Additional Atmospheric Conditions,10,Cloudy,0,No,0000000,Not Applicable,18,6:00pm-6:59pm,27,27,18,6:00pm-6:59pm,34,34,88,Not Applicable (Not Transported),88,Not Applicable (Not Transported),0,,0,,0,,1,1
41,Oregon,410010,1,1,0,0,1,1,0,35,0,18,18,1,January,2015,1,Sunday,2,2:00am-2:59am,36,36,0,This section IS NOT on the NHS,4,County Road,CR-ANDERSON RD,,1,Rural,7,Local,2,County Highway Agency,11,11,42.03869722,42.03869722,-121.5482389,-121.54823889,0,No Special Jurisdiction,30,Utility Pole/Light Support,0,Not a Collision with Motor Vehicle In-Transport,0,No,1,Non-Junction,1,Not an Intersection,0,,4,On Roadside,2,Dark - Not Lighted,2,Rain,0,No Additional Atmospheric Conditions,2,Rain,0,No,0000000,Not Applicable,2,2:00am-2:59am,35,35,2,2:00am-2:59am,52,52,88,Not Applicable (Not Transported),88,Not Applicable (Not Transported),0,,0,,0,,1,1
41,Oregon,410011,1,1,0,1,1,1,1,67,2065,21,21,1,January,2015,4,Wednesday,2,2:00am-2:59am,19,19,1,This section IS ON the NHS,3,State Highway,SR-99W (ODOT 91),,2,Urban,3,Principal Arterial - Other,1,State Highway Agency,79,79,45.44081944,45.44081944,-122.7495528,-122.74955278,0,No Special Jurisdiction,8,Pedestrian,0,Not a Collision with Motor Vehicle In-Transport,0,No,1,Non-Junction,1,Not an Intersection,0,,1,On Roadway,3,Dark - Lighted,1,Clear,0,No Additional Atmospheric Conditions,1,Clear,0,No,0000000,Not Applicable,2,2:00am-2:59am,20,20,2,2:00am-2:59am,27,27,88,Not Applicable (Not Transported),88,Not Applicable (Not Transported),0,,0,,0,,1,0
41,Oregon,410012,1,1,0,0,1,1,0,39,0,22,22,1,January,2015,5,Thursday,99,Unknown Hours,99,Unknown Minutes,0,This section IS NOT on the NHS,4,County Road,CR-ROW RIVER RD,,1,Rural,6,Minor Collector,2,County Highway Agency,186,186,43.77559722,43.77559722,-122.9197778,-122.91977778,0,No Special Jurisdiction,34,Ditch,0,Not a Collision with Motor Vehicle In-Transport,0,No,1,Non-Junction,1,Not an Intersection,0,,4,On Roadside,9,Unknown,99,Unknown,0,No Additional Atmospheric Conditions,99,Unknown,0,No,0000000,Not Applicable,16,4:00pm-4:59pm,56,56,17,5:00pm-5:59pm,30,30,88,Not Applicable (Not Transported),88,Not Applicable (Not Transported),0,,0,,0,,1,0
41,Oregon,410013,2,2,0,0,2,2,0,7,80,20,20,1,January,2015,3,Tuesday,16,4:00pm-4:59pm,26,26,1,This section IS ON the NHS,2,U.S. Highway,US-101 (ODOT 9),PORTWAY ST,2,Urban,3,Principal Arterial - Other,1,State Highway Agency,39,39,46.18635833,46.18635833,-123.8555389,-123.85553889,0,No Special Jurisdiction,12,Motor Vehicle In-Transport,6,Angle,0,No,2,Intersection,3,T-Intersection,0,,1,On Roadway,2,Dark - Not Lighted,1,Clear,0,No Additional Atmospheric Conditions,1,Clear,0,No,0000000,Not Applicable,16,4:00pm-4:59pm,26,26,16,4:00pm-4:59pm,31,31,16,4:00pm-4:59pm,56,56,0,,0,,0,,1,0
41,Oregon,410014,1,1,0,2,1,1,2,67,0,22,22,1,January,2015,5,Thursday,19,7:00pm-7:59pm,37,37,0,This section IS NOT on the NHS,4,County Road,CR-SW BARNES RD,CR-SW MONTEREY PL,2,Urban,4,Minor Arterial,2,County Highway Agency,0,,45.50880833,45.50880833,-122.7705222,-122.77052222,0,No Special Jurisdiction,8,Pedestrian,0,Not a Collision with Motor Vehicle In-Transport,0,No,3,Intersection-Related,2,Four-Way Intersection,0,,1,On Roadway,2,Dark - Not Lighted,10,Cloudy,0,No Additional Atmospheric Conditions,10,Cloudy,0,No,0000000,Not Applicable,19,7:00pm-7:59pm,39,39,19,7:00pm-7:59pm,43,43,20,8:00pm-8:59pm,3,3,0,,0,,0,,1,0
41,Oregon,410015,1,1,0,0,3,3,0,47,0,26,26,1,January,2015,2,Monday,18,6:00pm-6:59pm,21,21,0,This section IS NOT on the NHS,4,County Road,CR-HOWELL PRAIRIE RD,,1,Rural,5,Major Collector,2,County Highway Agency,0,,45.07091111,45.07091111,-122.8586,-122.8586,0,No Special Jurisdiction,42,Tree (Standing Only),0,Not a Collision with Motor Vehicle In-Transport,0,No,1,Non-Junction,1,Not an Intersection,0,,4,On Roadside,2,Dark - Not Lighted,5,"Fog, Smog, Smoke",0,No Additional Atmospheric Conditions,5,"Fog, Smog, Smoke",0,No,0000000,Not Applicable,18,6:00pm-6:59pm,26,26,18,6:00pm-6:59pm,38,38,99,Unknown,99,Unknown EMS Hospital Arrival Time,20,Police Pursuit Involved,0,,0,,1,0
41,Oregon,410016,3,3,0,0,5,5,0,43,0,26,26,1,January,2015,2,Monday,18,6:00pm-6:59pm,11,11,0,This section IS NOT on the NHS,3,State Highway,SR-99E (ODOT 58),,1,Rural,4,Minor Arterial,1,State Highway Agency,216,216,44.35589444,44.35589444,-123.1084083,-123.10840833,0,No Special Jurisdiction,12,Motor Vehicle In-Transport,2,Front-to-Front,0,No,1,Non-Junction,1,Not an Intersection,0,,1,On Roadway,2,Dark - Not Lighted,5,"Fog, Smog, Smoke",0,No Additional Atmospheric Conditions,5,"Fog, Smog, Smoke",0,No,0000000,Not Applicable,18,6:00pm-6:59pm,13,13,18,6:00pm-6:59pm,19,19,99,Unknown,99,Unknown EMS Hospital Arrival Time,0,,0,,0,,1,0
41,Oregon,410017,2,2,0,0,2,2,0,47,1810,27,27,1,January,2015,3,Tuesday,0,0:00am-0:59am,42,42,1,This section IS ON the NHS,1,Interstate,I-5,,2,Urban,1,Interstate,1,State Highway Agency,2547,2547,44.97880556,44.97880556,-122.9919083,-122.99190833,0,No Special Jurisdiction,12,Motor Vehicle In-Transport,1,Front-to-Rear,0,No,1,Non-Junction,1,Not an Intersection,1,Construction,1,On Roadway,2,Dark - Not Lighted,5,"Fog, Smog, Smoke",0,No Additional Atmospheric Conditions,5,"Fog, Smog, Smoke",0,No,0000000,Not Applicable,0,0:00am-0:59am,50,50,99,Unknown EMS Scene Arrival Hour,99,Unknown EMS Scene Arrival Minutes,88,Not Applicable (Not Transported),88,Not Applicable (Not Transported),0,,0,,0,,1,1
41,Oregon,410018,1,1,0,0,1,1,0,37,0,27,27,1,January,2015,3,Tuesday,14,2:00pm-2:59pm,1,1,0,This section IS NOT on the NHS,4,County Road,CR-FORT ROCK RD,,1,Rural,5,Major Collector,2,County Highway Agency,0,,43.34090833,43.34090833,-120.9388139,-120.93881389,0,No Special Jurisdiction,1,Rollover/Overturn,0,Not a Collision with Motor Vehicle In-Transport,0,No,1,Non-Junction,1,Not an Intersection,0,,4,On Roadside,1,Daylight,1,Clear,0,No Additional Atmospheric Conditions,1,Clear,0,No,0000000,Not Applicable,14,2:00pm-2:59pm,9,9,14,2:00pm-2:59pm,28,28,88,Not Applicable (Not Transported),88,Not Applicable (Not Transported),0,,0,,0,,1,0
41,Oregon,410019,1,1,0,0,1,1,0,19,0,29,29,1,January,2015,5,Thursday,16,4:00pm-4:59pm,42,42,1,This section IS ON the NHS,1,Interstate,I-5,,1,Rural,1,Interstate,1,State Highway Agency,1100,1100,43.03313056,43.03313056,-123.3250722,-123.32507222,0,No Special Jurisdiction,20,Impact Attenuator/Crash Cushion,0,Not a Collision with Motor Vehicle In-Transport,0,No,1,Non-Junction,1,Not an Intersection,0,,4,On Roadside,1,Daylight,10,Cloudy,0,No Additional Atmospheric Conditions,10,Cloudy,0,No,0000000,Not Applicable,16,4:00pm-4:59pm,52,52,16,4:00pm-4:59pm,48,48,17,5:00pm-5:59pm,22,22,0,,0,,0,,1,0
41,Oregon,410020,3,3,0,0,4,4,0,39,1150,29,29,1,January,2015,5,Thursday,6,6:00am-6:59am,50,50,0,This section IS NOT on the NHS,3,State Highway,SR-99W (ODOT 91),,2,Urban,4,Minor Arterial,1,State Highway Agency,1134,1134,44.16872778,44.16872778,-123.2014889,-123.20148889,0,No Special Jurisdiction,12,Motor Vehicle In-Transport,2,Front-to-Front,0,No,1,Non-Junction,1,Not an Intersection,0,,1,On Roadway,4,Dawn,5,"Fog, Smog, Smoke",0,No Additional Atmospheric Conditions,5,"Fog, Smog, Smoke",0,No,0000000,Not Applicable,6,6:00am-6:59am,53,53,7,7:00am-7:59am,0,0,99,Unknown,99,Unknown EMS Hospital Arrival Time,0,,0,,0,,2,0
41,Oregon,410021,2,2,0,0,3,3,0,39,0,29,29,1,January,2015,5,Thursday,8,8:00am-8:59am,39,39,0,This section IS NOT on the NHS,4,County Road,CR-PRAIRIE RD,CR-MEADOWVIEW RD,1,Rural,5,Major Collector,2,County Highway Agency,0,,44.14962778,44.14962778,-123.1772306,-123.17723056,0,No Special Jurisdiction,12,Motor Vehicle In-Transport,6,Angle,0,No,2,Intersection,3,T-Intersection,0,,1,On Roadway,1,Daylight,10,Cloudy,5,"Fog, Smog, Smoke",5,"Fog, Smog, Smoke",0,No,0000000,Not Applicable,8,8:00am-8:59am,39,39,8,8:00am-8:59am,45,45,88,Not Applicable (Not Transported),88,Not Applicable (Not Transported),0,,0,,0,,1,0
41,Oregon,410022,1,1,0,0,1,1,0,19,0,30,30,1,January,2015,6,Friday,10,10:00am-10:59am,0,0,0,This section IS NOT on the NHS,8,Other,GOLD CREEK RD,,1,Rural,7,Local,68,Bureau of Land Management,45,45,43.86203889,43.86203889,-123.7191333,-123.71913333,0,No Special Jurisdiction,42,Tree (Standing Only),0,Not a Collision with Motor Vehicle In-Transport,0,No,1,Non-Junction,1,Not an Intersection,0,,4,On Roadside,1,Daylight,98,Not Reported,0,No Additional Atmospheric Conditions,98,Not Reported,0,No,0000000,Not Applicable,10,10:00am-10:59am,14,14,11,11:00am-11:59am,38,38,88,Not Applicable (Not Transported),88,Not Applicable (Not Transported),0,,0,,0,,1,0
41,Oregon,410023,1,1,0,0,1,1,0,5,0,30,30,1,January,2015,6,Friday,17,5:00pm-5:59pm,50,50,0,This section IS NOT on the NHS,4,County Road,CR-S CENTRAL POINT RD,,1,Rural,4,Minor Arterial,2,County Highway Agency,0,,45.30551111,45.30551111,-122.6255667,-122.62556667,0,No Special Jurisdiction,42,Tree (Standing Only),0,Not a Collision with Motor Vehicle In-Transport,0,No,1,Non-Junction,1,Not an Intersection,0,,4,On Roadside,2,Dark - Not Lighted,1,Clear,0,No Additional Atmospheric Conditions,1,Clear,0,No,0000000,Not Applicable,17,5:00pm-5:59pm,51,51,17,5:00pm-5:59pm,57,57,88,Not Applicable (Not Transported),88,Not Applicable (Not Transported),0,,0,,0,,1,1
41,Oregon,410024,1,1,0,1,3,3,1,67,180,5,5,2,February,2015,5,Thursday,18,6:00pm-6:59pm,54,54,0,This section IS NOT on the NHS,6,Local Street - Municipality,SW ALLEN BLVD,,2,Urban,4,Minor Arterial,4,City or Municipal Highway Agency,0,,45.47650278,45.47650278,-122.8033417,-122.80334167,0,No Special Jurisdiction,8,Pedestrian,0,Not a Collision with Motor Vehicle In-Transport,0,No,1,Non-Junction,1,Not an Intersection,0,,1,On Roadway,2,Dark - Not Lighted,2,Rain,0,No Additional Atmospheric Conditions,2,Rain,0,No,0000000,Not Applicable,18,6:00pm-6:59pm,55,55,18,6:00pm-6:59pm,59,59,88,Not Applicable (Not Transported),88,Not Applicable (Not Transported),0,,0,,0,,1,0
41,Oregon,410025,2,2,0,1,2,2,1,51,1650,5,5,2,February,2015,5,Thursday,3,3:00am-3:59am,36,36,1,This section IS ON the NHS,1,Interstate,I-205,,2,Urban,1,Interstate,1,State Highway Agency,197,197,45.50509167,45.50509167,-122.5651194,-122.56511944,0,No Special Jurisdiction,8,Pedestrian,0,Not a Collision with Motor Vehicle In-Transport,0,No,1,Non-Junction,1,Not an Intersection,0,,1,On Roadway,3,Dark - Lighted,2,Rain,0,No Additional Atmospheric Conditions,2,Rain,0,No,0000000,Not Applicable,3,3:00am-3:59am,36,36,99,Unknown EMS Scene Arrival Hour,99,Unknown EMS Scene Arrival Minutes,88,Not Applicable (Not Transported),88,Not Applicable (Not Transported),0,,0,,0,,1,0
41,Oregon,410026,1,1,0,1,1,1,1,67,1000,5,5,2,February,2015,5,Thursday,23,11:00pm-11:59pm,0,0,1,This section IS ON the NHS,6,Local Street - Municipality,SW OAK ST,SW BAILEY ST,2,Urban,3,Principal Arterial - Other,1,State Highway Agency,134,134,45.51889722,45.51889722,-122.9928722,-122.99287222,0,No Special Jurisdiction,8,Pedestrian,0,Not a Collision with Motor Vehicle In-Transport,0,No,3,Intersection-Related,3,T-Intersection,0,,1,On Roadway,3,Dark - Lighted,2,Rain,0,No Additional Atmospheric Conditions,2,Rain,0,No,0000000,Not Applicable,23,11:00pm-11:59pm,0,0,23,11:00pm-11:59pm,4,4,23,11:00pm-11:59pm,46,46,0,,0,,0,,1,0
41,Oregon,410027,2,2,0,0,3,3,0,53,0,8,8,2,February,2015,1,Sunday,16,4:00pm-4:59pm,15,15,1,This section IS ON the NHS,3,State Highway,SR-22W (ODOT 30),,1,Rural,3,Principal Arterial - Other,1,State Highway Agency,59,59,45.00799444,45.00799444,-123.4023028,-123.40230278,0,No Special Jurisdiction,12,Motor Vehicle In-Transport,2,Front-to-Front,0,No,1,Non-Junction,1,Not an Intersection,0,,1,On Roadway,1,Daylight,2,Rain,0,No Additional Atmospheric Conditions,2,Rain,0,No,0000000,Not Applicable,16,4:00pm-4:59pm,51,51,17,5:00pm-5:59pm,40,40,18,6:00pm-6:59pm,3,3,0,,0,,0,,1,0
41,Oregon,410028,2,2,0,0,2,2,0,47,0,9,9,2,February,2015,2,Monday,8,8:00am-8:59am,20,20,0,This section IS NOT on the NHS,4,County Road,CR-ARNDT RD NE,,1,Rural,4,Minor Arterial,2,County Highway Agency,11,11,45.25955278,45.25955278,-122.7431444,-122.74314444,0,No Special Jurisdiction,12,Motor Vehicle In-Transport,6,Angle,0,No,1,Non-Junction,1,Not an Intersection,0,,2,On Shoulder,1,Daylight,2,Rain,0,No Additional Atmospheric Conditions,2,Rain,0,No,0000000,Not Applicable,8,8:00am-8:59am,19,19,8,8:00am-8:59am,32,32,88,Not Applicable (Not Transported),88,Not Applicable (Not Transported),0,,0,,0,,1,0
41,Oregon,410029,1,1,0,1,1,1,1,39,660,9,9,2,February,2015,2,Monday,10,10:00am-10:59am,19,19,0,This section IS NOT on the NHS,6,Local Street - Municipality,OAK ST,E 20TH AVE,2,Urban,4,Minor Arterial,4,City or Municipal Highway Agency,0,,44.03790278,44.03790278,-123.0912389,-123.09123889,0,No Special Jurisdiction,8,Pedestrian,0,Not a Collision with Motor Vehicle In-Transport,0,No,3,Intersection-Related,10,L-Intersection,0,,1,On Roadway,1,Daylight,2,Rain,0,No Additional Atmospheric Conditions,2,Rain,0,No,0000000,Not Applicable,10,10:00am-10:59am,19,19,10,10:00am-10:59am,24,24,88,Not Applicable (Not Transported),88,Not Applicable (Not Transported),0,,0,,0,,1,0
41,Oregon,410030,1,1,0,1,1,1,1,67,2065,16,16,2,February,2015,2,Monday,15,3:00pm-3:59pm,2,2,1,This section IS ON the NHS,3,State Highway,SR-99W (ODOT 91),SW HALL BLVD,2,Urban,3,Principal Arterial - Other,1,State Highway Agency,88,88,45.43403056,45.43403056,-122.7649083,-122.76490833,0,No Special Jurisdiction,8,Pedestrian,0,Not a Collision with Motor Vehicle In-Transport,0,No,3,Intersection-Related,2,Four-Way Intersection,0,,1,On Roadway,1,Daylight,1,Clear,0,No Additional Atmospheric Conditions,1,Clear,0,No,0000000,Not Applicable,15,3:00pm-3:59pm,3,3,15,3:00pm-3:59pm,5,5,15,3:00pm-3:59pm,46,46,0,,0,,0,,1,0
41,Oregon,410031,1,1,0,0,2,2,0,5,0,16,16,2,February,2015,2,Monday,0,0:00am-0:59am,3,3,0,This section IS NOT on the NHS,4,County Road,CR-SE JENNINGS AVE,,2,Urban,4,Minor Arterial,2,County Highway Agency,8,8,45.39798611,45.39798611,-122.5993944,-122.59939444,0,No Special Jurisdiction,30,Utility Pole/Light Support,0,Not a Collision with Motor Vehicle In-Transport,0,No,1,Non-Junction,1,Not an Intersection,0,,4,On Roadside,2,Dark - Not Lighted,1,Clear,0,No Additional Atmospheric Conditions,1,Clear,0,No,0000000,Not Applicable,0,0:00am-0:59am,4,4,0,0:00am-0:59am,8,8,0,0:00am-0:59am,50,50,0,,0,,0,,1,1
41,Oregon,410032,1,1,0,1,1,1,1,43,20,17,17,2,February,2015,3,Tuesday,17,5:00pm-5:59pm,41,41,0,This section IS NOT on the NHS,6,Local Street - Municipality,RIVERSIDE DR,,2,Urban,4,Minor Arterial,4,City or Municipal Highway Agency,0,,44.61743333,44.61743333,-123.1314944,-123.13149444,0,No Special Jurisdiction,24,Guardrail Face,0,Not a Collision with Motor Vehicle In-Transport,0,No,1,Non-Junction,1,Not an Intersection,0,,4,On Roadside,5,Dusk,1,Clear,0,No Additional Atmospheric Conditions,1,Clear,0,No,0000000,Not Applicable,17,5:00pm-5:59pm,41,41,17,5:00pm-5:59pm,45,45,88,Not Applicable (Not Transported),88,Not Applicable (Not Transported),0,,0,,0,,1,0
41,Oregon,410033,1,1,0,0,1,1,0,39,0,17,17,2,February,2015,3,Tuesday,13,1:00pm-1:59pm,55,55,0,This section IS NOT on the NHS,4,County Road,CR-MCGOWEN CREEK RD,,1,Rural,7,Local,2,County Highway Agency,20,20,44.14759722,44.14759722,-122.9451722,-122.94517222,0,No Special Jurisdiction,42,Tree (Standing Only),0,Not a Collision with Motor Vehicle In-Transport,0,No,1,Non-Junction,1,Not an Intersection,0,,4,On Roadside,1,Daylight,1,Clear,0,No Additional Atmospheric Conditions,1,Clear,0,No,0000000,Not Applicable,13,1:00pm-1:59pm,55,55,14,2:00pm-2:59pm,13,13,99,Unknown,99,Unknown EMS Hospital Arrival Time,0,,0,,0,,1,1
41,Oregon,410034,1,1,0,0,1,1,0,39,0,18,18,2,February,2015,4,Wednesday,7,7:00am-7:59am,9,9,0,This section IS NOT on the NHS,4,County Road,CR-CROW RD,,1,Rural,5,Major Collector,2,County Highway Agency,49,49,44.00683056,44.00683056,-123.2615722,-123.26157222,0,No Special Jurisdiction,31,"Other Post, Other Pole or Other Supports",0,Not a Collision with Motor Vehicle In-Transport,0,No,1,Non-Junction,1,Not an Intersection,0,,5,Outside Trafficway,4,Dawn,1,Clear,0,No Additional Atmospheric Conditions,1,Clear,0,No,0000000,Not Applicable,7,7:00am-7:59am,9,9,7,7:00am-7:59am,19,19,88,Not Applicable (Not Transported),88,Not Applicable (Not Transported),0,,0,,0,,1,1
41,Oregon,410035,2,2,0,0,2,2,0,39,2202,18,18,2,February,2015,4,Wednesday,7,7:00am-7:59am,54,54,0,This section IS NOT on the NHS,4,County Road,CR-WESTFIR-OAKRIDGE RD,,1,Rural,5,Major Collector,2,County Highway Agency,3,3,43.75722778,43.75722778,-122.4851861,-122.48518611,0,No Special Jurisdiction,12,Motor Vehicle In-Transport,2,Front-to-Front,0,No,1,Non-Junction,1,Not an Intersection,0,,1,On Roadway,1,Daylight,1,Clear,0,No Additional Atmospheric Conditions,1,Clear,0,No,0000000,Not Applicable,7,7:00am-7:59am,55,55,8,8:00am-8:59am,10,10,9,9:00am-9:59am,38,38,0,,0,,0,,1,0
41,Oregon,410036,2,2,0,0,2,2,0,19,1780,18,18,2,February,2015,4,Wednesday,10,10:00am-10:59am,8,8,0,This section IS NOT on the NHS,6,Local Street - Municipality,NW STEWART PARKWAY,VAN PELT BLVD,2,Urban,4,Minor Arterial,4,City or Municipal Highway Agency,0,,43.2387,43.2387,-123.3689194,-123.36891944,0,No Special Jurisdiction,1,Rollover/Overturn,0,Not a Collision with Motor Vehicle In-Transport,0,No,2,Intersection,3,T-Intersection,0,,1,On Roadway,1,Daylight,10,Cloudy,0,No Additional Atmospheric Conditions,10,Cloudy,0,No,0000000,Not Applicable,10,10:00am-10:59am,8,8,10,10:00am-10:59am,12,12,88,Not Applicable (Not Transported),88,Not Applicable (Not Transported),0,,0,,0,,1,0
41,Oregon,410037,1,1,0,0,1,1,0,29,0,18,18,2,February,2015,4,Wednesday,14,2:00pm-2:59pm,40,40,0,This section IS NOT on the NHS,4,County Road,CR-FOOTHILL BLVD,,2,Urban,5,Major Collector,2,County Highway Agency,26,26,42.43284167,42.43284167,-123.1827528,-123.18275278,0,No Special Jurisdiction,42,Tree (Standing Only),0,Not a Collision with Motor Vehicle In-Transport,0,No,1,Non-Junction,1,Not an Intersection,0,,4,On Roadside,1,Daylight,1,Clear,0,No Additional Atmospheric Conditions,1,Clear,0,No,0000000,Not Applicable,14,2:00pm-2:59pm,49,49,15,3:00pm-3:59pm,7,7,88,Not Applicable (Not Transported),88,Not Applicable (Not Transported),0,,0,,0,,1,0
41,Oregon,410038,1,1,0,0,3,3,0,67,0,20,20,2,February,2015,6,Friday,9,9:00am-9:59am,30,30,1,This section IS ON the NHS,2,U.S. Highway,US-26 (ODOT 47),,1,Rural,3,Principal Arterial - Other,1,State Highway Agency,441,441,45.69774444,45.69774444,-123.2156278,-123.21562778,0,No Special Jurisdiction,42,Tree (Standing Only),0,Not a Collision with Motor Vehicle In-Transport,0,No,1,Non-Junction,1,Not an Intersection,0,,4,On Roadside,1,Daylight,10,Cloudy,0,No Additional Atmospheric Conditions,10,Cloudy,0,No,0000000,Not Applicable,9,9:00am-9:59am,32,32,10,10:00am-10:59am,26,26,10,10:00am-10:59am,49,49,0,,0,,0,,1,0
41,Oregon,410039,2,2,0,0,3,3,0,5,0,20,20,2,February,2015,6,Friday,18,6:00pm-6:59pm,7,7,0,This section IS NOT on the NHS,4,County Road,CR-S REDLAND RD,,1,Rural,4,Minor Arterial,2,County Highway Agency,40,40,45.311175,45.311175,-122.4560222,-122.45602222,0,No Special Jurisdiction,12,Motor Vehicle In-Transport,2,Front-to-Front,0,No,1,Non-Junction,1,Not an Intersection,0,,1,On Roadway,2,Dark - Not Lighted,1,Clear,0,No Additional Atmospheric Conditions,1,Clear,0,No,0000000,Not Applicable,18,6:00pm-6:59pm,7,7,18,6:00pm-6:59pm,37,37,19,7:00pm-7:59pm,19,19,0,,0,,0,,1,0
41,Oregon,410040,1,1,0,1,2,2,1,67,1000,21,21,2,February,2015,7,Saturday,19,7:00pm-7:59pm,58,58,1,This section IS ON the NHS,3,State Highway,SR-47 (ODOT 29),,2,Urban,3,Principal Arterial - Other,1,State Highway Agency,93,93,45.499625,45.499625,-122.9228444,-122.92284444,0,No Special Jurisdiction,8,Pedestrian,0,Not a Collision with Motor Vehicle In-Transport,0,No,1,Non-Junction,1,Not an Intersection,0,,1,On Roadway,2,Dark - Not Lighted,1,Clear,0,No Additional Atmospheric Conditions,1,Clear,0,No,0000000,Not Applicable,19,7:00pm-7:59pm,58,58,20,8:00pm-8:59pm,0,0,88,Not Applicable (Not Transported),88,Not Applicable (Not Transported),0,,0,,0,,1,0
41,Oregon,410041,1,1,0,4,1,1,4,39,1960,22,22,2,February,2015,1,Sunday,16,4:00pm-4:59pm,51,51,1,This section IS ON the NHS,3,State Highway,SR-126B,54TH ST,2,Urban,3,Principal Arterial - Other,1,State Highway Agency,60,60,44.0457,44.0457,-122.9347111,-122.93471111,0,No Special Jurisdiction,8,Pedestrian,0,Not a Collision with Motor Vehicle In-Transport,0,No,3,Intersection-Related,2,Four-Way Intersection,0,,1,On Roadway,1,Daylight,1,Clear,0,No Additional Atmospheric Conditions,1,Clear,0,No,0000000,Not Applicable,16,4:00pm-4:59pm,51,51,16,4:00pm-4:59pm,53,53,99,Unknown,99,Unknown EMS Hospital Arrival Time,0,,0,,0,,3,0
41,Oregon,410042,1,1,0,1,1,1,1,33,0,24,24,2,February,2015,3,Tuesday,20,8:00pm-8:59pm,12,12,0,This section IS NOT on the NHS,3,State Highway,SR-99 (ODOT 60),,2,Urban,4,Minor Arterial,1,State Highway Agency,30,30,42.42476944,42.42476944,-123.2799917,-123.27999167,0,No Special Jurisdiction,8,Pedestrian,0,Not a Collision with Motor Vehicle In-Transport,0,No,1,Non-Junction,1,Not an Intersection,0,,1,On Roadway,2,Dark - Not Lighted,98,Not Reported,0,No Additional Atmospheric Conditions,98,Not Reported,0,No,0000000,Not Applicable,20,8:00pm-8:59pm,13,13,20,8:00pm-8:59pm,15,15,99,Unknown,99,Unknown EMS Hospital Arrival Time,0,,0,,0,,1,0
41,Oregon,410043,1,1,0,0,1,1,0,67,0,24,24,2,February,2015,3,Tuesday,19,7:00pm-7:59pm,12,12,0,This section IS NOT on the NHS,4,County Road,CR-SW RIVER RD,,1,Rural,4,Minor Arterial,2,County Highway Agency,0,,45.45085833,45.45085833,-122.9464972,-122.94649722,0,No Special Jurisdiction,1,Rollover/Overturn,0,Not a Collision with Motor Vehicle In-Transport,0,No,1,Non-Junction,1,Not an Intersection,0,,4,On Roadside,2,Dark - Not Lighted,1,Clear,0,No Additional Atmospheric Conditions,1,Clear,0,No,0000000,Not Applicable,19,7:00pm-7:59pm,12,12,19,7:00pm-7:59pm,24,24,88,Not Applicable (Not Transported),88,Not Applicable (Not Transported),0,,0,,0,,1,0
41,Oregon,410044,1,1,0,1,1,1,1,7,1870,25,25,2,February,2015,4,Wednesday,18,6:00pm-6:59pm,49,49,1,This section IS ON the NHS,2,U.S. Highway,US-101 (ODOT 9),,2,Urban,3,Principal Arterial - Other,1,State Highway Agency,196,196,46.00975,46.00975,-123.9131944,-123.91319444,0,No Special Jurisdiction,8,Pedestrian,0,Not a Collision with Motor Vehicle In-Transport,0,No,1,Non-Junction,1,Not an Intersection,0,,1,On Roadway,2,Dark - Not Lighted,2,Rain,0,No Additional Atmospheric Conditions,2,Rain,0,No,0000000,Not Applicable,18,6:00pm-6:59pm,49,49,18,6:00pm-6:59pm,49,49,99,Unknown,99,Unknown EMS Hospital Arrival Time,0,,0,,0,,1,0
41,Oregon,410045,2,2,0,0,2,2,0,51,1650,25,25,2,February,2015,4,Wednesday,16,4:00pm-4:59pm,35,35,1,This section IS ON the NHS,6,Local Street - Municipality,NE COLUMBIA BLVD,,2,Urban,3,Principal Arterial - Other,4,City or Municipal Highway Agency,0,,45.57351111,45.57351111,-122.6297889,-122.62978889,0,No Special Jurisdiction,12,Motor Vehicle In-Transport,6,Angle,0,No,1,Non-Junction,1,Not an Intersection,0,,1,On Roadway,1,Daylight,2,Rain,0,No Additional Atmospheric Conditions,2,Rain,0,No,0000000,Not Applicable,16,4:00pm-4:59pm,36,36,16,4:00pm-4:59pm,39,39,17,5:00pm-5:59pm,11,11,0,,0,,0,,1,1
41,Oregon,410046,1,1,0,0,1,1,0,35,330,25,25,2,February,2015,4,Wednesday,13,1:00pm-1:59pm,1,1,0,This section IS NOT on the NHS,6,Local Street - Municipality,FIRST AVE,PINERIDGE RD,1,Rural,5,Major Collector,4,City or Municipal Highway Agency,0,,42.58188611,42.58188611,-121.8594278,-121.85942778,0,No Special Jurisdiction,42,Tree (Standing Only),0,Not a Collision with Motor Vehicle In-Transport,0,No,3,Intersection-Related,3,T-Intersection,0,,4,On Roadside,1,Daylight,1,Clear,0,No Additional Atmospheric Conditions,1,Clear,0,No,0000000,Not Applicable,99,Unknown,99,Unknown,99,Unknown EMS Scene Arrival Hour,99,Unknown EMS Scene Arrival Minutes,88,Not Applicable (Not Transported),88,Not Applicable (Not Transported),0,,0,,0,,1,0
41,Oregon,410047,3,3,0,0,5,5,0,39,0,26,26,2,February,2015,5,Thursday,18,6:00pm-6:59pm,15,15,1,This section IS ON the NHS,3,State Highway,SR-58 (ODOT 18),,1,Rural,3,Principal Arterial - Other,1,State Highway Agency,50,50,43.96291389,43.96291389,-122.9216528,-122.92165278,0,No Special Jurisdiction,54,"Motor Vehicle In-Transport Strikes or is Struck by Cargo, Persons or Objects Set-in-Motion from/by Another Motor Vehicle In Transport",11,Other,0,No,1,Non-Junction,1,Not an Intersection,0,,1,On Roadway,2,Dark - Not Lighted,2,Rain,0,No Additional Atmospheric Conditions,2,Rain,0,No,0000000,Not Applicable,18,6:00pm-6:59pm,15,15,99,Unknown EMS Scene Arrival Hour,99,Unknown EMS Scene Arrival Minutes,99,Unknown,99,Unknown EMS Hospital Arrival Time,14,"Motor Vehicle struck by falling cargo,or something that came loose from or something that was set in motion by a vehicle",0,,0,,1,1
41,Oregon,410048,2,2,0,0,2,2,0,67,0,27,27,2,February,2015,6,Friday,13,1:00pm-1:59pm,19,19,1,This section IS ON the NHS,1,Interstate,I-5,,2,Urban,1,Interstate,1,State Highway Agency,2867,2867,45.33756667,45.33756667,-122.7695417,-122.76954167,0,No Special Jurisdiction,1,Rollover/Overturn,0,Not a Collision with Motor Vehicle In-Transport,0,No,1,Non-Junction,1,Not an Intersection,0,,1,On Roadway,1,Daylight,10,Cloudy,0,No Additional Atmospheric Conditions,10,Cloudy,0,No,0000000,Not Applicable,13,1:00pm-1:59pm,19,19,13,1:00pm-1:59pm,22,22,13,1:00pm-1:59pm,52,52,0,,0,,0,,1,1
41,Oregon,410049,1,1,0,1,4,4,1,67,1000,1,1,3,March,2015,1,Sunday,1,1:00am-1:59am,28,28,1,This section IS ON the NHS,3,State Highway,SR-8 (ODOT 29),,2,Urban,3,Principal Arterial - Other,1,State Highway Agency,83,83,45.49743333,45.49743333,-122.9017611,-122.90176111,0,No Special Jurisdiction,8,Pedestrian,0,Not a Collision with Motor Vehicle In-Transport,0,No,1,Non-Junction,1,Not an Intersection,0,,1,On Roadway,6,Dark - Unknown Lighting,98,Not Reported,0,No Additional Atmospheric Conditions,98,Not Reported,0,No,0000000,Not Applicable,99,Unknown,99,Unknown,99,Unknown EMS Scene Arrival Hour,99,Unknown EMS Scene Arrival Minutes,88,Not Applicable (Not Transported),88,Not Applicable (Not Transported),0,,0,,0,,1,1
41,Oregon,410050,1,1,0,0,3,3,0,33,860,1,1,3,March,2015,1,Sunday,22,10:00pm-10:59pm,42,42,0,This section IS NOT on the NHS,6,Local Street - Municipality,NE 9TH ST,,2,Urban,7,Local,4,City or Municipal Highway Agency,0,,42.45343611,42.45343611,-123.3176222,-123.31762222,0,No Special Jurisdiction,42,Tree (Standing Only),0,Not a Collision with Motor Vehicle In-Transport,0,No,1,Non-Junction,1,Not an Intersection,0,,4,On Roadside,2,Dark - Not Lighted,1,Clear,0,No Additional Atmospheric Conditions,1,Clear,0,No,0000000,Not Applicable,22,10:00pm-10:59pm,43,43,22,10:00pm-10:59pm,47,47,23,11:00pm-11:59pm,19,19,0,,0,,0,,1,0
41,Oregon,410051,2,2,0,1,4,4,1,19,1780,7,7,3,March,2015,7,Saturday,23,11:00pm-11:59pm,6,6,1,This section IS ON the NHS,3,State Highway,SR-138 (ODOT 138),,2,Urban,3,Principal Arterial - Other,1,State Highway Agency,24,24,43.21328056,43.21328056,-123.3037278,-123.30372778,0,No Special Jurisdiction,8,Pedestrian,0,Not a Collision with Motor Vehicle In-Transport,0,No,1,Non-Junction,1,Not an Intersection,0,,1,On Roadway,2,Dark - Not Lighted,1,Clear,0,No Additional Atmospheric Conditions,1,Clear,0,No,0000000,Not Applicable,23,11:00pm-11:59pm,14,14,23,11:00pm-11:59pm,18,18,23,11:00pm-11:59pm,51,51,0,,0,,0,,1,0
41,Oregon,410052,1,1,0,0,1,1,0,13,0,7,7,3,March,2015,7,Saturday,16,4:00pm-4:59pm,45,45,0,This section IS NOT on the NHS,4,County Road,CR-PAULINA-SUPPLEE HWY,,1,Rural,5,Major Collector,2,County Highway Agency,668,668,44.069425,44.069425,-119.7979167,-119.79791667,0,No Special Jurisdiction,17,Boulder,0,Not a Collision with Motor Vehicle In-Transport,0,No,1,Non-Junction,1,Not an Intersection,0,,4,On Roadside,1,Daylight,1,Clear,0,No Additional Atmospheric Conditions,1,Clear,0,No,0000000,Not Applicable,16,4:00pm-4:59pm,45,45,17,5:00pm-5:59pm,25,25,88,Not Applicable (Not Transported),88,Not Applicable (Not Transported),0,,0,,0,,1,1
41,Oregon,410053,5,5,0,0,12,12,0,51,1650,7,7,3,March,2015,7,Saturday,15,3:00pm-3:59pm,28,28,1,This section IS ON the NHS,1,Interstate,I-5,,2,Urban,1,Interstate,1,State Highway Agency,3069,3069,45.59220556,45.59220556,-122.682725,-122.682725,0,No Special Jurisdiction,12,Motor Vehicle In-Transport,1,Front-to-Rear,0,No,1,Non-Junction,1,Not an Intersection,0,,1,On Roadway,1,Daylight,1,Clear,0,No Additional Atmospheric Conditions,1,Clear,0,No,0000000,Not Applicable,15,3:00pm-3:59pm,29,29,15,3:00pm-3:59pm,40,40,16,4:00pm-4:59pm,4,4,0,,0,,0,,1,0
41,Oregon,410054,1,1,0,1,1,1,1,51,1650,11,11,3,March,2015,4,Wednesday,10,10:00am-10:59am,2,2,0,This section IS NOT on the NHS,6,Local Street - Municipality,NW NAITO PARKWAY,NW COUCH ST,2,Urban,4,Minor Arterial,4,City or Municipal Highway Agency,0,,45.52388056,45.52388056,-122.6702778,-122.67027778,0,No Special Jurisdiction,15,Non-Motorist on Personal Conveyance,0,Not a Collision with Motor Vehicle In-Transport,0,No,3,Intersection-Related,3,T-Intersection,0,,1,On Roadway,1,Daylight,2,Rain,10,Cloudy,2,Rain,0,No,0000000,Not Applicable,10,10:00am-10:59am,3,3,10,10:00am-10:59am,9,9,10,10:00am-10:59am,22,22,0,,0,,0,,1,0
41,Oregon,410055,1,1,0,1,1,1,1,33,0,13,13,1,January,2015,3,Tuesday,19,7:00pm-7:59pm,2,2,0,This section IS NOT on the NHS,4,County Road,CR-OLD STATE HWY 99S,,1,Rural,5,Major Collector,2,County Highway Agency,4,4,42.69519722,42.69519722,-123.3953139,-123.39531389,0,No Special Jurisdiction,8,Pedestrian,0,Not a Collision with Motor Vehicle In-Transport,0,No,1,Non-Junction,1,Not an Intersection,0,,1,On Roadway,3,Dark - Lighted,5,"Fog, Smog, Smoke",0,No Additional Atmospheric Conditions,5,"Fog, Smog, Smoke",0,No,0000000,Not Applicable,19,7:00pm-7:59pm,4,4,19,7:00pm-7:59pm,19,19,88,Not Applicable (Not Transported),88,Not Applicable (Not Transported),0,,0,,0,,1,0
41,Oregon,410056,2,2,0,0,2,2,0,47,0,31,31,1,January,2015,7,Saturday,22,10:00pm-10:59pm,54,54,0,This section IS NOT on the NHS,4,County Road,CR-RIVER RD NE,CR-QUINABY RD NE,1,Rural,4,Minor Arterial,2,County Highway Agency,9,9,45.03521389,45.03521389,-123.0005,-123.0005,0,No Special Jurisdiction,12,Motor Vehicle In-Transport,6,Angle,0,No,2,Intersection,2,Four-Way Intersection,0,,1,On Roadway,2,Dark - Not Lighted,1,Clear,0,No Additional Atmospheric Conditions,1,Clear,0,No,0000000,Not Applicable,23,11:00pm-11:59pm,55,55,23,11:00pm-11:59pm,59,59,99,Unknown,99,Unknown EMS Hospital Arrival Time,0,,0,,0,,1,1
41,Oregon,410057,1,1,0,0,1,1,0,19,0,13,13,2,February,2015,6,Friday,15,3:00pm-3:59pm,50,50,1,This section IS ON the NHS,1,Interstate,I-5,,1,Rural,1,Interstate,1,State Highway Agency,806,806,42.74885556,42.74885556,-123.365275,-123.365275,0,No Special Jurisdiction,1,Rollover/Overturn,0,Not a Collision with Motor Vehicle In-Transport,0,No,1,Non-Junction,1,Not an Intersection,0,,3,On Median,1,Daylight,10,Cloudy,0,No Additional Atmospheric Conditions,10,Cloudy,0,No,0000000,Not Applicable,15,3:00pm-3:59pm,54,54,16,4:00pm-4:59pm,4,4,88,Not Applicable (Not Transported),88,Not Applicable (Not Transported),0,,0,,0,,1,0
41,Oregon,410058,2,2,0,0,3,3,0,71,0,5,5,3,March,2015,5,Thursday,10,10:00am-10:59am,8,8,1,This section IS ON the NHS,3,State Highway,SR-99 (ODOT 91),,1,Rural,3,Principal Arterial - Other,1,State Highway Agency,303,303,45.23598889,45.23598889,-123.073275,-123.073275,0,No Special Jurisdiction,12,Motor Vehicle In-Transport,6,Angle,0,No,1,Non-Junction,1,Not an Intersection,0,,1,On Roadway,1,Daylight,10,Cloudy,0,No Additional Atmospheric Conditions,10,Cloudy,0,No,0000000,Not Applicable,10,10:00am-10:59am,9,9,10,10:00am-10:59am,17,17,10,10:00am-10:59am,39,39,0,,0,,0,,1,0
41,Oregon,410059,3,3,0,0,3,3,0,67,180,5,5,3,March,2015,5,Thursday,11,11:00am-11:59am,32,32,1,This section IS ON the NHS,6,Local Street - Municipality,SW MURRAY BLVD,SW WEIR RD,2,Urban,3,Principal Arterial - Other,4,City or Municipal Highway Agency,0,,45.44763611,45.44763611,-122.826025,-122.826025,0,No Special Jurisdiction,12,Motor Vehicle In-Transport,1,Front-to-Rear,0,No,3,Intersection-Related,2,Four-Way Intersection,0,,1,On Roadway,1,Daylight,1,Clear,0,No Additional Atmospheric Conditions,1,Clear,0,No,0000000,Not Applicable,11,11:00am-11:59am,32,32,11,11:00am-11:59am,37,37,88,Not Applicable (Not Transported),88,Not Applicable (Not Transported),0,,0,,0,,1,0
41,Oregon,410060,1,1,0,1,1,1,1,19,0,5,5,3,March,2015,5,Thursday,23,11:00pm-11:59pm,21,21,1,This section IS ON the NHS,3,State Highway,SR-42 (ODOT 35),STRICKLAND CANYON RD,1,Rural,3,Principal Arterial - Other,1,State Highway Agency,672,672,43.11133889,43.11133889,-123.5157333,-123.51573333,0,No Special Jurisdiction,8,Pedestrian,0,Not a Collision with Motor Vehicle In-Transport,0,No,3,Intersection-Related,2,Four-Way Intersection,0,,1,On Roadway,2,Dark - Not Lighted,1,Clear,0,No Additional Atmospheric Conditions,1,Clear,0,No,0000000,Not Applicable,23,11:00pm-11:59pm,21,21,23,11:00pm-11:59pm,30,30,88,Not Applicable (Not Transported),88,Not Applicable (Not Transported),23,Indication of a Stalled/Disabled Vehicle,0,,0,,1,0
41,Oregon,410061,1,1,0,0,1,1,0,5,0,14,14,3,March,2015,7,Saturday,19,7:00pm-7:59pm,47,47,0,This section IS NOT on the NHS,4,County Road,CR-S WRIGHT RD,,1,Rural,5,Major Collector,2,County Highway Agency,3,3,45.15818056,45.15818056,-122.5316528,-122.53165278,0,No Special Jurisdiction,42,Tree (Standing Only),0,Not a Collision with Motor Vehicle In-Transport,0,No,1,Non-Junction,1,Not an Intersection,0,,4,On Roadside,2,Dark - Not Lighted,2,Rain,0,No Additional Atmospheric Conditions,2,Rain,0,No,0000000,Not Applicable,99,Unknown,99,Unknown,99,Unknown EMS Scene Arrival Hour,99,Unknown EMS Scene Arrival Minutes,88,Not Applicable (Not Transported),88,Not Applicable (Not Transported),0,,0,,0,,1,1
41,Oregon,410062,1,1,0,0,3,3,0,39,0,15,15,3,March,2015,1,Sunday,21,9:00pm-9:59pm,45,45,0,This section IS NOT on the NHS,4,County Road,CR-PENGRA RD,,1,Rural,5,Major Collector,2,County Highway Agency,23,23,43.94052222,43.94052222,-122.8230389,-122.82303889,0,No Special Jurisdiction,42,Tree (Standing Only),0,Not a Collision with Motor Vehicle In-Transport,0,No,1,Non-Junction,1,Not an Intersection,0,,4,On Roadside,2,Dark - Not Lighted,2,Rain,0,No Additional Atmospheric Conditions,2,Rain,0,No,0000000,Not Applicable,21,9:00pm-9:59pm,46,46,22,10:00pm-10:59pm,4,4,99,Unknown,99,Unknown EMS Hospital Arrival Time,0,,0,,0,,2,1
41,Oregon,410063,1,1,0,1,1,1,1,39,430,17,17,3,March,2015,3,Tuesday,20,8:00pm-8:59pm,48,48,1,This section IS ON the NHS,1,Interstate,I-5,,2,Urban,1,Interstate,1,State Highway Agency,1750,1750,43.81113333,43.81113333,-123.039925,-123.039925,0,No Special Jurisdiction,8,Pedestrian,0,Not a Collision with Motor Vehicle In-Transport,0,No,1,Non-Junction,1,Not an Intersection,0,,2,On Shoulder,2,Dark - Not Lighted,10,Cloudy,0,No Additional Atmospheric Conditions,10,Cloudy,0,No,0000000,Not Applicable,20,8:00pm-8:59pm,54,54,21,9:00pm-9:59pm,2,2,88,Not Applicable (Not Transported),88,Not Applicable (Not Transported),0,,0,,0,,1,0
41,Oregon,410064,1,1,0,0,1,1,0,39,0,18,18,3,March,2015,4,Wednesday,17,5:00pm-5:59pm,40,40,1,This section IS ON the NHS,3,State Highway,SR-58 (ODOT 18),,1,Rural,3,Principal Arterial - Other,1,State Highway Agency,157,157,43.89061944,43.89061944,-122.7327194,-122.73271944,0,No Special Jurisdiction,24,Guardrail Face,0,Not a Collision with Motor Vehicle In-Transport,0,No,1,Non-Junction,1,Not an Intersection,0,,4,On Roadside,1,Daylight,1,Clear,0,No Additional Atmospheric Conditions,1,Clear,0,No,0000000,Not Applicable,17,5:00pm-5:59pm,40,40,17,5:00pm-5:59pm,54,54,88,Not Applicable (Not Transported),88,Not Applicable (Not Transported),0,,0,,0,,1,1
41,Oregon,410065,1,1,0,1,1,1,1,35,1170,16,16,1,January,2015,6,Friday,19,7:00pm-7:59pm,22,22,0,This section IS NOT on the NHS,6,Local Street - Municipality,WASHBURN WAY,,2,Urban,4,Minor Arterial,4,City or Municipal Highway Agency,0,,42.19764722,42.19764722,-121.7571361,-121.75713611,0,No Special Jurisdiction,8,Pedestrian,0,Not a Collision with Motor Vehicle In-Transport,0,No,1,Non-Junction,1,Not an Intersection,0,,1,On Roadway,3,Dark - Lighted,10,Cloudy,0,No Additional Atmospheric Conditions,10,Cloudy,0,No,0000000,Not Applicable,19,7:00pm-7:59pm,23,23,19,7:00pm-7:59pm,27,27,19,7:00pm-7:59pm,44,44,0,,0,,0,,1,0
41,Oregon,410066,2,2,0,0,6,6,0,5,1360,25,25,1,January,2015,1,Sunday,15,3:00pm-3:59pm,36,36,1,This section IS ON the NHS,3,State Highway,SR-224 (ODOT 171),SE HARRISON ST,2,Urban,2,Principal Arterial - Other Freeways and Expressways,1,State Highway Agency,5,5,45.446525,45.446525,-122.6322972,-122.63229722,0,No Special Jurisdiction,12,Motor Vehicle In-Transport,6,Angle,1,Yes,2,Intersection,2,Four-Way Intersection,0,,1,On Roadway,1,Daylight,1,Clear,0,No Additional Atmospheric Conditions,1,Clear,0,No,0000000,Not Applicable,15,3:00pm-3:59pm,38,38,15,3:00pm-3:59pm,40,40,16,4:00pm-4:59pm,9,9,0,,0,,0,,1,0
41,Oregon,410067,1,1,0,1,1,1,1,5,0,26,26,1,January,2015,2,Monday,17,5:00pm-5:59pm,40,40,1,This section IS ON the NHS,3,State Highway,SR-99E (ODOT 81),,2,Urban,3,Principal Arterial - Other,1,State Highway Agency,71,71,45.42752778,45.42752778,-122.634225,-122.634225,0,No Special Jurisdiction,8,Pedestrian,0,Not a Collision with Motor Vehicle In-Transport,0,No,1,Non-Junction,1,Not an Intersection,0,,1,On Roadway,3,Dark - Lighted,5,"Fog, Smog, Smoke",0,No Additional Atmospheric Conditions,5,"Fog, Smog, Smoke",0,No,0000000,Not Applicable,17,5:00pm-5:59pm,42,42,17,5:00pm-5:59pm,48,48,18,6:00pm-6:59pm,12,12,0,,0,,0,,1,0
41,Oregon,410068,1,1,0,0,1,1,0,47,1810,19,19,3,March,2015,5,Thursday,21,9:00pm-9:59pm,48,48,0,This section IS NOT on the NHS,6,Local Street - Municipality,FAIRVIEW INDUSTRIAL DR SE,,2,Urban,4,Minor Arterial,4,City or Municipal Highway Agency,0,,44.90175278,44.90175278,-123.0146222,-123.01462222,0,No Special Jurisdiction,33,Curb,0,Not a Collision with Motor Vehicle In-Transport,0,No,1,Non-Junction,1,Not an Intersection,0,,4,On Roadside,3,Dark - Lighted,1,Clear,0,No Additional Atmospheric Conditions,1,Clear,0,No,0000000,Not Applicable,21,9:00pm-9:59pm,48,48,21,9:00pm-9:59pm,53,53,88,Not Applicable (Not Transported),88,Not Applicable (Not Transported),0,,0,,0,,1,1
41,Oregon,410069,1,1,0,0,5,5,0,61,0,19,19,3,March,2015,5,Thursday,19,7:00pm-7:59pm,13,13,1,This section IS ON the NHS,1,Interstate,I-84,,1,Rural,1,Interstate,1,State Highway Agency,2764,2764,45.09583056,45.09583056,-117.9530944,-117.95309444,0,No Special Jurisdiction,1,Rollover/Overturn,0,Not a Collision with Motor Vehicle In-Transport,0,No,1,Non-Junction,1,Not an Intersection,0,,3,On Median,1,Daylight,1,Clear,0,No Additional Atmospheric Conditions,1,Clear,0,No,0000000,Not Applicable,19,7:00pm-7:59pm,13,13,19,7:00pm-7:59pm,28,28,20,8:00pm-8:59pm,10,10,0,,0,,0,,1,0
41,Oregon,410070,2,2,0,0,3,3,0,33,0,21,21,3,March,2015,7,Saturday,12,12:00pm-12:59pm,52,52,0,This section IS NOT on the NHS,4,County Road,CR-FOOTHILL BLVD,CR-AURORA AVE,2,Urban,5,Major Collector,2,County Highway Agency,4,4,42.43733056,42.43733056,-123.2911,-123.2911,0,No Special Jurisdiction,12,Motor Vehicle In-Transport,6,Angle,0,No,2,Intersection,3,T-Intersection,0,,1,On Roadway,1,Daylight,1,Clear,0,No Additional Atmospheric Conditions,1,Clear,0,No,0000000,Not Applicable,12,12:00pm-12:59pm,52,52,12,12:00pm-12:59pm,58,58,13,1:00pm-1:59pm,25,25,0,,0,,0,,1,0
41,Oregon,410071,1,1,0,0,2,2,0,19,0,24,24,3,March,2015,3,Tuesday,12,12:00pm-12:59pm,5,5,1,This section IS ON the NHS,7,Local Street - Frontage Road,I-5 RAMP,DEL RIO RD,1,Rural,1,Interstate,1,State Highway Agency,1301,1301,43.29028611,43.29028611,-123.3566806,-123.35668056,0,No Special Jurisdiction,24,Guardrail Face,0,Not a Collision with Motor Vehicle In-Transport,1,Yes,3,Intersection-Related,3,T-Intersection,0,,4,On Roadside,1,Daylight,1,Clear,0,No Additional Atmospheric Conditions,1,Clear,0,No,0000000,Not Applicable,12,12:00pm-12:59pm,5,5,12,12:00pm-12:59pm,9,9,12,12:00pm-12:59pm,45,45,0,,0,,0,,1,0
41,Oregon,410072,2,2,0,0,3,3,0,17,0,25,25,3,March,2015,4,Wednesday,23,11:00pm-11:59pm,57,57,1,This section IS ON the NHS,2,U.S. Highway,US-97 (ODOT 4),,1,Rural,3,Principal Arterial - Other,1,State Highway Agency,1547,1547,43.85325,43.85325,-121.4147528,-121.41475278,0,No Special Jurisdiction,12,Motor Vehicle In-Transport,1,Front-to-Rear,0,No,1,Non-Junction,1,Not an Intersection,0,,1,On Roadway,2,Dark - Not Lighted,1,Clear,0,No Additional Atmospheric Conditions,1,Clear,0,No,0000000,Not Applicable,0,0:00am-0:59am,0,0,0,0:00am-0:59am,10,10,0,0:00am-0:59am,53,53,0,,0,,0,,1,0
41,Oregon,410073,2,2,0,0,4,4,0,39,0,28,28,3,March,2015,7,Saturday,10,10:00am-10:59am,20,20,1,This section IS ON the NHS,3,State Highway,SR-58 (ODOT 18),,1,Rural,3,Principal Arterial - Other,1,State Highway Agency,449,449,43.70971111,43.70971111,-122.2951889,-122.29518889,0,No Special Jurisdiction,12,Motor Vehicle In-Transport,2,Front-to-Front,0,No,1,Non-Junction,1,Not an Intersection,0,,1,On Roadway,1,Daylight,10,Cloudy,0,No Additional Atmospheric Conditions,10,Cloudy,0,No,0000000,Not Applicable,10,10:00am-10:59am,23,23,10,10:00am-10:59am,43,43,99,Unknown,99,Unknown EMS Hospital Arrival Time,0,,0,,0,,1,0
41,Oregon,410074,1,1,0,0,1,1,0,29,0,29,29,3,March,2015,1,Sunday,12,12:00pm-12:59pm,50,50,1,This section IS ON the NHS,3,State Highway,SR-140 (ODOT 270),,1,Rural,3,Principal Arterial - Other,1,State Highway Agency,270,270,42.38680833,42.38680833,-122.3841361,-122.38413611,0,No Special Jurisdiction,24,Guardrail Face,0,Not a Collision with Motor Vehicle In-Transport,0,No,1,Non-Junction,1,Not an Intersection,0,,4,On Roadside,1,Daylight,1,Clear,0,No Additional Atmospheric Conditions,1,Clear,0,No,0000000,Not Applicable,12,12:00pm-12:59pm,56,56,13,1:00pm-1:59pm,9,9,88,Not Applicable (Not Transported),88,Not Applicable (Not Transported),0,,0,,0,,1,0
41,Oregon,410075,2,1,1,0,2,1,1,71,1260,31,31,3,March,2015,3,Tuesday,11,11:00am-11:59am,15,15,0,This section IS NOT on the NHS,6,Local Street - Municipality,NE 4TH ST,NE EVANS ST,2,Urban,5,Major Collector,4,City or Municipal Highway Agency,0,,45.21073056,45.21073056,-123.1943417,-123.19434167,0,No Special Jurisdiction,14,Parked Motor Vehicle,0,Not a Collision with Motor Vehicle In-Transport,0,No,3,Intersection-Related,2,Four-Way Intersection,0,,1,On Roadway,1,Daylight,1,Clear,0,No Additional Atmospheric Conditions,1,Clear,0,No,0000000,Not Applicable,11,11:00am-11:59am,17,17,11,11:00am-11:59am,20,20,12,12:00pm-12:59pm,3,3,0,,0,,0,,1,0
41,Oregon,410076,1,1,0,0,1,1,0,57,0,1,1,4,April,2015,4,Wednesday,6,6:00am-6:59am,10,10,1,This section IS ON the NHS,2,U.S. Highway,US-101 (ODOT 9),,1,Rural,3,Principal Arterial - Other,1,State Highway Agency,1008,1008,45.07243889,45.07243889,-123.9482139,-123.94821389,0,No Special Jurisdiction,24,Guardrail Face,0,Not a Collision with Motor Vehicle In-Transport,0,No,1,Non-Junction,1,Not an Intersection,0,,4,On Roadside,2,Dark - Not Lighted,2,Rain,0,No Additional Atmospheric Conditions,2,Rain,0,No,0000000,Not Applicable,6,6:00am-6:59am,11,11,6,6:00am-6:59am,25,25,88,Not Applicable (Not Transported),88,Not Applicable (Not Transported),0,,0,,0,,1,0
41,Oregon,410077,2,2,0,0,6,6,0,29,0,2,2,4,April,2015,5,Thursday,12,12:00pm-12:59pm,5,5,0,This section IS NOT on the NHS,4,County Road,CR-BUTTE FALLS HWY,,1,Rural,5,Major Collector,2,County Highway Agency,5,5,42.53533056,42.53533056,-122.8021972,-122.80219722,0,No Special Jurisdiction,12,Motor Vehicle In-Transport,2,Front-to-Front,0,No,1,Non-Junction,1,Not an Intersection,0,,1,On Roadway,1,Daylight,1,Clear,0,No Additional Atmospheric Conditions,1,Clear,0,No,0000000,Not Applicable,12,12:00pm-12:59pm,5,5,12,12:00pm-12:59pm,21,21,13,1:00pm-1:59pm,8,8,0,,0,,0,,2,0
41,Oregon,410078,2,2,0,0,3,3,0,43,0,3,3,4,April,2015,6,Friday,14,2:00pm-2:59pm,51,51,1,This section IS ON the NHS,3,State Highway,SR-34 (ODOT 210),,1,Rural,3,Principal Arterial - Other,1,State Highway Agency,87,87,44.55586111,44.55586111,-123.0998667,-123.09986667,0,No Special Jurisdiction,12,Motor Vehicle In-Transport,6,Angle,0,No,1,Non-Junction,1,Not an Intersection,0,,1,On Roadway,1,Daylight,2,Rain,0,No Additional Atmospheric Conditions,2,Rain,0,No,0000000,Not Applicable,14,2:00pm-2:59pm,51,51,14,2:00pm-2:59pm,55,55,99,Unknown,99,Unknown EMS Hospital Arrival Time,0,,0,,0,,2,0
41,Oregon,410079,1,1,0,1,1,1,1,43,0,4,4,4,April,2015,7,Saturday,0,0:00am-0:59am,0,0,0,This section IS NOT on the NHS,7,Local Street - Frontage Road,CENTURY DR,,2,Urban,5,Major Collector,1,State Highway Agency,2353,2353,44.65921667,44.65921667,-123.0596528,-123.05965278,0,No Special Jurisdiction,8,Pedestrian,0,Not a Collision with Motor Vehicle In-Transport,0,No,1,Non-Junction,1,Not an Intersection,0,,1,On Roadway,2,Dark - Not Lighted,5,"Fog, Smog, Smoke",0,No Additional Atmospheric Conditions,5,"Fog, Smog, Smoke",0,No,0000000,Not Applicable,7,7:00am-7:59am,10,10,7,7:00am-7:59am,14,14,88,Not Applicable (Not Transported),88,Not Applicable (Not Transported),0,,0,,0,,1,0
41,Oregon,410080,1,1,0,1,1,1,1,67,180,5,5,4,April,2015,1,Sunday,23,11:00pm-11:59pm,27,27,0,This section IS NOT on the NHS,6,Local Street - Municipality,SW WALKER RD,,2,Urban,4,Minor Arterial,4,City or Municipal Highway Agency,0,,45.50048333,45.50048333,-122.8030889,-122.80308889,0,No Special Jurisdiction,8,Pedestrian,0,Not a Collision with Motor Vehicle In-Transport,0,No,1,Non-Junction,1,Not an Intersection,0,,1,On Roadway,2,Dark - Not Lighted,10,Cloudy,0,No Additional Atmospheric Conditions,10,Cloudy,0,No,0000000,Not Applicable,23,11:00pm-11:59pm,27,27,23,11:00pm-11:59pm,31,31,88,Not Applicable (Not Transported),88,Not Applicable (Not Transported),0,,0,,0,,1,0
41,Oregon,410081,2,2,0,0,3,3,0,41,0,6,6,4,April,2015,2,Monday,0,0:00am-0:59am,7,7,1,This section IS ON the NHS,2,U.S. Highway,US-20 (ODOT 33),,1,Rural,3,Principal Arterial - Other,1,State Highway Agency,279,279,44.61941667,44.61941667,-123.7019417,-123.70194167,0,No Special Jurisdiction,12,Motor Vehicle In-Transport,2,Front-to-Front,0,No,1,Non-Junction,1,Not an Intersection,0,,1,On Roadway,3,Dark - Lighted,10,Cloudy,0,No Additional Atmospheric Conditions,10,Cloudy,0,No,0000000,Not Applicable,0,0:00am-0:59am,7,7,0,0:00am-0:59am,26,26,1,1:00am-1:59am,52,52,0,,0,,0,,1,1
41,Oregon,410082,1,1,0,1,1,1,1,29,1310,7,7,4,April,2015,3,Tuesday,10,10:00am-10:59am,30,30,0,This section IS NOT on the NHS,8,Other,WALMART PARKING LOT,,6,Trafficway Not in State Inventory,96,Trafficway Not in State Inventory,96,Trafficway Not in State Inventory,21,21,42.36530556,42.36530556,-122.8586806,-122.85868056,0,No Special Jurisdiction,8,Pedestrian,0,Not a Collision with Motor Vehicle In-Transport,0,No,1,Non-Junction,1,Not an Intersection,0,,5,Outside Trafficway,1,Daylight,2,Rain,0,No Additional Atmospheric Conditions,2,Rain,0,No,0000000,Not Applicable,10,10:00am-10:59am,31,31,10,10:00am-10:59am,39,39,10,10:00am-10:59am,57,57,0,,0,,0,,1,0
41,Oregon,410083,2,2,0,0,2,2,0,43,0,9,9,4,April,2015,5,Thursday,19,7:00pm-7:59pm,5,5,0,This section IS NOT on the NHS,4,County Road,CR-AIRPORT RD,,1,Rural,4,Minor Arterial,2,County Highway Agency,3,3,44.526625,44.526625,-122.9453861,-122.94538611,0,No Special Jurisdiction,12,Motor Vehicle In-Transport,2,Front-to-Front,0,No,1,Non-Junction,1,Not an Intersection,0,,1,On Roadway,1,Daylight,1,Clear,0,No Additional Atmospheric Conditions,1,Clear,0,No,0000000,Not Applicable,19,7:00pm-7:59pm,5,5,19,7:00pm-7:59pm,10,10,20,8:00pm-8:59pm,2,2,0,,0,,0,,1,0
41,Oregon,410084,1,1,0,0,1,1,0,19,0,11,11,4,April,2015,7,Saturday,14,2:00pm-2:59pm,0,0,1,This section IS ON the NHS,3,State Highway,SR-38 (ODOT 45),,1,Rural,3,Principal Arterial - Other,1,State Highway Agency,488,488,43.6616,43.6616,-123.3469472,-123.34694722,0,No Special Jurisdiction,42,Tree (Standing Only),0,Not a Collision with Motor Vehicle In-Transport,0,No,1,Non-Junction,1,Not an Intersection,0,,4,On Roadside,1,Daylight,98,Not Reported,0,No Additional Atmospheric Conditions,98,Not Reported,0,No,0000000,Not Applicable,14,2:00pm-2:59pm,51,51,15,3:00pm-3:59pm,2,2,88,Not Applicable (Not Transported),88,Not Applicable (Not Transported),0,,0,,0,,1,0
41,Oregon,410085,1,1,0,0,3,3,0,59,0,11,11,4,April,2015,7,Saturday,20,8:00pm-8:59pm,10,10,0,This section IS NOT on the NHS,4,County Road,CR-WESTLAND RD,,1,Rural,5,Major Collector,2,County Highway Agency,26,26,45.82380556,45.82380556,-119.3491944,-119.34919444,0,No Special Jurisdiction,38,Fence,0,Not a Collision with Motor Vehicle In-Transport,0,No,1,Non-Junction,1,Not an Intersection,0,,5,Outside Trafficway,2,Dark - Not Lighted,1,Clear,0,No Additional Atmospheric Conditions,1,Clear,0,No,0000000,Not Applicable,20,8:00pm-8:59pm,12,12,20,8:00pm-8:59pm,20,20,99,Unknown,99,Unknown EMS Hospital Arrival Time,0,,0,,0,,1,1
41,Oregon,410086,1,1,0,0,4,4,0,19,0,12,12,4,April,2015,1,Sunday,12,12:00pm-12:59pm,1,1,0,This section IS NOT on the NHS,3,State Highway,SR-138E (ODOT 138),,1,Rural,4,Minor Arterial,1,State Highway Agency,420,420,43.32054167,43.32054167,-122.693925,-122.693925,0,No Special Jurisdiction,42,Tree (Standing Only),0,Not a Collision with Motor Vehicle In-Transport,0,No,1,Non-Junction,1,Not an Intersection,0,,4,On Roadside,1,Daylight,98,Not Reported,0,No Additional Atmospheric Conditions,98,Not Reported,0,No,0000000,Not Applicable,13,1:00pm-1:59pm,30,30,14,2:00pm-2:59pm,0,0,99,Unknown,99,Unknown EMS Hospital Arrival Time,0,,0,,0,,2,0
41,Oregon,410087,1,1,0,0,8,8,0,61,0,12,12,4,April,2015,1,Sunday,3,3:00am-3:59am,0,0,1,This section IS ON the NHS,1,Interstate,I-84,,1,Rural,1,Interstate,1,State Highway Agency,2743,2743,45.14546667,45.14546667,-117.9701139,-117.97011389,0,No Special Jurisdiction,1,Rollover/Overturn,0,Not a Collision with Motor Vehicle In-Transport,0,No,1,Non-Junction,1,Not an Intersection,0,,4,On Roadside,2,Dark - Not Lighted,1,Clear,0,No Additional Atmospheric Conditions,1,Clear,0,No,0000000,Not Applicable,3,3:00am-3:59am,7,7,3,3:00am-3:59am,43,43,4,4:00am-4:59am,41,41,0,,0,,0,,1,0
41,Oregon,410088,1,1,0,0,1,1,0,17,0,12,12,4,April,2015,1,Sunday,18,6:00pm-6:59pm,35,35,0,This section IS NOT on the NHS,4,County Road,CR-HELMHOLTZ AVE,,1,Rural,5,Major Collector,2,County Highway Agency,0,,44.31437222,44.31437222,-121.2166389,-121.21663889,0,No Special Jurisdiction,42,Tree (Standing Only),0,Not a Collision with Motor Vehicle In-Transport,0,No,1,Non-Junction,1,Not an Intersection,0,,4,On Roadside,1,Daylight,1,Clear,0,No Additional Atmospheric Conditions,1,Clear,0,No,0000000,Not Applicable,18,6:00pm-6:59pm,35,35,18,6:00pm-6:59pm,45,45,88,Not Applicable (Not Transported),88,Not Applicable (Not Transported),0,,0,,0,,1,0
41,Oregon,410089,1,1,0,0,1,1,0,51,1650,15,15,4,April,2015,4,Wednesday,1,1:00am-1:59am,27,27,0,This section IS NOT on the NHS,6,Local Street - Municipality,NE AIRPORT WAY,,2,Urban,4,Minor Arterial,4,City or Municipal Highway Agency,0,,45.55955278,45.55955278,-122.5129444,-122.51294444,0,No Special Jurisdiction,30,Utility Pole/Light Support,0,Not a Collision with Motor Vehicle In-Transport,0,No,1,Non-Junction,1,Not an Intersection,0,,4,On Roadside,3,Dark - Lighted,10,Cloudy,0,No Additional Atmospheric Conditions,10,Cloudy,0,No,0000000,Not Applicable,0,0:00am-0:59am,0,0,0,0:00am-0:59am,0,0,88,Not Applicable (Not Transported),88,Not Applicable (Not Transported),0,,0,,0,,1,1
41,Oregon,410090,1,1,0,0,1,1,0,47,0,17,17,4,April,2015,6,Friday,15,3:00pm-3:59pm,12,12,0,This section IS NOT on the NHS,3,State Highway,SR-214 (ODOT 163),,1,Rural,5,Major Collector,1,State Highway Agency,319,319,44.93024444,44.93024444,-122.668975,-122.668975,0,No Special Jurisdiction,42,Tree (Standing Only),0,Not a Collision with Motor Vehicle In-Transport,0,No,1,Non-Junction,1,Not an Intersection,0,,4,On Roadside,1,Daylight,1,Clear,0,No Additional Atmospheric Conditions,1,Clear,0,No,0000000,Not Applicable,15,3:00pm-3:59pm,12,12,99,Unknown EMS Scene Arrival Hour,99,Unknown EMS Scene Arrival Minutes,99,Unknown,99,Unknown EMS Hospital Arrival Time,0,,0,,0,,1,0
41,Oregon,410091,1,1,0,0,5,5,0,35,0,18,18,4,April,2015,7,Saturday,17,5:00pm-5:59pm,27,27,0,This section IS NOT on the NHS,4,County Road,CR-SILVER LAKE RD,,1,Rural,5,Major Collector,2,County Highway Agency,295,295,43.06936944,43.06936944,-121.4285139,-121.42851389,0,No Special Jurisdiction,1,Rollover/Overturn,0,Not a Collision with Motor Vehicle In-Transport,0,No,1,Non-Junction,1,Not an Intersection,0,,4,On Roadside,1,Daylight,1,Clear,0,No Additional Atmospheric Conditions,1,Clear,0,No,0000000,Not Applicable,17,5:00pm-5:59pm,27,27,18,6:00pm-6:59pm,29,29,99,Unknown,99,Unknown EMS Hospital Arrival Time,22,Speed Limit is a Statutory Limit as Recorded or was determined as this state`s `basic rule`,0,,0,,1,1
41,Oregon,410092,1,1,0,0,5,5,0,61,0,18,18,4,April,2015,7,Saturday,17,5:00pm-5:59pm,42,42,0,This section IS NOT on the NHS,4,County Road,CR-MONROE LN,,1,Rural,7,Local,2,County Highway Agency,0,,45.42403611,45.42403611,-118.0339528,-118.03395278,0,No Special Jurisdiction,34,Ditch,0,Not a Collision with Motor Vehicle In-Transport,0,No,1,Non-Junction,1,Not an Intersection,0,,4,On Roadside,1,Daylight,1,Clear,0,No Additional Atmospheric Conditions,1,Clear,0,No,0000000,Not Applicable,17,5:00pm-5:59pm,42,42,17,5:00pm-5:59pm,50,50,99,Unknown,99,Unknown EMS Hospital Arrival Time,0,,0,,0,,1,1
41,Oregon,410093,1,1,0,0,3,3,0,33,0,18,18,4,April,2015,7,Saturday,23,11:00pm-11:59pm,29,29,0,This section IS NOT on the NHS,4,County Road,CR-HOLLAND LOOP RD,,1,Rural,6,Minor Collector,2,County Highway Agency,5,5,42.14767222,42.14767222,-123.539425,-123.539425,0,No Special Jurisdiction,42,Tree (Standing Only),0,Not a Collision with Motor Vehicle In-Transport,0,No,1,Non-Junction,1,Not an Intersection,0,,4,On Roadside,2,Dark - Not Lighted,1,Clear,0,No Additional Atmospheric Conditions,1,Clear,0,No,0000000,Not Applicable,23,11:00pm-11:59pm,29,29,23,11:00pm-11:59pm,39,39,99,Unknown,99,Unknown EMS Hospital Arrival Time,0,,0,,0,,1,1
41,Oregon,410094,2,2,0,0,2,2,0,67,0,18,18,4,April,2015,7,Saturday,11,11:00am-11:59am,50,50,0,This section IS NOT on the NHS,3,State Highway,SR-47 (ODOT 29),CR-OLD HWY 47,2,Urban,4,Minor Arterial,1,State Highway Agency,204,204,45.48508889,45.48508889,-123.1267972,-123.12679722,0,No Special Jurisdiction,12,Motor Vehicle In-Transport,98,Not Reported,0,No,2,Intersection,3,T-Intersection,0,,1,On Roadway,1,Daylight,1,Clear,0,No Additional Atmospheric Conditions,1,Clear,0,No,0000000,Not Applicable,11,11:00am-11:59am,53,53,12,12:00pm-12:59pm,0,0,12,12:00pm-12:59pm,51,51,0,,0,,0,,1,0
41,Oregon,410095,1,1,0,0,3,3,0,19,0,18,18,4,April,2015,7,Saturday,23,11:00pm-11:59pm,41,41,0,This section IS NOT on the NHS,4,County Road,CR-PACKSADDLE LN,,1,Rural,6,Minor Collector,2,County Highway Agency,44,44,43.06403333,43.06403333,-123.1829639,-123.18296389,0,No Special Jurisdiction,1,Rollover/Overturn,0,Not a Collision with Motor Vehicle In-Transport,0,No,1,Non-Junction,1,Not an Intersection,0,,4,On Roadside,2,Dark - Not Lighted,1,Clear,0,No Additional Atmospheric Conditions,1,Clear,0,No,0000000,Not Applicable,23,11:00pm-11:59pm,41,41,23,11:00pm-11:59pm,50,50,1,1:00am-1:59am,51,51,0,,0,,0,,1,1
41,Oregon,410096,1,1,0,0,2,2,0,51,1650,19,19,4,April,2015,1,Sunday,2,2:00am-2:59am,53,53,1,This section IS ON the NHS,6,Local Street - Municipality,NE COLUMBIA BLVD,,2,Urban,3,Principal Arterial - Other,4,City or Municipal Highway Agency,0,,45.57439167,45.57439167,-122.6340861,-122.63408611,0,No Special Jurisdiction,21,Bridge Pier or Support,0,Not a Collision with Motor Vehicle In-Transport,0,No,1,Non-Junction,1,Not an Intersection,0,,4,On Roadside,3,Dark - Lighted,1,Clear,0,No Additional Atmospheric Conditions,1,Clear,0,No,0000000,Not Applicable,2,2:00am-2:59am,53,53,2,2:00am-2:59am,58,58,3,3:00am-3:59am,26,26,0,,0,,0,,1,1
41,Oregon,410097,1,1,0,0,1,1,0,43,1342,19,19,4,April,2015,1,Sunday,20,8:00pm-8:59pm,46,46,0,This section IS NOT on the NHS,6,Local Street - Municipality,CONSER RD,,2,Urban,7,Local,4,City or Municipal Highway Agency,0,,44.68110556,44.68110556,-123.0619611,-123.06196111,0,No Special Jurisdiction,33,Curb,0,Not a Collision with Motor Vehicle In-Transport,0,No,1,Non-Junction,1,Not an Intersection,0,,3,On Median,2,Dark - Not Lighted,1,Clear,0,No Additional Atmospheric Conditions,1,Clear,0,No,0000000,Not Applicable,20,8:00pm-8:59pm,48,48,20,8:00pm-8:59pm,56,56,99,Unknown,99,Unknown EMS Hospital Arrival Time,0,,0,,0,,1,1
41,Oregon,410098,1,1,0,0,4,4,0,39,660,20,20,4,April,2015,2,Monday,2,2:00am-2:59am,15,15,0,This section IS NOT on the NHS,6,Local Street - Municipality,MARTIN LUTHER KING BLVD,,2,Urban,4,Minor Arterial,4,City or Municipal Highway Agency,0,,44.05959444,44.05959444,-123.06325,-123.06325,0,No Special Jurisdiction,42,Tree (Standing Only),0,Not a Collision with Motor Vehicle In-Transport,0,No,1,Non-Junction,1,Not an Intersection,0,,4,On Roadside,3,Dark - Lighted,1,Clear,0,No Additional Atmospheric Conditions,1,Clear,0,No,0000000,Not Applicable,2,2:00am-2:59am,16,16,2,2:00am-2:59am,23,23,3,3:00am-3:59am,14,14,0,,0,,0,,2,1
41,Oregon,410099,2,2,0,0,2,2,0,5,1360,20,20,4,April,2015,2,Monday,3,3:00am-3:59am,11,11,1,This section IS ON the NHS,3,State Highway,SR-99 (ODOT 81),SE MILPORT RD,2,Urban,3,Principal Arterial - Other,1,State Highway Agency,52,52,45.45286944,45.45286944,-122.6412389,-122.64123889,0,No Special Jurisdiction,12,Motor Vehicle In-Transport,1,Front-to-Rear,0,No,3,Intersection-Related,3,T-Intersection,0,,1,On Roadway,3,Dark - Lighted,1,Clear,0,No Additional Atmospheric Conditions,1,Clear,0,No,0000000,Not Applicable,3,3:00am-3:59am,11,11,3,3:00am-3:59am,16,16,88,Not Applicable (Not Transported),88,Not Applicable (Not Transported),0,,0,,0,,1,1
41,Oregon,410100,2,2,0,0,2,2,0,49,0,22,22,4,April,2015,4,Wednesday,13,1:00pm-1:59pm,10,10,0,This section IS NOT on the NHS,3,State Highway,SR-207 (ODOT 320),,1,Rural,4,Minor Arterial,1,State Highway Agency,8,8,45.45596944,45.45596944,-119.6782528,-119.67825278,0,No Special Jurisdiction,12,Motor Vehicle In-Transport,6,Angle,0,No,1,Non-Junction,1,Not an Intersection,0,,1,On Roadway,1,Daylight,1,Clear,0,No Additional Atmospheric Conditions,1,Clear,0,No,0000000,Not Applicable,13,1:00pm-1:59pm,11,11,13,1:00pm-1:59pm,15,15,13,1:00pm-1:59pm,45,45,0,,0,,0,,1,0
41,Oregon,410101,1,1,0,1,4,4,1,29,0,21,21,4,April,2015,3,Tuesday,20,8:00pm-8:59pm,46,46,1,This section IS ON the NHS,3,State Highway,SR-99 (ODOT 63),,2,Urban,3,Principal Arterial - Other,1,State Highway Agency,40,40,42.35855833,42.35855833,-122.9040611,-122.90406111,0,No Special Jurisdiction,15,Non-Motorist on Personal Conveyance,0,Not a Collision with Motor Vehicle In-Transport,0,No,1,Non-Junction,1,Not an Intersection,0,,1,On Roadway,2,Dark - Not Lighted,1,Clear,0,No Additional Atmospheric Conditions,1,Clear,0,No,0000000,Not Applicable,20,8:00pm-8:59pm,47,47,20,8:00pm-8:59pm,53,53,21,9:00pm-9:59pm,22,22,0,,0,,0,,1,0
41,Oregon,410102,1,1,0,0,2,2,0,39,0,22,22,4,April,2015,4,Wednesday,17,5:00pm-5:59pm,20,20,0,This section IS NOT on the NHS,4,County Road,CR-POODLE CREEK RD,,1,Rural,5,Major Collector,2,County Highway Agency,26,26,44.10158333,44.10158333,-123.4570944,-123.45709444,0,No Special Jurisdiction,38,Fence,0,Not a Collision with Motor Vehicle In-Transport,0,No,1,Non-Junction,1,Not an Intersection,0,,5,Outside Trafficway,1,Daylight,1,Clear,0,No Additional Atmospheric Conditions,1,Clear,0,No,0000000,Not Applicable,17,5:00pm-5:59pm,18,18,17,5:00pm-5:59pm,53,53,18,6:00pm-6:59pm,11,11,0,,0,,0,,1,1
41,Oregon,410103,1,1,0,0,1,1,0,47,0,23,23,4,April,2015,5,Thursday,21,9:00pm-9:59pm,12,12,0,This section IS NOT on the NHS,3,State Highway,SR-219 (ODOT 140),CR-FRENCH PRAIRIE,1,Rural,4,Minor Arterial,1,State Highway Agency,330,330,45.20845,45.20845,-122.9378639,-122.93786389,0,No Special Jurisdiction,42,Tree (Standing Only),0,Not a Collision with Motor Vehicle In-Transport,0,No,3,Intersection-Related,2,Four-Way Intersection,0,,4,On Roadside,2,Dark - Not Lighted,10,Cloudy,0,No Additional Atmospheric Conditions,10,Cloudy,0,No,0000000,Not Applicable,99,Unknown,99,Unknown,99,Unknown EMS Scene Arrival Hour,99,Unknown EMS Scene Arrival Minutes,88,Not Applicable (Not Transported),88,Not Applicable (Not Transported),0,,0,,0,,1,1
41,Oregon,410104,1,1,0,0,1,1,0,3,0,24,24,4,April,2015,6,Friday,15,3:00pm-3:59pm,3,3,0,This section IS NOT on the NHS,3,State Highway,SR-99W (ODOT 91),,1,Rural,4,Minor Arterial,1,State Highway Agency,999,999,44.31284444,44.31284444,-123.29545,-123.29545,0,No Special Jurisdiction,42,Tree (Standing Only),0,Not a Collision with Motor Vehicle In-Transport,0,No,1,Non-Junction,1,Not an Intersection,0,,4,On Roadside,1,Daylight,10,Cloudy,0,No Additional Atmospheric Conditions,10,Cloudy,0,No,0000000,Not Applicable,15,3:00pm-3:59pm,4,4,15,3:00pm-3:59pm,11,11,88,Not Applicable (Not Transported),88,Not Applicable (Not Transported),0,,0,,0,,1,0
41,Oregon,410105,1,1,0,0,1,1,0,67,0,24,24,4,April,2015,6,Friday,3,3:00am-3:59am,13,13,0,This section IS NOT on the NHS,4,County Road,CR-SW MIDWAY RD,CR-SW VANDERSCHUERE RD,1,Rural,6,Minor Collector,2,County Highway Agency,0,,45.39685,45.39685,-122.9602222,-122.96022222,0,No Special Jurisdiction,42,Tree (Standing Only),0,Not a Collision with Motor Vehicle In-Transport,0,No,3,Intersection-Related,3,T-Intersection,0,,4,On Roadside,2,Dark - Not Lighted,10,Cloudy,0,No Additional Atmospheric Conditions,10,Cloudy,0,No,0000000,Not Applicable,3,3:00am-3:59am,13,13,3,3:00am-3:59am,18,18,88,Not Applicable (Not Transported),88,Not Applicable (Not Transported),0,,0,,0,,1,0
41,Oregon,410106,1,1,0,1,1,1,1,51,880,25,25,4,April,2015,7,Saturday,20,8:00pm-8:59pm,40,40,1,This section IS ON the NHS,6,Local Street - Municipality,POWELL BLVD,,2,Urban,3,Principal Arterial - Other,1,State Highway Agency,0,,45.49173333,45.49173333,-122.4817444,-122.48174444,0,No Special Jurisdiction,8,Pedestrian,0,Not a Collision with Motor Vehicle In-Transport,0,No,1,Non-Junction,1,Not an Intersection,0,,1,On Roadway,1,Daylight,1,Clear,0,No Additional Atmospheric Conditions,1,Clear,0,No,0000000,Not Applicable,20,8:00pm-8:59pm,39,39,20,8:00pm-8:59pm,40,40,88,Not Applicable (Not Transported),88,Not Applicable (Not Transported),0,,0,,0,,1,0
41,Oregon,410107,1,1,0,0,2,2,0,59,0,26,26,4,April,2015,1,Sunday,2,2:00am-2:59am,0,0,1,This section IS ON the NHS,1,Interstate,I-84,,1,Rural,1,Interstate,1,State Highway Agency,2380,2380,45.49395,45.49395,-118.4146722,-118.41467222,0,No Special Jurisdiction,1,Rollover/Overturn,0,Not a Collision with Motor Vehicle In-Transport,0,No,1,Non-Junction,1,Not an Intersection,0,,3,On Median,2,Dark - Not Lighted,1,Clear,0,No Additional Atmospheric Conditions,1,Clear,0,No,0000000,Not Applicable,2,2:00am-2:59am,14,14,3,3:00am-3:59am,0,0,3,3:00am-3:59am,54,54,0,,0,,0,,2,0
41,Oregon,410108,1,1,0,0,2,2,0,19,0,26,26,4,April,2015,1,Sunday,15,3:00pm-3:59pm,17,17,0,This section IS NOT on the NHS,4,County Road,CR-BUCKHORN RD,,1,Rural,5,Major Collector,2,County Highway Agency,32,32,43.20583611,43.20583611,-123.1780417,-123.17804167,0,No Special Jurisdiction,58,Ground,0,Not a Collision with Motor Vehicle In-Transport,0,No,1,Non-Junction,1,Not an Intersection,0,,5,Outside Trafficway,1,Daylight,10,Cloudy,0,No Additional Atmospheric Conditions,10,Cloudy,0,No,0000000,Not Applicable,15,3:00pm-3:59pm,17,17,15,3:00pm-3:59pm,25,25,16,4:00pm-4:59pm,21,21,0,,0,,0,,1,0
41,Oregon,410109,1,1,0,1,1,1,1,29,0,26,26,4,April,2015,1,Sunday,21,9:00pm-9:59pm,5,5,1,This section IS ON the NHS,3,State Highway,SR-99 (ODOT 63),,2,Urban,3,Principal Arterial - Other,1,State Highway Agency,149,149,42.23937222,42.23937222,-122.7733444,-122.77334444,0,No Special Jurisdiction,8,Pedestrian,0,Not a Collision with Motor Vehicle In-Transport,0,No,1,Non-Junction,1,Not an Intersection,0,,1,On Roadway,2,Dark - Not Lighted,1,Clear,0,No Additional Atmospheric Conditions,1,Clear,0,No,0000000,Not Applicable,21,9:00pm-9:59pm,7,7,21,9:00pm-9:59pm,11,11,21,9:00pm-9:59pm,34,34,0,,0,,0,,1,0
41,Oregon,410110,2,2,0,0,2,2,0,19,0,1,1,5,May,2015,6,Friday,8,8:00am-8:59am,50,50,1,This section IS ON the NHS,3,State Highway,SR-42 (ODOT 35),CR-CARNES RD,2,Urban,3,Principal Arterial - Other,1,State Highway Agency,757,757,43.14581944,43.14581944,-123.3805583,-123.38055833,0,No Special Jurisdiction,12,Motor Vehicle In-Transport,6,Angle,0,No,2,Intersection,2,Four-Way Intersection,0,,1,On Roadway,1,Daylight,1,Clear,0,No Additional Atmospheric Conditions,1,Clear,0,No,0000000,Not Applicable,8,8:00am-8:59am,52,52,8,8:00am-8:59am,58,58,99,Unknown,99,Unknown EMS Hospital Arrival Time,0,,0,,0,,1,0
41,Oregon,410111,2,2,0,0,4,4,0,11,0,3,3,5,May,2015,1,Sunday,15,3:00pm-3:59pm,25,25,0,This section IS NOT on the NHS,3,State Highway,SR-42S (ODOT 244),CR-LAMPA LN,1,Rural,4,Minor Arterial,1,State Highway Agency,73,73,43.11588333,43.11588333,-124.2914667,-124.29146667,0,No Special Jurisdiction,12,Motor Vehicle In-Transport,6,Angle,0,No,2,Intersection,3,T-Intersection,0,,1,On Roadway,1,Daylight,1,Clear,0,No Additional Atmospheric Conditions,1,Clear,0,No,0000000,Not Applicable,15,3:00pm-3:59pm,25,25,15,3:00pm-3:59pm,38,38,99,Unknown,99,Unknown EMS Hospital Arrival Time,0,,0,,0,,1,0
41,Oregon,410112,1,1,0,0,1,1,0,5,0,3,3,5,May,2015,1,Sunday,21,9:00pm-9:59pm,45,45,0,This section IS NOT on the NHS,4,County Road,CR-S MULINO RD,,1,Rural,5,Major Collector,2,County Highway Agency,35,35,45.23804722,45.23804722,-122.6365639,-122.63656389,0,No Special Jurisdiction,42,Tree (Standing Only),0,Not a Collision with Motor Vehicle In-Transport,0,No,1,Non-Junction,1,Not an Intersection,0,,4,On Roadside,2,Dark - Not Lighted,1,Clear,0,No Additional Atmospheric Conditions,1,Clear,0,No,0000000,Not Applicable,21,9:00pm-9:59pm,45,45,99,Unknown EMS Scene Arrival Hour,99,Unknown EMS Scene Arrival Minutes,88,Not Applicable (Not Transported),88,Not Applicable (Not Transported),0,,0,,0,,1,1
41,Oregon,410113,2,2,0,0,3,3,0,45,0,3,3,5,May,2015,1,Sunday,10,10:00am-10:59am,20,20,1,This section IS ON the NHS,2,U.S. Highway,US-95 (ODOT 456),,1,Rural,3,Principal Arterial - Other,1,State Highway Agency,391,391,42.98671389,42.98671389,-117.151825,-117.151825,0,No Special Jurisdiction,1,Rollover/Overturn,0,Not a Collision with Motor Vehicle In-Transport,0,No,1,Non-Junction,1,Not an Intersection,0,,1,On Roadway,1,Daylight,1,Clear,0,No Additional Atmospheric Conditions,1,Clear,0,No,0000000,Not Applicable,10,10:00am-10:59am,29,29,11,11:00am-11:59am,45,45,13,1:00pm-1:59pm,21,21,0,,0,,0,,1,0
41,Oregon,410114,1,1,0,0,1,1,0,35,0,3,3,5,May,2015,1,Sunday,14,2:00pm-2:59pm,32,32,0,This section IS NOT on the NHS,4,County Road,CR-KENO WORDEN RD,,1,Rural,6,Minor Collector,2,County Highway Agency,45,45,42.07201389,42.07201389,-121.8859222,-121.88592222,0,No Special Jurisdiction,34,Ditch,0,Not a Collision with Motor Vehicle In-Transport,0,No,1,Non-Junction,1,Not an Intersection,0,,4,On Roadside,1,Daylight,1,Clear,0,No Additional Atmospheric Conditions,1,Clear,0,No,0000000,Not Applicable,99,Unknown,99,Unknown,99,Unknown EMS Scene Arrival Hour,99,Unknown EMS Scene Arrival Minutes,88,Not Applicable (Not Transported),88,Not Applicable (Not Transported),0,,0,,0,,1,1
41,Oregon,410115,1,1,0,0,1,1,0,67,0,8,8,5,May,2015,6,Friday,18,6:00pm-6:59pm,48,48,0,This section IS NOT on the NHS,4,County Road,CR-GALES CREEK RD,,1,Rural,4,Minor Arterial,2,County Highway Agency,0,,45.59317778,45.59317778,-123.215975,-123.215975,0,No Special Jurisdiction,34,Ditch,0,Not a Collision with Motor Vehicle In-Transport,0,No,1,Non-Junction,1,Not an Intersection,0,,4,On Roadside,1,Daylight,1,Clear,0,No Additional Atmospheric Conditions,1,Clear,0,No,0000000,Not Applicable,18,6:00pm-6:59pm,48,48,19,7:00pm-7:59pm,3,3,88,Not Applicable (Not Transported),88,Not Applicable (Not Transported),0,,0,,0,,1,1
41,Oregon,410116,1,1,0,0,3,3,0,19,0,10,10,5,May,2015,1,Sunday,17,5:00pm-5:59pm,0,0,0,This section IS NOT on the NHS,4,County Road,CR-DEADY CROSSING RD,,1,Rural,7,Local,2,County Highway Agency,8,8,43.35411389,43.35411389,-123.3260444,-123.32604444,0,No Special Jurisdiction,52,Guardrail End,0,Not a Collision with Motor Vehicle In-Transport,0,No,1,Non-Junction,1,Not an Intersection,0,,4,On Roadside,1,Daylight,1,Clear,0,No Additional Atmospheric Conditions,1,Clear,0,No,0000000,Not Applicable,17,5:00pm-5:59pm,5,5,17,5:00pm-5:59pm,15,15,17,5:00pm-5:59pm,46,46,0,,0,,0,,1,0
41,Oregon,410117,1,1,0,0,1,1,0,53,0,11,11,5,May,2015,2,Monday,7,7:00am-7:59am,30,30,0,This section IS NOT on the NHS,4,County Road,CR-LONE STAR RD NW,,1,Rural,7,Local,2,County Highway Agency,10,10,45.07166944,45.07166944,-123.1080667,-123.10806667,0,No Special Jurisdiction,1,Rollover/Overturn,0,Not a Collision with Motor Vehicle In-Transport,0,No,1,Non-Junction,1,Not an Intersection,0,,4,On Roadside,1,Daylight,10,Cloudy,0,No Additional Atmospheric Conditions,10,Cloudy,0,No,0000000,Not Applicable,8,8:00am-8:59am,16,16,8,8:00am-8:59am,25,25,88,Not Applicable (Not Transported),88,Not Applicable (Not Transported),0,,0,,0,,1,0
41,Oregon,410118,1,1,0,0,3,3,0,51,1650,17,17,5,May,2015,1,Sunday,19,7:00pm-7:59pm,53,53,0,This section IS NOT on the NHS,6,Local Street - Municipality,NW SKYLINE BLVD,,2,Urban,5,Major Collector,4,City or Municipal Highway Agency,0,,45.52383611,45.52383611,-122.7453583,-122.74535833,0,No Special Jurisdiction,1,Rollover/Overturn,0,Not a Collision with Motor Vehicle In-Transport,0,No,1,Non-Junction,1,Not an Intersection,0,,1,On Roadway,1,Daylight,1,Clear,0,No Additional Atmospheric Conditions,1,Clear,0,No,0000000,Not Applicable,19,7:00pm-7:59pm,53,53,20,8:00pm-8:59pm,13,13,20,8:00pm-8:59pm,33,33,0,,0,,0,,2,1
41,Oregon,410119,2,2,0,0,3,3,0,39,0,19,19,5,May,2015,3,Tuesday,8,8:00am-8:59am,56,56,1,This section IS ON the NHS,3,State Highway,SR-126W (ODOT 62),,1,Rural,3,Principal Arterial - Other,1,State Highway Agency,526,526,44.05413889,44.05413889,-123.2347056,-123.23470556,0,No Special Jurisdiction,11,Live Animal,0,Not a Collision with Motor Vehicle In-Transport,0,No,1,Non-Junction,1,Not an Intersection,0,,1,On Roadway,1,Daylight,10,Cloudy,0,No Additional Atmospheric Conditions,10,Cloudy,0,No,0000000,Not Applicable,8,8:00am-8:59am,58,58,9,9:00am-9:59am,2,2,9,9:00am-9:59am,35,35,14,"Motor Vehicle struck by falling cargo,or something that came loose from or something that was set in motion by a vehicle",0,,0,,1,0
41,Oregon,410120,3,3,0,0,3,3,0,43,0,3,3,5,May,2015,1,Sunday,11,11:00am-11:59am,42,42,0,This section IS NOT on the NHS,3,State Highway,SR-99E (ODOT 58),BOSTON MILL DR,1,Rural,4,Minor Arterial,1,State Highway Agency,143,143,44.46163889,44.46163889,-123.1102944,-123.11029444,0,No Special Jurisdiction,12,Motor Vehicle In-Transport,6,Angle,0,No,2,Intersection,2,Four-Way Intersection,0,,1,On Roadway,1,Daylight,1,Clear,0,No Additional Atmospheric Conditions,1,Clear,0,No,0000000,Not Applicable,11,11:00am-11:59am,43,43,11,11:00am-11:59am,51,51,99,Unknown,99,Unknown EMS Hospital Arrival Time,0,,0,,0,,1,0
41,Oregon,410121,2,2,0,0,3,3,0,35,0,20,20,5,May,2015,4,Wednesday,18,6:00pm-6:59pm,36,36,1,This section IS ON the NHS,3,State Highway,SR-140W (ODOT 270),,1,Rural,3,Principal Arterial - Other,1,State Highway Agency,619,619,42.26974167,42.26974167,-121.880275,-121.880275,0,No Special Jurisdiction,12,Motor Vehicle In-Transport,2,Front-to-Front,0,No,1,Non-Junction,1,Not an Intersection,0,,1,On Roadway,1,Daylight,1,Clear,0,No Additional Atmospheric Conditions,1,Clear,0,No,0000000,Not Applicable,18,6:00pm-6:59pm,36,36,18,6:00pm-6:59pm,49,49,99,Unknown,99,Unknown EMS Hospital Arrival Time,0,,0,,0,,1,1
41,Oregon,410122,1,1,0,0,2,2,0,43,0,21,21,5,May,2015,5,Thursday,2,2:00am-2:59am,37,37,0,This section IS NOT on the NHS,4,County Road,CR-E LYONS-MILL CITY DR,,1,Rural,5,Major Collector,2,County Highway Agency,48,48,44.75560278,44.75560278,-122.5251056,-122.52510556,0,No Special Jurisdiction,1,Rollover/Overturn,0,Not a Collision with Motor Vehicle In-Transport,0,No,1,Non-Junction,1,Not an Intersection,0,,4,On Roadside,2,Dark - Not Lighted,2,Rain,0,No Additional Atmospheric Conditions,2,Rain,0,No,0000000,Not Applicable,2,2:00am-2:59am,37,37,2,2:00am-2:59am,45,45,99,Unknown,99,Unknown EMS Hospital Arrival Time,0,,0,,0,,1,1
41,Oregon,410123,2,2,0,0,3,3,0,39,0,21,21,5,May,2015,5,Thursday,16,4:00pm-4:59pm,9,9,1,This section IS ON the NHS,3,State Highway,SR-58 (ODOT 18),,1,Rural,3,Principal Arterial - Other,1,State Highway Agency,190,190,43.889725,43.889725,-122.7247028,-122.72470278,0,No Special Jurisdiction,12,Motor Vehicle In-Transport,2,Front-to-Front,0,No,1,Non-Junction,1,Not an Intersection,0,,1,On Roadway,1,Daylight,10,Cloudy,0,No Additional Atmospheric Conditions,10,Cloudy,0,No,0000000,Not Applicable,16,4:00pm-4:59pm,9,9,16,4:00pm-4:59pm,19,19,99,Unknown,99,Unknown EMS Hospital Arrival Time,0,,0,,0,,1,0
41,Oregon,410124,1,1,0,0,2,2,0,71,0,21,21,5,May,2015,5,Thursday,20,8:00pm-8:59pm,35,35,0,This section IS NOT on the NHS,4,County Road,CR-GILBERT CREEK RD,,1,Rural,6,Minor Collector,2,County Highway Agency,9,9,45.16798611,45.16798611,-123.5301528,-123.53015278,0,No Special Jurisdiction,34,Ditch,0,Not a Collision with Motor Vehicle In-Transport,0,No,1,Non-Junction,1,Not an Intersection,0,,4,On Roadside,5,Dusk,10,Cloudy,0,No Additional Atmospheric Conditions,10,Cloudy,0,No,0000000,Not Applicable,20,8:00pm-8:59pm,37,37,20,8:00pm-8:59pm,51,51,22,10:00pm-10:59pm,5,5,0,,0,,0,,1,0
41,Oregon,410125,1,1,0,1,1,1,1,47,1810,23,23,5,May,2015,7,Saturday,0,0:00am-0:59am,30,30,1,This section IS ON the NHS,3,State Highway,SR-99 (ODOT 72),,2,Urban,3,Principal Arterial - Other,1,State Highway Agency,26,26,44.9735,44.9735,-123.0200306,-123.02003056,0,No Special Jurisdiction,8,Pedestrian,0,Not a Collision with Motor Vehicle In-Transport,0,No,1,Non-Junction,1,Not an Intersection,0,,4,On Roadside,3,Dark - Lighted,10,Cloudy,0,No Additional Atmospheric Conditions,10,Cloudy,0,No,0000000,Not Applicable,99,Unknown,99,Unknown,99,Unknown EMS Scene Arrival Hour,99,Unknown EMS Scene Arrival Minutes,88,Not Applicable (Not Transported),88,Not Applicable (Not Transported),0,,0,,0,,1,1
41,Oregon,410126,2,2,0,1,2,2,1,35,0,24,24,5,May,2015,1,Sunday,4,4:00am-4:59am,34,34,1,This section IS ON the NHS,2,U.S. Highway,US-97 (ODOT 4),,1,Rural,3,Principal Arterial - Other,1,State Highway Agency,1817,1817,43.59740833,43.59740833,-121.5634833,-121.56348333,0,No Special Jurisdiction,8,Pedestrian,0,Not a Collision with Motor Vehicle In-Transport,0,No,1,Non-Junction,1,Not an Intersection,0,,1,On Roadway,2,Dark - Not Lighted,5,"Fog, Smog, Smoke",0,No Additional Atmospheric Conditions,5,"Fog, Smog, Smoke",0,No,0000000,Not Applicable,4,4:00am-4:59am,40,40,4,4:00am-4:59am,48,48,99,Unknown,99,Unknown EMS Hospital Arrival Time,0,,0,,0,,1,0
41,Oregon,410127,2,2,0,0,2,2,0,51,1650,20,20,5,May,2015,4,Wednesday,21,9:00pm-9:59pm,13,13,1,This section IS ON the NHS,6,Local Street - Municipality,NE COLUMBIA BLVD,,2,Urban,3,Principal Arterial - Other,4,City or Municipal Highway Agency,0,,45.57740278,45.57740278,-122.6477722,-122.64777222,0,No Special Jurisdiction,12,Motor Vehicle In-Transport,2,Front-to-Front,0,No,1,Non-Junction,1,Not an Intersection,0,,1,On Roadway,3,Dark - Lighted,1,Clear,0,No Additional Atmospheric Conditions,1,Clear,0,No,0000000,Not Applicable,21,9:00pm-9:59pm,13,13,21,9:00pm-9:59pm,19,19,21,9:00pm-9:59pm,40,40,0,,0,,0,,1,1
41,Oregon,410128,1,1,0,0,1,1,0,39,1960,25,25,5,May,2015,2,Monday,0,0:00am-0:59am,42,42,0,This section IS NOT on the NHS,6,Local Street - Municipality,S 2ND ST,,2,Urban,5,Major Collector,4,City or Municipal Highway Agency,0,,44.04853333,44.04853333,-123.0232944,-123.02329444,0,No Special Jurisdiction,30,Utility Pole/Light Support,0,Not a Collision with Motor Vehicle In-Transport,0,No,1,Non-Junction,1,Not an Intersection,0,,4,On Roadside,3,Dark - Lighted,1,Clear,0,No Additional Atmospheric Conditions,1,Clear,0,No,0000000,Not Applicable,0,0:00am-0:59am,44,44,0,0:00am-0:59am,53,53,88,Not Applicable (Not Transported),88,Not Applicable (Not Transported),20,Police Pursuit Involved,0,,0,,1,1
41,Oregon,410129,1,1,0,1,1,1,1,47,1810,2,2,6,June,2015,3,Tuesday,0,0:00am-0:59am,3,3,1,This section IS ON the NHS,3,State Highway,SR-22 (ODOT 162),,2,Urban,2,Principal Arterial - Other Freeways and Expressways,1,State Highway Agency,12,12,44.91694444,44.91694444,-122.9931389,-122.99313889,0,No Special Jurisdiction,8,Pedestrian,0,Not a Collision with Motor Vehicle In-Transport,1,Yes,18,Through Roadway,1,Not an Intersection,1,Construction,1,On Roadway,3,Dark - Lighted,10,Cloudy,0,No Additional Atmospheric Conditions,10,Cloudy,0,No,0000000,Not Applicable,0,0:00am-0:59am,3,3,0,0:00am-0:59am,15,15,99,Unknown,99,Unknown EMS Hospital Arrival Time,0,,0,,0,,1,1
41,Oregon,410130,1,1,0,1,2,2,1,51,1650,3,3,6,June,2015,4,Wednesday,17,5:00pm-5:59pm,24,24,0,This section IS NOT on the NHS,6,Local Street - Municipality,NE 60TH AVE,NE WASCO ST,2,Urban,5,Major Collector,4,City or Municipal Highway Agency,0,,45.532325,45.532325,-122.6021778,-122.60217778,0,No Special Jurisdiction,8,Pedestrian,0,Not a Collision with Motor Vehicle In-Transport,0,No,2,Intersection,2,Four-Way Intersection,0,,1,On Roadway,1,Daylight,10,Cloudy,0,No Additional Atmospheric Conditions,10,Cloudy,0,No,0000000,Not Applicable,17,5:00pm-5:59pm,24,24,17,5:00pm-5:59pm,27,27,17,5:00pm-5:59pm,51,51,0,,0,,0,,1,1
41,Oregon,410131,1,1,0,0,1,1,0,37,0,26,26,5,May,2015,3,Tuesday,6,6:00am-6:59am,21,21,0,This section IS NOT on the NHS,4,County Road,CR-PLUSH CUTOFF RD,,1,Rural,5,Major Collector,2,County Highway Agency,50,50,42.28737222,42.28737222,-120.0693222,-120.06932222,0,No Special Jurisdiction,11,Live Animal,0,Not a Collision with Motor Vehicle In-Transport,0,No,1,Non-Junction,1,Not an Intersection,0,,1,On Roadway,1,Daylight,1,Clear,0,No Additional Atmospheric Conditions,1,Clear,0,No,0000000,Not Applicable,6,6:00am-6:59am,21,21,7,7:00am-7:59am,10,10,88,Not Applicable (Not Transported),88,Not Applicable (Not Transported),0,,0,,0,,1,0
41,Oregon,410132,3,3,0,0,4,4,0,47,0,27,27,5,May,2015,4,Wednesday,12,12:00pm-12:59pm,35,35,1,This section IS ON the NHS,3,State Highway,SR-22 (ODOT 162),,1,Rural,3,Principal Arterial - Other,1,State Highway Agency,372,372,44.75937778,44.75937778,-122.3260472,-122.32604722,0,No Special Jurisdiction,12,Motor Vehicle In-Transport,6,Angle,0,No,4,Driveway Access,1,Not an Intersection,0,,1,On Roadway,1,Daylight,1,Clear,0,No Additional Atmospheric Conditions,1,Clear,0,No,0000000,Not Applicable,12,12:00pm-12:59pm,35,35,12,12:00pm-12:59pm,40,40,88,Not Applicable (Not Transported),88,Not Applicable (Not Transported),0,,0,,0,,1,0
41,Oregon,410133,1,1,0,0,1,1,0,31,0,27,27,5,May,2015,4,Wednesday,18,6:00pm-6:59pm,28,28,0,This section IS NOT on the NHS,2,U.S. Highway,US-26 (ODOT 360),,1,Rural,4,Minor Arterial,1,State Highway Agency,62,62,44.56405278,44.56405278,-121.1224556,-121.12245556,0,No Special Jurisdiction,1,Rollover/Overturn,0,Not a Collision with Motor Vehicle In-Transport,0,No,1,Non-Junction,1,Not an Intersection,0,,4,On Roadside,1,Daylight,1,Clear,0,No Additional Atmospheric Conditions,1,Clear,0,No,0000000,Not Applicable,18,6:00pm-6:59pm,28,28,18,6:00pm-6:59pm,35,35,88,Not Applicable (Not Transported),88,Not Applicable (Not Transported),0,,0,,0,,1,0
41,Oregon,410134,1,1,0,0,1,1,0,17,0,4,4,6,June,2015,5,Thursday,20,8:00pm-8:59pm,12,12,0,This section IS NOT on the NHS,4,County Road,CR-FRYREAR RD,,1,Rural,6,Minor Collector,2,County Highway Agency,21,21,44.26875556,44.26875556,-121.4299556,-121.42995556,0,No Special Jurisdiction,1,Rollover/Overturn,0,Not a Collision with Motor Vehicle In-Transport,0,No,1,Non-Junction,1,Not an Intersection,0,,4,On Roadside,5,Dusk,1,Clear,0,No Additional Atmospheric Conditions,1,Clear,0,No,0000000,Not Applicable,20,8:00pm-8:59pm,12,12,20,8:00pm-8:59pm,21,21,88,Not Applicable (Not Transported),88,Not Applicable (Not Transported),0,,0,,0,,1,1
41,Oregon,410135,2,2,0,0,3,3,0,31,0,4,4,6,June,2015,5,Thursday,20,8:00pm-8:59pm,48,48,1,This section IS ON the NHS,2,U.S. Highway,US-26 (ODOT 53),,1,Rural,3,Principal Arterial - Other,1,State Highway Agency,970,970,44.82190278,44.82190278,-121.3651222,-121.36512222,0,No Special Jurisdiction,12,Motor Vehicle In-Transport,6,Angle,0,No,1,Non-Junction,1,Not an Intersection,0,,1,On Roadway,5,Dusk,1,Clear,0,No Additional Atmospheric Conditions,1,Clear,0,No,0000000,Not Applicable,20,8:00pm-8:59pm,51,51,21,9:00pm-9:59pm,30,30,22,10:00pm-10:59pm,40,40,0,,0,,0,,1,1
41,Oregon,410136,1,1,0,0,1,1,0,39,0,5,5,6,June,2015,6,Friday,1,1:00am-1:59am,8,8,0,This section IS NOT on the NHS,4,County Road,CR-CENTRAL RD,,1,Rural,5,Major Collector,2,County Highway Agency,6,6,44.03919444,44.03919444,-123.2946333,-123.29463333,0,No Special Jurisdiction,34,Ditch,0,Not a Collision with Motor Vehicle In-Transport,0,No,1,Non-Junction,1,Not an Intersection,0,,4,On Roadside,2,Dark - Not Lighted,1,Clear,0,No Additional Atmospheric Conditions,1,Clear,0,No,0000000,Not Applicable,1,1:00am-1:59am,7,7,1,1:00am-1:59am,14,14,88,Not Applicable (Not Transported),88,Not Applicable (Not Transported),0,,0,,0,,1,1
41,Oregon,410137,2,2,0,1,4,4,1,39,0,9,9,6,June,2015,3,Tuesday,13,1:00pm-1:59pm,4,4,0,This section IS NOT on the NHS,4,County Road,CR-MATTHEWS RD,,1,Rural,7,Local,2,County Highway Agency,16,16,43.98372778,43.98372778,-122.9910639,-122.99106389,0,No Special Jurisdiction,8,Pedestrian,0,Not a Collision with Motor Vehicle In-Transport,0,No,1,Non-Junction,1,Not an Intersection,0,,1,On Roadway,1,Daylight,1,Clear,0,No Additional Atmospheric Conditions,1,Clear,0,No,0000000,Not Applicable,1,1:00am-1:59am,5,5,1,1:00am-1:59am,12,12,88,Not Applicable (Not Transported),88,Not Applicable (Not Transported),0,,0,,0,,1,0
41,Oregon,410138,2,2,0,0,2,2,0,19,0,11,11,6,June,2015,5,Thursday,5,5:00am-5:59am,20,20,1,This section IS ON the NHS,3,State Highway,SR-38 (ODOT 45),,1,Rural,3,Principal Arterial - Other,1,State Highway Agency,449,449,43.66031389,43.66031389,-123.4174778,-123.41747778,0,No Special Jurisdiction,12,Motor Vehicle In-Transport,2,Front-to-Front,0,No,1,Non-Junction,1,Not an Intersection,0,,1,On Roadway,2,Dark - Not Lighted,1,Clear,0,No Additional Atmospheric Conditions,1,Clear,0,No,0000000,Not Applicable,5,5:00am-5:59am,20,20,5,5:00am-5:59am,31,31,88,Not Applicable (Not Transported),88,Not Applicable (Not Transported),0,,0,,0,,1,0
41,Oregon,410139,1,1,0,0,1,1,0,19,0,12,12,6,June,2015,6,Friday,16,4:00pm-4:59pm,20,20,1,This section IS ON the NHS,3,State Highway,SR-38 (ODOT 45),,1,Rural,3,Principal Arterial - Other,1,State Highway Agency,440,440,43.66731389,43.66731389,-123.4786306,-123.47863056,0,No Special Jurisdiction,42,Tree (Standing Only),0,Not a Collision with Motor Vehicle In-Transport,0,No,1,Non-Junction,1,Not an Intersection,0,,4,On Roadside,1,Daylight,1,Clear,0,No Additional Atmospheric Conditions,1,Clear,0,No,0000000,Not Applicable,16,4:00pm-4:59pm,23,23,16,4:00pm-4:59pm,39,39,88,Not Applicable (Not Transported),88,Not Applicable (Not Transported),0,,0,,0,,1,0
41,Oregon,410140,2,2,0,0,2,2,0,11,0,14,14,6,June,2015,1,Sunday,10,10:00am-10:59am,58,58,1,This section IS ON the NHS,3,State Highway,SR-42 (ODOT 35),,1,Rural,3,Principal Arterial - Other,1,State Highway Agency,267,267,43.03685556,43.03685556,-124.0700611,-124.07006111,0,No Special Jurisdiction,12,Motor Vehicle In-Transport,2,Front-to-Front,0,No,1,Non-Junction,1,Not an Intersection,0,,1,On Roadway,1,Daylight,1,Clear,0,No Additional Atmospheric Conditions,1,Clear,0,No,0000000,Not Applicable,11,11:00am-11:59am,0,0,11,11:00am-11:59am,5,5,88,Not Applicable (Not Transported),88,Not Applicable (Not Transported),0,,0,,0,,1,1
41,Oregon,410141,1,1,0,0,1,1,0,11,0,14,14,6,June,2015,1,Sunday,99,Unknown Hours,99,Unknown Minutes,0,This section IS NOT on the NHS,4,County Road,CR-ELKHORN RANCH RD,,1,Rural,7,Local,2,County Highway Agency,0,,99.9999,Unknown,999.9999,Unknown,0,No Special Jurisdiction,1,Rollover/Overturn,0,Not a Collision with Motor Vehicle In-Transport,0,No,1,Non-Junction,1,Not an Intersection,0,,4,On Roadside,1,Daylight,1,Clear,0,No Additional Atmospheric Conditions,1,Clear,0,No,0000000,Not Applicable,88,Not Applicable (Not Notified),88,Not Applicable (Not Notified),88,Not Applicable,88,Not Applicable,88,Not Applicable (Not Transported),88,Not Applicable (Not Transported),0,,0,,0,,1,1
41,Oregon,410142,1,1,0,0,1,1,0,51,1650,25,25,5,May,2015,2,Monday,1,1:00am-1:59am,44,44,1,This section IS ON the NHS,1,Interstate,I-405 RAMP,N KERBY AVE,2,Urban,1,Interstate,1,State Highway Agency,29,29,45.54679722,45.54679722,-122.6694528,-122.66945278,0,No Special Jurisdiction,33,Curb,0,Not a Collision with Motor Vehicle In-Transport,0,No,3,Intersection-Related,2,Four-Way Intersection,0,,4,On Roadside,3,Dark - Lighted,1,Clear,0,No Additional Atmospheric Conditions,1,Clear,0,No,0000000,Not Applicable,1,1:00am-1:59am,44,44,1,1:00am-1:59am,52,52,2,2:00am-2:59am,19,19,0,,0,,0,,1,0
41,Oregon,410143,1,1,0,1,1,1,1,51,1650,27,27,5,May,2015,4,Wednesday,12,12:00pm-12:59pm,2,2,0,This section IS NOT on the NHS,6,Local Street - Municipality,SE CESAR E CHAVEZ BLVD,SE GLADSTONE ST,2,Urban,4,Minor Arterial,4,City or Municipal Highway Agency,0,,45.49332778,45.49332778,-122.62265,-122.62265,0,No Special Jurisdiction,9,Pedalcyclist,0,Not a Collision with Motor Vehicle In-Transport,0,No,2,Intersection,2,Four-Way Intersection,0,,1,On Roadway,1,Daylight,1,Clear,0,No Additional Atmospheric Conditions,1,Clear,0,No,0000000,Not Applicable,99,Unknown,99,Unknown,99,Unknown EMS Scene Arrival Hour,99,Unknown EMS Scene Arrival Minutes,88,Not Applicable (Not Transported),88,Not Applicable (Not Transported),0,,0,,0,,1,0
41,Oregon,410144,1,1,0,0,1,1,0,57,0,29,29,5,May,2015,6,Friday,20,8:00pm-8:59pm,44,44,1,This section IS ON the NHS,2,U.S. Highway,US-101 (ODOT 9),,1,Rural,3,Principal Arterial - Other,1,State Highway Agency,2480,2480,45.65177778,45.65177778,-123.9317111,-123.93171111,0,No Special Jurisdiction,42,Tree (Standing Only),0,Not a Collision with Motor Vehicle In-Transport,0,No,1,Non-Junction,1,Not an Intersection,0,,4,On Roadside,5,Dusk,1,Clear,0,No Additional Atmospheric Conditions,1,Clear,0,No,0000000,Not Applicable,20,8:00pm-8:59pm,44,44,20,8:00pm-8:59pm,54,54,88,Not Applicable (Not Transported),88,Not Applicable (Not Transported),0,,0,,0,,1,1
41,Oregon,410145,2,2,0,0,2,2,0,43,0,29,29,5,May,2015,6,Friday,11,11:00am-11:59am,42,42,1,This section IS ON the NHS,2,U.S. Highway,US-20 (ODOT 16),,2,Urban,3,Principal Arterial - Other,1,State Highway Agency,23,23,44.62968889,44.62968889,-123.0345639,-123.03456389,0,No Special Jurisdiction,12,Motor Vehicle In-Transport,2,Front-to-Front,0,No,1,Non-Junction,1,Not an Intersection,0,,1,On Roadway,1,Daylight,1,Clear,0,No Additional Atmospheric Conditions,1,Clear,0,No,0000000,Not Applicable,11,11:00am-11:59am,42,42,11,11:00am-11:59am,50,50,88,Not Applicable (Not Transported),88,Not Applicable (Not Transported),0,,0,,0,,2,1
41,Oregon,410147,2,2,0,0,3,3,0,43,2052,24,24,6,June,2015,4,Wednesday,16,4:00pm-4:59pm,0,0,1,This section IS ON the NHS,3,State Highway,SR-34 (ODOT 210),,2,Urban,3,Principal Arterial - Other,1,State Highway Agency,69,69,44.560425,44.560425,-123.1208639,-123.12086389,0,No Special Jurisdiction,12,Motor Vehicle In-Transport,2,Front-to-Front,0,No,1,Non-Junction,1,Not an Intersection,0,,1,On Roadway,1,Daylight,1,Clear,0,No Additional Atmospheric Conditions,1,Clear,0,No,0000000,Not Applicable,16,4:00pm-4:59pm,4,4,16,4:00pm-4:59pm,52,52,17,5:00pm-5:59pm,11,11,0,,0,,0,,2,0
41,Oregon,410148,1,1,0,0,2,2,0,19,0,24,24,6,June,2015,4,Wednesday,23,11:00pm-11:59pm,15,15,0,This section IS NOT on the NHS,3,State Highway,SR-138E (ODOT 138),,1,Rural,4,Minor Arterial,1,State Highway Agency,53,53,43.21228333,43.21228333,-123.2434528,-123.24345278,0,No Special Jurisdiction,35,Embankment,0,Not a Collision with Motor Vehicle In-Transport,0,No,1,Non-Junction,1,Not an Intersection,0,,4,On Roadside,2,Dark - Not Lighted,1,Clear,0,No Additional Atmospheric Conditions,1,Clear,0,No,0000000,Not Applicable,23,11:00pm-11:59pm,16,16,23,11:00pm-11:59pm,20,20,88,Not Applicable (Not Transported),88,Not Applicable (Not Transported),0,,0,,0,,2,0
41,Oregon,410149,1,1,0,0,4,4,0,53,0,27,27,6,June,2015,7,Saturday,6,6:00am-6:59am,50,50,0,This section IS NOT on the NHS,3,State Highway,SR-194 (ODOT 194),,1,Rural,4,Minor Arterial,1,State Highway Agency,36,36,44.84469444,44.84469444,-123.3049722,-123.30497222,0,No Special Jurisdiction,38,Fence,0,Not a Collision with Motor Vehicle In-Transport,0,No,1,Non-Junction,1,Not an Intersection,0,,5,Outside Trafficway,1,Daylight,1,Clear,0,No Additional Atmospheric Conditions,1,Clear,0,No,0000000,Not Applicable,6,6:00am-6:59am,51,51,6,6:00am-6:59am,59,59,7,7:00am-7:59am,55,55,0,,0,,0,,1,0
41,Oregon,410150,1,1,0,0,3,3,0,29,0,27,27,6,June,2015,7,Saturday,20,8:00pm-8:59pm,51,51,0,This section IS NOT on the NHS,4,County Road,CR-UPPER APPLEGATE RD,,1,Rural,5,Major Collector,2,County Highway Agency,39,39,42.18087222,42.18087222,-123.0446694,-123.04466944,0,No Special Jurisdiction,1,Rollover/Overturn,0,Not a Collision with Motor Vehicle In-Transport,0,No,1,Non-Junction,1,Not an Intersection,0,,1,On Roadway,5,Dusk,1,Clear,0,No Additional Atmospheric Conditions,1,Clear,0,No,0000000,Not Applicable,20,8:00pm-8:59pm,52,52,20,8:00pm-8:59pm,59,59,21,9:00pm-9:59pm,57,57,0,,0,,0,,1,1
41,Oregon,410151,3,3,0,0,6,6,0,57,0,27,27,6,June,2015,7,Saturday,12,12:00pm-12:59pm,40,40,0,This section IS NOT on the NHS,3,State Highway,SR-6 (ODOT 37),WILSON RIVER LOOP E,2,Urban,4,Minor Arterial,1,State Highway Agency,18,18,45.45993889,45.45993889,-123.8073889,-123.80738889,0,No Special Jurisdiction,12,Motor Vehicle In-Transport,6,Angle,0,No,2,Intersection,2,Four-Way Intersection,0,,1,On Roadway,1,Daylight,1,Clear,0,No Additional Atmospheric Conditions,1,Clear,0,No,0000000,Not Applicable,99,Unknown,99,Unknown,99,Unknown EMS Scene Arrival Hour,99,Unknown EMS Scene Arrival Minutes,88,Not Applicable (Not Transported),88,Not Applicable (Not Transported),0,,0,,0,,1,0
41,Oregon,410152,1,1,0,2,1,1,2,51,1650,14,14,6,June,2015,1,Sunday,14,2:00pm-2:59pm,6,6,1,This section IS ON the NHS,6,Local Street - Municipality,BURNSIDE BRIDGE,,2,Urban,3,Principal Arterial - Other,4,City or Municipal Highway Agency,0,,45.52304722,45.52304722,-122.6675972,-122.66759722,0,No Special Jurisdiction,8,Pedestrian,0,Not a Collision with Motor Vehicle In-Transport,0,No,1,Non-Junction,1,Not an Intersection,0,,4,On Roadside,1,Daylight,1,Clear,0,No Additional Atmospheric Conditions,1,Clear,0,No,0000000,Not Applicable,14,2:00pm-2:59pm,6,6,14,2:00pm-2:59pm,9,9,14,2:00pm-2:59pm,32,32,0,,0,,0,,1,0
41,Oregon,410153,1,1,0,0,1,1,0,5,0,14,14,6,June,2015,1,Sunday,23,11:00pm-11:59pm,18,18,0,This section IS NOT on the NHS,4,County Road,CR-S BREMER RD,,1,Rural,7,Local,2,County Highway Agency,6,6,45.27104444,45.27104444,-122.6447194,-122.64471944,0,No Special Jurisdiction,1,Rollover/Overturn,0,Not a Collision with Motor Vehicle In-Transport,0,No,1,Non-Junction,1,Not an Intersection,0,,4,On Roadside,2,Dark - Not Lighted,1,Clear,0,No Additional Atmospheric Conditions,1,Clear,0,No,0000000,Not Applicable,99,Unknown,99,Unknown,99,Unknown EMS Scene Arrival Hour,99,Unknown EMS Scene Arrival Minutes,88,Not Applicable (Not Transported),88,Not Applicable (Not Transported),0,,0,,0,,1,1
41,Oregon,410154,1,1,0,0,2,2,0,33,0,15,15,6,June,2015,2,Monday,0,0:00am-0:59am,22,22,0,This section IS NOT on the NHS,4,County Road,CR-AZALEA DR,,1,Rural,5,Major Collector,2,County Highway Agency,43,43,42.49356389,42.49356389,-123.4381139,-123.43811389,0,No Special Jurisdiction,35,Embankment,0,Not a Collision with Motor Vehicle In-Transport,0,No,1,Non-Junction,1,Not an Intersection,0,,4,On Roadside,2,Dark - Not Lighted,1,Clear,0,No Additional Atmospheric Conditions,1,Clear,0,No,0000000,Not Applicable,0,0:00am-0:59am,22,22,0,0:00am-0:59am,30,30,1,1:00am-1:59am,17,17,0,,0,,0,,1,1
41,Oregon,410155,1,1,0,0,1,1,0,45,0,15,15,6,June,2015,2,Monday,12,12:00pm-12:59pm,40,40,1,This section IS ON the NHS,2,U.S. Highway,US-26 (ODOT 5),,1,Rural,3,Principal Arterial - Other,1,State Highway Agency,2453,2453,44.27621667,44.27621667,-117.6762694,-117.67626944,0,No Special Jurisdiction,38,Fence,0,Not a Collision with Motor Vehicle In-Transport,0,No,1,Non-Junction,1,Not an Intersection,0,,5,Outside Trafficway,1,Daylight,1,Clear,0,No Additional Atmospheric Conditions,1,Clear,0,No,0000000,Not Applicable,12,12:00pm-12:59pm,48,48,13,1:00pm-1:59pm,8,8,88,Not Applicable (Not Transported),88,Not Applicable (Not Transported),0,,0,,0,,1,0
41,Oregon,410156,1,1,0,1,2,2,1,39,0,18,18,6,June,2015,5,Thursday,23,11:00pm-11:59pm,59,59,1,This section IS ON the NHS,1,Interstate,I-5,,2,Urban,1,Interstate,1,State Highway Agency,1982,1982,44.12270278,44.12270278,-123.0480306,-123.04803056,0,No Special Jurisdiction,15,Non-Motorist on Personal Conveyance,0,Not a Collision with Motor Vehicle In-Transport,0,No,1,Non-Junction,1,Not an Intersection,0,,1,On Roadway,2,Dark - Not Lighted,1,Clear,0,No Additional Atmospheric Conditions,1,Clear,0,No,0000000,Not Applicable,23,11:00pm-11:59pm,59,59,0,0:00am-0:59am,20,20,88,Not Applicable (Not Transported),88,Not Applicable (Not Transported),0,,0,,0,,1,0
41,Oregon,410157,1,1,0,0,4,4,0,13,0,20,20,6,June,2015,7,Saturday,23,11:00pm-11:59pm,47,47,0,This section IS NOT on the NHS,4,County Road,CR-SE BEAR CREEK RD,,1,Rural,5,Major Collector,2,County Highway Agency,130,130,43.97043333,43.97043333,-120.4957583,-120.49575833,0,No Special Jurisdiction,1,Rollover/Overturn,0,Not a Collision with Motor Vehicle In-Transport,0,No,1,Non-Junction,1,Not an Intersection,0,,4,On Roadside,2,Dark - Not Lighted,1,Clear,0,No Additional Atmospheric Conditions,1,Clear,0,No,0000000,Not Applicable,0,0:00am-0:59am,2,2,0,0:00am-0:59am,37,37,1,1:00am-1:59am,50,50,0,,0,,0,,1,1
41,Oregon,410158,2,2,0,0,2,2,0,55,0,22,22,6,June,2015,2,Monday,23,11:00pm-11:59pm,13,13,1,This section IS ON the NHS,1,Interstate,I-84,,1,Rural,1,Interstate,1,State Highway Agency,1144,1144,45.72795278,45.72795278,-120.6576583,-120.65765833,0,No Special Jurisdiction,12,Motor Vehicle In-Transport,6,Angle,0,No,1,Non-Junction,1,Not an Intersection,0,,1,On Roadway,2,Dark - Not Lighted,1,Clear,0,No Additional Atmospheric Conditions,1,Clear,0,No,0000000,Not Applicable,23,11:00pm-11:59pm,19,19,23,11:00pm-11:59pm,38,38,88,Not Applicable (Not Transported),88,Not Applicable (Not Transported),0,,0,,0,,1,1
41,Oregon,410159,2,2,0,0,5,5,0,19,0,22,22,6,June,2015,2,Monday,19,7:00pm-7:59pm,18,18,0,This section IS NOT on the NHS,4,County Road,CR-MELROSE RD,,1,Rural,4,Minor Arterial,2,County Highway Agency,66,66,43.24156111,43.24156111,-123.4361083,-123.43610833,0,No Special Jurisdiction,12,Motor Vehicle In-Transport,2,Front-to-Front,0,No,1,Non-Junction,1,Not an Intersection,0,,1,On Roadway,1,Daylight,1,Clear,0,No Additional Atmospheric Conditions,1,Clear,0,No,0000000,Not Applicable,19,7:00pm-7:59pm,18,18,19,7:00pm-7:59pm,22,22,19,7:00pm-7:59pm,47,47,0,,0,,0,,2,1
41,Oregon,410160,1,1,0,1,1,1,1,51,0,27,27,6,June,2015,7,Saturday,10,10:00am-10:59am,30,30,0,This section IS NOT on the NHS,4,County Road,CR-HAINES RD,,1,Rural,7,Local,2,County Highway Agency,0,,45.53203611,45.53203611,-122.2040889,-122.20408889,0,No Special Jurisdiction,9,Pedalcyclist,0,Not a Collision with Motor Vehicle In-Transport,0,No,1,Non-Junction,1,Not an Intersection,0,,1,On Roadway,1,Daylight,1,Clear,0,No Additional Atmospheric Conditions,1,Clear,0,No,0000000,Not Applicable,99,Unknown,99,Unknown,99,Unknown EMS Scene Arrival Hour,99,Unknown EMS Scene Arrival Minutes,88,Not Applicable (Not Transported),88,Not Applicable (Not Transported),0,,0,,0,,1,0
41,Oregon,410161,2,2,0,0,3,3,0,35,0,27,27,6,June,2015,7,Saturday,11,11:00am-11:59am,47,47,0,This section IS NOT on the NHS,4,County Road,CR-SEVENMILE RD,,1,Rural,5,Major Collector,2,County Highway Agency,10,10,42.67545556,42.67545556,-122.0156361,-122.01563611,0,No Special Jurisdiction,12,Motor Vehicle In-Transport,2,Front-to-Front,0,No,1,Non-Junction,1,Not an Intersection,0,,1,On Roadway,1,Daylight,1,Clear,0,No Additional Atmospheric Conditions,1,Clear,0,No,0000000,Not Applicable,11,11:00am-11:59am,52,52,99,Unknown EMS Scene Arrival Hour,99,Unknown EMS Scene Arrival Minutes,88,Not Applicable (Not Transported),88,Not Applicable (Not Transported),0,,0,,0,,1,0
41,Oregon,410162,3,3,0,0,7,7,0,19,0,28,28,6,June,2015,1,Sunday,14,2:00pm-2:59pm,55,55,1,This section IS ON the NHS,3,State Highway,SR-38 (ODOT 45),,1,Rural,3,Principal Arterial - Other,1,State Highway Agency,85,85,43.67951111,43.67951111,-123.9377944,-123.93779444,0,No Special Jurisdiction,12,Motor Vehicle In-Transport,6,Angle,0,No,1,Non-Junction,1,Not an Intersection,0,,1,On Roadway,1,Daylight,1,Clear,0,No Additional Atmospheric Conditions,1,Clear,0,No,0000000,Not Applicable,15,3:00pm-3:59pm,1,1,15,3:00pm-3:59pm,11,11,16,4:00pm-4:59pm,38,38,0,,0,,0,,1,0
41,Oregon,410163,1,1,0,0,4,4,0,51,0,28,28,6,June,2015,1,Sunday,14,2:00pm-2:59pm,55,55,0,This section IS NOT on the NHS,2,U.S. Highway,US-30 (ODOT 100),,1,Rural,5,Major Collector,1,State Highway Agency,121,121,45.53973056,45.53973056,-122.2150333,-122.21503333,0,No Special Jurisdiction,16,Thrown or Falling Object,0,Not a Collision with Motor Vehicle In-Transport,0,No,1,Non-Junction,1,Not an Intersection,0,,1,On Roadway,1,Daylight,10,Cloudy,0,No Additional Atmospheric Conditions,10,Cloudy,0,No,0000000,Not Applicable,99,Unknown,99,Unknown,99,Unknown EMS Scene Arrival Hour,99,Unknown EMS Scene Arrival Minutes,99,Unknown,99,Unknown EMS Hospital Arrival Time,0,,0,,0,,1,0
41,Oregon,410164,1,1,0,0,1,1,0,53,1810,29,29,6,June,2015,2,Monday,20,8:00pm-8:59pm,37,37,1,This section IS ON the NHS,3,State Highway,SR-22 (ODOT 150) RAMP,EDWATER ST NW,2,Urban,3,Principal Arterial - Other,1,State Highway Agency,208,208,44.93852222,44.93852222,-123.0615639,-123.06156389,0,No Special Jurisdiction,24,Guardrail Face,0,Not a Collision with Motor Vehicle In-Transport,0,No,3,Intersection-Related,2,Four-Way Intersection,0,,4,On Roadside,5,Dusk,1,Clear,0,No Additional Atmospheric Conditions,1,Clear,0,No,0000000,Not Applicable,20,8:00pm-8:59pm,37,37,20,8:00pm-8:59pm,45,45,88,Not Applicable (Not Transported),88,Not Applicable (Not Transported),0,,0,,0,,1,1
41,Oregon,410165,1,1,0,0,2,2,0,29,0,1,1,7,July,2015,4,Wednesday,20,8:00pm-8:59pm,54,54,0,This section IS NOT on the NHS,4,County Road,CR-HWY 227,,1,Rural,5,Major Collector,2,County Highway Agency,490,490,42.6887,42.6887,-122.8413917,-122.84139167,0,No Special Jurisdiction,1,Rollover/Overturn,0,Not a Collision with Motor Vehicle In-Transport,0,No,1,Non-Junction,1,Not an Intersection,0,,4,On Roadside,5,Dusk,1,Clear,0,No Additional Atmospheric Conditions,1,Clear,0,No,0000000,Not Applicable,20,8:00pm-8:59pm,55,55,21,9:00pm-9:59pm,7,7,99,Unknown,99,Unknown EMS Hospital Arrival Time,0,,0,,0,,1,1
41,Oregon,410166,1,1,0,0,1,1,0,29,0,2,2,7,July,2015,5,Thursday,14,2:00pm-2:59pm,20,20,1,This section IS ON the NHS,3,State Highway,SR-140 (ODOT 270),,1,Rural,3,Principal Arterial - Other,1,State Highway Agency,240,240,42.38888333,42.38888333,-122.4389667,-122.43896667,0,No Special Jurisdiction,1,Rollover/Overturn,0,Not a Collision with Motor Vehicle In-Transport,0,No,1,Non-Junction,1,Not an Intersection,0,,4,On Roadside,1,Daylight,1,Clear,0,No Additional Atmospheric Conditions,1,Clear,0,No,8888888,8888888,14,2:00pm-2:59pm,20,20,14,2:00pm-2:59pm,52,52,15,3:00pm-3:59pm,50,50,0,,0,,0,,1,0
41,Oregon,410167,1,1,0,1,1,1,1,47,1810,15,15,1,January,2015,5,Thursday,5,5:00am-5:59am,45,45,0,This section IS NOT on the NHS,6,Local Street - Municipality,CENTER ST NE,18TH ST NE,2,Urban,4,Minor Arterial,4,City or Municipal Highway Agency,0,,44.93945833,44.93945833,-123.0167222,-123.01672222,0,No Special Jurisdiction,8,Pedestrian,0,Not a Collision with Motor Vehicle In-Transport,0,No,3,Intersection-Related,3,T-Intersection,0,,1,On Roadway,3,Dark - Lighted,1,Clear,0,No Additional Atmospheric Conditions,1,Clear,0,No,0000000,Not Applicable,5,5:00am-5:59am,45,45,5,5:00am-5:59am,50,50,88,Not Applicable (Not Transported),88,Not Applicable (Not Transported),0,,0,,0,,1,0
41,Oregon,410168,1,1,0,1,1,1,1,39,1960,26,26,1,January,2015,2,Monday,9,9:00am-9:59am,32,32,0,This section IS NOT on the NHS,6,Local Street - Municipality,GATEWAY ST,,2,Urban,4,Minor Arterial,4,City or Municipal Highway Agency,0,,44.07148611,44.07148611,-123.0422583,-123.04225833,0,No Special Jurisdiction,8,Pedestrian,0,Not a Collision with Motor Vehicle In-Transport,0,No,8,Driveway Access Related,1,Not an Intersection,0,,1,On Roadway,1,Daylight,10,Cloudy,0,No Additional Atmospheric Conditions,10,Cloudy,0,No,0000000,Not Applicable,9,9:00am-9:59am,35,35,9,9:00am-9:59am,37,37,9,9:00am-9:59am,51,51,0,,0,,0,,1,0
41,Oregon,410169,1,1,0,0,1,1,0,43,0,4,4,2,February,2015,4,Wednesday,19,7:00pm-7:59pm,37,37,0,This section IS NOT on the NHS,4,County Road,CR-JEFFERSON-SCIO DR,,1,Rural,5,Major Collector,2,County Highway Agency,27,27,44.7079,44.7079,-122.91905,-122.91905,0,No Special Jurisdiction,38,Fence,0,Not a Collision with Motor Vehicle In-Transport,0,No,1,Non-Junction,1,Not an Intersection,0,,5,Outside Trafficway,2,Dark - Not Lighted,5,"Fog, Smog, Smoke",0,No Additional Atmospheric Conditions,5,"Fog, Smog, Smoke",0,No,0000000,Not Applicable,19,7:00pm-7:59pm,37,37,19,7:00pm-7:59pm,45,45,20,8:00pm-8:59pm,45,45,0,,0,,0,,1,0
41,Oregon,410170,1,1,0,0,1,1,0,9,0,19,19,2,February,2015,5,Thursday,6,6:00am-6:59am,48,48,0,This section IS NOT on the NHS,4,County Road,CR-APIARY RD,,1,Rural,4,Minor Arterial,2,County Highway Agency,19,19,46.06313333,46.06313333,-123.02845,-123.02845,0,No Special Jurisdiction,42,Tree (Standing Only),0,Not a Collision with Motor Vehicle In-Transport,0,No,1,Non-Junction,1,Not an Intersection,0,,4,On Roadside,1,Daylight,10,Cloudy,0,No Additional Atmospheric Conditions,10,Cloudy,0,No,0000000,Not Applicable,6,6:00am-6:59am,48,48,7,7:00am-7:59am,0,0,88,Not Applicable (Not Transported),88,Not Applicable (Not Transported),0,,0,,0,,1,0
41,Oregon,410171,1,1,0,0,1,1,0,5,0,27,27,2,February,2015,6,Friday,12,12:00pm-12:59pm,25,25,0,This section IS NOT on the NHS,4,County Road,CR-SE EAGLE CREEK RD,,1,Rural,5,Major Collector,2,County Highway Agency,29,29,45.32159444,45.32159444,-122.3435139,-122.34351389,0,No Special Jurisdiction,38,Fence,0,Not a Collision with Motor Vehicle In-Transport,0,No,1,Non-Junction,1,Not an Intersection,0,,4,On Roadside,1,Daylight,10,Cloudy,0,No Additional Atmospheric Conditions,10,Cloudy,0,No,0000000,Not Applicable,12,12:00pm-12:59pm,27,27,12,12:00pm-12:59pm,32,32,99,Unknown,99,Unknown EMS Hospital Arrival Time,0,,0,,0,,1,0
41,Oregon,410172,1,1,0,0,1,1,0,49,0,2,2,7,July,2015,5,Thursday,23,11:00pm-11:59pm,21,21,1,This section IS ON the NHS,2,U.S. Highway,US-730 (ODOT,I-84 RAMP,1,Rural,3,Principal Arterial - Other,1,State Highway Agency,1682,1682,45.83515,45.83515,-119.6215083,-119.62150833,0,No Special Jurisdiction,1,Rollover/Overturn,0,Not a Collision with Motor Vehicle In-Transport,0,No,3,Intersection-Related,3,T-Intersection,0,,8,Gore,2,Dark - Not Lighted,1,Clear,0,No Additional Atmospheric Conditions,1,Clear,0,No,0000000,Not Applicable,23,11:00pm-11:59pm,21,21,23,11:00pm-11:59pm,28,28,88,Not Applicable (Not Transported),88,Not Applicable (Not Transported),0,,0,,0,,1,1
41,Oregon,410173,1,1,0,0,2,2,0,19,280,3,3,7,July,2015,6,Friday,20,8:00pm-8:59pm,30,30,0,This section IS NOT on the NHS,6,Local Street - Municipality,THIRD ST,,1,Rural,5,Major Collector,4,City or Municipal Highway Agency,0,,42.92834444,42.92834444,-123.2700917,-123.27009167,0,No Special Jurisdiction,42,Tree (Standing Only),0,Not a Collision with Motor Vehicle In-Transport,0,No,1,Non-Junction,1,Not an Intersection,0,,4,On Roadside,1,Daylight,1,Clear,0,No Additional Atmospheric Conditions,1,Clear,0,No,0000000,Not Applicable,20,8:00pm-8:59pm,31,31,20,8:00pm-8:59pm,37,37,88,Not Applicable (Not Transported),88,Not Applicable (Not Transported),0,,0,,0,,1,1
41,Oregon,410174,1,1,0,0,1,1,0,65,0,6,6,7,July,2015,2,Monday,17,5:00pm-5:59pm,11,11,1,This section IS ON the NHS,2,U.S. Highway,US-26 (ODOT 53),,1,Rural,3,Principal Arterial - Other,1,State Highway Agency,683,683,45.15678611,45.15678611,-121.6505528,-121.65055278,0,No Special Jurisdiction,24,Guardrail Face,0,Not a Collision with Motor Vehicle In-Transport,0,No,1,Non-Junction,1,Not an Intersection,0,,4,On Roadside,1,Daylight,1,Clear,0,No Additional Atmospheric Conditions,1,Clear,0,No,0000000,Not Applicable,17,5:00pm-5:59pm,23,23,17,5:00pm-5:59pm,49,49,88,Not Applicable (Not Transported),88,Not Applicable (Not Transported),0,,0,,0,,1,0
41,Oregon,410175,1,1,0,0,1,1,0,11,0,7,7,7,July,2015,3,Tuesday,21,9:00pm-9:59pm,14,14,0,This section IS NOT on the NHS,4,County Road,CR-TRANS PACIFIC PKWY,,1,Rural,5,Major Collector,2,County Highway Agency,24,24,43.43734167,43.43734167,-124.2366528,-124.23665278,0,No Special Jurisdiction,1,Rollover/Overturn,0,Not a Collision with Motor Vehicle In-Transport,0,No,1,Non-Junction,1,Not an Intersection,0,,4,On Roadside,5,Dusk,1,Clear,0,No Additional Atmospheric Conditions,1,Clear,0,No,0000000,Not Applicable,21,9:00pm-9:59pm,14,14,21,9:00pm-9:59pm,19,19,88,Not Applicable (Not Transported),88,Not Applicable (Not Transported),0,,0,,0,,1,1
41,Oregon,410176,1,1,0,0,1,1,0,69,0,9,9,7,July,2015,5,Thursday,10,10:00am-10:59am,0,0,1,This section IS ON the NHS,2,U.S. Highway,US-26 (ODOT 41),,1,Rural,3,Principal Arterial - Other,1,State Highway Agency,935,935,44.52263333,44.52263333,-119.7204917,-119.72049167,0,No Special Jurisdiction,17,Boulder,0,Not a Collision with Motor Vehicle In-Transport,0,No,1,Non-Junction,1,Not an Intersection,0,,4,On Roadside,1,Daylight,1,Clear,0,No Additional Atmospheric Conditions,1,Clear,0,No,0000000,Not Applicable,88,Not Applicable (Not Notified),88,Not Applicable (Not Notified),88,Not Applicable,88,Not Applicable,88,Not Applicable (Not Transported),88,Not Applicable (Not Transported),0,,0,,0,,1,0
41,Oregon,410177,1,1,0,0,2,2,0,31,0,10,10,7,July,2015,6,Friday,21,9:00pm-9:59pm,23,23,0,This section IS NOT on the NHS,4,County Road,CR-SW FEATHER DR,,1,Rural,7,Local,2,County Highway Agency,3,3,44.49055556,44.49055556,-121.2292222,-121.22922222,0,No Special Jurisdiction,42,Tree (Standing Only),0,Not a Collision with Motor Vehicle In-Transport,0,No,1,Non-Junction,1,Not an Intersection,0,,4,On Roadside,2,Dark - Not Lighted,10,Cloudy,0,No Additional Atmospheric Conditions,10,Cloudy,0,No,0000000,Not Applicable,21,9:00pm-9:59pm,23,23,21,9:00pm-9:59pm,43,43,99,Unknown,99,Unknown EMS Hospital Arrival Time,20,Police Pursuit Involved,0,,0,,1,1
41,Oregon,410178,1,1,0,0,1,1,0,39,0,10,10,7,July,2015,6,Friday,22,10:00pm-10:59pm,56,56,0,This section IS NOT on the NHS,4,County Road,CR-CLOVERDALE RD,,1,Rural,4,Minor Arterial,2,County Highway Agency,26,26,43.96096667,43.96096667,-122.9663694,-122.96636944,0,No Special Jurisdiction,1,Rollover/Overturn,0,Not a Collision with Motor Vehicle In-Transport,0,No,1,Non-Junction,1,Not an Intersection,0,,4,On Roadside,2,Dark - Not Lighted,2,Rain,0,No Additional Atmospheric Conditions,2,Rain,0,No,0000000,Not Applicable,23,11:00pm-11:59pm,5,5,23,11:00pm-11:59pm,13,13,88,Not Applicable (Not Transported),88,Not Applicable (Not Transported),0,,0,,0,,1,1
41,Oregon,410179,1,1,0,0,4,4,0,43,0,12,12,7,July,2015,1,Sunday,4,4:00am-4:59am,15,15,0,This section IS NOT on the NHS,4,County Road,CR-PEORIA RD,,1,Rural,5,Major Collector,2,County Highway Agency,172,172,44.33246111,44.33246111,-123.1899389,-123.18993889,0,No Special Jurisdiction,1,Rollover/Overturn,0,Not a Collision with Motor Vehicle In-Transport,0,No,1,Non-Junction,1,Not an Intersection,0,,4,On Roadside,2,Dark - Not Lighted,1,Clear,0,No Additional Atmospheric Conditions,1,Clear,0,No,0000000,Not Applicable,4,4:00am-4:59am,15,15,4,4:00am-4:59am,32,32,99,Unknown,99,Unknown EMS Hospital Arrival Time,0,,0,,0,,1,1
41,Oregon,410180,1,1,0,0,1,1,0,61,0,12,12,7,July,2015,1,Sunday,19,7:00pm-7:59pm,57,57,0,This section IS NOT on the NHS,4,County Road,CR-LOWER COVE RD,,1,Rural,5,Major Collector,2,County Highway Agency,0,,45.37760278,45.37760278,-117.84115,-117.84115,0,No Special Jurisdiction,1,Rollover/Overturn,0,Not a Collision with Motor Vehicle In-Transport,0,No,1,Non-Junction,1,Not an Intersection,0,,4,On Roadside,1,Daylight,10,Cloudy,0,No Additional Atmospheric Conditions,10,Cloudy,0,No,0000000,Not Applicable,20,8:00pm-8:59pm,0,0,20,8:00pm-8:59pm,14,14,88,Not Applicable (Not Transported),88,Not Applicable (Not Transported),0,,0,,0,,1,1
41,Oregon,410181,1,1,0,0,6,6,0,39,0,13,13,7,July,2015,2,Monday,18,6:00pm-6:59pm,28,28,0,This section IS NOT on the NHS,4,County Road,CR-ROW RIVER RD,,1,Rural,5,Major Collector,2,County Highway Agency,130,130,43.73486667,43.73486667,-122.8679639,-122.86796389,0,No Special Jurisdiction,25,Concrete Traffic Barrier,0,Not a Collision with Motor Vehicle In-Transport,0,No,1,Non-Junction,1,Not an Intersection,0,,4,On Roadside,1,Daylight,1,Clear,0,No Additional Atmospheric Conditions,1,Clear,0,No,0000000,Not Applicable,18,6:00pm-6:59pm,19,19,18,6:00pm-6:59pm,37,37,99,Unknown,99,Unknown EMS Hospital Arrival Time,0,,0,,0,,1,1
41,Oregon,410182,2,2,0,0,2,2,0,1,0,4,4,7,July,2015,7,Saturday,1,1:00am-1:59am,30,30,1,This section IS ON the NHS,1,Interstate,I-84,,1,Rural,1,Interstate,1,State Highway Agency,3277,3277,44.58715278,44.58715278,-117.4620694,-117.46206944,0,No Special Jurisdiction,12,Motor Vehicle In-Transport,6,Angle,0,No,1,Non-Junction,1,Not an Intersection,0,,1,On Roadway,2,Dark - Not Lighted,1,Clear,0,No Additional Atmospheric Conditions,1,Clear,0,No,0000000,Not Applicable,1,1:00am-1:59am,38,38,1,1:00am-1:59am,55,55,88,Not Applicable (Not Transported),88,Not Applicable (Not Transported),0,,0,,0,,1,1
41,Oregon,410183,1,1,0,0,1,1,0,19,0,1,1,8,August,2015,7,Saturday,13,1:00pm-1:59pm,43,43,0,This section IS NOT on the NHS,3,State Highway,SR-138 (ODOT 138),,1,Rural,4,Minor Arterial,1,State Highway Agency,352,352,43.29,43.29,-123.353,-123.353,0,No Special Jurisdiction,24,Guardrail Face,0,Not a Collision with Motor Vehicle In-Transport,0,No,1,Non-Junction,1,Not an Intersection,0,,4,On Roadside,1,Daylight,5,"Fog, Smog, Smoke",0,No Additional Atmospheric Conditions,5,"Fog, Smog, Smoke",0,No,0000000,Not Applicable,13,1:00pm-1:59pm,48,48,14,2:00pm-2:59pm,18,18,88,Not Applicable (Not Transported),88,Not Applicable (Not Transported),0,,0,,0,,1,0
41,Oregon,410184,2,2,0,0,2,2,0,39,0,21,21,7,July,2015,3,Tuesday,12,12:00pm-12:59pm,27,27,0,This section IS NOT on the NHS,3,State Highway,SR-99 (ODOT 226),CR-DILLARD RD,1,Rural,5,Major Collector,1,State Highway Agency,21,21,43.96785833,43.96785833,-123.0124583,-123.01245833,0,No Special Jurisdiction,12,Motor Vehicle In-Transport,6,Angle,0,No,2,Intersection,3,T-Intersection,0,,1,On Roadway,1,Daylight,1,Clear,0,No Additional Atmospheric Conditions,1,Clear,0,No,0000000,Not Applicable,12,12:00pm-12:59pm,25,25,12,12:00pm-12:59pm,30,30,12,12:00pm-12:59pm,55,55,0,,0,,0,,1,0
41,Oregon,410185,2,2,0,0,3,3,0,71,0,21,21,8,August,2015,6,Friday,23,11:00pm-11:59pm,12,12,0,This section IS NOT on the NHS,3,State Highway,SR-99 (ODOT 91),LOCK LOOP ROAD,2,Urban,3,Principal Arterial - Other,1,State Highway Agency,313,313,45.24215556,45.24215556,-123.104125,-123.104125,0,No Special Jurisdiction,12,Motor Vehicle In-Transport,6,Angle,0,No,2,Intersection,2,Four-Way Intersection,0,,1,On Roadway,2,Dark - Not Lighted,1,Clear,0,No Additional Atmospheric Conditions,1,Clear,0,No,0000000,Not Applicable,23,11:00pm-11:59pm,14,14,23,11:00pm-11:59pm,26,26,99,Unknown,99,Unknown EMS Hospital Arrival Time,0,,0,,0,,1,1
41,Oregon,410186,2,2,0,0,2,2,0,5,0,22,22,4,April,2015,4,Wednesday,5,5:00am-5:59am,3,3,1,This section IS ON the NHS,3,State Highway,SR-224 (ODOT 171),SE PHEASANT CT,2,Urban,3,Principal Arterial - Other,1,State Highway Agency,33,33,45.42416944,45.42416944,-122.590075,-122.590075,0,No Special Jurisdiction,12,Motor Vehicle In-Transport,6,Angle,0,No,2,Intersection,3,T-Intersection,0,,1,On Roadway,2,Dark - Not Lighted,1,Clear,0,No Additional Atmospheric Conditions,1,Clear,0,No,0000000,Not Applicable,5,5:00am-5:59am,3,3,5,5:00am-5:59am,4,4,99,Unknown,99,Unknown EMS Hospital Arrival Time,0,,0,,0,,1,0
41,Oregon,410187,1,1,0,1,2,2,1,39,1960,1,1,6,June,2015,2,Monday,23,11:00pm-11:59pm,37,37,0,This section IS NOT on the NHS,6,Local Street - Municipality,GLENWOOD BLVD,,2,Urban,4,Minor Arterial,4,City or Municipal Highway Agency,0,,44.04101389,44.04101389,-123.0423278,-123.04232778,0,No Special Jurisdiction,8,Pedestrian,0,Not a Collision with Motor Vehicle In-Transport,0,No,1,Non-Junction,1,Not an Intersection,0,,1,On Roadway,2,Dark - Not Lighted,10,Cloudy,0,No Additional Atmospheric Conditions,10,Cloudy,0,No,0000000,Not Applicable,23,11:00pm-11:59pm,38,38,23,11:00pm-11:59pm,44,44,0,0:00am-0:59am,10,10,0,,0,,0,,1,0
41,Oregon,410188,3,3,0,0,7,7,0,39,0,15,15,6,June,2015,2,Monday,9,9:00am-9:59am,15,15,0,This section IS NOT on the NHS,4,County Road,CR-MARCOLA RD,CR-ALDER BRANCH RD,1,Rural,5,Major Collector,2,County Highway Agency,55,55,44.11343056,44.11343056,-122.9227806,-122.92278056,0,No Special Jurisdiction,12,Motor Vehicle In-Transport,6,Angle,0,No,2,Intersection,3,T-Intersection,0,,1,On Roadway,1,Daylight,1,Clear,0,No Additional Atmospheric Conditions,1,Clear,0,No,0000000,Not Applicable,9,9:00am-9:59am,16,16,9,9:00am-9:59am,21,21,99,Unknown,99,Unknown EMS Hospital Arrival Time,0,,0,,0,,1,0
41,Oregon,410189,2,2,0,0,2,2,0,51,1650,19,19,8,August,2015,4,Wednesday,3,3:00am-3:59am,30,30,0,This section IS NOT on the NHS,6,Local Street - Municipality,NE PRESCOTT STREET,NE 49TH ST,2,Urban,5,Major Collector,4,City or Municipal Highway Agency,0,,45.555525,45.555525,-122.6121944,-122.61219444,0,No Special Jurisdiction,12,Motor Vehicle In-Transport,6,Angle,0,No,8,Driveway Access Related,1,Not an Intersection,0,,1,On Roadway,3,Dark - Lighted,1,Clear,0,No Additional Atmospheric Conditions,1,Clear,0,No,0000000,Not Applicable,3,3:00am-3:59am,30,30,99,Unknown EMS Scene Arrival Hour,99,Unknown EMS Scene Arrival Minutes,88,Not Applicable (Not Transported),88,Not Applicable (Not Transported),0,,0,,0,,1,1
41,Oregon,410190,3,3,0,0,5,5,0,25,0,18,18,6,June,2015,5,Thursday,15,3:00pm-3:59pm,30,30,1,This section IS ON the NHS,2,U.S. Highway,US-20 (ODOT 7),,1,Rural,3,Principal Arterial - Other,1,State Highway Agency,1141,1141,43.534075,43.534075,-119.3341917,-119.33419167,0,No Special Jurisdiction,12,Motor Vehicle In-Transport,1,Front-to-Rear,0,No,1,Non-Junction,1,Not an Intersection,0,,1,On Roadway,1,Daylight,1,Clear,0,No Additional Atmospheric Conditions,1,Clear,0,No,0000000,Not Applicable,15,3:00pm-3:59pm,36,36,15,3:00pm-3:59pm,54,54,16,4:00pm-4:59pm,41,41,0,,0,,0,,1,0
41,Oregon,410191,1,1,0,0,3,3,0,41,0,22,22,8,August,2015,7,Saturday,16,4:00pm-4:59pm,56,56,0,This section IS NOT on the NHS,4,County Road,CR-E ECKMAN CREEK ROAD,,1,Rural,6,Minor Collector,2,County Highway Agency,13,13,44.408,44.408,-124.0314722,-124.03147222,0,No Special Jurisdiction,31,"Other Post, Other Pole or Other Supports",0,Not a Collision with Motor Vehicle In-Transport,0,No,1,Non-Junction,1,Not an Intersection,0,,4,On Roadside,1,Daylight,1,Clear,0,No Additional Atmospheric Conditions,1,Clear,0,No,0000000,Not Applicable,16,4:00pm-4:59pm,56,56,17,5:00pm-5:59pm,9,9,99,Unknown,99,Unknown EMS Hospital Arrival Time,0,,0,,0,,1,1
41,Oregon,410192,2,2,0,0,3,3,0,51,1650,23,23,8,August,2015,1,Sunday,20,8:00pm-8:59pm,22,22,1,This section IS ON the NHS,6,Local Street - Municipality,N MARINE DRIVE,,2,Urban,4,Minor Arterial,4,City or Municipal Highway Agency,0,,45.62438889,45.62438889,-122.734575,-122.734575,0,No Special Jurisdiction,12,Motor Vehicle In-Transport,6,Angle,0,No,1,Non-Junction,1,Not an Intersection,0,,1,On Roadway,5,Dusk,1,Clear,0,No Additional Atmospheric Conditions,1,Clear,0,No,0000000,Not Applicable,20,8:00pm-8:59pm,22,22,20,8:00pm-8:59pm,37,37,20,8:00pm-8:59pm,57,57,0,,0,,0,,1,1
41,Oregon,410193,2,2,0,0,3,3,0,5,0,12,12,1,January,2015,2,Monday,10,10:00am-10:59am,20,20,0,This section IS NOT on the NHS,3,State Highway,SR-99 (ODOT 81),,1,Rural,4,Minor Arterial,1,State Highway Agency,176,176,45.30641944,45.30641944,-122.6628639,-122.66286389,0,No Special Jurisdiction,12,Motor Vehicle In-Transport,2,Front-to-Front,0,No,1,Non-Junction,1,Not an Intersection,0,,1,On Roadway,1,Daylight,10,Cloudy,0,No Additional Atmospheric Conditions,10,Cloudy,0,No,0000000,Not Applicable,10,10:00am-10:59am,21,21,10,10:00am-10:59am,27,27,99,Unknown,99,Unknown EMS Hospital Arrival Time,0,,0,,0,,2,1
41,Oregon,410194,2,1,1,0,1,1,0,51,1650,26,26,8,August,2015,4,Wednesday,21,9:00pm-9:59pm,47,47,0,This section IS NOT on the NHS,6,Local Street - Municipality,NE MALLORY AVE,,2,Urban,7,Local,4,City or Municipal Highway Agency,0,,45.55983056,45.55983056,-122.6637056,-122.66370556,0,No Special Jurisdiction,14,Parked Motor Vehicle,0,Not a Collision with Motor Vehicle In-Transport,0,No,1,Non-Junction,1,Not an Intersection,0,,4,On Roadside,3,Dark - Lighted,1,Clear,0,No Additional Atmospheric Conditions,1,Clear,0,No,0000000,Not Applicable,21,9:00pm-9:59pm,47,47,99,Unknown EMS Scene Arrival Hour,99,Unknown EMS Scene Arrival Minutes,88,Not Applicable (Not Transported),88,Not Applicable (Not Transported),0,,0,,0,,1,1
41,Oregon,410195,1,1,0,0,1,1,0,67,0,26,26,8,August,2015,4,Wednesday,18,6:00pm-6:59pm,30,30,0,This section IS NOT on the NHS,4,County Road,CR-NW TIMBERS ROAD,,1,Rural,5,Major Collector,2,County Highway Agency,0,,45.74875,45.74875,-123.2968806,-123.29688056,0,No Special Jurisdiction,34,Ditch,0,Not a Collision with Motor Vehicle In-Transport,0,No,1,Non-Junction,1,Not an Intersection,0,,4,On Roadside,8,Not Reported,10,Cloudy,0,No Additional Atmospheric Conditions,10,Cloudy,0,No,0000000,Not Applicable,19,7:00pm-7:59pm,43,43,20,8:00pm-8:59pm,21,21,88,Not Applicable (Not Transported),88,Not Applicable (Not Transported),0,,0,,0,,1,0
41,Oregon,410197,2,2,0,0,3,3,0,39,660,29,29,8,August,2015,7,Saturday,22,10:00pm-10:59pm,38,38,0,This section IS NOT on the NHS,6,Local Street - Municipality,WILLIAMETTE ST,E 35TH AVE,2,Urban,4,Minor Arterial,4,City or Municipal Highway Agency,0,,44.01834722,44.01834722,-123.0922944,-123.09229444,0,No Special Jurisdiction,12,Motor Vehicle In-Transport,6,Angle,0,No,2,Intersection,3,T-Intersection,0,,1,On Roadway,2,Dark - Not Lighted,2,Rain,0,No Additional Atmospheric Conditions,2,Rain,0,No,0000000,Not Applicable,22,10:00pm-10:59pm,39,39,22,10:00pm-10:59pm,42,42,88,Not Applicable (Not Transported),88,Not Applicable (Not Transported),0,,0,,0,,1,0
41,Oregon,410198,2,2,0,0,3,3,0,71,0,2,2,7,July,2015,5,Thursday,13,1:00pm-1:59pm,16,16,0,This section IS NOT on the NHS,3,State Highway,SR-153 (ODOT 153),,1,Rural,5,Major Collector,1,State Highway Agency,135,135,45.09890556,45.09890556,-123.0854833,-123.08548333,0,No Special Jurisdiction,12,Motor Vehicle In-Transport,2,Front-to-Front,0,No,1,Non-Junction,1,Not an Intersection,0,,1,On Roadway,1,Daylight,1,Clear,0,No Additional Atmospheric Conditions,1,Clear,0,No,0000000,Not Applicable,13,1:00pm-1:59pm,17,17,13,1:00pm-1:59pm,22,22,14,2:00pm-2:59pm,9,9,0,,0,,0,,1,0
41,Oregon,410199,2,2,0,0,3,3,0,49,200,3,3,9,September,2015,5,Thursday,21,9:00pm-9:59pm,25,25,1,This section IS ON the NHS,1,Interstate,I-84,,1,Rural,1,Interstate,1,State Highway Agency,1653,1653,45.84000833,45.84000833,-119.6794028,-119.67940278,0,No Special Jurisdiction,12,Motor Vehicle In-Transport,2,Front-to-Front,0,No,1,Non-Junction,1,Not an Intersection,0,,4,On Roadside,2,Dark - Not Lighted,10,Cloudy,0,No Additional Atmospheric Conditions,10,Cloudy,0,No,0000000,Not Applicable,21,9:00pm-9:59pm,26,26,21,9:00pm-9:59pm,42,42,99,Unknown,99,Unknown EMS Hospital Arrival Time,0,,0,,0,,2,0
41,Oregon,410200,1,1,0,0,6,6,0,33,0,16,16,8,August,2015,1,Sunday,0,0:00am-0:59am,2,2,0,This section IS NOT on the NHS,4,County Road,CR-GUNNELL ROAD,,1,Rural,7,Local,2,County Highway Agency,10,10,42.44690833,42.44690833,-123.479825,-123.479825,0,No Special Jurisdiction,1,Rollover/Overturn,0,Not a Collision with Motor Vehicle In-Transport,0,No,1,Non-Junction,1,Not an Intersection,0,,4,On Roadside,2,Dark - Not Lighted,1,Clear,0,No Additional Atmospheric Conditions,1,Clear,0,No,0000000,Not Applicable,0,0:00am-0:59am,2,2,0,0:00am-0:59am,37,37,1,1:00am-1:59am,17,17,0,,0,,0,,1,1
41,Oregon,410201,1,1,0,0,1,1,0,65,0,21,21,7,July,2015,3,Tuesday,20,8:00pm-8:59pm,8,8,0,This section IS NOT on the NHS,3,State Highway,SR-216 (ODOT 44),ENDERSBY ROAD,1,Rural,5,Major Collector,1,State Highway Agency,137,137,45.11374722,45.11374722,-121.3554889,-121.35548889,0,No Special Jurisdiction,58,Ground,0,Not a Collision with Motor Vehicle In-Transport,0,No,1,Non-Junction,1,Not an Intersection,0,,4,On Roadside,1,Daylight,1,Clear,0,No Additional Atmospheric Conditions,1,Clear,0,No,0000000,Not Applicable,20,8:00pm-8:59pm,8,8,20,8:00pm-8:59pm,28,28,88,Not Applicable (Not Transported),88,Not Applicable (Not Transported),0,,0,,0,,1,0
41,Oregon,410202,1,1,0,0,1,1,0,11,1470,22,22,7,July,2015,4,Wednesday,11,11:00am-11:59am,19,19,1,This section IS ON the NHS,3,State Highway,SR-42 (ODOT 35),,2,Urban,3,Principal Arterial - Other,1,State Highway Agency,214,214,43.05594167,43.05594167,-124.1314611,-124.13146111,0,No Special Jurisdiction,33,Curb,0,Not a Collision with Motor Vehicle In-Transport,0,No,1,Non-Junction,1,Not an Intersection,0,,4,On Roadside,1,Daylight,1,Clear,0,No Additional Atmospheric Conditions,1,Clear,0,No,0000000,Not Applicable,11,11:00am-11:59am,19,19,11,11:00am-11:59am,21,21,99,Unknown,99,Unknown EMS Hospital Arrival Time,0,,0,,0,,1,0
41,Oregon,410203,2,2,0,0,3,3,0,43,0,19,19,7,July,2015,1,Sunday,12,12:00pm-12:59pm,20,20,0,This section IS NOT on the NHS,4,County Road,CR-SPICER ROAD,CR-KENNEL ROAD,1,Rural,5,Major Collector,2,County Highway Agency,0,,44.61519444,44.61519444,-123.0326083,-123.03260833,0,No Special Jurisdiction,12,Motor Vehicle In-Transport,6,Angle,0,No,2,Intersection,2,Four-Way Intersection,0,,1,On Roadway,1,Daylight,1,Clear,0,No Additional Atmospheric Conditions,1,Clear,0,No,0000000,Not Applicable,99,Unknown,99,Unknown,99,Unknown EMS Scene Arrival Hour,99,Unknown EMS Scene Arrival Minutes,99,Unknown,99,Unknown EMS Hospital Arrival Time,0,,0,,0,,2,0
41,Oregon,410204,1,1,0,0,1,1,0,41,0,22,22,7,July,2015,4,Wednesday,20,8:00pm-8:59pm,30,30,0,This section IS NOT on the NHS,4,County Road,CR-N LAMONTI DR,,1,Rural,7,Local,2,County Highway Agency,4,4,45.03615278,45.03615278,-123.9686667,-123.96866667,0,No Special Jurisdiction,35,Embankment,0,Not a Collision with Motor Vehicle In-Transport,0,No,1,Non-Junction,1,Not an Intersection,0,,4,On Roadside,5,Dusk,1,Clear,0,No Additional Atmospheric Conditions,1,Clear,0,No,0000000,Not Applicable,20,8:00pm-8:59pm,33,33,20,8:00pm-8:59pm,44,44,88,Not Applicable (Not Transported),88,Not Applicable (Not Transported),0,,0,,0,,1,1
41,Oregon,410205,2,2,0,0,2,2,0,35,0,24,24,7,July,2015,6,Friday,21,9:00pm-9:59pm,33,33,1,This section IS ON the NHS,2,U.S. Highway,US-97 (ODOT 4),,1,Rural,3,Principal Arterial - Other,1,State Highway Agency,1761,1761,43.60768333,43.60768333,-121.5550639,-121.55506389,0,No Special Jurisdiction,12,Motor Vehicle In-Transport,2,Front-to-Front,0,No,1,Non-Junction,1,Not an Intersection,0,,1,On Roadway,2,Dark - Not Lighted,1,Clear,0,No Additional Atmospheric Conditions,1,Clear,0,No,0000000,Not Applicable,21,9:00pm-9:59pm,34,34,21,9:00pm-9:59pm,50,50,99,Unknown,99,Unknown EMS Hospital Arrival Time,20,Police Pursuit Involved,0,,0,,1,1
41,Oregon,410206,1,1,0,0,1,1,0,67,2100,2,2,7,July,2015,5,Thursday,15,3:00pm-3:59pm,9,9,0,This section IS NOT on the NHS,6,Local Street - Municipality,SW 124TH AVE,,2,Urban,4,Minor Arterial,4,City or Municipal Highway Agency,0,,45.37496389,45.37496389,-122.8054444,-122.80544444,0,No Special Jurisdiction,42,Tree (Standing Only),0,Not a Collision with Motor Vehicle In-Transport,0,No,1,Non-Junction,1,Not an Intersection,0,,4,On Roadside,1,Daylight,1,Clear,0,No Additional Atmospheric Conditions,1,Clear,0,No,0000000,Not Applicable,15,3:00pm-3:59pm,10,10,15,3:00pm-3:59pm,14,14,88,Not Applicable (Not Transported),88,Not Applicable (Not Transported),0,,0,,0,,1,0
41,Oregon,410207,1,1,0,0,4,4,0,15,0,5,5,9,September,2015,7,Saturday,16,4:00pm-4:59pm,0,0,1,This section IS ON the NHS,2,U.S. Highway,US-101 (ODOT 9),,1,Rural,3,Principal Arterial - Other,1,State Highway Agency,3335,3335,42.34790556,42.34790556,-124.4171667,-124.41716667,0,No Special Jurisdiction,24,Guardrail Face,0,Not a Collision with Motor Vehicle In-Transport,0,No,1,Non-Junction,1,Not an Intersection,0,,4,On Roadside,1,Daylight,1,Clear,0,No Additional Atmospheric Conditions,1,Clear,0,No,0000000,Not Applicable,16,4:00pm-4:59pm,6,6,16,4:00pm-4:59pm,20,20,99,Unknown,99,Unknown EMS Hospital Arrival Time,0,,0,,0,,1,1
41,Oregon,410208,2,2,0,0,2,2,0,51,1650,3,3,9,September,2015,5,Thursday,6,6:00am-6:59am,28,28,1,This section IS ON the NHS,6,Local Street - Municipality,N COLUMBIA BLVD,,2,Urban,3,Principal Arterial - Other,4,City or Municipal Highway Agency,0,,45.59571389,45.59571389,-122.7341778,-122.73417778,0,No Special Jurisdiction,12,Motor Vehicle In-Transport,2,Front-to-Front,0,No,1,Non-Junction,1,Not an Intersection,0,,1,On Roadway,1,Daylight,1,Clear,0,No Additional Atmospheric Conditions,1,Clear,0,No,0000000,Not Applicable,99,Unknown,99,Unknown,99,Unknown EMS Scene Arrival Hour,99,Unknown EMS Scene Arrival Minutes,88,Not Applicable (Not Transported),88,Not Applicable (Not Transported),0,,0,,0,,1,0
41,Oregon,410209,1,1,0,1,1,1,1,51,1650,4,4,7,July,2015,7,Saturday,21,9:00pm-9:59pm,56,56,0,This section IS NOT on the NHS,6,Local Street - Municipality,SE 60TH AVE,SE HOLGATE BLVD,2,Urban,5,Major Collector,4,City or Municipal Highway Agency,0,,45.49028889,45.49028889,-122.6013028,-122.60130278,0,No Special Jurisdiction,8,Pedestrian,0,Not a Collision with Motor Vehicle In-Transport,0,No,3,Intersection-Related,3,T-Intersection,0,,1,On Roadway,3,Dark - Lighted,1,Clear,0,No Additional Atmospheric Conditions,1,Clear,0,No,0000000,Not Applicable,21,9:00pm-9:59pm,57,57,22,10:00pm-10:59pm,6,6,22,10:00pm-10:59pm,32,32,0,,0,,0,,1,0
41,Oregon,410210,2,2,0,0,2,2,0,51,1650,14,14,8,August,2015,6,Friday,1,1:00am-1:59am,56,56,1,This section IS ON the NHS,1,Interstate,I-205,,2,Urban,1,Interstate,1,State Highway Agency,199,199,45.507675,45.507675,-122.5651917,-122.56519167,0,No Special Jurisdiction,12,Motor Vehicle In-Transport,1,Front-to-Rear,0,No,1,Non-Junction,1,Not an Intersection,0,,1,On Roadway,3,Dark - Lighted,1,Clear,0,No Additional Atmospheric Conditions,1,Clear,0,No,0000000,Not Applicable,1,1:00am-1:59am,56,56,2,2:00am-2:59am,1,1,2,2:00am-2:59am,25,25,0,,0,,0,,1,1
41,Oregon,410211,1,1,0,0,1,1,0,27,300,5,5,7,July,2015,1,Sunday,6,6:00am-6:59am,2,2,0,This section IS NOT on the NHS,6,Local Street - Municipality,FOREST LN,,1,Rural,5,Major Collector,4,City or Municipal Highway Agency,0,,45.67875278,45.67875278,-121.8586167,-121.85861667,0,No Special Jurisdiction,52,Guardrail End,0,Not a Collision with Motor Vehicle In-Transport,0,No,1,Non-Junction,1,Not an Intersection,0,,4,On Roadside,1,Daylight,1,Clear,0,No Additional Atmospheric Conditions,1,Clear,0,No,0000000,Not Applicable,6,6:00am-6:59am,5,5,6,6:00am-6:59am,10,10,88,Not Applicable (Not Transported),88,Not Applicable (Not Transported),0,,0,,0,,1,1
41,Oregon,410212,1,1,0,0,1,1,0,27,0,5,5,7,July,2015,1,Sunday,21,9:00pm-9:59pm,15,15,0,This section IS NOT on the NHS,3,State Highway,SR-281 (ODOT 281),,1,Rural,5,Major Collector,1,State Highway Agency,104,104,45.62108889,45.62108889,-121.6082444,-121.60824444,0,No Special Jurisdiction,30,Utility Pole/Light Support,0,Not a Collision with Motor Vehicle In-Transport,0,No,1,Non-Junction,1,Not an Intersection,0,,4,On Roadside,5,Dusk,1,Clear,0,No Additional Atmospheric Conditions,1,Clear,0,No,0000000,Not Applicable,21,9:00pm-9:59pm,15,15,21,9:00pm-9:59pm,20,20,88,Not Applicable (Not Transported),88,Not Applicable (Not Transported),0,,0,,0,,1,1
41,Oregon,410213,1,1,0,0,1,1,0,3,0,13,13,7,July,2015,2,Monday,14,2:00pm-2:59pm,35,35,0,This section IS NOT on the NHS,3,State Highway,SR-99W (ODOT 91),,1,Rural,4,Minor Arterial,1,State Highway Agency,917,917,44.47623333,44.47623333,-123.2731917,-123.27319167,0,No Special Jurisdiction,42,Tree (Standing Only),0,Not a Collision with Motor Vehicle In-Transport,0,No,1,Non-Junction,1,Not an Intersection,0,,4,On Roadside,1,Daylight,1,Clear,0,No Additional Atmospheric Conditions,1,Clear,0,No,0000000,Not Applicable,14,2:00pm-2:59pm,35,35,14,2:00pm-2:59pm,42,42,99,Unknown,99,Unknown EMS Hospital Arrival Time,0,,0,,0,,1,0
41,Oregon,410214,2,2,0,0,3,3,0,1,0,8,8,9,September,2015,3,Tuesday,21,9:00pm-9:59pm,53,53,1,This section IS ON the NHS,1,Interstate,I-84,,1,Rural,1,Interstate,1,State Highway Agency,3213,3213,44.54450556,44.54450556,-117.4189417,-117.41894167,0,No Special Jurisdiction,25,Concrete Traffic Barrier,0,Not a Collision with Motor Vehicle In-Transport,0,No,1,Non-Junction,1,Not an Intersection,0,,4,On Roadside,2,Dark - Not Lighted,1,Clear,0,No Additional Atmospheric Conditions,1,Clear,0,No,0000000,Not Applicable,21,9:00pm-9:59pm,53,53,22,10:00pm-10:59pm,7,7,88,Not Applicable (Not Transported),88,Not Applicable (Not Transported),0,,0,,0,,1,1
41,Oregon,410215,2,2,0,0,5,5,0,39,0,8,8,9,September,2015,3,Tuesday,17,5:00pm-5:59pm,20,20,0,This section IS NOT on the NHS,3,State Highway,SR-99 (ODOT 91),,1,Rural,4,Minor Arterial,1,State Highway Agency,1050,1050,44.278925,44.278925,-123.2399139,-123.23991389,0,No Special Jurisdiction,12,Motor Vehicle In-Transport,6,Angle,0,No,1,Non-Junction,1,Not an Intersection,0,,1,On Roadway,1,Daylight,1,Clear,0,No Additional Atmospheric Conditions,1,Clear,0,No,0000000,Not Applicable,17,5:00pm-5:59pm,22,22,17,5:00pm-5:59pm,32,32,99,Unknown,99,Unknown EMS Hospital Arrival Time,0,,0,,0,,2,0
41,Oregon,410216,2,2,0,0,6,6,0,33,0,10,10,9,September,2015,5,Thursday,17,5:00pm-5:59pm,30,30,1,This section IS ON the NHS,2,U.S. Highway,US-199 (ODOT 25),,1,Rural,3,Principal Arterial - Other,1,State Highway Agency,272,272,42.18854444,42.18854444,-123.6475639,-123.64756389,0,No Special Jurisdiction,12,Motor Vehicle In-Transport,2,Front-to-Front,0,No,1,Non-Junction,1,Not an Intersection,0,,1,On Roadway,1,Daylight,1,Clear,0,No Additional Atmospheric Conditions,1,Clear,0,No,0000000,Not Applicable,17,5:00pm-5:59pm,38,38,18,6:00pm-6:59pm,1,1,19,7:00pm-7:59pm,0,0,0,,0,,0,,3,1
41,Oregon,410217,1,1,0,0,1,1,0,51,1650,6,6,9,September,2015,1,Sunday,6,6:00am-6:59am,52,52,1,This section IS ON the NHS,2,U.S. Highway,US-26 (ODOT 26),,2,Urban,3,Principal Arterial - Other,1,State Highway Agency,49,49,45.49741667,45.49741667,-122.5825611,-122.58256111,0,No Special Jurisdiction,33,Curb,0,Not a Collision with Motor Vehicle In-Transport,0,No,1,Non-Junction,1,Not an Intersection,0,,3,On Median,4,Dawn,10,Cloudy,0,No Additional Atmospheric Conditions,10,Cloudy,0,No,0000000,Not Applicable,6,6:00am-6:59am,52,52,6,6:00am-6:59am,55,55,7,7:00am-7:59am,16,16,0,,0,,0,,1,1
41,Oregon,410218,2,2,0,0,3,3,0,5,0,14,14,9,September,2015,2,Monday,9,9:00am-9:59am,57,57,0,This section IS NOT on the NHS,3,State Highway,SR-211 (ODOT 161),,1,Rural,4,Minor Arterial,1,State Highway Agency,105,105,45.14994444,45.14994444,-122.6136722,-122.61367222,0,No Special Jurisdiction,12,Motor Vehicle In-Transport,2,Front-to-Front,0,No,1,Non-Junction,1,Not an Intersection,0,,1,On Roadway,1,Daylight,10,Cloudy,0,No Additional Atmospheric Conditions,10,Cloudy,0,No,0000000,Not Applicable,9,9:00am-9:59am,57,57,10,10:00am-10:59am,2,2,11,11:00am-11:59am,7,7,0,,0,,0,,1,0
41,Oregon,410219,1,1,0,0,1,1,0,35,0,9,9,9,September,2015,4,Wednesday,16,4:00pm-4:59pm,55,55,0,This section IS NOT on the NHS,4,County Road,CR-BLISS ROAD,,1,Rural,5,Major Collector,2,County Highway Agency,37,37,42.42823056,42.42823056,-121.5182333,-121.51823333,0,No Special Jurisdiction,1,Rollover/Overturn,0,Not a Collision with Motor Vehicle In-Transport,0,No,1,Non-Junction,1,Not an Intersection,0,,4,On Roadside,1,Daylight,1,Clear,0,No Additional Atmospheric Conditions,1,Clear,0,No,0000000,Not Applicable,99,Unknown,99,Unknown,99,Unknown EMS Scene Arrival Hour,99,Unknown EMS Scene Arrival Minutes,88,Not Applicable (Not Transported),88,Not Applicable (Not Transported),0,,0,,0,,1,1
41,Oregon,410220,1,1,0,0,4,4,0,29,0,6,6,8,August,2015,5,Thursday,14,2:00pm-2:59pm,20,20,0,This section IS NOT on the NHS,4,County Road,CR-OLD TRAIL CREEK RD,,1,Rural,7,Local,2,County Highway Agency,10,10,42.651825,42.651825,-122.8155694,-122.81556944,0,No Special Jurisdiction,17,Boulder,0,Not a Collision with Motor Vehicle In-Transport,0,No,1,Non-Junction,1,Not an Intersection,0,,4,On Roadside,1,Daylight,1,Clear,0,No Additional Atmospheric Conditions,1,Clear,0,No,0000000,Not Applicable,99,Unknown,99,Unknown,99,Unknown EMS Scene Arrival Hour,99,Unknown EMS Scene Arrival Minutes,88,Not Applicable (Not Transported),88,Not Applicable (Not Transported),0,,0,,0,,1,0
41,Oregon,410221,1,1,0,0,1,1,0,47,0,27,27,7,July,2015,2,Monday,20,8:00pm-8:59pm,55,55,0,This section IS NOT on the NHS,4,County Road,CR-CROSBY ROAD,,1,Rural,7,Local,2,County Highway Agency,12,12,45.17321944,45.17321944,-122.9103944,-122.91039444,0,No Special Jurisdiction,42,Tree (Standing Only),0,Not a Collision with Motor Vehicle In-Transport,0,No,1,Non-Junction,1,Not an Intersection,0,,4,On Roadside,5,Dusk,1,Clear,0,No Additional Atmospheric Conditions,1,Clear,0,No,0000000,Not Applicable,20,8:00pm-8:59pm,55,55,99,Unknown EMS Scene Arrival Hour,99,Unknown EMS Scene Arrival Minutes,88,Not Applicable (Not Transported),88,Not Applicable (Not Transported),0,,0,,0,,1,0
41,Oregon,410222,1,1,0,0,2,2,0,29,0,27,27,7,July,2015,2,Monday,13,1:00pm-1:59pm,30,30,1,This section IS ON the NHS,1,Interstate,I-5 RAMP,,2,Urban,1,Interstate,1,State Highway Agency,408,408,42.4255,42.4255,-123.0399639,-123.03996389,0,No Special Jurisdiction,24,Guardrail Face,0,Not a Collision with Motor Vehicle In-Transport,1,Yes,5,Entrance/Exit Ramp Related,1,Not an Intersection,0,,4,On Roadside,1,Daylight,1,Clear,0,No Additional Atmospheric Conditions,1,Clear,0,No,0000000,Not Applicable,13,1:00pm-1:59pm,30,30,13,1:00pm-1:59pm,40,40,14,2:00pm-2:59pm,23,23,0,,0,,0,,1,1
41,Oregon,410223,1,1,0,0,1,1,0,3,0,30,30,7,July,2015,5,Thursday,23,11:00pm-11:59pm,50,50,0,This section IS NOT on the NHS,3,State Highway,SR-99 (ODOT 91),,1,Rural,4,Minor Arterial,1,State Highway Agency,961,961,44.38301389,44.38301389,-123.2872889,-123.28728889,0,No Special Jurisdiction,42,Tree (Standing Only),0,Not a Collision with Motor Vehicle In-Transport,0,No,1,Non-Junction,1,Not an Intersection,0,,4,On Roadside,2,Dark - Not Lighted,1,Clear,0,No Additional Atmospheric Conditions,1,Clear,0,No,0000000,Not Applicable,23,11:00pm-11:59pm,51,51,0,0:00am-0:59am,0,0,88,Not Applicable (Not Transported),88,Not Applicable (Not Transported),0,,0,,0,,1,0
41,Oregon,410224,2,2,0,0,2,2,0,51,1650,21,21,7,July,2015,3,Tuesday,15,3:00pm-3:59pm,21,21,0,This section IS NOT on the NHS,6,Local Street - Municipality,SE FOSTER ROAD,,2,Urban,4,Minor Arterial,4,City or Municipal Highway Agency,0,,45.47626944,45.47626944,-122.5006611,-122.50066111,0,No Special Jurisdiction,12,Motor Vehicle In-Transport,2,Front-to-Front,0,No,1,Non-Junction,1,Not an Intersection,0,,1,On Roadway,1,Daylight,1,Clear,0,No Additional Atmospheric Conditions,1,Clear,0,No,0000000,Not Applicable,15,3:00pm-3:59pm,23,23,15,3:00pm-3:59pm,28,28,99,Unknown,99,Unknown EMS Hospital Arrival Time,0,,0,,0,,1,1
41,Oregon,410225,7,7,0,0,13,13,0,67,0,1,1,9,September,2015,3,Tuesday,19,7:00pm-7:59pm,1,1,1,This section IS ON the NHS,3,State Highway,SR-8 (ODOT 29),SW 185TH AVE,2,Urban,3,Principal Arterial - Other,1,State Highway Agency,66,66,45.49403056,45.49403056,-122.8683083,-122.86830833,0,No Special Jurisdiction,12,Motor Vehicle In-Transport,1,Front-to-Rear,0,No,3,Intersection-Related,2,Four-Way Intersection,0,,1,On Roadway,1,Daylight,1,Clear,0,No Additional Atmospheric Conditions,1,Clear,0,No,0000000,Not Applicable,19,7:00pm-7:59pm,46,46,19,7:00pm-7:59pm,47,47,19,7:00pm-7:59pm,52,52,28,Backup Due to Regular Congestion,0,,0,,1,0
41,Oregon,410226,2,2,0,0,2,2,0,41,0,31,31,7,July,2015,6,Friday,7,7:00am-7:59am,11,11,1,This section IS ON the NHS,2,U.S. Highway,US-101 (ODOT 9),,2,Urban,3,Principal Arterial - Other,1,State Highway Agency,1211,1211,44.89341667,44.89341667,-124.0170889,-124.01708889,0,No Special Jurisdiction,12,Motor Vehicle In-Transport,1,Front-to-Rear,0,No,1,Non-Junction,1,Not an Intersection,0,,1,On Roadway,4,Dawn,1,Clear,0,No Additional Atmospheric Conditions,1,Clear,0,No,0000000,Not Applicable,7,7:00am-7:59am,14,14,7,7:00am-7:59am,18,18,88,Not Applicable (Not Transported),88,Not Applicable (Not Transported),0,,0,,0,,1,0
41,Oregon,410227,1,1,0,0,1,1,0,17,0,24,24,7,July,2015,6,Friday,5,5:00am-5:59am,54,54,1,This section IS ON the NHS,2,U.S. Highway,US-20 (ODOT 16),,1,Rural,3,Principal Arterial - Other,1,State Highway Agency,968,968,44.33449444,44.33449444,-121.5925333,-121.59253333,0,No Special Jurisdiction,42,Tree (Standing Only),0,Not a Collision with Motor Vehicle In-Transport,0,No,1,Non-Junction,1,Not an Intersection,0,,4,On Roadside,4,Dawn,1,Clear,0,No Additional Atmospheric Conditions,1,Clear,0,No,0000000,Not Applicable,5,5:00am-5:59am,54,54,6,6:00am-6:59am,10,10,88,Not Applicable (Not Transported),88,Not Applicable (Not Transported),0,,0,,0,,1,0
41,Oregon,410228,2,2,0,0,2,2,0,59,1610,24,24,7,July,2015,6,Friday,20,8:00pm-8:59pm,12,12,1,This section IS ON the NHS,2,U.S. Highway,US-30 (ODOT 67),I-84 RAMP,2,Urban,3,Principal Arterial - Other,1,State Highway Agency,7,7,45.67600278,45.67600278,-118.8401583,-118.84015833,0,No Special Jurisdiction,12,Motor Vehicle In-Transport,6,Angle,1,Yes,2,Intersection,2,Four-Way Intersection,0,,1,On Roadway,5,Dusk,1,Clear,0,No Additional Atmospheric Conditions,1,Clear,0,No,0000000,Not Applicable,99,Unknown,99,Unknown,99,Unknown EMS Scene Arrival Hour,99,Unknown EMS Scene Arrival Minutes,99,Unknown,99,Unknown EMS Hospital Arrival Time,0,,0,,0,,1,0
41,Oregon,410229,1,1,0,0,1,1,0,59,0,28,28,7,July,2015,3,Tuesday,11,11:00am-11:59am,16,16,1,This section IS ON the NHS,2,U.S. Highway,US-395 (ODOT 28),,1,Rural,3,Principal Arterial - Other,1,State Highway Agency,366,366,45.29926944,45.29926944,-119.0053556,-119.00535556,0,No Special Jurisdiction,1,Rollover/Overturn,0,Not a Collision with Motor Vehicle In-Transport,0,No,1,Non-Junction,1,Not an Intersection,0,,4,On Roadside,1,Daylight,1,Clear,0,No Additional Atmospheric Conditions,1,Clear,0,No,0000000,Not Applicable,11,11:00am-11:59am,16,16,11,11:00am-11:59am,50,50,88,Not Applicable (Not Transported),88,Not Applicable (Not Transported),0,,0,,0,,1,0
41,Oregon,410230,1,1,0,0,4,4,0,19,0,2,2,8,August,2015,1,Sunday,16,4:00pm-4:59pm,46,46,0,This section IS NOT on the NHS,4,County Road,CR-NONPAREIL ROAD,,1,Rural,5,Major Collector,2,County Highway Agency,0,,43.40914444,43.40914444,-123.2375667,-123.23756667,0,No Special Jurisdiction,34,Ditch,0,Not a Collision with Motor Vehicle In-Transport,0,No,1,Non-Junction,1,Not an Intersection,0,,4,On Roadside,1,Daylight,10,Cloudy,0,No Additional Atmospheric Conditions,10,Cloudy,0,No,0000000,Not Applicable,16,4:00pm-4:59pm,46,46,16,4:00pm-4:59pm,54,54,99,Unknown,99,Unknown EMS Hospital Arrival Time,0,,0,,0,,1,0
41,Oregon,410231,1,1,0,0,1,1,0,39,0,7,7,8,August,2015,6,Friday,99,Unknown Hours,99,Unknown Minutes,0,This section IS NOT on the NHS,4,County Road,CR-CROW ROAD,,1,Rural,5,Major Collector,2,County Highway Agency,8,8,43.98781111,43.98781111,-123.3154472,-123.31544722,0,No Special Jurisdiction,34,Ditch,0,Not a Collision with Motor Vehicle In-Transport,0,No,1,Non-Junction,1,Not an Intersection,0,,4,On Roadside,2,Dark - Not Lighted,1,Clear,0,No Additional Atmospheric Conditions,1,Clear,0,No,0000000,Not Applicable,21,9:00pm-9:59pm,0,0,21,9:00pm-9:59pm,11,11,88,Not Applicable (Not Transported),88,Not Applicable (Not Transported),0,,0,,0,,1,1
41,Oregon,410232,2,1,1,0,3,3,0,29,0,8,8,8,August,2015,7,Saturday,7,7:00am-7:59am,15,15,1,This section IS ON the NHS,1,Interstate,I-5,,1,Rural,1,Interstate,1,State Highway Agency,41,41,42.04782222,42.04782222,-122.606475,-122.606475,0,No Special Jurisdiction,14,Parked Motor Vehicle,0,Not a Collision with Motor Vehicle In-Transport,0,No,1,Non-Junction,1,Not an Intersection,0,,2,On Shoulder,1,Daylight,1,Clear,0,No Additional Atmospheric Conditions,1,Clear,0,No,0000000,Not Applicable,7,7:00am-7:59am,17,17,7,7:00am-7:59am,36,36,99,Unknown,99,Unknown EMS Hospital Arrival Time,0,,0,,0,,2,0
41,Oregon,410233,1,1,0,1,1,1,1,51,1650,7,7,8,August,2015,6,Friday,13,1:00pm-1:59pm,44,44,0,This section IS NOT on the NHS,6,Local Street - Municipality,NE LLOYD BLVD,NE 1ST AVE,2,Urban,4,Minor Arterial,4,City or Municipal Highway Agency,0,,45.52693056,45.52693056,-122.6645528,-122.66455278,0,No Special Jurisdiction,8,Pedestrian,0,Not a Collision with Motor Vehicle In-Transport,0,No,3,Intersection-Related,3,T-Intersection,0,,1,On Roadway,1,Daylight,1,Clear,0,No Additional Atmospheric Conditions,1,Clear,0,No,0000000,Not Applicable,13,1:00pm-1:59pm,44,44,13,1:00pm-1:59pm,51,51,14,2:00pm-2:59pm,10,10,0,,0,,0,,1,0
41,Oregon,410234,1,1,0,0,1,1,0,39,0,13,13,8,August,2015,5,Thursday,99,Unknown Hours,99,Unknown Minutes,0,This section IS NOT on the NHS,4,County Road,CR-LONDON ROAD,,1,Rural,5,Major Collector,2,County Highway Agency,40,40,43.70707778,43.70707778,-123.0737944,-123.07379444,0,No Special Jurisdiction,42,Tree (Standing Only),0,Not a Collision with Motor Vehicle In-Transport,0,No,1,Non-Junction,1,Not an Intersection,0,,4,On Roadside,9,Unknown,1,Clear,0,No Additional Atmospheric Conditions,1,Clear,0,No,0000000,Not Applicable,9,9:00am-9:59am,47,47,9,9:00am-9:59am,57,57,88,Not Applicable (Not Transported),88,Not Applicable (Not Transported),0,,0,,0,,1,1
41,Oregon,410235,1,1,0,0,2,2,0,23,0,16,16,8,August,2015,1,Sunday,5,5:00am-5:59am,0,0,1,This section IS ON the NHS,2,U.S. Highway,US-26 (ODOT 5),,1,Rural,3,Principal Arterial - Other,1,State Highway Agency,1520,1520,44.41522222,44.41522222,-119.1526861,-119.15268611,0,No Special Jurisdiction,1,Rollover/Overturn,0,Not a Collision with Motor Vehicle In-Transport,0,No,1,Non-Junction,1,Not an Intersection,0,,4,On Roadside,2,Dark - Not Lighted,1,Clear,0,No Additional Atmospheric Conditions,1,Clear,0,No,0000000,Not Applicable,5,5:00am-5:59am,6,6,5,5:00am-5:59am,26,26,5,5:00am-5:59am,56,56,0,,0,,0,,1,1
41,Oregon,410236,1,1,0,0,1,1,0,33,0,14,14,7,July,2015,3,Tuesday,23,11:00pm-11:59pm,14,14,0,This section IS NOT on the NHS,3,State Highway,SR-46 (ODOT 38),,1,Rural,5,Major Collector,1,State Highway Agency,67,67,42.14745833,42.14745833,-123.6016944,-123.60169444,0,No Special Jurisdiction,42,Tree (Standing Only),0,Not a Collision with Motor Vehicle In-Transport,0,No,1,Non-Junction,1,Not an Intersection,0,,4,On Roadside,2,Dark - Not Lighted,1,Clear,0,No Additional Atmospheric Conditions,1,Clear,0,No,0000000,Not Applicable,23,11:00pm-11:59pm,17,17,23,11:00pm-11:59pm,23,23,88,Not Applicable (Not Transported),88,Not Applicable (Not Transported),0,,0,,0,,1,1
41,Oregon,410237,1,1,0,0,1,1,0,39,0,14,14,7,July,2015,3,Tuesday,8,8:00am-8:59am,5,5,1,This section IS ON the NHS,1,Interstate,I-5 RAMP,,1,Rural,1,Interstate,1,State Highway Agency,1786,1786,43.85028333,43.85028333,-123.0215278,-123.02152778,0,No Special Jurisdiction,33,Curb,0,Not a Collision with Motor Vehicle In-Transport,0,No,5,Entrance/Exit Ramp Related,1,Not an Intersection,0,,4,On Roadside,1,Daylight,1,Clear,0,No Additional Atmospheric Conditions,1,Clear,0,No,0000000,Not Applicable,8,8:00am-8:59am,9,9,8,8:00am-8:59am,17,17,8,8:00am-8:59am,43,43,0,,0,,0,,1,1
41,Oregon,410238,1,1,0,0,3,3,0,53,0,16,16,8,August,2015,1,Sunday,7,7:00am-7:59am,57,57,1,This section IS ON the NHS,3,State Highway,SR-18 (ODOT 39),,1,Rural,3,Principal Arterial - Other,1,State Highway Agency,280,280,45.05073333,45.05073333,-123.5043694,-123.50436944,0,No Special Jurisdiction,42,Tree (Standing Only),0,Not a Collision with Motor Vehicle In-Transport,0,No,1,Non-Junction,1,Not an Intersection,0,,4,On Roadside,1,Daylight,1,Clear,0,No Additional Atmospheric Conditions,1,Clear,0,No,0000000,Not Applicable,7,7:00am-7:59am,58,58,8,8:00am-8:59am,9,9,99,Unknown,99,Unknown EMS Hospital Arrival Time,0,,0,,0,,1,1
41,Oregon,410239,3,3,0,0,8,8,0,17,0,15,15,7,July,2015,4,Wednesday,22,10:00pm-10:59pm,54,54,1,This section IS ON the NHS,2,U.S. Highway,US-20 (ODOT 17),CR-COOLEY RD,2,Urban,3,Principal Arterial - Other,1,State Highway Agency,175,175,44.10921944,44.10921944,-121.3103333,-121.31033333,0,No Special Jurisdiction,12,Motor Vehicle In-Transport,6,Angle,1,Yes,2,Intersection,2,Four-Way Intersection,0,,1,On Roadway,2,Dark - Not Lighted,1,Clear,0,No Additional Atmospheric Conditions,1,Clear,0,No,0000000,Not Applicable,22,10:00pm-10:59pm,56,56,23,11:00pm-11:59pm,0,0,99,Unknown,99,Unknown EMS Hospital Arrival Time,0,,0,,0,,1,0
41,Oregon,410240,2,2,0,0,2,2,0,41,1500,17,17,7,July,2015,6,Friday,14,2:00pm-2:59pm,57,57,1,This section IS ON the NHS,2,U.S. Highway,US-101 (ODOT 9),NE 36TH ST,2,Urban,3,Principal Arterial - Other,1,State Highway Agency,1385,1385,44.66243611,44.66243611,-124.054925,-124.054925,0,No Special Jurisdiction,12,Motor Vehicle In-Transport,6,Angle,0,No,2,Intersection,3,T-Intersection,0,,1,On Roadway,1,Daylight,1,Clear,0,No Additional Atmospheric Conditions,1,Clear,0,No,0000000,Not Applicable,15,3:00pm-3:59pm,5,5,15,3:00pm-3:59pm,17,17,15,3:00pm-3:59pm,44,44,0,,0,,0,,1,0
41,Oregon,410241,1,1,0,1,2,2,1,5,1830,15,15,8,August,2015,7,Saturday,20,8:00pm-8:59pm,47,47,1,This section IS ON the NHS,2,U.S. Highway,US-26 (ODOT 26),,2,Urban,3,Principal Arterial - Other,1,State Highway Agency,235,235,45.39911111,45.39911111,-122.274775,-122.274775,0,No Special Jurisdiction,8,Pedestrian,0,Not a Collision with Motor Vehicle In-Transport,0,No,1,Non-Junction,1,Not an Intersection,0,,1,On Roadway,2,Dark - Not Lighted,1,Clear,0,No Additional Atmospheric Conditions,1,Clear,0,No,0000000,Not Applicable,20,8:00pm-8:59pm,48,48,20,8:00pm-8:59pm,51,51,88,Not Applicable (Not Transported),88,Not Applicable (Not Transported),0,,0,,0,,1,0
41,Oregon,410242,1,1,0,0,1,1,0,29,580,14,14,8,August,2015,6,Friday,18,6:00pm-6:59pm,42,42,0,This section IS NOT on the NHS,6,Local Street - Municipality,HANNON ROAD,,2,Urban,5,Major Collector,4,City or Municipal Highway Agency,0,,42.46962778,42.46962778,-122.8152944,-122.81529444,0,No Special Jurisdiction,53,Mail Box,0,Not a Collision with Motor Vehicle In-Transport,0,No,8,Driveway Access Related,1,Not an Intersection,0,,4,On Roadside,1,Daylight,1,Clear,0,No Additional Atmospheric Conditions,1,Clear,0,No,0000000,Not Applicable,18,6:00pm-6:59pm,42,42,18,6:00pm-6:59pm,43,43,19,7:00pm-7:59pm,20,20,0,,0,,0,,1,1
41,Oregon,410243,1,1,0,1,2,2,1,51,1650,10,10,8,August,2015,2,Monday,8,8:00am-8:59am,57,57,1,This section IS ON the NHS,3,State Highway,SR-213 (ODOT 68),NE GLISAN ST,2,Urban,3,Principal Arterial - Other,1,State Highway Agency,28,28,45.526425,45.526425,-122.5790806,-122.57908056,0,No Special Jurisdiction,8,Pedestrian,0,Not a Collision with Motor Vehicle In-Transport,0,No,3,Intersection-Related,2,Four-Way Intersection,0,,1,On Roadway,1,Daylight,1,Clear,0,No Additional Atmospheric Conditions,1,Clear,0,No,0000000,Not Applicable,8,8:00am-8:59am,57,57,9,9:00am-9:59am,2,2,9,9:00am-9:59am,18,18,0,,0,,0,,1,0
41,Oregon,410244,1,1,0,1,1,1,1,65,2060,14,14,8,August,2015,6,Friday,15,3:00pm-3:59pm,4,4,1,This section IS ON the NHS,1,Interstate,I-84,,2,Urban,1,Interstate,1,State Highway Agency,850,850,45.60149722,45.60149722,-121.1774556,-121.17745556,0,No Special Jurisdiction,8,Pedestrian,0,Not a Collision with Motor Vehicle In-Transport,0,No,1,Non-Junction,1,Not an Intersection,0,,1,On Roadway,1,Daylight,1,Clear,0,No Additional Atmospheric Conditions,1,Clear,0,No,0000000,Not Applicable,15,3:00pm-3:59pm,5,5,15,3:00pm-3:59pm,10,10,88,Not Applicable (Not Transported),88,Not Applicable (Not Transported),0,,0,,0,,1,0
41,Oregon,410245,2,2,0,0,2,2,0,39,660,19,19,8,August,2015,4,Wednesday,9,9:00am-9:59am,14,14,0,This section IS NOT on the NHS,6,Local Street - Municipality,CRESCENT AVE,CHUCKANUT ST,2,Urban,4,Minor Arterial,4,City or Municipal Highway Agency,0,,44.09295833,44.09295833,-123.0730778,-123.07307778,0,No Special Jurisdiction,12,Motor Vehicle In-Transport,6,Angle,0,No,2,Intersection,2,Four-Way Intersection,0,,1,On Roadway,1,Daylight,1,Clear,0,No Additional Atmospheric Conditions,1,Clear,0,No,0000000,Not Applicable,9,9:00am-9:59am,14,14,9,9:00am-9:59am,21,21,9,9:00am-9:59am,42,42,0,,0,,0,,1,0
41,Oregon,410246,2,2,0,0,2,2,0,5,0,30,30,1,January,2015,6,Friday,21,9:00pm-9:59pm,29,29,1,This section IS ON the NHS,3,State Highway,SR-212 (ODOT 174),US-26 (ODOT 26) RAMP,2,Urban,3,Principal Arterial - Other,1,State Highway Agency,84,84,45.43266944,45.43266944,-122.3420556,-122.34205556,0,No Special Jurisdiction,12,Motor Vehicle In-Transport,6,Angle,0,No,2,Intersection,3,T-Intersection,0,,1,On Roadway,2,Dark - Not Lighted,1,Clear,0,No Additional Atmospheric Conditions,1,Clear,0,No,0000000,Not Applicable,21,9:00pm-9:59pm,29,29,99,Unknown EMS Scene Arrival Hour,99,Unknown EMS Scene Arrival Minutes,88,Not Applicable (Not Transported),88,Not Applicable (Not Transported),0,,0,,0,,1,0
41,Oregon,410247,1,1,0,0,2,2,0,31,0,19,19,8,August,2015,4,Wednesday,10,10:00am-10:59am,13,13,1,This section IS ON the NHS,2,U.S. Highway,US-97 (ODOT 4),,1,Rural,3,Principal Arterial - Other,1,State Highway Agency,1035,1035,44.52300833,44.52300833,-121.1806972,-121.18069722,0,No Special Jurisdiction,52,Guardrail End,0,Not a Collision with Motor Vehicle In-Transport,0,No,1,Non-Junction,1,Not an Intersection,0,,4,On Roadside,1,Daylight,1,Clear,0,No Additional Atmospheric Conditions,1,Clear,0,No,0000000,Not Applicable,10,10:00am-10:59am,14,14,10,10:00am-10:59am,30,30,10,10:00am-10:59am,50,50,0,,0,,0,,1,0
41,Oregon,410248,2,2,0,0,2,2,0,45,0,20,20,8,August,2015,5,Thursday,10,10:00am-10:59am,38,38,1,This section IS ON the NHS,1,Interstate,I-84,,1,Rural,1,Interstate,1,State Highway Agency,3572,3572,44.03804722,44.03804722,-116.9623833,-116.96238333,0,No Special Jurisdiction,12,Motor Vehicle In-Transport,1,Front-to-Rear,0,No,1,Non-Junction,1,Not an Intersection,0,,1,On Roadway,1,Daylight,1,Clear,0,No Additional Atmospheric Conditions,1,Clear,0,No,0000000,Not Applicable,10,10:00am-10:59am,40,40,10,10:00am-10:59am,55,55,88,Not Applicable (Not Transported),88,Not Applicable (Not Transported),0,,0,,0,,1,0
41,Oregon,410249,1,1,0,0,1,1,0,39,0,20,20,8,August,2015,5,Thursday,14,2:00pm-2:59pm,0,0,1,This section IS ON the NHS,3,State Highway,SR-126 (ODOT 15),,1,Rural,3,Principal Arterial - Other,1,State Highway Agency,183,183,44.09679167,44.09679167,-122.7056028,-122.70560278,0,No Special Jurisdiction,42,Tree (Standing Only),0,Not a Collision with Motor Vehicle In-Transport,0,No,1,Non-Junction,1,Not an Intersection,0,,4,On Roadside,1,Daylight,1,Clear,0,No Additional Atmospheric Conditions,1,Clear,0,No,0000000,Not Applicable,14,2:00pm-2:59pm,4,4,14,2:00pm-2:59pm,24,24,14,2:00pm-2:59pm,55,55,0,,0,,0,,1,0
41,Oregon,410250,2,2,0,0,4,4,0,47,1810,1,1,4,April,2015,4,Wednesday,14,2:00pm-2:59pm,5,5,1,This section IS ON the NHS,6,Local Street - Municipality,PORTLAND RD NE,SILVERTON RD NE,2,Urban,3,Principal Arterial - Other,4,City or Municipal Highway Agency,0,,44.96010278,44.96010278,-123.0155778,-123.01557778,0,No Special Jurisdiction,12,Motor Vehicle In-Transport,2,Front-to-Front,0,No,2,Intersection,2,Four-Way Intersection,0,,1,On Roadway,1,Daylight,10,Cloudy,0,No Additional Atmospheric Conditions,10,Cloudy,0,No,0000000,Not Applicable,14,2:00pm-2:59pm,4,4,14,2:00pm-2:59pm,10,10,99,Unknown,99,Unknown EMS Hospital Arrival Time,0,,0,,0,,1,0
41,Oregon,410251,1,1,0,0,2,2,0,47,0,19,19,6,June,2015,6,Friday,18,6:00pm-6:59pm,29,29,0,This section IS NOT on the NHS,4,County Road,CR-DECONINCK RD NE,CR-MANNING RD NE,1,Rural,7,Local,2,County Highway Agency,16,16,45.14349167,45.14349167,-122.9305694,-122.93056944,0,No Special Jurisdiction,1,Rollover/Overturn,0,Not a Collision with Motor Vehicle In-Transport,0,No,3,Intersection-Related,3,T-Intersection,0,,1,On Roadway,1,Daylight,1,Clear,0,No Additional Atmospheric Conditions,1,Clear,0,No,0000000,Not Applicable,18,6:00pm-6:59pm,29,29,18,6:00pm-6:59pm,43,43,99,Unknown,99,Unknown EMS Hospital Arrival Time,0,,0,,0,,1,1
41,Oregon,410252,1,1,0,0,2,2,0,39,660,1,1,7,July,2015,4,Wednesday,20,8:00pm-8:59pm,48,48,1,This section IS ON the NHS,3,State Highway,SR-69 (ODOT 69),,2,Urban,3,Principal Arterial - Other,1,State Highway Agency,28,28,44.04821667,44.04821667,-123.1784222,-123.17842222,0,No Special Jurisdiction,33,Curb,0,Not a Collision with Motor Vehicle In-Transport,0,No,1,Non-Junction,1,Not an Intersection,0,,3,On Median,5,Dusk,1,Clear,0,No Additional Atmospheric Conditions,1,Clear,0,No,0000000,Not Applicable,20,8:00pm-8:59pm,48,48,20,8:00pm-8:59pm,51,51,88,Not Applicable (Not Transported),88,Not Applicable (Not Transported),0,,0,,0,,1,1
41,Oregon,410253,1,1,0,1,1,1,1,39,1960,18,18,9,September,2015,6,Friday,16,4:00pm-4:59pm,1,1,1,This section IS ON the NHS,3,State Highway,SR-126 (ODOT 15),32ND ST,2,Urban,3,Principal Arterial - Other,1,State Highway Agency,37,37,44.04583889,44.04583889,-122.9807778,-122.98077778,0,No Special Jurisdiction,8,Pedestrian,0,Not a Collision with Motor Vehicle In-Transport,0,No,3,Intersection-Related,3,T-Intersection,0,,1,On Roadway,1,Daylight,1,Clear,0,No Additional Atmospheric Conditions,1,Clear,0,No,0000000,Not Applicable,16,4:00pm-4:59pm,1,1,16,4:00pm-4:59pm,6,6,16,4:00pm-4:59pm,33,33,0,,0,,0,,1,0
41,Oregon,410254,3,3,0,1,8,8,1,57,0,17,17,7,July,2015,6,Friday,14,2:00pm-2:59pm,55,55,0,This section IS NOT on the NHS,3,State Highway,SR-6 (ODOT 37),,1,Rural,4,Minor Arterial,1,State Highway Agency,251,251,45.59696111,45.59696111,-123.5060472,-123.50604722,0,No Special Jurisdiction,8,Pedestrian,0,Not a Collision with Motor Vehicle In-Transport,0,No,1,Non-Junction,1,Not an Intersection,1,Construction,1,On Roadway,1,Daylight,1,Clear,0,No Additional Atmospheric Conditions,1,Clear,0,No,0000000,Not Applicable,14,2:00pm-2:59pm,59,59,15,3:00pm-3:59pm,24,24,99,Unknown,99,Unknown EMS Hospital Arrival Time,0,,0,,0,,1,0
41,Oregon,410255,7,2,5,0,2,2,0,13,1700,18,18,7,July,2015,7,Saturday,2,2:00am-2:59am,27,27,1,This section IS ON the NHS,3,State Highway,SR-126 (ODOT 41),JUNIPER ST,2,Urban,3,Principal Arterial - Other,1,State Highway Agency,193,193,44.30293056,44.30293056,-120.8361278,-120.83612778,0,No Special Jurisdiction,12,Motor Vehicle In-Transport,6,Angle,0,No,2,Intersection,2,Four-Way Intersection,0,,1,On Roadway,3,Dark - Lighted,1,Clear,0,No Additional Atmospheric Conditions,1,Clear,0,No,0000000,Not Applicable,2,2:00am-2:59am,27,27,2,2:00am-2:59am,33,33,2,2:00am-2:59am,53,53,20,Police Pursuit Involved,0,,0,,1,1
41,Oregon,410256,1,1,0,0,1,1,0,29,0,18,18,7,July,2015,7,Saturday,20,8:00pm-8:59pm,25,25,0,This section IS NOT on the NHS,3,State Highway,SR-62 (ODOT 22),,1,Rural,4,Minor Arterial,1,State Highway Agency,408,408,42.72109444,42.72109444,-122.5347667,-122.53476667,0,No Special Jurisdiction,1,Rollover/Overturn,0,Not a Collision with Motor Vehicle In-Transport,0,No,1,Non-Junction,1,Not an Intersection,0,,4,On Roadside,1,Daylight,1,Clear,0,No Additional Atmospheric Conditions,1,Clear,0,No,0000000,Not Applicable,20,8:00pm-8:59pm,25,25,20,8:00pm-8:59pm,44,44,88,Not Applicable (Not Transported),88,Not Applicable (Not Transported),0,,0,,0,,1,1
41,Oregon,410257,1,1,0,0,1,1,0,53,0,16,16,9,September,2015,4,Wednesday,20,8:00pm-8:59pm,15,15,0,This section IS NOT on the NHS,4,County Road,CR-ZENA RD NW,CR-BRUSH COLLEGE RD NW,1,Rural,5,Major Collector,2,County Highway Agency,53,53,45.01503333,45.01503333,-123.1247944,-123.12479444,0,No Special Jurisdiction,1,Rollover/Overturn,0,Not a Collision with Motor Vehicle In-Transport,0,No,3,Intersection-Related,3,T-Intersection,0,,4,On Roadside,2,Dark - Not Lighted,10,Cloudy,0,No Additional Atmospheric Conditions,10,Cloudy,0,No,0000000,Not Applicable,99,Unknown,99,Unknown,99,Unknown EMS Scene Arrival Hour,99,Unknown EMS Scene Arrival Minutes,88,Not Applicable (Not Transported),88,Not Applicable (Not Transported),0,,0,,0,,1,1
41,Oregon,410258,2,2,0,0,2,2,0,51,1650,16,16,9,September,2015,4,Wednesday,16,4:00pm-4:59pm,4,4,1,This section IS ON the NHS,2,U.S. Highway,US-26 (ODOT 26),SE 33RD AVE,2,Urban,3,Principal Arterial - Other,1,State Highway Agency,25,25,45.49679722,45.49679722,-122.6314528,-122.63145278,0,No Special Jurisdiction,31,"Other Post, Other Pole or Other Supports",0,Not a Collision with Motor Vehicle In-Transport,0,No,3,Intersection-Related,2,Four-Way Intersection,0,,4,On Roadside,1,Daylight,10,Cloudy,0,No Additional Atmospheric Conditions,10,Cloudy,0,No,0000000,Not Applicable,16,4:00pm-4:59pm,4,4,99,Unknown EMS Scene Arrival Hour,99,Unknown EMS Scene Arrival Minutes,88,Not Applicable (Not Transported),88,Not Applicable (Not Transported),14,"Motor Vehicle struck by falling cargo,or something that came loose from or something that was set in motion by a vehicle",0,,0,,1,0
41,Oregon,410259,2,2,0,0,3,3,0,19,0,20,20,9,September,2015,1,Sunday,19,7:00pm-7:59pm,20,20,1,This section IS ON the NHS,3,State Highway,SR-38 (ODOT 45),,1,Rural,3,Principal Arterial - Other,1,State Highway Agency,203,203,43.66008611,43.66008611,-123.7853944,-123.78539444,0,No Special Jurisdiction,12,Motor Vehicle In-Transport,2,Front-to-Front,0,No,1,Non-Junction,1,Not an Intersection,0,,1,On Roadway,2,Dark - Not Lighted,1,Clear,0,No Additional Atmospheric Conditions,1,Clear,0,No,0000000,Not Applicable,19,7:00pm-7:59pm,21,21,19,7:00pm-7:59pm,43,43,20,8:00pm-8:59pm,30,30,0,,0,,0,,1,0
41,Oregon,410260,1,1,0,0,4,4,0,57,0,21,21,9,September,2015,2,Monday,19,7:00pm-7:59pm,53,53,0,This section IS NOT on the NHS,4,County Road,CR-MIAMI FOLEY RD,,1,Rural,5,Major Collector,2,County Highway Agency,120,120,45.70538889,45.70538889,-123.8528083,-123.85280833,0,No Special Jurisdiction,35,Embankment,0,Not a Collision with Motor Vehicle In-Transport,0,No,1,Non-Junction,1,Not an Intersection,0,,4,On Roadside,2,Dark - Not Lighted,1,Clear,0,No Additional Atmospheric Conditions,1,Clear,0,No,0000000,Not Applicable,19,7:00pm-7:59pm,54,54,20,8:00pm-8:59pm,4,4,88,Not Applicable (Not Transported),88,Not Applicable (Not Transported),0,,0,,0,,1,0
41,Oregon,410261,3,3,0,0,3,3,0,39,0,22,22,9,September,2015,3,Tuesday,14,2:00pm-2:59pm,19,19,1,This section IS ON the NHS,2,U.S. Highway,US-101 (ODOT 9),,1,Rural,3,Principal Arterial - Other,1,State Highway Agency,1726,1726,44.18365278,44.18365278,-124.1152833,-124.11528333,0,No Special Jurisdiction,12,Motor Vehicle In-Transport,6,Angle,0,No,1,Non-Junction,1,Not an Intersection,0,,1,On Roadway,1,Daylight,1,Clear,0,No Additional Atmospheric Conditions,1,Clear,0,No,0000000,Not Applicable,99,Unknown,99,Unknown,99,Unknown EMS Scene Arrival Hour,99,Unknown EMS Scene Arrival Minutes,99,Unknown,99,Unknown EMS Hospital Arrival Time,0,,0,,0,,1,0
41,Oregon,410262,1,1,0,0,2,2,0,25,0,24,24,9,September,2015,5,Thursday,20,8:00pm-8:59pm,12,12,1,This section IS ON the NHS,2,U.S. Highway,US-20 (ODOT 7),,1,Rural,3,Principal Arterial - Other,1,State Highway Agency,1145,1145,43.53169444,43.53169444,-119.3137639,-119.31376389,0,No Special Jurisdiction,1,Rollover/Overturn,0,Not a Collision with Motor Vehicle In-Transport,0,No,1,Non-Junction,1,Not an Intersection,0,,4,On Roadside,2,Dark - Not Lighted,98,Not Reported,0,No Additional Atmospheric Conditions,98,Not Reported,0,No,0000000,Not Applicable,20,8:00pm-8:59pm,12,12,20,8:00pm-8:59pm,45,45,88,Not Applicable (Not Transported),88,Not Applicable (Not Transported),0,,0,,0,,2,1
41,Oregon,410263,1,1,0,0,1,1,0,45,0,24,24,9,September,2015,5,Thursday,22,10:00pm-10:59pm,0,0,1,This section IS ON the NHS,2,U.S. Highway,US-26 (ODOT 5),,1,Rural,3,Principal Arterial - Other,1,State Highway Agency,2469,2469,44.27433611,44.27433611,-117.6441083,-117.64410833,0,No Special Jurisdiction,1,Rollover/Overturn,0,Not a Collision with Motor Vehicle In-Transport,0,No,1,Non-Junction,1,Not an Intersection,0,,4,On Roadside,2,Dark - Not Lighted,1,Clear,0,No Additional Atmospheric Conditions,1,Clear,0,No,0000000,Not Applicable,23,11:00pm-11:59pm,17,17,23,11:00pm-11:59pm,36,36,1,1:00am-1:59am,36,36,0,,0,,0,,1,0
41,Oregon,410264,1,1,0,0,1,1,0,53,0,23,23,9,September,2015,4,Wednesday,21,9:00pm-9:59pm,45,45,0,This section IS NOT on the NHS,4,County Road,CR-RED PRAIRIE RD,,1,Rural,6,Minor Collector,2,County Highway Agency,0,,45.0387,45.0387,-123.4051917,-123.40519167,0,No Special Jurisdiction,1,Rollover/Overturn,0,Not a Collision with Motor Vehicle In-Transport,0,No,1,Non-Junction,1,Not an Intersection,0,,4,On Roadside,2,Dark - Not Lighted,1,Clear,0,No Additional Atmospheric Conditions,1,Clear,0,No,0000000,Not Applicable,21,9:00pm-9:59pm,46,46,22,10:00pm-10:59pm,0,0,88,Not Applicable (Not Transported),88,Not Applicable (Not Transported),0,,0,,0,,1,1
41,Oregon,410265,1,1,0,0,1,1,0,23,0,25,25,9,September,2015,6,Friday,16,4:00pm-4:59pm,40,40,0,This section IS NOT on the NHS,4,County Road,CR-COUNTY RD 63,,1,Rural,5,Major Collector,2,County Highway Agency,147,147,99.9999,Unknown,999.9999,Unknown,0,No Special Jurisdiction,42,Tree (Standing Only),0,Not a Collision with Motor Vehicle In-Transport,0,No,1,Non-Junction,1,Not an Intersection,0,,4,On Roadside,1,Daylight,1,Clear,0,No Additional Atmospheric Conditions,1,Clear,0,No,0000000,Not Applicable,16,4:00pm-4:59pm,46,46,17,5:00pm-5:59pm,30,30,88,Not Applicable (Not Transported),88,Not Applicable (Not Transported),0,,0,,0,,1,0
41,Oregon,410266,4,2,2,0,2,2,0,33,0,26,26,9,September,2015,7,Saturday,15,3:00pm-3:59pm,21,21,1,This section IS ON the NHS,3,State Highway,SR-99 (ODOT 60),,2,Urban,3,Principal Arterial - Other,1,State Highway Agency,20,20,42.421675,42.421675,-123.3011278,-123.30112778,0,No Special Jurisdiction,12,Motor Vehicle In-Transport,6,Angle,0,No,1,Non-Junction,1,Not an Intersection,0,,1,On Roadway,1,Daylight,1,Clear,0,No Additional Atmospheric Conditions,1,Clear,0,No,0000000,Not Applicable,15,3:00pm-3:59pm,21,21,15,3:00pm-3:59pm,27,27,99,Unknown,99,Unknown EMS Hospital Arrival Time,0,,0,,0,,1,1
41,Oregon,410267,1,1,0,1,1,1,1,51,1650,27,27,9,September,2015,1,Sunday,2,2:00am-2:59am,6,6,0,This section IS NOT on the NHS,6,Local Street - Municipality,SE STARK ST,SE 29TH AVE,2,Urban,5,Major Collector,4,City or Municipal Highway Agency,0,,45.51931667,45.51931667,-122.6358944,-122.63589444,0,No Special Jurisdiction,8,Pedestrian,0,Not a Collision with Motor Vehicle In-Transport,0,No,3,Intersection-Related,3,T-Intersection,0,,1,On Roadway,3,Dark - Lighted,10,Cloudy,0,No Additional Atmospheric Conditions,10,Cloudy,0,No,0000000,Not Applicable,2,2:00am-2:59am,6,6,2,2:00am-2:59am,10,10,2,2:00am-2:59am,34,34,0,,0,,0,,1,1
41,Oregon,410268,1,1,0,0,1,1,0,29,0,27,27,9,September,2015,1,Sunday,13,1:00pm-1:59pm,58,58,1,This section IS ON the NHS,1,Interstate,I-5,,1,Rural,1,Interstate,1,State Highway Agency,55,55,42.088725,42.088725,-122.6032278,-122.60322778,0,No Special Jurisdiction,25,Concrete Traffic Barrier,0,Not a Collision with Motor Vehicle In-Transport,0,No,1,Non-Junction,1,Not an Intersection,0,,3,On Median,1,Daylight,1,Clear,0,No Additional Atmospheric Conditions,1,Clear,0,No,0000000,Not Applicable,13,1:00pm-1:59pm,58,58,14,2:00pm-2:59pm,3,3,14,2:00pm-2:59pm,33,33,0,,0,,0,,1,0
41,Oregon,410269,2,2,0,0,2,2,0,71,0,30,30,9,September,2015,4,Wednesday,9,9:00am-9:59am,56,56,1,This section IS ON the NHS,3,State Highway,SR-18 (ODOT 39),CR-RED PRAIRIE RD,1,Rural,3,Principal Arterial - Other,1,State Highway Agency,315,315,45.08489167,45.08489167,-123.4135778,-123.41357778,0,No Special Jurisdiction,12,Motor Vehicle In-Transport,6,Angle,0,No,2,Intersection,2,Four-Way Intersection,0,,1,On Roadway,1,Daylight,1,Clear,0,No Additional Atmospheric Conditions,1,Clear,0,No,0000000,Not Applicable,9,9:00am-9:59am,57,57,10,10:00am-10:59am,2,2,99,Unknown,99,Unknown EMS Hospital Arrival Time,0,,0,,0,,1,0
41,Oregon,410270,1,1,0,1,2,2,1,67,1000,1,1,10,October,2015,5,Thursday,19,7:00pm-7:59pm,29,29,1,This section IS ON the NHS,6,Local Street - Municipality,NE CORNELL RD,NE ELAM YOUNG PKWY,2,Urban,3,Principal Arterial - Other,4,City or Municipal Highway Agency,0,,45.53364167,45.53364167,-122.9312111,-122.93121111,0,No Special Jurisdiction,8,Pedestrian,0,Not a Collision with Motor Vehicle In-Transport,0,No,3,Intersection-Related,3,T-Intersection,0,,1,On Roadway,3,Dark - Lighted,1,Clear,0,No Additional Atmospheric Conditions,1,Clear,0,No,0000000,Not Applicable,19,7:00pm-7:59pm,29,29,19,7:00pm-7:59pm,35,35,19,7:00pm-7:59pm,58,58,0,,0,,0,,1,0
41,Oregon,410271,1,1,0,1,1,1,1,5,1580,18,18,9,September,2015,6,Friday,0,0:00am-0:59am,25,25,1,This section IS ON the NHS,3,State Highway,SR-213 (ODOT 160),,2,Urban,3,Principal Arterial - Other,1,State Highway Agency,29,29,45.33055278,45.33055278,-122.5756278,-122.57562778,0,No Special Jurisdiction,8,Pedestrian,0,Not a Collision with Motor Vehicle In-Transport,0,No,1,Non-Junction,1,Not an Intersection,0,,1,On Roadway,3,Dark - Lighted,1,Clear,0,No Additional Atmospheric Conditions,1,Clear,0,No,0000000,Not Applicable,0,0:00am-0:59am,31,31,0,0:00am-0:59am,45,45,1,1:00am-1:59am,15,15,0,,0,,0,,1,0
41,Oregon,410272,1,1,0,0,1,1,0,55,0,3,3,10,October,2015,7,Saturday,0,0:00am-0:59am,30,30,1,This section IS ON the NHS,2,U.S. Highway,US-97 (ODOT 42),,1,Rural,3,Principal Arterial - Other,1,State Highway Agency,37,37,45.55951944,45.55951944,-120.6910722,-120.69107222,0,No Special Jurisdiction,1,Rollover/Overturn,0,Not a Collision with Motor Vehicle In-Transport,0,No,1,Non-Junction,1,Not an Intersection,0,,4,On Roadside,2,Dark - Not Lighted,98,Not Reported,0,No Additional Atmospheric Conditions,98,Not Reported,0,No,0000000,Not Applicable,99,Unknown,99,Unknown,99,Unknown EMS Scene Arrival Hour,99,Unknown EMS Scene Arrival Minutes,88,Not Applicable (Not Transported),88,Not Applicable (Not Transported),0,,0,,0,,1,1
41,Oregon,410273,1,1,0,1,3,3,1,35,0,4,4,10,October,2015,1,Sunday,20,8:00pm-8:59pm,40,40,1,This section IS ON the NHS,2,U.S. Highway,US-97 (ODOT 4),,2,Urban,3,Principal Arterial - Other,1,State Highway Agency,2783,2783,42.18063333,42.18063333,-121.8013583,-121.80135833,0,No Special Jurisdiction,8,Pedestrian,0,Not a Collision with Motor Vehicle In-Transport,0,No,1,Non-Junction,1,Not an Intersection,0,,1,On Roadway,2,Dark - Not Lighted,1,Clear,0,No Additional Atmospheric Conditions,1,Clear,0,No,0000000,Not Applicable,20,8:00pm-8:59pm,49,49,20,8:00pm-8:59pm,51,51,88,Not Applicable (Not Transported),88,Not Applicable (Not Transported),0,,0,,0,,1,0
41,Oregon,410274,2,2,0,0,3,3,0,29,0,4,4,10,October,2015,1,Sunday,16,4:00pm-4:59pm,38,38,0,This section IS NOT on the NHS,4,County Road,CR-TOLO RD,,2,Urban,6,Minor Collector,2,County Highway Agency,72,72,42.40206111,42.40206111,-122.9685139,-122.96851389,0,No Special Jurisdiction,12,Motor Vehicle In-Transport,1,Front-to-Rear,0,No,1,Non-Junction,1,Not an Intersection,0,,1,On Roadway,1,Daylight,1,Clear,0,No Additional Atmospheric Conditions,1,Clear,0,No,0000000,Not Applicable,16,4:00pm-4:59pm,37,37,16,4:00pm-4:59pm,48,48,88,Not Applicable (Not Transported),88,Not Applicable (Not Transported),0,,0,,0,,1,1
41,Oregon,410275,2,2,0,0,2,2,0,61,0,5,5,10,October,2015,2,Monday,6,6:00am-6:59am,38,38,1,This section IS ON the NHS,3,State Highway,SR-82 (ODOT 10),CR-BOOTH LN,1,Rural,3,Principal Arterial - Other,1,State Highway Agency,50,50,45.36230556,45.36230556,-118.0027194,-118.00271944,0,No Special Jurisdiction,12,Motor Vehicle In-Transport,2,Front-to-Front,0,No,1,Non-Junction,1,Not an Intersection,0,,1,On Roadway,4,Dawn,1,Clear,0,No Additional Atmospheric Conditions,1,Clear,0,No,0000000,Not Applicable,6,6:00am-6:59am,44,44,6,6:00am-6:59am,55,55,99,Unknown,99,Unknown EMS Hospital Arrival Time,0,,0,,0,,1,0
41,Oregon,410276,1,1,0,1,1,1,1,51,880,5,5,10,October,2015,2,Monday,8,8:00am-8:59am,7,7,1,This section IS ON the NHS,6,Local Street - Municipality,E BURNSIDE ST,SE 181ST AVE,2,Urban,3,Principal Arterial - Other,4,City or Municipal Highway Agency,0,,45.52192778,45.52192778,-122.4771444,-122.47714444,0,No Special Jurisdiction,8,Pedestrian,0,Not a Collision with Motor Vehicle In-Transport,0,No,3,Intersection-Related,2,Four-Way Intersection,0,,1,On Roadway,1,Daylight,1,Clear,0,No Additional Atmospheric Conditions,1,Clear,0,No,0000000,Not Applicable,8,8:00am-8:59am,9,9,9,9:00am-9:59am,13,13,99,Unknown,99,Unknown EMS Hospital Arrival Time,0,,0,,0,,1,0
41,Oregon,410277,1,1,0,0,7,7,0,59,1610,3,3,9,September,2015,5,Thursday,14,2:00pm-2:59pm,29,29,1,This section IS ON the NHS,1,Interstate,I-84,,2,Urban,1,Interstate,1,State Highway Agency,2095,2095,45.66473889,45.66473889,-118.8120444,-118.81204444,0,No Special Jurisdiction,1,Rollover/Overturn,0,Not a Collision with Motor Vehicle In-Transport,0,No,1,Non-Junction,1,Not an Intersection,0,,3,On Median,1,Daylight,1,Clear,0,No Additional Atmospheric Conditions,1,Clear,0,No,0000000,Not Applicable,14,2:00pm-2:59pm,27,27,14,2:00pm-2:59pm,35,35,14,2:00pm-2:59pm,53,53,0,,0,,0,,1,0
41,Oregon,410278,1,1,0,1,0,0,1,33,0,5,5,9,September,2015,7,Saturday,1,1:00am-1:59am,26,26,0,This section IS NOT on the NHS,4,County Road,CR-HIGHLAND AVE,,2,Urban,4,Minor Arterial,2,County Highway Agency,31,31,42.49703889,42.49703889,-123.3618833,-123.36188333,0,No Special Jurisdiction,8,Pedestrian,0,Not a Collision with Motor Vehicle In-Transport,0,No,1,Non-Junction,1,Not an Intersection,0,,2,On Shoulder,2,Dark - Not Lighted,98,Not Reported,0,No Additional Atmospheric Conditions,98,Not Reported,0,No,0000000,Not Applicable,99,Unknown,99,Unknown,99,Unknown EMS Scene Arrival Hour,99,Unknown EMS Scene Arrival Minutes,88,Not Applicable (Not Transported),88,Not Applicable (Not Transported),23,Indication of a Stalled/Disabled Vehicle,0,,0,,1,0
41,Oregon,410279,2,2,0,0,2,2,0,17,0,8,8,10,October,2015,5,Thursday,13,1:00pm-1:59pm,1,1,0,This section IS NOT on the NHS,4,County Road,CR-27TH ST,,2,Urban,4,Minor Arterial,2,County Highway Agency,5,5,44.01530833,44.01530833,-121.2590083,-121.25900833,0,No Special Jurisdiction,12,Motor Vehicle In-Transport,2,Front-to-Front,0,No,1,Non-Junction,1,Not an Intersection,0,,1,On Roadway,1,Daylight,1,Clear,0,No Additional Atmospheric Conditions,1,Clear,0,No,0000000,Not Applicable,13,1:00pm-1:59pm,2,2,13,1:00pm-1:59pm,10,10,88,Not Applicable (Not Transported),88,Not Applicable (Not Transported),0,,0,,0,,1,0
41,Oregon,410280,2,2,0,0,7,7,0,29,0,9,9,10,October,2015,6,Friday,14,2:00pm-2:59pm,16,16,0,This section IS NOT on the NHS,4,County Road,CR-E EVANS CREEK RD,,1,Rural,5,Major Collector,2,County Highway Agency,237,237,42.52751944,42.52751944,-123.1625722,-123.16257222,0,No Special Jurisdiction,12,Motor Vehicle In-Transport,2,Front-to-Front,0,No,1,Non-Junction,1,Not an Intersection,0,,1,On Roadway,1,Daylight,98,Not Reported,0,No Additional Atmospheric Conditions,98,Not Reported,0,No,0000000,Not Applicable,14,2:00pm-2:59pm,17,17,14,2:00pm-2:59pm,22,22,15,3:00pm-3:59pm,16,16,0,,0,,0,,2,0
41,Oregon,410281,1,1,0,0,1,1,0,53,0,11,11,10,October,2015,1,Sunday,22,10:00pm-10:59pm,30,30,0,This section IS NOT on the NHS,3,State Highway,SR-18B (ODOT 157),CR-YAMHILL RIVER RD,1,Rural,5,Major Collector,1,State Highway Agency,2,2,45.0523,45.0523,-123.4977417,-123.49774167,0,No Special Jurisdiction,30,Utility Pole/Light Support,0,Not a Collision with Motor Vehicle In-Transport,0,No,3,Intersection-Related,4,Y-Intersection,0,,4,On Roadside,2,Dark - Not Lighted,10,Cloudy,0,No Additional Atmospheric Conditions,10,Cloudy,0,No,0000000,Not Applicable,22,10:00pm-10:59pm,29,29,22,10:00pm-10:59pm,37,37,88,Not Applicable (Not Transported),88,Not Applicable (Not Transported),0,,0,,0,,1,1
41,Oregon,410282,2,2,0,0,2,2,0,51,1650,20,20,9,September,2015,1,Sunday,0,0:00am-0:59am,46,46,0,This section IS NOT on the NHS,6,Local Street - Municipality,SW MULTNOMAH BLVD,SW 34TH AVE,2,Urban,5,Major Collector,4,City or Municipal Highway Agency,0,,45.46695278,45.46695278,-122.7115944,-122.71159444,0,No Special Jurisdiction,12,Motor Vehicle In-Transport,6,Angle,0,No,2,Intersection,3,T-Intersection,0,,1,On Roadway,3,Dark - Lighted,1,Clear,0,No Additional Atmospheric Conditions,1,Clear,0,No,0000000,Not Applicable,0,0:00am-0:59am,46,46,0,0:00am-0:59am,50,50,1,1:00am-1:59am,18,18,0,,0,,0,,1,1
41,Oregon,410283,1,1,0,0,1,1,0,15,0,5,5,5,May,2015,3,Tuesday,10,10:00am-10:59am,18,18,1,This section IS ON the NHS,2,U.S. Highway,US-101 (ODOT 9),,1,Rural,3,Principal Arterial - Other,1,State Highway Agency,3350,3350,42.31691389,42.31691389,-124.4163278,-124.41632778,0,No Special Jurisdiction,34,Ditch,0,Not a Collision with Motor Vehicle In-Transport,0,No,1,Non-Junction,1,Not an Intersection,0,,4,On Roadside,1,Daylight,1,Clear,0,No Additional Atmospheric Conditions,1,Clear,0,No,0000000,Not Applicable,10,10:00am-10:59am,21,21,10,10:00am-10:59am,30,30,10,10:00am-10:59am,57,57,0,,0,,0,,1,0
41,Oregon,410284,1,1,0,0,1,1,0,67,0,13,13,10,October,2015,3,Tuesday,20,8:00pm-8:59pm,9,9,0,This section IS NOT on the NHS,6,Local Street - Municipality,CR-SW VANDERSHUERE RD,,1,Rural,6,Minor Collector,4,City or Municipal Highway Agency,0,,45.39699167,45.39699167,-122.9628556,-122.96285556,0,No Special Jurisdiction,34,Ditch,0,Not a Collision with Motor Vehicle In-Transport,0,No,1,Non-Junction,1,Not an Intersection,0,,4,On Roadside,2,Dark - Not Lighted,1,Clear,0,No Additional Atmospheric Conditions,1,Clear,0,No,0000000,Not Applicable,20,8:00pm-8:59pm,9,9,20,8:00pm-8:59pm,17,17,88,Not Applicable (Not Transported),88,Not Applicable (Not Transported),0,,0,,0,,1,0
41,Oregon,410285,1,1,0,0,1,1,0,39,0,1,1,11,November,2015,1,Sunday,17,5:00pm-5:59pm,7,7,0,This section IS NOT on the NHS,4,County Road,CR-CROW RD,,1,Rural,5,Major Collector,2,County Highway Agency,55,55,44.00240278,44.00240278,-123.2697444,-123.26974444,0,No Special Jurisdiction,34,Ditch,0,Not a Collision with Motor Vehicle In-Transport,0,No,1,Non-Junction,1,Not an Intersection,0,,4,On Roadside,5,Dusk,10,Cloudy,2,Rain,2,Rain,0,No,0000000,Not Applicable,17,5:00pm-5:59pm,7,7,17,5:00pm-5:59pm,10,10,88,Not Applicable (Not Transported),88,Not Applicable (Not Transported),0,,0,,0,,1,1
41,Oregon,410286,1,1,0,1,1,1,1,51,1650,1,1,11,November,2015,1,Sunday,1,1:00am-1:59am,1,1,0,This section IS NOT on the NHS,2,U.S. Highway,US-30BY (ODOT 123),,2,Urban,4,Minor Arterial,1,State Highway Agency,44,44,45.577125,45.577125,-122.6975,-122.6975,0,No Special Jurisdiction,8,Pedestrian,0,Not a Collision with Motor Vehicle In-Transport,0,No,1,Non-Junction,1,Not an Intersection,0,,1,On Roadway,3,Dark - Lighted,10,Cloudy,0,No Additional Atmospheric Conditions,10,Cloudy,0,No,0000000,Not Applicable,99,Unknown,99,Unknown,99,Unknown EMS Scene Arrival Hour,99,Unknown EMS Scene Arrival Minutes,88,Not Applicable (Not Transported),88,Not Applicable (Not Transported),0,,0,,0,,1,1
41,Oregon,410287,1,1,0,0,1,1,0,43,2052,21,21,10,October,2015,4,Wednesday,2,2:00am-2:59am,33,33,1,This section IS ON the NHS,3,State Highway,SR-34 (ODOT 210),,2,Urban,3,Principal Arterial - Other,1,State Highway Agency,70,70,44.56038333,44.56038333,-123.1207194,-123.12071944,0,No Special Jurisdiction,31,"Other Post, Other Pole or Other Supports",0,Not a Collision with Motor Vehicle In-Transport,0,No,1,Non-Junction,1,Not an Intersection,0,,3,On Median,3,Dark - Lighted,10,Cloudy,0,No Additional Atmospheric Conditions,10,Cloudy,0,No,0000000,Not Applicable,2,2:00am-2:59am,33,33,2,2:00am-2:59am,42,42,88,Not Applicable (Not Transported),88,Not Applicable (Not Transported),0,,0,,0,,1,1
41,Oregon,410288,1,1,0,0,1,1,0,33,0,5,5,11,November,2015,5,Thursday,13,1:00pm-1:59pm,0,0,0,This section IS NOT on the NHS,3,State Highway,SR-260 (ODOT 260),,1,Rural,5,Major Collector,1,State Highway Agency,81,81,42.44195278,42.44195278,-123.4617028,-123.46170278,0,No Special Jurisdiction,42,Tree (Standing Only),0,Not a Collision with Motor Vehicle In-Transport,0,No,1,Non-Junction,1,Not an Intersection,0,,4,On Roadside,1,Daylight,10,Cloudy,0,No Additional Atmospheric Conditions,10,Cloudy,0,No,0000000,Not Applicable,13,1:00pm-1:59pm,10,10,13,1:00pm-1:59pm,15,15,88,Not Applicable (Not Transported),88,Not Applicable (Not Transported),0,,0,,0,,1,1
41,Oregon,410289,1,1,0,0,2,2,0,29,0,9,9,11,November,2015,2,Monday,16,4:00pm-4:59pm,29,29,1,This section IS ON the NHS,1,Interstate,I-5,,1,Rural,1,Interstate,1,State Highway Agency,56,56,42.08883611,42.08883611,-122.6032111,-122.60321111,0,No Special Jurisdiction,1,Rollover/Overturn,0,Not a Collision with Motor Vehicle In-Transport,0,No,1,Non-Junction,1,Not an Intersection,0,,4,On Roadside,5,Dusk,5,"Fog, Smog, Smoke",0,No Additional Atmospheric Conditions,5,"Fog, Smog, Smoke",0,No,0000000,Not Applicable,16,4:00pm-4:59pm,29,29,17,5:00pm-5:59pm,0,0,88,Not Applicable (Not Transported),88,Not Applicable (Not Transported),0,,0,,0,,1,0
41,Oregon,410290,1,1,0,0,2,2,0,33,0,16,16,10,October,2015,6,Friday,21,9:00pm-9:59pm,57,57,0,This section IS NOT on the NHS,4,County Road,CR-LAKESHORE DR,,1,Rural,5,Major Collector,2,County Highway Agency,15,15,42.27177778,42.27177778,-123.5952556,-123.59525556,0,No Special Jurisdiction,1,Rollover/Overturn,0,Not a Collision with Motor Vehicle In-Transport,0,No,1,Non-Junction,1,Not an Intersection,0,,4,On Roadside,2,Dark - Not Lighted,1,Clear,0,No Additional Atmospheric Conditions,1,Clear,0,No,0000000,Not Applicable,21,9:00pm-9:59pm,57,57,22,10:00pm-10:59pm,10,10,88,Not Applicable (Not Transported),88,Not Applicable (Not Transported),0,,0,,0,,2,1
41,Oregon,410291,1,1,0,1,1,1,1,59,990,16,16,10,October,2015,6,Friday,6,6:00am-6:59am,37,37,0,This section IS NOT on the NHS,3,State Highway,SR-207 (ODOT 333),,2,Urban,4,Minor Arterial,1,State Highway Agency,85,85,45.84959722,45.84959722,-119.3043611,-119.30436111,0,No Special Jurisdiction,8,Pedestrian,0,Not a Collision with Motor Vehicle In-Transport,0,No,1,Non-Junction,1,Not an Intersection,0,,1,On Roadway,4,Dawn,1,Clear,0,No Additional Atmospheric Conditions,1,Clear,0,No,0000000,Not Applicable,6,6:00am-6:59am,38,38,6,6:00am-6:59am,43,43,88,Not Applicable (Not Transported),88,Not Applicable (Not Transported),0,,0,,0,,1,0
41,Oregon,410292,1,1,0,0,4,4,0,9,0,17,17,10,October,2015,7,Saturday,1,1:00am-1:59am,23,23,0,This section IS NOT on the NHS,4,County Road,CR-PITTSBURG RD,,1,Rural,6,Minor Collector,2,County Highway Agency,123,123,45.88973333,45.88973333,-122.9820861,-122.98208611,0,No Special Jurisdiction,1,Rollover/Overturn,0,Not a Collision with Motor Vehicle In-Transport,0,No,1,Non-Junction,1,Not an Intersection,0,,4,On Roadside,2,Dark - Not Lighted,10,Cloudy,0,No Additional Atmospheric Conditions,10,Cloudy,0,No,0000000,Not Applicable,99,Unknown,99,Unknown,99,Unknown EMS Scene Arrival Hour,99,Unknown EMS Scene Arrival Minutes,99,Unknown,99,Unknown EMS Hospital Arrival Time,0,,0,,0,,1,1
41,Oregon,410293,1,1,0,0,1,1,0,35,0,18,18,10,October,2015,1,Sunday,16,4:00pm-4:59pm,41,41,1,This section IS ON the NHS,2,U.S. Highway,US-97 (ODOT 4),,1,Rural,3,Principal Arterial - Other,1,State Highway Agency,2310,2310,42.87658889,42.87658889,-121.8311972,-121.83119722,0,No Special Jurisdiction,1,Rollover/Overturn,0,Not a Collision with Motor Vehicle In-Transport,0,No,1,Non-Junction,1,Not an Intersection,0,,4,On Roadside,1,Daylight,1,Clear,0,No Additional Atmospheric Conditions,1,Clear,0,No,0000000,Not Applicable,16,4:00pm-4:59pm,41,41,17,5:00pm-5:59pm,12,12,88,Not Applicable (Not Transported),88,Not Applicable (Not Transported),0,,0,,0,,1,0
41,Oregon,410294,2,2,0,0,2,2,0,39,0,22,22,10,October,2015,5,Thursday,9,9:00am-9:59am,50,50,1,This section IS ON the NHS,1,Interstate,I-5,,2,Urban,1,Interstate,1,State Highway Agency,1883,1883,43.99468611,43.99468611,-123.0054222,-123.00542222,0,No Special Jurisdiction,12,Motor Vehicle In-Transport,6,Angle,0,No,1,Non-Junction,1,Not an Intersection,0,,1,On Roadway,1,Daylight,1,Clear,0,No Additional Atmospheric Conditions,1,Clear,0,No,0000000,Not Applicable,9,9:00am-9:59am,50,50,10,10:00am-10:59am,2,2,88,Not Applicable (Not Transported),88,Not Applicable (Not Transported),0,,0,,0,,1,0
41,Oregon,410295,2,2,0,0,3,3,0,35,0,25,25,10,October,2015,1,Sunday,16,4:00pm-4:59pm,10,10,0,This section IS NOT on the NHS,3,State Highway,SR-62 (ODOT 22),SR-422 (ODOT 422),1,Rural,5,Major Collector,1,State Highway Agency,985,985,42.59975,42.59975,-121.9277556,-121.92775556,0,No Special Jurisdiction,12,Motor Vehicle In-Transport,2,Front-to-Front,0,No,2,Intersection,2,Four-Way Intersection,0,,1,On Roadway,1,Daylight,2,Rain,0,No Additional Atmospheric Conditions,2,Rain,0,No,0000000,Not Applicable,16,4:00pm-4:59pm,12,12,16,4:00pm-4:59pm,25,25,99,Unknown,99,Unknown EMS Hospital Arrival Time,0,,0,,0,,1,0
41,Oregon,410296,1,1,0,0,1,1,0,1,0,11,11,11,November,2015,4,Wednesday,10,10:00am-10:59am,40,40,0,This section IS NOT on the NHS,3,State Highway,SR-7 (ODOT 71),,1,Rural,4,Minor Arterial,1,State Highway Agency,443,443,44.6893,44.6893,-117.8544861,-117.85448611,0,No Special Jurisdiction,1,Rollover/Overturn,0,Not a Collision with Motor Vehicle In-Transport,0,No,1,Non-Junction,1,Not an Intersection,0,,4,On Roadside,1,Daylight,10,Cloudy,0,No Additional Atmospheric Conditions,10,Cloudy,0,No,0000000,Not Applicable,10,10:00am-10:59am,40,40,10,10:00am-10:59am,50,50,88,Not Applicable (Not Transported),88,Not Applicable (Not Transported),0,,0,,0,,1,0
41,Oregon,410297,2,2,0,0,3,3,0,19,0,9,9,3,March,2015,2,Monday,16,4:00pm-4:59pm,30,30,0,This section IS NOT on the NHS,4,County Road,CR-NE STEPHENS ST,CR-PLEASANT ST,2,Urban,4,Minor Arterial,1,State Highway Agency,40,40,43.26706944,43.26706944,-123.3528639,-123.35286389,0,No Special Jurisdiction,12,Motor Vehicle In-Transport,1,Front-to-Rear,0,No,3,Intersection-Related,2,Four-Way Intersection,0,,1,On Roadway,1,Daylight,1,Clear,0,No Additional Atmospheric Conditions,1,Clear,0,No,0000000,Not Applicable,16,4:00pm-4:59pm,40,40,16,4:00pm-4:59pm,50,50,17,5:00pm-5:59pm,8,8,0,,0,,0,,1,0
41,Oregon,410298,2,2,0,0,3,3,0,47,0,2,2,10,October,2015,6,Friday,19,7:00pm-7:59pm,22,22,0,This section IS NOT on the NHS,4,County Road,CR-RIVER RD S,CR-RIVERSIDE RD S,1,Rural,4,Minor Arterial,2,County Highway Agency,5,5,44.84546944,44.84546944,-123.1746083,-123.17460833,0,No Special Jurisdiction,12,Motor Vehicle In-Transport,6,Angle,0,No,2,Intersection,2,Four-Way Intersection,0,,1,On Roadway,5,Dusk,10,Cloudy,0,No Additional Atmospheric Conditions,10,Cloudy,0,No,0000000,Not Applicable,19,7:00pm-7:59pm,22,22,19,7:00pm-7:59pm,31,31,88,Not Applicable (Not Transported),88,Not Applicable (Not Transported),0,,0,,0,,1,2
41,Oregon,410299,1,1,0,0,1,1,0,5,0,4,4,10,October,2015,1,Sunday,7,7:00am-7:59am,39,39,0,This section IS NOT on the NHS,3,State Highway,SR-213 (ODOT 160),,1,Rural,4,Minor Arterial,1,State Highway Agency,226,226,45.07591667,45.07591667,-122.6837639,-122.68376389,0,No Special Jurisdiction,38,Fence,0,Not a Collision with Motor Vehicle In-Transport,0,No,1,Non-Junction,1,Not an Intersection,0,,5,Outside Trafficway,1,Daylight,1,Clear,0,No Additional Atmospheric Conditions,1,Clear,0,No,0000000,Not Applicable,7,7:00am-7:59am,39,39,7,7:00am-7:59am,48,48,88,Not Applicable (Not Transported),88,Not Applicable (Not Transported),0,,0,,0,,1,1
41,Oregon,410300,2,2,0,0,3,3,0,59,0,19,19,10,October,2015,2,Monday,15,3:00pm-3:59pm,48,48,1,This section IS ON the NHS,2,U.S. Highway,US-395 (ODOT 54),CR-BAGGETT LN,2,Urban,3,Principal Arterial - Other,1,State Highway Agency,28,28,45.87915,45.87915,-119.2953194,-119.29531944,0,No Special Jurisdiction,12,Motor Vehicle In-Transport,6,Angle,0,No,2,Intersection,2,Four-Way Intersection,0,,1,On Roadway,1,Daylight,1,Clear,0,No Additional Atmospheric Conditions,1,Clear,0,No,0000000,Not Applicable,15,3:00pm-3:59pm,49,49,15,3:00pm-3:59pm,52,52,16,4:00pm-4:59pm,30,30,0,,0,,0,,1,0
41,Oregon,410301,1,1,0,1,1,1,1,17,190,8,8,11,November,2015,1,Sunday,18,6:00pm-6:59pm,11,11,1,This section IS ON the NHS,2,U.S. Highway,US-20 (ODOT 17),US-20 RAMP,2,Urban,3,Principal Arterial - Other,1,State Highway Agency,198,198,44.07504167,44.07504167,-121.302975,-121.302975,0,No Special Jurisdiction,8,Pedestrian,0,Not a Collision with Motor Vehicle In-Transport,0,No,1,Non-Junction,1,Not an Intersection,0,,1,On Roadway,2,Dark - Not Lighted,1,Clear,0,No Additional Atmospheric Conditions,1,Clear,0,No,0000000,Not Applicable,18,6:00pm-6:59pm,13,13,18,6:00pm-6:59pm,23,23,18,6:00pm-6:59pm,45,45,0,,0,,0,,1,0
41,Oregon,410302,1,1,0,0,1,1,0,71,0,12,12,11,November,2015,5,Thursday,1,1:00am-1:59am,37,37,0,This section IS NOT on the NHS,4,County Road,CR-BAKER CREEK RD,,1,Rural,5,Major Collector,2,County Highway Agency,55,55,45.22879444,45.22879444,-123.2836556,-123.28365556,0,No Special Jurisdiction,1,Rollover/Overturn,0,Not a Collision with Motor Vehicle In-Transport,0,No,1,Non-Junction,1,Not an Intersection,0,,1,On Roadway,2,Dark - Not Lighted,2,Rain,0,No Additional Atmospheric Conditions,2,Rain,0,No,0000000,Not Applicable,1,1:00am-1:59am,39,39,1,1:00am-1:59am,50,50,88,Not Applicable (Not Transported),88,Not Applicable (Not Transported),0,,0,,0,,1,0
41,Oregon,410303,1,1,0,0,1,1,0,43,0,14,14,11,November,2015,7,Saturday,3,3:00am-3:59am,55,55,0,This section IS NOT on the NHS,4,County Road,CR-RICHARDSON GAP RD,,1,Rural,5,Major Collector,2,County Highway Agency,22,22,44.669675,44.669675,-122.8043694,-122.80436944,0,No Special Jurisdiction,34,Ditch,0,Not a Collision with Motor Vehicle In-Transport,0,No,1,Non-Junction,1,Not an Intersection,0,,4,On Roadside,2,Dark - Not Lighted,10,Cloudy,0,No Additional Atmospheric Conditions,10,Cloudy,0,No,0000000,Not Applicable,3,3:00am-3:59am,55,55,4,4:00am-4:59am,6,6,88,Not Applicable (Not Transported),88,Not Applicable (Not Transported),0,,0,,0,,1,1
41,Oregon,410304,1,1,0,0,1,1,0,1,0,14,14,11,November,2015,7,Saturday,18,6:00pm-6:59pm,43,43,0,This section IS NOT on the NHS,3,State Highway,SR-7 (ODOT 71),,1,Rural,4,Minor Arterial,1,State Highway Agency,485,485,44.74583889,44.74583889,-117.8357361,-117.83573611,0,No Special Jurisdiction,1,Rollover/Overturn,0,Not a Collision with Motor Vehicle In-Transport,0,No,1,Non-Junction,1,Not an Intersection,0,,4,On Roadside,2,Dark - Not Lighted,1,Clear,0,No Additional Atmospheric Conditions,1,Clear,0,No,0000000,Not Applicable,18,6:00pm-6:59pm,43,43,18,6:00pm-6:59pm,45,45,19,7:00pm-7:59pm,4,4,0,,0,,0,,1,1
41,Oregon,410305,1,1,0,0,1,1,0,57,0,16,16,11,November,2015,2,Monday,18,6:00pm-6:59pm,20,20,1,This section IS ON the NHS,3,State Highway,SR-18 (ODOT 39),,1,Rural,3,Principal Arterial - Other,1,State Highway Agency,110,110,45.05197222,45.05197222,-123.7777667,-123.77776667,0,No Special Jurisdiction,42,Tree (Standing Only),0,Not a Collision with Motor Vehicle In-Transport,0,No,1,Non-Junction,1,Not an Intersection,0,,4,On Roadside,2,Dark - Not Lighted,98,Not Reported,0,No Additional Atmospheric Conditions,98,Not Reported,0,No,0000000,Not Applicable,18,6:00pm-6:59pm,20,20,18,6:00pm-6:59pm,38,38,88,Not Applicable (Not Transported),88,Not Applicable (Not Transported),0,,0,,0,,1,0
41,Oregon,410306,1,1,0,0,2,2,0,51,1650,17,17,11,November,2015,3,Tuesday,4,4:00am-4:59am,8,8,1,This section IS ON the NHS,3,State Highway,SR-99E (ODOT 81),,2,Urban,3,Principal Arterial - Other,1,State Highway Agency,39,39,45.47130833,45.47130833,-122.6397611,-122.63976111,0,No Special Jurisdiction,42,Tree (Standing Only),0,Not a Collision with Motor Vehicle In-Transport,0,No,1,Non-Junction,1,Not an Intersection,0,,4,On Roadside,3,Dark - Lighted,2,Rain,0,No Additional Atmospheric Conditions,2,Rain,0,No,0000000,Not Applicable,4,4:00am-4:59am,12,12,4,4:00am-4:59am,19,19,4,4:00am-4:59am,49,49,0,,0,,0,,1,1
41,Oregon,410307,2,2,0,0,3,3,0,17,0,17,17,11,November,2015,3,Tuesday,20,8:00pm-8:59pm,50,50,1,This section IS ON the NHS,2,U.S. Highway,US-97 (ODOT 4),,1,Rural,3,Principal Arterial - Other,1,State Highway Agency,1588,1588,43.79218056,43.79218056,-121.4451111,-121.44511111,0,No Special Jurisdiction,12,Motor Vehicle In-Transport,2,Front-to-Front,0,No,1,Non-Junction,1,Not an Intersection,0,,1,On Roadway,3,Dark - Lighted,1,Clear,0,No Additional Atmospheric Conditions,1,Clear,0,No,0000000,Not Applicable,20,8:00pm-8:59pm,51,51,21,9:00pm-9:59pm,10,10,88,Not Applicable (Not Transported),88,Not Applicable (Not Transported),20,Police Pursuit Involved,0,,0,,3,0
41,Oregon,410308,1,1,0,1,1,1,1,39,0,19,19,11,November,2015,5,Thursday,21,9:00pm-9:59pm,5,5,1,This section IS ON the NHS,3,State Highway,SR-99W (ODOT 91),,2,Urban,3,Principal Arterial - Other,1,State Highway Agency,1185,1185,44.093,44.093,-123.1626,-123.1626,0,No Special Jurisdiction,9,Pedalcyclist,0,Not a Collision with Motor Vehicle In-Transport,0,No,1,Non-Junction,1,Not an Intersection,0,,1,On Roadway,2,Dark - Not Lighted,1,Clear,0,No Additional Atmospheric Conditions,1,Clear,0,No,0000000,Not Applicable,21,9:00pm-9:59pm,5,5,21,9:00pm-9:59pm,5,5,88,Not Applicable (Not Transported),88,Not Applicable (Not Transported),0,,0,,0,,1,0
41,Oregon,410309,1,1,0,0,2,2,0,53,0,22,22,11,November,2015,1,Sunday,2,2:00am-2:59am,40,40,1,This section IS ON the NHS,3,State Highway,SR-22 (ODOT 30),,1,Rural,3,Principal Arterial - Other,1,State Highway Agency,203,203,44.93267778,44.93267778,-123.1423361,-123.14233611,0,No Special Jurisdiction,1,Rollover/Overturn,0,Not a Collision with Motor Vehicle In-Transport,0,No,1,Non-Junction,1,Not an Intersection,0,,4,On Roadside,3,Dark - Lighted,1,Clear,0,No Additional Atmospheric Conditions,1,Clear,0,No,0000000,Not Applicable,2,2:00am-2:59am,40,40,2,2:00am-2:59am,53,53,3,3:00am-3:59am,16,16,0,,0,,0,,1,1
41,Oregon,410310,2,2,0,0,3,3,0,67,2065,22,22,11,November,2015,1,Sunday,18,6:00pm-6:59pm,52,52,0,This section IS NOT on the NHS,4,County Road,CR-SW ROY ROGERS RD,,2,Urban,4,Minor Arterial,2,County Highway Agency,0,,45.39993889,45.39993889,-122.8518667,-122.85186667,0,No Special Jurisdiction,12,Motor Vehicle In-Transport,2,Front-to-Front,0,No,1,Non-Junction,1,Not an Intersection,0,,1,On Roadway,2,Dark - Not Lighted,1,Clear,0,No Additional Atmospheric Conditions,1,Clear,0,No,0000000,Not Applicable,18,6:00pm-6:59pm,55,55,18,6:00pm-6:59pm,59,59,19,7:00pm-7:59pm,41,41,0,,0,,0,,1,1
41,Oregon,410311,2,2,0,0,2,2,0,47,0,11,11,11,November,2015,4,Wednesday,10,10:00am-10:59am,5,5,0,This section IS NOT on the NHS,4,County Road,CR-HOWELL PRAIRIE RD NE,,1,Rural,5,Major Collector,2,County Highway Agency,28,28,44.94850556,44.94850556,-122.8902583,-122.89025833,0,No Special Jurisdiction,12,Motor Vehicle In-Transport,2,Front-to-Front,0,No,1,Non-Junction,1,Not an Intersection,0,,1,On Roadway,1,Daylight,2,Rain,0,No Additional Atmospheric Conditions,2,Rain,0,No,0000000,Not Applicable,10,10:00am-10:59am,7,7,10,10:00am-10:59am,9,9,99,Unknown,99,Unknown EMS Hospital Arrival Time,0,,0,,0,,1,0
41,Oregon,410312,1,1,0,0,1,1,0,11,0,14,14,11,November,2015,7,Saturday,99,Unknown Hours,99,Unknown Minutes,0,This section IS NOT on the NHS,8,Other,BLM RD 27-11-33.0,,1,Rural,7,Local,68,Bureau of Land Management,20,20,43.19112778,43.19112778,-124.0106833,-124.01068333,0,No Special Jurisdiction,42,Tree (Standing Only),0,Not a Collision with Motor Vehicle In-Transport,0,No,1,Non-Junction,1,Not an Intersection,0,,4,On Roadside,9,Unknown,3,Sleet or Hail,5,"Fog, Smog, Smoke",3,Sleet or Hail,0,No,0000000,Not Applicable,11,11:00am-11:59am,32,32,11,11:00am-11:59am,40,40,88,Not Applicable (Not Transported),88,Not Applicable (Not Transported),0,,0,,0,,1,1
41,Oregon,410313,1,1,0,1,1,1,1,17,1720,23,23,11,November,2015,2,Monday,17,5:00pm-5:59pm,9,9,0,This section IS NOT on the NHS,6,Local Street - Municipality,SW CANAL BLVD,SW ODEM MEDO RD,2,Urban,4,Minor Arterial,4,City or Municipal Highway Agency,0,,44.2535,44.2535,-121.1874056,-121.18740556,0,No Special Jurisdiction,8,Pedestrian,0,Not a Collision with Motor Vehicle In-Transport,0,No,3,Intersection-Related,3,T-Intersection,0,,1,On Roadway,2,Dark - Not Lighted,10,Cloudy,0,No Additional Atmospheric Conditions,10,Cloudy,0,No,0000000,Not Applicable,17,5:00pm-5:59pm,9,9,17,5:00pm-5:59pm,17,17,17,5:00pm-5:59pm,47,47,0,,0,,0,,1,0
41,Oregon,410314,1,1,0,0,1,1,0,35,0,24,24,11,November,2015,3,Tuesday,15,3:00pm-3:59pm,24,24,1,This section IS ON the NHS,2,U.S. Highway,US-97 (ODOT 4),,1,Rural,3,Principal Arterial - Other,1,State Highway Agency,2000,2000,43.26301389,43.26301389,-121.781575,-121.781575,0,No Special Jurisdiction,34,Ditch,0,Not a Collision with Motor Vehicle In-Transport,0,No,1,Non-Junction,1,Not an Intersection,0,,4,On Roadside,1,Daylight,4,Snow,0,No Additional Atmospheric Conditions,4,Snow,0,No,0000000,Not Applicable,15,3:00pm-3:59pm,24,24,15,3:00pm-3:59pm,45,45,88,Not Applicable (Not Transported),88,Not Applicable (Not Transported),0,,0,,0,,1,0
41,Oregon,410315,1,1,0,0,1,1,0,53,0,27,27,5,May,2015,4,Wednesday,14,2:00pm-2:59pm,31,31,0,This section IS NOT on the NHS,4,County Road,CR-FALLS CITY RD,,1,Rural,5,Major Collector,2,County Highway Agency,15,15,44.86855556,44.86855556,-123.398325,-123.398325,0,No Special Jurisdiction,1,Rollover/Overturn,0,Not a Collision with Motor Vehicle In-Transport,0,No,1,Non-Junction,1,Not an Intersection,0,,4,On Roadside,1,Daylight,1,Clear,0,No Additional Atmospheric Conditions,1,Clear,0,No,0000000,Not Applicable,99,Unknown,99,Unknown,99,Unknown EMS Scene Arrival Hour,99,Unknown EMS Scene Arrival Minutes,88,Not Applicable (Not Transported),88,Not Applicable (Not Transported),0,,0,,0,,1,0
41,Oregon,410316,7,7,0,0,8,8,0,5,0,16,16,6,June,2015,3,Tuesday,19,7:00pm-7:59pm,5,5,1,This section IS ON the NHS,1,Interstate,I-205 RAMP,SE SUNNYSIDE RD,2,Urban,3,Principal Arterial - Other,1,State Highway Agency,151,151,45.43343056,45.43343056,-122.5673194,-122.56731944,0,No Special Jurisdiction,12,Motor Vehicle In-Transport,6,Angle,1,Yes,3,Intersection-Related,2,Four-Way Intersection,0,,1,On Roadway,1,Daylight,1,Clear,0,No Additional Atmospheric Conditions,1,Clear,0,No,0000000,Not Applicable,19,7:00pm-7:59pm,1,1,19,7:00pm-7:59pm,5,5,99,Unknown,99,Unknown EMS Hospital Arrival Time,0,,0,,0,,1,1
41,Oregon,410317,2,2,0,0,2,2,0,19,1780,21,21,6,June,2015,1,Sunday,9,9:00am-9:59am,15,15,1,This section IS ON the NHS,6,Local Street - Municipality,NEWTON CREEK RD,NE STEPHENS ST,1,Rural,3,Principal Arterial - Other,4,City or Municipal Highway Agency,0,,43.24426111,43.24426111,-123.35285,-123.35285,0,No Special Jurisdiction,12,Motor Vehicle In-Transport,6,Angle,0,No,2,Intersection,3,T-Intersection,0,,1,On Roadway,1,Daylight,1,Clear,0,No Additional Atmospheric Conditions,1,Clear,0,No,0000000,Not Applicable,9,9:00am-9:59am,15,15,9,9:00am-9:59am,18,18,88,Not Applicable (Not Transported),88,Not Applicable (Not Transported),0,,0,,0,,1,0
41,Oregon,410318,2,2,0,0,2,2,0,43,0,14,14,7,July,2015,3,Tuesday,21,9:00pm-9:59pm,47,47,1,This section IS ON the NHS,3,State Highway,SR-34 (ODOT 210),CR-SEVEN MILE LN,1,Rural,3,Principal Arterial - Other,1,State Highway Agency,108,108,44.55566111,44.55566111,-123.0490667,-123.04906667,0,No Special Jurisdiction,12,Motor Vehicle In-Transport,6,Angle,0,No,2,Intersection,2,Four-Way Intersection,0,,1,On Roadway,3,Dark - Lighted,1,Clear,0,No Additional Atmospheric Conditions,1,Clear,0,No,0000000,Not Applicable,21,9:00pm-9:59pm,46,46,21,9:00pm-9:59pm,56,56,88,Not Applicable (Not Transported),88,Not Applicable (Not Transported),0,,0,,0,,1,0
41,Oregon,410319,1,1,0,2,1,1,2,47,1810,6,6,8,August,2015,5,Thursday,21,9:00pm-9:59pm,20,20,0,This section IS NOT on the NHS,6,Local Street - Municipality,PINE ST NE,MAPLE ST NE,2,Urban,4,Minor Arterial,4,City or Municipal Highway Agency,0,,44.96225278,44.96225278,-123.0249389,-123.02493889,0,No Special Jurisdiction,8,Pedestrian,0,Not a Collision with Motor Vehicle In-Transport,0,No,3,Intersection-Related,2,Four-Way Intersection,0,,1,On Roadway,3,Dark - Lighted,1,Clear,0,No Additional Atmospheric Conditions,1,Clear,0,No,0000000,Not Applicable,21,9:00pm-9:59pm,20,20,21,9:00pm-9:59pm,27,27,21,9:00pm-9:59pm,46,46,0,,0,,0,,1,0
41,Oregon,410320,2,2,0,0,2,2,0,67,2065,14,14,8,August,2015,6,Friday,13,1:00pm-1:59pm,55,55,0,This section IS NOT on the NHS,6,Local Street - Municipality,SW DURHAM RD,SW 74TH AVE,2,Urban,4,Minor Arterial,3,Town or Township Highway Agency,0,,45.40281667,45.40281667,-122.7537889,-122.75378889,0,No Special Jurisdiction,12,Motor Vehicle In-Transport,6,Angle,0,No,8,Driveway Access Related,1,Not an Intersection,0,,1,On Roadway,1,Daylight,1,Clear,0,No Additional Atmospheric Conditions,1,Clear,0,No,0000000,Not Applicable,99,Unknown,99,Unknown,99,Unknown EMS Scene Arrival Hour,99,Unknown EMS Scene Arrival Minutes,88,Not Applicable (Not Transported),88,Not Applicable (Not Transported),0,,0,,0,,1,1
41,Oregon,410321,1,1,0,0,2,2,0,57,0,15,15,8,August,2015,7,Saturday,20,8:00pm-8:59pm,40,40,0,This section IS NOT on the NHS,4,County Road,CR-NESTUCCA RIVER RD,,1,Rural,5,Major Collector,2,County Highway Agency,151,151,45.24284722,45.24284722,-123.5953,-123.5953,0,No Special Jurisdiction,1,Rollover/Overturn,0,Not a Collision with Motor Vehicle In-Transport,0,No,1,Non-Junction,1,Not an Intersection,0,,5,Outside Trafficway,2,Dark - Not Lighted,1,Clear,0,No Additional Atmospheric Conditions,1,Clear,0,No,0000000,Not Applicable,20,8:00pm-8:59pm,42,42,21,9:00pm-9:59pm,6,6,21,9:00pm-9:59pm,53,53,0,,0,,0,,1,1
41,Oregon,410322,1,1,0,1,1,1,1,5,0,23,23,8,August,2015,1,Sunday,21,9:00pm-9:59pm,16,16,1,This section IS ON the NHS,3,State Highway,SR-99E (ODOT 81),,2,Urban,3,Principal Arterial - Other,1,State Highway Agency,72,72,45.42551667,45.42551667,-122.6338917,-122.63389167,0,No Special Jurisdiction,8,Pedestrian,0,Not a Collision with Motor Vehicle In-Transport,0,No,1,Non-Junction,1,Not an Intersection,0,,1,On Roadway,2,Dark - Not Lighted,1,Clear,0,No Additional Atmospheric Conditions,1,Clear,0,No,0000000,Not Applicable,21,9:00pm-9:59pm,16,16,21,9:00pm-9:59pm,23,23,99,Unknown,99,Unknown EMS Hospital Arrival Time,0,,0,,0,,1,0
41,Oregon,410323,1,1,0,0,1,1,0,39,0,31,31,8,August,2015,2,Monday,7,7:00am-7:59am,55,55,0,This section IS NOT on the NHS,4,County Road,CR-DEXTER RD,,1,Rural,5,Major Collector,2,County Highway Agency,1,1,43.91434444,43.91434444,-122.8101556,-122.81015556,0,No Special Jurisdiction,1,Rollover/Overturn,0,Not a Collision with Motor Vehicle In-Transport,0,No,1,Non-Junction,1,Not an Intersection,0,,4,On Roadside,1,Daylight,98,Not Reported,0,No Additional Atmospheric Conditions,98,Not Reported,0,No,0000000,Not Applicable,7,7:00am-7:59am,59,59,8,8:00am-8:59am,24,24,8,8:00am-8:59am,57,57,0,,0,,0,,1,0
41,Oregon,410324,2,2,0,0,13,13,0,43,0,3,3,9,September,2015,5,Thursday,13,1:00pm-1:59pm,50,50,1,This section IS ON the NHS,2,U.S. Highway,US-20 (ODOT 16),,1,Rural,3,Principal Arterial - Other,1,State Highway Agency,794,794,44.39471944,44.39471944,-122.1060194,-122.10601944,0,No Special Jurisdiction,12,Motor Vehicle In-Transport,2,Front-to-Front,0,No,1,Non-Junction,1,Not an Intersection,0,,1,On Roadway,1,Daylight,1,Clear,0,No Additional Atmospheric Conditions,1,Clear,1,Yes,0000000,Not Applicable,13,1:00pm-1:59pm,51,51,14,2:00pm-2:59pm,5,5,88,Not Applicable (Not Transported),88,Not Applicable (Not Transported),0,,0,,0,,1,0
41,Oregon,410325,1,1,0,2,1,1,2,71,0,8,8,9,September,2015,3,Tuesday,19,7:00pm-7:59pm,5,5,0,This section IS NOT on the NHS,4,County Road,CR-NORTH VALLEY RD,,1,Rural,5,Major Collector,2,County Highway Agency,37,37,45.33070833,45.33070833,-123.0592083,-123.05920833,0,No Special Jurisdiction,9,Pedalcyclist,0,Not a Collision with Motor Vehicle In-Transport,0,No,1,Non-Junction,1,Not an Intersection,0,,1,On Roadway,5,Dusk,1,Clear,0,No Additional Atmospheric Conditions,1,Clear,0,No,0000000,Not Applicable,99,Unknown,99,Unknown,99,Unknown EMS Scene Arrival Hour,99,Unknown EMS Scene Arrival Minutes,99,Unknown,99,Unknown EMS Hospital Arrival Time,0,,0,,0,,2,0
41,Oregon,410326,1,1,0,1,1,1,1,51,1650,26,26,9,September,2015,7,Saturday,0,0:00am-0:59am,45,45,1,This section IS ON the NHS,3,State Highway,SR-213 (ODOT 68),,2,Urban,3,Principal Arterial - Other,1,State Highway Agency,43,43,45.50356667,45.50356667,-122.5787056,-122.57870556,0,No Special Jurisdiction,15,Non-Motorist on Personal Conveyance,0,Not a Collision with Motor Vehicle In-Transport,0,No,1,Non-Junction,1,Not an Intersection,0,,1,On Roadway,3,Dark - Lighted,1,Clear,0,No Additional Atmospheric Conditions,1,Clear,0,No,0000000,Not Applicable,0,0:00am-0:59am,45,45,0,0:00am-0:59am,50,50,1,1:00am-1:59am,20,20,0,,0,,0,,1,0
41,Oregon,410327,1,1,0,0,2,2,0,39,690,8,8,10,October,2015,5,Thursday,21,9:00pm-9:59pm,27,27,1,This section IS ON the NHS,2,U.S. Highway,US-101 (ODOT 9),KINGWOOD ST,2,Urban,3,Principal Arterial - Other,1,State Highway Agency,1908,1908,43.96764722,43.96764722,-124.1081472,-124.10814722,0,No Special Jurisdiction,1,Rollover/Overturn,0,Not a Collision with Motor Vehicle In-Transport,0,No,2,Intersection,3,T-Intersection,0,,1,On Roadway,2,Dark - Not Lighted,1,Clear,0,No Additional Atmospheric Conditions,1,Clear,0,No,0000000,Not Applicable,21,9:00pm-9:59pm,28,28,21,9:00pm-9:59pm,33,33,99,Unknown,99,Unknown EMS Hospital Arrival Time,0,,0,,0,,1,1
41,Oregon,410328,1,1,0,1,1,1,1,39,0,12,12,10,October,2015,2,Monday,11,11:00am-11:59am,44,44,0,This section IS NOT on the NHS,6,Local Street - Municipality,IRVING RD,STARK ST,2,Urban,4,Minor Arterial,4,City or Municipal Highway Agency,0,,44.10345,44.10345,-123.1467306,-123.14673056,0,No Special Jurisdiction,8,Pedestrian,0,Not a Collision with Motor Vehicle In-Transport,0,No,3,Intersection-Related,3,T-Intersection,0,,1,On Roadway,1,Daylight,1,Clear,0,No Additional Atmospheric Conditions,1,Clear,0,No,0000000,Not Applicable,11,11:00am-11:59am,41,41,11,11:00am-11:59am,46,46,88,Not Applicable (Not Transported),88,Not Applicable (Not Transported),0,,0,,0,,1,0
41,Oregon,410329,3,3,0,0,5,5,0,19,0,7,7,11,November,2015,7,Saturday,14,2:00pm-2:59pm,1,1,1,This section IS ON the NHS,2,U.S. Highway,US-101 (ODOT 9),,1,Rural,3,Principal Arterial - Other,1,State Highway Agency,2174,2174,43.66194722,43.66194722,-124.1876611,-124.18766111,0,No Special Jurisdiction,12,Motor Vehicle In-Transport,2,Front-to-Front,0,No,1,Non-Junction,1,Not an Intersection,0,,1,On Roadway,1,Daylight,2,Rain,0,No Additional Atmospheric Conditions,2,Rain,0,No,0000000,Not Applicable,14,2:00pm-2:59pm,0,0,14,2:00pm-2:59pm,12,12,99,Unknown,99,Unknown EMS Hospital Arrival Time,14,"Motor Vehicle struck by falling cargo,or something that came loose from or something that was set in motion by a vehicle",0,,0,,1,0
41,Oregon,410330,3,2,1,0,5,5,0,47,0,15,15,11,November,2015,1,Sunday,2,2:00am-2:59am,43,43,0,This section IS NOT on the NHS,3,State Highway,SR-99E (ODOT 81),,2,Urban,4,Minor Arterial,1,State Highway Agency,336,336,45.12212222,45.12212222,-122.8573583,-122.85735833,0,No Special Jurisdiction,12,Motor Vehicle In-Transport,1,Front-to-Rear,0,No,1,Non-Junction,1,Not an Intersection,0,,1,On Roadway,3,Dark - Lighted,2,Rain,0,No Additional Atmospheric Conditions,2,Rain,0,No,0000000,Not Applicable,2,2:00am-2:59am,40,40,99,Unknown EMS Scene Arrival Hour,99,Unknown EMS Scene Arrival Minutes,99,Unknown,99,Unknown EMS Hospital Arrival Time,0,,0,,0,,1,1
41,Oregon,410331,1,1,0,1,1,1,1,43,0,22,22,11,November,2015,1,Sunday,0,0:00am-0:59am,30,30,1,This section IS ON the NHS,3,State Highway,SR-34 (ODOT 210),,1,Rural,3,Principal Arterial - Other,1,State Highway Agency,5,5,44.564,44.564,-123.2242389,-123.22423889,0,No Special Jurisdiction,8,Pedestrian,0,Not a Collision with Motor Vehicle In-Transport,0,No,1,Non-Junction,1,Not an Intersection,0,,1,On Roadway,2,Dark - Not Lighted,98,Not Reported,0,No Additional Atmospheric Conditions,98,Not Reported,0,No,0000000,Not Applicable,10,10:00am-10:59am,10,10,10,10:00am-10:59am,10,10,88,Not Applicable (Not Transported),88,Not Applicable (Not Transported),0,,0,,0,,1,0
41,Oregon,410332,1,1,0,0,2,2,0,39,0,25,25,11,November,2015,4,Wednesday,1,1:00am-1:59am,6,6,0,This section IS NOT on the NHS,4,County Road,CR-WASHBURN LN,,1,Rural,7,Local,2,County Highway Agency,0,,44.22686667,44.22686667,-123.2499917,-123.24999167,0,No Special Jurisdiction,30,Utility Pole/Light Support,0,Not a Collision with Motor Vehicle In-Transport,0,No,1,Non-Junction,1,Not an Intersection,0,,4,On Roadside,2,Dark - Not Lighted,1,Clear,0,No Additional Atmospheric Conditions,1,Clear,0,No,0000000,Not Applicable,99,Unknown,99,Unknown,99,Unknown EMS Scene Arrival Hour,99,Unknown EMS Scene Arrival Minutes,88,Not Applicable (Not Transported),88,Not Applicable (Not Transported),0,,0,,0,,1,1
41,Oregon,410333,11,11,0,0,14,14,0,59,0,17,17,11,November,2015,3,Tuesday,18,6:00pm-6:59pm,17,17,1,This section IS ON the NHS,1,Interstate,I-84,,1,Rural,1,Interstate,1,State Highway Agency,1910,1910,45.75349167,45.75349167,-119.1501861,-119.15018611,0,No Special Jurisdiction,12,Motor Vehicle In-Transport,1,Front-to-Rear,0,No,1,Non-Junction,1,Not an Intersection,0,,1,On Roadway,2,Dark - Not Lighted,7,"Blowing Sand, Soil, Dirt",0,No Additional Atmospheric Conditions,7,"Blowing Sand, Soil, Dirt",0,No,0000000,Not Applicable,99,Unknown,99,Unknown,99,Unknown EMS Scene Arrival Hour,99,Unknown EMS Scene Arrival Minutes,99,Unknown,99,Unknown EMS Hospital Arrival Time,0,,0,,0,,1,0
41,Oregon,410334,3,3,0,0,3,3,0,33,0,18,18,11,November,2015,4,Wednesday,15,3:00pm-3:59pm,45,45,0,This section IS NOT on the NHS,3,State Highway,SR-46 (ODOT 38),CR-BARNES WAY,1,Rural,5,Major Collector,1,State Highway Agency,48,48,42.15831944,42.15831944,-123.5654722,-123.56547222,0,No Special Jurisdiction,12,Motor Vehicle In-Transport,6,Angle,0,No,2,Intersection,3,T-Intersection,0,,1,On Roadway,1,Daylight,1,Clear,0,No Additional Atmospheric Conditions,1,Clear,0,No,0000000,Not Applicable,15,3:00pm-3:59pm,45,45,15,3:00pm-3:59pm,52,52,88,Not Applicable (Not Transported),88,Not Applicable (Not Transported),14,"Motor Vehicle struck by falling cargo,or something that came loose from or something that was set in motion by a vehicle",0,,0,,1,1
41,Oregon,410335,1,1,0,0,1,1,0,67,0,25,25,11,November,2015,4,Wednesday,14,2:00pm-2:59pm,53,53,0,This section IS NOT on the NHS,4,County Road,CR-SW 331ST AVE,CR-BRIDGES ST,1,Rural,7,Local,2,County Highway Agency,0,,45.50925278,45.50925278,-123.0173972,-123.01739722,0,No Special Jurisdiction,42,Tree (Standing Only),0,Not a Collision with Motor Vehicle In-Transport,0,No,3,Intersection-Related,3,T-Intersection,0,,4,On Roadside,1,Daylight,1,Clear,0,No Additional Atmospheric Conditions,1,Clear,0,No,0000000,Not Applicable,14,2:00pm-2:59pm,53,53,14,2:00pm-2:59pm,57,57,88,Not Applicable (Not Transported),88,Not Applicable (Not Transported),0,,0,,0,,1,0
41,Oregon,410336,1,1,0,1,1,1,1,5,0,25,25,11,November,2015,4,Wednesday,17,5:00pm-5:59pm,12,12,0,This section IS NOT on the NHS,3,State Highway,SR-224 (ODOT 171),,1,Rural,5,Major Collector,1,State Highway Agency,120,120,45.38523611,45.38523611,-122.4535889,-122.45358889,0,No Special Jurisdiction,8,Pedestrian,0,Not a Collision with Motor Vehicle In-Transport,0,No,1,Non-Junction,1,Not an Intersection,0,,1,On Roadway,2,Dark - Not Lighted,1,Clear,0,No Additional Atmospheric Conditions,1,Clear,0,No,0000000,Not Applicable,99,Unknown,99,Unknown,99,Unknown EMS Scene Arrival Hour,99,Unknown EMS Scene Arrival Minutes,88,Not Applicable (Not Transported),88,Not Applicable (Not Transported),0,,0,,0,,1,0
41,Oregon,410337,1,1,0,0,3,3,0,45,0,26,26,11,November,2015,5,Thursday,7,7:00am-7:59am,20,20,1,This section IS ON the NHS,2,U.S. Highway,US-95 (ODOT 456),,1,Rural,3,Principal Arterial - Other,1,State Highway Agency,80,80,43.13765833,43.13765833,-117.0455917,-117.04559167,0,No Special Jurisdiction,1,Rollover/Overturn,0,Not a Collision with Motor Vehicle In-Transport,0,No,1,Non-Junction,1,Not an Intersection,0,,4,On Roadside,2,Dark - Not Lighted,1,Clear,0,No Additional Atmospheric Conditions,1,Clear,0,No,0000000,Not Applicable,7,7:00am-7:59am,26,26,7,7:00am-7:59am,42,42,8,8:00am-8:59am,48,48,0,,0,,0,,1,0
41,Oregon,410338,3,3,0,0,5,5,0,7,0,29,29,11,November,2015,1,Sunday,17,5:00pm-5:59pm,6,6,1,This section IS ON the NHS,2,U.S. Highway,US-26 (ODOT 47),,1,Rural,3,Principal Arterial - Other,1,State Highway Agency,219,219,45.85869722,45.85869722,-123.5538056,-123.55380556,0,No Special Jurisdiction,12,Motor Vehicle In-Transport,1,Front-to-Rear,0,No,1,Non-Junction,1,Not an Intersection,0,,1,On Roadway,5,Dusk,1,Clear,0,No Additional Atmospheric Conditions,1,Clear,0,No,0000000,Not Applicable,17,5:00pm-5:59pm,6,6,17,5:00pm-5:59pm,16,16,99,Unknown,99,Unknown EMS Hospital Arrival Time,0,,0,,0,,1,1
41,Oregon,410339,2,2,0,0,2,2,0,47,1810,11,11,11,November,2015,4,Wednesday,23,11:00pm-11:59pm,15,15,1,This section IS ON the NHS,4,County Road,CR-CORDON RD NE,,2,Urban,3,Principal Arterial - Other,3,Town or Township Highway Agency,61,61,44.97918611,44.97918611,-122.9568056,-122.95680556,0,No Special Jurisdiction,12,Motor Vehicle In-Transport,2,Front-to-Front,0,No,1,Non-Junction,1,Not an Intersection,0,,1,On Roadway,2,Dark - Not Lighted,10,Cloudy,0,No Additional Atmospheric Conditions,10,Cloudy,0,No,0000000,Not Applicable,99,Unknown,99,Unknown,99,Unknown EMS Scene Arrival Hour,99,Unknown EMS Scene Arrival Minutes,99,Unknown,99,Unknown EMS Hospital Arrival Time,0,,0,,0,,1,1
41,Oregon,410340,1,1,0,0,1,1,0,5,0,19,19,11,November,2015,5,Thursday,23,11:00pm-11:59pm,20,20,0,This section IS NOT on the NHS,3,State Highway,SR-213 (ODOT 160),,1,Rural,4,Minor Arterial,1,State Highway Agency,186,186,45.12440278,45.12440278,-122.6228861,-122.62288611,0,No Special Jurisdiction,1,Rollover/Overturn,0,Not a Collision with Motor Vehicle In-Transport,0,No,1,Non-Junction,1,Not an Intersection,0,,1,On Roadway,2,Dark - Not Lighted,1,Clear,0,No Additional Atmospheric Conditions,1,Clear,0,No,0000000,Not Applicable,23,11:00pm-11:59pm,23,23,23,11:00pm-11:59pm,25,25,88,Not Applicable (Not Transported),88,Not Applicable (Not Transported),0,,0,,0,,1,1
41,Oregon,410341,3,3,0,0,9,9,0,43,0,3,3,12,December,2015,5,Thursday,16,4:00pm-4:59pm,30,30,1,This section IS ON the NHS,3,State Highway,SR-34 (ODOT 210),CR-GOLTRA RD,1,Rural,3,Principal Arterial - Other,1,State Highway Agency,128,128,44.55508056,44.55508056,-123.0087333,-123.00873333,0,No Special Jurisdiction,12,Motor Vehicle In-Transport,6,Angle,0,No,2,Intersection,3,T-Intersection,0,,1,On Roadway,1,Daylight,1,Clear,0,No Additional Atmospheric Conditions,1,Clear,0,No,0000000,Not Applicable,16,4:00pm-4:59pm,30,30,16,4:00pm-4:59pm,39,39,99,Unknown,99,Unknown EMS Hospital Arrival Time,0,,0,,0,,1,0
41,Oregon,410342,2,2,0,0,2,2,0,59,0,3,3,12,December,2015,5,Thursday,12,12:00pm-12:59pm,31,31,0,This section IS NOT on the NHS,7,Local Street - Frontage Road,CR-SCHOOLHOUSE RD,CR-SPRING CREEK RD,1,Rural,7,Local,2,County Highway Agency,99,99,45.55141111,45.55141111,-118.7868389,-118.78683889,0,No Special Jurisdiction,12,Motor Vehicle In-Transport,6,Angle,0,No,2,Intersection,3,T-Intersection,0,,1,On Roadway,1,Daylight,10,Cloudy,0,No Additional Atmospheric Conditions,10,Cloudy,0,No,0000000,Not Applicable,12,12:00pm-12:59pm,31,31,12,12:00pm-12:59pm,41,41,88,Not Applicable (Not Transported),88,Not Applicable (Not Transported),0,,0,,0,,1,0
41,Oregon,410343,1,1,0,0,1,1,0,49,0,4,4,12,December,2015,6,Friday,6,6:00am-6:59am,25,25,1,This section IS ON the NHS,1,Interstate,I-84,,1,Rural,1,Interstate,1,State Highway Agency,1540,1540,45.81268611,45.81268611,-119.933625,-119.933625,0,No Special Jurisdiction,17,Boulder,0,Not a Collision with Motor Vehicle In-Transport,0,No,1,Non-Junction,1,Not an Intersection,0,,4,On Roadside,2,Dark - Not Lighted,10,Cloudy,0,No Additional Atmospheric Conditions,10,Cloudy,0,No,0000000,Not Applicable,6,6:00am-6:59am,35,35,6,6:00am-6:59am,50,50,88,Not Applicable (Not Transported),88,Not Applicable (Not Transported),0,,0,,0,,1,0
41,Oregon,410344,3,3,0,0,3,3,0,51,1650,4,4,12,December,2015,6,Friday,6,6:00am-6:59am,40,40,0,This section IS NOT on the NHS,6,Local Street - Municipality,SE 160TH AVE,SE STARK ST,2,Urban,4,Minor Arterial,4,City or Municipal Highway Agency,0,,45.51915,45.51915,-122.4990444,-122.49904444,0,No Special Jurisdiction,12,Motor Vehicle In-Transport,6,Angle,0,No,2,Intersection,2,Four-Way Intersection,0,,1,On Roadway,3,Dark - Lighted,2,Rain,0,No Additional Atmospheric Conditions,2,Rain,0,No,0000000,Not Applicable,6,6:00am-6:59am,41,41,6,6:00am-6:59am,46,46,88,Not Applicable (Not Transported),88,Not Applicable (Not Transported),0,,0,,0,,1,0
41,Oregon,410345,2,2,0,0,3,3,0,59,0,5,5,12,December,2015,7,Saturday,16,4:00pm-4:59pm,59,59,0,This section IS NOT on the NHS,3,State Highway,SR-207 (ODOT 333),,2,Urban,4,Minor Arterial,1,State Highway Agency,50,50,45.85260278,45.85260278,-119.2515222,-119.25152222,0,No Special Jurisdiction,12,Motor Vehicle In-Transport,6,Angle,0,No,8,Driveway Access Related,1,Not an Intersection,0,,1,On Roadway,2,Dark - Not Lighted,10,Cloudy,0,No Additional Atmospheric Conditions,10,Cloudy,0,No,0000000,Not Applicable,16,4:00pm-4:59pm,59,59,17,5:00pm-5:59pm,2,2,99,Unknown,99,Unknown EMS Hospital Arrival Time,0,,0,,0,,1,0
41,Oregon,410346,1,1,0,0,1,1,0,39,1550,5,5,12,December,2015,7,Saturday,9,9:00am-9:59am,55,55,1,This section IS ON the NHS,3,State Highway,SR-58 (ODOT 18),,1,Rural,3,Principal Arterial - Other,1,State Highway Agency,362,362,43.73795,43.73795,-122.4544444,-122.45444444,0,No Special Jurisdiction,42,Tree (Standing Only),0,Not a Collision with Motor Vehicle In-Transport,0,No,1,Non-Junction,1,Not an Intersection,0,,4,On Roadside,1,Daylight,1,Clear,0,No Additional Atmospheric Conditions,1,Clear,0,No,0000000,Not Applicable,10,10:00am-10:59am,0,0,10,10:00am-10:59am,11,11,88,Not Applicable (Not Transported),88,Not Applicable (Not Transported),0,,0,,0,,1,0
41,Oregon,410347,1,1,0,0,1,1,0,51,1650,7,7,12,December,2015,2,Monday,14,2:00pm-2:59pm,3,3,1,This section IS ON the NHS,6,Local Street - Municipality,NE GLISAN ST,NE 92ND AVE,2,Urban,3,Principal Arterial - Other,4,City or Municipal Highway Agency,0,,45.52635278,45.52635278,-122.5687583,-122.56875833,0,No Special Jurisdiction,30,Utility Pole/Light Support,0,Not a Collision with Motor Vehicle In-Transport,0,No,3,Intersection-Related,3,T-Intersection,0,,4,On Roadside,1,Daylight,10,Cloudy,0,No Additional Atmospheric Conditions,10,Cloudy,0,No,0000000,Not Applicable,14,2:00pm-2:59pm,3,3,14,2:00pm-2:59pm,8,8,88,Not Applicable (Not Transported),88,Not Applicable (Not Transported),0,,0,,0,,1,0
41,Oregon,410348,2,2,0,0,3,3,0,53,0,10,10,12,December,2015,5,Thursday,17,5:00pm-5:59pm,22,22,0,This section IS NOT on the NHS,3,State Highway,SR-99 (ODOT 91),,1,Rural,4,Minor Arterial,1,State Highway Agency,517,517,45.01418889,45.01418889,-123.2080806,-123.20808056,0,No Special Jurisdiction,12,Motor Vehicle In-Transport,6,Angle,0,No,1,Non-Junction,1,Not an Intersection,0,,1,On Roadway,2,Dark - Not Lighted,10,Cloudy,0,No Additional Atmospheric Conditions,10,Cloudy,0,No,0000000,Not Applicable,17,5:00pm-5:59pm,22,22,17,5:00pm-5:59pm,29,29,99,Unknown,99,Unknown EMS Hospital Arrival Time,0,,0,,0,,2,1
41,Oregon,410349,2,2,0,0,5,5,0,17,0,11,11,12,December,2015,6,Friday,20,8:00pm-8:59pm,11,11,1,This section IS ON the NHS,2,U.S. Highway,US-97 (ODOT 4),,1,Rural,3,Principal Arterial - Other,1,State Highway Agency,1537,1537,43.86188889,43.86188889,-121.4086944,-121.40869444,0,No Special Jurisdiction,12,Motor Vehicle In-Transport,2,Front-to-Front,0,No,1,Non-Junction,1,Not an Intersection,0,,1,On Roadway,2,Dark - Not Lighted,4,Snow,0,No Additional Atmospheric Conditions,4,Snow,0,No,0000000,Not Applicable,20,8:00pm-8:59pm,11,11,20,8:00pm-8:59pm,20,20,99,Unknown,99,Unknown EMS Hospital Arrival Time,0,,0,,0,,1,0
41,Oregon,410350,1,1,0,1,2,2,1,7,0,11,11,12,December,2015,6,Friday,18,6:00pm-6:59pm,57,57,0,This section IS NOT on the NHS,2,U.S. Highway,US-101B (ODOT 105),,1,Rural,4,Minor Arterial,1,State Highway Agency,67,67,46.16211667,46.16211667,-123.8386333,-123.83863333,0,No Special Jurisdiction,8,Pedestrian,0,Not a Collision with Motor Vehicle In-Transport,0,No,1,Non-Junction,1,Not an Intersection,0,,1,On Roadway,2,Dark - Not Lighted,1,Clear,0,No Additional Atmospheric Conditions,1,Clear,0,No,0000000,Not Applicable,99,Unknown,99,Unknown,99,Unknown EMS Scene Arrival Hour,99,Unknown EMS Scene Arrival Minutes,88,Not Applicable (Not Transported),88,Not Applicable (Not Transported),23,Indication of a Stalled/Disabled Vehicle,0,,0,,1,0
41,Oregon,410351,2,2,0,0,2,2,0,53,0,10,10,12,December,2015,5,Thursday,16,4:00pm-4:59pm,45,45,1,This section IS ON the NHS,3,State Highway,SR-22 (ODOT 30),,1,Rural,3,Principal Arterial - Other,1,State Highway Agency,98,98,44.98518056,44.98518056,-123.3318556,-123.33185556,0,No Special Jurisdiction,12,Motor Vehicle In-Transport,2,Front-to-Front,0,No,1,Non-Junction,1,Not an Intersection,0,,1,On Roadway,5,Dusk,10,Cloudy,0,No Additional Atmospheric Conditions,10,Cloudy,0,No,0000000,Not Applicable,16,4:00pm-4:59pm,45,45,16,4:00pm-4:59pm,49,49,99,Unknown,99,Unknown EMS Hospital Arrival Time,0,,0,,0,,1,0
41,Oregon,410352,1,1,0,0,1,1,0,51,1650,13,13,12,December,2015,1,Sunday,8,8:00am-8:59am,47,47,1,This section IS ON the NHS,2,U.S. Highway,US-30 (ODOT 92),,2,Urban,3,Principal Arterial - Other,1,State Highway Agency,64,64,45.57714444,45.57714444,-122.7614083,-122.76140833,0,No Special Jurisdiction,1,Rollover/Overturn,0,Not a Collision with Motor Vehicle In-Transport,0,No,1,Non-Junction,1,Not an Intersection,0,,4,On Roadside,1,Daylight,2,Rain,0,No Additional Atmospheric Conditions,2,Rain,0,No,0000000,Not Applicable,99,Unknown,99,Unknown,99,Unknown EMS Scene Arrival Hour,99,Unknown EMS Scene Arrival Minutes,88,Not Applicable (Not Transported),88,Not Applicable (Not Transported),0,,0,,0,,1,0
41,Oregon,410353,1,1,0,1,2,2,1,51,1650,12,12,12,December,2015,7,Saturday,20,8:00pm-8:59pm,37,37,1,This section IS ON the NHS,2,U.S. Highway,US-30BY (ODOT 123),NE 42ND AVE,2,Urban,3,Principal Arterial - Other,1,State Highway Agency,83,83,45.57080278,45.57080278,-122.6220806,-122.62208056,0,No Special Jurisdiction,9,Pedalcyclist,0,Not a Collision with Motor Vehicle In-Transport,0,No,3,Intersection-Related,3,T-Intersection,0,,1,On Roadway,3,Dark - Lighted,2,Rain,10,Cloudy,2,Rain,0,No,0000000,Not Applicable,99,Unknown,99,Unknown,99,Unknown EMS Scene Arrival Hour,99,Unknown EMS Scene Arrival Minutes,88,Not Applicable (Not Transported),88,Not Applicable (Not Transported),0,,0,,0,,1,0
41,Oregon,410354,1,1,0,0,2,2,0,41,1225,16,16,12,December,2015,4,Wednesday,20,8:00pm-8:59pm,6,6,0,This section IS NOT on the NHS,6,Local Street - Municipality,NE 22ND ST,NE WEST DEVILS LAKE RD,2,Urban,4,Minor Arterial,4,City or Municipal Highway Agency,0,,44.98164444,44.98164444,-123.997725,-123.997725,0,No Special Jurisdiction,42,Tree (Standing Only),0,Not a Collision with Motor Vehicle In-Transport,0,No,3,Intersection-Related,3,T-Intersection,0,,4,On Roadside,2,Dark - Not Lighted,98,Not Reported,0,No Additional Atmospheric Conditions,98,Not Reported,0,No,0000000,Not Applicable,20,8:00pm-8:59pm,11,11,20,8:00pm-8:59pm,15,15,99,Unknown,99,Unknown EMS Hospital Arrival Time,0,,0,,0,,1,0
41,Oregon,410355,3,2,1,0,4,4,0,1,0,17,17,12,December,2015,5,Thursday,9,9:00am-9:59am,15,15,1,This section IS ON the NHS,1,Interstate,I-84,,1,Rural,1,Interstate,1,State Highway Agency,3290,3290,44.56679722,44.56679722,-117.4339333,-117.43393333,0,No Special Jurisdiction,12,Motor Vehicle In-Transport,6,Angle,0,No,1,Non-Junction,1,Not an Intersection,0,,1,On Roadway,1,Daylight,4,Snow,0,No Additional Atmospheric Conditions,4,Snow,0,No,0000000,Not Applicable,9,9:00am-9:59am,52,52,10,10:00am-10:59am,9,9,10,10:00am-10:59am,57,57,0,,0,,0,,2,0
41,Oregon,410356,1,1,0,0,1,1,0,67,0,17,17,12,December,2015,5,Thursday,11,11:00am-11:59am,54,54,0,This section IS NOT on the NHS,4,County Road,CR-NW ROY RD,,1,Rural,5,Major Collector,2,County Highway Agency,3,3,45.56940556,45.56940556,-123.0539306,-123.05393056,0,No Special Jurisdiction,42,Tree (Standing Only),0,Not a Collision with Motor Vehicle In-Transport,0,No,1,Non-Junction,1,Not an Intersection,0,,4,On Roadside,1,Daylight,2,Rain,0,No Additional Atmospheric Conditions,2,Rain,0,No,0000000,Not Applicable,11,11:00am-11:59am,55,55,12,12:00pm-12:59pm,3,3,13,1:00pm-1:59pm,1,1,0,,0,,0,,1,0
41,Oregon,410357,1,1,0,0,1,1,0,33,0,18,18,12,December,2015,6,Friday,23,11:00pm-11:59pm,18,18,0,This section IS NOT on the NHS,4,County Road,CR-DEER CREEK RD,,1,Rural,6,Minor Collector,2,County Highway Agency,32,32,42.274825,42.274825,-123.5555583,-123.55555833,0,No Special Jurisdiction,42,Tree (Standing Only),0,Not a Collision with Motor Vehicle In-Transport,0,No,1,Non-Junction,1,Not an Intersection,0,,4,On Roadside,2,Dark - Not Lighted,2,Rain,0,No Additional Atmospheric Conditions,2,Rain,0,No,0000000,Not Applicable,23,11:00pm-11:59pm,22,22,23,11:00pm-11:59pm,34,34,88,Not Applicable (Not Transported),88,Not Applicable (Not Transported),0,,0,,0,,1,1
41,Oregon,410358,1,1,0,0,1,1,0,39,0,19,19,12,December,2015,7,Saturday,2,2:00am-2:59am,23,23,0,This section IS NOT on the NHS,4,County Road,CR-CAMAS SWALE RD,,1,Rural,5,Major Collector,2,County Highway Agency,20,20,43.91751389,43.91751389,-123.0558722,-123.05587222,0,No Special Jurisdiction,30,Utility Pole/Light Support,0,Not a Collision with Motor Vehicle In-Transport,0,No,1,Non-Junction,1,Not an Intersection,0,,4,On Roadside,2,Dark - Not Lighted,2,Rain,0,No Additional Atmospheric Conditions,2,Rain,0,No,0000000,Not Applicable,2,2:00am-2:59am,23,23,2,2:00am-2:59am,28,28,2,2:00am-2:59am,55,55,0,,0,,0,,1,1
41,Oregon,410359,3,3,0,0,5,5,0,71,0,21,21,12,December,2015,2,Monday,16,4:00pm-4:59pm,0,0,0,This section IS NOT on the NHS,3,State Highway,SR-99W (ODOT 91),,1,Rural,4,Minor Arterial,1,State Highway Agency,413,413,45.15499444,45.15499444,-123.1990306,-123.19903056,0,No Special Jurisdiction,12,Motor Vehicle In-Transport,2,Front-to-Front,0,No,1,Non-Junction,1,Not an Intersection,0,,1,On Roadway,1,Daylight,10,Cloudy,0,No Additional Atmospheric Conditions,10,Cloudy,0,No,0000000,Not Applicable,16,4:00pm-4:59pm,3,3,16,4:00pm-4:59pm,5,5,99,Unknown,99,Unknown EMS Hospital Arrival Time,0,,0,,0,,1,0
41,Oregon,410360,2,2,0,0,3,3,0,29,0,19,19,5,May,2015,3,Tuesday,9,9:00am-9:59am,7,7,0,This section IS NOT on the NHS,4,County Road,CR-N RIVER RD,,2,Urban,5,Major Collector,4,City or Municipal Highway Agency,0,,42.42828056,42.42828056,-123.1614139,-123.16141389,0,No Special Jurisdiction,12,Motor Vehicle In-Transport,2,Front-to-Front,0,No,1,Non-Junction,1,Not an Intersection,0,,1,On Roadway,1,Daylight,98,Not Reported,0,No Additional Atmospheric Conditions,98,Not Reported,1,Yes,0000000,Not Applicable,9,9:00am-9:59am,7,7,9,9:00am-9:59am,26,26,99,Unknown,99,Unknown EMS Hospital Arrival Time,0,,0,,0,,1,0
41,Oregon,410361,2,2,0,0,2,2,0,3,0,23,23,12,December,2015,4,Wednesday,7,7:00am-7:59am,26,26,0,This section IS NOT on the NHS,3,State Highway,SR-99W (ODOT 91),,1,Rural,4,Minor Arterial,1,State Highway Agency,960,960,44.38439722,44.38439722,-123.286925,-123.286925,0,No Special Jurisdiction,12,Motor Vehicle In-Transport,2,Front-to-Front,0,No,1,Non-Junction,1,Not an Intersection,0,,1,On Roadway,1,Daylight,10,Cloudy,0,No Additional Atmospheric Conditions,10,Cloudy,0,No,0000000,Not Applicable,7,7:00am-7:59am,27,27,7,7:00am-7:59am,38,38,99,Unknown,99,Unknown EMS Hospital Arrival Time,0,,0,,0,,2,0
41,Oregon,410362,2,2,0,0,3,3,0,9,0,23,23,12,December,2015,4,Wednesday,7,7:00am-7:59am,50,50,1,This section IS ON the NHS,2,U.S. Highway,US-30 (ODOT 92),,1,Rural,3,Principal Arterial - Other,1,State Highway Agency,652,652,46.11515,46.11515,-123.2723472,-123.27234722,0,No Special Jurisdiction,12,Motor Vehicle In-Transport,2,Front-to-Front,0,No,1,Non-Junction,1,Not an Intersection,0,,1,On Roadway,1,Daylight,2,Rain,0,No Additional Atmospheric Conditions,2,Rain,0,No,0000000,Not Applicable,7,7:00am-7:59am,50,50,8,8:00am-8:59am,0,0,99,Unknown,99,Unknown EMS Hospital Arrival Time,0,,0,,0,,1,0
41,Oregon,410363,2,2,0,0,2,2,0,17,0,23,23,12,December,2015,4,Wednesday,9,9:00am-9:59am,44,44,1,This section IS ON the NHS,2,U.S. Highway,US-20 (ODOT 17),,1,Rural,3,Principal Arterial - Other,1,State Highway Agency,29,29,44.22500833,44.22500833,-121.4473194,-121.44731944,0,No Special Jurisdiction,12,Motor Vehicle In-Transport,6,Angle,0,No,1,Non-Junction,1,Not an Intersection,0,,1,On Roadway,1,Daylight,4,Snow,0,No Additional Atmospheric Conditions,4,Snow,0,No,0000000,Not Applicable,9,9:00am-9:59am,53,53,9,9:00am-9:59am,56,56,88,Not Applicable (Not Transported),88,Not Applicable (Not Transported),0,,0,,0,,1,0
41,Oregon,410364,2,2,0,0,4,4,0,33,0,24,24,12,December,2015,5,Thursday,9,9:00am-9:59am,20,20,1,This section IS ON the NHS,2,U.S. Highway,US-199 (ODOT 25),,1,Rural,3,Principal Arterial - Other,1,State Highway Agency,218,218,42.25212778,42.25212778,-123.6259139,-123.62591389,0,No Special Jurisdiction,12,Motor Vehicle In-Transport,6,Angle,0,No,1,Non-Junction,1,Not an Intersection,0,,1,On Roadway,1,Daylight,4,Snow,0,No Additional Atmospheric Conditions,4,Snow,0,No,0000000,Not Applicable,9,9:00am-9:59am,23,23,9,9:00am-9:59am,33,33,99,Unknown,99,Unknown EMS Hospital Arrival Time,0,,0,,0,,1,0
41,Oregon,410365,3,3,0,0,4,4,0,5,0,24,24,12,December,2015,5,Thursday,16,4:00pm-4:59pm,37,37,0,This section IS NOT on the NHS,3,State Highway,SR-224 (ODOT 171),,1,Rural,4,Minor Arterial,1,State Highway Agency,129,129,45.38705833,45.38705833,-122.4399,-122.4399,0,No Special Jurisdiction,12,Motor Vehicle In-Transport,6,Angle,0,No,1,Non-Junction,1,Not an Intersection,0,,1,On Roadway,5,Dusk,2,Rain,0,No Additional Atmospheric Conditions,2,Rain,0,No,0000000,Not Applicable,16,4:00pm-4:59pm,38,38,16,4:00pm-4:59pm,45,45,99,Unknown,99,Unknown EMS Hospital Arrival Time,0,,0,,0,,1,1
41,Oregon,410366,2,2,0,0,4,4,0,39,0,25,25,12,December,2015,6,Friday,18,6:00pm-6:59pm,57,57,0,This section IS NOT on the NHS,4,County Road,CR-CENTRAL RD,CR-FLECK RD,1,Rural,5,Major Collector,2,County Highway Agency,25,25,44.02627778,44.02627778,-123.3026694,-123.30266944,0,No Special Jurisdiction,12,Motor Vehicle In-Transport,6,Angle,0,No,2,Intersection,2,Four-Way Intersection,0,,1,On Roadway,2,Dark - Not Lighted,10,Cloudy,0,No Additional Atmospheric Conditions,10,Cloudy,0,No,0000000,Not Applicable,18,6:00pm-6:59pm,57,57,19,7:00pm-7:59pm,2,2,19,7:00pm-7:59pm,44,44,0,,0,,0,,1,0
41,Oregon,410367,1,1,0,0,1,1,0,43,0,26,26,12,December,2015,7,Saturday,7,7:00am-7:59am,59,59,0,This section IS NOT on the NHS,2,U.S. Highway,US-20 (ODOT 16),,1,Rural,4,Minor Arterial,1,State Highway Agency,110,110,44.49717778,44.49717778,-122.8464528,-122.84645278,0,No Special Jurisdiction,53,Mail Box,0,Not a Collision with Motor Vehicle In-Transport,0,No,1,Non-Junction,1,Not an Intersection,0,,4,On Roadside,2,Dark - Not Lighted,5,"Fog, Smog, Smoke",0,No Additional Atmospheric Conditions,5,"Fog, Smog, Smoke",0,No,0000000,Not Applicable,7,7:00am-7:59am,59,59,8,8:00am-8:59am,8,8,88,Not Applicable (Not Transported),88,Not Applicable (Not Transported),0,,0,,0,,1,0
41,Oregon,410368,1,1,0,0,2,2,0,13,0,26,26,12,December,2015,7,Saturday,17,5:00pm-5:59pm,15,15,0,This section IS NOT on the NHS,4,County Road,CR-SE JUNIPER CANYON RD,,1,Rural,5,Major Collector,2,County Highway Agency,40,40,44.23615833,44.23615833,-120.8037806,-120.80378056,0,No Special Jurisdiction,39,Wall,0,Not a Collision with Motor Vehicle In-Transport,0,No,1,Non-Junction,1,Not an Intersection,0,,4,On Roadside,2,Dark - Not Lighted,1,Clear,0,No Additional Atmospheric Conditions,1,Clear,0,No,0000000,Not Applicable,17,5:00pm-5:59pm,16,16,17,5:00pm-5:59pm,25,25,99,Unknown,99,Unknown EMS Hospital Arrival Time,0,,0,,0,,1,0
41,Oregon,410369,1,1,0,1,1,1,1,41,1500,28,28,12,December,2015,2,Monday,19,7:00pm-7:59pm,30,30,1,This section IS ON the NHS,2,U.S. Highway,US-101 (ODOT 9),,2,Urban,3,Principal Arterial - Other,1,State Highway Agency,1424,1424,44.61155,44.61155,-124.0507611,-124.05076111,0,No Special Jurisdiction,8,Pedestrian,0,Not a Collision with Motor Vehicle In-Transport,0,No,1,Non-Junction,1,Not an Intersection,0,,1,On Roadway,3,Dark - Lighted,2,Rain,0,No Additional Atmospheric Conditions,2,Rain,0,No,0000000,Not Applicable,19,7:00pm-7:59pm,31,31,19,7:00pm-7:59pm,36,36,99,Unknown,99,Unknown EMS Hospital Arrival Time,0,,0,,0,,1,0
41,Oregon,410370,2,2,0,0,4,4,0,19,0,30,30,1,January,2015,6,Friday,15,3:00pm-3:59pm,45,45,1,This section IS ON the NHS,3,State Highway,SR-38 (ODOT 45),,1,Rural,3,Principal Arterial - Other,1,State Highway Agency,283,283,43.67326389,43.67326389,-123.6520778,-123.65207778,0,No Special Jurisdiction,12,Motor Vehicle In-Transport,2,Front-to-Front,0,No,1,Non-Junction,1,Not an Intersection,0,,1,On Roadway,1,Daylight,1,Clear,0,No Additional Atmospheric Conditions,1,Clear,0,No,0000000,Not Applicable,15,3:00pm-3:59pm,46,46,15,3:00pm-3:59pm,8,8,99,Unknown,99,Unknown EMS Hospital Arrival Time,0,,0,,0,,1,0
41,Oregon,410371,1,1,0,0,2,2,0,5,2210,3,3,2,February,2015,3,Tuesday,12,12:00pm-12:59pm,34,34,0,This section IS NOT on the NHS,6,Local Street - Municipality,SALAMO RD,,2,Urban,5,Major Collector,4,City or Municipal Highway Agency,0,,45.36526667,45.36526667,-122.6481,-122.6481,0,No Special Jurisdiction,42,Tree (Standing Only),0,Not a Collision with Motor Vehicle In-Transport,0,No,1,Non-Junction,1,Not an Intersection,0,,4,On Roadside,1,Daylight,1,Clear,0,No Additional Atmospheric Conditions,1,Clear,0,No,0000000,Not Applicable,12,12:00pm-12:59pm,34,34,12,12:00pm-12:59pm,43,43,99,Unknown,99,Unknown EMS Hospital Arrival Time,0,,0,,0,,1,0
41,Oregon,410372,1,1,0,0,1,1,0,5,0,8,8,3,March,2015,1,Sunday,1,1:00am-1:59am,20,20,1,This section IS ON the NHS,2,U.S. Highway,US-26 (ODOT 26),,1,Rural,3,Principal Arterial - Other,1,State Highway Agency,516,516,45.34078611,45.34078611,-121.9325806,-121.93258056,0,No Special Jurisdiction,1,Rollover/Overturn,0,Not a Collision with Motor Vehicle In-Transport,0,No,1,Non-Junction,1,Not an Intersection,0,,1,On Roadway,2,Dark - Not Lighted,1,Clear,0,No Additional Atmospheric Conditions,1,Clear,0,No,0000000,Not Applicable,1,1:00am-1:59am,20,20,1,1:00am-1:59am,37,37,88,Not Applicable (Not Transported),88,Not Applicable (Not Transported),0,,0,,0,,1,1
41,Oregon,410373,1,1,0,0,1,1,0,33,0,4,4,5,May,2015,2,Monday,99,Unknown Hours,99,Unknown Minutes,0,This section IS NOT on the NHS,4,County Road,CR-HUGO RD,,1,Rural,5,Major Collector,2,County Highway Agency,13,13,42.53608889,42.53608889,-123.4352361,-123.43523611,0,No Special Jurisdiction,42,Tree (Standing Only),0,Not a Collision with Motor Vehicle In-Transport,0,No,1,Non-Junction,1,Not an Intersection,0,,4,On Roadside,1,Daylight,98,Not Reported,0,No Additional Atmospheric Conditions,98,Not Reported,0,No,0000000,Not Applicable,16,4:00pm-4:59pm,7,7,16,4:00pm-4:59pm,21,21,88,Not Applicable (Not Transported),88,Not Applicable (Not Transported),0,,0,,0,,1,1
41,Oregon,410374,2,2,0,0,4,4,0,9,0,4,4,5,May,2015,2,Monday,10,10:00am-10:59am,4,4,1,This section IS ON the NHS,2,U.S. Highway,US-30 (ODOT 92),,2,Urban,3,Principal Arterial - Other,1,State Highway Agency,443,443,46.06258611,46.06258611,-122.8955806,-122.89558056,0,No Special Jurisdiction,12,Motor Vehicle In-Transport,2,Front-to-Front,0,No,1,Non-Junction,1,Not an Intersection,0,,1,On Roadway,1,Daylight,1,Clear,0,No Additional Atmospheric Conditions,1,Clear,0,No,0000000,Not Applicable,10,10:00am-10:59am,5,5,99,Unknown EMS Scene Arrival Hour,99,Unknown EMS Scene Arrival Minutes,99,Unknown,99,Unknown EMS Hospital Arrival Time,0,,0,,0,,1,0
41,Oregon,410375,1,1,0,0,3,3,0,71,0,11,11,5,May,2015,2,Monday,3,3:00am-3:59am,22,22,0,This section IS NOT on the NHS,4,County Road,CR-BAKER CREEK RD,,1,Rural,5,Major Collector,2,County Highway Agency,41,41,45.22780556,45.22780556,-123.2722528,-123.27225278,0,No Special Jurisdiction,42,Tree (Standing Only),0,Not a Collision with Motor Vehicle In-Transport,0,No,1,Non-Junction,1,Not an Intersection,0,,4,On Roadside,2,Dark - Not Lighted,98,Not Reported,0,No Additional Atmospheric Conditions,98,Not Reported,0,No,0000000,Not Applicable,3,3:00am-3:59am,22,22,3,3:00am-3:59am,31,31,99,Unknown,99,Unknown EMS Hospital Arrival Time,0,,0,,0,,1,1
41,Oregon,410376,1,1,0,0,1,1,0,67,0,27,27,5,May,2015,4,Wednesday,9,9:00am-9:59am,15,15,0,This section IS NOT on the NHS,3,State Highway,SR-6 (ODOT 37),,1,Rural,4,Minor Arterial,1,State Highway Agency,359,359,45.63145556,45.63145556,-123.3643556,-123.36435556,0,No Special Jurisdiction,1,Rollover/Overturn,0,Not a Collision with Motor Vehicle In-Transport,0,No,1,Non-Junction,1,Not an Intersection,0,,4,On Roadside,1,Daylight,1,Clear,0,No Additional Atmospheric Conditions,1,Clear,0,No,0000000,Not Applicable,9,9:00am-9:59am,18,18,9,9:00am-9:59am,30,30,88,Not Applicable (Not Transported),88,Not Applicable (Not Transported),0,,0,,0,,1,1
41,Oregon,410377,2,2,0,0,4,4,0,71,0,8,8,7,July,2015,4,Wednesday,17,5:00pm-5:59pm,31,31,0,This section IS NOT on the NHS,4,County Road,CR-MEADOWLAKE RD,CR-WESTSIDE RD,1,Rural,5,Major Collector,4,City or Municipal Highway Agency,12,12,45.29433611,45.29433611,-123.2045611,-123.20456111,0,No Special Jurisdiction,12,Motor Vehicle In-Transport,6,Angle,0,No,2,Intersection,2,Four-Way Intersection,0,,1,On Roadway,1,Daylight,1,Clear,0,No Additional Atmospheric Conditions,1,Clear,0,No,0000000,Not Applicable,17,5:00pm-5:59pm,32,32,17,5:00pm-5:59pm,38,38,99,Unknown,99,Unknown EMS Hospital Arrival Time,0,,0,,0,,2,0
41,Oregon,410378,1,1,0,0,1,1,0,5,0,23,23,4,April,2015,5,Thursday,16,4:00pm-4:59pm,31,31,0,This section IS NOT on the NHS,3,State Highway,SR-211 (ODOT 161),,1,Rural,4,Minor Arterial,1,State Highway Agency,106,106,45.14945278,45.14945278,-122.6200139,-122.62001389,0,No Special Jurisdiction,42,Tree (Standing Only),0,Not a Collision with Motor Vehicle In-Transport,0,No,1,Non-Junction,1,Not an Intersection,0,,4,On Roadside,1,Daylight,1,Clear,0,No Additional Atmospheric Conditions,1,Clear,0,No,0000000,Not Applicable,16,4:00pm-4:59pm,31,31,16,4:00pm-4:59pm,45,45,99,Unknown,99,Unknown EMS Hospital Arrival Time,0,,0,,0,,1,0
41,Oregon,410380,2,2,0,0,2,2,0,67,2065,25,25,6,June,2015,5,Thursday,15,3:00pm-3:59pm,20,20,0,This section IS NOT on the NHS,3,State Highway,SR-99W (ODOT 91),WALNUT ST,2,Urban,3,Principal Arterial - Other,1,State Highway Agency,96,96,45.42688889,45.42688889,-122.7783528,-122.77835278,0,No Special Jurisdiction,12,Motor Vehicle In-Transport,6,Angle,0,No,2,Intersection,2,Four-Way Intersection,0,,1,On Roadway,1,Daylight,98,Not Reported,0,No Additional Atmospheric Conditions,98,Not Reported,0,No,0000000,Not Applicable,99,Unknown,99,Unknown,99,Unknown EMS Scene Arrival Hour,99,Unknown EMS Scene Arrival Minutes,88,Not Applicable (Not Transported),88,Not Applicable (Not Transported),0,,0,,0,,1,1
41,Oregon,410381,2,2,0,0,2,2,0,33,0,16,16,6,June,2015,3,Tuesday,9,9:00am-9:59am,51,51,0,This section IS NOT on the NHS,4,County Road,CR-JEROME PRAIRIE RD,CR-MIDWAY AVE,1,Rural,7,Local,2,County Highway Agency,18,18,42.38960833,42.38960833,-123.4061694,-123.40616944,0,No Special Jurisdiction,12,Motor Vehicle In-Transport,98,Not Reported,0,No,2,Intersection,2,Four-Way Intersection,0,,1,On Roadway,1,Daylight,1,Clear,0,No Additional Atmospheric Conditions,1,Clear,0,No,0000000,Not Applicable,99,Unknown,99,Unknown,99,Unknown EMS Scene Arrival Hour,99,Unknown EMS Scene Arrival Minutes,99,Unknown,99,Unknown EMS Hospital Arrival Time,0,,0,,0,,1,0
41,Oregon,410382,1,1,0,0,1,1,0,39,0,18,18,7,July,2015,7,Saturday,0,0:00am-0:59am,30,30,0,This section IS NOT on the NHS,4,County Road,CR-GOWDYVILLE RD,,1,Rural,6,Minor Collector,2,County Highway Agency,55,55,43.79849167,43.79849167,-123.2204167,-123.22041667,0,No Special Jurisdiction,1,Rollover/Overturn,0,Not a Collision with Motor Vehicle In-Transport,0,No,1,Non-Junction,1,Not an Intersection,0,,4,On Roadside,2,Dark - Not Lighted,1,Clear,0,No Additional Atmospheric Conditions,1,Clear,0,No,0000000,Not Applicable,99,Unknown,99,Unknown,99,Unknown EMS Scene Arrival Hour,99,Unknown EMS Scene Arrival Minutes,99,Unknown,99,Unknown EMS Hospital Arrival Time,0,,0,,0,,1,1
41,Oregon,410383,1,1,0,0,1,1,0,51,880,18,18,8,August,2015,3,Tuesday,1,1:00am-1:59am,46,46,1,This section IS ON the NHS,6,Local Street - Municipality,NE GLISAN ST,,2,Urban,3,Principal Arterial - Other,4,City or Municipal Highway Agency,0,,45.5264,45.5264,-122.4949417,-122.49494167,0,No Special Jurisdiction,30,Utility Pole/Light Support,0,Not a Collision with Motor Vehicle In-Transport,0,No,1,Non-Junction,1,Not an Intersection,0,,4,On Roadside,3,Dark - Lighted,98,Not Reported,0,No Additional Atmospheric Conditions,98,Not Reported,0,No,0000000,Not Applicable,1,1:00am-1:59am,54,54,1,1:00am-1:59am,54,54,88,Not Applicable (Not Transported),88,Not Applicable (Not Transported),0,,0,,0,,1,0
41,Oregon,410384,2,2,0,0,3,3,0,51,1650,9,9,8,August,2015,1,Sunday,2,2:00am-2:59am,41,41,0,This section IS NOT on the NHS,6,Local Street - Municipality,N WILLIAMS AVE,N MONROE ST,2,Urban,4,Minor Arterial,4,City or Municipal Highway Agency,0,,45.54536111,45.54536111,-122.6666667,-122.66666667,0,No Special Jurisdiction,12,Motor Vehicle In-Transport,98,Not Reported,0,No,2,Intersection,2,Four-Way Intersection,0,,1,On Roadway,2,Dark - Not Lighted,98,Not Reported,0,No Additional Atmospheric Conditions,98,Not Reported,0,No,0000000,Not Applicable,99,Unknown,99,Unknown,99,Unknown EMS Scene Arrival Hour,99,Unknown EMS Scene Arrival Minutes,99,Unknown,99,Unknown EMS Hospital Arrival Time,0,,0,,0,,1,1
41,Oregon,410385,1,1,0,0,1,1,0,9,0,19,19,8,August,2015,4,Wednesday,16,4:00pm-4:59pm,6,6,0,This section IS NOT on the NHS,4,County Road,CR-NICOLAI RD,,1,Rural,5,Major Collector,2,County Highway Agency,31,31,45.99021667,45.99021667,-122.9185278,-122.91852778,0,No Special Jurisdiction,1,Rollover/Overturn,0,Not a Collision with Motor Vehicle In-Transport,0,No,1,Non-Junction,1,Not an Intersection,0,,1,On Roadway,1,Daylight,98,Not Reported,0,No Additional Atmospheric Conditions,98,Not Reported,0,No,0000000,Not Applicable,99,Unknown,99,Unknown,99,Unknown EMS Scene Arrival Hour,99,Unknown EMS Scene Arrival Minutes,88,Not Applicable (Not Transported),88,Not Applicable (Not Transported),0,,0,,0,,1,0
41,Oregon,410386,1,1,0,0,2,2,0,47,1168,5,5,9,September,2015,7,Saturday,20,8:00pm-8:59pm,33,33,0,This section IS NOT on the NHS,6,Local Street - Municipality,VENTURA AVE NE,,2,Urban,5,Major Collector,4,City or Municipal Highway Agency,0,,44.99200833,44.99200833,-123.0387694,-123.03876944,0,No Special Jurisdiction,5,Fell/Jumped from Vehicle,0,Not a Collision with Motor Vehicle In-Transport,0,No,1,Non-Junction,1,Not an Intersection,0,,1,On Roadway,3,Dark - Lighted,1,Clear,0,No Additional Atmospheric Conditions,1,Clear,0,No,0000000,Not Applicable,99,Unknown,99,Unknown,99,Unknown EMS Scene Arrival Hour,99,Unknown EMS Scene Arrival Minutes,99,Unknown,99,Unknown EMS Hospital Arrival Time,0,,0,,0,,1,1
41,Oregon,410387,2,2,0,0,2,2,0,29,0,17,17,9,September,2015,5,Thursday,13,1:00pm-1:59pm,24,24,0,This section IS NOT on the NHS,4,County Road,CR-SAGE RD,,2,Urban,4,Minor Arterial,2,County Highway Agency,7,7,42.351925,42.351925,-122.899175,-122.899175,0,No Special Jurisdiction,12,Motor Vehicle In-Transport,2,Front-to-Front,0,No,1,Non-Junction,1,Not an Intersection,0,,1,On Roadway,1,Daylight,1,Clear,0,No Additional Atmospheric Conditions,1,Clear,0,No,0000000,Not Applicable,13,1:00pm-1:59pm,24,24,13,1:00pm-1:59pm,29,29,99,Unknown,99,Unknown EMS Hospital Arrival Time,0,,0,,0,,1,1
41,Oregon,410388,2,2,0,0,2,2,0,5,0,23,23,9,September,2015,4,Wednesday,7,7:00am-7:59am,58,58,1,This section IS ON the NHS,2,U.S. Highway,US-26 (ODOT 26),,1,Rural,3,Principal Arterial - Other,1,State Highway Agency,320,320,45.37718333,45.37718333,-122.1112806,-122.11128056,0,No Special Jurisdiction,57,Cable Barrier,0,Not a Collision with Motor Vehicle In-Transport,0,No,1,Non-Junction,1,Not an Intersection,0,,3,On Median,1,Daylight,1,Clear,0,No Additional Atmospheric Conditions,1,Clear,0,No,0000000,Not Applicable,7,7:00am-7:59am,58,58,99,Unknown EMS Scene Arrival Hour,99,Unknown EMS Scene Arrival Minutes,99,Unknown,99,Unknown EMS Hospital Arrival Time,0,,0,,0,,1,0
41,Oregon,410390,1,1,0,1,1,1,1,29,0,19,19,9,September,2015,7,Saturday,1,1:00am-1:59am,13,13,0,This section IS NOT on the NHS,4,County Road,CR-TABLE ROCK RD,,2,Urban,4,Minor Arterial,4,City or Municipal Highway Agency,40,40,42.40405,42.40405,-122.8853583,-122.88535833,0,No Special Jurisdiction,8,Pedestrian,0,Not a Collision with Motor Vehicle In-Transport,0,No,1,Non-Junction,1,Not an Intersection,0,,1,On Roadway,2,Dark - Not Lighted,98,Not Reported,0,No Additional Atmospheric Conditions,98,Not Reported,0,No,0000000,Not Applicable,1,1:00am-1:59am,14,14,1,1:00am-1:59am,18,18,88,Not Applicable (Not Transported),88,Not Applicable (Not Transported),0,,0,,0,,1,1
41,Oregon,410391,2,2,0,0,2,2,0,7,0,19,19,9,September,2015,7,Saturday,11,11:00am-11:59am,15,15,0,This section IS NOT on the NHS,3,State Highway,SR-202 (ODOT 102),,1,Rural,5,Major Collector,1,State Highway Agency,70,70,46.17134722,46.17134722,-123.8173444,-123.81734444,0,No Special Jurisdiction,12,Motor Vehicle In-Transport,6,Angle,0,No,1,Non-Junction,1,Not an Intersection,0,,1,On Roadway,1,Daylight,1,Clear,0,No Additional Atmospheric Conditions,1,Clear,0,No,0000000,Not Applicable,11,11:00am-11:59am,18,18,11,11:00am-11:59am,45,45,99,Unknown,99,Unknown EMS Hospital Arrival Time,0,,0,,0,,1,0
41,Oregon,410392,1,1,0,0,2,2,0,33,0,22,22,9,September,2015,3,Tuesday,14,2:00pm-2:59pm,35,35,1,This section IS ON the NHS,2,U.S. Highway,US-199 (ODOT 25),,1,Rural,3,Principal Arterial - Other,1,State Highway Agency,130,130,42.36386111,42.36386111,-123.5324889,-123.53248889,0,No Special Jurisdiction,1,Rollover/Overturn,0,Not a Collision with Motor Vehicle In-Transport,0,No,1,Non-Junction,1,Not an Intersection,0,,4,On Roadside,1,Daylight,1,Clear,0,No Additional Atmospheric Conditions,1,Clear,0,No,0000000,Not Applicable,14,2:00pm-2:59pm,36,36,14,2:00pm-2:59pm,51,51,99,Unknown,99,Unknown EMS Hospital Arrival Time,0,,0,,0,,1,0
41,Oregon,410393,1,1,0,1,1,1,1,47,1168,25,25,9,September,2015,6,Friday,7,7:00am-7:59am,38,38,0,This section IS NOT on the NHS,6,Local Street - Municipality,CHEMAWA RD N,,2,Urban,4,Minor Arterial,4,City or Municipal Highway Agency,0,,44.99699722,44.99699722,-123.035225,-123.035225,0,No Special Jurisdiction,8,Pedestrian,0,Not a Collision with Motor Vehicle In-Transport,0,No,1,Non-Junction,1,Not an Intersection,0,,1,On Roadway,1,Daylight,98,Not Reported,0,No Additional Atmospheric Conditions,98,Not Reported,0,No,0000000,Not Applicable,99,Unknown,99,Unknown,99,Unknown EMS Scene Arrival Hour,99,Unknown EMS Scene Arrival Minutes,99,Unknown,99,Unknown EMS Hospital Arrival Time,0,,0,,0,,1,0
41,Oregon,410394,2,2,0,0,3,3,0,9,1790,27,27,9,September,2015,1,Sunday,16,4:00pm-4:59pm,30,30,0,This section IS NOT on the NHS,6,Local Street - Municipality,OLD PORTLAND RD,,2,Urban,5,Major Collector,4,City or Municipal Highway Agency,0,,45.84704722,45.84704722,-122.8190694,-122.81906944,0,No Special Jurisdiction,12,Motor Vehicle In-Transport,2,Front-to-Front,0,No,1,Non-Junction,1,Not an Intersection,0,,1,On Roadway,1,Daylight,98,Not Reported,0,No Additional Atmospheric Conditions,98,Not Reported,0,No,0000000,Not Applicable,99,Unknown,99,Unknown,99,Unknown EMS Scene Arrival Hour,99,Unknown EMS Scene Arrival Minutes,99,Unknown,99,Unknown EMS Hospital Arrival Time,0,,0,,0,,1,1
41,Oregon,410395,1,1,0,1,1,1,1,11,0,29,29,9,September,2015,3,Tuesday,16,4:00pm-4:59pm,33,33,0,This section IS NOT on the NHS,4,County Road,CR-LIBBY RD,,2,Urban,5,Major Collector,2,County Highway Agency,52,52,43.34107222,43.34107222,-124.3099444,-124.30994444,0,No Special Jurisdiction,8,Pedestrian,0,Not a Collision with Motor Vehicle In-Transport,0,No,1,Non-Junction,1,Not an Intersection,0,,1,On Roadway,1,Daylight,98,Not Reported,0,No Additional Atmospheric Conditions,98,Not Reported,0,No,0000000,Not Applicable,16,4:00pm-4:59pm,33,33,16,4:00pm-4:59pm,41,41,88,Not Applicable (Not Transported),88,Not Applicable (Not Transported),0,,0,,0,,1,0
41,Oregon,410396,1,1,0,1,1,1,1,51,880,29,29,11,November,2015,1,Sunday,3,3:00am-3:59am,20,20,1,This section IS ON the NHS,6,Local Street - Municipality,NE BURNSIDE RD,,2,Urban,3,Principal Arterial - Other,4,City or Municipal Highway Agency,0,,45.50388333,45.50388333,-122.4163556,-122.41635556,0,No Special Jurisdiction,8,Pedestrian,0,Not a Collision with Motor Vehicle In-Transport,0,No,1,Non-Junction,1,Not an Intersection,0,,1,On Roadway,3,Dark - Lighted,10,Cloudy,0,No Additional Atmospheric Conditions,10,Cloudy,0,No,0000000,Not Applicable,99,Unknown,99,Unknown,99,Unknown EMS Scene Arrival Hour,99,Unknown EMS Scene Arrival Minutes,88,Not Applicable (Not Transported),88,Not Applicable (Not Transported),0,,0,,0,,1,0
41,Oregon,410397,2,2,0,0,4,4,0,19,0,29,29,12,December,2015,3,Tuesday,0,0:00am-0:59am,20,20,1,This section IS ON the NHS,1,Interstate,I-5,,1,Rural,1,Interstate,1,State Highway Agency,1500,1500,43.561775,43.561775,-123.2810806,-123.28108056,0,No Special Jurisdiction,12,Motor Vehicle In-Transport,2,Front-to-Front,0,No,1,Non-Junction,1,Not an Intersection,0,,1,On Roadway,2,Dark - Not Lighted,10,Cloudy,0,No Additional Atmospheric Conditions,10,Cloudy,0,No,0000000,Not Applicable,0,0:00am-0:59am,20,20,0,0:00am-0:59am,25,25,99,Unknown,99,Unknown EMS Hospital Arrival Time,0,,0,,0,,1,1
41,Oregon,410398,1,1,0,0,3,3,0,61,0,29,29,12,December,2015,3,Tuesday,14,2:00pm-2:59pm,54,54,0,This section IS NOT on the NHS,4,County Road,CR-MILLER LN,CR-CURTIS RD,1,Rural,7,Local,2,County Highway Agency,0,,45.22377778,45.22377778,-117.929925,-117.929925,0,No Special Jurisdiction,10,Railway Vehicle,0,Not a Collision with Motor Vehicle In-Transport,0,No,6,Railway Grade Crossing,1,Not an Intersection,0,,1,On Roadway,1,Daylight,10,Cloudy,0,No Additional Atmospheric Conditions,10,Cloudy,0,No,9999999,Unknown,15,3:00pm-3:59pm,56,56,14,2:00pm-2:59pm,7,7,88,Not Applicable (Not Transported),88,Not Applicable (Not Transported),0,,0,,0,,3,0
41,Oregon,410399,2,2,0,0,2,2,0,53,0,31,31,12,December,2015,5,Thursday,9,9:00am-9:59am,11,11,1,This section IS ON the NHS,3,State Highway,SR-22W (ODOT 30),,1,Rural,3,Principal Arterial - Other,1,State Highway Agency,50,50,45.01480833,45.01480833,-123.4163972,-123.41639722,0,No Special Jurisdiction,12,Motor Vehicle In-Transport,6,Angle,0,No,1,Non-Junction,1,Not an Intersection,0,,1,On Roadway,1,Daylight,10,Cloudy,0,No Additional Atmospheric Conditions,10,Cloudy,0,No,0000000,Not Applicable,9,9:00am-9:59am,16,16,9,9:00am-9:59am,25,25,99,Unknown,99,Unknown EMS Hospital Arrival Time,0,,0,,0,,1,0
41,Oregon,410400,2,2,0,0,2,2,0,35,0,2,2,11,November,2015,2,Monday,0,0:00am-0:59am,21,21,0,This section IS NOT on the NHS,4,County Road,CR-LAKESHORE DR,,2,Urban,5,Major Collector,2,County Highway Agency,37,37,42.23303056,42.23303056,-121.8251111,-121.82511111,0,No Special Jurisdiction,12,Motor Vehicle In-Transport,6,Angle,0,No,8,Driveway Access Related,1,Not an Intersection,0,,1,On Roadway,2,Dark - Not Lighted,98,Not Reported,0,No Additional Atmospheric Conditions,98,Not Reported,0,No,0000000,Not Applicable,0,0:00am-0:59am,21,21,0,0:00am-0:59am,35,35,99,Unknown,99,Unknown EMS Hospital Arrival Time,0,,0,,0,,1,0
41,Oregon,410401,1,1,0,0,1,1,0,11,0,30,30,10,October,2015,6,Friday,20,8:00pm-8:59pm,30,30,0,This section IS NOT on the NHS,4,County Road,CR-GLEN CREEK LN,,1,Rural,5,Major Collector,2,County Highway Agency,15,15,43.4827,43.4827,-123.9332278,-123.93322778,0,No Special Jurisdiction,1,Rollover/Overturn,0,Not a Collision with Motor Vehicle In-Transport,0,No,1,Non-Junction,1,Not an Intersection,0,,4,On Roadside,2,Dark - Not Lighted,98,Not Reported,0,No Additional Atmospheric Conditions,98,Not Reported,0,No,0000000,Not Applicable,10,10:00am-10:59am,47,47,11,11:00am-11:59am,21,21,88,Not Applicable (Not Transported),88,Not Applicable (Not Transported),0,,0,,0,,1,0
41,Oregon,410402,2,2,0,1,2,2,1,19,0,13,13,11,November,2015,6,Friday,21,9:00pm-9:59pm,44,44,1,This section IS ON the NHS,3,State Highway,SR-42 (ODOT 35),,2,Urban,3,Principal Arterial - Other,1,State Highway Agency,756,756,43.10759722,43.10759722,-123.5308667,-123.53086667,0,No Special Jurisdiction,8,Pedestrian,0,Not a Collision with Motor Vehicle In-Transport,0,No,1,Non-Junction,1,Not an Intersection,0,,1,On Roadway,2,Dark - Not Lighted,1,Clear,0,No Additional Atmospheric Conditions,1,Clear,0,No,0000000,Not Applicable,99,Unknown,99,Unknown,99,Unknown EMS Scene Arrival Hour,99,Unknown EMS Scene Arrival Minutes,88,Not Applicable (Not Transported),88,Not Applicable (Not Transported),0,,0,,0,,1,0
41,Oregon,410403,1,1,0,0,2,2,0,33,0,20,20,11,November,2015,6,Friday,9,9:00am-9:59am,14,14,0,This section IS NOT on the NHS,3,State Highway,SR-46 (ODOT 38),,1,Rural,5,Major Collector,1,State Highway Agency,50,50,42.11943333,42.11943333,-123.6099778,-123.60997778,0,No Special Jurisdiction,42,Tree (Standing Only),0,Not a Collision with Motor Vehicle In-Transport,0,No,1,Non-Junction,1,Not an Intersection,0,,4,On Roadside,1,Daylight,98,Not Reported,0,No Additional Atmospheric Conditions,98,Not Reported,0,No,0000000,Not Applicable,9,9:00am-9:59am,14,14,9,9:00am-9:59am,15,15,99,Unknown,99,Unknown EMS Hospital Arrival Time,0,,0,,0,,1,0
41,Oregon,410404,1,1,0,0,2,2,0,71,0,28,28,11,November,2015,7,Saturday,15,3:00pm-3:59pm,54,54,0,This section IS NOT on the NHS,4,County Road,CR-SE BURNS RD,,1,Rural,7,Local,2,County Highway Agency,5,5,45.15147222,45.15147222,-123.1906694,-123.19066944,0,No Special Jurisdiction,1,Rollover/Overturn,0,Not a Collision with Motor Vehicle In-Transport,0,No,1,Non-Junction,1,Not an Intersection,0,,4,On Roadside,1,Daylight,1,Clear,0,No Additional Atmospheric Conditions,1,Clear,0,No,0000000,Not Applicable,15,3:00pm-3:59pm,54,54,15,3:00pm-3:59pm,58,58,99,Unknown,99,Unknown EMS Hospital Arrival Time,0,,0,,0,,1,1
41,Oregon,410405,1,1,0,0,1,1,0,31,0,30,30,11,November,2015,2,Monday,23,11:00pm-11:59pm,2,2,0,This section IS NOT on the NHS,4,County Road,CR-TENINO RD S,,1,Rural,6,Minor Collector,2,County Highway Agency,0,,44.75854444,44.75854444,-121.2665944,-121.26659444,0,No Special Jurisdiction,1,Rollover/Overturn,0,Not a Collision with Motor Vehicle In-Transport,0,No,1,Non-Junction,1,Not an Intersection,0,,4,On Roadside,2,Dark - Not Lighted,98,Not Reported,0,No Additional Atmospheric Conditions,98,Not Reported,0,No,0000000,Not Applicable,99,Unknown,99,Unknown,99,Unknown EMS Scene Arrival Hour,99,Unknown EMS Scene Arrival Minutes,88,Not Applicable (Not Transported),88,Not Applicable (Not Transported),0,,0,,0,,1,1
41,Oregon,410406,1,1,0,0,1,1,0,31,0,6,6,12,December,2015,1,Sunday,15,3:00pm-3:59pm,55,55,0,This section IS NOT on the NHS,4,County Road,CR-JACKSON TRAIL RD,,1,Rural,6,Minor Collector,50,Indian Tribe Nation,0,,44.74815,44.74815,-121.2271167,-121.22711667,3,Indian Reservation,99,Unknown,98,Not Reported,0,No,98,Not Reported,98,Not Reported,0,,98,Not Reported,1,Daylight,98,Not Reported,0,No Additional Atmospheric Conditions,98,Not Reported,0,No,8888888,8888888,99,Unknown,99,Unknown,99,Unknown EMS Scene Arrival Hour,99,Unknown EMS Scene Arrival Minutes,88,Not Applicable (Not Transported),88,Not Applicable (Not Transported),0,,0,,0,,1,1
41,Oregon,410407,1,1,0,0,2,2,0,9,0,9,9,12,December,2015,4,Wednesday,13,1:00pm-1:59pm,20,20,0,This section IS NOT on the NHS,4,County Road,CR-LOST CREEK RD,,1,Rural,6,Minor Collector,2,County Highway Agency,0,,46.09689167,46.09689167,-123.0745694,-123.07456944,0,No Special Jurisdiction,3,Immersion or Partial Immersion,0,Not a Collision with Motor Vehicle In-Transport,0,No,1,Non-Junction,1,Not an Intersection,0,,1,On Roadway,1,Daylight,2,Rain,0,No Additional Atmospheric Conditions,2,Rain,0,No,0000000,Not Applicable,99,Unknown,99,Unknown,99,Unknown EMS Scene Arrival Hour,99,Unknown EMS Scene Arrival Minutes,99,Unknown,99,Unknown EMS Hospital Arrival Time,0,,0,,0,,1,0
41,Oregon,410408,1,1,0,0,1,1,0,39,0,13,13,12,December,2015,1,Sunday,19,7:00pm-7:59pm,30,30,0,This section IS NOT on the NHS,4,County Road,CR-ROW RIVER RD,,1,Rural,5,Major Collector,2,County Highway Agency,32,32,43.79233056,43.79233056,-123.033025,-123.033025,0,No Special Jurisdiction,1,Rollover/Overturn,0,Not a Collision with Motor Vehicle In-Transport,0,No,1,Non-Junction,1,Not an Intersection,0,,4,On Roadside,2,Dark - Not Lighted,2,Rain,0,No Additional Atmospheric Conditions,2,Rain,0,No,0000000,Not Applicable,99,Unknown,99,Unknown,99,Unknown EMS Scene Arrival Hour,99,Unknown EMS Scene Arrival Minutes,99,Unknown,99,Unknown EMS Hospital Arrival Time,0,,0,,0,,1,1
41,Oregon,410409,1,1,0,0,1,1,0,15,0,13,13,12,December,2015,1,Sunday,2,2:00am-2:59am,30,30,0,This section IS NOT on the NHS,4,County Road,CR-CEDAR VALLEY RD,,1,Rural,5,Major Collector,2,County Highway Agency,10,10,42.55083056,42.55083056,-124.3733972,-124.37339722,0,No Special Jurisdiction,3,Immersion or Partial Immersion,0,Not a Collision with Motor Vehicle In-Transport,0,No,1,Non-Junction,1,Not an Intersection,0,,4,On Roadside,2,Dark - Not Lighted,98,Not Reported,0,No Additional Atmospheric Conditions,98,Not Reported,0,No,0000000,Not Applicable,99,Unknown,99,Unknown,99,Unknown EMS Scene Arrival Hour,99,Unknown EMS Scene Arrival Minutes,88,Not Applicable (Not Transported),88,Not Applicable (Not Transported),0,,0,,0,,1,1
41,Oregon,410410,1,1,0,0,1,1,0,39,0,16,16,12,December,2015,4,Wednesday,99,Unknown Hours,99,Unknown Minutes,0,This section IS NOT on the NHS,4,County Road,CR-HIGH PASS RD,,1,Rural,5,Major Collector,2,County Highway Agency,32,32,99.9999,Unknown,999.9999,Unknown,0,No Special Jurisdiction,3,Immersion or Partial Immersion,0,Not a Collision with Motor Vehicle In-Transport,0,No,1,Non-Junction,1,Not an Intersection,0,,4,On Roadside,9,Unknown,98,Not Reported,0,No Additional Atmospheric Conditions,98,Not Reported,0,No,0000000,Not Applicable,99,Unknown,99,Unknown,99,Unknown EMS Scene Arrival Hour,99,Unknown EMS Scene Arrival Minutes,88,Not Applicable (Not Transported),88,Not Applicable (Not Transported),0,,0,,0,,1,1
41,Oregon,410411,1,1,0,0,2,2,0,39,0,18,18,12,December,2015,6,Friday,2,2:00am-2:59am,44,44,0,This section IS NOT on the NHS,6,Local Street - Municipality,GLENWOOD DR,BRACKENFERN RD,2,Urban,5,Major Collector,2,County Highway Agency,0,,44.03416944,44.03416944,-123.0443778,-123.04437778,0,No Special Jurisdiction,1,Rollover/Overturn,0,Not a Collision with Motor Vehicle In-Transport,0,No,3,Intersection-Related,2,Four-Way Intersection,0,,4,On Roadside,2,Dark - Not Lighted,10,Cloudy,0,No Additional Atmospheric Conditions,10,Cloudy,0,No,0000000,Not Applicable,2,2:00am-2:59am,43,43,2,2:00am-2:59am,51,51,99,Unknown,99,Unknown EMS Hospital Arrival Time,0,,0,,0,,1,1
41,Oregon,410412,1,1,0,0,1,1,0,33,0,26,26,12,December,2015,7,Saturday,15,3:00pm-3:59pm,8,8,0,This section IS NOT on the NHS,4,County Road,CR-JEROME PRAIRIE RD,,1,Rural,7,Local,2,County Highway Agency,22,22,42.3896,42.3896,-123.4066611,-123.40666111,0,No Special Jurisdiction,3,Immersion or Partial Immersion,0,Not a Collision with Motor Vehicle In-Transport,0,No,1,Non-Junction,1,Not an Intersection,0,,4,On Roadside,1,Daylight,98,Not Reported,0,No Additional Atmospheric Conditions,98,Not Reported,0,No,0000000,Not Applicable,15,3:00pm-3:59pm,6,6,15,3:00pm-3:59pm,12,12,88,Not Applicable (Not Transported),88,Not Applicable (Not Transported),0,,0,,0,,1,1
41,Oregon,410413,1,1,0,1,1,1,1,47,1810,29,29,12,December,2015,3,Tuesday,17,5:00pm-5:59pm,42,42,1,This section IS ON the NHS,3,State Highway,SR-22 (ODOT 72),FORD ST SE,2,Urban,3,Principal Arterial - Other,1,State Highway Agency,72,72,44.92495556,44.92495556,-123.0159167,-123.01591667,0,No Special Jurisdiction,8,Pedestrian,0,Not a Collision with Motor Vehicle In-Transport,0,No,3,Intersection-Related,3,T-Intersection,0,,1,On Roadway,3,Dark - Lighted,1,Clear,0,No Additional Atmospheric Conditions,1,Clear,0,No,0000000,Not Applicable,17,5:00pm-5:59pm,43,43,17,5:00pm-5:59pm,46,46,99,Unknown,99,Unknown EMS Hospital Arrival Time,0,,0,,0,,1,0
41,Oregon,410414,2,2,0,1,2,2,1,53,0,30,30,12,December,2015,4,Wednesday,18,6:00pm-6:59pm,41,41,0,This section IS NOT on the NHS,4,County Road,CR-HOFFMAN RD,,2,Urban,5,Major Collector,2,County Highway Agency,12,12,44.86374722,44.86374722,-123.215275,-123.215275,0,No Special Jurisdiction,9,Pedalcyclist,0,Not a Collision with Motor Vehicle In-Transport,0,No,1,Non-Junction,1,Not an Intersection,0,,1,On Roadway,2,Dark - Not Lighted,1,Clear,0,No Additional Atmospheric Conditions,1,Clear,0,No,0000000,Not Applicable,18,6:00pm-6:59pm,41,41,99,Unknown EMS Scene Arrival Hour,99,Unknown EMS Scene Arrival Minutes,88,Not Applicable (Not Transported),88,Not Applicable (Not Transported),14,"Motor Vehicle struck by falling cargo,or something that came loose from or something that was set in motion by a vehicle",0,,0,,1,1
41,Oregon,410415,1,1,0,1,1,1,1,11,1510,31,31,12,December,2015,5,Thursday,1,1:00am-1:59am,35,35,1,This section IS ON the NHS,2,U.S. Highway,US-101 (ODOT 9),,2,Urban,3,Principal Arterial - Other,1,State Highway Agency,2350,2350,43.40465833,43.40465833,-124.2233389,-124.22333889,0,No Special Jurisdiction,8,Pedestrian,0,Not a Collision with Motor Vehicle In-Transport,0,No,1,Non-Junction,1,Not an Intersection,0,,1,On Roadway,2,Dark - Not Lighted,98,Not Reported,0,No Additional Atmospheric Conditions,98,Not Reported,0,No,0000000,Not Applicable,1,1:00am-1:59am,35,35,1,1:00am-1:59am,39,39,88,Not Applicable (Not Transported),88,Not Applicable (Not Transported),0,,0,,0,,1,1
